product_id,isbn,publisher_id,publish_date,edition,language,page_count
1,9787111000001,1,2023-08-01,第6版,中文,420
2,9787111000002,2,2022-05-15,第1版,中文,720
3,9787111000003,3,2021-11-20,第1版,中文,360
6,9780072283631,1887,,,eng,840
7,9780321369574,1298,,,eng,1030
8,9780131225206,1322,,,eng,528
9,9780357673034,339,,,eng,812
10,9783030262532,1644,,,"eng,ger",691
11,9780201144710,52,,,eng,639
12,9781403916013,1002,,,"eng,und",420
13,9780760049044,417,,,eng,796
14,9780131873254,1322,,,eng,1152
15,9780071217620,1060,,,eng,694
16,9780321210258,56,,,eng,1374
17,9780072958867,1077,,,eng,1168
18,9780136086208,56,,,eng,1172
19,9780071148108,1058,,,,848
20,9780321415066,1316,,,eng,1089
21,9780321228383,56,,,eng,980
22,9780201684193,56,,,eng,938
23,9780132943260,51,,,eng,1338
24,9780914894131,1371,,,eng,484
25,9781405825160,1316,,,"eng,und",531
26,9780134123837,1307,,,eng,1079
27,9780130484406,1329,,,eng,608
28,9780131757387,1404,,,eng,525
29,9780763771447,913,,,eng,539
30,9780716780328,396,,,eng,626
31,9780134092669,1298,,,eng,1128
32,9789173723336,365,,,eng,150
33,9780262640688,998,,,eng,344
34,9781118858356,1925,,,eng,768
35,9780201612530,51,,,eng,584
36,9780262140874,1754,,,,
37,9780262012577,1754,,,eng,192
38,9780132014007,1404,,,eng,629
39,9781482231069,1737,,,eng,445
40,9780262132299,998,,,eng,292
41,9781118009918,1930,,,eng,320
42,9780137305070,1404,,,eng,386
43,9789390457151,1952,,,"hin,eng",
44,9781593275907,1983,,,"eng,pol",192
45,9780132269933,1307,,,eng,1077
46,9789354973765,1239,,,eng,
47,9781887902991,628,,,eng,528
48,9788173667381,1590,,,"eng,ger",591
49,9798846955790,829,,,eng,
50,9781951339944,1372,,,,180
51,9781542988940,427,,,eng,98
52,9781543252217,427,,,eng,384
53,9789332585348,1249,,,,
54,9780815394372,1737,,,eng,444
55,9781284175554,917,,,eng,498
56,9781032028491,1737,,,eng,316
57,9781943872749,1135,,,eng,564
58,9798722827302,829,,,eng,
59,9789350232873,1205,,,eng,1584
60,9781521432341,1098,,,eng,
61,9781890774974,1136,,,eng,590
62,9780393034264,1186,,,eng,866
63,9781548127596,427,,,"eng,spa",50
64,9781539004950,1700,,,"ger,eng,rus",545
65,9781977930231,259,,,"eng,spa,und",256
66,9781497354975,644,,,"cor,ger,heb",248
67,9798681983439,1166,,,"ger,heb,slv",226
68,9781847498014,1989,,,"ger,eng,kor",237
69,9798461321680,1147,,,"fre,eng",286
70,9781507585559,382,,,"ger,eng,kor",98
71,9798463083326,122,,,"ger,heb,pol",272
72,9782070586646,1924,,,"ger,eng,kor",284
73,9780198600817,1237,,,eng,615
74,9781070647005,13,,,"heb,chi,eng",194
75,9780815401766,405,,,eng,1701
76,9781512151275,427,,,eng,70
77,9780198661030,380,,,eng,468
78,9781975717766,1138,,,eng,244
79,9781136736599,1506,,,eng,432
80,9798442512304,763,,,eng,38
81,9780393656022,1187,,,eng,1376
82,9780393152494,1884,,,eng,1896
83,9780393913347,1885,,,eng,1504
84,9780312402624,199,,,eng,1150
85,9780030514098,762,,,eng,1504
86,9789994911233,182,,,eng,283
87,9781521308578,180,,,"glg,jpn,cze",241
88,9780785418283,92,,,eng,464
89,9780691049854,1416,,,eng,324
90,9783257201710,968,,,"ger,eng,mon",206
91,9780393977592,1871,,,eng,563
92,9780844254814,1153,,,eng,
93,9780393924510,1872,,,eng,
94,9780844254821,1153,,,eng,884
95,9780333427941,1286,,,eng,1206
96,9780130508362,1391,,,eng,
97,9780060037505,712,,,eng,1240
98,9780030791796,760,,,eng,1674
99,9798696445403,172,,,"ger,eng,spa",238
100,9781508284987,1599,,,eng,320
101,9781476791456,338,,,"tur,spa,eng",320
102,9780062439598,1256,,,eng,379
103,9788417108588,1568,,,"spa,fre,eng",240
104,9798705893843,1601,,,eng,480
105,9788497934893,1469,,,"eng,ita,spa",432
106,9782264012739,74,,,"heb,eng,spa",256
107,9788466679299,1727,,,"eng,spa",448
108,9783499249570,1450,,,"eng,ita,por",1104
109,9788467202281,1458,,,"spa,ger,eng",546
110,9781784877361,1836,,,"fre,spa,ger",176
111,9780061492570,559,,,"rus,ger,eng",160
112,9780061835575,713,,,eng,304
113,9780804179034,1002,,,eng,438
114,9785170178285,28,,,"spa,eng,fre",719
115,9788501105738,642,,,"tur,por,eng",344
116,9783423147231,1342,,,"ger,eng",384
117,9780525951117,1335,,,eng,540
118,9788499899657,657,,,"eng,pol,ger",400
119,9788535918502,238,,,"swe,spa,eng",307
120,9781337694193,414,1990-01-01,,"eng,und",889
121,9782221082492,184,1990-01-01,,"eng,fre,por",395
122,9788835720010,1535,1968-01-01,,"eng,rus,fre",236
123,9780385312103,102,1984-01-01,,"eng,tur",456
124,9781119485544,1938,2004-01-01,,"ger,eng",396
125,9780137909100,1100,1999-01-01,,eng,393
126,9781841490953,719,1988-01-01,,"ger,eng,fre",320
127,9781593272821,2011,2009-01-01,,eng,446
128,9781119030263,1929,2000-01-01,,eng,537
129,9783540423423,1543,1985-01-01,,"ger,eng,chi",542
130,9781464193828,1882,1982-01-01,,eng,729
131,9780070534773,1731,1994-01-01,,eng,549
132,9780795302565,1574,1952-01-01,,"rus,eng,ger",295
133,9780199678112,1720,2014-01-01,,"spa,ger,por",352
134,9780593599730,1470,1992-01-01,,"fre,ger,por",460
135,9783453161818,1176,1997-01-01,,"eng,ger",352
136,9789811568503,1543,2013-01-01,,eng,474
137,9781873981962,1770,1989-01-01,,eng,580
138,9780324788594,414,1995-01-01,,eng,724
139,9780517169049,667,1987-01-01,,"ger,eng,fre",279
140,9780130767097,56,1997-01-01,,eng,480
141,9780615459813,2027,2011-01-01,,eng,455
142,9781418860363,1774,1996-01-01,,"eng,spa",336
143,9783453038868,1867,1987-01-01,,"por,ita,dan",320
144,9780929306377,1596,2006-01-01,,eng,694
145,9780465097609,1337,2018-01-01,,eng,425
146,9781264268948,1072,2004-01-01,,eng,595
147,9780553294385,610,1950-01-01,,"chi,por,ita",245
148,9783442151776,657,1999-01-01,,"ger,eng,spa",159
149,9780997316025,384,2017-01-01,,eng,180
150,9780273752769,1248,1996-01-01,,eng,1104
151,9780073229720,1052,1988-01-01,,"eng,und",720
152,9780387955759,1678,1986-01-01,,"und,eng",557
153,9780990582908,647,2011-01-01,,eng,327
154,9780201403473,61,1992-01-01,,eng,524
155,9780321524034,51,1985-01-01,,eng,517
156,9783897214910,1242,1996-01-01,,"fre,ger,rus",987
157,9780071072830,1047,1997-01-01,,eng,624
158,9780131176867,1009,1984-01-01,,eng,687
159,9780080490281,580,1995-01-01,,eng,345
160,9780132577632,1316,2011-01-01,,eng,1250
161,9788173664793,1591,2002-01-01,,eng,757
162,9781593273897,1180,2011-01-01,,eng,498
163,9780201485677,60,1999-01-01,,,
164,9780132297516,1391,1996-01-01,,eng,523
165,9781562763640,1995,1993-01-01,,"eng,chi",399
166,9781442346949,845,2011-01-01,,"spa,fre,rus",665
167,9788576577652,518,2018-01-01,,"bul,por,eng",158
168,9780521199568,322,2013-01-01,,eng,369
169,9781857988369,1224,1968-01-01,,eng,576
170,9780070651500,2019,1976-01-01,,eng,861
171,9780321125217,56,2003-01-01,,eng,529
172,9780060575489,137,1999-01-01,,"fre,spa,eng",864
173,9780195692327,1235,2008-01-01,,eng,406
174,9781471138799,519,2014-01-01,,"eng,spa",583
175,9780198507178,1241,1985-01-01,,eng,480
176,9780124116443,581,2011-01-01,,eng,192
177,9780131273238,1316,1988-01-01,,eng,772
178,9781136443220,587,2008-01-01,,eng,166
179,9781565928282,1200,1990-01-01,,"eng,fre",645
180,9780131201170,1446,1999-01-01,,eng,952
181,9783319183015,1543,2015-01-01,,eng,296
182,9780132835541,1316,2002-01-01,,eng,508
183,9789811389610,1658,2015-01-01,,eng,180
184,9781491946008,1205,2015-01-01,,eng,821
185,9780131878860,52,2004-01-01,,eng,649
186,9780451231895,541,2010-01-01,,"eng,fre",416
187,9780321467836,54,2006-01-01,,eng,408
188,9788490705797,152,2015-01-01,,eng,384
189,9786191933365,1482,2017-01-01,,"eng,por,fin",158
190,9780262337434,998,2016-01-01,,eng,800
191,9780357124833,414,2019-01-01,,eng,500
192,9781000719383,310,1996-01-01,,eng,500
193,9780131679955,1322,1998-01-01,,eng,545
194,9781530051120,829,2016-01-01,,"eng,spa",255
195,9781953953315,1697,1996-01-01,,eng,376
196,9783826697005,31,1995-01-01,,"dut,ger,eng",395
197,9780694521302,709,1999-01-01,,eng,448
198,9783527500215,1950,2000-01-01,,"eng,ger",440
199,9780990582953,647,2021-01-01,,eng,753
200,9780201498400,56,1993-01-01,,eng,511
201,9783423621670,623,1999-01-01,,"spa,tur,ger",416
202,9788177589795,1311,1998-01-01,,eng,656
203,9781449388966,1204,2010-01-01,,eng,256
204,9781118124536,1929,2010-01-01,,eng,664
205,9780786521951,1337,2001-01-01,,eng,356
206,9781292024844,1298,1996-01-01,,eng,544
207,9780534374808,414,1997-01-01,,eng,914
208,9780120121342,41,1971-01-01,,eng,377
209,9780697268518,913,1984-01-01,,"eng,und",549
210,9780534951238,1266,1998-01-01,,eng,720
211,9787302072898,322,2000-01-01,,"eng,chi",676
212,9780080502571,585,2004-01-01,,eng,816
213,9782367935188,565,2018-01-01,,"eng,bul,fre",163
214,9783031425042,1543,2012-01-01,,eng,754
215,9780321189035,51,1997-01-01,,eng,832
216,9781593272906,1180,2012-01-01,,eng,800
217,9780307887436,1435,2008-01-01,,"heb,srp,eng",462
218,9780763717605,892,2002-01-01,,eng,672
219,9780131218048,1322,2002-01-01,,eng,880
220,9783849523244,427,1992-01-01,,eng,314
221,9781999579517,1584,2019-01-01,,eng,160
222,9780072224603,1232,2002-01-01,,eng,336
223,9788120311770,1408,2000-01-01,,eng,672
224,9781118549186,1935,2012-01-01,,eng,525
225,9780547540306,1809,1990-01-01,,eng,353
226,9783319771120,823,2003-01-01,,eng,616
227,9780140071948,741,1984-01-01,,eng,627
228,9780070380011,1722,1986-01-01,,eng,344
229,9780201591187,56,1995-01-01,,eng,748
230,9780132004114,1404,1990-01-01,,eng,662
231,9780070176034,1056,1972-01-01,,eng,488
232,9780716782711,759,1993-01-01,,eng,468
233,9780684818627,1782,1991-01-01,,"eng,chi",379
234,9781800568631,1277,2021-01-01,,eng,493
235,9781452654126,689,1988-01-01,,eng,271
236,9781492045496,2022,2020-01-01,,eng,624
237,9781501999994,1796,2018-01-01,,"eng,bul,por",182
238,9780132774659,1140,2002-01-01,,eng,624
239,9781322983059,1737,2015-01-01,,eng,486
240,9780134076423,1316,2016-01-01,,eng,1168
241,9781491977088,1201,2017-01-01,,eng,287
242,9780195671544,1237,2005-01-01,,eng,614
243,9780534949747,414,1995-01-01,,eng,635
244,9781614704553,1193,2010-01-01,,eng,198
245,9783030491635,1648,2006-01-01,,eng,520
246,9780132157162,1404,1985-01-01,,"eng,spa",625
247,9780387216065,1543,2001-01-01,,eng,549
248,9780134444284,521,2006-01-01,,eng,724
249,9780130224187,1404,1976-01-01,,eng,366
250,9781337285100,414,2017-01-01,,eng,536
251,9781119561484,906,2019-01-01,,eng,400
252,9788177588262,56,1983-01-01,,eng,427
253,9780201726343,51,1985-01-01,,eng,833
254,9780123819611,1120,2007-01-01,,eng,360
255,9781478632306,899,2000-01-01,,eng,640
256,9781133190035,339,2010-01-01,,eng,440
257,9781119362395,1930,2018-01-01,,eng,784
258,9781638352044,1026,2017-01-01,,eng,384
259,9788192107592,328,2015-01-01,,,494
260,9788758804118,1729,1984-01-01,,"spa,nor,ger",317
261,9780134763507,1322,2009-01-01,,eng,1234
262,9781576107775,410,2000-01-01,,eng,832
263,9780521337533,322,1988-01-01,,eng,384
264,9780201924886,56,1991-01-01,,eng,240
265,9780753812624,463,1998-01-01,,eng,170
266,9780471407829,885,2001-01-01,,eng,689
267,9780134038179,56,2014-01-01,,eng,1228
268,9789332563292,1322,2005-01-01,,"eng,por",1498
269,9780521880374,322,2008-01-01,,eng,464
270,9780534151805,414,1991-01-01,,eng,508
271,9781119621508,138,2015-01-01,,"por,eng",288
272,9781783555130,1277,2015-01-01,,eng,537
273,9783827370204,1327,1979-01-01,,"ger,eng",525
274,9781283870801,322,1998-01-01,,eng,220
275,9781337251853,1729,2003-01-01,,eng,648
276,9780716782926,1873,1993-01-01,,eng,635
277,9780137056323,1316,2002-01-01,,"por,eng",748
278,9781549126208,1423,2019-01-01,,eng,272
279,9780128051580,43,2012-01-01,,eng,282
280,9780933113022,400,1986-01-01,,eng,600
281,9780007352012,1798,2010-01-01,,eng,478
282,9780070653092,1113,1987-01-01,,eng,648
283,9780134865874,1103,2015-01-01,,eng,677
284,9780072865516,1077,1996-01-01,,eng,628
285,9780770436179,438,2014-01-01,,eng,448
286,9781473787322,339,2017-01-01,,eng,
287,9780441016075,44,2007-01-01,,eng,360
288,9781306809696,1199,2002-01-01,,eng,673
289,9788301183684,1180,2012-01-01,,eng,319
290,9780061977961,712,2011-01-01,,eng,1050
291,9781466304161,427,2011-01-01,,eng,402
292,9781351381338,1737,2014-01-01,,eng,531
293,9780131990432,1406,1988-01-01,,eng,354
294,9781250758040,1337,2019-01-01,,eng,336
295,9780131596825,1329,1992-01-01,,"rus,eng",1005
296,9780321503626,60,2010-01-01,,eng,358
297,9780596101244,1205,2007-01-01,,eng,304
298,9780789723109,1729,2000-01-01,,eng,201
299,9781430216803,427,2009-01-01,,"spa,eng",426
300,9780534392598,1766,1995-01-01,,eng,361
301,9781491949467,1199,2009-01-01,,eng,812
302,9781491928059,1243,2010-01-01,,eng,458
303,9781134479757,1506,2004-01-01,,eng,400
304,9781718502864,1180,2024-01-01,,eng,560
305,9781429900454,759,2005-01-01,,eng,262
306,9781430231578,820,2010-01-01,,eng,780
307,9781118057315,903,2010-01-01,,eng,624
308,9781400884155,1416,2016-01-01,,eng,320
309,9783319141428,1644,2015-01-01,,eng,749
310,9780128182024,580,2010-01-01,,eng,261
311,9788178088952,1306,1995-01-01,,"eng,rus",959
312,9781579550196,1960,2002-01-01,,eng,1197
313,9780137689958,1391,1991-01-01,,eng,598
314,9788441517516,100,2004-01-01,,"spa,eng",478
315,9781133598176,1767,2006-01-01,,eng,552
316,9781617290657,1026,2013-01-01,,eng,300
317,9781850328773,1123,1994-01-01,,eng,480
318,9781430273110,26,2004-01-01,,eng,388
319,9780133486407,1404,1993-01-01,,eng,800
320,9780262529624,998,2013-01-01,,eng,385
321,9781718503847,1181,2017-01-01,,eng,312
322,9783492285186,1370,1996-01-01,,"ger,pol,eng",506
323,9781119513124,898,2015-01-01,,eng,672
324,9781491904398,1201,2015-01-01,,eng,330
325,9783319652887,1640,2010-01-01,,eng,744
326,9780241335208,1337,2019-01-01,,eng,349
327,9780345028853,528,1972-01-01,,eng,279
328,9780070539662,1077,1995-01-01,,eng,667
329,9781584504160,833,2005-01-01,,eng,482
330,9781510457591,753,2019-01-01,,eng,550
331,9780763812959,551,2002-01-01,,eng,396
332,9780673059642,1579,1970-01-01,,eng,423
333,9780321393050,51,2004-01-01,,eng,998
334,9780130894809,1391,2002-01-01,,eng,1060
335,9781575863276,349,2001-01-01,,eng,263
336,9780321193681,56,1997-01-01,,"eng,chi",184
337,9780091770068,297,1991-01-01,,eng,360
338,9783319265544,1639,2012-01-01,,eng,729
339,9781572313491,1103,1997-01-01,,eng,376
340,9780134786780,1406,1991-01-01,,eng,236
341,9780128009116,1120,2010-01-01,,eng,592
342,9780123964694,581,2012-01-01,,eng,224
343,9780201175783,63,1986-01-01,,eng,526
344,9780241366479,1251,2018-01-01,,"eng,ita",352
345,9783030263539,1644,2012-01-01,,eng,576
346,9788132225522,1658,2015-01-01,,eng,600
347,9781449358754,1208,2010-01-01,,"ger,chi,eng",624
348,9780768662603,1307,2003-01-01,,eng,776
349,9780380506828,454,1950-01-01,,"eng,cze",208
350,9781449395865,1201,2010-01-01,,eng,336
351,9780123747501,1120,2012-01-01,,eng,703
352,9781305657458,339,2016-01-01,,,736
353,9783031296413,1543,2018-01-01,,eng,509
354,9781423902225,419,2004-01-01,,eng,1560
355,9780131968677,1392,1997-01-01,,eng,511
356,9781423904618,414,2000-01-01,,eng,463
357,9788131708415,483,1988-01-01,,"fre,eng",657
358,9783031104664,1644,2018-01-01,,eng,1140
359,9781003037149,1737,2015-01-01,,eng,750
360,9782081646421,564,1990-01-01,,"fre,ger,heb",224
361,9780735211759,1385,2018-01-01,,eng,283
362,9780749704100,1380,1988-01-01,,eng,213
363,9780596518110,1199,2001-01-01,,eng,890
364,9780716782339,1873,1992-01-01,,eng,786
365,9780785275299,1715,1991-01-01,,eng,306
366,9781292025520,427,2001-01-01,,"eng,spa",694
367,9781565928220,1201,1993-01-01,,eng,316
368,9781848878839,1884,2010-01-01,,eng,290
369,9781000058611,309,2020-01-01,,eng,381
370,9783540681113,1644,2003-01-01,,eng,622
371,9781292025940,1391,2002-01-01,,eng,529
372,9780262343930,1754,1969-01-01,,eng,284
373,9781108733755,322,2019-01-01,,eng,534
374,9780125184069,1123,1993-01-01,,eng,362
375,9781721307234,137,2018-01-01,,"eng,por",229
376,9781119547662,1929,2015-01-01,,eng,496
377,9781617293290,1027,2017-01-01,,eng,360
378,9781786494306,1188,2020-01-01,,eng,356
379,9782841773923,1243,2004-01-01,,"fre,eng",222
380,9781423906100,417,1994-01-01,,eng,764
381,9780321210739,52,1999-01-01,,eng,677
382,9789047500469,596,2003-01-01,,"ger,heb,eng",344
383,9780262012430,264,2004-01-01,,eng,584
384,9780077098643,1056,1999-01-01,,eng,612
385,9780262517676,649,2012-01-01,,eng,216
386,9780471603511,1925,1987-01-01,,eng,558
387,9780671698034,175,1989-01-01,,"eng,und",160
388,9780738495910,870,2002-01-01,,eng,380
389,9780367260934,1737,2019-01-01,,eng,412
390,9780757543593,927,2005-01-01,,eng,696
391,9781118087794,1925,2008-01-01,,eng,824
392,9780534952167,283,2001-01-01,,eng,754
393,9780131277748,1322,2005-01-01,,eng,398
394,9780131814882,1298,1977-01-01,,eng,621
395,9780321210289,63,1991-01-01,,eng,532
396,9780894354731,1925,1993-01-01,,eng,390
397,9780671653637,175,1984-01-01,,"chi,eng,jpn",320
398,9780131659452,1391,1982-01-01,,eng,337
399,9781283334136,56,2001-01-01,,eng,440
400,9780137470259,1316,2021-01-01,,eng,752
401,9781449332501,1207,2004-01-01,,eng,480
402,9781250765383,1482,2021-01-01,,eng,176
403,9780201083132,56,1986-01-01,,eng,419
404,9780132852104,1391,1997-01-01,,eng,224
405,9780070651678,1056,1979-01-01,,eng,721
406,9781449335342,1199,2012-01-01,,eng,630
407,9781839219436,2009,2020-01-01,,eng,420
408,9780262561273,998,1998-01-01,,eng,514
409,9780374711412,1367,2017-01-01,,eng,320
410,9788498725919,1005,1999-01-01,,"spa,eng,rus",454
411,9781430243625,26,2006-01-01,,eng,640
412,9780321079121,51,2002-01-01,,eng,654
413,9783827319333,1399,2001-01-01,,"eng,chi,ger",311
414,9780135182123,51,2000-01-01,,eng,240
415,9781098102616,616,2009-01-01,,eng,688
416,9781530826605,427,2016-01-01,,eng,222
417,9780471011019,1925,1986-01-01,,eng,528
418,9780201120370,56,1989-01-01,,eng,478
419,9780878914340,1486,2004-01-01,,eng,192
420,9780070121355,1059,1997-01-01,,eng,896
421,9785170401192,1699,2006-01-01,,"por,rus,chi",461
422,9783540002390,1543,1994-01-01,,eng,464
423,9780380701773,1334,1982-01-01,,eng,176
424,9780201545418,51,1997-01-01,,eng,819
425,9798688691351,829,2006-01-01,,eng,600
426,9780198733461,1237,2016-01-01,,eng,147
427,9780030640193,1558,1981-01-01,,eng,459
428,9781449330118,1205,2013-01-01,,eng,332
429,9788469239841,1820,2010-01-01,,spa,117
430,9781407042664,374,1990-01-01,,"fre,eng,spa",215
431,9780262351003,1754,2018-01-01,,eng,424
432,9781461590569,1648,1985-01-01,,eng,344
433,9780321721334,60,2012-01-01,,eng,247
434,9780763741587,913,1999-01-01,,eng,791
435,9781118804674,1925,2015-01-01,,,546
436,9781950508402,813,2016-01-01,,eng,460
437,9780943518862,1022,1988-01-01,,eng,562
438,9781492054054,1201,2020-01-01,,,325
439,9784444408295,1796,2000-01-01,,eng,352
440,9789811636523,1543,2017-01-01,,eng,550
441,9780262680790,998,1991-01-01,,eng,508
442,9783030882433,1543,2017-01-01,,eng,602
443,9788126509867,1947,2001-01-01,,eng,708
444,9781119736271,1546,2021-01-01,,eng,672
445,9789388511568,166,2019-01-01,,eng,359
446,9780321630179,51,2006-01-01,,eng,381
447,9780134977775,1391,1995-01-01,,eng,352
448,9780849373459,1737,1995-01-01,,eng,400
449,9789812791245,1970,2003-01-01,,eng,347
450,9780071143226,1056,1996-01-01,,eng,495
451,9783030420772,1543,2015-01-01,,eng,389
452,9783319919461,1543,2005-01-01,,eng,463
453,9783540150114,1678,1981-01-01,,eng,281
454,9780674970977,728,2018-01-01,,eng,325
455,9780321964687,1298,2008-01-01,,eng,768
456,9781584500186,361,2002-01-01,,eng,666
457,9781484226032,111,2017-01-01,,eng,302
458,9780201180756,1391,1977-01-01,,eng,861
459,9781978632844,1034,2018-01-01,,eng,256
460,9780738206677,1338,2002-01-01,,eng,304
461,9780128008300,1123,1995-01-01,,eng,840
462,9787121046841,1199,1997-01-01,,"eng,ger,chi",488
463,9780135183519,1298,2019-01-01,,,960
464,9781449360726,1205,2013-01-01,,eng,
465,9780615520506,1607,2011-01-01,,eng,725
466,9780582447622,51,1972-01-01,,"eng,und",168
467,9780134757599,50,2018-01-01,,eng,448
468,9780128189276,1123,2003-01-01,,eng,608
469,9780470415566,1925,2004-01-01,,eng,683
470,9780134186054,60,1996-01-01,,eng,384
471,9781285060033,414,2007-01-01,,eng,693
472,9780321606594,1316,2009-01-01,,eng,630
473,9780262691635,998,1986-01-01,,eng,473
474,9781439895030,310,2010-01-01,,eng,390
475,9780521468268,322,1982-01-01,,eng,416
476,9780134505749,1298,2014-01-01,,,1136
477,9780134398013,1316,2015-01-01,,eng,447
478,9780132874670,1316,1996-01-01,,eng,614
479,9780300264630,1986,2021-01-01,,eng,288
480,9780137097593,1391,1988-01-01,,eng,413
481,9780534953652,414,1990-01-01,,eng,394
482,9780134829289,1406,1990-01-01,,eng,448
483,9780596515218,1201,2007-01-01,,eng,419
484,9780262240390,998,1995-01-01,,eng,907
485,9781337568944,339,2018-01-01,,,688
486,9781492078197,1205,2020-01-01,,eng,300
487,9781937785659,1388,2014-01-01,,eng,275
488,9781954872004,198,2021-01-01,,eng,
489,9783540151494,288,1971-01-01,,"ger,eng",177
490,9781108569323,322,2019-01-01,,eng,398
491,9781635576054,233,2021-01-01,,eng,528
492,9781593273859,1180,2011-01-01,,eng,208
493,9780131966680,1404,1981-01-01,,eng,774
494,9781138330290,1391,1995-01-01,,eng,376
495,9783540405450,1644,2003-01-01,,eng,538
496,9780061376764,723,1992-01-01,,"rus,tur,wel",221
497,9781786074713,965,2018-01-01,,eng,384
498,9781429526180,1862,2005-01-01,,eng,300
499,9780130858504,1391,2001-01-01,,eng,1039
500,9781491904879,1205,2013-01-01,,eng,322
501,9780134894287,1391,1992-01-01,,"lat,eng",336
502,9780716783152,1873,1996-01-01,,eng,769
503,9780575119543,667,1991-01-01,,"fre,eng",448
504,9781526436566,1520,2013-01-01,,eng,952
505,9781722834920,1585,2018-01-01,,eng,465
506,9780553397499,241,2014-01-01,,eng,302
507,9780137891030,1316,2017-01-01,,eng,459
508,9781430200178,2013,2005-01-01,,eng,500
509,9781705041024,1482,2023-01-01,,eng,203
510,9780201403749,56,1990-01-01,,eng,348
511,9780314045652,1914,1989-01-01,,eng,940
512,9780441167302,222,1981-01-01,,"und,eng",434
513,9780691125657,1416,2006-01-01,,eng,856
514,9781556156182,1102,1993-01-01,,eng,977
515,9780585359335,998,1990-01-01,,eng,440
516,9780201360615,56,1991-01-01,,eng,575
517,9780673980397,710,1996-01-01,,eng,580
518,9781718501188,1180,2021-01-01,,,248
519,9780077125363,1060,2010-01-01,,,714
520,9780135012062,1391,1995-01-01,,eng,750
521,9780764568312,1928,2004-01-01,,eng,320
522,9780585024455,1660,1992-01-01,,eng,344
523,9780199233212,1241,2009-01-01,,eng,512
524,9781449373962,1203,2014-01-01,,eng,252
525,9780470471548,1925,2007-01-01,,eng,1080
526,9781405837309,51,2005-01-01,,eng,
527,9780198065449,1237,2011-01-01,,,656
528,9780130326164,1991,1993-01-01,,eng,582
529,9781118055069,903,2003-01-01,,eng,444
530,9780596528492,1199,2007-01-01,,eng,553
531,9780314649683,1915,1979-01-01,,eng,519
532,9780203127315,1737,2006-01-01,,eng,255
533,9781849511261,1277,2010-01-01,,eng,432
534,9780596002978,1200,1992-01-01,,"eng,ger,fre",669
535,9780387217369,1543,2004-01-01,,eng,468
536,9781118771334,1925,2014-01-01,,,720
537,9780716736523,1883,1994-01-01,,eng,538
538,9780596517892,1201,2007-01-01,,eng,400
539,9780201571691,55,1999-01-01,,"fre,eng",480
540,9783540424512,1648,2002-01-01,,eng,276
541,9780750292139,424,2015-01-01,,eng,32
542,9780073193335,1053,1998-01-01,,eng,950
543,9780312867263,1796,2000-01-01,,eng,351
544,9783540760474,1543,1996-01-01,,eng,426
545,9781593278229,1180,2018-01-01,,,416
546,9789811201240,1970,1997-01-01,,"chi,eng",438
547,9780470355336,1929,2004-01-01,,eng,245
548,9780425174777,178,1999-01-01,,eng,366
549,9781849960380,1644,1998-01-01,,eng,372
550,9780425021187,935,1970-01-01,,"jpn,eng",228
551,9781558605145,1120,1996-01-01,,eng,748
552,9780470474242,1929,2010-01-01,,eng,384
553,9781408198131,387,1988-01-01,,"chi,eng,und",374
554,9781491958704,1205,2014-01-01,,eng,539
555,9781471837357,753,2014-01-01,,eng,
556,9780324782011,420,2010-01-01,,eng,912
557,9781498772716,1737,2005-01-01,,eng,400
558,9781617292019,1025,2015-01-01,,eng,351
559,9780029080610,629,1986-01-01,,eng,231
560,9780071615860,1079,2007-01-01,,eng,397
561,9781000350661,142,2012-01-01,,eng,234
562,9780321312556,51,1998-01-01,,eng,906
563,9780596527273,1204,1999-01-01,,"ger,eng,fre",104
564,9780375990014,408,2013-01-01,,eng,320
565,9781119000099,1929,2015-01-01,,eng,420
566,9789351102113,1205,2002-01-01,,eng,521
567,9780768678666,1307,2004-01-01,,eng,330
568,9780314879301,1918,1984-01-01,,eng,527
569,9781781685839,1851,2014-01-01,,eng,452
570,9780314918383,1916,1992-01-01,,eng,313
571,9781945051753,383,2019-01-01,,eng,253
572,9780471843160,898,1986-01-01,,eng,823
573,9781484202036,26,2015-01-01,,,324
574,9780071409544,1073,1991-01-01,,"und,eng",476
575,9780201634464,51,1998-01-01,,eng,440
576,9781506272023,924,2020-01-01,,eng,432
577,9780195174809,1561,1994-01-01,,eng,341
578,9780201342789,56,1999-01-01,,eng,253
579,9780201509458,56,1985-01-01,,eng,480
580,9780130369970,1391,1996-01-01,,eng,672
581,9781284089196,911,2016-01-01,,eng,838
582,9780470251287,903,2008-01-01,,eng,840
583,9781118983843,1925,2015-01-01,,,816
584,9780399547966,1777,2017-01-01,,"eng,pol,spa",416
585,9781935928164,276,2010-01-01,,eng,152
586,9780321247148,56,2002-01-01,,eng,429
587,9781664475915,1482,2020-01-01,,eng,333
588,9780716710455,1873,1979-01-01,,eng,339
589,9780596529086,1199,2006-01-01,,eng,136
590,9780132159227,1406,1984-01-01,,eng,464
591,9780071002028,673,1988-01-01,,eng,462
592,9781107518698,2018,2016-01-01,,,232
593,9780262111584,998,1991-01-01,,eng,335
594,9781491920473,1201,2015-01-01,,eng,152
595,9780448462110,682,2012-01-01,,eng,112
596,9780137150021,56,2008-01-01,,eng,384
597,9781471839528,753,2015-01-01,,eng,340
598,9781492080664,427,2007-01-01,,eng,409
599,9781000256192,75,2001-01-01,,eng,345
600,9780080514888,581,2001-01-01,,eng,296
601,9780593163269,1335,2005-01-01,,eng,652
602,9780470599976,1928,2007-01-01,,eng,360
603,9781468108866,427,2011-01-01,,,432
604,9781119643791,1930,2020-01-01,,eng,320
605,9783642358982,1639,2013-01-01,,eng,238
606,9780133000931,1399,2011-01-01,,eng,656
607,9780130219992,1404,1986-01-01,,eng,288
608,9780136291558,1404,1988-01-01,,eng,894
609,9781336225633,1199,2006-01-01,,eng,890
610,9780470035610,1925,2002-01-01,,eng,628
611,9780340610473,581,1995-01-01,,eng,217
612,9780585037981,998,1997-01-01,,eng,352
613,9780321543851,60,2007-01-01,,eng,176
614,9780314222732,1915,1976-01-01,,eng,425
615,9783319053028,1644,2012-01-01,,eng,379
616,9782253171959,923,1998-01-01,,"spa,eng,jpn",372
617,9780789730336,1316,1994-01-01,,eng,348
618,9780201565218,56,1991-01-01,,eng,473
619,9780128007440,1707,2011-01-01,,eng,240
620,9781118363713,1929,2011-01-01,,eng,712
621,9780262353427,998,2019-01-01,,eng,264
622,9780128183991,1120,2002-01-01,,eng,660
623,9780135307359,1316,2013-01-01,,eng,1160
624,9780470242117,1948,2008-01-01,,eng,340
625,9780201730470,51,2002-01-01,,eng,304
626,9780073294681,1081,2007-01-01,,eng,416
627,9780470361672,1925,2003-01-01,,eng,1008
628,9780133460520,1316,2013-01-01,,eng,704
629,9780099558712,1225,1995-01-01,,eng,416
630,9783540688211,1543,1996-01-01,,eng,458
631,9781935182641,1026,2011-01-01,,eng,328
632,9780321812186,60,2012-01-01,,,240
633,9780130106711,1391,1997-01-01,,eng,1114
634,9781284070408,1969,1994-01-01,,eng,943
635,9780613744737,1729,1998-01-01,,"spa,eng",64
636,9781280768095,1925,2012-01-01,,eng,144
637,9780470934395,1929,1998-01-01,,eng,738
638,9783642454042,1648,2009-01-01,,eng,291
639,9780128029640,573,2004-01-01,,eng,234
640,9780585392967,998,2001-01-01,,eng,728
641,9780080886213,581,2008-01-01,,eng,568
642,9781483375779,1518,2014-01-01,,eng,915
643,9780521827782,1826,2005-01-01,,eng,403
644,9783319130729,1648,2015-01-01,,eng,372
645,9783319591469,1644,2013-01-01,,eng,653
646,9780439979559,1729,2002-01-01,,eng,162
647,9780132808439,1391,1999-01-01,,eng,431
648,9781282285231,1737,2006-01-01,,eng,872
649,9780135938164,81,2019-01-01,,eng,704
650,9783642137730,1644,2004-01-01,,eng,496
651,9780672325670,1307,1999-01-01,,eng,242
652,9781118974728,1929,2014-01-01,,eng,752
653,9781510459977,752,2020-01-01,,eng,280
654,9781878739735,1522,1995-01-01,,eng,894
655,9780201342758,56,1996-01-01,,eng,500
656,9780070426238,1056,1990-01-01,,eng,736
657,9780387168937,1543,1984-01-01,,eng,168
658,9781549114441,971,2016-01-01,,"eng,chi",345
659,9781283274029,1948,2002-01-01,,eng,752
660,9783031153242,1543,2015-01-01,,eng,334
661,9780356502526,968,2014-01-01,,eng,376
662,9780135717790,1391,1998-01-01,,eng,190
663,9789811659423,1543,2017-01-01,,eng,685
664,9781449628086,911,2012-01-01,,eng,392
665,9780138401177,1399,1995-01-01,,eng,530
666,9780198099307,1237,2014-01-01,,eng,
667,9781032218038,1737,2016-01-01,,eng,511
668,9780124077263,573,2014-01-01,,,800
669,9781108412728,322,2017-01-01,,eng,368
670,9780538475730,414,2010-01-01,,eng,672
671,9780199688975,1237,2016-01-01,,,608
672,9783319816357,1648,2016-01-01,,eng,289
673,9780753161005,236,1998-01-01,,eng,368
674,9781282651302,1298,2002-01-01,,eng,998
675,9780131857575,1248,1992-01-01,,"ita,spa,fre",1168
676,9781984877710,1340,2019-01-01,,eng,368
677,9780132424967,322,1995-01-01,,eng,350
678,9780262023023,998,1990-01-01,,eng,493
679,9781107428225,1826,2015-01-01,,eng,501
680,9780700224203,874,1973-01-01,,"und,eng",621
681,9781139040662,322,2010-01-01,,eng,564
682,9783834825889,1642,2012-01-01,,eng,162
683,9783110670905,2009,2020-01-01,,eng,161
684,9780316546249,966,2017-01-01,,eng,416
685,9783030366131,1543,2017-01-01,,eng,633
686,9781840785968,556,2013-01-01,,eng,192
687,9781429980074,1796,2002-01-01,,eng,303
688,9780672323089,1522,1997-01-01,,eng,1040
689,9781405519427,1796,1998-01-01,,eng,256
690,9781322436821,1929,2014-01-01,,eng,
691,9781107624993,322,2014-01-01,,,76
692,9781108485067,322,2020-01-01,,eng,432
693,9781315335353,309,2016-01-01,,eng,204
694,9780536271334,1316,1989-01-01,,eng,829
695,9780123743978,585,2008-01-01,,eng,544
696,9781098145538,1199,2000-01-01,,eng,817
697,9781118213568,1930,2011-01-01,,eng,489
698,9781259260247,1063,2013-01-01,,eng,
699,9780262527125,998,2015-01-01,,eng,320
700,9780748761470,1159,1990-01-01,,eng,515
701,9780314285034,1916,1987-01-01,,eng,491
702,9780201581508,52,1994-01-01,,eng,342
703,9780070595002,1060,2003-01-01,,eng,656
704,9783868993738,1199,2002-01-01,,"eng,ger",128
705,9780552571159,407,2014-01-01,,eng,331
706,9781315268743,309,2009-01-01,,eng,438
707,9780072224764,1082,2003-01-01,,eng,526
708,9781118876220,1929,2014-01-01,,eng,432
709,9780123736024,1123,2008-01-01,,eng,564
710,9783319959290,1543,2016-01-01,,eng,850
711,9780521410304,216,1991-01-01,,"eng,ger",324
712,9780195102697,1241,1996-01-01,,eng,246
713,9781351642910,1737,2017-01-01,,eng,336
714,9780387202297,1652,1992-01-01,,eng,984
715,9781934356470,1388,2010-01-01,,eng,261
716,9780201608359,56,1994-01-01,,eng,738
717,9780764544866,903,2003-01-01,,eng,436
718,9780262571326,998,1994-01-01,,eng,337
719,9780321439369,56,2002-01-01,,eng,270
720,9781098139872,1201,2012-01-01,,eng,270
721,9780070342248,1056,1997-01-01,,eng,665
722,9781615470754,2009,2016-01-01,,eng,290
723,9780451485076,1836,2017-01-01,,"eng,dut,spa",384
724,9780273013327,1371,1977-01-01,,"eng,und",232
725,9788469301463,1820,2011-01-01,,spa,167
726,9780471319665,907,2003-01-01,,eng,450
727,9781842654484,85,2004-01-01,,eng,186
728,9781517713607,427,2015-01-01,,,252
729,9780314933065,1913,1989-01-01,,eng,1044
730,9783030645588,1543,2005-01-01,,eng,842
731,9783642329746,823,2009-01-01,,eng,494
732,9781420082791,309,2012-01-01,,eng,481
733,9781435455009,414,2010-01-01,,eng,464
734,9780619212858,414,2004-01-01,,eng,928
735,9780139491573,1391,1996-01-01,,eng,347
736,9781784780432,1851,2017-01-01,,eng,368
737,9783030666019,1646,2012-01-01,,eng,288
738,9783319179957,1543,2014-01-01,,eng,408
739,9781509305889,1103,2019-01-01,,eng,879
740,9781315063126,615,2001-01-01,,eng,950
741,9780123704900,1120,1989-01-01,,eng,820
742,9780131391581,1298,2009-01-01,,eng,464
743,9781351033909,1506,2018-01-01,,eng,390
744,9780130669483,1391,2002-01-01,,eng,808
745,9780205047154,79,1975-01-01,,eng,399
746,9780471311980,1925,1995-01-01,,eng,730
747,9781306809528,1199,2001-01-01,,"fre,eng",223
748,9783319799483,1543,2014-01-01,,eng,199
749,9781136398988,1173,2001-01-01,,eng,448
750,9781119491804,1929,2019-01-01,,eng,272
751,9780134549897,1298,2006-01-01,,eng,624
752,9780077098407,1060,2001-01-01,,eng,464
753,9781466587779,309,2014-01-01,,eng,405
754,9781475741452,1543,1999-01-01,,eng,591
755,9780817638474,216,1996-01-01,,eng,232
756,9780130914293,1391,1999-01-01,,eng,625
757,9780062497499,233,2017-01-01,,eng,355
758,9781449364755,1205,1996-01-01,,eng,267
759,9780060724337,816,2004-01-01,,eng,160
760,9780240824086,581,2013-01-01,,eng,296
761,9781430232414,510,2010-01-01,,eng,453
762,9780008288150,714,2019-01-01,,eng,320
763,9781471839771,753,2015-01-01,,eng,
764,9780932633316,527,1995-01-01,,eng,370
765,9788461774166,953,2019-01-01,,spa,139
766,9780471476023,1925,2005-01-01,,eng,698
767,9781848162914,818,2009-01-01,,eng,159
768,9780135621905,1404,1986-01-01,,eng,672
769,9781882114887,4,1988-01-01,,eng,224
770,9780905435138,447,1980-01-01,,"eng,und",506
771,9780138097318,1949,1983-01-01,,"chi,spa,eng",828
772,9780190853068,1237,2009-01-01,,eng,616
773,9780262306379,998,2012-01-01,,eng,258
774,9781461300854,1543,2000-01-01,,eng,254
775,9780262515542,998,1996-01-01,,eng,328
776,9781680500554,1830,2015-01-01,,eng,266
777,9780137151448,788,2012-01-01,,eng,
778,9780748740468,1159,2001-01-01,,eng,730
779,9781408521618,1160,2013-01-01,,,
780,9780691176543,1416,2017-01-01,,eng,238
781,9780201721829,60,2001-01-01,,eng,151
782,9781118083468,1925,2012-01-01,,eng,336
783,9781593275822,1180,2014-01-01,,eng,282
784,9780201823769,63,1992-01-01,,eng,692
785,9789811393426,1543,2017-01-01,,eng,1076
786,9781407047867,1148,1998-01-01,,"por,ita,eng",298
787,9780470136539,899,2002-01-01,,eng,976
788,9781118949931,1929,2001-01-01,,eng,531
789,9781118824993,1925,2014-01-01,,eng,886
790,9780444880741,573,1990-01-01,,eng,1142
791,9789811618765,1543,2017-01-01,,eng,281
792,9781597496612,581,2012-01-01,,eng,208
793,9781449327491,1227,2009-01-01,,"eng,ger",519
794,9780123838728,1127,2012-01-01,,eng,856
795,9780716782964,396,1996-01-01,,eng,228
796,9781094167725,712,2020-01-01,,eng,342
797,9780470371985,620,2009-01-01,,eng,
798,9783031437557,1543,2017-01-01,,eng,243
799,9780201707199,60,2001-01-01,,eng,407
800,9783319162928,1639,2013-01-01,,eng,319
801,9783319299716,1543,2014-01-01,,eng,474
802,9781561592487,1428,2000-01-01,,eng,2034
803,9781438001524,924,2013-01-01,,eng,497
804,9781492043225,1201,2014-01-01,,eng,608
805,9780471784630,903,1995-01-01,,eng,285
806,9783319486703,1543,2016-01-01,,eng,740
807,9780080922997,1120,1999-01-01,,eng,856
808,9780262062411,1754,2004-01-01,,eng,190
809,9781577667308,1905,2011-01-01,,eng,671
810,9780123750792,580,2004-01-01,,eng,1167
811,9781315155005,1737,2017-01-01,,eng,418
812,9781315270753,1737,2015-01-01,,eng,579
813,9781032138213,1737,2021-01-01,,eng,176
814,9780367560331,309,2016-01-01,,eng,522
815,9789819709410,1543,2006-01-01,,eng,524
816,9780606195683,560,1999-01-01,,"spa,eng",87
817,9780521354653,322,1988-01-01,,eng,994
818,9781107087200,322,2014-01-01,,eng,352
819,9783319192635,1543,2012-01-01,,eng,360
820,9781498759892,1962,2002-01-01,,eng,661
821,9780199918096,1237,2014-01-01,,,320
822,9780314933911,1913,1992-01-01,,eng,683
823,9780262072489,998,2004-01-01,,eng,144
824,9780321225313,1317,2003-01-01,,eng,666
825,9781805122647,1274,2018-01-01,,eng,671
826,9780429422607,309,2020-01-01,,eng,349
827,9780241309599,1337,2019-01-01,,eng,272
828,9781848822481,1543,2008-01-01,,eng,362
829,9781593278618,1181,2019-01-01,,eng,264
830,9780133115994,1522,2012-01-01,,eng,1651
831,9780578059556,316,2010-01-01,,eng,275
832,9780071092197,1887,1998-01-01,,eng,824
833,9780123852410,1127,2012-01-01,,eng,937
834,9780205735822,1737,2007-01-01,,eng,266
835,9780008227470,388,2017-01-01,,eng,
836,9780130452894,1391,1999-01-01,,eng,364
837,9780511624162,322,1996-01-01,,eng,813
838,9780071232654,1061,2003-01-01,,eng,529
839,9788849407426,1358,2001-01-01,,ita,391
840,9780932062772,366,1789-01-01,,eng,330
841,9780486478838,530,2011-01-01,,eng,320
842,9785882010057,1543,1974-01-01,,"eng,rus",254
843,9783319241326,1640,2004-01-01,,eng,298
844,9781118363591,1925,2013-01-01,,eng,736
845,9781718503700,2021,2012-01-01,,eng,520
846,9780134852157,56,1999-01-01,,"spa,eng",504
847,9780262220392,1754,1990-01-01,,eng,1287
848,9780984755707,963,2011-01-01,,,240
849,9783319172439,1652,2013-01-01,,eng,247
850,9780201634983,52,1997-01-01,,eng,2
851,9781575865843,348,2010-01-01,,eng,741
852,9789813083226,1543,1997-01-01,,eng,297
853,9780746075999,1814,2005-01-01,,"spa,eng",96
854,9781305883505,414,2016-01-01,,eng,272
855,9783319214078,1644,2015-01-01,,eng,770
856,9783785573617,106,2010-01-01,,"eng,ger,fre",464
857,9780606329699,1567,2002-01-01,,eng,170
858,9789814239233,340,2001-01-01,,eng,794
859,9780511818073,322,2000-01-01,,eng,382
860,9781316534489,322,2017-01-01,,eng,1002
861,9780120887989,527,1995-01-01,,eng,350
862,9780735619654,1100,2004-01-01,,eng,334
863,9783319586335,1543,2013-01-01,,,778
864,9781800206571,2009,2021-01-01,,eng,736
865,9781846280344,1543,2005-01-01,,eng,505
866,9780080499321,1125,1999-01-01,,eng,704
867,9783319346786,1322,2003-01-01,,eng,751
868,9781491901717,1202,2009-01-01,,eng,688
869,9783030343712,1543,2010-01-01,,eng,833
870,9780123705914,581,2008-01-01,,eng,608
871,9781491947852,1199,2014-01-01,,eng,191
872,9781491978207,1205,2019-01-01,,eng,256
873,9781600212345,1192,2007-01-01,,eng,233
874,9780750654227,580,2002-01-01,,eng,338
875,9781449310028,1199,2011-01-01,,eng,
876,9780078305122,1058,1999-01-01,,eng,494
877,9781471839764,753,2015-01-01,,eng,280
878,9780585003191,998,1997-01-01,,eng,298
879,9781119560609,1925,2010-01-01,,eng,304
880,9780134841892,1391,1988-01-01,,eng,293
881,9781592571680,1439,2000-01-01,,eng,423
882,9780763861728,1292,2002-01-01,,eng,133
883,9780691218960,1416,2017-01-01,,eng,304
884,9780764134173,193,1986-01-01,,eng,530
885,9780786823444,778,1998-01-01,,eng,123
886,9780768685299,56,2000-01-01,,eng,443
887,9780596003524,1243,2000-01-01,,eng,49
888,9781118323168,1929,2012-01-01,,eng,256
889,9780471258391,1925,1998-01-01,,eng,544
890,9781881526919,304,1996-01-01,,eng,279
891,9781635630565,660,2017-01-01,,eng,
892,9783658081010,1642,2013-01-01,,ger,393
893,9780954161774,2014,2000-01-01,,eng,160
894,9781449335946,1205,2013-01-01,,eng,322
895,9780131428485,1399,2003-01-01,,eng,261
896,9781337388528,414,2017-01-01,,eng,736
897,9781937007362,1228,2011-01-01,,eng,338
898,9781616890773,1415,2012-01-01,,eng,472
899,9780574187505,1576,1985-01-01,,eng,589
900,9781617294167,1026,2016-01-01,,,384
901,9781944823085,1555,2016-01-01,,eng,225
902,9780816063826,603,2008-01-01,,eng,544
903,9780080560199,581,2008-01-01,,eng,674
904,9780521643146,322,1996-01-01,,eng,1437
905,9783540245230,1543,2001-01-01,,eng,648
906,9781119746683,902,2015-01-01,,eng,400
907,9781680502442,1388,2017-01-01,,eng,222
908,9780746048658,1729,1998-01-01,,"spa,eng",96
909,9781471809347,753,2015-01-01,,eng,
910,9781491910399,1201,2017-01-01,,eng,522
911,9781463687472,427,2011-01-01,,eng,251
912,9780120598205,695,1966-01-01,,eng,1007
913,9780201072563,56,1980-01-01,,eng,447
914,9780367659127,312,2006-01-01,,eng,526
915,9788131703830,1308,2003-01-01,,eng,728
916,9780470618295,1925,2011-01-01,,eng,520
917,9781484209264,111,2016-01-01,,eng,493
918,9780205452453,1307,1999-01-01,,eng,386
919,9781617294730,1026,2019-01-01,,eng,552
920,9781571690869,1897,1997-01-01,,eng,953
921,9783662047224,1648,2002-01-01,,"ger,eng",278
922,9780470090978,1929,2004-01-01,,eng,875
923,9780470768082,427,2006-01-01,,eng,512
924,9780201398267,60,1999-01-01,,eng,321
925,9780763812997,552,2002-01-01,,eng,1
926,9780324312560,1625,1995-01-01,,eng,794
927,9780140124385,683,1990-01-01,,"spa,eng",300
928,9780596000707,1199,1997-01-01,,eng,385
929,9783540941156,1667,1993-01-01,,eng,497
930,9780201709100,1298,2003-01-01,,eng,800
931,9789022532577,714,1998-01-01,,"eng,ger,cze",424
932,9781107039032,1826,1999-01-01,,eng,785
933,9780749308896,1024,1991-01-01,,eng,415
934,9780471607212,908,1988-01-01,,eng,462
935,9781599942865,271,2006-01-01,,eng,228
936,9780929306339,1086,2000-01-01,,eng,853
937,9780596150723,1199,1999-01-01,,eng,540
938,9781491932506,1201,2015-01-01,,eng,190
939,9781933988559,1315,2009-01-01,,eng,330
940,9780201714999,60,2001-01-01,,eng,464
941,9780123849687,585,2012-01-01,,eng,350
942,9780619212902,414,2005-01-01,,eng,760
943,9780671445584,1600,1982-01-01,,eng,57
944,9780134757063,1316,2018-01-01,,eng,144
945,9780201616576,60,1999-01-01,,eng,276
946,9780132576277,1298,2012-01-01,,eng,614
947,9780471976554,904,1997-01-01,,eng,1004
948,9780521513388,322,2010-01-01,,eng,290
949,9781638353416,1026,2016-01-01,,eng,360
950,9780134049946,1316,2015-01-01,,eng,277
951,9781840786422,825,2015-01-01,,eng,192
952,9789575264284,1434,2006-01-01,,eng,200
953,9780080558417,580,2008-01-01,,eng,197
954,9780674983519,200,2021-01-01,,eng,312
955,9780471552017,1925,1992-01-01,,eng,214
956,9780132131087,1316,1922-01-01,,eng,924
957,9780853800132,1412,1971-01-01,,eng,184
958,9780534379681,1766,2002-01-01,,eng,384
959,9781292131207,1316,2017-01-01,,eng,
960,9780321544285,1316,2008-01-01,,eng,688
961,9781471868672,752,2016-01-01,,,80
962,9789810201937,1970,1990-01-01,,eng,108
963,9780534391430,414,2002-01-01,,eng,416
964,9780070655072,1056,1995-01-01,,eng,258
965,9781138049604,359,2018-01-01,,eng,268
966,9780130159205,1391,2004-01-01,,eng,496
967,9781590282830,627,2005-01-01,,eng,357
968,9780345494085,178,2000-01-01,,eng,308
969,9780060536985,1850,2002-01-01,,"ger,eng,spa",464
970,9780136298250,1391,1990-01-01,,eng,341
971,9781576760239,51,1998-01-01,,eng,880
972,9780764518867,903,2002-01-01,,eng,384
973,9783642257667,1640,2012-01-01,,eng,817
974,9780262011679,998,1998-01-01,,eng,441
975,9789814998468,209,2021-01-01,,eng,141
976,9780429687112,1737,2019-01-01,,eng,412
977,9780262048972,2020,2024-01-01,,eng,
978,9781430242109,1648,2007-01-01,,eng,252
979,9783897215351,1243,2003-01-01,,"eng,ger",110
980,9780367225704,1506,2019-01-01,,eng,350
981,9781935504214,2025,1978-01-01,,eng,212
982,9780596100582,1199,2002-01-01,,eng,414
983,9781118079829,1929,2007-01-01,,eng,192
984,9783658090890,1855,2009-01-01,,ger,204
985,9781638356899,1026,2019-01-01,,eng,544
986,9781280250989,1280,2002-01-01,,eng,317
987,9780534983109,282,1990-01-01,,"eng,und",538
988,9780470574065,1719,2010-01-01,,eng,684
989,9780894353147,1925,1990-01-01,,eng,240
990,9781565924482,1199,1998-01-01,,eng,282
991,9783319904429,1543,2018-01-01,,eng,303
992,9781789618501,1277,2019-01-01,,eng,336
993,9780521460859,322,1996-01-01,,eng,378
994,9781119475873,1929,2018-01-01,,eng,1248
995,9780531047644,599,1984-01-01,,eng,122
996,9781638355007,1028,2012-01-01,,eng,269
997,9783540483878,1644,2003-01-01,,eng,516
998,9780262356534,998,2020-01-01,,eng,600
999,9780201309560,56,1998-01-01,,eng,548
1000,9780321509376,60,1990-01-01,,"spa,eng",589
1001,9781282650398,1316,1998-01-01,,eng,467
1002,9781491965979,1199,2016-01-01,,,172
1003,9780136291220,1991,1990-01-01,,eng,233
1004,9780130422507,1404,1994-01-01,,eng,461
1005,9780072519082,1058,1999-01-01,,eng,514
1006,9780195676846,1237,2006-01-01,,,824
1007,9781935182702,1025,2012-01-01,,eng,284
1008,9780133065268,1316,2012-01-01,,eng,461
1009,9780471223610,1925,1973-01-01,,eng,482
1010,9780262514231,998,2007-01-01,,eng,510
1011,9780071160902,878,1999-01-01,,eng,422
1012,9781136996306,1737,2010-01-01,,eng,356
1013,9780511617973,322,2006-01-01,,eng,316
1014,9780471393535,1043,1993-01-01,,eng,456
1015,9781492033912,1201,2018-01-01,,,188
1016,9781491957356,1201,2017-01-01,,,170
1017,9788173716058,1822,2008-01-01,,eng,617
1018,9780071198592,1059,2002-01-01,,eng,798
1019,9781351133036,309,2007-01-01,,eng,603
1020,9780321486127,1326,2007-01-01,,eng,587
1021,9783642547065,1543,2013-01-01,,eng,120
1022,9783031757013,1543,2016-01-01,,eng,300
1023,9780817682866,216,2002-01-01,,eng,406
1024,9781003068075,1737,1992-01-01,,eng,448
1025,9780814474570,23,2006-01-01,,eng,200
1026,9781617291999,1029,2014-01-01,,eng,394
1027,9789811004179,1658,2016-01-01,,eng,568
1028,9780262101066,998,2004-01-01,,eng,454
1029,9780201557138,51,1987-01-01,,eng,724
1030,9780132732284,1396,1994-01-01,,eng,137
1031,9780028662206,1012,2013-01-01,,eng,2000
1032,9780130113320,1391,2000-01-01,,eng,976
1033,9781420010886,1738,2006-01-01,,eng,192
1034,9783540742081,1648,2003-01-01,,eng,513
1035,9780511074264,322,2002-01-01,,eng,173
1036,9781789531367,1277,2014-01-01,,eng,634
1037,9781600330025,1201,1997-01-01,,"fre,eng",996
1038,9783540258612,1543,1899-01-01,,eng,1316
1039,9780387069159,1648,1967-01-01,,"eng,ger",546
1040,9781514802168,2004,2015-01-01,,eng,732
1041,9783642549588,272,2009-01-01,,eng,872
1042,9788417977610,338,2020-01-01,,eng,304
1043,9781401878641,470,2008-01-01,,eng,
1044,9780674055681,728,2011-01-01,,eng,250
1045,9781469901732,427,2012-01-01,,eng,366
1046,9781558606234,580,1997-01-01,,eng,358
1047,9780321228116,56,2004-01-01,,eng,370
1048,9780367354282,1737,2020-01-01,,eng,130
1049,9780199116393,1237,2006-01-01,,,112
1050,9781512212938,427,2005-01-01,,eng,222
1051,9781622750368,1503,2013-01-01,,eng,96
1052,9781978643383,1616,2018-01-01,,"eng,pol,fre",326
1053,9780977659722,1526,2006-01-01,,eng,594
1054,9781316566497,322,2015-01-01,,eng,298
1055,9780072440393,1077,2000-01-01,,eng,526
1056,9780511263484,322,2000-01-01,,eng,861
1057,9783319194196,1640,2009-01-01,,eng,446
1058,9780962874529,1566,1990-01-01,,eng,329
1059,9780123694652,573,2007-01-01,,eng,664
1060,9780321116178,51,2004-01-01,,eng,584
1061,9780262025065,998,1998-01-01,,eng,464
1062,9780495826187,1766,2011-01-01,,,150
1063,9780691147147,1416,2012-01-01,,eng,219
1064,9781430216674,26,2009-01-01,,eng,298
1065,9780818644719,797,1993-01-01,,eng,127
1066,9780070015616,1956,1993-01-01,,eng,450
1067,9783319017969,1658,2013-01-01,,eng,444
1068,9780429526442,1737,2020-01-01,,eng,1944
1069,9781282684089,1929,2009-01-01,,eng,320
1070,9780596551841,1201,2008-01-01,,eng,162
1071,9781430243939,26,2012-01-01,,eng,336
1072,9783319577074,1543,2013-01-01,,eng,219
1073,9780521692694,322,2007-01-01,,eng,184
1074,9781119210641,620,2016-01-01,,eng,268
1075,9781351235174,141,2017-01-01,,eng,390
1076,9781281606204,1874,1994-01-01,,eng,307
1077,9780914894209,396,1976-01-01,,eng,564
1078,9780671040772,1380,2000-01-01,,eng,292
1079,9780123814654,581,2000-01-01,,eng,536
1080,9781787128422,1271,2017-01-01,,eng,318
1081,9783110703139,2009,2015-01-01,,ger,427
1082,9783319255781,1648,2014-01-01,,eng,347
1083,9780127848204,43,1993-01-01,,eng,493
1084,9783110495690,2009,2016-01-01,,ger,241
1085,9780713991161,1958,1997-01-01,,eng,1056
1086,9781584504467,361,2006-01-01,,eng,320
1087,9781316626221,322,2016-01-01,,eng,304
1088,9780023887253,1391,1999-01-01,,eng,840
1089,9780131409095,1329,2005-01-01,,eng,1072
1090,9780878916702,1487,1996-01-01,,eng,95
1091,9780763839277,1287,2011-01-01,,eng,
1092,9783642416446,1644,2013-01-01,,eng,501
1093,9781556159497,1103,1996-01-01,,eng,715
1094,9780470179239,1929,2008-01-01,,eng,1320
1095,9782212008227,597,2011-01-01,,"fre,eng",150
1096,9781558602465,1120,1995-01-01,,eng,950
1097,9781040071496,1737,2015-01-01,,eng,410
1098,9798868800344,26,2013-01-01,,eng,340
1099,9780132847377,1316,2013-01-01,,eng,656
1100,9780256098617,1060,1989-01-01,,eng,733
1101,9780768662863,1307,2004-01-01,,eng,556
1102,9781337102100,414,2017-01-01,,eng,784
1103,9780133434750,1297,2013-01-01,,eng,528
1104,9783031609121,1543,2016-01-01,,eng,797
1105,9781032476896,1737,2017-01-01,,eng,916
1106,9781630574505,1531,2021-01-01,,eng,600
1107,9780816074419,603,2010-01-01,,eng,
1108,9780763771515,917,1996-01-01,,eng,1100
1109,9780367355692,1433,2002-01-01,,eng,166
1110,9780077091415,1059,1996-01-01,,eng,323
1111,9780470089071,1942,2004-01-01,,eng,552
1112,9781630811341,121,2017-01-01,,,280
1113,9781481466288,1466,2014-01-01,,"eng,pol,tur",338
1114,9780134508962,1298,2012-01-01,,,640
1115,9780262320511,998,2014-01-01,,eng,496
1116,9781789130331,1274,2018-01-01,,,272
1117,9780039228538,1558,1992-01-01,,eng,701
1118,9781461570349,1374,1990-01-01,,eng,394
1119,9781316130858,322,2014-01-01,,eng,424
1120,9781350296909,234,2018-01-01,,eng,264
1121,9781138712348,1737,2018-01-01,,eng,440
1122,9781482227420,1737,2014-01-01,,eng,350
1123,9780262550284,998,1996-01-01,,eng,451
1124,9780135945476,1307,2019-01-01,,eng,1912
1125,9781000462708,310,2021-01-01,,eng,264
1126,9780132364157,1399,1996-01-01,,eng,484
1127,9781906736910,274,2014-01-01,,eng,97
1128,9780763776473,915,2010-01-01,,eng,351
1129,9780442011642,1842,1988-01-01,,eng,322
1130,9780442276799,1842,1992-01-01,,eng,1558
1131,9780128043578,1120,1999-01-01,,eng,535
1132,9781280773471,322,2012-01-01,,eng,282
1133,9780511809071,322,2008-01-01,,eng,482
1134,9781788623872,1275,2018-01-01,,,426
1135,9783642321474,823,2012-01-01,,eng,452
1136,9781787288683,1274,2017-01-01,,,324
1137,9781441902627,1543,2009-01-01,,eng,310
1138,9780201809381,51,1999-01-01,,eng,1047
1139,9783642371851,1648,2011-01-01,,eng,472
1140,9781482231052,1737,2016-01-01,,eng,445
1141,9780133963755,1391,1997-01-01,,eng,258
1142,9780124201149,581,2011-01-01,,eng,460
1143,9783319033068,1543,2013-01-01,,,146
1144,9780764524783,1939,1997-01-01,,eng,580
1145,9781506386300,1520,2015-01-01,,eng,640
1146,9780748116355,45,2011-01-01,,eng,355
1147,9781585670321,1229,1999-01-01,,eng,327
1148,9781484290590,111,2000-01-01,,eng,860
1149,9781783553129,1277,2017-01-01,,eng,454
1150,9781136425479,310,2007-01-01,,eng,140
1151,9781491904152,1830,2014-01-01,,eng,158
1152,9780128002322,1123,2005-01-01,,eng,779
1153,9780470189832,903,2007-01-01,,eng,318
1154,9780078530678,1059,1997-01-01,,eng,304
1155,9788483061237,101,1997-01-01,,"eng,spa",416
1156,9781597494717,581,2012-01-01,,eng,595
1157,9780534943325,1265,1996-01-01,,eng,736
1158,9781461407157,1543,2006-01-01,,eng,510
1159,9781412982450,1520,2007-01-01,,eng,512
1160,9781565920989,1200,1994-01-01,,eng,393
1161,9780079091871,1058,1965-01-01,,und,848
1162,9780596005764,1199,2004-01-01,,eng,538
1163,9781484244593,26,2019-01-01,,,516
1164,9781260441871,1060,2018-01-01,,eng,496
1165,9781133191117,414,2012-01-01,,eng,376
1166,9780672224430,687,1987-01-01,,eng,358
1167,9783631670859,1354,2016-01-01,,ger,443
1168,9781098120689,1201,2017-01-01,,eng,284
1169,9780470631829,920,2012-01-01,,eng,
1170,9781941222126,1388,2014-01-01,,,280
1171,9780470344736,1928,2010-01-01,,eng,386
1172,9780470848319,1925,2004-01-01,,eng,312
1173,9781584885269,1737,1997-01-01,,eng,440
1174,9780123944245,583,2013-01-01,,eng,720
1175,9789811629365,1543,2018-01-01,,eng,512
1176,9781592009121,416,2005-01-01,,eng,372
1177,9780470843994,1925,2002-01-01,,eng,600
1178,9781420047929,308,2007-01-01,,eng,467
1179,9781847879066,1547,2009-01-01,,eng,821
1180,9780201489910,56,1996-01-01,,eng,303
1181,9780805390520,208,1992-01-01,,eng,481
1182,9781316784099,322,2006-01-01,,eng,
1183,9780831194444,832,2017-01-01,,eng,277
1184,9783030929084,1543,2017-01-01,,eng,219
1185,9780429542152,1737,2014-01-01,,eng,3816
1186,9780133039887,60,2012-01-01,,eng,
1187,9781430266914,111,2014-01-01,,eng,272
1188,9783642975806,1640,2000-01-01,,"eng,ger",474
1189,9783662438855,1648,2012-01-01,,eng,464
1190,9781138470897,309,2010-01-01,,eng,356
1191,9780471924890,1925,1990-01-01,,eng,374
1192,9780387136424,1543,1984-01-01,,eng,284
1193,9781316792926,1825,2016-01-01,,eng,570
1194,9780321305152,1302,2006-01-01,,eng,688
1195,9780521834254,300,2004-01-01,,"eng,und",314
1196,9781407159416,1567,2015-01-01,,,
1197,9780070655065,1056,1994-01-01,,eng,494
1198,9780387974507,1667,1991-01-01,,eng,
1199,9783642298394,1543,2012-01-01,,,
1200,9780132821544,1316,2009-01-01,,eng,1141
1201,9781482205435,1737,2014-01-01,,eng,407
1202,9781492034148,1201,2018-01-01,,,386
1203,9781285845500,339,2014-01-01,,eng,700
1204,9780124159921,1120,2010-01-01,,eng,514
1205,9783642572791,1543,2000-01-01,,eng,308
1206,9780801475092,919,2007-01-01,,eng,295
1207,9781430225096,26,2009-01-01,,eng,300
1208,9780471605218,704,1988-01-01,,eng,407
1209,9780534356385,1766,2000-01-01,,eng,561
1210,9781118141984,1869,2000-01-01,,eng,760
1211,9780062390851,480,2017-01-01,,eng,338
1212,9780835942997,1490,1982-01-01,,eng,362
1213,9781849965378,1675,2011-01-01,,eng,252
1214,9789819916443,1543,2018-01-01,,eng,708
1215,9780133354690,1298,2013-01-01,,,752
1216,9781430262985,111,2010-01-01,,eng,832
1217,9781435459809,414,2011-01-01,,,348
1218,9783319091655,1543,2003-01-01,,eng,283
1219,9783319759302,1543,2014-01-01,,eng,191
1220,9783319106052,1648,2014-01-01,,eng,879
1221,9783540301202,1543,1999-01-01,,eng,473
1222,9789819915484,1639,2014-01-01,,eng,656
1223,9780525951346,540,2009-01-01,,eng,304
1224,9780387547183,1543,1992-01-01,,"eng,ger",341
1225,9783540602071,1543,1995-01-01,,eng,330
1226,9781786076373,1685,2019-01-01,,eng,256
1227,9780511731228,322,2006-01-01,,eng,599
1228,9780881751659,396,1984-01-01,,eng,542
1229,9781119365594,898,2017-01-01,,eng,235
1230,9780429834431,1737,2018-01-01,,eng,168
1231,9781305391857,339,2015-01-01,,eng,828
1232,9780122384509,700,1972-01-01,,eng,306
1233,9781509300464,1418,2015-01-01,,"eng,pol",701
1234,9781565922273,1199,1997-01-01,,eng,731
1235,9781644933138,1184,2020-01-01,,eng,48
1236,9781280654206,356,2006-01-01,,eng,312
1237,9781432974077,1461,2012-01-01,,eng,32
1238,9781593278595,1180,2018-01-01,,,272
1239,9783662170250,1543,1991-01-01,,eng,495
1240,9780080921471,575,2009-01-01,,eng,567
1241,9780128169438,1123,2010-01-01,,eng,444
1242,9783662040539,1648,2010-01-01,,eng,408
1243,9780451458278,1459,2001-01-01,,eng,342
1244,9781591581604,960,2005-01-01,,eng,168
1245,9780596527747,1204,2007-01-01,,eng,608
1246,9780199251964,1237,2002-01-01,,eng,380
1247,9780198066231,1239,2014-01-01,,eng,704
1248,9783030504199,1543,2020-01-01,,,661
1249,9780824744250,1032,2002-01-01,,eng,576
1250,9783319056654,1648,2014-01-01,,eng,142
1251,9780023483325,1002,1990-01-01,,eng,663
1252,9780470382851,903,2008-01-01,,eng,295
1253,9780262266604,1754,2008-01-01,,eng,216
1254,9780511900549,322,2010-01-01,,eng,
1255,9781558604971,1124,1999-01-01,,eng,237
1256,9781315200927,1506,2016-01-01,,eng,329
1257,9780425171394,211,1999-01-01,,"spa,ger,eng",366
1258,9780063826328,324,1973-01-01,,eng,376
1259,9780789742537,1439,2010-01-01,,eng,426
1260,9780849301490,1737,1999-01-01,,eng,1612
1261,9781933988924,1028,2009-01-01,,eng,529
1262,9780314933096,1916,1992-01-01,,eng,
1263,9780387680255,1648,2022-01-01,,eng,
1264,9780596518295,1201,2005-01-01,,eng,228
1265,9780471204435,1929,1997-01-01,,eng,700
1266,9780198417323,1237,2017-01-01,,eng,320
1267,9780471266785,1925,1969-01-01,,eng,553
1268,9780071701099,1056,2011-01-01,,eng,430
1269,9783031781063,272,2012-01-01,,eng,704
1270,9781000169638,1737,2020-01-01,,eng,260
1271,9780764577284,903,2005-01-01,,eng,373
1272,9780131824089,1298,2008-01-01,,eng,650
1273,9780128025109,581,2015-01-01,,eng,684
1274,9788131755662,522,2011-01-01,,eng,446
1275,9780814471685,23,2002-01-01,,eng,192
1276,9780898743715,1361,1975-01-01,,eng,500
1277,9781139163613,322,1992-01-01,,eng,238
1278,9780333365816,1002,1983-01-01,,eng,211
1279,9781461579595,1543,1987-01-01,,eng,207
1280,9780521825832,322,2003-01-01,,eng,414
1281,9780131857254,1316,2006-01-01,,eng,768
1282,9780120371037,43,1990-01-01,,eng,216
1283,9781597496520,1707,2011-01-01,,eng,432
1284,9789811347689,1543,2018-01-01,,eng,792
1285,9783031017339,1118,2011-01-01,,eng,294
1286,9781584503699,361,2005-01-01,,eng,344
1287,9781742373928,75,2011-01-01,,eng,
1288,9780756698393,448,2012-01-01,,eng,351
1289,9781118082393,1929,2003-01-01,,eng,552
1290,9780471060765,1925,1979-01-01,,eng,431
1291,9780073107813,1066,2007-01-01,,eng,550
1292,9780671778972,1599,1992-01-01,,eng,415
1293,9783030073299,1644,2017-01-01,,eng,267
1294,9781315349329,1737,2016-01-01,,eng,354
1295,9781418861629,858,2005-01-01,,eng,6
1296,9783030002497,1648,2010-01-01,,eng,223
1297,9780596516970,1199,2000-01-01,,eng,518
1298,9780136061250,1391,2010-01-01,,eng,778
1299,9780073376257,1056,2014-01-01,,,720
1300,9781630567491,1531,2022-01-01,,eng,550
1301,9781789138900,2009,2019-01-01,,eng,
1302,9780262620529,998,1987-01-01,,eng,357
1303,9781906717964,1599,2008-01-01,,eng,426
1304,9781336206168,753,2015-01-01,,eng,
1305,9783030252243,1543,2017-01-01,,,210
1306,9780070296626,401,1991-01-01,,eng,427
1307,9781558601666,1123,1995-01-01,,eng,870
1308,9780735684447,1103,2016-01-01,,,688
1309,9781138118041,356,2008-01-01,,eng,824
1310,9781119533252,1546,2019-01-01,,eng,592
1311,9781118082331,1925,2007-01-01,,eng,912
1312,9780130894656,1391,1998-01-01,,eng,890
1313,9780470846001,1929,2002-01-01,,eng,384
1314,9780470303788,903,2003-01-01,,eng,722
1315,9780375422775,1334,2012-01-01,,eng,401
1316,9780393608885,1886,2018-01-01,,eng,319
1317,9780070380318,1056,1991-01-01,,eng,404
1318,9781952616877,8,2010-01-01,,"fre,eng",82
1319,9781930846234,656,2004-01-01,,eng,273
1320,9780357122754,339,2018-01-01,,eng,448
1321,9781565922624,1199,1996-01-01,,eng,648
1322,9780585078380,998,1999-01-01,,eng,346
1323,9781471865831,752,2016-01-01,,eng,224
1324,9781536187571,1193,2020-01-01,,eng,
1325,9781536187793,1193,2020-01-01,,eng,
1326,9781461287018,1543,1995-01-01,,eng,524
1327,9783319331386,1648,2016-01-01,,eng,317
1328,9780895880734,1546,1981-01-01,,eng,318
1329,9780596008673,1205,2006-01-01,,eng,600
1330,9781351019118,1737,2018-01-01,,eng,518
1331,9780335242399,1060,2001-01-01,,eng,327
1332,9780429949838,1737,2019-01-01,,eng,236
1333,9781933988658,1025,2009-01-01,,eng,487
1334,9781592003822,1137,2004-01-01,,eng,576
1335,9780321375971,1169,2006-01-01,,eng,339
1336,9781484239872,26,2019-01-01,,,380
1337,9783540312697,1543,2006-01-01,,eng,756
1338,9780071744324,1056,2010-01-01,,eng,510
1339,9781118612194,1925,2013-01-01,,eng,615
1340,9780131423848,1316,2006-01-01,,eng,464
1341,9780672302367,1522,1992-01-01,,eng,639
1342,9789811320941,1543,2015-01-01,,eng,479
1343,9780201713596,246,1987-01-01,,eng,675
1344,9780534092641,281,1985-01-01,,eng,465
1345,9781351409445,309,1983-01-01,,eng,488
1346,9780471388593,1925,2004-01-01,,eng,424
1347,9781000190403,1737,2020-01-01,,eng,564
1348,9780789513007,339,1997-01-01,,eng,187
1349,9780134695518,1391,2007-01-01,,eng,608
1350,9781283645775,620,2012-01-01,,eng,480
1351,9780471043287,1925,1979-01-01,,eng,177
1352,9780521880688,322,1991-01-01,,eng,1235
1353,9781642742725,392,2018-01-01,,eng,352
1354,9781299609518,1608,2000-01-01,,eng,250
1355,9781593275761,1180,2014-01-01,,eng,
1356,9780135192016,1309,2019-01-01,,eng,832
1357,9781118430651,1929,2012-01-01,,eng,336
1358,9780130477217,1322,2003-01-01,,eng,670
1359,9780262251013,1754,2001-01-01,,eng,579
1360,9780470035504,1944,2016-01-01,,eng,424
1361,9780256126679,877,1991-01-01,,eng,428
1362,9780132919005,1316,2012-01-01,,eng,288
1363,9780817649531,217,1983-01-01,,eng,190
1364,9780077076245,1056,1995-01-01,,eng,450
1365,9780077095444,1075,2007-01-01,,eng,320
1366,9780387947464,1543,1998-01-01,,eng,1028
1367,9780071740371,1956,1994-01-01,,eng,293
1368,9780756406783,460,1796-01-01,,eng,380
1369,9780131236288,1322,2004-01-01,,eng,613
1370,9780367904128,1737,2020-01-01,,eng,216
1371,9780521787741,322,2000-01-01,,eng,358
1372,9781449672843,910,2012-01-01,,,672
1373,9781860940033,818,1995-01-01,,eng,431
1374,9780071549493,1056,2008-01-01,,eng,354
1375,9781600610202,459,2008-01-01,,eng,128
1376,9789027721464,514,1899-01-01,,eng,554
1377,9780134996011,1310,1995-01-01,,eng,576
1378,9783642410130,1644,2012-01-01,,eng,445
1379,9783642537035,1640,2010-01-01,,eng,661
1380,9783031066672,1543,2016-01-01,,eng,239
1381,9783030054861,1543,2011-01-01,,eng,228
1382,9780199695591,1237,2012-01-01,,,530
1383,9780827321069,471,1974-01-01,,eng,398
1384,9781558511552,985,1990-01-01,,eng,249
1385,9780137622306,1316,2022-01-01,,eng,480
1386,9781306815666,1201,2005-01-01,,eng,76
1387,9780486152097,1056,1974-01-01,,eng,456
1388,9781138374652,309,2012-01-01,,eng,511
1389,9783319947662,1648,2015-01-01,,eng,270
1390,9780124211803,43,2003-01-01,,eng,1042
1391,9789048133505,1543,2009-01-01,,eng,929
1392,9780596519117,1205,2006-01-01,,eng,228
1393,9780203491294,356,2003-01-01,,eng,442
1394,9783642149092,1639,2010-01-01,,eng,235
1395,9781351645645,356,2004-01-01,,eng,1120
1396,9781032673905,1737,2018-01-01,,eng,368
1397,9780132479257,865,1991-01-01,,eng,300
1398,9781423901464,1771,2007-01-01,,eng,1000
1399,9780142411599,614,2004-01-01,,"ger,eng",320
1400,9780471383932,899,2008-01-01,,eng,4000
1401,9788497881180,1821,2004-01-01,,spa,377
1402,9780262542906,1754,2021-01-01,,eng,544
1403,9780976694045,1756,2009-01-01,,eng,196
1404,9780198395577,2023,,,,
1405,9789027292445,896,2007-01-01,,eng,232
1406,9781491913420,1199,2009-01-01,,eng,508
1407,9780080502953,581,2003-01-01,,eng,
1408,9781461294061,1660,1986-01-01,,eng,429
1409,9780139087325,1393,1998-01-01,,eng,
1410,9780262193955,998,1998-01-01,,eng,571
1411,9783031681646,1543,2016-01-01,,eng,279
1412,9781449304683,1201,2011-01-01,,eng,150
1413,9783540433231,1639,2002-01-01,,eng,404
1414,9780262332910,998,2008-01-01,,eng,674
1415,9781430269557,26,2010-01-01,,eng,504
1416,9781118224106,1929,2012-01-01,,eng,350
1417,9781111530327,419,2011-01-01,,eng,830
1418,9780321531346,1301,2008-01-01,,eng,1072
1419,9781472966438,234,2021-01-01,,eng,320
1420,9780071817745,1054,2013-01-01,,eng,459
1421,9780324786453,418,2010-01-01,,eng,
1422,9780367657857,142,2017-01-01,,eng,239
1423,9781578200993,306,2002-01-01,,eng,368
1424,9780857293152,1543,2000-01-01,,eng,200
1425,9781461385035,1543,1998-01-01,,eng,162
1426,9781933820989,1505,2012-01-01,,eng,
1427,9780538453028,1626,2010-01-01,,eng,1072
1428,9783030070809,1543,2018-01-01,,,285
1429,9780028655680,1007,2002-01-01,,,
1430,9780534384487,286,2001-01-01,,eng,247
1431,9780024216632,386,1988-01-01,,eng,846
1432,9789811952876,1543,2014-01-01,,"eng,ger",519
1433,9783110521450,2009,2018-01-01,,eng,
1434,9781317717058,594,1995-01-01,,eng,216
1435,9781592003464,1764,2004-01-01,,eng,464
1436,9781558608900,1120,2003-01-01,,eng,480
1437,9780023694028,1391,1994-01-01,,eng,868
1438,9781838983147,1277,2021-01-01,,eng,330
1439,9780071790536,1056,2012-01-01,,eng,141
1440,9780262132572,1754,1991-01-01,,eng,504
1441,9783662448748,1648,2010-01-01,,eng,
1442,9780131194458,1322,2002-01-01,,eng,401
1443,9781788835213,1274,2018-01-01,,,322
1444,9782701155180,1648,1994-01-01,,"eng,fre",524
1445,9780819421487,1541,1995-01-01,,eng,497
1446,9780470058411,1925,2007-01-01,,eng,300
1447,9780471129936,882,1996-01-01,,eng,604
1448,9780768660470,1522,2002-01-01,,eng,528
1449,9788401376337,119,1999-01-01,,"spa,fre,chi",470
1450,9780123814722,1123,2010-01-01,,eng,258
1451,9781555705947,1156,2003-01-01,,eng,375
1452,9781449392055,1201,2009-01-01,,eng,364
1453,9783030038007,1640,2012-01-01,,eng,792
1454,9781855541672,1142,1992-01-01,,eng,346
1455,9780596004026,1199,2000-01-01,,"eng,fre",132
1456,9781449365516,1199,2014-01-01,,,180
1457,9780321648686,1316,2003-01-01,,eng,512
1458,9780273012412,1371,1982-01-01,,eng,419
1459,9780521559768,322,1996-01-01,,eng,367
1460,9780674156159,619,1988-01-01,,eng,446
1461,9780511807176,322,1999-01-01,,eng,
1462,9781901888218,292,2000-01-01,,eng,663
1463,9783658218249,1663,2009-01-01,,ger,320
1464,9783642205439,1640,2011-01-01,,eng,408
1465,9781491931257,1201,2018-01-01,,eng,584
1466,9780072222272,1056,2001-01-01,,eng,227
1467,9780521648196,1536,1998-01-01,,eng,246
1468,9780024209719,1404,1996-01-01,,eng,895
1469,9783319169248,1543,2015-01-01,,,150
1470,9781446274576,1517,2013-01-01,,eng,884
1471,9780757586484,927,2011-01-01,,eng,124
1472,9781493221561,1524,2017-01-01,,eng,845
1473,9781564846266,869,2017-01-01,,eng,184
1474,9781934356081,1388,2005-01-01,,eng,830
1475,9781842659120,84,1996-01-01,,eng,593
1476,9781509307470,1103,2018-01-01,,eng,584
1477,9780262071451,998,1993-01-01,,eng,382
1478,9780596555788,1199,2009-01-01,,eng,285
1479,9780136265658,1404,1987-01-01,,"eng,und",507
1480,9781281867575,501,2007-01-01,,eng,300
1481,9780387357676,933,2002-01-01,,eng,426
1482,9781410605504,1737,1991-01-01,,eng,466
1483,9780930242152,848,1980-01-01,,"jpn,eng",171
1484,9781484230893,26,2017-01-01,,,266
1485,9781556227042,1964,2000-01-01,,eng,697
1486,9780545515832,958,2011-01-01,,eng,240
1487,9781423911982,1767,2008-01-01,,eng,764
1488,9783642041013,1543,2010-01-01,,eng,372
1489,9781439079263,418,2011-01-01,,eng,830
1490,9780124114616,581,2014-01-01,,eng,550
1491,9781447147688,823,2013-01-01,,eng,808
1492,9781408851456,234,2015-01-01,,eng,306
1493,9780064601931,188,1981-01-01,,eng,268
1494,9780763837310,1287,2011-01-01,,eng,
1495,9780763837280,1287,2011-01-01,,eng,896
1496,9780133628234,1399,1969-01-01,,eng,456
1497,9780367729547,359,2013-01-01,,eng,454
1498,9780345455963,178,2004-01-01,,eng,434
1499,9780130186614,1391,2002-01-01,,eng,216
1500,9780470338889,1929,2006-01-01,,eng,433
1501,9781430227588,111,2010-01-01,,eng,365
1502,9781476766706,1599,2017-01-01,,eng,375
1503,9781430262541,111,2014-01-01,,eng,588
1504,9780534154202,1266,1993-01-01,,eng,623
1505,9781484222881,26,2016-01-01,,eng,524
1506,9781101871294,1285,2018-01-01,,eng,290
1507,9780385741422,1466,2014-01-01,,,344
1508,9783319229157,974,2013-01-01,,eng,460
1509,9781491914250,1201,2017-01-01,,,532
1510,9789811030222,1543,2015-01-01,,eng,952
1511,9781430226055,512,2010-01-01,,eng,416
1512,9781681736129,1118,2015-01-01,,eng,181
1513,9780132347174,1391,1996-01-01,,eng,401
1514,9780314285133,1916,1987-01-01,,eng,450
1515,9781532768606,427,2016-01-01,,eng,32
1516,9780321434456,1327,2007-01-01,,eng,615
1517,9788469567692,1820,2013-01-01,,spa,120
1518,9780070455078,1056,1988-01-01,,eng,370
1519,9780133459432,1391,1997-01-01,,eng,197
1520,9783322928696,1663,2004-01-01,,ger,607
1521,9780521645300,322,1998-01-01,,eng,343
1522,9780471309734,1925,1994-01-01,,eng,494
1523,9780387886978,1543,2009-01-01,,eng,254
1524,9781418859565,258,2006-01-01,,eng,616
1525,9780385540414,528,2017-01-01,,eng,241
1526,9780201748048,56,2002-01-01,,eng,416
1527,9781849205948,1517,2011-01-01,,eng,608
1528,9781475733419,1655,2011-01-01,,eng,436
1529,9780471141259,1929,1993-01-01,,eng,
1530,9781610272001,1758,1948-01-01,,eng,206
1531,9781315298207,1737,2017-01-01,,eng,210
1532,9789812387837,1974,2001-01-01,,eng,869
1533,9780470852859,1925,2003-01-01,,eng,424
1534,9780135580066,1307,2020-01-01,,eng,576
1535,9780132038379,1391,1995-01-01,,eng,528
1536,9780124199842,581,2014-01-01,,eng,350
1537,9780470864128,1925,2003-01-01,,eng,2034
1538,9780137621170,1316,2022-01-01,,eng,416
1539,9781351640800,309,2017-01-01,,eng,168
1540,9781328695758,770,2018-01-01,,eng,405
1541,9780470050149,885,2008-01-01,,eng,
1542,9780133796889,1316,2016-01-01,,eng,192
1543,9781905237814,1040,2006-01-01,,eng,203
1544,9780761985242,1368,1993-01-01,,eng,388
1545,9788491345008,1425,2018-01-01,,eng,136
1546,9781449331849,1205,2009-01-01,,eng,792
1547,9783319131238,1648,2007-01-01,,eng,168
1548,9780672326929,1552,2004-01-01,,eng,962
1549,9781493917105,1543,2008-01-01,,eng,540
1550,9781285096339,415,2014-01-01,,eng,842
1551,9780393956689,1884,1988-01-01,,eng,588
1552,9781911617747,1581,2018-01-01,,eng,309
1553,9781540444967,427,2016-01-01,,eng,81
1554,9780596150747,1205,1999-01-01,,eng,487
1555,9783319288673,1644,2014-01-01,,"eng,ger",176
1556,9780071198660,1056,2001-01-01,,eng,456
1557,9781630574710,1531,2022-01-01,,eng,475
1558,9789332503441,521,2012-01-01,,eng,
1559,9781108737326,1826,2020-01-01,,eng,328
1560,9781786341846,1975,2017-01-01,,eng,220
1561,9781449320683,1201,2013-01-01,,,1036
1562,9781566045308,1848,1997-01-01,,eng,372
1563,9780262201049,1754,1995-01-01,,eng,1155
1564,9780131821064,1391,1995-01-01,,eng,199
1565,9780134483559,1399,2012-01-01,,eng,96
1566,9783662501436,1543,2015-01-01,,eng,882
1567,9781785274954,107,2020-01-01,,eng,250
1568,9781580863377,548,2001-01-01,,eng,448
1569,9780387955858,1543,2003-01-01,,eng,296
1570,9781292061160,1317,2014-01-01,,eng,640
1571,9780470844731,1925,2007-01-01,,eng,344
1572,9780521179119,322,2010-01-01,,eng,178
1573,9780201379433,56,2002-01-01,,eng,403
1574,9780155168206,696,1987-01-01,,eng,797
1575,9783319630878,1644,2014-01-01,,eng,190
1576,9781597499644,581,2012-01-01,,eng,290
1577,9781956768220,829,2018-01-01,,fre,
1578,9780130613196,1391,2002-01-01,,eng,428
1579,9780136298410,1391,1991-01-01,,eng,500
1580,9780201310092,1399,1999-01-01,,eng,432
1581,9780921598312,761,1999-01-01,,,
1582,9781861003010,1978,2000-01-01,,eng,1155
1583,9780805370829,208,1987-01-01,,eng,487
1584,9780201612738,51,1998-01-01,,eng,420
1585,9789811031861,1543,2016-01-01,,eng,1142
1586,9780137000104,1704,2009-01-01,,eng,124
1587,9783319102627,1639,2010-01-01,,eng,159
1588,9780387327204,1543,2006-01-01,,eng,312
1589,9780471429203,1925,2003-01-01,,eng,550
1590,9781250097408,742,2017-01-01,,eng,360
1591,9783642871276,1640,2002-01-01,,eng,384
1592,9780131986190,1316,2006-01-01,,eng,548
1593,9780471346135,885,2000-01-01,,eng,635
1594,9780136150312,1391,2007-01-01,,eng,704
1595,9783030166809,1648,2013-01-01,,eng,520
1596,9780486138657,531,2004-01-01,,eng,256
1597,9780071848299,427,2011-01-01,,eng,316
1598,9780262347938,998,2018-01-01,,eng,312
1599,9780072125627,1230,2000-01-01,,eng,481
1600,9781401819941,1775,2003-01-01,,eng,409
1601,9781622319824,73,2016-01-01,,eng,264
1602,9780471528067,882,1986-01-01,,eng,304
1603,9780321392794,1302,2007-01-01,,eng,658
1604,9781351835893,314,2007-01-01,,eng,944
1605,9781420065176,1737,2009-01-01,,eng,418
1606,9781935182504,1025,2012-01-01,,eng,552
1607,9780123859303,1120,2012-01-01,,eng,333
1608,9780691222288,1416,2017-01-01,,eng,432
1609,9789813083714,1543,1998-01-01,,eng,392
1610,9781491925614,1201,2017-01-01,,,298
1611,9781449391249,1589,2007-01-01,,eng,794
1612,9780582832695,56,2000-01-01,,eng,248
1613,9780387945064,1677,1995-01-01,,eng,154
1614,9781849518437,1274,2013-01-01,,eng,262
1615,9780077353506,1060,2011-01-01,,eng,560
1616,9781558608658,98,1998-01-01,,eng,420
1617,9780321441461,55,1998-01-01,,eng,586
1618,9780471941484,1925,1996-01-01,,eng,377
1619,9783319259154,1648,2008-01-01,,eng,419
1620,9781788620604,1275,2018-01-01,,,265
1621,9780130097224,1316,,,eng,448
1622,9780673397362,712,1991-01-01,,eng,509
1623,9780534947385,1158,1995-01-01,,eng,450
1624,9789811077388,1543,2018-01-01,,,89
1625,9783319627007,1648,2009-01-01,,eng,292
1626,9783319202945,1672,2010-01-01,,eng,777
1627,9783319830803,1644,2016-01-01,,eng,392
1628,9780135045046,1316,2006-01-01,,eng,576
1629,9783446213197,329,2000-01-01,,ger,356
1630,9783827428349,1633,2009-01-01,,ger,120
1631,9780534952112,285,1998-01-01,,eng,670
1632,9781617294938,1026,2018-01-01,,eng,384
1633,9781306811897,1199,2011-01-01,,eng,245
1634,9780585345383,226,1990-01-01,,eng,270
1635,9781423774556,998,2001-01-01,,eng,268
1636,9781592293735,1523,2011-01-01,,eng,270
1637,9783319476803,1644,2016-01-01,,eng,276
1638,9781799857075,592,2020-01-01,,eng,284
1639,9788770220347,1496,2019-01-01,,eng,225
1640,9780262037938,998,2018-01-01,,eng,368
1641,9780123745156,585,2005-01-01,,eng,400
1642,9781299634077,1925,2007-01-01,,eng,176
1643,9781492052203,2008,2020-01-01,,eng,280
1644,9781444182057,752,2013-01-01,,eng,
1645,9781118508398,1929,2013-01-01,,eng,1296
1646,9780122329333,25,1994-01-01,,eng,358
1647,9781590594414,26,2004-01-01,,eng,289
1648,9780750306645,852,1998-01-01,,eng,339
1649,9781578203024,306,2000-01-01,,eng,658
1650,9781556156502,1103,1994-01-01,,eng,183
1651,9783540239574,1543,2008-01-01,,eng,1611
1652,9781642956160,1528,1995-01-01,,eng,330
1653,9780470457931,1925,2009-01-01,,eng,928
1654,9780155176836,696,1987-01-01,,eng,529
1655,9783030252151,1644,2010-01-01,,eng,
1656,9783319398617,823,2013-01-01,,eng,540
1657,9780199234004,1237,2008-01-01,,eng,567
1658,9781305656284,339,2016-01-01,,,944
1659,9781449308872,1199,1999-01-01,,eng,479
1660,9783031628450,1648,2003-01-01,,eng,626
1661,9781135644307,308,2002-01-01,,eng,424
1662,9780735606159,1102,1999-01-01,,eng,541
1663,9781466517929,1737,2013-01-01,,eng,340
1664,9783030440930,1644,2019-01-01,,eng,306
1665,9780130142962,6,1993-01-01,,eng,459
1666,9781118306536,1929,2012-01-01,,eng,432
1667,9781111530457,414,2012-01-01,,eng,506
1668,9780471962687,1925,1997-01-01,,eng,307
1669,9780429174384,1737,2014-01-01,,eng,186
1670,9783642348624,823,2012-01-01,,eng,271
1671,9780135039069,1316,2007-01-01,,eng,672
1672,9780262519373,998,1993-01-01,,eng,160
1673,9780307433015,1014,2005-01-01,,eng,188
1674,9783642092244,1543,2007-01-01,,eng,453
1675,9780120935505,43,1971-01-01,,eng,514
1676,9783790814385,1363,2002-01-01,,eng,288
1677,9781449326319,1205,2012-01-01,,eng,147
1678,9781441918161,1543,2003-01-01,,eng,479
1679,9783319184548,1648,2012-01-01,,eng,144
1680,9780764549106,775,2002-01-01,,eng,371
1681,9781032727196,1737,2004-01-01,,eng,511
1682,9780262303934,998,2006-01-01,,eng,384
1683,9783030095130,1543,2009-01-01,,ger,640
1684,9781032605104,142,2019-01-01,,eng,300
1685,9780195095784,1237,1995-01-01,,eng,236
1686,9783110469882,462,2016-01-01,,eng,122
1687,9780137879533,1402,2001-01-01,,eng,1071
1688,9789811003554,842,2016-01-01,,eng,681
1689,9780805821888,1737,1996-01-01,,eng,328
1690,9781430237914,26,2012-01-01,,eng,296
1691,9781430243366,26,2012-01-01,,eng,339
1692,9781597494731,581,2012-01-01,,eng,560
1693,9780669349474,910,1995-01-01,,eng,326
1694,9781000794427,1496,2017-01-01,,eng,225
1695,9780606382199,1500,2014-01-01,,eng,185
1696,9783642152610,1668,2011-01-01,,eng,387
1697,9781306813143,1205,2012-01-01,,eng,100
1698,9781441944085,1543,2007-01-01,,eng,318
1699,9781600330285,1199,2001-01-01,,eng,368
1700,9788449406973,684,2000-01-01,,spa,
1701,9781901888225,291,2000-01-01,,,608
1702,9780201626285,56,1993-01-01,,eng,214
1703,9780139087400,1391,1998-01-01,,eng,221
1704,9781526607232,234,2020-01-01,,eng,288
1705,9781040071113,314,2015-01-01,,eng,339
1706,9780672328220,1522,2005-01-01,,eng,441
1707,9781119053286,745,2019-01-01,,eng,368
1708,9780367575014,309,2015-01-01,,eng,470
1709,9781471836039,754,2015-01-01,,eng,
1710,9781108472449,1826,2020-01-01,,eng,424
1711,9781299663824,1970,1997-01-01,,eng,182
1712,9780613911863,1199,1997-01-01,,eng,584
1713,9780071259415,1065,2007-01-01,,eng,558
1714,9781118600092,809,2009-01-01,,eng,288
1715,9780444880444,513,1989-01-01,,eng,494
1716,9780201087253,56,1981-01-01,,eng,621
1717,9781091210097,829,2019-01-01,,eng,526
1718,9780585448381,1754,2001-01-01,,eng,183
1719,9780072966176,1081,2003-01-01,,eng,467
1720,9780201142181,63,1984-01-01,,eng,355
1721,9781000157307,1737,2009-01-01,,eng,696
1722,9781619303232,1182,2015-01-01,,eng,112
1723,9780735213654,1385,2017-01-01,,eng,310
1724,9781930934122,930,1996-01-01,,eng,645
1725,9781584886433,356,2006-01-01,,eng,662
1726,9780470383278,1925,2011-01-01,,eng,714
1727,9781931448079,945,1998-01-01,,eng,343
1728,9780470809143,1931,2005-01-01,,eng,283
1729,9788131760635,1316,1999-01-01,,eng,555
1730,9780672319945,1522,2000-01-01,,eng,929
1731,9780201485585,56,1998-01-01,,eng,963
1732,9780764568855,903,2004-01-01,,eng,863
1733,9780132612142,1316,2011-01-01,,eng,792
1734,9781558603486,580,1996-01-01,,eng,872
1735,9783030168766,1543,2016-01-01,,,341
1736,9781280651205,30,2000-01-01,,eng,381
1737,9781430244646,26,2008-01-01,,eng,497
1738,9780470848494,1929,2002-01-01,,eng,278
1739,9780123748577,1123,2003-01-01,,eng,597
1740,9780134456478,60,2018-01-01,,,288
1741,9781509307760,1103,2018-01-01,,,832
1742,9780552571166,1343,2015-01-01,,eng,345
1743,9783868942385,1324,2014-01-01,,,
1744,9780849324192,85,2002-01-01,,eng,324
1745,9781139950671,322,2014-01-01,,eng,252
1746,9783642044656,1543,2009-01-01,,eng,134
1747,9780201722291,56,2001-01-01,,eng,527
1748,9780930405854,747,2002-01-01,,eng,640
1749,9781491907337,674,2011-01-01,,eng,173
1750,9788132234609,1637,2015-01-01,,eng,676
1751,9781306812887,1205,2012-01-01,,eng,210
1752,9780962747731,1537,1993-01-01,,eng,277
1753,9781118335918,1925,2014-01-01,,eng,816
1754,9780674241596,728,2018-01-01,,eng,306
1755,9783642355141,1644,2012-01-01,,eng,305
1756,9783642238345,1639,2011-01-01,,eng,301
1757,9780060451288,895,1975-01-01,,eng,385
1758,9780262581325,991,1994-01-01,,eng,616
1759,9781484293706,111,2023-01-01,,eng,
1760,9788131760307,521,2011-01-01,,,510
1761,9788120329683,1409,2008-01-01,,eng,436
1762,9780558462703,1305,2009-01-01,,eng,708
1763,9781484202029,111,2015-01-01,,eng,
1764,9781617292897,1026,2018-01-01,,,296
1765,9780716782865,396,1996-01-01,,eng,368
1766,9781906736484,274,2001-01-01,,,
1767,9781107546738,322,2015-01-01,,eng,448
1768,9781292125886,1316,2016-01-01,,eng,264
1769,9780198417354,1237,2017-01-01,,eng,320
1770,9780669144758,445,1991-01-01,,eng,1013
1771,9780914894797,396,1986-01-01,,eng,636
1772,9780763738327,917,2006-01-01,,eng,
1773,9781484265093,111,2021-01-01,,eng,176
1774,9780367383091,359,2010-01-01,,eng,292
1775,9780615880990,1175,2013-01-01,,,538
1776,9780080553634,1710,2007-01-01,,eng,412
1777,9780912675206,117,1988-01-01,,eng,542
1778,9783642200458,1678,2011-01-01,,eng,363
1779,9783834809834,1726,2005-01-01,,"ita,eng",224
1780,9780387699325,1543,2007-01-01,,eng,203
1781,9783790817812,822,2002-01-01,,eng,301
1782,9781430249320,26,2013-01-01,,eng,204
1783,9780792396970,1543,1996-01-01,,eng,728
1784,9780830640584,1955,1993-01-01,,eng,304
1785,9783319869971,538,2002-01-01,,"ger,eng",253
1786,9780596003449,1830,2003-01-01,,eng,234
1787,9781000296648,359,2020-01-01,,eng,260
1788,9781439830475,1737,2012-01-01,,eng,294
1789,9781481432771,1604,2015-01-01,,eng,368
1790,9780525558019,1340,2019-01-01,,eng,320
1791,9783658083410,1855,2006-01-01,,ger,421
1792,9783031196461,1543,2018-01-01,,eng,393
1793,9783031772894,1543,2018-01-01,,eng,336
1794,9781598633979,1768,2007-01-01,,eng,358
1795,9780805347227,1328,2002-01-01,,eng,447
1796,9783540586005,1543,1995-01-01,,eng,464
1797,9780534610043,1776,1997-01-01,,eng,117
1798,9781000793208,1496,2021-01-01,,eng,280
1799,9783540247685,1648,2004-01-01,,eng,1140
1800,9780074635797,1060,2001-01-01,,,552
1801,9783790815443,1365,2003-01-01,,eng,229
1802,9780596551230,1205,2009-01-01,,eng,309
1803,9780273017981,1843,1982-01-01,,eng,140
1804,9783319212753,1543,2015-01-01,,eng,630
1805,9783319720388,1650,2017-01-01,,,272
1806,9781491958865,1201,2018-01-01,,,640
1807,9789811084720,1543,2018-01-01,,,104
1808,9781887902670,625,2001-01-01,,eng,208
1809,9780262111706,998,1992-01-01,,eng,819
1810,9781852332754,1543,2000-01-01,,eng,280
1811,9787510004384,1648,2000-01-01,,eng,569
1812,9783319068107,1648,2004-01-01,,eng,177
1813,9780534212407,1266,1985-01-01,,eng,449
1814,9781315214740,1737,2000-01-01,,eng,560
1815,9783319623948,1543,2017-01-01,,,785
1816,9789811073854,1543,2018-01-01,,eng,663
1817,9783319961422,1543,2018-01-01,,,565
1818,9780934613118,581,1986-01-01,,eng,664
1819,9780746042021,1832,2002-01-01,,eng,64
1820,9780470309322,1936,2001-01-01,,eng,833
1821,9783030661717,1543,2017-01-01,,eng,458
1822,9783642548000,1543,2017-01-01,,eng,515
1823,9780906774823,1562,1994-01-01,,eng,410
1824,9781430221500,26,2007-01-01,,eng,456
1825,9780262035538,998,2017-01-01,,eng,976
1826,9781567612356,81,1992-01-01,,eng,158
1827,9780471935469,901,1993-01-01,,eng,185
1828,9781491925997,1205,2007-01-01,,eng,176
1829,9783319389073,1644,2015-01-01,,eng,177
1830,9781590597552,26,2007-01-01,,eng,428
1831,9781848829022,1543,2010-01-01,,eng,1359
1832,9780596150358,1201,1999-01-01,,eng,554
1833,9780471359432,1929,1988-01-01,,eng,774
1834,9780763755645,911,2008-01-01,,eng,174
1835,9780134382609,1298,2016-01-01,,,800
1836,9783540523802,1543,1990-01-01,,eng,266
1837,9781597495646,1711,2010-01-01,,eng,600
1838,9783319231266,1648,2014-01-01,,eng,774
1839,9780160455414,622,1995-01-01,,eng,124
1840,9780672338038,1553,2017-01-01,,,368
1841,9781558603202,1123,1997-01-01,,eng,856
1842,9781884842122,1404,1995-01-01,,eng,205
1843,9781118019061,898,2011-01-01,,eng,936
1844,9780201713305,51,2001-01-01,,eng,854
1845,9781468483970,1648,1985-01-01,,eng,395
1846,9783642958533,879,1998-01-01,,eng,483
1847,9783319071473,1543,2008-01-01,,eng,327
1848,9780735667457,1103,2010-01-01,,eng,879
1849,9780198036005,1237,2004-01-01,,eng,219
1850,9780596555610,1204,2002-01-01,,eng,253
1851,9783527709151,1930,2014-01-01,,ger,495
1852,9781441987266,1660,1987-01-01,,eng,448
1853,9781558606791,1120,2000-01-01,,eng,779
1854,9781000062236,1737,2020-01-01,,eng,400
1855,9781581131420,127,1999-01-01,,eng,279
1856,9781780171500,164,2008-01-01,,eng,472
1857,9780070407633,1056,1992-01-01,,eng,354
1858,9783319134635,1543,2014-01-01,,eng,199
1859,9780367571528,1737,2018-01-01,,eng,240
1860,9783319091433,1648,2014-01-01,,eng,809
1861,9780195681529,1237,2006-01-01,,eng,479
1862,9783642233913,1644,2011-01-01,,eng,214
1863,9781292150208,1316,2017-01-01,,eng,203
1864,9789811318696,1543,2018-01-01,,,111
1865,9781351826983,1737,2007-01-01,,eng,235
1866,9781498717700,1174,2008-01-01,,eng,728
1867,9783540435082,1543,2004-01-01,,eng,731
1868,9781558608702,1122,2003-01-01,,eng,378
1869,9781250114600,1685,2018-01-01,,eng,327
1870,9780816043736,603,2003-01-01,,eng,400
1871,9781932394887,1026,2006-01-01,,eng,841
1872,9783030877248,1543,2016-01-01,,eng,324
1873,9780130040114,597,1984-01-01,,"eng,fre",261
1874,9781883884055,1106,1994-01-01,,eng,287
1875,9789491216565,133,2012-01-01,,eng,224
1876,9780262660716,998,1991-01-01,,eng,100
1877,9781449324452,1199,1997-01-01,,eng,1192
1878,9780121631048,40,1999-01-01,,eng,279
1879,9781446287484,1517,2014-01-01,,eng,308
1880,9783030521516,1543,2007-01-01,,eng,349
1881,9780470561355,1929,2009-01-01,,eng,447
1882,9781315760759,1737,2015-01-01,,eng,416
1883,9783319102474,1543,2014-01-01,,eng,335
1884,9780521384759,322,1991-01-01,,eng,317
1885,9781575862491,348,2002-01-01,,eng,606
1886,9783030085865,1543,2018-01-01,,,181
1887,9780297818694,1911,1998-01-01,,eng,149
1888,9780072261820,1072,2005-01-01,,eng,235
1889,9780023606304,386,1987-01-01,,eng,559
1890,9780128019634,581,2015-01-01,,eng,386
1891,9789812388582,1972,2004-01-01,,eng,444
1892,9780075613213,878,1997-01-01,,eng,
1893,9780871508430,1776,1985-01-01,,eng,582
1894,9780534951511,339,1999-01-01,,eng,558
1895,9783319284743,1648,2012-01-01,,eng,372
1896,9783540733317,1648,2007-01-01,,eng,526
1897,9780201095180,56,1988-01-01,,eng,848
1898,9780387987675,1543,1999-01-01,,eng,331
1899,9781322635675,311,2014-01-01,,eng,707
1900,9781400838455,1416,2009-01-01,,eng,264
1901,9780679407744,1334,1992-01-01,,eng,390
1902,9781565924031,1205,1998-01-01,,eng,463
1903,9781565929227,1204,1999-01-01,,eng,194
1904,9780471686590,885,2004-01-01,,eng,404
1905,9781848829190,823,2010-01-01,,eng,357
1906,9780030835926,762,1965-01-01,,eng,399
1907,9781439812747,309,2011-01-01,,eng,330
1908,9783319476735,1543,2013-01-01,,eng,427
1909,9780367779443,1737,2019-01-01,,eng,262
1910,9781285161761,341,2013-01-01,,eng,525
1911,9781317428893,1737,2015-01-01,,eng,808
1912,9780080473246,43,1991-01-01,,eng,934
1913,9789813083592,1648,1997-01-01,,eng,155
1914,9781489989710,1652,2001-01-01,,eng,308
1915,9780123859662,1118,2008-01-01,,eng,384
1916,9781420049138,308,1999-01-01,,eng,816
1917,9781259641640,1060,2016-01-01,,eng,200
1918,9781461562009,879,1995-01-01,,eng,369
1919,9780534954161,414,1998-01-01,,eng,
1920,9780471632979,885,1985-01-01,,eng,450
1921,9780470277195,620,2007-01-01,,eng,384
1922,9789812878779,1648,2016-01-01,,eng,556
1923,9783527618842,1949,1997-01-01,,eng,616
1924,9783031387470,823,2013-01-01,,eng,432
1925,9783790811056,1679,1998-01-01,,eng,282
1926,9780471153672,1925,1997-01-01,,eng,449
1927,9781418836269,1774,2006-01-01,,eng,752
1928,9781522642282,234,2016-01-01,,eng,288
1929,9781449368159,1204,2007-01-01,,eng,600
1930,9780691121833,1416,2005-01-01,,eng,497
1931,9789811029134,1543,2016-01-01,,eng,323
1932,9780134816432,1298,2015-01-01,,,544
1933,9780511280139,300,2006-01-01,,"und,eng",276
1934,9780321753021,1314,1997-01-01,,eng,500
1935,9780470934630,1929,2011-01-01,,eng,364
1936,9780429223938,1737,2004-01-01,,eng,500
1937,9780387555973,1640,1992-01-01,,eng,236
1938,9780471149668,885,1996-01-01,,eng,256
1939,9783319800271,823,2013-01-01,,eng,168
1940,9780128162507,580,2018-01-01,,eng,352
1941,9781351109574,661,1986-01-01,,eng,230
1942,9781447145332,1543,2012-01-01,,,308
1943,9780582844421,1316,2003-01-01,,eng,
1944,9780367391744,1736,2005-01-01,,eng,248
1945,9781498760379,1737,2014-01-01,,eng,298
1946,9780262039444,998,2019-01-01,,eng,752
1947,9783110663709,2009,2020-01-01,,eng,265
1948,9780201895278,60,1996-01-01,,eng,605
1949,9781118890943,1925,2015-01-01,,,480
1950,9781410224378,1823,1985-01-01,,eng,102
1951,9780262328463,998,2015-01-01,,eng,464
1952,9780231168564,390,2013-01-01,,,
1953,9788122401202,898,1989-01-01,,"hin,eng",748
1954,9780471801412,1925,1984-01-01,,eng,166
1955,9781558608740,581,2004-01-01,,eng,689
1956,9780136624356,60,2000-01-01,,eng,
1957,9780764526367,1929,2003-01-01,,eng,323
1958,9780749257873,1221,2003-01-01,,eng,23
1959,9781441928559,1543,1998-01-01,,eng,580
1960,9780132832847,1391,1988-01-01,,eng,512
1961,9781612499161,1431,2010-01-01,,eng,584
1962,9780582250215,978,1995-01-01,,eng,272
1963,9781482254815,314,2016-01-01,,eng,507
1964,9780802723734,235,2012-01-01,,eng,480
1965,9780674271029,728,2020-01-01,,eng,432
1966,9780136290230,1991,1988-01-01,,eng,144
1967,9780387963921,1667,1987-01-01,,eng,195
1968,9783319575490,1543,2017-01-01,,,305
1969,9783030074548,1543,2018-01-01,,,409
1970,9781282645820,1316,2008-01-01,,eng,937
1971,9780764143731,190,2010-01-01,,eng,
1972,9780412377808,358,1990-01-01,,eng,245
1973,9780824722920,309,1998-01-01,,eng,500
1974,9781558608351,581,2002-01-01,,eng,528
1975,9780072302264,1056,1999-01-01,,eng,632
1976,9780871500991,1270,1988-01-01,,eng,590
1977,9780521258302,322,1992-01-01,,eng,290
1978,9780553347104,181,1988-01-01,,eng,352
1979,9783642427497,1639,2011-01-01,,eng,128
1980,9780071361286,1056,2000-01-01,,eng,369
1981,9781492056638,1201,2020-01-01,,eng,350
1982,9781584882541,356,2002-01-01,,eng,383
1983,9780977858217,833,2006-01-01,,eng,450
1984,9781852334130,879,2002-01-01,,eng,221
1985,9781444324051,1930,2010-01-01,,eng,800
1986,9780521190190,322,2009-01-01,,eng,466
1987,9780321718938,1325,2004-01-01,,eng,468
1988,9781593272944,1180,2011-01-01,,eng,373
1989,9783662047361,1640,2000-01-01,,eng,488
1990,9783319388267,1644,2014-01-01,,eng,217
1991,9781482219227,311,2014-01-01,,eng,571
1992,9781119238799,903,2010-01-01,,eng,912
1993,9780321160768,52,1997-01-01,,eng,365
1994,9783319257600,1543,2015-01-01,,eng,302
1995,9781800206137,1277,2021-01-01,,eng,316
1996,9780136681540,1298,2012-01-01,,eng,688
1997,9780679743897,1285,1992-01-01,,eng,390
1998,9781931841948,1137,2002-01-01,,eng,976
1999,9781491942017,1205,2016-01-01,,eng,124
2000,9781430213642,26,2005-01-01,,eng,528
2001,9781800561212,1277,2021-01-01,,eng,310
2002,9780198835653,1237,2019-01-01,,eng,304
2003,9783642151996,1648,2010-01-01,,eng,241
2004,9781848266773,593,2009-01-01,,eng,374
2005,9781580863216,546,2000-01-01,,eng,72
2006,9781847045843,879,2000-01-01,,eng,418
2007,9781285860237,339,2016-01-01,,eng,760
2008,9780071353458,1565,2000-01-01,,,407
2009,9781299609747,1973,2000-01-01,,eng,
2010,9780470612309,810,2007-01-01,,"und,eng",408
2011,9783319701356,1543,2017-01-01,,eng,944
2012,9781447174516,1648,2013-01-01,,eng,921
2013,9781447160694,1644,2014-01-01,,eng,320
2014,9781119970620,1930,1991-01-01,,eng,380
2015,9780738612652,1486,2021-01-01,,eng,
2016,9783540649281,1543,1998-01-01,,eng,353
2017,9780072474800,1056,2003-01-01,,eng,524
2018,9780886822330,430,1989-01-01,,eng,32
2019,9780691209067,1416,2011-01-01,,eng,232
2020,9781789347067,2009,2015-01-01,,eng,284
2021,9783030058722,1644,2019-01-01,,eng,325
2022,9780511287329,322,2007-01-01,,eng,392
2023,9781134797813,1737,2017-01-01,,eng,238
2024,9783540972990,879,1990-01-01,,eng,453
2025,9780070228894,1956,1994-01-01,,eng,413
2026,9781932394238,1025,2004-01-01,,eng,737
2027,9780470970638,885,2010-01-01,,eng,224
2028,9780124157811,580,2013-01-01,,,320
2029,9783319937816,1640,2011-01-01,,eng,582
2030,9781484223871,26,2016-01-01,,,385
2031,9780071354226,1056,1999-01-01,,eng,424
2032,9781423912354,1767,2008-01-01,,eng,40
2033,9781484261798,111,2021-01-01,,eng,
2034,9783642379727,1634,2013-01-01,,ger,
2035,9780521262071,322,1984-01-01,,eng,262
2036,9781439814895,309,2010-01-01,,eng,370
2037,9781139814782,322,2014-01-01,,eng,
2038,9781849961288,1543,2010-01-01,,eng,436
2039,9781430242031,820,2012-01-01,,eng,532
2040,9781789139587,2009,2018-01-01,,eng,268
2041,9781098143930,1201,2020-01-01,,eng,330
2042,9783319897226,1543,2018-01-01,,,354
2043,9781482252194,142,2014-01-01,,eng,227
2044,9780671877088,174,1996-01-01,,eng,320
2045,9780763722654,918,2003-01-01,,eng,241
2046,9781558607231,1120,2000-01-01,,eng,260
2047,9782759819515,549,2020-01-01,,fre,
2048,9781465208910,927,2012-01-01,,eng,
2049,9781579550516,1959,2022-01-01,,eng,384
2050,9781108654555,322,2019-01-01,,eng,918
2051,9781475727357,1652,1997-01-01,,eng,496
2052,9783319494623,1543,2016-01-01,,,205
2053,9783319937120,1543,2018-01-01,,,895
2054,9781449670818,911,2020-01-01,,eng,288
2055,9780716780779,632,1983-01-01,,eng,664
2056,9783030068707,1543,2018-01-01,,,342
2057,9780262220385,1754,1990-01-01,,eng,1006
2058,9780201876987,51,1997-01-01,,eng,714
2059,9781449358655,1205,2013-01-01,,eng,408
2060,9781306810579,1201,2014-01-01,,eng,437
2061,9780521876919,322,2007-01-01,,eng,371
2062,9781447137139,1650,2002-01-01,,eng,310
2063,9780321200068,51,2003-01-01,,eng,736
2064,9781322619033,256,2009-01-01,,eng,244
2065,9780123748997,581,2010-01-01,,eng,336
2066,9783662525708,1543,2014-01-01,,eng,428
2067,9780805311006,204,1992-01-01,,eng,648
2068,9780201711615,60,2000-01-01,,eng,374
2069,9783540637806,1543,1998-01-01,,eng,216
2070,9781306809818,1205,2000-01-01,,eng,561
2071,9783319644097,1543,2017-01-01,,,379
2072,9780123914798,581,2012-01-01,,eng,520
2073,9780201107463,56,1986-01-01,,eng,403
2074,9780897916103,128,1992-01-01,,eng,324
2075,9781555122089,861,1993-01-01,,eng,
2076,9783030631703,1648,2013-01-01,,eng,193
2077,9780596004972,1199,2003-01-01,,eng,81
2078,9780131988132,1391,1989-01-01,,eng,417
2079,9783319127415,1543,2015-01-01,,,220
2080,9780130459237,1391,1993-01-01,,eng,375
2081,9780262031714,998,1990-01-01,,eng,232
2082,9780201563092,56,1991-01-01,,eng,344
2083,9780072253597,1082,2004-01-01,,eng,277
2084,9780201882957,51,2011-01-01,,eng,585
2085,9780139119910,1391,1990-01-01,,eng,318
2086,9780805895353,1737,2004-01-01,,eng,192
2087,9783642320781,1663,2013-01-01,,ger,537
2088,9780471741961,1925,2005-01-01,,eng,
2089,9781447165170,1648,2009-01-01,,eng,506
2090,9783319385617,1543,2014-01-01,,eng,165
2091,9781447159032,1543,2012-01-01,,eng,169
2092,9781101005057,213,2000-01-01,,eng,214
2093,9783319405964,1644,2016-01-01,,eng,813
2094,9781135440558,1737,2004-01-01,,eng,2752
2095,9783319831688,1644,2009-01-01,,eng,656
2096,9780262288033,998,1999-01-01,,eng,408
2097,9780262258562,1754,2009-01-01,,eng,389
2098,9781970001853,1118,2016-01-01,,eng,408
2099,9781108271493,322,2018-01-01,,eng,398
2100,9781493953271,1543,2012-01-01,,eng,1169
2101,9781299794641,130,2013-01-01,,eng,344
2102,9780387594880,1543,1995-01-01,,eng,293
2103,9783528333355,1857,1988-01-01,,ger,351
2104,9783834800336,1853,2006-01-01,,ger,
2105,9781506347202,1368,1997-01-01,,eng,582
2106,9780750999243,1752,2015-01-01,,eng,36
2107,9783540455837,1543,2001-01-01,,eng,379
2108,9780199693795,1237,2012-01-01,,eng,292
2109,9780738497068,785,2005-01-01,,eng,286
2110,9780713992052,63,1997-01-01,,eng,286
2111,9789355519887,2009,2023-01-01,,eng,384
2112,9780123914187,581,2012-01-01,,eng,576
2113,9781280653193,1737,2006-01-01,,eng,190
2114,9781461247180,1667,1987-01-01,,eng,248
2115,9781000225204,1737,2020-01-01,,eng,280
2116,9789048197958,1651,2010-01-01,,eng,291
2117,9783540435440,1648,2002-01-01,,eng,302
2118,9780849320491,308,2000-01-01,,eng,448
2119,9781439821213,1737,2000-01-01,,eng,467
2120,9780387061696,1543,1972-01-01,,eng,464
2121,9780894342899,609,1997-01-01,,eng,188
2122,9783642336102,1543,2011-01-01,,eng,343
2123,9783662049211,1644,2002-01-01,,eng,435
2124,9780201634600,51,2001-01-01,,eng,247
2125,9781447136576,1648,2006-01-01,,eng,450
2126,9781402072956,1543,2002-01-01,,eng,332
2127,9780134190075,60,2003-01-01,,eng,528
2128,9781138436411,309,2001-01-01,,eng,303
2129,9780429079542,306,2000-01-01,,eng,800
2130,9781857283778,308,1995-01-01,,eng,240
2131,9781617293955,1026,2017-01-01,,,408
2132,9780070704695,1733,2009-01-01,,eng,393
2133,9780596005030,1199,2004-01-01,,eng,135
2134,9781875399017,318,1991-01-01,,eng,176
2135,9780596002039,1729,1997-01-01,,"eng,fre",405
2136,9781584503897,361,2005-01-01,,eng,791
2137,9780124172081,1708,2014-01-01,,,496
2138,9780511347771,322,2006-01-01,,eng,329
2139,9780511075063,322,2002-01-01,,eng,440
2140,9788885134614,815,2005-01-01,,ita,448
2141,9781935504054,1744,2011-01-01,,,660
2142,9781322566023,1929,2014-01-01,,eng,1256
2143,9780894805912,1965,1984-01-01,,eng,382
2144,9781000171983,1737,2020-01-01,,eng,216
2145,9783642791932,1640,1995-01-01,,eng,296
2146,9783642054020,1668,2010-01-01,,ger,
2147,9780262032704,998,1999-01-01,,eng,377
2148,9780130990044,1391,2002-01-01,,eng,480
2149,9780130115102,1399,1999-01-01,,eng,221
2150,9780132923729,1298,2012-01-01,,,840
2151,9780470619919,797,2010-01-01,,eng,328
2152,9780470383261,883,2010-01-01,,eng,714
2153,9781446289136,1515,2013-01-01,,eng,992
2154,9780596101978,1199,2005-01-01,,eng,658
2155,9783764340094,216,1999-01-01,,eng,491
2156,9780429968631,1737,2001-01-01,,eng,256
2157,9783642393211,1640,2009-01-01,,eng,400
2158,9783642365126,1543,2013-01-01,,eng,281
2159,9780201325669,60,1997-01-01,,eng,431
2160,9781430246237,26,2012-01-01,,eng,436
2161,9781593271787,1180,2008-01-01,,eng,651
2162,9780201657890,56,2001-01-01,,eng,452
2163,9780195108439,1237,1997-01-01,,eng,471
2164,9783642420542,1648,2013-01-01,,eng,680
2165,9780470223888,1977,2008-01-01,,eng,504
2166,9780805327205,207,1994-01-01,,eng,554
2167,9780521662208,322,2000-01-01,,eng,463
2168,9780830676200,1954,1990-01-01,,eng,360
2169,9780893566180,1550,1992-01-01,,eng,3171
2170,9783319344201,103,2011-01-01,,eng,204
2171,9780126455359,1120,2000-01-01,,eng,466
2172,9780789741158,1298,2012-01-01,,,502
2173,9780273774426,1316,2009-01-01,,eng,1134
2174,9780805303346,208,1987-01-01,,eng,614
2175,9780735637405,1103,2001-01-01,,eng,640
2176,9780321245748,1307,2005-01-01,,eng,609
2177,9789027719287,1262,1987-01-01,,eng,380
2178,9781119416876,1546,2006-01-01,,eng,540
2179,9783030775919,1644,2013-01-01,,eng,358
2180,9780470936443,1930,2012-01-01,,eng,320
2181,9783842011540,1794,2014-01-01,,"eng,ger",270
2182,9780596002565,1199,1999-01-01,,eng,416
2183,9781447100515,1543,2003-01-01,,eng,256
2184,9780471459170,1948,2003-01-01,,eng,968
2185,9781783987467,1275,2017-01-01,,,412
2186,9781931769563,11,2006-01-01,,eng,370
2187,9783540791874,1543,2008-01-01,,eng,224
2188,9781119069713,1930,2015-01-01,,eng,272
2189,9781780174204,164,2018-01-01,,eng,
2190,9781799822424,802,2020-01-01,,eng,407
2191,9780713991550,194,1995-01-01,,"ger,eng",525
2192,9780792399223,932,1997-01-01,,eng,202
2193,9780471573012,1925,1992-01-01,,eng,506
2194,9781789615852,1274,2018-01-01,,,466
2195,9780201648638,51,2000-01-01,,eng,502
2196,9780077109080,1058,2004-01-01,,eng,528
2197,9781468402131,1660,1993-01-01,,eng,421
2198,9783319951645,1543,2018-01-01,,,803
2199,9781439875490,1737,2020-01-01,,eng,336
2200,9780023607301,1002,1986-01-01,,eng,97
2201,9789810241926,1970,2000-01-01,,eng,346
2202,9788829829910,1109,2009-01-01,,ita,351
2203,9780321385024,1316,2017-01-01,,eng,1008
2204,9783642429880,1543,2014-01-01,,,312
2205,9780132545181,1391,2012-01-01,,eng,488
2206,9780816042852,836,2000-01-01,,eng,256
2207,9780824722982,308,2002-01-01,,eng,500
2208,9781471866197,753,2016-01-01,,eng,360
2209,9780333646946,1281,1995-01-01,,,304
2210,9786057525581,440,2018-01-01,,eng,379
2211,9780471811060,899,1985-01-01,,,496
2212,9780205483877,1298,1999-01-01,,eng,236
2213,9780511994838,322,2011-01-01,,eng,376
2214,9781593079024,455,2008-01-01,,eng,119
2215,9781447122999,1646,2012-01-01,,eng,395
2216,9781118446096,903,2006-01-01,,eng,440
2217,9781315161518,1737,2017-01-01,,eng,498
2218,9780768666304,60,2001-01-01,,eng,774
2219,9780385741446,589,2017-01-01,,,384
2220,9781593157210,1846,2012-01-01,,eng,291
2221,9780387682570,1648,2007-01-01,,eng,255
2222,9781581600889,1279,2000-01-01,,eng,119
2223,9780262640220,1754,1986-01-01,,eng,452
2224,9781118618899,980,2010-01-01,,eng,320
2225,9780429545184,1737,2019-01-01,,eng,196
2226,9781465260475,927,2014-01-01,,eng,
2227,9783540751601,1648,2005-01-01,,eng,
2228,9781681734880,1644,2019-01-01,,eng,
2229,9783031013829,1644,2018-01-01,,eng,88
2230,9781282113633,1929,2009-01-01,,eng,450
2231,9781489979247,1543,2009-01-01,,eng,756
2232,9783031293887,1644,2018-01-01,,eng,244
2233,9781119002925,1929,2014-01-01,,eng,496
2234,9783031067723,1644,2011-01-01,,eng,465
2235,9783030948993,1644,2015-01-01,,eng,308
2236,9780619159078,414,2003-01-01,,eng,992
2237,9781430232926,512,2011-01-01,,eng,298
2238,9781299677265,1970,1990-01-01,,eng,153
2239,9780789734204,1448,2005-01-01,,eng,246
2240,9780596803988,1205,2015-01-01,,eng,536
2241,9780429760990,1737,2019-01-01,,eng,340
2242,9780367572464,1737,2017-01-01,,eng,372
2243,9781597496605,1712,2011-01-01,,eng,310
2244,9781447156130,1648,1997-01-01,,eng,378
2245,9781315120294,1737,2017-01-01,,eng,275
2246,9781351831635,308,2001-01-01,,eng,368
2247,9780471105886,1925,1995-01-01,,eng,431
2248,9781430246190,26,2013-01-01,,eng,392
2249,9780746053607,1832,2002-01-01,,,448
2250,9788483172490,1819,2001-01-01,,spa,106
2251,9780553578089,1631,1998-01-01,,eng,608
2252,9781118092361,905,2012-01-01,,eng,
2253,9780136089162,1322,2011-01-01,,eng,572
2254,9781498729437,309,2016-01-01,,eng,238
2255,9780080885018,579,2009-01-01,,eng,420
2256,9780077103934,1055,2000-01-01,,eng,338
2257,9780262691840,998,1996-01-01,,eng,336
2258,9781583470930,995,2009-01-01,,eng,228
2259,9783319391106,1648,2013-01-01,,eng,161
2260,9780071390392,1834,1998-01-01,,eng,223
2261,9780201695816,56,1997-01-01,,eng,375
2262,9781430219637,1648,2009-01-01,,eng,312
2263,9783032020598,1644,2015-01-01,,eng,290
2264,9780201342925,51,1998-01-01,,eng,441
2265,9780131855885,1391,1997-01-01,,eng,500
2266,9780201708516,56,2001-01-01,,eng,176
2267,9781482292343,308,2004-01-01,,eng,348
2268,9781119171096,1929,2015-01-01,,eng,678
2269,9783031224324,1648,2016-01-01,,eng,504
2270,9783540745938,1648,2007-01-01,,eng,194
2271,9781299277373,1929,2010-01-01,,eng,914
2272,9780262309691,998,2006-01-01,,eng,476
2273,9781782162155,2009,2013-01-01,,eng,398
2274,9781447145349,1543,2012-01-01,,eng,297
2275,9780321549426,51,2008-01-01,,eng,432
2276,9780130870148,1399,2000-01-01,,eng,
2277,9780072226966,1082,2003-01-01,,eng,507
2278,9780582236547,55,1996-01-01,,eng,259
2279,9780471130413,898,1995-01-01,,eng,514
2280,9780805393552,208,1987-01-01,,eng,387
2281,9783319755014,1543,2005-01-01,,eng,846
2282,9781558605978,581,2000-01-01,,eng,364
2283,9780134858333,60,2018-01-01,,,960
2284,9783319048963,1640,2013-01-01,,eng,244
2285,9780072126228,1056,1994-01-01,,eng,491
2286,9780130653949,1391,2002-01-01,,eng,112
2287,9781799830382,802,2020-01-01,,eng,403
2288,9780132413930,1399,2007-01-01,,eng,608
2289,9781282650411,1322,2008-01-01,,eng,400
2290,9780262534789,998,2017-01-01,,eng,392
2291,9780132583442,545,1993-01-01,,eng,290
2292,9780471503453,900,1989-01-01,,eng,496
2293,9783527285112,1833,1992-01-01,,eng,524
2294,9789810247003,1974,2001-01-01,,eng,452
2295,9783540649175,1543,1998-01-01,,eng,436
2296,9781430224150,26,2009-01-01,,eng,360
2297,9780429884894,142,2016-01-01,,eng,236
2298,9781590593202,26,2004-01-01,,eng,350
2299,9780131547278,1329,2006-01-01,,eng,534
2300,9780471228554,1929,1992-01-01,,eng,528
2301,9780789008367,730,1999-01-01,,eng,204
2302,9781843726746,955,2008-01-01,,eng,
2303,9783662517581,1543,2006-01-01,,eng,468
2304,9781461418870,1648,2011-01-01,,eng,252
2305,9780471258414,898,1999-01-01,,eng,368
2306,9780201146479,63,1986-01-01,,eng,325
2307,9783319308067,1648,2015-01-01,,eng,234
2308,9781449306571,1199,2011-01-01,,eng,232
2309,9781000338126,1737,2021-01-01,,eng,348
2310,9780778775515,423,2010-01-01,,eng,32
2311,9780124058651,1126,2013-01-01,,eng,370
2312,9781491911686,1205,2015-01-01,,eng,461
2313,9780750687621,294,2009-01-01,,eng,452
2314,9781138112254,309,2009-01-01,,eng,528
2315,9781408237618,1506,2014-01-01,,eng,496
2316,9780201715941,59,2001-01-01,,eng,424
2317,9780511836503,322,1998-01-01,,eng,429
2318,9781317933502,1737,1989-01-01,,eng,248
2319,9783642432262,932,1999-01-01,,eng,228
2320,9789067644259,1840,2005-01-01,,eng,196
2321,9781836644835,1277,2016-01-01,,eng,319
2322,9780201750447,1307,2001-01-01,,eng,267
2323,9780201633856,63,1996-01-01,,eng,379
2324,9781617293818,1026,2018-01-01,,,320
2325,9780750297486,1906,2017-01-01,,eng,
2326,9783540448051,1648,2003-01-01,,eng,612
2327,9781282651562,322,2009-01-01,,eng,574
2328,9780470277218,903,2007-01-01,,eng,388
2329,9781800208094,1277,2020-01-01,,eng,764
2330,9780442001575,871,1992-01-01,,eng,352
2331,9780262071024,998,1990-01-01,,eng,622
2332,9780977140091,1743,2011-01-01,,,
2333,9783662483848,1648,2015-01-01,,eng,576
2334,9783319181639,1644,2015-01-01,,eng,486
2335,9781351823951,1737,2013-01-01,,eng,520
2336,9783540742821,1648,2007-01-01,,eng,819
2337,9781893115798,26,2000-01-01,,eng,892
2338,9780321773777,1316,2011-01-01,,eng,523
2339,9780387198798,1543,1994-01-01,,eng,294
2340,9783642276972,1640,2012-01-01,,eng,173
2341,9781119823810,1929,2018-01-01,,eng,544
2342,9780028642307,81,2002-01-01,,eng,433
2343,9781848212992,807,2011-01-01,,eng,288
2344,9780138816568,1404,1984-01-01,,eng,386
2345,9780471047100,1925,1976-01-01,,eng,362
2346,9783642096822,1543,2010-01-01,,,312
2347,9780195086096,1237,1995-01-01,,eng,412
2348,9780471585527,1925,1995-01-01,,eng,746
2349,9781784391454,1275,2016-01-01,,,330
2350,9781260150537,1060,2019-01-01,,,800
2351,9780691158198,1416,2013-01-01,,eng,232
2352,9780201513769,56,1991-01-01,,eng,401
2353,9780262692755,998,2001-01-01,,eng,482
2354,9781423912088,414,2007-01-01,,eng,616
2355,9781468444391,1660,1983-01-01,,eng,434
2356,9780521442206,322,1993-01-01,,eng,317
2357,9783642165054,1543,2003-01-01,,eng,267
2358,9780080497556,580,2004-01-01,,eng,415
2359,9780521818025,300,2003-01-01,,"und,eng",545
2360,9783540420767,1648,1998-01-01,,eng,400
2361,9781118166321,898,2011-01-01,,eng,564
2362,9780070258877,531,1962-01-01,,eng,566
2363,9780273088325,998,1991-01-01,,eng,238
2364,9780307055033,655,1986-01-01,,eng,84
2365,9780130219725,1391,1999-01-01,,eng,192
2366,9782894289983,1967,2005-01-01,,eng,48
2367,9781461509523,1648,2002-01-01,,eng,182
2368,9783031359200,1543,2020-01-01,,eng,242
2369,9781461282433,1660,1988-01-01,,eng,356
2370,9783642387890,823,2013-01-01,,eng,214
2371,9783319127453,1543,2014-01-01,,eng,221
2372,9781430225263,1543,2010-01-01,,eng,1012
2373,9781250215789,1367,2018-01-01,,eng,280
2374,9780750675345,1173,1996-01-01,,eng,345
2375,9781439869765,309,2011-01-01,,eng,648
2376,9783540324249,1543,2005-01-01,,eng,549
2377,9781420065480,1737,2008-01-01,,eng,729
2378,9781118936283,1930,2014-01-01,,eng,440
2379,9783540292760,1648,2006-01-01,,ger,498
2380,9780080916453,43,1992-01-01,,eng,
2381,9781789805673,1277,2020-01-01,,eng,328
2382,9781430239697,26,2012-01-01,,eng,141
2383,9781461234746,1543,1989-01-01,,eng,346
2384,9781452257921,1515,2011-01-01,,eng,164
2385,9781627051569,1644,2013-01-01,,eng,
2386,9780810465640,733,1988-01-01,,eng,510
2387,9781461271796,819,1999-01-01,,eng,219
2388,9781447158431,823,2013-01-01,,eng,284
2389,9783834820686,1665,2012-01-01,,ger,383
2390,9780387907901,1543,1983-01-01,,eng,329
2391,9780429288739,1737,2020-01-01,,eng,394
2392,9781841496474,1432,2010-01-01,,eng,384
2393,9781439815359,1737,2011-01-01,,eng,248
2394,9780782142037,1546,2003-01-01,,eng,959
2395,9783031144622,1543,2017-01-01,,eng,391
2396,9781118581209,1929,2014-01-01,,eng,512
2397,9798341607972,1205,2025-01-01,,eng,875
2398,9780357132098,1624,2003-01-01,,eng,840
2399,9783110412086,2009,2016-01-01,,ger,428
2400,9780008162061,714,2016-01-01,,eng,
2401,9781952365959,1528,2020-01-01,,eng,268
2402,9781956768237,829,2018-01-01,,ger,
2403,9783319827513,1648,2016-01-01,,eng,328
2404,9781493932948,1543,2016-01-01,,eng,433
2405,9783319468099,1543,2016-01-01,,eng,745
2406,9783319472850,1644,2016-01-01,,eng,339
2407,9780132028547,985,1991-01-01,,eng,527
2408,9781930110991,1025,2004-01-01,,eng,360
2409,9781935504603,1744,2013-01-01,,eng,
2410,9781556158438,1103,1995-01-01,,eng,1194
2411,9780070536142,1056,1988-01-01,,eng,257
2412,9780201361865,1391,2000-01-01,,eng,937
2413,9781590593882,26,2004-01-01,,eng,432
2414,9781517900595,1828,2018-01-01,,eng,452
2415,9781852426453,703,1998-01-01,,eng,366
2416,9780070379909,1056,1982-01-01,,eng,357
2417,9780134177519,59,2015-01-01,,eng,328
2418,9780127887722,25,1995-01-01,,eng,271
2419,9780429757082,356,1999-01-01,,eng,581
2420,9781447150787,272,2013-01-01,,eng,420
2421,9783642430978,823,2013-01-01,,eng,478
2422,9781449330897,1205,2012-01-01,,eng,141
2423,9782729605582,1836,1994-01-01,,"eng,ger,fre",480
2424,9780321774095,56,2012-01-01,,eng,
2425,9781483268682,43,1992-01-01,,eng,300
2426,9783319968117,1640,2017-01-01,,eng,393
2427,9780130796035,1404,1984-01-01,,eng,715
2428,9781799866787,802,2020-01-01,,eng,
2429,9780134319889,1298,2016-01-01,,,352
2430,9781107547544,322,2016-01-01,,eng,328
2431,9783540877301,1543,2008-01-01,,eng,847
2432,9780072129540,1232,2001-01-01,,eng,348
2433,9780672321276,1307,1998-01-01,,eng,541
2434,9783031150852,1644,2012-01-01,,eng,349
2435,9781466800779,1797,2015-01-01,,eng,301
2436,9783764369330,1543,2002-01-01,,eng,557
2437,9780262192675,992,1987-01-01,,eng,671
2438,9780521430647,322,1996-01-01,,eng,1486
2439,9780669075793,444,1987-01-01,,eng,524
2440,9781448813186,1502,2011-01-01,,eng,
2441,9788980666621,765,1995-01-01,,eng,246
2442,9780817631413,217,1987-01-01,,eng,390
2443,9780333985953,1281,2002-01-01,,eng,512
2444,9783540679011,1543,2000-01-01,,eng,708
2445,9781402031458,931,2005-01-01,,eng,374
2446,9780262287296,998,1999-01-01,,eng,261
2447,9783642276323,1639,2007-01-01,,eng,260
2448,9783527618897,1930,2006-01-01,,eng,482
2449,9780470165164,1925,2007-01-01,,eng,436
2450,9781430246121,26,2013-01-01,,eng,272
2451,9781430249092,820,2012-01-01,,eng,172
2452,9781430247234,26,2012-01-01,,eng,169
2453,9781430247777,26,2012-01-01,,eng,280
2454,9789401041218,1648,1995-01-01,,eng,256
2455,9780080923215,581,2000-01-01,,eng,120
2456,9780387235288,1543,2004-01-01,,eng,396
2457,9781139114264,322,2011-01-01,,eng,348
2458,9783642400193,1648,2013-01-01,,eng,889
2459,9781957274157,302,2023-01-01,,eng,
2460,9783642593406,1639,2003-01-01,,eng,257
2461,9781280522505,1929,2003-01-01,,eng,488
2462,9781837637164,2009,2020-01-01,,eng,370
2463,9781449359775,1205,2012-01-01,,eng,342
2464,9780763863029,1288,2013-01-01,,eng,286
2465,9783642209185,1543,2010-01-01,,ger,108
2466,9781454926221,1694,2018-01-01,,eng,528
2467,9781351995283,1737,1998-01-01,,eng,1016
2468,9780134306568,1522,2000-01-01,,eng,528
2469,9780080922003,581,2008-01-01,,eng,972
2470,9781449338909,2030,2012-01-01,,"eng,rus",149
2471,9781000824988,310,2022-01-01,,eng,174
2472,9781118021989,898,2011-01-01,,eng,696
2473,9780817632762,218,1986-01-01,,eng,264
2474,9783764342494,216,2001-01-01,,eng,448
2475,9781498750752,359,2018-01-01,,eng,440
2476,9780130845061,885,1989-01-01,,eng,400
2477,9781558512306,985,1991-01-01,,eng,300
2478,9781119096689,1929,2015-01-01,,eng,848
2479,9783642613784,1648,1988-01-01,,eng,302
2480,9781593277932,1180,2016-01-01,,,320
2481,9781852333263,1543,2001-01-01,,eng,360
2482,9781118152812,1925,1975-01-01,,eng,548
2483,9780672329913,1552,2009-01-01,,eng,912
2484,9783319401706,1543,2015-01-01,,,222
2485,9780747569862,234,2004-01-01,,"spa,und,eng",428
2486,9783319056920,1648,2010-01-01,,eng,300
2487,9781568302782,733,1996-01-01,,eng,326
2488,9780201796674,56,1999-01-01,,"eng,swe",320
2489,9780120884360,573,2005-01-01,,eng,669
2490,9781466661462,1087,2014-01-01,,eng,310
2491,9780805390551,208,1993-01-01,,eng,480
2492,9783031568510,1543,2023-01-01,,eng,
2493,9780029486306,386,1986-01-01,,eng,358
2494,9780898715378,1618,1987-01-01,,eng,87
2495,9780789750013,1439,2012-01-01,,,
2496,9780262323826,998,2015-01-01,,eng,456
2497,9781250112262,679,2017-01-01,,eng,271
2498,9781135663766,1737,1999-01-01,,eng,208
2499,9781449344825,1205,2010-01-01,,"hin,eng",429
2500,9780719810732,1149,2013-01-01,,eng,192
2501,9783030698072,1543,2015-01-01,,eng,502
2502,9780782110609,1546,1992-01-01,,eng,144
2503,9783319428260,1648,2013-01-01,,eng,323
2504,9783319066455,823,2013-01-01,,eng,187
2505,9783540404606,1543,1998-01-01,,eng,207
2506,9783540612704,1543,1997-01-01,,eng,386
2507,9780531046678,599,1983-01-01,,eng,147
2508,9780470126707,1948,2006-01-01,,eng,480
2509,9780231120135,1912,2000-01-01,,eng,192
2510,9780367814656,1737,2019-01-01,,eng,194
2511,9781466585416,10,2014-01-01,,eng,433
2512,9780429067525,310,2012-01-01,,eng,
2513,9781590597699,26,2007-01-01,,eng,270
2514,9783319899596,1650,2018-01-01,,,474
2515,9780131964778,1404,1983-01-01,,eng,490
2516,9781597802338,1689,2011-01-01,,eng,232
2517,9781430260325,1648,2008-01-01,,eng,534
2518,9781868726820,1698,2003-01-01,,eng,80
2519,9780823922703,557,1997-01-01,,eng,64
2520,9780123742971,311,2008-01-01,,eng,624
2521,9780827349469,468,1987-01-01,,eng,478
2522,9781430244165,820,2012-01-01,,eng,531
2523,9781489989161,1543,2013-01-01,,eng,253
2524,9781575863399,315,2001-01-01,,eng,328
2525,9783030600723,1648,2015-01-01,,eng,263
2526,9781430245698,820,2012-01-01,,eng,186
2527,9780830625321,1954,1991-01-01,,eng,3
2528,9781447124788,1644,2012-01-01,,eng,544
2529,9781118240601,1929,2012-01-01,,eng,300
2530,9783540451822,1543,2006-01-01,,eng,312
2531,9780201043983,63,1986-01-01,,eng,742
2532,9783030283766,1644,2015-01-01,,eng,614
2533,9780735646971,1103,2009-01-01,,eng,715
2534,9783540098126,1543,1979-01-01,,eng,593
2535,9780130142511,1391,2000-01-01,,eng,945
2536,9781484236840,26,2018-01-01,,,296
2537,9781119183426,1929,2017-01-01,,eng,528
2538,9789810230913,1980,1989-01-01,,eng,246
2539,9780429020582,310,2020-01-01,,eng,198
2540,9781680502459,1388,2018-01-01,,,181
2541,9781282375611,950,2005-01-01,,eng,324
2542,9781617290060,1028,2012-01-01,,eng,462
2543,9780321179364,60,1998-01-01,,eng,112
2544,9781430218890,26,2009-01-01,,eng,395
2545,9781548919269,1543,2012-01-01,,eng,341
2546,9781430263821,26,2014-01-01,,,392
2547,9780470099513,903,2007-01-01,,eng,645
2548,9780470625507,1925,2007-01-01,,eng,1061
2549,9781849965965,1543,2000-01-01,,eng,308
2550,9781558607125,1120,2001-01-01,,eng,435
2551,9780470517741,1944,2008-01-01,,eng,165
2552,9781498745598,1506,2017-01-01,,eng,166
2553,9781498757782,1737,2016-01-01,,eng,586
2554,9783662259894,1652,2001-01-01,,eng,339
2555,9788847057821,1648,2006-01-01,,ita,628
2556,9783662047200,1543,2002-01-01,,eng,394
2557,9780130869005,1391,2000-01-01,,eng,1028
2558,9781789808742,2009,2019-01-01,,eng,514
2559,9781884777271,1025,1996-01-01,,eng,301
2560,9781541702363,1424,2023-01-01,,eng,
2561,9789575660376,1978,1994-01-01,,"chi,eng",490
2562,9780136156789,1316,2011-01-01,,eng,512
2563,9780470120200,899,2006-01-01,,eng,848
2564,9781634628419,1744,2021-01-01,,"spa,eng,dut",177
2565,9781435884502,1503,2002-01-01,,eng,144
2566,9780321532893,1316,2009-01-01,,eng,283
2567,9780138584573,1391,1997-01-01,,eng,393
2568,9781932802108,764,2005-01-01,,eng,226
2569,9780787650667,646,2002-01-01,,eng,668
2570,9781536171884,1193,2020-01-01,,eng,211
2571,9781536173871,1193,2020-01-01,,eng,178
2572,9783319910079,1543,2018-01-01,,eng,773
2573,9781536173642,1193,2020-01-01,,eng,153
2574,9780262043410,998,2020-01-01,,eng,320
2575,9781601383198,132,2009-01-01,,eng,288
2576,9780131277670,1250,2004-01-01,,eng,688
2577,9783764364304,219,2000-01-01,,eng,341
2578,9781885978004,1968,1994-01-01,,eng,103
2579,9783642382338,1640,2013-01-01,,eng,398
2580,9780471469452,1929,2004-01-01,,eng,246
2581,9780387944050,879,1995-01-01,,eng,169
2582,9781461368045,1543,1991-01-01,,eng,166
2583,9781040203651,1737,2024-01-01,,eng,218
2584,9781597491235,1707,2007-01-01,,eng,487
2585,9780816077571,603,2011-01-01,,eng,192
2586,9781119136439,1948,2015-01-01,,eng,316
2587,9783540800743,1639,2005-01-01,,eng,316
2588,9783540735540,1543,2006-01-01,,eng,267
2589,9783540221142,1543,2004-01-01,,eng,745
2590,9781489989208,1660,2012-01-01,,eng,530
2591,9783030291952,1644,2008-01-01,,eng,431
2592,9781108608480,322,2020-01-01,,eng,200
2593,9783319118390,1640,2011-01-01,,eng,175
2594,9780470549636,1929,2008-01-01,,eng,222
2595,9783319155791,1648,2012-01-01,,eng,607
2596,9780818671401,798,1996-01-01,,eng,356
2597,9783540690191,1648,2008-01-01,,eng,91
2598,9780387284873,1543,2006-01-01,,eng,366
2599,9780273768418,56,1995-01-01,,eng,864
2600,9780619059620,414,2002-01-01,,eng,848
2601,9780898741995,1056,1963-01-01,,eng,535
2602,9780203120231,1714,2013-01-01,,eng,172
2603,9781861001894,1977,1998-01-01,,eng,470
2604,9780137372485,1399,1997-01-01,,eng,636
2605,9780668062459,115,1985-01-01,,eng,144
2606,9780521545402,322,2004-01-01,,eng,212
2607,9784431554288,1648,2014-01-01,,eng,130
2608,9781482235173,359,2003-01-01,,eng,500
2609,9780262521772,998,1991-01-01,,"eng,spa",436
2610,9781849694537,1274,2013-01-01,,eng,302
2611,9781849969208,1543,2004-01-01,,eng,366
2612,9781107010024,322,2014-01-01,,eng,379
2613,9781138061231,1737,2013-01-01,,eng,620
2614,9780596523060,1199,2009-01-01,,eng,404
2615,9781449330538,1205,2012-01-01,,eng,303
2616,9783642538506,1543,2014-01-01,,,140
2617,9780471557173,1948,1992-01-01,,eng,580
2618,9781447166023,1648,2014-01-01,,eng,212
2619,9781306811699,1205,2004-01-01,,eng,331
2620,9781846284359,1648,2006-01-01,,eng,232
2621,9780470141021,1928,2006-01-01,,eng,464
2622,9781322668031,1737,2011-01-01,,eng,350
2623,9781799811602,802,2019-01-01,,eng,227
2624,9783110153651,1131,1997-01-01,,eng,244
2625,9780132091510,1310,2011-01-01,,eng,1134
2626,9780203122778,1737,2012-01-01,,eng,368
2627,9781283546805,1737,1997-01-01,,eng,478
2628,9780511624193,322,1990-01-01,,eng,248
2629,9783319999050,1543,2017-01-01,,eng,239
2630,9781461488057,1543,2013-01-01,,eng,1080
2631,9783319988115,1543,2016-01-01,,eng,488
2632,9780321112545,60,2003-01-01,,eng,544
2633,9780201498349,51,1998-01-01,,eng,250
2634,9780321774514,60,2006-01-01,,,384
2635,9780201702200,51,2000-01-01,,eng,806
2636,9780124078864,1120,2013-01-01,,,797
2637,9781351630221,1737,2015-01-01,,eng,266
2638,9783540201502,1648,2003-01-01,,eng,418
2639,9780321906045,1316,2014-01-01,,eng,353
2640,9780081011270,294,2007-01-01,,eng,466
2641,9780203491324,142,2003-01-01,,eng,448
2642,9780132946148,56,2012-01-01,,eng,320
2643,9781558606050,1120,1999-01-01,,eng,446
2644,9780982131428,1525,2010-01-01,,eng,705
2645,9780672329883,1552,2008-01-01,,eng,4809
2646,9783540319948,1644,2003-01-01,,eng,632
2647,9780521437196,322,1992-01-01,,eng,978
2648,9783642311031,1543,2012-01-01,,,353
2649,9783540633075,1543,1997-01-01,,eng,476
2650,9780123973375,1120,2012-01-01,,eng,536
2651,9783540321231,1648,1997-01-01,,eng,228
2652,9783319369402,1644,2015-01-01,,eng,401
2653,9783319248097,1543,2016-01-01,,eng,278
2654,9783642415913,1543,2013-01-01,,eng,180
2655,9783540414926,1667,2000-01-01,,eng,196
2656,9780314852991,1916,1984-01-01,,eng,404
2657,9781461487630,1543,2013-01-01,,eng,112
2658,9781630814663,120,2017-01-01,,eng,480
2659,9781491901595,1201,2015-01-01,,eng,552
2660,9780230304567,268,2004-01-01,,eng,460
2661,9780190211899,1237,2016-01-01,,,668
2662,9780080504667,1737,2002-01-01,,eng,383
2663,9783642610639,1679,1996-01-01,,eng,196
2664,9783642188602,879,2003-01-01,,eng,734
2665,9780387952093,1648,2002-01-01,,eng,410
2666,9789811037726,1543,2017-01-01,,,770
2667,9780132152600,1404,1985-01-01,,eng,321
2668,9780201521481,56,1992-01-01,,eng,594
2669,9783540594970,1543,1995-01-01,,eng,1150
2670,9781593270773,1180,2006-01-01,,eng,216
2671,9781558511798,985,1991-01-01,,eng,914
2672,9780471104278,1925,1991-01-01,,eng,292
2673,9781849516389,1272,2010-01-01,,eng,256
2674,9783032243492,1543,2023-01-01,,eng,454
2675,9780470367322,1929,2002-01-01,,eng,562
2676,9781526449931,1521,2018-01-01,,eng,376
2677,9781482225310,1737,2013-01-01,,eng,236
2678,9780072823790,1075,2001-01-01,,eng,749
2679,9789999955256,866,1987-01-01,,"eng,ara",464
2680,9780135278376,1316,2019-01-01,,eng,528
2681,9781782160915,1277,2012-01-01,,eng,64
2682,9781449331443,1205,2005-01-01,,eng,996
2683,9780429514876,1737,2014-01-01,,eng,376
2684,9781847196767,1277,2009-01-01,,eng,
2685,9780262025232,998,2002-01-01,,eng,406
2686,9781439806173,308,2010-01-01,,eng,288
2687,9781118004425,898,2011-01-01,,,
2688,9781590597842,26,2007-01-01,,eng,290
2689,9783319120591,1648,2014-01-01,,eng,373
2690,9780768663471,1307,2004-01-01,,eng,504
2691,9780805389401,208,1986-01-01,,eng,636
2692,9781599045368,838,2007-01-01,,eng,523
2693,9780470148310,1925,2007-01-01,,eng,362
2694,9780123748560,1120,2011-01-01,,eng,629
2695,9781351029698,1737,2020-01-01,,eng,134
2696,9780127999579,1120,2014-01-01,,eng,243
2697,9780130347909,1399,2002-01-01,,eng,288
2698,9780080558264,581,2008-01-01,,eng,317
2699,9780262326636,998,2014-01-01,,eng,392
2700,9781315525525,1506,2016-01-01,,eng,250
2701,9780534375973,414,2000-01-01,,eng,672
2702,9780134397771,1316,2016-01-01,,eng,288
2703,9781138628809,310,2016-01-01,,eng,378
2704,9780857299314,1543,2011-01-01,,eng,699
2705,9781441906052,1543,2009-01-01,,eng,398
2706,9781934356289,1388,2009-01-01,,eng,214
2707,9781586488741,1341,2011-01-01,,"eng,rus",432
2708,9780979930423,1177,2011-01-01,,eng,199
2709,9781584502050,361,2003-01-01,,eng,352
2710,9781484226063,111,2017-01-01,,eng,112
2711,9781118031964,898,2011-01-01,,eng,
2712,9780897919609,127,1997-01-01,,eng,414
2713,9780470012703,885,2009-01-01,,eng,682
2714,9780123822307,1120,2010-01-01,,,302
2715,9780387202488,1543,2007-01-01,,eng,662
2716,9780780307988,1617,1992-01-01,,eng,1410
2717,9780130907639,1307,2001-01-01,,eng,416
2718,9781461555391,1660,1998-01-01,,eng,276
2719,9789027721488,504,1899-01-01,,eng,494
2720,9780333998663,1281,2003-01-01,,,512
2721,9783662215494,1667,1976-01-01,,eng,638
2722,9783037340936,486,2011-01-01,,eng,233
2723,9783897212879,1201,2001-01-01,,"eng,ger",575
2724,9781848827356,1543,2009-01-01,,eng,300
2725,9780387132983,1543,1984-01-01,,eng,572
2726,9780130862402,1404,1988-01-01,,eng,457
2727,9781292140414,1316,2016-01-01,,eng,
2728,9781493219261,1524,2020-01-01,,eng,550
2729,9780070066182,1056,1996-01-01,,eng,478
2730,9780830627387,1717,1986-01-01,,eng,259
2731,9780824722869,308,1995-01-01,,eng,416
2732,9781634859646,1193,2016-01-01,,eng,221
2733,9780824722845,308,1994-01-01,,eng,400
2734,9780444194527,91,1975-01-01,,eng,154
2735,9780201119404,56,1986-01-01,,eng,239
2736,9781852333577,1543,2001-01-01,,eng,267
2737,9783540601050,1543,1995-01-01,,eng,641
2738,9783662050996,1640,2003-01-01,,eng,434
2739,9783319099026,1543,2014-01-01,,eng,494
2740,9781783288397,1277,2014-01-01,,eng,115
2741,9781447151654,1543,2013-01-01,,eng,296
2742,9781774633489,108,2014-01-01,,eng,282
2743,9780521805384,322,2001-01-01,,eng,222
2744,9780534133207,1892,1991-01-01,,eng,511
2745,9788478971558,1456,1995-01-01,,spa,390
2746,9781557553041,32,1996-01-01,,eng,985
2747,9788120352902,1395,2016-01-01,,eng,
2748,9780521455206,322,1998-01-01,,eng,301
2749,9780534045906,1892,1985-01-01,,eng,516
2750,9789987531127,1724,2011-01-01,,swa,602
2751,9780746062494,1832,2004-01-01,,,96
2752,9781138028111,1737,2015-01-01,,eng,568
2753,9780792322108,933,1993-01-01,,eng,269
2754,9783540878803,1543,2008-01-01,,eng,444
2755,9781461374022,1543,2000-01-01,,eng,312
2756,9780131888128,1404,2006-01-01,,eng,296
2757,9780307969064,1465,2012-01-01,,eng,
2758,9783642840203,1640,1990-01-01,,eng,376
2759,9781483296067,581,1992-01-01,,eng,644
2760,9780201503005,56,1989-01-01,,eng,512
2761,9783540794851,1648,2008-01-01,,eng,500
2762,9780137146932,1322,2008-01-01,,eng,592
2763,9780817639495,216,1998-01-01,,eng,182
2764,9780314073396,414,1996-01-01,,eng,981
2765,9781846288470,1644,2008-01-01,,eng,283
2766,9780201488357,57,1996-01-01,,eng,530
2767,9780321995544,56,2016-01-01,,eng,795
2768,9781420059816,1737,2010-01-01,,eng,631
2769,9780976694090,1388,2006-01-01,,eng,200
2770,9783211007433,1648,2003-01-01,,eng,266
2771,9781491927434,427,2015-01-01,,eng,185
2772,9788132217442,1643,2012-01-01,,eng,223
2773,9781599041223,802,2006-01-01,,eng,320
2774,9780521649988,1537,1998-01-01,,eng,231
2775,9780135631805,1391,1988-01-01,,eng,465
2776,9789810240882,1974,1999-01-01,,eng,467
2777,9789811086021,1543,2018-01-01,,,225
2778,9783540384243,1668,1991-01-01,,eng,
2779,9780471606727,882,1993-01-01,,eng,637
2780,9780321180605,60,2003-01-01,,eng,484
2781,9781449604424,910,2012-01-01,,eng,488
2782,9780135007945,1404,1987-01-01,,eng,364
2783,9780198065432,1237,2011-01-01,,eng,567
2784,9780471583714,1925,1993-01-01,,eng,518
2785,9780128053904,1925,2010-01-01,,eng,503
2786,9781118188583,1930,2012-01-01,,eng,432
2787,9781000504347,1737,2021-01-01,,eng,192
2788,9781281326164,1737,2008-01-01,,eng,438
2789,9780898716016,1619,2006-01-01,,eng,500
2790,9780849320323,141,1999-01-01,,eng,768
2791,9781439846643,309,2011-01-01,,eng,392
2792,9781281032089,1929,2007-01-01,,eng,547
2793,9780079116918,1056,1994-01-01,,eng,666
2794,9780262313353,998,2013-01-01,,eng,296
2795,9781449341336,1201,2012-01-01,,eng,73
2796,9780672228001,1522,1991-01-01,,eng,666
2797,9781466591165,1737,2015-01-01,,eng,320
2798,9780849326493,309,1998-01-01,,eng,1312
2799,9781848001169,1543,2008-01-01,,eng,214
2800,9781000483390,1737,2021-01-01,,eng,192
2801,9780672319228,1522,2000-01-01,,eng,514
2802,9789684443648,52,2000-01-01,,eng,175
2803,9781337388511,414,2017-01-01,,eng,376
2804,9780619202224,414,2004-01-01,,eng,520
2805,9781418843731,414,2006-01-01,,eng,920
2806,9781418843700,414,2006-01-01,,eng,904
2807,9781439873717,1737,2017-01-01,,eng,305
2808,9781351141260,1737,2018-01-01,,eng,356
2809,9783540974796,1543,1991-01-01,,eng,182
2810,9780199918119,1241,2013-01-01,,eng,306
2811,9789811317323,1737,2017-01-01,,eng,511
2812,9783030310189,1543,2017-01-01,,eng,700
2813,9780471744160,903,2005-01-01,,eng,465
2814,9783540327325,1543,2006-01-01,,eng,620
2815,9783864900914,1120,2007-01-01,,eng,307
2816,9781139898478,322,2014-01-01,,eng,174
2817,9780131855229,1399,2005-01-01,,eng,552
2818,9780750306652,852,2000-01-01,,eng,270
2819,9781316650295,322,2018-01-01,,eng,398
2820,9789811925344,1658,2018-01-01,,eng,
2821,9781956768107,829,2018-01-01,,por,
2822,9783662480571,1648,2015-01-01,,eng,550
2823,9781119103042,1929,2015-01-01,,eng,196
2824,9780133880953,1307,2011-01-01,,eng,704
2825,9781516554959,385,2017-01-01,,eng,222
2826,9783486720082,2009,2003-01-01,,ger,257
2827,9780585388908,998,2000-01-01,,eng,729
2828,9781461378426,1660,1997-01-01,,eng,454
2829,9783030766627,1000,2016-01-01,,eng,221
2830,9789811539138,1658,2015-01-01,,eng,444
2831,9781785480102,1929,2014-01-01,,eng,176
2832,9781799803850,802,2019-01-01,,eng,
2833,9783662255278,1648,1993-01-01,,"eng,ger",302
2834,9781351027724,1737,2019-01-01,,eng,275
2835,9783800941049,899,1988-01-01,,eng,260
2836,9783662038116,1648,1999-01-01,,eng,462
2837,9781402074462,933,2003-01-01,,eng,607
2838,9781299992535,1736,2012-01-01,,eng,186
2839,9780072826463,1055,2003-01-01,,eng,544
2840,9780816053599,609,2008-01-01,,eng,288
2841,9780029486313,1011,1987-01-01,,eng,295
2842,9780130290403,1391,2000-01-01,,eng,557
2843,9783642215896,1543,2011-01-01,,eng,392
2844,9781400851423,1416,2014-01-01,,eng,144
2845,9781315218427,1736,2010-01-01,,eng,610
2846,9781599047294,838,2007-01-01,,eng,405
2847,9780262561150,998,1997-01-01,,eng,194
2848,9782253195085,952,2010-01-01,,eng,300
2849,9780471931249,1925,1987-01-01,,eng,206
2850,9781000154467,746,1991-01-01,,eng,438
2851,9780203299159,1506,2003-01-01,,eng,265
2852,9781597499729,1707,2013-01-01,,eng,382
2853,9781461453512,823,2012-01-01,,eng,308
2854,9781526414441,1521,2017-01-01,,eng,248
2855,9781420002638,988,2000-01-01,,eng,368
2856,9783642544736,1543,2014-01-01,,eng,233
2857,9780124924826,43,1982-01-01,,eng,248
2858,9781484216811,26,2012-01-01,,eng,248
2859,9780262111898,998,1994-01-01,,eng,746
2860,9788125911814,1859,2003-01-01,,eng,126
2861,9781611972221,1619,2012-01-01,,eng,
2862,9780470147337,1929,1968-01-01,,eng,344
2863,9781449393984,1020,2011-01-01,,eng,176
2864,9780262011440,998,1995-01-01,,eng,650
2865,9781498731768,1737,2015-01-01,,eng,222
2866,9781000073430,1737,2020-01-01,,eng,160
2867,9781133279075,469,2012-01-01,,eng,512
2868,9780965485357,1610,2003-01-01,,eng,368
2869,9781563210587,1737,1990-01-01,,eng,158
2870,9780132816274,1309,2011-01-01,,eng,431
2871,9780897916158,129,1993-01-01,,eng,160
2872,9780126464900,43,1999-01-01,,eng,639
2873,9780585002743,1754,1996-01-01,,eng,189
2874,9781799824817,802,2020-01-01,,eng,
2875,9780262038850,1754,2018-01-01,,eng,336
2876,9780922914111,1896,1993-01-01,,eng,268
2877,9780201721638,60,2001-01-01,,eng,320
2878,9781558606432,1123,2003-01-01,,eng,283
2879,9780613068123,1474,1997-01-01,,eng,
2880,9783211827338,1667,1995-01-01,,eng,380
2881,9781315349633,1737,2016-01-01,,eng,790
2882,9783642406577,1639,2013-01-01,,eng,209
2883,9783030343521,1543,2015-01-01,,eng,208
2884,9780123852076,581,2009-01-01,,eng,618
2885,9780471886570,898,1979-01-01,,,733
2886,9783319123394,1543,2005-01-01,,eng,433
2887,9781881228837,1690,1999-01-01,,eng,290
2888,9780262048644,998,2023-01-01,,eng,
2889,9783319116822,1543,2008-01-01,,eng,249
2890,9780671552800,1729,1996-01-01,,"eng,ger",132
2891,9780314046109,414,1995-01-01,,eng,231
2892,9781133608424,339,2012-01-01,,,784
2893,9780470482674,1925,2011-01-01,,eng,736
2894,9783540321149,1648,2005-01-01,,eng,1101
2895,9781522532026,802,2017-01-01,,eng,337
2896,9783319292205,1543,2016-01-01,,eng,376
2897,9783319387161,1543,2015-01-01,,eng,664
2898,9783662509623,1648,2013-01-01,,eng,252
2899,9780470744048,1929,2009-01-01,,eng,348
2900,9783642324550,1543,2012-01-01,,,195
2901,9789810207762,1973,1991-01-01,,eng,251
2902,9780544031562,555,2013-01-01,,eng,208
2903,9781617291654,1026,2014-01-01,,,384
2904,9780131293373,1322,2005-01-01,,eng,992
2905,9781315734538,1737,2015-01-01,,eng,296
2906,9780471929413,1925,1983-01-01,,eng,206
2907,9781299833371,1973,2013-01-01,,eng,691
2908,9781119255215,1925,2003-01-01,,eng,352
2909,9783662565087,1640,2013-01-01,,"eng,ger",468
2910,9788793609525,1496,2018-01-01,,eng,250
2911,9780789758682,1449,2014-01-01,,,512
2912,9781884612473,139,2005-01-01,,eng,
2913,9781982144456,1601,2021-01-01,,eng,384
2914,9780879305680,306,1999-01-01,,eng,1091
2915,9780387688527,1543,2007-01-01,,eng,631
2916,9780789712608,1445,1998-01-01,,eng,840
2917,9781449313791,1199,2011-01-01,,eng,122
2918,9780830631971,1954,1989-01-01,,eng,408
2919,9780130333704,1391,2002-01-01,,eng,862
2920,9780131469143,1329,2005-01-01,,eng,
2921,9780792378495,879,2000-01-01,,eng,315
2922,9780619131203,414,2003-01-01,,eng,720
2923,9781787129498,1277,2019-01-01,,eng,548
2924,9781784393847,1277,2015-01-01,,eng,
2925,9781788296229,2009,2019-01-01,,eng,288
2926,9781499222036,173,2014-01-01,,"eng,ger",87
2927,9781857285031,1811,1997-01-01,,eng,234
2928,9781555580087,490,1984-01-01,,eng,887
2929,9780273026730,1371,1988-01-01,,eng,281
2930,9781430201755,26,2006-01-01,,eng,336
2931,9789812383693,1974,2000-01-01,,eng,144
2932,9783319341705,1644,2016-01-01,,eng,425
2933,9783486991376,2009,2016-01-01,,ger,252
2934,9781013268632,1650,2017-01-01,,,226
2935,9781471836206,753,2014-01-01,,eng,
2936,9781627050975,1644,2013-01-01,,eng,
2937,9781947864436,1532,2022-01-01,,eng,
2938,9781408198186,234,2004-01-01,,eng,
2939,9781461241386,220,1996-01-01,,eng,375
2940,9783642643040,1667,1999-01-01,,eng,409
2941,9783319285016,1648,2016-01-01,,eng,390
2942,9784431681397,879,1991-01-01,,eng,218
2943,9783112528358,2009,1989-01-01,,eng,380
2944,9781472921024,234,2001-01-01,,eng,
2945,9783319342238,1543,2016-01-01,,eng,262
2946,9783319826899,1648,2017-01-01,,eng,417
2947,9783319330068,1648,2016-01-01,,eng,104
2948,9783319301440,1648,2016-01-01,,eng,217
2949,9783319286785,1543,2016-01-01,,eng,179
2950,9789400772144,1648,2013-01-01,,eng,424
2951,9783319837444,1543,2017-01-01,,"ger,eng",722
2952,9783319251417,1543,2015-01-01,,eng,147
2953,9781473970403,1521,2017-01-01,,eng,176
2954,9783642968792,1640,1983-01-01,,eng,192
2955,9783319420912,1644,2016-01-01,,eng,636
2956,9783319794655,1543,2015-01-01,,eng,292
2957,9783540685043,1648,2008-01-01,,eng,310
2958,9788132222675,842,2015-01-01,,eng,624
2959,9781019359365,1155,1963-01-01,,eng,
2960,9781430233602,26,2010-01-01,,,160
2961,9780262720144,998,1990-01-01,,eng,2293
2962,9780201756050,56,2002-01-01,,eng,546
2963,9780838919095,21,2019-01-01,,eng,176
2964,9781305871809,414,2016-01-01,,,1232
2965,9780071166119,1056,2000-01-01,,eng,
2966,9781839215599,1277,2020-01-01,,eng,
2967,9781783981205,1277,2014-01-01,,eng,
2968,9780124859654,25,1994-01-01,,eng,292
2969,9780201895506,60,1996-01-01,,eng,576
2970,9781351399517,1737,2019-01-01,,eng,200
2971,9781484200193,26,2011-01-01,,eng,404
2972,9780080502502,583,2001-01-01,,eng,560
2973,9781558283497,1397,1992-01-01,,eng,480
2974,9780818689741,797,1990-01-01,,eng,684
2975,9781884777011,265,1994-01-01,,eng,287
2976,9780613912792,1729,2002-01-01,,eng,
2977,9789812703682,1973,2007-01-01,,eng,229
2978,9783642290442,1543,2012-01-01,,,236
2979,9781119526865,1929,2019-01-01,,eng,256
2980,9783319866246,1543,2017-01-01,,,270
2981,9780128044964,581,2016-01-01,,eng,324
2982,9780262035828,998,2017-01-01,,eng,576
2983,9781789613797,1274,2019-01-01,,eng,358
2984,9780262023535,1754,1993-01-01,,eng,493
2985,9780023299346,1002,1989-01-01,,eng,654
2986,9783540616290,1543,1996-01-01,,eng,550
2987,9781852332594,899,1999-01-01,,eng,347
2988,9780262082396,998,1995-01-01,,eng,528
2989,9789400971547,879,1983-01-01,,eng,266
2990,9783319134871,1543,2014-01-01,,eng,239
2991,9781111527990,346,2011-01-01,,eng,818
2992,9781788833738,1274,2018-01-01,,,292
2993,9780387886299,1543,2010-01-01,,eng,392
2994,9780792391906,933,1992-01-01,,eng,230
2995,9781788398558,1275,2018-01-01,,,332
2996,9780131364516,1309,2009-01-01,,,
2997,9782287252471,1543,2007-01-01,,fre,264
2998,9781118437964,1945,2012-01-01,,eng,296
2999,9781430204961,111,2007-01-01,,eng,269
3000,9780415878913,1737,2012-01-01,,eng,194
3001,9780123750303,1123,2010-01-01,,eng,186
3002,9781292110783,1316,2012-01-01,,eng,1127
3003,9783642840494,1640,1993-01-01,,eng,383
3004,9781848003095,1543,2008-01-01,,eng,223
3005,9781846289620,1543,1998-01-01,,eng,319
3006,9781558510463,985,1989-01-01,,eng,471
3007,9783319146539,1543,2015-01-01,,eng,428
3008,9783031712395,1543,2015-01-01,,eng,492
3009,9789811351167,1657,2017-01-01,,"eng,ger",116
3010,9780262042840,998,2019-01-01,,eng,536
3011,9780321774941,427,2007-01-01,,eng,720
3012,9780340967898,752,2008-01-01,,eng,
3013,9780395240601,767,1976-01-01,,eng,356
3014,9781588902436,1761,2003-01-01,,eng,226
3015,9781118697115,1925,2013-01-01,,,360
3016,9781558607354,581,2005-01-01,,eng,984
3017,9783642263279,1543,2010-01-01,,eng,256
3018,9780511366055,1822,1974-01-01,,eng,304
3019,9780470653296,898,2001-01-01,,eng,400
3020,9781501501319,317,2015-01-01,,eng,326
3021,9780470971109,1925,2011-01-01,,eng,288
3022,9781440511141,48,2010-01-01,,eng,249
3023,9780349416373,968,2014-01-01,,eng,512
3024,9780521830461,300,2004-01-01,,"und,eng",452
3025,9781483265698,25,1994-01-01,,eng,473
3026,9780321832184,1297,2012-01-01,,,
3027,9780007190270,1189,2005-01-01,,eng,384
3028,9781484296561,111,2023-01-01,,eng,
3029,9781484269657,26,2021-01-01,,eng,260
3030,9780824722838,308,1994-01-01,,eng,392
3031,9780198072461,1237,2011-01-01,,eng,364
3032,9783540407973,1667,2003-01-01,,eng,470
3033,9781003124030,1737,2020-01-01,,eng,94
3034,9781420064391,1737,2009-01-01,,eng,501
3035,9781734464320,975,2019-01-01,,eng,176
3036,9780792360162,879,1999-01-01,,eng,419
3037,9780375843679,589,2009-01-01,,eng,347
3038,9781032598024,1737,2018-01-01,,eng,962
3039,9781009342476,322,2010-01-01,,eng,358
3040,9783642440038,1640,2012-01-01,,eng,248
3041,9788847013650,1543,2010-01-01,,ita,208
3042,9780387941943,1667,1994-01-01,,eng,718
3043,9780133963427,1391,1995-01-01,,eng,224
3044,9783030367176,1543,2014-01-01,,eng,731
3045,9780321718952,1316,1999-01-01,,eng,721
3046,9783642106842,1543,2009-01-01,,eng,888
3047,9780596001452,1199,2003-01-01,,eng,970
3048,9780136136880,1391,1996-01-01,,eng,294
3049,9781858051703,959,1996-01-01,,,420
3050,9781259223150,1060,2014-01-01,,eng,320
3051,9781430263838,1650,2014-01-01,,,392
3052,9780816042869,836,2000-01-01,,eng,256
3053,9781510457652,753,2021-01-01,,eng,
3054,9781471839795,753,2015-01-01,,eng,
3055,9789814998451,209,2021-01-01,,eng,
3056,9785171480158,29,2022-01-01,,rus,192
3057,9781316609972,322,2016-01-01,,eng,
3058,9781264257188,1060,2022-01-01,,eng,
3059,9781773613055,113,2017-01-01,,eng,
3060,9781350057104,232,2018-01-01,,,264
3061,9781785880070,1275,2017-01-01,,,242
3062,9783319500164,1543,2017-01-01,,,232
3063,9780071834261,1060,2014-01-01,,,1322
3064,9783030156770,1543,2019-01-01,,,470
3065,9781107696341,322,2015-01-01,,eng,224
3066,9781259765483,1066,2018-01-01,,eng,288
3067,9781398313217,753,2021-01-01,,eng,176
3068,9780198367215,1237,2016-01-01,,eng,288
3069,9781564846761,869,2018-01-01,,,200
3070,9781785882142,1275,2017-01-01,,,560
3071,9781285845531,339,2014-01-01,,eng,350
3072,9780262730594,1754,1982-01-01,,eng,480
3073,9780199234011,1240,2008-01-01,,eng,608
3074,9781409229421,2002,2008-01-01,,eng,162
3075,9781682171394,1551,2016-01-01,,,
3076,9781605585154,17,2010-01-01,,eng,444
3077,9780748782987,1160,2009-01-01,,,304
3078,9781107670778,322,2013-01-01,,,300
3079,9781471868689,753,2016-01-01,,eng,96
3080,9781501158568,135,2018-01-01,,eng,336
3081,9781576760352,1580,2000-01-01,,eng,589
3082,9780805309089,208,1995-01-01,,eng,577
3083,9780321321947,60,2006-01-01,,eng,624
3084,9780139088490,1391,1998-01-01,,eng,322
3085,9780073523309,1055,2010-01-01,,eng,987
3086,9780805353501,203,1995-01-01,,eng,590
3087,9780321574442,60,2009-01-01,,eng,
3088,9781935182023,1025,2011-01-01,,eng,467
3089,9780133846973,56,2015-01-01,,eng,211
3090,9781409200734,2001,2008-01-01,,eng,233
3091,9780937175309,1200,1988-01-01,,eng,72
3092,9780768906738,1356,2001-01-01,,eng,813
3093,9781522593843,802,2019-01-01,,eng,
3094,9783540379522,1644,2006-01-01,,eng,301
3095,9781929976034,1795,2001-01-01,,eng,186
3096,9783642307027,823,2012-01-01,,eng,96
3097,9781439860700,142,2011-01-01,,eng,343
3098,9780130959188,1093,1998-01-01,,eng,156
3099,9781461305330,1543,1989-01-01,,eng,452
3100,9781526619570,1755,2021-01-01,,eng,400
3101,9781428322363,472,2009-01-01,,eng,385
3102,9798649303095,829,2020-01-01,,,
3103,9783540318347,1648,2003-01-01,,eng,329
3104,9780895121615,1749,1981-01-01,,eng,274
3105,9780387946665,1543,1996-01-01,,eng,261
3106,9781394172610,1929,2022-01-01,,eng,
3107,9781587145056,1316,2018-01-01,,eng,1072
3108,9783319156118,1543,2015-01-01,,eng,348
3109,9783030671006,1644,2018-01-01,,eng,250
3110,9781787434066,590,2019-01-01,,eng,304
3111,9781315075617,1737,2018-01-01,,eng,254
3112,9781461466758,1648,2014-01-01,,eng,3722
3113,9780470400791,1929,2008-01-01,,eng,524
3114,9780309483704,1150,2018-01-01,,eng,56
3115,9781118573792,1929,2014-01-01,,eng,528
3116,9781118118559,1929,2011-01-01,,eng,552
3117,9781565925168,1199,1999-01-01,,eng,560
3118,9780782124538,1546,1999-01-01,,eng,992
3119,9783642635625,1830,1999-01-01,,ger,
3120,9780763746582,912,2006-01-01,,eng,449
3121,9781280347764,142,2004-01-01,,eng,824
3122,9781315355733,1737,2017-01-01,,eng,382
3123,9783642132414,1639,2010-01-01,,eng,263
3124,9781565922976,1205,1997-01-01,,eng,413
3125,9780790611846,1419,1999-01-01,,eng,320
3126,9783642325601,823,2012-01-01,,eng,446
3127,9780470870297,1925,2005-01-01,,eng,456
3128,9780321520357,1316,2007-01-01,,eng,624
3129,9781284034240,911,2013-01-01,,eng,299
3130,9780201607345,56,1995-01-01,,eng,562
3131,9781491972397,1201,2017-01-01,,,158
3132,9780669152845,444,1985-01-01,,eng,653
3133,9780131481046,1399,2005-01-01,,eng,775
3134,9783642257957,1543,2007-01-01,,ger,449
3135,9780619216085,414,2005-01-01,,eng,1144
3136,9783540209720,1648,2005-01-01,,ger,557
3137,9780131920712,1391,1995-01-01,,eng,483
3138,9781461392774,1746,1993-01-01,,eng,631
3139,9780023694653,1002,1992-01-01,,eng,740
3140,9781590335321,1192,2002-01-01,,eng,414
3141,9780769511528,798,2001-01-01,,eng,285
3142,9780934375139,986,1977-01-01,,,488
3143,9781135691875,1737,1999-01-01,,eng,456
3144,9789810249939,1971,2000-01-01,,eng,1677
3145,9783540890195,1543,2008-01-01,,eng,594
3146,9780769535401,797,2008-01-01,,eng,227
3147,9780387876238,272,2008-01-01,,eng,288
3148,9780387529530,1667,1990-01-01,,eng,544
3149,9783527700875,1949,2004-01-01,,ger,188
3150,9780071509930,1056,2007-01-01,,eng,384
3151,9781423927020,1764,2007-01-01,,eng,904
3152,9781594206641,1340,2017-01-01,,eng,354
3153,9780262036290,998,2017-01-01,,eng,624
3154,9781315162539,310,2021-01-01,,eng,614
3155,9780619033903,414,2001-01-01,,eng,224
3156,9780898715811,1615,1999-01-01,,eng,117
3157,9780521792981,322,2001-01-01,,eng,345
3158,9780201675184,56,2001-01-01,,eng,
3159,9783540465133,1648,2000-01-01,,eng,243
3160,9783540422853,1543,2001-01-01,,eng,312
3161,9783031594618,1543,2015-01-01,,eng,412
3162,9780534932756,1266,1993-01-01,,eng,728
3163,9780135791783,1391,1997-01-01,,eng,370
3164,9783642331664,1543,2012-01-01,,,896
3165,9781541419681,1730,2018-01-01,,eng,436
3166,9781529386158,749,2020-01-01,,eng,432
3167,9781351709996,1737,2020-01-01,,eng,326
3168,9781138893443,1737,2015-01-01,,eng,206
3169,9780585023472,998,1990-01-01,,"und,eng",309
3170,9780345276056,178,1978-01-01,,eng,171
3171,9783034861465,220,1986-01-01,,"ger,eng",292
3172,9780262122320,998,2000-01-01,,eng,282
3173,9783662525210,1543,2013-01-01,,eng,334
3174,9781475783391,932,2000-01-01,,eng,336
3175,9780387954752,1543,2002-01-01,,eng,326
3176,9780060468941,704,1990-01-01,,eng,373
3177,9780669294248,771,1992-01-01,,eng,640
3178,9780470026458,1925,2004-01-01,,eng,506
3179,9781315335407,1737,2017-01-01,,eng,208
3180,9780136805809,1316,2021-01-01,,eng,480
3181,9789355516169,2009,2024-01-01,,eng,344
3182,9789355518873,2009,2023-01-01,,eng,212
3183,9780735617223,1103,2002-01-01,,eng,
3184,9780201702972,52,1997-01-01,,eng,783
3185,9781282374539,950,2003-01-01,,eng,207
3186,9783642336928,1543,2012-01-01,,,84
3187,9781616897581,1415,2018-01-01,,,255
3188,9781439817636,356,2010-01-01,,eng,
3189,9781430251149,820,2013-01-01,,eng,152
3190,9781461393146,1543,1993-01-01,,eng,188
3191,9781306809580,1199,2002-01-01,,eng,99
3192,9783540362951,1648,2005-01-01,,eng,223
3193,9780070506060,72,1987-01-01,,eng,118
3194,9783662074183,1648,1992-01-01,,"eng,pol",360
3195,9781118491829,899,2013-01-01,,eng,1104
3196,9780136123347,1404,1991-01-01,,eng,337
3197,9781558602946,573,1990-01-01,,eng,277
3198,9783319599267,1639,2003-01-01,,eng,489
3199,9780471253037,885,1998-01-01,,eng,343
3200,9781447158493,1543,2013-01-01,,,504
3201,9780974423937,1226,2006-01-01,,eng,584
3202,9781785289774,1277,2015-01-01,,eng,268
3203,9783642322778,1543,2006-01-01,,eng,672
3204,9781306809412,1204,2009-01-01,,eng,271
3205,9783319242774,1543,2016-01-01,,eng,268
3206,9789819506941,1640,2013-01-01,,eng,326
3207,9780763820930,552,2004-01-01,,eng,444
3208,9781351999748,359,2018-01-01,,eng,394
3209,9780131872905,1329,2004-01-01,,eng,352
3210,9789814340502,1974,2011-01-01,,,
3211,9781498761512,1737,2018-01-01,,eng,364
3212,9783709194263,879,1995-01-01,,eng,167
3213,9781970001198,1118,2016-01-01,,eng,532
3214,9789048165995,932,2004-01-01,,eng,348
3215,9780070465312,1060,1975-01-01,,eng,768
3216,9780262011396,998,1993-01-01,,eng,532
3217,9780763704810,918,2002-01-01,,eng,816
3218,9780792384250,1543,2000-01-01,,eng,2006
3219,9780619062736,414,2002-01-01,,eng,480
3220,9781617295027,1026,2019-01-01,,,384
3221,9783319988320,1543,2018-01-01,,,268
3222,9780471850779,1925,1987-01-01,,eng,369
3223,9780471721802,885,2008-01-01,,eng,810
3224,9780070591028,1733,2006-01-01,,eng,456
3225,9780823931187,1501,2000-01-01,,eng,48
3226,9781572312166,1103,1996-01-01,,eng,328
3227,9781317310198,1737,2015-01-01,,eng,226
3228,9781593275747,1180,2014-01-01,,eng,183
3229,9780673996459,704,1985-01-01,,eng,826
3230,9781003181378,309,2021-01-01,,eng,334
3231,9780486485829,530,2011-01-01,,eng,624
3232,9780894343896,608,2001-01-01,,eng,92
3233,9780470169506,1925,2007-01-01,,eng,342
3234,9780816052936,367,2005-01-01,,eng,184
3235,9780256082739,876,1991-01-01,,eng,815
3236,9782759824182,549,2016-01-01,,fre,
3237,9781489979810,220,2005-01-01,,eng,277
3238,9781003410379,1737,2024-01-01,,eng,386
3239,9781603127806,298,1907-01-01,,eng,248
3240,9783642410208,1648,2013-01-01,,eng,456
3241,9780470115589,899,2004-01-01,,eng,865
3242,9782760515000,1411,2007-01-01,,fre,511
3243,9781935504092,1744,2011-01-01,,,
3244,9781430267423,111,2014-01-01,,eng,612
3245,9780133050905,1391,2013-01-01,,,656
3246,9781423901402,414,2007-01-01,,eng,506
3247,9780817638634,220,1997-01-01,,eng,396
3248,9780262319553,998,2014-01-01,,eng,600
3249,9781119562276,1929,2019-01-01,,eng,496
3250,9783540422587,1543,2001-01-01,,eng,192
3251,9789812561251,1970,2004-01-01,,eng,420
3252,9783319084923,1668,2009-01-01,,eng,296
3253,9780080478340,579,2005-01-01,,eng,591
3254,9780130289773,1399,2000-01-01,,eng,768
3255,9789051993165,1215,1996-01-01,,eng,308
3256,9783319947754,1543,2005-01-01,,eng,891
3257,9780805074567,1788,2004-01-01,,eng,261
3258,9783540625926,1543,1997-01-01,,eng,311
3259,9783030731939,1543,2014-01-01,,eng,563
3260,9781878739025,1522,1991-01-01,,eng,774
3261,9783642214943,1640,2011-01-01,,eng,272
3262,9781484220467,26,2016-01-01,,,250
3263,9780262287579,1754,2002-01-01,,eng,459
3264,9781598634051,1767,2007-01-01,,eng,334
3265,9780273020851,1371,1985-01-01,,eng,176
3266,9780849392528,30,2008-01-01,,eng,320
3267,9781905209347,808,2006-01-01,,eng,401
3268,9780387554884,1543,1992-01-01,,eng,389
3269,9780072376838,1058,1999-01-01,,eng,518
3270,9781461244004,1652,1992-01-01,,eng,320
3271,9780070575745,1056,1992-01-01,,eng,176
3272,9780071135313,1055,1994-01-01,,eng,250
3273,9780470569962,1929,2010-01-01,,eng,454
3274,9780672327094,1552,2004-01-01,,eng,252
3275,9781119490463,620,2018-01-01,,,560
3276,9781463733896,2003,2011-01-01,,,238
3277,9781118285053,1737,2002-01-01,,eng,364
3278,9781558602496,1123,1992-01-01,,eng,560
3279,9780521455015,1826,2003-01-01,,eng,
3280,9781108474443,322,2023-01-01,,eng,
3281,9783031291241,1543,2023-01-01,,eng,
3282,9781447137016,1646,2001-01-01,,eng,278
3283,9781430246602,26,2012-01-01,,eng,640
3284,9783540196525,1543,1991-01-01,,eng,160
3285,9783662523018,1543,2013-01-01,,eng,351
3286,9783319480022,1543,2016-01-01,,,310
3287,9783030488369,1543,2020-01-01,,eng,253
3288,9783319738970,1549,2018-01-01,,eng,250
3289,9783540697732,1648,2007-01-01,,ger,1185
3290,9781848824973,1543,2009-01-01,,eng,429
3291,9781789536645,2009,2018-01-01,,eng,394
3292,9780870511479,88,1994-01-01,,eng,20
3293,9780818675669,798,1996-01-01,,eng,528
3294,9781483217659,581,1994-01-01,,eng,363
3295,9780321223913,56,2004-01-01,,eng,306
3296,9780201122275,56,1988-01-01,,eng,530
3297,9780387514864,1667,1989-01-01,,eng,605
3298,9781466505193,309,2012-01-01,,eng,216
3299,9783540921448,1668,2009-01-01,,eng,940
3300,9780136059400,1399,1998-01-01,,eng,774
3301,9780321219763,56,2005-01-01,,eng,755
3302,9781578200733,306,2001-01-01,,eng,272
3303,9781590598610,499,2007-01-01,,eng,585
3304,9789813230767,1737,2014-01-01,,eng,400
3305,9781563702884,893,1997-01-01,,eng,618
3306,9780077095062,1056,1999-01-01,,eng,450
3307,9783031185151,1543,2016-01-01,,eng,351
3308,9783642396472,1648,2013-01-01,,eng,692
3309,9783540889328,1648,2007-01-01,,eng,398
3310,9781118110010,1929,2011-01-01,,eng,272
3311,9781032838922,1737,2020-01-01,,eng,118
3312,9781107057722,427,2013-01-01,,eng,249
3313,9781118255797,1930,2011-01-01,,eng,704
3314,9781280308741,1929,2003-01-01,,eng,428
3315,9780470593271,1929,2009-01-01,,eng,312
3316,9781466589506,311,2014-01-01,,eng,329
3317,9780262528740,998,2001-01-01,,eng,528
3318,9781351385794,1737,2018-01-01,,eng,304
3319,9781848001152,1648,2008-01-01,,eng,340
3320,9783540305590,1543,1995-01-01,,eng,404
3321,9780080558295,586,2008-01-01,,eng,432
3322,9781138035300,309,2006-01-01,,eng,229
3323,9781000032604,1737,2020-01-01,,eng,248
3324,9783319598789,1543,2016-01-01,,eng,439
3325,9780748407590,1737,1997-01-01,,eng,224
3326,9783893191550,43,1992-01-01,,eng,477
3327,9788847004511,1648,2005-01-01,,"ita,eng",268
3328,9783319698045,1543,2017-01-01,,eng,470
3329,9789048172009,1910,2006-01-01,,eng,265
3330,9781489977809,1656,2010-01-01,,eng,1020
3331,9781119976172,1930,2011-01-01,,eng,304
3332,9780007504848,956,2013-01-01,,eng,120
3333,9781280290237,142,2005-01-01,,eng,279
3334,9780262031233,998,1987-01-01,,eng,377
3335,9780782150193,1925,1998-01-01,,eng,683
3336,9783527412235,1929,2009-01-01,,ger,160
3337,9780262321020,998,2014-01-01,,eng,392
3338,9780123749574,1120,2009-01-01,,eng,526
3339,9780201854497,65,1989-01-01,,eng,279
3340,9781491930854,1201,2013-01-01,,eng,224
3341,9780262192972,998,1993-01-01,,eng,486
3342,9783642406157,1543,2004-01-01,,eng,283
3343,9780538798082,414,2011-01-01,,eng,1351
3344,9780123850591,1120,2012-01-01,,eng,884
3345,9781351994378,852,1985-01-01,,eng,504
3346,9780429602856,309,2019-01-01,,eng,236
3347,9783319283159,1543,2016-01-01,,,287
3348,9780792375722,1543,2001-01-01,,eng,143
3349,9783540291725,1648,2005-01-01,,eng,1031
3350,9783540723929,1543,2007-01-01,,eng,1340
3351,9788131215173,1719,2007-01-01,,eng,592
3352,9780123894502,43,1977-01-01,,eng,247
3353,9780470920411,1939,2011-01-01,,,
3354,9780314204929,414,1997-01-01,,eng,560
3355,9789811028571,1543,2016-01-01,,eng,271
3356,9781118602843,1925,2011-01-01,,eng,331
3357,9780789756510,1319,2015-01-01,,eng,602
3358,9780844285818,1835,1984-01-01,,eng,144
3359,9781839212819,1277,2018-01-01,,eng,
3360,9780333963906,1280,2002-01-01,,eng,428
3361,9783642584138,1670,1999-01-01,,eng,524
3362,9780134998497,322,1996-01-01,,eng,437
3363,9781000204476,310,2020-01-01,,eng,440
3364,9780805354447,206,1994-01-01,,,
3365,9780128119860,1120,2016-01-01,,,576
3366,9781789347562,1274,2018-01-01,,,160
3367,9780133635652,114,1988-01-01,,eng,162
3368,9780899342276,293,1984-01-01,,eng,618
3369,9783319360072,1543,2015-01-01,,eng,329
3370,9780780334045,1929,1999-01-01,,eng,306
3371,9781498732345,309,2017-01-01,,eng,302
3372,9780072253511,1056,2004-01-01,,eng,1200
3373,9783030752415,1644,2006-01-01,,eng,394
3374,9780080513539,581,2000-01-01,,eng,231
3375,9783319371979,823,2012-01-01,,eng,226
3376,9781292034300,1316,2010-01-01,,eng,672
3377,9780321268174,59,2005-01-01,,eng,569
3378,9781430230496,1543,2011-01-01,,eng,661
3379,9780071428040,1073,2004-01-01,,eng,215
3380,9780429801068,1737,2019-01-01,,eng,358
3381,9781118604472,1925,2011-01-01,,eng,240
3382,9780429064791,63,1991-01-01,,eng,803
3383,9780767412131,1045,1997-01-01,,eng,87
3384,9781461531739,1648,1992-01-01,,eng,338
3385,9780321743626,56,2011-01-01,,eng,332
3386,9781473958647,1517,2019-01-01,,eng,408
3387,9780131873216,1307,2000-01-01,,eng,944
3388,9781844807499,1764,2007-01-01,,eng,300
3389,9780766806436,149,2000-01-01,,eng,678
3390,9780130137982,1391,1993-01-01,,eng,280
3391,9781573565219,676,2003-01-01,,eng,392
3392,9780471322085,882,2001-01-01,,eng,535
3393,9780521448680,322,1997-01-01,,eng,448
3394,9789899153226,638,2023-01-01,,,
3395,9781558512559,983,1992-01-01,,eng,
3396,9783642677953,1661,1980-01-01,,eng,
3397,9788847056435,1543,2014-01-01,,,561
3398,9780867204735,915,1996-01-01,,eng,558
3399,9780495556510,284,2008-01-01,,eng,323
3400,9783319938424,1543,2018-01-01,,eng,621
3401,9781439889305,1929,2010-01-01,,eng,347
3402,9789810224912,1971,1995-01-01,,eng,301
3403,9783540239888,1543,2004-01-01,,eng,214
3404,9781571690951,1897,1998-01-01,,eng,625
3405,9782817801995,1653,2011-01-01,,fre,
3406,9780857294944,1543,2012-01-01,,,
3407,9780321434821,56,2008-01-01,,eng,958
3408,9781430211938,1648,2006-01-01,,eng,696
3409,9780131907522,1391,1997-01-01,,eng,503
3410,9780521875462,322,2003-01-01,,eng,284
3411,9783540196099,1669,1990-01-01,,eng,417
3412,9780131960497,1391,1984-01-01,,eng,512
3413,9781884777790,1026,2000-01-01,,eng,490
3414,9781138710443,1737,2018-01-01,,eng,285
3415,9781118866009,1977,2015-01-01,,eng,672
3416,9783540719984,1543,2005-01-01,,eng,171
3417,9780262182010,1754,2000-01-01,,eng,547
3418,9780387406978,1543,1997-01-01,,eng,900
3419,9784431681069,1543,1985-01-01,,eng,260
3420,9781860949630,806,1998-01-01,,eng,776
3421,9783642550324,1543,2013-01-01,,eng,552
3422,9781484240267,26,2018-01-01,,,1072
3423,9783319105291,823,2013-01-01,,eng,360
3424,9783319134987,1644,2015-01-01,,eng,321
3425,9781884842566,322,1997-01-01,,eng,476
3426,9781861008015,1978,2003-01-01,,eng,300
3427,9780792383017,933,1998-01-01,,eng,222
3428,9781351835640,308,2000-01-01,,eng,380
3429,9781583475133,994,2007-01-01,,eng,350
3430,9780133388237,1391,1993-01-01,,eng,350
3431,9781430218098,26,2009-01-01,,eng,
3432,9780672311055,1484,1997-01-01,,eng,446
3433,9781848825550,1543,2010-01-01,,eng,341
3434,9781515798422,326,2018-01-01,,eng,32
3435,9780340846308,750,2003-01-01,,eng,378
3436,9781484269299,26,2021-01-01,,eng,264
3437,9780979930409,1920,2007-01-01,,eng,103
3438,9780619215583,414,2004-01-01,,,
3439,9780133110708,1298,2013-01-01,,eng,565
3440,9780321861276,60,2013-01-01,,,322
3441,9780078816826,1231,1991-01-01,,eng,584
3442,9781586033354,1215,2003-01-01,,eng,419
3443,9781430243496,820,2012-01-01,,eng,388
3444,9783658003975,1641,2012-01-01,,eng,212
3445,9781430250210,26,2013-01-01,,eng,96
3446,9781430242390,26,2011-01-01,,eng,
3447,9781430243786,26,2013-01-01,,eng,360
3448,9781430246060,26,2013-01-01,,eng,322
3449,9783642273872,1640,2012-01-01,,eng,400
3450,9781430242307,26,2011-01-01,,eng,
3451,9781484252512,26,2012-01-01,,eng,364
3452,9781430244592,26,2012-01-01,,eng,359
3453,9781430244844,26,2012-01-01,,eng,228
3454,9781430236931,26,2012-01-01,,eng,636
3455,9781420044195,309,2007-01-01,,eng,815
3456,9783540802075,1543,2004-01-01,,eng,279
3457,9780471181712,1925,1997-01-01,,eng,888
3458,9780201675122,61,2000-01-01,,eng,245
3459,9781280353413,620,2003-01-01,,eng,408
3460,9780137396160,1537,1996-01-01,,eng,244
3461,9780786703678,335,1996-01-01,,eng,416
3462,9781447175292,1648,2011-01-01,,eng,303
3463,9780669349498,1378,1993-01-01,,"und,eng",661
3464,9780471131236,1842,1994-01-01,,eng,272
3465,9780895886651,1546,1991-01-01,,eng,307
3466,9780195091632,1237,1995-01-01,,,176
3467,9783319169125,1543,2015-01-01,,eng,317
3468,9789811303401,1543,2018-01-01,,,572
3469,9781447152880,1543,2013-01-01,,eng,204
3470,9789400706385,1648,2011-01-01,,eng,325
3471,9783319531151,1650,2017-01-01,,,254
3472,9783319382005,1543,2015-01-01,,eng,224
3473,9783540220572,1543,2004-01-01,,eng,1028
3474,9780596157739,1199,2008-01-01,,eng,774
3475,9780746067307,1832,2005-01-01,,,64
3476,9780131983427,1404,1989-01-01,,eng,488
3477,9780768659122,1307,2002-01-01,,eng,537
3478,9780070308688,1056,1998-01-01,,eng,356
3479,9783031010194,1118,2012-01-01,,eng,142
3480,9781680500790,1389,2015-01-01,,eng,230
3481,9781138029521,309,2017-01-01,,eng,868
3482,9783658015886,1663,2013-01-01,,ger,335
3483,9780470684030,898,2009-01-01,,eng,366
3484,9780080506012,1707,2006-01-01,,eng,500
3485,9781305877719,1890,2015-01-01,,eng,128
3486,9781292158587,1889,2016-01-01,,,
3487,9781475733389,1543,2001-01-01,,eng,152
3488,9781430263708,1543,2014-01-01,,eng,233
3489,9783709117446,1662,2012-01-01,,eng,222
3490,9780387909066,1667,1983-01-01,,eng,207
3491,9781848829343,1543,2010-01-01,,eng,832
3492,9781402078958,1543,2004-01-01,,eng,154
3493,9781351692533,1737,2012-01-01,,eng,482
3494,9783031492686,1668,2008-01-01,,eng,419
3495,9780134008509,1316,2014-01-01,,eng,288
3496,9780521308113,322,1986-01-01,,eng,818
3497,9781556223471,1964,2002-01-01,,eng,360
3498,9783319140544,1648,2014-01-01,,eng,257
3499,9780128044568,581,2016-01-01,,eng,270
3500,9781299620285,1973,1998-01-01,,eng,240
3501,9789812819949,1974,1997-01-01,,eng,251
3502,9780750301350,12,1992-01-01,,eng,749
3503,9783031006234,1118,2015-01-01,,eng,88
3504,9783319301235,1648,2016-01-01,,eng,392
3505,9781509533169,1383,2020-01-01,,eng,320
3506,9783790813678,1365,2001-01-01,,eng,339
3507,9780852961056,854,2001-01-01,,eng,322
3508,9781852335946,1543,2002-01-01,,eng,361
3509,9780138814830,1259,1984-01-01,,eng,392
3510,9780826454287,404,2002-01-01,,eng,396
3511,9781447140689,1543,2012-01-01,,,416
3512,9780201569537,63,1992-01-01,,eng,623
3513,9780306434280,1374,1990-01-01,,eng,340
3514,9780262530958,998,1989-01-01,,,226
3515,9781838552138,2009,2019-01-01,,eng,260
3516,9783642699672,1640,1987-01-01,,eng,517
3517,9780816072774,609,2008-01-01,,eng,98
3518,9780071387040,1056,2002-01-01,,eng,244
3519,9789810221201,1970,1995-01-01,,eng,238
3520,9780155681620,1560,1991-01-01,,eng,868
3521,9781555445041,1529,1992-01-01,,eng,137
3522,9780471727835,1929,2005-01-01,,eng,312
3523,9780333291702,1002,1982-01-01,,eng,428
3524,9781452960487,1828,2019-01-01,,eng,232
3525,9780130867698,1399,1999-01-01,,eng,755
3526,9789811070990,1543,2018-01-01,,,288
3527,9781499461053,1830,2016-01-01,,eng,80
3528,9780814472217,24,2003-01-01,,eng,288
3529,9781846283819,1543,2006-01-01,,eng,268
3530,9780763868314,927,2016-01-01,,eng,306
3531,9781317530794,1737,2014-01-01,,eng,1052
3532,9780768662276,1522,2002-01-01,,eng,1245
3533,9780123264299,1120,2001-01-01,,eng,451
3534,9789400700116,1543,2009-01-01,,eng,460
3535,9781668483275,802,2023-01-01,,eng,
3536,9783319389837,1648,2013-01-01,,eng,665
3537,9781317418665,1737,2015-01-01,,eng,246
3538,9789811324130,1543,2018-01-01,,eng,370
3539,9780429246579,1737,1993-01-01,,eng,474
3540,9781134786176,949,1993-01-01,,eng,320
3541,9783031404979,1644,2017-01-01,,eng,544
3542,9780511663086,322,1994-01-01,,eng,169
3543,9780262610544,1754,1988-01-01,,eng,1690
3544,9781784390563,1274,2015-01-01,,eng,381
3545,9780128006788,581,2015-01-01,,eng,396
3546,9780131063600,571,1994-01-01,,eng,289
3547,9780276427909,1478,2003-01-01,,,352
3548,9781861000118,1978,1998-01-01,,eng,491
3549,9780201357523,51,1999-01-01,,eng,664
3550,9780451493651,936,2019-01-01,,eng,304
3551,9780387967806,1667,1988-01-01,,eng,198
3552,9780470300732,1929,2001-01-01,,eng,512
3553,9781351062909,1737,1988-01-01,,eng,278
3554,9783642577819,1648,1995-01-01,,eng,214
3555,9780596158156,1205,2010-01-01,,eng,
3556,9783319125756,1648,2013-01-01,,eng,177
3557,9781118363706,1929,2005-01-01,,eng,576
3558,9781138549784,309,2018-01-01,,eng,496
3559,9783319124841,1543,2011-01-01,,eng,739
3560,9781599940038,1527,2006-01-01,,eng,68
3561,9783319226347,1543,2015-01-01,,eng,474
3562,9781118454930,1929,2013-01-01,,eng,336
3563,9781461225676,216,1994-01-01,,eng,447
3564,9780387188348,1667,1988-01-01,,eng,404
3565,9783540356325,1648,2006-01-01,,eng,455
3566,9781564847614,869,2019-01-01,,,24
3567,9780130912947,1399,2001-01-01,,eng,416
3568,9781461288978,1660,1989-01-01,,eng,224
3569,9780805370454,202,1986-01-01,,eng,448
3570,9781541773745,1424,2019-01-01,,eng,336
3571,9780471399742,1925,2000-01-01,,eng,288
3572,9780471348061,1925,2004-01-01,,eng,544
3573,9780789748713,1309,2013-01-01,,,
3574,9783642387050,1640,2013-01-01,,eng,311
3575,9781470069711,1785,2012-01-01,,eng,152
3576,9783110648195,2009,2020-01-01,,eng,346
3577,9781119067627,1929,2016-01-01,,eng,768
3578,9780768658002,1522,2001-01-01,,eng,407
3579,9781861003812,1330,2000-01-01,,eng,613
3580,9780805325744,56,1996-01-01,,eng,426
3581,9780897911429,127,1984-01-01,,eng,364
3582,9780071215039,1066,2003-01-01,,eng,632
3583,9783540739166,1543,2009-01-01,,eng,750
3584,9780080503950,1120,2002-01-01,,eng,500
3585,9780136903437,1307,2019-01-01,,eng,1912
3586,9780387973944,1667,1991-01-01,,eng,233
3587,9783031155581,185,2011-01-01,,eng,352
3588,9783540630470,1543,1997-01-01,,eng,1401
3589,9781849280402,812,2010-01-01,,eng,75
3590,9781285096261,339,2013-01-01,,,1088
3591,9780136302520,1391,1992-01-01,,eng,434
3592,9783112579077,1982,1971-01-01,,"pol,ger",230
3593,9781439893098,1737,1997-01-01,,eng,336
3594,9783031386831,1118,2013-01-01,,eng,222
3595,9783658306304,1854,2008-01-01,,ger,184
3596,9781119223962,1929,2017-01-01,,eng,312
3597,9781846286032,1543,2000-01-01,,eng,821
3598,9783642151873,1543,2010-01-01,,eng,192
3599,9781780171067,163,2012-01-01,,eng,126
3600,9780412262807,358,1984-01-01,,eng,240
3601,9781430254232,26,2004-01-01,,eng,378
3602,9780130661852,1391,2002-01-01,,eng,562
3603,9781483297866,581,1992-01-01,,eng,536
3604,9781317814580,1506,2014-01-01,,eng,
3605,9781351089531,1737,2000-01-01,,eng,548
3606,9783662464984,1543,2015-01-01,,eng,691
3607,9780671184353,1116,1981-01-01,,eng,281
3608,9780393938821,1188,2014-01-01,,eng,208
3609,9783319048826,1648,2014-01-01,,eng,84
3610,9781447160700,1648,2012-01-01,,eng,328
3611,9783540006787,1648,2003-01-01,,eng,293
3612,9780716781523,396,1988-01-01,,eng,478
3613,9783662052914,1648,2003-01-01,,eng,260
3614,9780470697344,885,2009-01-01,,eng,438
3615,9780470747278,1929,2009-01-01,,eng,500
3616,9789810244613,1973,2000-01-01,,eng,303
3617,9781118896624,898,2015-01-01,,eng,266
3618,9780201575941,56,1995-01-01,,eng,381
3619,9780133238099,1391,1995-01-01,,eng,325
3620,9780132953535,1391,1996-01-01,,eng,477
3621,9783540780861,1640,2000-01-01,,eng,
3622,9781782167266,1274,2013-01-01,,,270
3623,9789814522731,1974,2013-01-01,,eng,500
3624,9780133147094,1391,1988-01-01,,eng,254
3625,9780521762687,322,2011-01-01,,eng,567
3626,9788847000780,1543,2001-01-01,,eng,546
3627,9781846283024,1543,2006-01-01,,eng,616
3628,9780199452798,1239,2015-01-01,,eng,628
3629,9780080488905,43,2001-01-01,,eng,448
3630,9780471351672,1925,1999-01-01,,eng,664
3631,9780444502704,581,1999-01-01,,eng,400
3632,9781597495868,1707,2011-01-01,,eng,264
3633,9780471232834,903,2001-01-01,,eng,512
3634,9788132219521,1637,2014-01-01,,eng,352
3635,9780759207370,1801,1997-01-01,,eng,310
3636,9781315397870,142,2017-01-01,,eng,
3637,9780130676344,1391,2001-01-01,,eng,158
3638,9780201699463,56,2000-01-01,,eng,458
3639,9780985580124,1688,2015-01-01,,eng,345
3640,9781430245469,26,2012-01-01,,eng,104
3641,9781000380453,309,2014-01-01,,eng,461
3642,9781430214649,26,2006-01-01,,eng,176
3643,9783663123279,1855,2001-01-01,,ger,356
3644,9781447140702,823,2012-01-01,,eng,430
3645,9783662437995,607,2014-01-01,,eng,503
3646,9780132279581,1307,2005-01-01,,eng,1568
3647,9781118135099,798,2011-01-01,,eng,368
3648,9783642450297,1648,2013-01-01,,eng,747
3649,9780262281249,998,1994-01-01,,eng,304
3650,9781138640061,1737,2016-01-01,,eng,488
3651,9781864486223,1349,1998-01-01,,eng,213
3652,9781489925930,1543,1990-01-01,,eng,425
3653,9781615470341,1783,2015-01-01,,eng,212
3654,9783540402114,1543,2003-01-01,,eng,820
3655,9780138140397,1391,1994-01-01,,eng,185
3656,9781586830212,16,1998-01-01,,eng,139
3657,9783319111971,1648,2000-01-01,,eng,689
3658,9781118744437,899,2013-01-01,,eng,304
3659,9780321546227,1326,2001-01-01,,eng,985
3660,9780972903905,1545,2003-01-01,,eng,740
3661,9780321497109,56,2008-01-01,,eng,866
3662,9783642381232,823,2013-01-01,,eng,516
3663,9783642400834,1639,2013-01-01,,eng,567
3664,9780072254945,1074,2001-01-01,,eng,460
3665,9783319094656,1543,2014-01-01,,eng,444
3666,9781449327873,1205,2013-01-01,,eng,218
3667,9781461430643,1543,2012-01-01,,eng,289
3668,9781449325558,1205,2012-01-01,,eng,
3669,9781000400175,310,2021-01-01,,eng,610
3670,9783319115696,1648,2014-01-01,,eng,828
3671,9783834881519,1857,2011-01-01,,eng,
3672,9781430265849,1650,2015-01-01,,,392
3673,9783540725626,1543,2007-01-01,,eng,191
3674,9783030603755,823,2010-01-01,,eng,304
3675,9780760010709,414,1999-01-01,,eng,720
3676,9781858052328,1770,1997-01-01,,,220
3677,9780135045879,1316,2008-01-01,,eng,
3678,9780970579515,533,2005-01-01,,eng,230
3679,9783642084775,1640,1999-01-01,,eng,299
3680,9781855543256,226,1994-01-01,,eng,459
3681,9781484233382,1654,2017-01-01,,,494
3682,9780133891386,487,2014-01-01,,eng,1104
3683,9781484248997,26,2019-01-01,,,388
3684,9780131627369,1391,1988-01-01,,eng,257
3685,9780815509943,1197,1984-01-01,,eng,226
3686,9781557550477,32,1989-01-01,,eng,554
3687,9780140514360,1251,2003-01-01,,eng,506
3688,9781423901624,414,2008-01-01,,eng,824
3689,9781846289279,1543,2007-01-01,,eng,592
3690,9780443140969,581,2012-01-01,,eng,370
3691,9780429942624,868,2006-01-01,,eng,314
3692,9783540438182,1648,2002-01-01,,eng,337
3693,9781841500539,864,1991-01-01,,eng,256
3694,9780818688119,127,1987-01-01,,eng,763
3695,9780898716634,1619,2008-01-01,,eng,
3696,9780470346525,1929,1994-01-01,,eng,362
3697,9783110608915,2009,2020-01-01,,eng,240
3698,9780585437484,998,2002-01-01,,eng,636
3699,9781461270850,1543,2000-01-01,,eng,204
3700,9780470546826,850,1995-01-01,,eng,219
3701,9781854230423,1667,1990-01-01,,eng,179
3702,9781558513976,985,1995-01-01,,eng,256
3703,9783658032500,1665,2012-01-01,,"ger,eng",184
3704,9780534951399,1913,1995-01-01,,eng,960
3705,9781570232084,817,2004-01-01,,eng,136
3706,9783642337116,823,2012-01-01,,eng,907
3707,9783790814996,1365,2002-01-01,,eng,459
3708,9781351722858,1737,2017-01-01,,eng,234
3709,9781283712224,1737,2012-01-01,,eng,384
3710,9781315167671,1737,2018-01-01,,eng,658
3711,9781000794397,1496,2012-01-01,,eng,110
3712,9781136588877,1506,2012-01-01,,eng,408
3713,9781860948350,818,2007-01-01,,eng,287
3714,9783642835414,1640,1988-01-01,,eng,1241
3715,9780763837501,1289,2011-01-01,,eng,278
3716,9780306470349,1543,2000-01-01,,eng,147
3717,9780792396055,1648,1995-01-01,,eng,130
3718,9781846286421,1543,2009-01-01,,eng,632
3719,9781491915127,1201,2007-01-01,,eng,733
3720,9780735625952,1103,2009-01-01,,eng,464
3721,9780124078291,581,2012-01-01,,eng,284
3722,9780138505875,1391,1990-01-01,,eng,323
3723,9781483399782,1518,2016-01-01,,eng,200
3724,9780470114865,1929,2007-01-01,,eng,413
3725,9783642637810,1640,1998-01-01,,eng,304
3726,9781446200452,1547,2012-01-01,,eng,957
3727,9780321331588,51,2001-01-01,,eng,737
3728,9780201325706,60,1999-01-01,,eng,544
3729,9781680509823,1205,2023-01-01,,eng,
3730,9780201419504,56,1997-01-01,,eng,433
3731,9780124558205,43,1983-01-01,,eng,209
3732,9780814426784,94,2002-01-01,,eng,183
3733,9780857294487,1675,2011-01-01,,eng,415
3734,9780079097859,1056,1991-01-01,,eng,402
3735,9781000412567,310,2021-01-01,,eng,418
3736,9781430242376,26,2012-01-01,,eng,756
3737,9783540657569,1648,1999-01-01,,eng,327
3738,9780070614819,651,1989-01-01,,eng,136
3739,9781412974066,1520,2012-01-01,,eng,296
3740,9780091169718,390,1974-01-01,,eng,285
3741,9781556153518,1100,1989-01-01,,eng,148
3742,9781461270935,216,1997-01-01,,eng,525
3743,9783658161262,824,2013-01-01,,ger,362
3744,9781852335328,879,2003-01-01,,eng,267
3745,9780130393487,1404,1985-01-01,,eng,366
3746,9783642450433,1668,2003-01-01,,eng,397
3747,9783319389790,1644,2011-01-01,,eng,276
3748,9783319164670,1644,2014-01-01,,eng,250
3749,9780511893988,322,2001-01-01,,eng,376
3750,9783540473312,1648,2006-01-01,,eng,940
3751,9780201770605,56,2002-01-01,,eng,416
3752,9783540286202,1543,2005-01-01,,eng,457
3753,9780471749202,903,1995-01-01,,eng,274
3754,9781506341286,413,2016-01-01,,eng,208
3755,9780124158153,1120,2012-01-01,,eng,817
3756,9780300244427,1986,2018-01-01,,eng,240
3757,9780387724416,1543,2008-01-01,,eng,271
3758,9780333730232,1003,1996-01-01,,eng,425
3759,9781473952119,1521,2012-01-01,,eng,232
3760,9783642431159,823,2010-01-01,,eng,166
3761,9780070296473,1056,1986-01-01,,eng,693
3762,9781803247120,1277,2019-01-01,,eng,496
3763,9780131900677,1391,1996-01-01,,eng,538
3764,9780929306001,1596,1989-01-01,,eng,303
3765,9781788624176,1277,2020-01-01,,eng,
3766,9781522501077,802,2016-01-01,,eng,
3767,9781783558476,1277,2015-01-01,,eng,
3768,9781783988730,1277,2015-01-01,,eng,
3769,9780128009383,581,2014-01-01,,eng,334
3770,9780072125191,1059,2000-01-01,,eng,523
3771,9780534920357,1269,1990-01-01,,eng,657
3772,9780198524229,1237,1999-01-01,,eng,270
3773,9780139488863,1391,2000-01-01,,eng,267
3774,9780367556532,1737,2020-01-01,,eng,120
3775,9780486485812,530,2011-01-01,,eng,
3776,9780761146193,1966,2008-01-01,,eng,408
3777,9780471163718,882,1997-01-01,,eng,509
3778,9783540938132,823,2013-01-01,,eng,796
3779,9780130264954,1399,2000-01-01,,eng,359
3780,9781847194145,1274,2008-01-01,,,369
3781,9783030878016,1543,2014-01-01,,eng,593
3782,9783319126913,1543,2008-01-01,,eng,774
3783,9781799822530,802,2020-01-01,,eng,343
3784,9781799828457,802,2020-01-01,,eng,332
3785,9781317898337,1737,2016-01-01,,eng,318
3786,9780262112666,998,2001-01-01,,eng,309
3787,9781571691347,1897,1998-01-01,,eng,750
3788,9783319806198,1543,2016-01-01,,eng,519
3789,9781351762212,309,2018-01-01,,eng,348
3790,9780735662780,266,2012-01-01,,eng,576
3791,9781040165263,1737,2024-01-01,,eng,204
3792,9781394159680,1929,2017-01-01,,eng,248
3793,9780818648557,849,1988-01-01,,eng,145
3794,9781482280807,1737,2002-01-01,,eng,389
3795,9780521008815,322,2004-01-01,,eng,276
3796,9780792346746,933,1997-01-01,,eng,507
3797,9783540887010,1648,2008-01-01,,eng,
3798,9783319196466,1648,2014-01-01,,eng,354
3799,9789706432889,474,1999-01-01,,"eng,spa,fre",76
3800,9783319195575,1543,2015-01-01,,eng,130
3801,9783662451977,1543,2015-01-01,,eng,249
3802,9781282402133,99,2009-01-01,,"eng,dut",
3803,9798989595310,1460,2024-01-01,,eng,
3804,9783642779688,879,1993-01-01,,eng,301
3805,9781316856383,322,2018-01-01,,eng,586
3806,9783319191737,1543,2015-01-01,,eng,248
3807,9789813345423,1658,2018-01-01,,eng,378
3808,9781493928170,1648,2015-01-01,,eng,613
3809,9783319385204,1543,2014-01-01,,eng,195
3810,9783319436678,1543,2016-01-01,,eng,297
3811,9783319797397,1543,2015-01-01,,eng,221
3812,9783319227498,1543,2015-01-01,,eng,729
3813,9783319495286,1543,2017-01-01,,eng,324
3814,9783319182841,1648,2017-01-01,,eng,546
3815,9781783301997,602,2018-01-01,,eng,232
3816,9783662208502,1648,2003-01-01,,eng,406
3817,9783642024665,1648,2009-01-01,,eng,
3818,9781461357230,1374,1994-01-01,,eng,240
3819,9783540812937,1648,2005-01-01,,eng,221
3820,9780387537092,1543,1991-01-01,,eng,548
3821,9783540414285,1543,2000-01-01,,eng,298
3822,9780387577852,1667,1994-01-01,,eng,782
3823,9780470028964,1929,2007-01-01,,eng,410
3824,9781467522458,828,2012-01-01,,"spa,eng,pol",
3825,9781788477185,2009,2015-01-01,,eng,286
3826,9781118824825,1925,2014-01-01,,eng,528
3827,9780124287518,581,2004-01-01,,eng,929
3828,9781782164647,1274,2013-01-01,,,350
3829,9783658431013,1543,2011-01-01,,eng,330
3830,9781565921177,1200,1995-01-01,,eng,501
3831,9780201710892,60,2000-01-01,,eng,586
3832,9780805304435,205,1989-01-01,,eng,604
3833,9780441003754,45,1996-01-01,,eng,248
3834,9784431565048,1543,2017-01-01,,,144
3835,9781412973090,1520,2002-01-01,,eng,592
3836,9780738437439,791,2013-01-01,,eng,458
3837,9781306810760,1201,1999-01-01,,eng,686
3838,9780387949383,1543,1995-01-01,,eng,458
3839,9780470075616,1929,2002-01-01,,eng,304
3840,9783319192246,1543,2014-01-01,,eng,336
3841,9781597181068,1691,2004-01-01,,eng,471
3842,9781446270011,1515,2013-01-01,,eng,224
3843,9781484211632,26,2015-01-01,,,332
3844,9780198842224,237,2020-01-01,,eng,288
3845,9781119059905,148,2015-01-01,,eng,444
3846,9781000724486,1644,2008-01-01,,eng,376
3847,9781402076909,1543,2003-01-01,,eng,258
3848,9781111529086,414,2011-01-01,,,720
3849,9780631207122,154,1990-01-01,,eng,406
3850,9783662486825,1648,2014-01-01,,eng,237
3851,9781461247487,879,1987-01-01,,eng,293
3852,9783032042903,1668,2010-01-01,,eng,470
3853,9780132702546,1316,2004-01-01,,eng,273
3854,9783319093864,1543,2014-01-01,,eng,304
3855,9781611227598,1191,2011-01-01,,eng,394
3856,9780367580414,1736,2018-01-01,,eng,474
3857,9781351021678,1737,2019-01-01,,eng,318
3858,9780135692295,1536,1996-01-01,,eng,333
3859,9781430222569,26,2009-01-01,,eng,350
3860,9781315352541,1737,2016-01-01,,eng,380
3861,9783030040697,1648,2013-01-01,,eng,241
3862,9783319381206,1644,2014-01-01,,eng,358
3863,9783319522883,1543,2014-01-01,,eng,294
3864,9781306568012,1737,2014-01-01,,eng,1510
3865,9783540692805,1543,2008-01-01,,eng,189
3866,9781447122968,272,2012-01-01,,eng,480
3867,9781498719353,1737,2018-01-01,,eng,224
3868,9781848219021,1929,2016-01-01,,eng,346
3869,9780470201657,545,1983-01-01,,eng,265
3870,9780262182331,1754,2003-01-01,,eng,382
3871,9780262731188,998,1996-01-01,,eng,759
3872,9780134638379,128,1992-01-01,,eng,484
3873,9780070465381,1056,1980-01-01,,eng,595
3874,9781118660034,1929,2015-01-01,,eng,320
3875,9783540892465,1543,2008-01-01,,eng,187
3876,9780307488176,1836,2005-01-01,,eng,240
3877,9781138197541,1737,2017-01-01,,eng,582
3878,9780824722517,988,1975-01-01,,eng,271
3879,9780764555190,903,2003-01-01,,eng,
3880,9781498728737,356,2009-01-01,,eng,536
3881,9781351830621,308,2000-01-01,,eng,416
3882,9781491946916,1205,2015-01-01,,eng,
3883,9780470650462,1948,2010-01-01,,eng,576
3884,9783642114465,1648,2009-01-01,,eng,234
3885,9781430240952,26,2012-01-01,,eng,985
3886,9780429527876,1737,2019-01-01,,eng,1600
3887,9789400734340,823,2011-01-01,,eng,364
3888,9783642410703,1543,2013-01-01,,eng,253
3889,9780850126655,226,1988-01-01,,,334
3890,9780769509631,798,2001-01-01,,eng,230
3891,9780340885017,754,2004-01-01,,eng,336
3892,9780558837976,954,2010-01-01,,eng,259
3893,9780989421706,975,2013-01-01,,eng,
3894,9780471052005,1925,1979-01-01,,eng,28
3895,9789048149018,1651,2010-01-01,,eng,
3896,9780471706861,1925,1975-01-01,,eng,293
3897,9780673182050,1579,1987-01-01,,eng,452
3898,9788820334789,1816,2006-01-01,,ita,608
3899,9780198437918,1237,2019-01-01,,eng,136
3900,9781781316924,1442,2017-01-01,,eng,224
3901,9780134689562,1317,2017-01-01,,eng,696
3902,9781961584600,1222,2024-01-01,,eng,
3903,9780070701694,1053,1987-01-01,,eng,448
3904,9785030005263,1111,1989-01-01,,eng,384
3905,9780199309412,1238,2014-01-01,,eng,328
3906,9780201409451,63,1996-01-01,,eng,882
3907,9780374104863,1337,2020-01-01,,eng,304
3908,9780443137402,580,2014-01-01,,eng,376
3909,9789491216916,1909,2012-01-01,,eng,273
3910,9781461236719,1648,1989-01-01,,eng,124
3911,9780131434066,1391,2004-01-01,,eng,448
3912,9781584888116,1738,2007-01-01,,eng,633
3913,9780367564193,310,2021-01-01,,eng,280
3914,9780672323188,1522,2002-01-01,,eng,672
3915,9780262192880,998,1989-01-01,,eng,595
3916,9781642956245,1528,2008-01-01,,eng,284
3917,9780751528473,968,1999-01-01,,eng,269
3918,9781855542501,1142,1994-01-01,,eng,116
3919,9780131999367,1396,1989-01-01,,eng,327
3920,9780470843864,1929,2002-01-01,,eng,737
3921,9780471469124,1925,2004-01-01,,eng,256
3922,9781306810661,1205,2004-01-01,,eng,287
3923,9780262377737,998,2023-01-01,,eng,
3924,9780763722104,917,1996-01-01,,eng,694
3925,9781138413283,988,1989-01-01,,eng,345
3926,9781461313717,879,1996-01-01,,eng,296
3927,9780716718154,1880,1987-01-01,,eng,363
3928,9780471849025,1925,1988-01-01,,eng,546
3929,9783540781264,1543,2008-01-01,,eng,681
3930,9780070418233,1056,1991-01-01,,eng,453
3931,9780792399278,933,1997-01-01,,eng,340
3932,9783540347347,1543,2013-01-01,,eng,156
3933,9783110267716,2009,2011-01-01,,eng,269
3934,9780415645379,1506,2013-01-01,,eng,152
3935,9781584888918,359,2008-01-01,,eng,744
3936,9781447163176,1543,2014-01-01,,eng,402
3937,9781430272533,26,2010-01-01,,eng,361
3938,9780782128192,1546,2001-01-01,,eng,1136
3939,9783589240531,411,2008-01-01,,ger,278
3940,9781107017894,319,2015-01-01,,,381
3941,9781599042039,802,2006-01-01,,eng,337
3942,9781627052955,1118,2017-01-01,,eng,310
3943,9780898718539,1619,1987-01-01,,eng,137
3944,9783319133317,1648,2014-01-01,,eng,292
3945,9781841509563,863,2000-01-01,,eng,243
3946,9781474246422,503,1993-01-01,,eng,318
3947,9783540881933,1543,2008-01-01,,eng,396
3948,9783540669340,1543,1999-01-01,,eng,187
3949,9780074621936,1732,1994-01-01,,eng,227
3950,9780444016102,578,1991-01-01,,eng,300
3951,9780429324611,1737,2020-01-01,,eng,152
3952,9781600214851,1192,2007-01-01,,eng,330
3953,9781118299272,1928,2012-01-01,,eng,264
3954,9783764366100,879,2001-01-01,,eng,589
3955,9780321933157,60,2013-01-01,,eng,277
3956,9780070255333,1058,1989-01-01,,eng,147
3957,9780262511445,998,1984-01-01,,eng,262
3958,9780511804786,322,2009-01-01,,eng,400
3959,9780132335706,1322,2003-01-01,,eng,528
3960,9780316475556,1787,1992-01-01,,eng,348
3961,9780324662511,1623,1997-01-01,,eng,796
3962,9783642063749,1543,2006-01-01,,eng,214
3963,9781849961127,1676,2010-01-01,,eng,480
3964,9780387955049,1543,2005-01-01,,eng,296
3965,9780672300806,1552,1992-01-01,,eng,404
3966,9780812545449,1796,1998-01-01,,eng,255
3967,9783319050881,1543,2014-01-01,,eng,816
3968,9783540362227,1543,2002-01-01,,eng,238
3969,9781138027978,1737,2015-01-01,,eng,252
3970,9781138044562,1506,2010-01-01,,eng,272
3971,9783540452485,1543,2003-01-01,,eng,239
3972,9781461274834,1543,2011-01-01,,eng,269
3973,9780511878442,322,1990-01-01,,eng,315
3974,9781842650615,1144,2001-01-01,,eng,142
3975,9783540643418,1543,1998-01-01,,eng,434
3976,9780321136220,56,2003-01-01,,eng,442
3977,9780004725123,710,2000-01-01,,eng,424
3978,9783540681731,1543,2007-01-01,,"ger,eng",529
3979,9781846289835,1543,2007-01-01,,eng,342
3980,9780471801351,1925,1984-01-01,,eng,355
3981,9781351990165,356,2002-01-01,,eng,288
3982,9789048174713,1543,2007-01-01,,eng,181
3983,9781541465336,1730,2017-01-01,,eng,120
3984,9783662518687,1639,2012-01-01,,eng,733
3985,9781472432117,663,2014-01-01,,eng,262
3986,9781878707574,943,1994-01-01,,eng,454
3987,9780429172205,1737,2007-01-01,,eng,332
3988,9781782173656,1277,2016-01-01,,eng,256
3989,9780471266815,1925,1975-01-01,,eng,872
3990,9783030020828,1543,2018-01-01,,,96
3991,9780977858224,833,2006-01-01,,eng,400
3992,9780817638801,220,1996-01-01,,eng,457
3993,9780596800956,1199,2010-01-01,,eng,1056
3994,9780805312171,56,1992-01-01,,eng,715
3995,9781587130922,379,2003-01-01,,eng,966
3996,9780080502946,581,2013-01-01,,eng,176
3997,9781444356748,224,2009-01-01,,eng,232
3998,9783540524670,1667,1990-01-01,,ger,250
3999,9780471972983,1925,1997-01-01,,eng,868
4000,9781638351191,1028,2019-01-01,,eng,400
4001,9781784398392,1274,2015-01-01,,eng,334
4002,9783319201696,1644,2018-01-01,,eng,285
4003,9783319946368,1543,2018-01-01,,,301
4004,9783319559063,1543,2017-01-01,,,140
4005,9783642080630,1648,2007-01-01,,eng,244
4006,9780897914321,17,1991-01-01,,eng,212
4007,9783540547426,1667,1991-01-01,,eng,515
4008,9780906774670,1563,1992-01-01,,eng,397
4009,9782921120319,1426,1990-01-01,,eng,479
4010,9782225829192,1039,1997-01-01,,fre,399
4011,9783540528500,1543,1990-01-01,,eng,546
4012,9780124383807,581,1992-01-01,,eng,680
4013,9783319754192,1543,2011-01-01,,,684
4014,9783030578077,1648,2003-01-01,,eng,508
4015,9783030005627,1543,2016-01-01,,eng,611
4016,9783319135243,1648,2014-01-01,,eng,352
4017,9780135708057,1391,1996-01-01,,eng,250
4018,9780596801908,1227,2009-01-01,,eng,598
4019,9783642149924,1639,2010-01-01,,eng,
4020,9781884842610,1537,1997-01-01,,eng,310
4021,9783030110260,1648,2015-01-01,,eng,442
4022,9781800566613,1277,2020-01-01,,eng,
4023,9780345455970,178,2006-01-01,,,432
4024,9780198537601,1237,1991-01-01,,eng,390
4025,9780201657937,60,2000-01-01,,eng,816
4026,9781613242865,1191,2011-01-01,,eng,
4027,9780070116856,1056,1997-01-01,,eng,353
4028,9781118595503,1930,2014-01-01,,eng,264
4029,9780817643478,216,2005-01-01,,eng,186
4030,9783662569863,1543,2016-01-01,,eng,335
4031,9783319687100,1644,2017-01-01,,eng,545
4032,9780596528782,1201,2002-01-01,,eng,80
4033,9780387499703,1543,2008-01-01,,eng,243
4034,9780134905587,1399,1997-01-01,,eng,480
4035,9780136154938,1391,1992-01-01,,eng,640
4036,9783709194379,1543,1995-01-01,,eng,370
4037,9780894552342,433,1983-01-01,,eng,
4038,9780128032916,1707,2016-01-01,,eng,198
4039,9780071784221,1052,2012-01-01,,eng,162
4040,9788468345512,1345,2017-01-01,,eng,139
4041,9783110441444,2009,2016-01-01,,ger,130
4042,9789811911651,1648,2015-01-01,,eng,398
4043,9780511721625,322,2008-01-01,,eng,212
4044,9783540320678,1648,2005-01-01,,eng,
4045,9781522529156,802,2017-01-01,,eng,302
4046,9780511264016,322,2000-01-01,,eng,443
4047,9783642348716,2009,2013-01-01,,ger,235
4048,9783319310824,1648,2016-01-01,,eng,98
4049,9783319244570,1648,2016-01-01,,eng,208
4050,9783662514085,1543,2013-01-01,,eng,105
4051,9783319812434,1648,2016-01-01,,eng,140
4052,9783319930244,1543,2018-01-01,,ger,156
4053,9783319776996,1543,2018-01-01,,,1240
4054,9783319006802,1648,2013-01-01,,eng,131
4055,9781472951380,234,2018-01-01,,eng,128
4056,9783319904153,1543,2018-01-01,,,417
4057,9783319898834,1650,2018-01-01,,,1065
4058,9783319318752,1644,2016-01-01,,eng,409
4059,9783322878625,598,1984-01-01,,eng,246
4060,9781280453915,1240,1997-01-01,,eng,377
4061,9781785285172,2009,2016-01-01,,eng,446
4062,9780133034059,1025,1994-01-01,,eng,400
4063,9780970846907,984,2001-01-01,,,391
4064,9781930708723,802,1999-01-01,,eng,322
4065,9780120146826,43,1984-01-01,,eng,369
4066,9780262133937,1754,2001-01-01,,eng,445
4067,9781306046107,1416,2013-01-01,,eng,328
4068,9781259641503,1060,2016-01-01,,,848
4069,9781134931415,1172,1993-01-01,,eng,285
4070,9781848213227,1929,2011-01-01,,eng,448
4071,9780321951830,60,2002-01-01,,eng,400
4072,9781449397678,1201,2011-01-01,,eng,182
4073,9783662447567,1648,2014-01-01,,eng,238
4074,9780262531085,998,1992-01-01,,eng,467
4075,9781932394900,1026,2007-01-01,,eng,576
4076,9780736803168,326,2000-01-01,,eng,48
4077,9780672320354,1522,2002-01-01,,eng,704
4078,9781435460799,414,2012-01-01,,,
4079,9781349493708,1282,2014-01-01,,eng,201
4080,9781556229213,1964,2002-01-01,,eng,507
4081,9780982477540,1611,2010-01-01,,eng,337
4082,9783540492399,1648,1995-01-01,,eng,230
4083,9781587144608,379,2016-01-01,,eng,656
4084,9780071621113,1056,2009-01-01,,eng,518
4085,9783642441097,1543,2011-01-01,,eng,820
4086,9781449315993,1201,2011-01-01,,eng,81
4087,9783897212664,1199,2003-01-01,,"ger,eng",128
4088,9780716782940,1873,1997-01-01,,eng,468
4089,9781134802067,1737,2013-01-01,,eng,392
4090,9788132220084,1543,2014-01-01,,eng,556
4091,9781119329190,1929,2017-01-01,,eng,360
4092,9780511244933,322,2006-01-01,,eng,300
4093,9781461389125,1667,1989-01-01,,eng,373
4094,9780127818818,43,1990-01-01,,eng,493
4095,9780818605048,798,1983-01-01,,eng,221
4096,9781585030293,1573,2001-01-01,,eng,290
4097,9780262571234,998,1998-01-01,,eng,363
4098,9780849320682,1737,2000-01-01,,eng,358
4099,9783540269236,1543,2003-01-01,,eng,565
4100,9780857295361,1675,2011-01-01,,eng,300
4101,9789810201463,1970,1989-01-01,,eng,210
4102,9780844247083,1835,1993-01-01,,eng,152
4103,9781466513136,1736,2011-01-01,,eng,538
4104,9780415978934,1506,2007-01-01,,eng,232
4105,9781430269694,506,2010-01-01,,eng,221
4106,9789812797841,1973,1996-01-01,,eng,136
4107,9780072505016,1077,2001-01-01,,eng,704
4108,9780387945057,1681,1992-01-01,,eng,229
4109,9780805370447,208,1986-01-01,,eng,504
4110,9780130456328,1404,2002-01-01,,eng,320
4111,9780195789119,1241,2004-01-01,,eng,552
4112,9781449366179,1199,2014-01-01,,,
4113,9781430257257,26,2013-01-01,,,123
4114,9781430211723,26,2008-01-01,,eng,416
4115,9781461305705,1648,1990-01-01,,eng,362
4116,9781134115228,1506,2010-01-01,,eng,376
4117,9781929629909,306,2000-01-01,,eng,295
4118,9780316371230,1987,2014-01-01,,,384
4119,9781447159186,1646,2013-01-01,,eng,
4120,9783642354564,1543,2011-01-01,,eng,340
4121,9781118058985,1929,2007-01-01,,eng,752
4122,9781584889120,1738,2007-01-01,,eng,354
4123,9780387346335,1543,2006-01-01,,eng,315
4124,9781883577551,507,1995-01-01,,eng,627
4125,9780133589498,379,2014-01-01,,eng,384
4126,9781498743273,314,2015-01-01,,eng,363
4127,9783642690334,879,1983-01-01,,eng,
4128,9781315643670,1506,2018-01-01,,eng,510
4129,9781040209035,356,2007-01-01,,eng,376
4130,9781493938537,1652,2008-01-01,,eng,491
4131,9781558603417,1120,1996-01-01,,eng,693
4132,9781548845117,1316,2010-01-01,,eng,226
4133,9789811341533,1543,2018-01-01,,eng,369
4134,9780387973746,1667,1991-01-01,,eng,303
4135,9781351725224,1737,2017-01-01,,eng,280
4136,9780521170635,322,2011-01-01,,eng,
4137,9783642244735,1543,2011-01-01,,eng,216
4138,9781931769464,11,2005-01-01,,eng,500
4139,9780340872642,750,2003-01-01,,eng,400
4140,9783486713664,1216,2012-01-01,,,224
4141,9780137299393,1404,1974-01-01,,eng,290
4142,9780133594560,1404,1995-01-01,,eng,250
4143,9781931769402,11,2005-01-01,,eng,500
4144,9781584503309,361,2005-01-01,,eng,608
4145,9789462390058,1543,2013-01-01,,eng,
4146,9789810229245,1971,1997-01-01,,eng,327
4147,9780314933089,1916,1993-01-01,,eng,
4148,9780442004613,1842,1993-01-01,,eng,255
4149,9780130110374,1391,1998-01-01,,eng,167
4150,9781461532200,1660,1993-01-01,,eng,208
4151,9780881750843,396,1988-01-01,,eng,380
4152,9783642855405,1640,1982-01-01,,eng,
4153,9781461527800,1660,1994-01-01,,eng,271
4154,9780471624806,1925,1988-01-01,,eng,342
4155,9780835713665,1812,1982-01-01,,eng,210
4156,9780521390217,322,1991-01-01,,eng,428
4157,9780130284464,1391,2001-01-01,,,512
4158,9780262511117,1754,2000-01-01,,eng,448
4159,9780471969464,1925,1998-01-01,,eng,239
4160,9780070488366,1059,1990-01-01,,eng,200
4161,9780321305305,67,2005-01-01,,eng,416
4162,9780511284489,322,2003-01-01,,eng,
4163,9780883851241,1041,1982-01-01,,eng,388
4164,9781441993830,1543,2011-01-01,,eng,191
4165,9780511197765,322,2005-01-01,,eng,534
4166,9780470939031,1939,2011-01-01,,eng,528
4167,9781315516998,1506,1995-01-01,,eng,254
4168,9780471963554,1925,1996-01-01,,eng,352
4169,9780201175899,56,1989-01-01,,eng,266
4170,9781139013673,322,2014-01-01,,eng,602
4171,9783662184165,1543,1993-01-01,,eng,779
4172,9783540340218,1543,2006-01-01,,eng,797
4173,9780133534597,495,1994-01-01,,eng,244
4174,9781402080999,933,2004-01-01,,eng,456
4175,9783662499856,1543,2003-01-01,,eng,299
4176,9780133157192,1929,2002-01-01,,eng,506
4177,9783642385582,1543,2011-01-01,,eng,325
4178,9781315789385,1737,1995-01-01,,eng,280
4179,9780966549331,568,1997-01-01,,eng,428
4180,9780201596076,56,2000-01-01,,eng,352
4181,9780534053109,1892,1986-01-01,,eng,507
4182,9780471971511,885,1997-01-01,,eng,305
4183,9781788392303,1275,2018-01-01,,,218
4184,9781524710040,1343,2017-01-01,,eng,352
4185,9780135165768,1391,1986-01-01,,eng,336
4186,9780201416671,56,1991-01-01,,eng,372
4187,9780134689555,1317,2017-01-01,,eng,592
4188,9780198070887,1237,2011-01-01,,eng,688
4189,9780815735472,280,2019-01-01,,,438
4190,9780471928669,898,1990-01-01,,eng,194
4191,9788122428735,1164,2008-01-01,,eng,
4192,9780198063155,1241,2010-01-01,,,
4193,9780794509224,1831,2005-01-01,,eng,96
4194,9781782163275,1274,2013-01-01,,eng,156
4195,9781449325206,1201,2012-01-01,,eng,244
4196,9781449359614,1205,2013-01-01,,eng,170
4197,9781315231099,1737,2015-01-01,,eng,328
4198,9781538104897,1511,2017-01-01,,eng,270
4199,9780521866972,322,2007-01-01,,eng,469
4200,9783662458259,1543,2010-01-01,,eng,245
4201,9780201432893,56,1999-01-01,,eng,165
4202,9783211094501,1543,2009-01-01,,eng,446
4203,9780442244965,1843,1983-01-01,,eng,1664
4204,9780511580680,1640,1998-01-01,,eng,464
4205,9781447126966,1543,2011-01-01,,eng,280
4206,9780367367725,1737,2020-01-01,,eng,448
4207,9781839536625,855,2023-01-01,,eng,
4208,9783030906351,1543,2013-01-01,,eng,287
4209,9783642261206,1543,2010-01-01,,eng,220
4210,9789811320361,1543,2018-01-01,,,377
4211,9783319785738,1543,2018-01-01,,,332
4212,9783030087074,1543,2018-01-01,,,164
4213,9781580760591,1306,1998-01-01,,eng,459
4214,9783642781148,879,1993-01-01,,eng,477
4215,9784431684572,879,1993-01-01,,eng,613
4216,9781461320098,1649,1987-01-01,,eng,258
4217,9780124081116,580,2012-01-01,,eng,440
4218,9783319294384,1543,2016-01-01,,,214
4219,9781850328001,871,1995-01-01,,eng,1573
4220,9781614990291,805,2012-01-01,,eng,295
4221,9781461204961,1543,1999-01-01,,eng,250
4222,9783642434525,1640,2013-01-01,,eng,541
4223,9781788831437,1274,2019-01-01,,,210
4224,9781576102800,410,2000-01-01,,,615
4225,9783642291418,1543,2012-01-01,,,
4226,9781441918956,1648,2005-01-01,,eng,292
4227,9781482215403,1737,2016-01-01,,eng,504
4228,9780295972701,1811,1993-01-01,,eng,227
4229,9781799833383,802,2020-01-01,,eng,
4230,9781401393892,777,2009-01-01,,eng,246
4231,9781441979339,1543,2010-01-01,,eng,277
4232,9780385530828,529,2014-01-01,,eng,356
4233,9781107122567,322,2016-01-01,,eng,480
4234,9783642315916,1543,2012-01-01,,eng,144
4235,9781576761717,51,2005-01-01,,eng,1100
4236,9781118512609,1929,2008-01-01,,eng,462
4237,9780074636664,1731,1999-01-01,,eng,788
4238,9783540669210,1543,2000-01-01,,eng,312
4239,9780553345308,1468,1988-01-01,,eng,297
4240,9780072472462,327,2001-01-01,,eng,432
4241,9781430213253,26,2006-01-01,,eng,1088
4242,9780080524573,1737,2008-01-01,,eng,297
4243,9780780311121,263,1996-01-01,,eng,717
4244,9783319626796,1644,2018-01-01,,eng,290
4245,9781510426948,1737,2019-01-01,,eng,
4246,9789814368179,1973,1990-01-01,,eng,
4247,9789812830579,1973,1995-01-01,,eng,
4248,9783031308222,1543,2023-01-01,,eng,
4249,9789810243562,1973,2000-01-01,,eng,544
4250,9781450322881,128,2013-01-01,,eng,
4251,9781734020687,1741,2023-01-01,,eng,
4252,9781450314930,128,2012-01-01,,eng,
4253,9781450313995,128,2011-01-01,,eng,
4254,9781450315128,128,2012-01-01,,eng,
4255,9781524933050,927,2017-01-01,,eng,
4256,9781536149166,1193,2019-01-01,,eng,
4257,9780757549755,928,2004-01-01,,eng,206
4258,9781484296325,111,2021-01-01,,eng,
4259,9781536191073,1193,2021-01-01,,eng,
4260,9781680832761,1195,2016-01-01,,eng,
4261,9783540323761,1639,2005-01-01,,eng,
4262,9789048181834,1648,2009-01-01,,eng,
4263,9783319309361,1644,2016-01-01,,eng,
4264,9783540305699,1648,2005-01-01,,eng,
4265,9783319307336,1644,2016-01-01,,eng,
4266,9781643680606,806,2020-01-01,,eng,
4267,9781536190007,1193,2020-01-01,,eng,
4268,9781306816441,1205,2005-01-01,,eng,
4269,9781465291233,927,2015-01-01,,eng,
4270,9781643680965,806,2020-01-01,,eng,
4271,9781306549790,753,2014-01-01,,eng,
4272,9781260096002,1078,2005-01-01,,eng,608
4273,9798986819211,1362,2022-01-01,,eng,
4274,9781643680637,805,2020-01-01,,eng,324
4275,9781524992613,926,2017-01-01,,eng,
4276,9783319554563,1644,2017-01-01,,eng,
4277,9781536186123,1193,2020-01-01,,eng,
4278,9783112567678,2009,1973-01-01,,ger,
4279,9783540463757,1648,2007-01-01,,eng,386
4280,9783319405292,1543,2016-01-01,,eng,262
4281,9781461320173,1660,1987-01-01,,eng,260
4282,9781461315599,1649,1990-01-01,,eng,152
4283,9781475716771,1652,1978-01-01,,eng,194
4284,9781461248934,1652,1986-01-01,,eng,448
4285,9783030099152,1543,2018-01-01,,,269
4286,9780198729129,1237,2012-01-01,,eng,250
4287,9781475798050,1543,2013-01-01,,eng,608
4288,9783319313061,1543,2016-01-01,,,965
4289,9783319421070,1543,2016-01-01,,,669
4290,9781785617690,855,2020-01-01,,eng,300
4291,9783662492468,1543,2016-01-01,,eng,188
4292,9781475765366,1543,2013-01-01,,eng,624
4293,9783030321765,1543,2016-01-01,,,722
4294,9783319240244,1543,2015-01-01,,eng,425
4295,9783030252274,1644,2019-01-01,,eng,185
4296,9783662585597,1543,2018-01-01,,,270
4297,9783319862088,1543,2017-01-01,,,178
4298,9783319878775,1644,2017-01-01,,eng,211
4299,9783319401379,1543,2017-01-01,,,554
4300,9783319294735,1543,2016-01-01,,eng,204
4301,9789811067464,1543,2017-01-01,,,228
4302,9783319410623,1543,2016-01-01,,eng,112
4303,9783662495292,1648,2016-01-01,,eng,727
4304,9781536149869,1193,2019-01-01,,eng,174
4305,9781536148442,1193,2019-01-01,,eng,228
4306,9783319665528,1543,2017-01-01,,,199
4307,9783319936857,1543,2018-01-01,,,127
4308,9783319401881,1648,2016-01-01,,eng,383
4309,9783540531999,1640,1990-01-01,,eng,238
4310,9784431682967,879,1990-01-01,,eng,244
4311,9783642213793,1543,2011-01-01,,,281
4312,9783319413570,1543,2016-01-01,,eng,108
4313,9781322615998,1737,2010-01-01,,eng,217
4314,9781430272946,26,2010-01-01,,,480
4315,9781430209843,26,2008-01-01,,eng,300
4316,9780133811025,1838,2015-01-01,,eng,480
4317,9783642616112,1640,1986-01-01,,"ger,eng",116
4318,9780387579351,1543,1994-01-01,,eng,269
4319,9783540328803,1648,2006-01-01,,eng,399
4320,9783319678849,1543,2001-01-01,,eng,523
4321,9780563202868,156,1984-01-01,,"ger,eng",102
4322,9783030808785,1648,2008-01-01,,eng,169
4323,9780262192743,1754,1988-01-01,,eng,327
4324,9780195668056,1237,2004-01-01,,eng,542
4325,9781856177078,581,2010-01-01,,eng,472
4326,9781280653483,309,2006-01-01,,eng,240
4327,9780815385325,1737,2018-01-01,,eng,181
4328,9781441975348,1543,2010-01-01,,eng,261
4329,9780387952604,1543,2002-01-01,,eng,304
4330,9781461509363,879,2002-01-01,,eng,282
4331,9781617290558,1026,2012-01-01,,,
4332,9783540412373,1543,2000-01-01,,eng,335
4333,9781000449198,1737,2021-01-01,,eng,162
4334,9783540612926,1543,1996-01-01,,eng,628
4335,9781910523094,1253,2016-01-01,,,162
4336,9780596529321,1199,2007-01-01,,eng,360
4337,9780521114455,322,2005-01-01,,eng,200
4338,9783319240695,1644,2015-01-01,,eng,602
4339,9781522557937,802,2018-01-01,,eng,300
4340,9781799824466,802,2020-01-01,,eng,
4341,9781799837084,802,2020-01-01,,eng,313
4342,9781000791471,1496,2015-01-01,,eng,188
4343,9781138413924,309,2014-01-01,,eng,291
4344,9783319788128,1543,2016-01-01,,eng,781
4345,9783662055007,1543,1960-01-01,,eng,576
4346,9781322627762,1737,2008-01-01,,eng,259
4347,9781447165156,1648,2014-01-01,,eng,275
4348,9780141884011,1334,2001-01-01,,eng,618
4349,9783540410430,1543,2000-01-01,,eng,802
4350,9781482211191,359,2015-01-01,,eng,494
4351,9781590598115,26,2007-01-01,,eng,271
4352,9781843721925,955,2004-01-01,,eng,
4353,9780897916431,127,1994-01-01,,eng,327
4354,9783540365532,1648,2007-01-01,,eng,
4355,9781461466024,823,2013-01-01,,eng,117
4356,9783642326493,1543,2010-01-01,,,333
4357,9780792390985,932,1990-01-01,,eng,418
4358,9783896531872,550,1996-01-01,,eng,2298
4359,9780201137446,56,1989-01-01,,eng,596
4360,9781000448597,1737,2021-01-01,,eng,432
4361,9780738485355,870,2008-01-01,,eng,246
4362,9781447174141,1543,2014-01-01,,eng,448
4363,9783662483503,1648,2015-01-01,,eng,1053
4364,9783540677277,1543,2000-01-01,,eng,256
4365,9783642771668,1640,1993-01-01,,eng,379
4366,9783540241201,1673,2005-01-01,,eng,398
4367,9780387566252,1543,1993-01-01,,eng,378
4368,9780226321394,1827,1999-01-01,,eng,350
4369,9783540237747,1543,2005-01-01,,eng,175
4370,9783031007286,1118,2016-01-01,,eng,
4371,9780137149780,1399,2008-01-01,,eng,214
4372,9781789533347,2009,2019-01-01,,eng,462
4373,9780133684650,1391,1995-01-01,,eng,368
4374,9781839218750,1277,2020-01-01,,eng,756
4375,9781789134193,2009,2019-01-01,,eng,316
4376,9780262343992,998,2017-01-01,,eng,392
4377,9781881228738,1690,2003-01-01,,eng,471
4378,9780201775952,56,2004-01-01,,eng,719
4379,9780429625305,1737,2019-01-01,,eng,88
4380,9781449317867,1201,2011-01-01,,eng,
4381,9780262256650,998,2001-01-01,,eng,280
4382,9781119021438,1925,2015-01-01,,,792
4383,9780735635319,1204,2005-01-01,,eng,201
4384,9789819601875,1543,2024-01-01,,eng,
4385,9789819602933,1543,2024-01-01,,eng,
4386,9789819603121,1543,2024-01-01,,eng,
4387,9781441917478,1543,2010-01-01,,eng,272
4388,9781119536987,1929,2011-01-01,,eng,496
4389,9780262283106,998,2002-01-01,,eng,223
4390,9781283176255,1929,2011-01-01,,eng,272
4391,9780203773833,1737,1997-01-01,,eng,528
4392,9781799832980,802,2020-01-01,,eng,
4393,9783642260346,1543,2010-01-01,,,416
4394,9781119965312,1930,2010-01-01,,eng,346
4395,9780333219423,1002,1978-01-01,,eng,222
4396,9781449331924,1199,2015-01-01,,,397
4397,9781000062519,1737,2017-01-01,,eng,400
4398,9783642352638,823,2012-01-01,,eng,508
4399,9781305409033,339,2015-01-01,,eng,1248
4400,9781491949405,1199,2015-01-01,,eng,253
4401,9780201702521,60,2002-01-01,,eng,512
4402,9780387689920,1543,2007-01-01,,eng,372
4403,9781498714044,1737,2015-01-01,,eng,208
4404,9781003059875,356,1992-01-01,,eng,432
4405,9781040082034,1737,2010-01-01,,eng,265
4406,9783540398905,1543,2003-01-01,,eng,420
4407,9780199601622,1236,2012-01-01,,eng,240
4408,9780080503936,1120,2002-01-01,,eng,562
4409,9780387946757,1543,1990-01-01,,eng,560
4410,9780124170452,581,2014-01-01,,eng,44
4411,9788847005365,1543,2006-01-01,,ita,393
4412,9780697114167,1878,1992-01-01,,eng,586
4413,9780769502564,797,1999-01-01,,eng,267
4414,9780130112644,1391,1999-01-01,,eng,656
4415,9780137758005,1391,1995-01-01,,eng,868
4416,9780387971445,1667,1989-01-01,,eng,184
4417,9780132092555,1399,1992-01-01,,eng,440
4418,9781461468486,1543,2016-01-01,,eng,600
4419,9780563369929,161,1991-01-01,,eng,208
4420,9781933639345,834,2008-01-01,,eng,160
4421,9783319322698,1648,2014-01-01,,eng,238
4422,9780321512093,1316,2008-01-01,,eng,347
4423,9781098136581,1205,2023-01-01,,eng,
4424,9780132782197,1391,1992-01-01,,eng,436
4425,9781461426424,1543,2010-01-01,,eng,138
4426,9781468451665,1660,1986-01-01,,eng,472
4427,9781680502435,1388,2018-01-01,,,220
4428,9780596517441,1244,2005-01-01,,eng,534
4429,9780429468254,142,2018-01-01,,eng,398
4430,9781040207949,356,2007-01-01,,eng,392
4431,9783642229619,1648,2010-01-01,,eng,321
4432,9780367322649,1737,2017-01-01,,eng,262
4433,9783642411458,1543,2013-01-01,,eng,209
4434,9780792377467,932,2000-01-01,,eng,228
4435,9780132122474,1391,2011-01-01,,,
4436,9781849519212,1274,2013-01-01,,eng,148
4437,9780672324109,1522,2003-01-01,,eng,274
4438,9780471594840,1925,1995-01-01,,eng,454
4439,9780201310122,56,1998-01-01,,eng,
4440,9780201820805,56,1995-01-01,,eng,394
4441,9783540412175,1543,2002-01-01,,eng,607
4442,9781430225010,26,2009-01-01,,eng,413
4443,9781282253551,1929,2011-01-01,,eng,230
4444,9781849209328,1517,2003-01-01,,eng,306
4445,9781491932438,1201,2017-01-01,,,324
4446,9780735627048,1103,2010-01-01,,eng,873
4447,9780585451091,913,2001-01-01,,eng,407
4448,9781430244622,820,2012-01-01,,eng,264
4449,9783662458037,1648,2014-01-01,,eng,530
4450,9780130960054,1399,1996-01-01,,eng,
4451,9780387243863,1543,2006-01-01,,eng,228
4452,9780521632942,322,1999-01-01,,eng,279
4453,9783540287414,1648,2004-01-01,,eng,365
4454,9781489989239,1543,2006-01-01,,eng,372
4455,9780387197852,1543,1992-01-01,,eng,313
4456,9780818688287,397,1988-01-01,,eng,549
4457,9781475779325,933,2004-01-01,,eng,296
4458,9780669400007,444,1996-01-01,,eng,500
4459,9780138469658,322,1996-01-01,,eng,412
4460,9780780336674,849,1996-01-01,,eng,356
4461,9783662445228,1648,2014-01-01,,eng,614
4462,9781000191080,1737,2020-01-01,,eng,268
4463,9781135639129,1737,2001-01-01,,eng,320
4464,9780429735325,1921,1992-01-01,,eng,298
4465,9781102154549,356,2003-01-01,,eng,656
4466,9780585309606,998,1994-01-01,,eng,279
4467,9781449368173,1202,2014-01-01,,eng,152
4468,9783319056579,1648,2014-01-01,,eng,345
4469,9781878739087,497,1992-01-01,,eng,756
4470,9783642407925,1644,2013-01-01,,eng,320
4471,9781281372772,1974,2005-01-01,,eng,256
4472,9783527334612,1930,2013-01-01,,eng,576
4473,9781402098369,1655,2010-01-01,,eng,630
4474,9780133489965,1399,1996-01-01,,eng,224
4475,9780136363255,1399,1993-01-01,,eng,400
4476,9780192683694,1241,1996-01-01,,eng,
4477,9783540468431,1543,2006-01-01,,eng,329
4478,9781780173979,164,2017-01-01,,eng,280
4479,9783662479995,1543,2015-01-01,,eng,801
4480,9783662490990,1648,2015-01-01,,eng,614
4481,9781119428589,1929,2018-01-01,,eng,272
4482,9789811052095,1543,2018-01-01,,chi,347
4483,9781317717546,1737,2018-01-01,,eng,264
4484,9780134659312,572,1990-01-01,,eng,465
4485,9780818682186,797,1997-01-01,,eng,607
4486,9780387773261,1543,2011-01-01,,eng,328
4487,9783319184586,1644,2015-01-01,,eng,151
4488,9780814410653,23,2000-01-01,,eng,285
4489,9781299848788,1929,2013-01-01,,eng,144
4490,9781583476796,993,2011-01-01,,eng,
4491,9783540428176,1648,2001-01-01,,eng,207
4492,9781412983716,1515,1996-01-01,,eng,95
4493,9783662443811,1648,2014-01-01,,eng,574
4494,9781934356333,1756,2009-01-01,,,
4495,9781590282601,2009,2012-01-01,,eng,679
4496,9783540410904,1543,2000-01-01,,eng,267
4497,9781860940316,818,1996-01-01,,eng,330
4498,9783319335001,1648,2016-01-01,,eng,171
4499,9781430236979,26,2012-01-01,,eng,784
4500,9780769530369,797,2007-01-01,,eng,155
4501,9780262014533,998,2010-01-01,,eng,310
4502,9789810244989,1974,2000-01-01,,eng,324
4503,9780198536581,380,1991-01-01,,eng,337
4504,9780387556314,1667,1992-01-01,,eng,246
4505,9781590591512,47,1998-01-01,,eng,777
4506,9780470384022,1977,2008-01-01,,eng,450
4507,9781430247883,26,2012-01-01,,,404
4508,9780201409437,63,1995-01-01,,eng,593
4509,9781593277871,1180,2016-01-01,,eng,256
4510,9781138105324,1737,2018-01-01,,eng,1584
4511,9781447125495,1648,2010-01-01,,eng,508
4512,9781351827355,308,2001-01-01,,eng,456
4513,9781135631833,950,2004-01-01,,eng,440
4514,9780080512488,1120,2003-01-01,,eng,496
4515,9783211997710,1543,2010-01-01,,eng,336
4516,9781299284265,998,2010-01-01,,eng,400
4517,9780201524246,56,1990-01-01,,eng,538
4518,9789810227319,1970,1996-01-01,,eng,263
4519,9780977616619,1388,2007-01-01,,eng,310
4520,9780201310139,56,1998-01-01,,eng,311
4521,9780321130006,60,2004-01-01,,eng,496
4522,9780070036000,1056,1994-01-01,,eng,326
4523,9780201342772,56,1998-01-01,,eng,404
4524,9780444876478,1621,1985-01-01,,eng,187
4525,9780429453731,1737,2018-01-01,,eng,288
4526,9783319112121,1543,2014-01-01,,eng,532
4527,9780429326097,1737,2019-01-01,,eng,654
4528,9780521435925,322,2005-01-01,,eng,351
4529,9780470240519,1929,2001-01-01,,eng,424
4530,9781884842184,1537,1995-01-01,,eng,440
4531,9780132549622,1399,1996-01-01,,eng,426
4532,9780130092915,1391,1994-01-01,,eng,627
4533,9780192714893,1241,1987-01-01,,"tur,eng",192
4534,9789400797123,823,2013-01-01,,eng,636
4535,9781473944046,1521,2002-01-01,,eng,232
4536,9783642190308,879,2003-01-01,,eng,382
4537,9781594745270,1452,2011-01-01,,eng,223
4538,9780672329968,1553,1998-01-01,,eng,432
4539,9781930690073,894,1994-01-01,,eng,113
4540,9781491935088,1205,2015-01-01,,eng,
4541,9780817639662,220,1998-01-01,,eng,353
4542,9781461207276,879,1995-01-01,,eng,428
4543,9780387954103,1543,2003-01-01,,eng,360
4544,9780429149412,308,2008-01-01,,eng,236
4545,9789026519697,1509,2004-01-01,,eng,239
4546,9780831131111,831,1999-01-01,,eng,416
4547,9781931777520,875,2003-01-01,,eng,298
4548,9780471083337,1925,1981-01-01,,eng,338
4549,9781118989012,1830,2015-01-01,,eng,370
4550,9781118281741,1546,2012-01-01,,,1104
4551,9781617290459,1026,2014-01-01,,,
4552,9781430262213,26,2010-01-01,,eng,586
4553,9780471228851,1925,2002-01-01,,eng,476
4554,9781420013061,1738,2006-01-01,,eng,570
4555,9780262181839,1754,1997-01-01,,eng,140
4556,9780134361581,1316,1924-01-01,,eng,392
4557,9780677140308,661,1970-01-01,,eng,624
4558,9780321799920,1391,2012-01-01,,,
4559,9781852330040,1648,1999-01-01,,eng,298
4560,9780792399339,933,1997-01-01,,eng,418
4561,9781482274486,1737,2000-01-01,,eng,408
4562,9780131686755,1406,1984-01-01,,eng,432
4563,9780314205568,1265,1997-01-01,,eng,257
4564,9781133589228,414,2014-01-01,,eng,280
4565,9781597492768,1710,2008-01-01,,eng,732
4566,9781465473615,1830,2018-01-01,,eng,224
4567,9783540854821,1668,2008-01-01,,eng,557
4568,9783034879156,1543,2004-01-01,,eng,565
4569,9780789722669,1307,2000-01-01,,eng,687
4570,9780124186767,1707,2014-01-01,,,352
4571,9780262526647,998,2014-01-01,,eng,328
4572,9780133056976,1439,2012-01-01,,eng,235
4573,9780201507362,56,1990-01-01,,eng,291
4574,9781402076268,933,2003-01-01,,eng,423
4575,9780471309932,1925,1994-01-01,,eng,478
4576,9780135408827,1399,1997-01-01,,eng,424
4577,9780132455077,1391,1994-01-01,,eng,231
4578,9780884053217,1360,1976-01-01,,eng,1523
4579,9781568843322,794,1996-01-01,,eng,377
4580,9780133908169,1391,1992-01-01,,eng,238
4581,9780132038607,1391,1994-01-01,,eng,389
4582,9780072253634,1082,2004-01-01,,eng,260
4583,9781612091143,1191,2010-01-01,,eng,
4584,9780769502182,797,1999-01-01,,eng,317
4585,9780131580176,1316,2006-01-01,,eng,720
4586,9789812779380,1974,1996-01-01,,eng,213
4587,9783486993219,2009,1977-01-01,,ger,
4588,9783486243819,2009,1980-01-01,,ger,
4589,9783486203714,2009,1976-01-01,,ger,
4590,9783110663648,2009,2020-01-01,,eng,
4591,9784431680345,879,1985-01-01,,eng,497
4592,9781788280303,116,2018-01-01,,eng,208
4593,9783319816326,1543,2016-01-01,,,812
4594,9783319661759,1543,2017-01-01,,eng,221
4595,9783642769443,879,1992-01-01,,eng,284
4596,9783642335174,823,2012-01-01,,eng,318
4597,9783642174995,1668,2010-01-01,,eng,
4598,9780789719270,1439,1999-01-01,,eng,479
4599,9780471931850,1925,1989-01-01,,eng,438
4600,9780521325929,1427,1986-01-01,,eng,277
4601,9781449613549,910,2012-01-01,,eng,799
4602,9780596807269,1201,2010-01-01,,eng,
4603,9780444898388,580,1993-01-01,,eng,250
4604,9781608458516,1118,2012-01-01,,eng,
4605,9780387966434,1543,1987-01-01,,eng,156
4606,9780201632446,55,1992-01-01,,eng,544
4607,9780123965257,581,2012-01-01,,eng,208
4608,9781139064491,322,2011-01-01,,eng,197
4609,9781494952518,1810,1999-01-01,,eng,133
4610,9789811356957,1658,2018-01-01,,eng,589
4611,9780123850515,581,2012-01-01,,eng,340
4612,9783030532901,1644,2020-01-01,,eng,676
4613,9780748774166,1160,2003-01-01,,eng,456
4614,9783540633716,1543,1997-01-01,,eng,513
4615,9781351023498,1737,2019-01-01,,eng,242
4616,9781491954386,1201,2017-01-01,,,416
4617,9783834894250,1855,2008-01-01,,ger,267
4618,9781447125174,272,2009-01-01,,eng,440
4619,9781416520597,174,2006-01-01,,eng,320
4620,9780442803216,1843,1976-01-01,,eng,1523
4621,9781838646301,1277,2020-01-01,,eng,
4622,9780201403701,51,1996-01-01,,eng,235
4623,9783642414862,1543,2007-01-01,,eng,288
4624,9780128114155,581,2018-01-01,,eng,136
4625,9781593270025,1180,2008-01-01,,eng,260
4626,9783540688037,1543,2007-01-01,,eng,188
4627,9780080479651,581,2004-01-01,,eng,256
4628,9780133430110,60,2015-01-01,,eng,288
4629,9781466578388,309,2013-01-01,,eng,563
4630,9781118330449,1930,2012-01-01,,eng,400
4631,9781119293613,1929,2016-01-01,,eng,656
4632,9780471241348,904,1999-01-01,,eng,660
4633,9780309653886,1150,2005-01-01,,eng,116
4634,9781430220183,1648,2008-01-01,,eng,768
4635,9780857292704,1648,2011-01-01,,eng,265
4636,9781135855062,1506,2010-01-01,,eng,350
4637,9783642341342,1639,2012-01-01,,eng,532
4638,9781447174035,1646,2012-01-01,,eng,490
4639,9781466519008,308,2000-01-01,,eng,420
4640,9780201129151,56,1989-01-01,,eng,600
4641,9783319596143,1650,2017-01-01,,,340
4642,9783319724522,1543,2016-01-01,,eng,473
4643,9783030198152,1543,2017-01-01,,,212
4644,9783319016467,1543,2013-01-01,,eng,288
4645,9781441989888,1652,2003-01-01,,eng,303
4646,9783540678793,1543,2000-01-01,,eng,178
4647,9781000794939,1496,2018-01-01,,eng,730
4648,9781071609859,1543,2006-01-01,,eng,260
4649,9781441993250,1652,2012-01-01,,eng,336
4650,9781461460183,1678,2012-01-01,,eng,384
4651,9781402055461,1543,2007-01-01,,eng,252
4652,9780131456600,1400,2004-01-01,,eng,378
4653,9781305271616,339,2015-01-01,,,880
4654,9781934356760,1388,2011-01-01,,eng,270
4655,9780471121480,1925,1996-01-01,,eng,693
4656,9780764503085,794,1998-01-01,,eng,383
4657,9783540003700,1543,2003-01-01,,eng,380
4658,9783642284113,1543,2012-01-01,,,
4659,9780857290052,1675,2010-01-01,,eng,
4660,9780857293404,1543,2011-01-01,,eng,287
4661,9780333544082,1281,1991-01-01,,eng,1089
4662,9780399564062,1385,2016-01-01,,eng,348
4663,9781461468493,1652,2013-01-01,,eng,613
4664,9781638350385,1028,2021-01-01,,eng,704
4665,9780135206638,1309,2016-01-01,,eng,900
4666,9781430242499,26,2012-01-01,,eng,304
4667,9781430266778,111,2014-01-01,,eng,205
4668,9781452274287,1518,2012-01-01,,eng,429
4669,9789067642453,275,1995-01-01,,eng,419
4670,9783642156526,1543,2011-01-01,,eng,492
4671,9780132448161,1322,2007-01-01,,eng,272
4672,9781003006312,1737,2020-01-01,,eng,260
4673,9780764557255,1929,2003-01-01,,eng,389
4674,9783319064970,1648,2014-01-01,,eng,444
4675,9780030675256,762,1969-01-01,,eng,463
4676,9780313059032,676,2003-01-01,,eng,303
4677,9781412985949,1520,2006-01-01,,eng,280
4678,9783642056956,1640,2003-01-01,,eng,509
4679,9783319132938,1543,2014-01-01,,eng,231
4680,9780387346328,1543,2006-01-01,,eng,210
4681,9781003024583,1737,2021-01-01,,eng,416
4682,9781349097098,1543,1987-01-01,,eng,288
4683,9781138028005,1737,2015-01-01,,eng,1040
4684,9781447162193,1644,2012-01-01,,eng,394
4685,9783540222187,1543,2004-01-01,,eng,586
4686,9781441901026,1680,2010-01-01,,eng,227
4687,9781466584501,356,2009-01-01,,eng,393
4688,9783540464815,1543,2006-01-01,,eng,1184
4689,9781788397872,1275,2017-01-01,,,270
4690,9780135402467,1307,2019-01-01,,eng,1912
4691,9780073517216,1056,2010-01-01,,eng,679
4692,9783642085598,1640,2001-01-01,,eng,407
4693,9780596156541,1205,2008-01-01,,eng,358
4694,9781400884797,1416,2017-01-01,,eng,624
4695,9783642382222,1644,2013-01-01,,eng,268
4696,9783642409905,1543,2013-01-01,,eng,741
4697,9783790815382,1363,2003-01-01,,eng,280
4698,9781412982689,1516,2012-01-01,,eng,
4699,9781280652493,1929,2002-01-01,,eng,512
4700,9780323547581,1130,2007-01-01,,eng,264
4701,9781440872792,16,2015-01-01,,eng,340
4702,9780716782605,396,1992-01-01,,eng,450
4703,9781000532425,1737,2022-01-01,,eng,
4704,9780415862905,1737,2003-01-01,,eng,724
4705,9781645020103,368,2020-01-01,,eng,576
4706,9780205985517,1298,2014-01-01,,eng,406
4707,9780072256758,1082,2005-01-01,,eng,444
4708,9780471924173,1925,1990-01-01,,eng,164
4709,9780131723894,1404,1996-01-01,,eng,534
4710,9781259051265,1069,2012-01-01,,eng,400
4711,9781461264279,1652,2001-01-01,,eng,420
4712,9781461366713,1660,1991-01-01,,eng,412
4713,9780199775309,1237,2013-01-01,,eng,
4714,9781439079416,414,2010-01-01,,,704
4715,9781590338889,1190,2003-01-01,,eng,112
4716,9783642102394,1543,2009-01-01,,eng,159
4717,9780805353822,51,1993-01-01,,eng,543
4718,9781441952561,1648,1899-01-01,,eng,300
4719,9783319081434,1543,2014-01-01,,eng,132
4720,9780387784489,1543,2008-01-01,,eng,
4721,9783540445975,1667,2001-01-01,,eng,580
4722,9781638353492,1028,2015-01-01,,eng,352
4723,9781847192578,1277,2007-01-01,,eng,
4724,9780201628838,51,1995-01-01,,eng,683
4725,9781118304419,1929,2011-01-01,,eng,344
4726,9780768684391,56,2008-01-01,,eng,478
4727,9781466590847,1737,2015-01-01,,eng,439
4728,9781032339719,1737,2017-01-01,,eng,364
4729,9780262100854,998,2001-01-01,,eng,378
4730,9780792392972,932,1992-01-01,,eng,450
4731,9781558604568,43,2002-01-01,,eng,894
4732,9781842651261,1146,1991-01-01,,eng,415
4733,9780720123036,1157,1995-01-01,,eng,448
4734,9780123706065,1120,2007-01-01,,eng,621
4735,9781590597569,26,2007-01-01,,eng,352
4736,9780072518849,1077,2003-01-01,,eng,984
4737,9781843724216,955,2003-01-01,,eng,
4738,9789400916005,1543,1899-01-01,,eng,264
4739,9781447102588,1648,2001-01-01,,eng,492
4740,9780314347367,1916,1983-01-01,,eng,144
4741,9781118428627,1929,2008-01-01,,eng,300
4742,9781280270598,1929,2005-01-01,,eng,468
4743,9783031010354,1118,2016-01-01,,eng,
4744,9783319105727,1543,2014-01-01,,eng,252
4745,9781447125136,272,1997-01-01,,eng,446
4746,9783319550015,1648,2016-01-01,,eng,240
4747,9781447150381,272,2013-01-01,,eng,100
4748,9783319318561,1648,2016-01-01,,eng,282
4749,9783319179629,1543,2015-01-01,,eng,288
4750,9780133827354,1316,2011-01-01,,eng,464
4751,9781118919231,1929,2014-01-01,,eng,888
4752,9780134578729,1316,2019-01-01,,eng,500
4753,9780805824148,1737,1999-01-01,,eng,260
4754,9783319073521,1644,2014-01-01,,eng,743
4755,9780412014710,1543,1987-01-01,,eng,295
4756,9783540319894,1543,2001-01-01,,eng,384
4757,9783662468227,1648,2007-01-01,,eng,456
4758,9780309149587,1150,2010-01-01,,eng,
4759,9780511486609,322,2005-01-01,,eng,324
4760,9780387567983,1543,1993-01-01,,eng,763
4761,9783540253884,1543,2005-01-01,,eng,519
4762,9780835969314,216,1984-01-01,,eng,590
4763,9780471798545,903,2006-01-01,,eng,308
4764,9780871702968,126,1988-01-01,,eng,372
4765,9781447149330,823,2013-01-01,,eng,470
4766,9781558514577,985,1996-01-01,,eng,420
4767,9780521555593,322,1998-01-01,,eng,229
4768,9780123850041,580,2011-01-01,,eng,457
4769,9783540229407,1543,2004-01-01,,eng,528
4770,9783642763038,1648,2012-01-01,,eng,
4771,9783540083641,1667,1977-01-01,,eng,545
4772,9781040219713,310,2005-01-01,,eng,692
4773,9780070571181,1059,1997-01-01,,eng,422
4774,9780521563291,322,1999-01-01,,eng,1034
4775,9783642210037,1543,2011-01-01,,eng,466
4776,9780131543188,1400,2005-01-01,,eng,464
4777,9781430235361,26,2011-01-01,,eng,
4778,9780764548376,1925,2002-01-01,,eng,1214
4779,9780130284518,1391,2002-01-01,,eng,757
4780,9781680509793,1205,2023-01-01,,eng,
4781,9780672302930,1552,1993-01-01,,eng,218
4782,9781878739063,1897,1991-01-01,,eng,741
4783,9780387952253,1543,2001-01-01,,eng,264
4784,9780735608863,1103,2000-01-01,,eng,466
4785,9781119321071,1929,2016-01-01,,eng,2432
4786,9780471549437,1925,1992-01-01,,eng,173
4787,9783642549908,1543,2014-01-01,,eng,215
4788,9788793609143,1496,2017-01-01,,eng,350
4789,9780521018630,322,2005-01-01,,eng,408
4790,9783540318583,1648,2005-01-01,,eng,1302
4791,9783110450293,2009,2017-01-01,,eng,268
4792,9783709192580,879,1992-01-01,,eng,252
4793,9780521395380,322,1993-01-01,,eng,124
4794,9781280448218,1927,1991-01-01,,eng,
4795,9781522575160,802,2019-01-01,,eng,
4796,9781970001761,1118,2016-01-01,,eng,
4797,9781627058902,1118,2017-01-01,,eng,244
4798,9781970001242,1118,2016-01-01,,eng,284
4799,9780309467032,1150,2018-01-01,,eng,
4800,9780471722489,1928,2005-01-01,,eng,300
4801,9780077090487,1059,1994-01-01,,eng,239
4802,9783662473337,1543,2015-01-01,,eng,236
4803,9783319803630,1543,2016-01-01,,eng,476
4804,9783319364971,1543,2015-01-01,,eng,444
4805,9781461527879,1660,1994-01-01,,eng,112
4806,9780134694283,1316,2017-01-01,,eng,318
4807,9783642859847,1543,2013-01-01,,eng,463
4808,9783319255606,1648,2016-01-01,,eng,556
4809,9783662437636,1543,2014-01-01,,eng,287
4810,9788132235149,1648,2014-01-01,,eng,478
4811,9783319827131,1648,2017-01-01,,eng,339
4812,9783319159973,1543,2015-01-01,,eng,115
4813,9783319289342,1543,2016-01-01,,eng,331
4814,9783031084423,1543,2017-01-01,,eng,208
4815,9789811096716,1543,2016-01-01,,eng,293
4816,9783031369445,1543,2018-01-01,,eng,496
4817,9783319893631,1543,2018-01-01,,,366
4818,9789811672125,1543,2017-01-01,,eng,738
4819,9789811013805,1543,2015-01-01,,eng,124
4820,9781316676226,322,2016-01-01,,eng,228
4821,9781119058731,1929,2015-01-01,,eng,316
4822,9783110593181,2009,2020-01-01,,eng,308
4823,9783110583496,2009,2019-01-01,,eng,277
4824,9780429128967,1737,2001-01-01,,eng,624
4825,9781280650680,1737,2001-01-01,,eng,395
4826,9789814725668,1973,2015-01-01,,eng,356
4827,9783319812342,1543,2016-01-01,,eng,144
4828,9789814295482,1973,2011-01-01,,eng,520
4829,9789811344831,1543,2018-01-01,,,202
4830,9781846286551,1648,2001-01-01,,eng,281
4831,9783540132974,1543,1985-01-01,,eng,300
4832,9781447115205,1543,1998-01-01,,eng,347
4833,9781447112082,879,1998-01-01,,eng,390
4834,9789811028298,1543,2016-01-01,,eng,369
4835,9783642261084,1543,2009-01-01,,eng,303
4836,9780131298149,1391,2004-01-01,,eng,440
4837,9780470860182,818,2000-01-01,,eng,218
4838,9780857291738,1543,2011-01-01,,eng,252
4839,9783834816740,634,2006-01-01,,ger,396
4840,9783834812230,1855,2009-01-01,,ger,319
4841,9783642061875,1543,2005-01-01,,eng,451
4842,9780138958633,1391,1994-01-01,,eng,700
4843,9782726111338,847,1998-01-01,,fre,895
4844,9781850322160,1844,1993-01-01,,"und,eng",224
4845,9780080572185,1120,1996-01-01,,eng,303
4846,9780136125167,1391,1991-01-01,,eng,288
4847,9783540501107,1543,1988-01-01,,eng,562
4848,9783642394485,1543,2014-01-01,,eng,580
4849,9780080414294,1347,1991-01-01,,eng,155
4850,9780818656910,798,1993-01-01,,eng,282
4851,9780333992852,1281,2003-01-01,,"eng,und",283
4852,9781466544604,1737,2012-01-01,,eng,
4853,9780124355606,43,1969-01-01,,eng,443
4854,9781466597105,1737,2014-01-01,,eng,323
4855,9780895887108,1546,1990-01-01,,eng,490
4856,9783540718710,1543,2007-01-01,,ger,392
4857,9783319122403,1648,2014-01-01,,eng,185
4858,9781468450583,1660,1986-01-01,,eng,212
4859,9783540753957,1543,2008-01-01,,eng,454
4860,9783540212317,1639,2004-01-01,,eng,148
4861,9781590596197,2012,2006-01-01,,eng,560
4862,9780470611098,811,2008-01-01,,eng,
4863,9783642041167,1543,2010-01-01,,eng,867
4864,9783540677789,1648,2000-01-01,,eng,273
4865,9780792374664,933,2001-01-01,,eng,399
4866,9781560728658,1192,2001-01-01,,eng,338
4867,9781292024011,1312,2009-01-01,,eng,800
4868,9781935182214,1028,2010-01-01,,eng,360
4869,9783319333861,1644,2016-01-01,,eng,1292
4870,9781942689973,299,2017-01-01,,eng,610
4871,9781285097688,419,2014-01-01,,eng,524
4872,9783642845741,1640,1985-01-01,,eng,1042
4873,9781598220667,1963,2009-01-01,,eng,400
4874,9783319486796,1543,2012-01-01,,eng,740
4875,9783642402043,1648,2013-01-01,,eng,813
4876,9780735648715,1103,2012-01-01,,eng,438
4877,9780471192473,1925,1997-01-01,,eng,217
4878,9783642394010,1648,2013-01-01,,eng,389
4879,9781402028298,1543,2004-01-01,,eng,236
4880,9789400742550,1651,2012-01-01,,eng,316
4881,9781118488416,1929,2008-01-01,,eng,
4882,9783540229049,1648,2004-01-01,,eng,414
4883,9780724804313,1391,1989-01-01,,eng,437
4884,9780470299685,1927,2004-01-01,,eng,220
4885,9783642069413,1639,2006-01-01,,eng,460
4886,9789811000676,842,2016-01-01,,eng,253
4887,9789402403121,1648,2014-01-01,,eng,923
4888,9781139177801,322,2014-01-01,,eng,399
4889,9781559372541,800,1991-01-01,,eng,64
4890,9780387355283,1660,2000-01-01,,eng,389
4891,9781549727627,427,2017-01-01,,,172
4892,9781495270925,427,2014-01-01,,eng,46
4893,9781845134730,146,2009-01-01,,,288
4894,9780136931768,1309,2021-01-01,,eng,416
4895,9780716780427,1870,1983-01-01,,eng,
4896,9781433101687,1353,2008-01-01,,eng,321
4897,9781927154144,1635,2011-01-01,,eng,340
4898,9780849329098,309,1997-01-01,,eng,2611
4899,9781801810609,2009,2023-01-01,,eng,454
4900,9780670875467,1861,1996-01-01,,eng,217
4901,9781849190770,856,2010-01-01,,eng,309
4902,9780805359114,203,2004-01-01,,eng,224
4903,9781000897234,1737,2016-01-01,,eng,258
4904,9781118128114,796,1999-01-01,,eng,277
4905,9783540223795,1543,2004-01-01,,eng,494
4906,9783642130724,1543,2010-01-01,,eng,384
4907,9781430223627,26,2009-01-01,,eng,
4908,9780471045212,1925,1995-01-01,,eng,187
4909,9781949449372,1115,2019-01-01,,eng,864
4910,9781461461692,1543,2014-01-01,,eng,2485
4911,9780367657109,142,2018-01-01,,eng,
4912,9780072499384,1077,2004-01-01,,eng,939
4913,9780631229186,227,2003-01-01,,"und,eng",392
4914,9781928994596,1709,2002-01-01,,eng,483
4915,9780367785185,1737,2019-01-01,,eng,176
4916,9780136177241,1316,2020-01-01,,eng,415
4917,9781783986552,1277,2016-01-01,,eng,
4918,9781119349914,1929,2017-01-01,,eng,560
4919,9781447164517,823,2014-01-01,,,431
4920,9780060461331,704,1984-01-01,,eng,461
4921,9780387979922,406,1995-01-01,,eng,291
4922,9781782167990,1277,2013-01-01,,eng,
4923,9780819445544,1542,2002-01-01,,eng,282
4924,9780471106111,1925,1995-01-01,,eng,316
4925,9783540457640,1543,2003-01-01,,eng,617
4926,9789380027050,1507,2010-01-01,,eng,150
4927,9780124179103,43,1980-01-01,,eng,424
4928,9780412820403,1543,1996-01-01,,eng,449
4929,9783642017582,1648,2009-01-01,,eng,103
4930,9781849969932,1648,2005-01-01,,eng,506
4931,9783527285198,1833,1994-01-01,,eng,380
4932,9783540455066,1543,2001-01-01,,eng,173
4933,9783790818543,1365,2000-01-01,,eng,248
4934,9783642234255,1543,2011-01-01,,eng,480
4935,9780619213060,1767,2003-01-01,,eng,1249
4936,9781280314070,1925,2001-01-01,,eng,451
4937,9780387234731,1543,2005-01-01,,eng,684
4938,9781134588657,1506,2014-01-01,,eng,248
4939,9781280161674,322,1998-01-01,,eng,386
4940,9783642414817,1639,2013-01-01,,eng,148
4941,9781118075029,1546,2009-01-01,,eng,552
4942,9780470848333,903,2004-01-01,,eng,406
4943,9783658070045,1665,2014-01-01,,eng,233
4944,9781441973214,1656,2010-01-01,,eng,194
4945,9780818642128,797,1993-01-01,,eng,587
4946,9783540457534,1543,2002-01-01,,eng,271
4947,9781402080869,1543,2004-01-01,,eng,364
4948,9783540572565,1640,1993-01-01,,ger,357
4949,9783540076223,1543,1976-01-01,,"eng,fre",868
4950,9783540246596,1543,2003-01-01,,eng,588
4951,9781558603462,1123,1996-01-01,,eng,692
4952,9781848829329,1543,2011-01-01,,eng,733
4953,9781930708051,802,2000-01-01,,eng,286
4954,9780142414224,614,2006-01-01,,eng,367
4955,9783540806394,1543,2005-01-01,,eng,193
4956,9783540503255,1543,1988-01-01,,eng,268
4957,9780429246609,829,2010-01-01,,eng,672
4958,9780830632510,1725,1989-01-01,,eng,229
4959,9781599730288,835,2008-01-01,,eng,206
4960,9780768902679,1357,1999-01-01,,eng,107
4961,9781565921634,1199,1996-01-01,,eng,613
4962,9780135633885,572,2000-01-01,,eng,160
4963,9781871516982,862,1999-01-01,,eng,208
4964,9781118347188,1944,2012-01-01,,,800
4965,9789810228453,1970,1996-01-01,,eng,
4966,9781589487505,554,2023-01-01,,eng,
4967,9780471851073,1925,1988-01-01,,eng,353
4968,9780574211408,1576,1981-01-01,,eng,224
4969,9781468152975,427,2011-01-01,,eng,392
4970,9781576104255,410,1999-01-01,,eng,742
4971,9780079137593,1053,1999-01-01,,eng,837
4972,9781849691451,1272,2011-01-01,,eng,779
4973,9787111173199,892,2006-01-01,,chi,122
4974,9781484218327,26,2015-01-01,,,312
4975,9781444193848,752,2013-01-01,,,
4976,9781429838054,1550,2013-01-01,,eng,414
4977,9780131493865,1705,1995-01-01,,eng,492
4978,9780387976891,1667,1992-01-01,,eng,
4979,9780321424778,56,2007-01-01,,eng,624
4980,9780201309478,56,1999-01-01,,eng,361
4981,9780841210011,87,1986-01-01,,eng,263
4982,9781885065087,612,1997-01-01,,eng,244
4983,9780521580472,322,1997-01-01,,eng,291
4984,9780387939995,1543,2009-01-01,,eng,239
4985,9781306813853,1201,2011-01-01,,eng,48
4986,9781138436893,141,2004-01-01,,eng,335
4987,9781118951859,1929,2015-01-01,,eng,288
4988,9780321322111,60,2008-01-01,,eng,304
4989,9781292025414,1316,2013-01-01,,eng,656
4990,9781003337874,1496,2020-01-01,,eng,350
4991,9781282822900,1930,2010-01-01,,eng,250
4992,9780429761850,1737,2019-01-01,,eng,382
4993,9780596521714,1201,2008-01-01,,eng,161
4994,9780077110000,1055,2007-01-01,,eng,624
4995,9780387287232,1667,1994-01-01,,eng,281
4996,9780141981512,1337,2015-01-01,,eng,318
4997,9780070591776,1056,1991-01-01,,eng,187
4998,9780470858561,1929,2002-01-01,,eng,210
4999,9783834821508,1663,2004-01-01,,ger,372
5000,9780132956352,1391,1988-01-01,,eng,228
5001,9780131672895,1391,1988-01-01,,eng,321
5002,9780262570916,1754,1992-01-01,,eng,651
5003,9780521018562,322,2005-01-01,,eng,209
5004,9780764137099,192,2007-01-01,,eng,736
5005,9788173197314,1145,2006-01-01,,eng,260
5006,9783540212027,1543,2004-01-01,,eng,318
5007,9780471439769,899,2001-01-01,,eng,656
5008,9780898060966,591,1988-01-01,,eng,241
5009,9780764134876,190,2006-01-01,,eng,736
5010,9788885134515,815,2000-01-01,,ita,460
5011,9780316739634,970,1983-01-01,,eng,356
5012,9781595408396,5,2006-01-01,,eng,
5013,9781108698061,322,2019-01-01,,eng,312
5014,9781838828103,1277,2019-01-01,,eng,698
5015,9780262194501,1754,2000-01-01,,eng,1098
5016,9780333792841,1281,2001-01-01,,,384
5017,9781558603394,1123,1997-01-01,,eng,418
5018,9788370175207,1981,1994-01-01,,pol,196
5019,9782709912242,1211,1994-01-01,,fre,988
5020,9780201539219,18,1996-01-01,,eng,286
5021,9780134898322,1391,1995-01-01,,eng,259
5022,9789810215811,1971,1995-01-01,,eng,300
5023,9781838551452,1277,2020-01-01,,eng,
5024,9781322124513,1205,2014-01-01,,eng,
5025,9789384588922,782,2016-01-01,,eng,
5026,9780133255492,545,1990-01-01,,eng,225
5027,9781597495974,581,2010-01-01,,eng,
5028,9780201895391,51,1998-01-01,,eng,672
5029,9781800566002,1274,2020-01-01,,,338
5030,9780133368277,1391,1993-01-01,,eng,270
5031,9780821875094,95,1994-01-01,,eng,221
5032,9781680835328,1195,2018-01-01,,,142
5033,9781484234761,26,2018-01-01,,,284
5034,9780134394794,60,2016-01-01,,,256
5035,9789537619084,826,2008-01-01,,eng,400
5036,9781461266457,821,2001-01-01,,eng,432
5037,9781484232422,26,2017-01-01,,,140
5038,9780879422202,799,1988-01-01,,eng,449
5039,9780878913145,1487,1999-01-01,,eng,70
5040,9780124670501,43,1991-01-01,,eng,355
5041,9780126975451,43,1988-01-01,,eng,523
5042,9789400732384,957,2012-01-01,,,740
5043,9780824722814,308,1993-01-01,,eng,434
5044,9781316500743,322,2016-01-01,,eng,316
5045,9780321685995,1316,2024-01-01,,eng,456
5046,9783319600413,1543,2017-01-01,,,671
5047,9788178083001,1307,1999-01-01,,eng,842
5048,9781786465153,1275,2016-01-01,,,276
5049,9780824722852,308,1995-01-01,,eng,398
5050,9780824722821,308,1993-01-01,,eng,408
5051,9781904467526,1294,2004-01-01,,,400
5052,9780134843469,1399,1998-01-01,,eng,448
5053,9780133146912,1391,1988-01-01,,eng,342
5054,9780070841574,1056,1986-01-01,,eng,86
5055,9780745801520,692,1988-01-01,,eng,253
5056,9780965485364,1612,1999-01-01,,eng,292
5057,9780871509369,1264,1986-01-01,,eng,499
5058,9780134892955,252,1991-01-01,,eng,
5059,9780780325647,796,1995-01-01,,eng,943
5060,9780792378242,1543,2000-01-01,,eng,280
5061,9782916913353,890,2011-01-01,,fre,90
5062,9780387187228,1667,1988-01-01,,eng,471
5063,9780880225410,1447,1991-01-01,,eng,498
5064,9788190254571,1462,2008-01-01,,eng,279
5065,9781846909290,1307,,,,
5066,9780070003552,1056,1990-01-01,,eng,
5067,9781576109175,410,2001-01-01,,eng,512
5068,9780201058666,63,1988-01-01,,eng,516
5069,9780070497436,1056,1977-01-01,,eng,446
5070,9780387197401,1667,1994-01-01,,,
5071,9780805300864,208,1991-01-01,,eng,637
5072,9781506379654,307,2019-01-01,,,304
5073,9788847007178,1674,2007-01-01,,por,
5074,9781439817681,359,2011-01-01,,,982
5075,9783662454978,1543,2013-01-01,,eng,347
5076,9780444627087,573,2003-01-01,,eng,792
5077,9780857857637,234,2014-01-01,,eng,240
5078,9780470934722,1925,2011-01-01,,eng,688
5079,9783540562566,1667,1993-01-01,,eng,234
5080,9780980839647,1998,2011-01-01,,eng,
5081,9781139169288,1826,2013-01-01,,eng,304
5082,9781119432302,1930,2018-01-01,,eng,512
5083,9781587051043,379,2004-01-01,,eng,840
5084,9789058096319,177,2003-01-01,,eng,102
5085,9780201634808,64,1996-01-01,,eng,469
5086,9780471319719,898,1999-01-01,,eng,272
5087,9781847196040,1272,2010-01-01,,eng,
5088,9783642382956,1640,2013-01-01,,eng,539
5089,9780201548785,65,1990-01-01,,eng,273
5090,9781586036409,805,2006-01-01,,eng,345
5091,9780070361393,1052,1990-01-01,,"und,eng",585
5092,9781633437784,1028,2023-01-01,,eng,
5093,9781430262503,1543,2014-01-01,,eng,402
5094,9780124046054,581,2013-01-01,,eng,156
5095,9781630573638,1737,2020-01-01,,eng,701
5096,9781484289242,111,2019-01-01,,eng,204
5097,9781472566744,234,2015-01-01,,eng,188
5098,9780071008433,1056,1991-01-01,,eng,350
5099,9781929629053,306,2000-01-01,,eng,291
5100,9781638354697,1028,2009-01-01,,eng,425
5101,9781630571788,1737,2018-01-01,,eng,301
5102,9780262070973,998,1985-01-01,,eng,170
5103,9780946536276,998,1987-01-01,,eng,166
5104,9780132958417,1391,1988-01-01,,eng,247
5105,9780897917216,128,1995-01-01,,eng,217
5106,9780130259691,1399,2000-01-01,,eng,306
5107,9780817634230,216,1966-01-01,,"rus,eng",314
5108,9783319027265,1543,2004-01-01,,eng,564
5109,9781409454496,666,2013-01-01,,,304
5110,9781852332273,1543,2000-01-01,,eng,246
5111,9780201115697,56,1986-01-01,,eng,418
5112,9780078822032,1231,1995-01-01,,eng,342
5113,9783642773396,879,1992-01-01,,eng,480
5114,9783540431695,1543,2002-01-01,,eng,281
5115,9781441991751,1543,2013-01-01,,,455
5116,9781597496360,588,2012-01-01,,eng,460
5117,9783540206934,1648,2003-01-01,,eng,239
5118,9781299648456,1929,2013-01-01,,eng,360
5119,9786070731549,1466,2015-01-01,,"spa,eng",233
5120,9783540579687,1667,1994-01-01,,ger,368
5121,9781119995845,898,2010-01-01,,eng,396
5122,9783540748106,1543,2001-01-01,,eng,397
5123,9780195150148,1237,1996-01-01,,eng,208
5124,9783540400202,1543,2003-01-01,,eng,457
5125,9783642118197,1648,2010-01-01,,eng,398
5126,9780123738592,43,2007-01-01,,eng,272
5127,9783540813521,1543,2005-01-01,,eng,631
5128,9783540204619,1543,2003-01-01,,eng,681
5129,9789401701044,1651,2003-01-01,,eng,294
5130,9783540695066,1543,2007-01-01,,eng,937
5131,9783486993257,2009,1981-01-01,,ger,
5132,9783030476786,1644,2012-01-01,,eng,556
5133,9780391008304,774,1978-01-01,,eng,304
5134,9781633437814,1026,2023-01-01,,eng,
5135,9783642045844,1543,2010-01-01,,eng,
5136,9780122871603,43,1982-01-01,,eng,409
5137,9780738612348,1486,2018-01-01,,eng,
5138,9789811524448,1543,2020-01-01,,eng,317
5139,9780198417309,1237,2016-01-01,,eng,248
5140,9783540601562,1667,1995-01-01,,eng,275
5141,9788847002036,1543,2006-01-01,,ita,394
5142,9780262621014,15,1995-01-01,,eng,742
5143,9780071424875,1085,2003-01-01,,eng,400
5144,9783642029196,1543,2009-01-01,,eng,247
5145,9783642357954,1543,2013-01-01,,eng,760
5146,9781305392076,339,2015-01-01,,eng,328
5147,9781617295546,1026,2018-01-01,,,360
5148,9783642401725,1648,2013-01-01,,eng,501
5149,9780262280372,998,1990-01-01,,eng,262
5150,9783319219363,1648,2015-01-01,,eng,487
5151,9780357119778,344,2019-01-01,,eng,304
5152,9781315374352,1737,2017-01-01,,eng,350
5153,9788483461174,1167,1989-01-01,,"tur,fre,eng",517
5154,9780471998860,1925,2000-01-01,,eng,506
5155,9780929652290,1088,2010-01-01,,eng,264
5156,9781785880087,1274,2017-01-01,,,656
5157,9780201834543,52,1996-01-01,,eng,280
5158,9781783980802,1275,2016-01-01,,,240
5159,9789400934658,1651,1987-01-01,,eng,503
5160,9783031616716,1648,2014-01-01,,eng,743
5161,9783540767022,1543,2007-01-01,,eng,148
5162,9783642486760,1667,1992-01-01,,eng,455
5163,9781491963043,1243,2018-01-01,,eng,332
5164,9783540007012,1543,2005-01-01,,eng,309
5165,9781788470599,1274,2018-01-01,,,524
5166,9781315155685,309,2021-01-01,,eng,275
5167,9781861001726,1978,1998-01-01,,eng,477
5168,9780534384470,414,2004-01-01,,eng,856
5169,9789401715584,1929,1992-01-01,,eng,456
5170,9780134176536,56,2000-01-01,,eng,397
5171,9783540233077,1543,2004-01-01,,eng,454
5172,9780120121564,43,2002-01-01,,eng,320
5173,9781843725541,955,2005-01-01,,eng,160
5174,9781439815960,310,2012-01-01,,eng,
5175,9783319149738,1644,2015-01-01,,eng,300
5176,9783540457930,1648,2002-01-01,,eng,625
5177,9783540435945,1543,2002-01-01,,eng,1227
5178,9781461215042,1652,1999-01-01,,eng,864
5179,9783540348740,1648,2006-01-01,,eng,502
5180,9781461315445,1660,1990-01-01,,eng,232
5181,9781447142027,1543,2012-01-01,,eng,120
5182,9783319197968,1543,2015-01-01,,eng,330
5183,9783319200279,1648,2015-01-01,,eng,371
5184,9783319403700,1648,2016-01-01,,eng,240
5185,9789048108480,1543,2008-01-01,,,312
5186,9783790813654,1363,2001-01-01,,eng,297
5187,9783658001889,1663,2012-01-01,,ger,186
5188,9783642607189,1640,1997-01-01,,eng,370
5189,9789401088886,1543,1985-01-01,,eng,312
5190,9781484218426,1650,2016-01-01,,,181
5191,9783319171418,1648,2015-01-01,,eng,472
5192,9783642056352,1639,2005-01-01,,eng,316
5193,9781590595558,1648,2006-01-01,,eng,360
5194,9783540401612,1543,2003-01-01,,eng,942
5195,9781852334154,1543,2000-01-01,,eng,301
5196,9783540631729,1543,1997-01-01,,eng,476
5197,9789810200701,1970,1989-01-01,,eng,412
5198,9780387562872,1667,1992-01-01,,"eng,und",404
5199,9780763829353,1287,2007-01-01,,,714
5200,9781842652084,83,2005-01-01,,eng,507
5201,9780461921908,475,1980-01-01,,eng,75
5202,9781493049929,654,2014-01-01,,eng,357
5203,9783642391798,272,2013-01-01,,eng,356
5204,9783642419065,1648,2013-01-01,,eng,195
5205,9780321700957,1297,2010-01-01,,eng,312
5206,9780863778278,1421,1997-01-01,,eng,386
5207,9781119603115,1546,2019-01-01,,eng,1008
5208,9780201618396,52,1996-01-01,,eng,
5209,9788496453388,1735,1999-01-01,,"eng,spa",416
5210,9781003062738,1736,1999-01-01,,eng,388
5211,9783642880940,1364,2002-01-01,,eng,316
5212,9783319202488,1648,2003-01-01,,eng,406
5213,9780136300540,1396,1991-01-01,,eng,500
5214,9780470977231,1925,2010-01-01,,eng,330
5215,9780511001291,322,1999-01-01,,eng,372
5216,9780768661200,1439,2003-01-01,,eng,699
5217,9780387784168,1543,2009-01-01,,eng,220
5218,9781138806924,10,2018-01-01,,,185
5219,9783030356521,1543,2014-01-01,,eng,336
5220,9781000106633,1737,2010-01-01,,eng,141
5221,9781416995265,1599,2011-01-01,,,
5222,9780805845402,1422,2003-01-01,,eng,536
5223,9789048129126,1866,2009-01-01,,eng,410
5224,9783540852049,1543,2005-01-01,,eng,349
5225,9780429445927,1737,2018-01-01,,eng,298
5226,9781555580957,490,1900-01-01,,eng,3
5227,9783790825206,879,2002-01-01,,eng,271
5228,9781402074486,1543,2003-01-01,,eng,455
5229,9783540922438,1543,2008-01-01,,eng,244
5230,9781448856220,1501,2012-01-01,,eng,
5231,9780080513621,581,1998-01-01,,eng,665
5232,9780763737467,917,2002-01-01,,eng,779
5233,9781430258100,506,2009-01-01,,eng,300
5234,9783642312274,823,2012-01-01,,eng,347
5235,9780880222655,1439,1986-01-01,,eng,580
5236,9783540433712,1543,2002-01-01,,eng,176
5237,9783824401079,478,1992-01-01,,ger,219
5238,9789810212551,1970,1994-01-01,,eng,427
5239,9783642023880,1639,2009-01-01,,eng,307
5240,9783319329505,1648,2016-01-01,,eng,
5241,9780387356914,1543,2013-01-01,,eng,
5242,9780511879838,322,1992-01-01,,eng,277
5243,9783642779299,879,1993-01-01,,eng,764
5244,9781468452877,1660,1988-01-01,,eng,280
5245,9783642261398,1543,2010-01-01,,,91
5246,9783319042442,1648,2013-01-01,,eng,380
5247,9783319023908,1543,2013-01-01,,eng,316
5248,9781119527497,1929,2018-01-01,,eng,320
5249,9783319908809,1543,2018-01-01,,,209
5250,9783030271947,1543,2018-01-01,,,346
5251,9780429540301,1237,1997-01-01,,eng,436
5252,9781461274384,1652,1999-01-01,,eng,221
5253,9783834820747,1665,2013-01-01,,ger,356
5254,9780124158696,581,2014-01-01,,eng,384
5255,9783409131124,641,1988-01-01,,ger,280
5256,9780946536399,692,1989-01-01,,eng,234
5257,9780470202005,885,1985-01-01,,eng,99
5258,9781878289117,814,1992-01-01,,eng,467
5259,9783540298496,1543,2006-01-01,,eng,378
5260,9780792378914,1543,2000-01-01,,eng,154
5261,9780444893383,515,1991-01-01,,eng,270
5262,9780849322686,309,2000-01-01,,eng,363
5263,9780632011797,228,1986-01-01,,eng,177
5264,9781118632161,1925,1981-01-01,,eng,384
5265,9783642423161,1543,2010-01-01,,eng,274
5266,9781849965002,1644,2010-01-01,,eng,237
5267,9783642335723,823,2012-01-01,,eng,620
5268,9780262622097,1754,2007-01-01,,eng,214
5269,9780367656799,1737,2018-01-01,,eng,1022
5270,9783030285760,1543,2015-01-01,,eng,452
5271,9781138026773,1737,2015-01-01,,eng,400
5272,9789056991876,661,1998-01-01,,eng,232
5273,9780738490076,1852,2003-01-01,,eng,443
5274,9781572315846,1102,1996-01-01,,eng,438
5275,9781351677189,310,2017-01-01,,eng,208
5276,9780429159169,1737,2015-01-01,,eng,345
5277,9780471602231,898,1990-01-01,,eng,315
5278,9781846282461,1543,2005-01-01,,eng,269
5279,9783319546292,823,2012-01-01,,eng,239
5280,9783642420245,1639,2013-01-01,,eng,397
5281,9783540644934,1543,1998-01-01,,eng,239
5282,9781569903513,693,2004-01-01,,eng,825
5283,9781788475273,1275,2018-01-01,,,338
5284,9782287267857,1653,2005-01-01,,fre,
5285,9781800566514,1277,2020-01-01,,eng,
5286,9783642378010,823,2013-01-01,,eng,529
5287,9780321774071,1316,2011-01-01,,eng,580
5288,9780596000325,1199,1998-01-01,,eng,84
5289,9781594206665,1251,2017-01-01,,eng,420
5290,9781119239789,1946,2015-01-01,,eng,212
5291,9783319159393,1648,2012-01-01,,eng,507
5292,9781441960443,1543,2010-01-01,,eng,610
5293,9781299405172,322,2004-01-01,,eng,387
5294,9780849397127,308,2009-01-01,,eng,946
5295,9780387284545,1543,2006-01-01,,eng,390
5296,9780201709155,60,2001-01-01,,eng,368
5297,9780794503314,1831,2003-01-01,,eng,448
5298,9781471886621,1737,2017-01-01,,eng,
5299,9780135187753,1316,2021-01-01,,eng,2
5300,9780766811270,149,2000-01-01,,eng,165
5301,9780357508190,344,2021-01-01,,eng,616
5302,9780357424421,344,2021-01-01,,eng,1408
5303,9781642743289,392,2020-01-01,,eng,1456
5304,9780782116687,1546,1995-01-01,,eng,703
5305,9780070096592,1056,1986-01-01,,eng,522
5306,9780136299738,1991,1992-01-01,,eng,302
5307,9781484228135,111,2017-01-01,,eng,
5308,9780749695026,626,,,,
5309,9780321803900,60,2013-01-01,,,596
5310,9783642354465,1664,2013-01-01,,ger,
5311,9788122426694,1162,2009-01-01,,eng,440
5312,9780521774796,322,2001-01-01,,eng,342
5313,9781849514729,1274,2012-01-01,,,320
5314,9780672305665,1552,1995-01-01,,eng,844
5315,9789400924482,1651,1989-01-01,,eng,232
5316,9780818672002,798,1996-01-01,,eng,636
5317,9780273732167,1307,2012-01-01,,eng,
5318,9780444887412,1185,1991-01-01,,eng,271
5319,9780262112055,998,1995-01-01,,eng,380
5320,9781447101697,1648,2012-01-01,,eng,294
5321,9781351230476,1737,2015-01-01,,eng,264
5322,9783030410315,1543,2004-01-01,,eng,571
5323,9780080469690,581,2006-01-01,,eng,480
5324,9781118577653,1929,2013-01-01,,eng,288
5325,9789810214265,1973,1995-01-01,,eng,427
5326,9780123740373,1120,2007-01-01,,eng,443
5327,9781003006145,1737,2021-01-01,,eng,374
5328,9780195098501,1241,1995-01-01,,eng,172
5329,9780071844604,1096,2015-01-01,,eng,477
5330,9781435839816,1504,2006-01-01,,eng,144
5331,9781599048390,443,2007-01-01,,eng,481
5332,9783319271798,1648,2016-01-01,,eng,284
5333,9780595352548,1703,2008-01-01,,eng,524
5334,9783540626763,1543,1997-01-01,,eng,354
5335,9783319086989,1543,2014-01-01,,eng,143
5336,9783319783710,1543,2018-01-01,,,738
5337,9781493979318,1036,2016-01-01,,eng,216
5338,9781282279674,1929,2008-01-01,,eng,350
5339,9783540196082,1648,1990-01-01,,eng,349
5340,9783319184906,1648,2015-01-01,,eng,289
5341,9783030033255,1543,2018-01-01,,,683
5342,9780757557279,926,2008-01-01,,eng,300
5343,9780070125544,401,1997-01-01,,eng,304
5344,9783642621574,1543,2004-01-01,,eng,388
5345,9780412753206,355,1997-01-01,,eng,232
5346,9780135576878,1316,2021-01-01,,eng,960
5347,9780435453817,740,1997-01-01,,,154
5348,9781440871221,16,2020-01-01,,eng,168
5349,9781592578597,80,2009-01-01,,eng,426
5350,9780890067574,120,1995-01-01,,eng,420
5351,9780471958598,1925,1995-01-01,,eng,472
5352,9780619216436,414,2004-01-01,,eng,656
5353,9781439877265,141,2012-01-01,,eng,379
5354,9781003338109,1496,2018-01-01,,eng,
5355,9780199290987,1241,2007-01-01,,eng,600
5356,9781351792622,142,2017-01-01,,eng,
5357,9781315342160,108,2016-01-01,,eng,652
5358,9783642307850,1640,2012-01-01,,eng,84
5359,9783642307751,823,2012-01-01,,eng,76
5360,9780895880581,1546,1981-01-01,,eng,374
5361,9783642204050,1640,2009-01-01,,eng,282
5362,9781482259551,1737,2016-01-01,,eng,381
5363,9780782144352,1929,2006-01-01,,eng,528
5364,9781040212578,1736,2009-01-01,,eng,338
5365,9780134054292,1316,2010-01-01,,eng,260
5366,9780596515638,1204,2002-01-01,,eng,276
5367,9780745685021,1383,2015-01-01,,eng,168
5368,9781461494768,1543,2013-01-01,,eng,320
5369,9781118729557,899,2014-01-01,,eng,408
5370,9780130142696,1399,1999-01-01,,eng,416
5371,9780792336310,1648,1995-01-01,,eng,205
5372,9781449371487,1205,2011-01-01,,eng,311
5373,9780786445653,1050,2011-01-01,,eng,317
5374,9783662581452,1640,2003-01-01,,eng,422
5375,9783642613418,879,1989-01-01,,eng,223
5376,9781609604943,802,2011-01-01,,eng,386
5377,9783540454380,1648,2001-01-01,,eng,233
5378,9783540458418,1543,2002-01-01,,eng,660
5379,9781861007346,1929,2002-01-01,,eng,848
5380,9781322637754,1737,2014-01-01,,eng,347
5381,9781430241591,111,2011-01-01,,eng,484
5382,9783642282508,1640,2012-01-01,,eng,232
5383,9780387515434,1543,1989-01-01,,eng,330
5384,9780857296757,1543,2011-01-01,,eng,320
5385,9780312624989,968,2012-01-01,,eng,258
5386,9780521652629,322,1999-01-01,,eng,369
5387,9780735623958,1103,2007-01-01,,eng,296
5388,9781844809523,342,2009-01-01,,,437
5389,9781784398408,1274,2015-01-01,,eng,
5390,9783540716181,1543,2005-01-01,,eng,545
5391,9783319038605,1648,2013-01-01,,eng,492
5392,9781568816470,14,2008-01-01,,eng,400
5393,9780815378686,1737,2018-01-01,,eng,228
5394,9780470173930,1977,2008-01-01,,eng,450
5395,9783642374449,1543,2013-01-01,,eng,779
5396,9783540365990,1543,2002-01-01,,eng,340
5397,9780521656023,322,1999-01-01,,eng,405
5398,9781544344027,1520,2020-01-01,,eng,304
5399,9781846281754,1648,2006-01-01,,eng,274
5400,9780557678228,981,2010-01-01,,eng,
5401,9781461283058,1660,1988-01-01,,eng,446
5402,9781461288183,1543,1990-01-01,,eng,252
5403,9781461248002,1652,1987-01-01,,eng,240
5404,9783642070396,1543,2006-01-01,,eng,244
5405,9781461315285,1660,1989-01-01,,eng,176
5406,9780306437090,1543,1990-01-01,,eng,487
5407,9781441934819,1543,2008-01-01,,,258
5408,9780792394778,933,1994-01-01,,eng,410
5409,9783790003178,1293,2000-01-01,,ger,263
5410,9783642370090,1648,2014-01-01,,eng,272
5411,9781119311447,1943,2018-01-01,,eng,448
5412,9783642398902,1543,2013-01-01,,eng,344
5413,9783319989884,1543,2018-01-01,,,615
5414,9783631518489,947,2004-01-01,,ger,297
5415,9783642119262,1543,2010-01-01,,eng,
5416,9783642981050,1640,2003-01-01,,eng,385
5417,9780367384760,309,2009-01-01,,eng,590
5418,9780910129725,1035,1989-01-01,,eng,296
5419,9783642360534,1543,2009-01-01,,eng,248
5420,9780957921849,1609,2003-01-01,,eng,384
5421,9781423900832,339,2007-01-01,,eng,720
5422,9781785889349,1275,2017-01-01,,,340
5423,9780120885688,1120,2006-01-01,,eng,624
5424,9789400977983,1651,1982-01-01,,eng,978
5425,9783642096907,1640,2009-01-01,,eng,350
5426,9780130289278,1399,2000-01-01,,eng,432
5427,9780262132619,998,1990-01-01,,eng,524
5428,9780495806431,415,2010-01-01,,eng,975
5429,9780201154139,63,1988-01-01,,eng,273
5430,9781783281893,1277,2013-01-01,,eng,132
5431,9780205480715,1300,2005-01-01,,eng,393
5432,9780201485363,330,1996-01-01,,eng,91
5433,9783642268649,1543,2011-01-01,,eng,340
5434,9783519122500,1855,1975-01-01,,ger,348
5435,9780471293316,903,2002-01-01,,eng,291
5436,9780819471529,1540,2006-01-01,,eng,268
5437,9780131354791,1316,2008-01-01,,eng,642
5438,9781280363139,1929,2002-01-01,,eng,300
5439,9781483214481,989,1991-01-01,,eng,404
5440,9780130970152,1391,1969-01-01,,eng,300
5441,9782225828171,1039,1992-01-01,,eng,200
5442,9783319462974,1543,2015-01-01,,eng,548
5443,9781573565899,676,2004-01-01,,eng,
5444,9780429162404,1737,2016-01-01,,eng,377
5445,9780262305228,1754,2012-01-01,,eng,168
5446,9781138002753,1737,1998-01-01,,eng,384
5447,9780072130720,1232,2000-01-01,,eng,596
5448,9780521150187,322,2014-01-01,,,411
5449,9780387951065,1543,2001-01-01,,eng,331
5450,9780961392147,671,1983-01-01,,eng,197
5451,9783540322450,1543,2002-01-01,,eng,192
5452,9780321491763,1309,2006-01-01,,eng,684
5453,9781446259450,1521,2012-01-01,,eng,216
5454,9783031674815,1543,2015-01-01,,eng,359
5455,9781799825852,802,2020-01-01,,eng,298
5456,9789811039683,1543,2017-01-01,,eng,656
5457,9781134398294,1737,2004-01-01,,eng,408
5458,9783030012038,1543,2018-01-01,,eng,224
5459,9783527802678,1950,2009-01-01,,eng,472
5460,9780471558637,1925,1993-01-01,,eng,436
5461,9783642037306,1639,2009-01-01,,eng,432
5462,9781558607521,1123,2004-01-01,,eng,658
5463,9780815702757,279,2009-01-01,,"und,eng",224
5464,9781439898529,311,2014-01-01,,eng,
5465,9780764595745,1938,2005-01-01,,eng,742
5466,9781908043511,1223,2013-01-01,,eng,
5467,9781430236900,26,2012-01-01,,eng,212
5468,9783319281131,1543,2015-01-01,,,183
5469,9780387763071,1543,2008-01-01,,,296
5470,9783540416951,1543,2001-01-01,,eng,576
5471,9783540656913,1543,1999-01-01,,eng,582
5472,9780763741372,914,2007-01-01,,eng,365
5473,9780521420365,322,1992-01-01,,eng,223
5474,9780471638476,1925,1988-01-01,,eng,305
5475,9783642139505,1648,2008-01-01,,eng,244
5476,9780818677892,849,1997-01-01,,eng,171
5477,9780444886828,582,1990-01-01,,eng,363
5478,9781556152351,1104,1989-01-01,,eng,176
5479,9780471033950,1925,1979-01-01,,eng,184
5480,9780697001238,1878,1987-01-01,,eng,466
5481,9780137292387,1391,1989-01-01,,eng,637
5482,9781430239543,26,2011-01-01,,eng,
5483,9781484227039,26,2017-01-01,,,272
5484,9781789537178,1274,2018-01-01,,,202
5485,9780894330162,1246,1977-01-01,,eng,134
5486,9780387528595,1667,1990-01-01,,eng,236
5487,9780595318964,2017,2004-01-01,,eng,107
5488,9780521848992,322,2007-01-01,,eng,392
5489,9781118844359,899,2014-01-01,,,
5490,9780123745149,583,2009-01-01,,eng,910
5491,9780132714341,1522,2001-01-01,,eng,921
5492,9781846282669,1543,2006-01-01,,eng,264
5493,9781782173564,1278,2015-01-01,,eng,282
5494,9781000417326,124,2005-01-01,,eng,196
5495,9781859725610,125,1997-01-01,,eng,146
5496,9781250046635,1685,2014-01-01,,eng,350
5497,9781430223702,26,2009-01-01,,eng,493
5498,9780262133418,998,1998-01-01,,eng,467
5499,9780135708132,1399,1996-01-01,,eng,276
5500,9780123852069,1120,2011-01-01,,eng,640
5501,9780312960032,1685,1995-01-01,,eng,426
5502,9783319343525,1648,2012-01-01,,eng,240
5503,9783642400995,823,2012-01-01,,eng,
5504,9781839825361,590,2021-01-01,,eng,
5505,9789811027703,1543,2016-01-01,,eng,332
5506,9780387548340,1667,1991-01-01,,eng,430
5507,9780131489684,1404,2003-01-01,,eng,352
5508,9781483258898,1371,1990-01-01,,eng,144
5509,9781000711509,1737,2020-01-01,,eng,265
5510,9780789751645,1448,2013-01-01,,,540
5511,9781439819890,309,2010-01-01,,eng,261
5512,9781461440833,1644,2005-01-01,,eng,540
5513,9780387710402,1543,2007-01-01,,eng,561
5514,9780314911773,1917,1992-01-01,,eng,357
5515,9789048158515,1543,2001-01-01,,eng,326
5516,9783540729143,1648,2007-01-01,,eng,273
5517,9783540246541,1648,2004-01-01,,eng,365
5518,9783642108389,1668,2009-01-01,,eng,402
5519,9783540458784,1543,2002-01-01,,eng,225
5520,9783642540691,1644,2014-01-01,,eng,213
5521,9781351101554,1737,2017-01-01,,eng,300
5522,9783662186343,1648,2000-01-01,,eng,236
5523,9781568848341,794,1996-01-01,,"jpn,eng",389
5524,9780124208605,43,1974-01-01,,eng,371
5525,9780835930277,1491,1984-01-01,,eng,116
5526,9780470522622,903,2009-01-01,,eng,
5527,9783642024740,1543,2009-01-01,,eng,696
5528,9783642362897,1648,2010-01-01,,eng,182
5529,9783540760269,1543,1996-01-01,,eng,184
5530,9780849386374,425,1993-01-01,,eng,566
5531,9783319576336,1543,2013-01-01,,eng,261
5532,9781305656291,339,2016-01-01,,,608
5533,9780134866215,1297,2018-01-01,,eng,288
5534,9783110465488,2009,2017-01-01,,eng,248
5535,9780412305801,545,1986-01-01,,eng,256
5536,9780195091878,1237,1994-01-01,,eng,307
5537,9781317387176,1506,1988-01-01,,eng,472
5538,9789388511131,166,2019-01-01,,eng,280
5539,9781430253457,26,2000-01-01,,eng,540
5540,9781483258881,989,1989-01-01,,eng,199
5541,9783322854810,1857,1990-01-01,,ger,357
5542,9783030202569,1644,2011-01-01,,eng,572
5543,9783319084374,216,2014-01-01,,eng,388
5544,9780072194852,1056,2003-01-01,,eng,602
5545,9780201795257,56,2002-01-01,,eng,
5546,9781430210115,637,2008-01-01,,eng,372
5547,9780124150409,43,1996-01-01,,eng,961
5548,9780124438668,43,1998-01-01,,eng,416
5549,9781590596203,26,2006-01-01,,eng,488
5550,9783709117057,1662,2013-01-01,,eng,643
5551,9783540203032,1648,2003-01-01,,eng,511
5552,9789462390324,134,2013-01-01,,eng,118
5553,9783662513279,823,2013-01-01,,eng,162
5554,9783030307851,1640,2010-01-01,,eng,415
5555,9783642301698,1543,2012-01-01,,eng,88
5556,9783662443354,1639,2014-01-01,,eng,241
5557,9781281002204,1948,2006-01-01,,eng,268
5558,9781317780519,1737,2014-01-01,,eng,424
5559,9781846281051,1543,2004-01-01,,eng,540
5560,9780764525797,1938,2003-01-01,,eng,786
5561,9780470844205,1925,2002-01-01,,eng,270
5562,9780201409444,63,1995-01-01,,eng,606
5563,9781491956779,1201,2017-01-01,,,248
5564,9783642163265,1543,2010-01-01,,,
5565,9781788993494,1275,2018-01-01,,,318
5566,9780387290553,1543,2006-01-01,,eng,956
5567,9781498775984,1737,2017-01-01,,eng,557
5568,9783642542688,823,2012-01-01,,eng,296
5569,9781849966238,1648,2006-01-01,,eng,243
5570,9783642559693,1543,1999-01-01,,eng,305
5571,9780471158820,1932,1997-01-01,,eng,333
5572,9780133594959,1298,2015-01-01,,eng,806
5573,9780471527541,1925,1991-01-01,,eng,351
5574,9780735681835,1104,2013-01-01,,,824
5575,9781568843629,900,1995-01-01,,eng,226
5576,9780132164764,56,2011-01-01,,eng,1094
5577,9780133776744,1298,2014-01-01,,,1232
5578,9780273793359,1316,2013-01-01,,eng,756
5579,9780131962217,1404,1985-01-01,,eng,560
5580,9780130108067,1391,1999-01-01,,eng,840
5581,9783827418241,1633,2008-01-01,,,200
5582,9780132133517,1322,2011-01-01,,eng,267
5583,9781430232261,26,2010-01-01,,eng,
5584,9783110884517,1898,1995-01-01,,eng,222
5585,9783642284489,823,2012-01-01,,eng,224
5586,9780471191612,1925,1998-01-01,,eng,397
5587,9781441951984,1648,1985-01-01,,eng,201
5588,9780857296252,1543,2012-01-01,,eng,200
5589,9783030975487,1648,2004-01-01,,eng,490
5590,9783642269707,1543,2011-01-01,,eng,440
5591,9781316767399,322,2018-01-01,,eng,324
5592,9781118210505,1929,2008-01-01,,eng,296
5593,9781475787504,1648,2004-01-01,,eng,736
5594,9783540171799,1543,1986-01-01,,eng,519
5595,9780511547010,322,2005-01-01,,eng,412
5596,9783030058876,1640,2010-01-01,,eng,350
5597,9783540696780,1543,1997-01-01,,eng,163
5598,9781936930159,1592,2011-01-01,,,298
5599,9781003337997,1496,2016-01-01,,eng,160
5600,9783642184659,1543,2011-01-01,,,526
5601,9783662448106,1640,2012-01-01,,eng,323
5602,9783834821911,1857,2012-01-01,,eng,405
5603,9780262346443,1754,2018-01-01,,eng,360
5604,9781351948531,1737,1977-01-01,,eng,704
5605,9780849320996,1736,2005-01-01,,eng,411
5606,9780429149900,1737,2010-01-01,,eng,400
5607,9781558280397,996,1989-01-01,,eng,429
5608,9780585385730,802,2000-01-01,,eng,256
5609,9783540180937,1640,1985-01-01,,eng,191
5610,9781281929884,1971,2002-01-01,,eng,472
5611,9783030166595,1543,2017-01-01,,,1111
5612,9780470417669,1929,2008-01-01,,eng,612
5613,9781119956723,1930,2010-01-01,,eng,324
5614,9780511721571,322,2006-01-01,,eng,403
5615,9782040050290,539,1974-01-01,,fre,197
5616,9780511881176,322,1992-01-01,,eng,279
5617,9788487867132,805,1992-01-01,,eng,1520
5618,9783642395888,1543,2013-01-01,,eng,280
5619,9783642634383,1667,1993-01-01,,eng,346
5620,9781118031025,1948,2001-01-01,,eng,576
5621,9783540201052,1648,2003-01-01,,eng,192
5622,9780201616446,60,2000-01-01,,eng,387
5623,9781930708327,802,2002-01-01,,eng,358
5624,9780135495780,1316,2015-01-01,,eng,328
5625,9781608702817,1037,2011-01-01,,eng,48
5626,9780792305484,1543,1990-01-01,,,358
5627,9783642426292,1543,2010-01-01,,eng,202
5628,9780198367246,1237,2016-01-01,,eng,280
5629,9781000428384,1737,2021-01-01,,eng,138
5630,9783662508107,1543,2011-01-01,,eng,193
5631,9783319019321,1543,2013-01-01,,eng,454
5632,9780429298509,310,2020-01-01,,eng,224
5633,9780805301397,208,1989-01-01,,eng,660
5634,9780385908962,1466,2005-01-01,,eng,87
5635,9781937785642,1388,2014-01-01,,eng,232
5636,9781466592742,1736,2001-01-01,,eng,759
5637,9781449388348,1201,2011-01-01,,eng,396
5638,9780596516994,1199,2002-01-01,,eng,303
5639,9781849511605,1272,2011-01-01,,eng,296
5640,9781568812748,9,2007-01-01,,eng,600
5641,9781119766841,1930,2021-01-01,,eng,
5642,9781522549079,802,2016-01-01,,eng,
5643,9781970001884,1118,2017-01-01,,eng,444
5644,9783319161051,1543,2015-01-01,,eng,247
5645,9781491909287,1201,2015-01-01,,eng,242
5646,9783319133294,1543,2014-01-01,,eng,272
5647,9783319676418,1543,2017-01-01,,,633
5648,9783319483177,1543,2016-01-01,,eng,396
5649,9781683920847,2009,2016-01-01,,eng,200
5650,9783319674001,1543,2016-01-01,,eng,513
5651,9781420053357,141,2007-01-01,,eng,329
5652,9781475770094,933,1995-01-01,,eng,189
5653,9783319372631,1543,2015-01-01,,eng,756
5654,9783034899239,1543,2011-01-01,,,524
5655,9780470327487,903,2005-01-01,,eng,
5656,9781443800532,320,2009-01-01,,eng,290
5657,9783642265136,1543,2010-01-01,,eng,183
5658,9781441946720,867,2008-01-01,,eng,392
5659,9783642309137,1543,2009-01-01,,eng,
5660,9780080513553,581,1990-01-01,,eng,213
5661,9783920993584,581,1998-01-01,,eng,470
5662,9780818646300,849,1985-01-01,,eng,153
5663,9780130799890,1399,1997-01-01,,eng,592
5664,9781855543270,1142,1990-01-01,,eng,343
5665,9780137719655,545,1988-01-01,,eng,209
5666,9780138530600,1391,1991-01-01,,eng,960
5667,9780133007084,1399,1995-01-01,,eng,432
5668,9780080499482,581,2000-01-01,,eng,596
5669,9783540410324,1543,2000-01-01,,eng,135
5670,9783540455967,1543,2000-01-01,,eng,138
5671,9783540448723,1543,2003-01-01,,eng,187
5672,9783540459958,1648,2002-01-01,,eng,630
5673,9781600215186,1192,2007-01-01,,eng,
5674,9781471863578,753,2016-01-01,,eng,104
5675,9781420084511,1737,2010-01-01,,eng,408
5676,9781466593916,310,2014-01-01,,eng,500
5677,9783319208602,1648,2015-01-01,,eng,291
5678,9781493303182,581,2006-01-01,,eng,
5679,9780367446833,1737,2003-01-01,,eng,
5680,9783658144074,1665,2016-01-01,,eng,134
5681,9783110584998,2009,2018-01-01,,eng,682
5682,9783540341666,1543,2006-01-01,,eng,684
5683,9783540446699,1648,2001-01-01,,eng,541
5684,9783038260042,1802,2013-01-01,,eng,
5685,9783540140153,1543,2004-01-01,,eng,313
5686,9781281947987,1973,2001-01-01,,eng,
5687,9781009310956,322,2023-01-01,,eng,
5688,9781839536175,855,2023-01-01,,eng,
5689,9798218351489,1728,2024-01-01,,eng,
5690,9780967987446,1178,2022-01-01,,eng,
5691,9783319427492,1644,2016-01-01,,eng,
5692,9783662524671,1648,2013-01-01,,eng,
5693,9781440490859,426,2010-01-01,,eng,140
5694,9781956768183,611,2021-01-01,,eng,
5695,9781790879885,829,2018-01-01,,ita,
5696,9781944183981,1960,2024-01-01,,eng,
5697,9798890480019,195,2023-01-01,,eng,
5698,9781964209869,428,2024-01-01,,eng,
5699,9783540079903,879,1976-01-01,,eng,393
5700,9783319917726,1543,2018-01-01,,,183
5701,9783319960227,1543,2018-01-01,,eng,218
5702,9781461317050,1543,1988-01-01,,eng,228
5703,9781461597483,1543,1991-01-01,,eng,304
5704,9780387384641,1543,2007-01-01,,eng,342
5705,9781536179316,1193,2020-01-01,,eng,
5706,9783319190631,1648,2015-01-01,,eng,124
5707,9783319911540,1543,2011-01-01,,eng,392
5708,9789811006319,1543,2016-01-01,,eng,127
5709,9783662448076,1543,2015-01-01,,,341
5710,9781118079492,1929,2008-01-01,,eng,384
5711,9780134544625,1298,2016-01-01,,,
5712,9783319830629,1543,2017-01-01,,,827
5713,9784431568322,1543,2017-01-01,,,475
5714,9783319202969,1543,2015-01-01,,eng,453
5715,9783319218427,1543,2015-01-01,,eng,292
5716,9783709117941,1666,2014-01-01,,eng,234
5717,9798992158007,648,2025-01-01,,eng,
5718,9780697067661,1878,1988-01-01,,eng,440
5719,9785861341400,881,2007-01-01,,rus,280
5720,9780585120706,1150,1992-01-01,,eng,272
5721,9783540591757,1543,1995-01-01,,eng,524
5722,9789004155923,169,2007-01-01,,eng,577
5723,9781941823354,1901,2025-01-01,,eng,
5724,9781579551100,1960,2025-01-01,,eng,
5725,9780923231095,1114,1988-01-01,,eng,418
5726,9780387552101,1543,1992-01-01,,eng,621
5727,9783540642305,1543,1998-01-01,,eng,630
5728,9780897910101,128,1980-01-01,,eng,71
5729,9783854031178,147,1998-01-01,,eng,110
5730,9783540590422,1543,1995-01-01,,eng,654
5731,9780792378099,1543,2000-01-01,,eng,413
5732,9780387565033,1543,1993-01-01,,eng,731
5733,9780521543279,322,2001-01-01,,eng,592
5734,9789810236557,1974,1998-01-01,,eng,390
5735,9783540522829,1667,1990-01-01,,eng,312
5736,9783540709183,1543,2007-01-01,,eng,708
5737,9780333922309,1280,2000-01-01,,eng,424
5738,9789630151726,476,1982-01-01,,eng,238
5739,9780156015783,696,1988-01-01,,eng,398
5740,9780897913829,18,1991-01-01,,eng,711
5741,9783055016943,1949,1995-01-01,,"eng,ger",326
5742,9781138027527,1737,2015-01-01,,eng,165
5743,9783540723943,1543,2007-01-01,,eng,1365
5744,9783540357674,1648,2003-01-01,,eng,444
5745,9781351062251,1737,2014-01-01,,eng,230
5746,9781590599280,26,2007-01-01,,eng,352
5747,9780071847438,1053,2016-01-01,,eng,726
5748,9780132182317,1298,1995-01-01,,eng,564
5749,9780471131267,1842,1994-01-01,,eng,473
5750,9783110663624,2009,2020-01-01,,eng,265
5751,9781461245384,1652,1989-01-01,,eng,317
5752,9784431682936,879,1989-01-01,,eng,227
5753,9781461281412,1543,1989-01-01,,eng,291
5754,9784431680628,1645,1987-01-01,,eng,400
5755,9780471988007,1929,2001-01-01,,eng,577
5756,9780823934201,1503,2001-01-01,,eng,64
5757,9781317908012,1737,2015-01-01,,eng,210
5758,9783642399985,1648,2012-01-01,,eng,312
5759,9781944700188,1759,2017-01-01,,eng,301
5760,9781447124375,1543,2012-01-01,,eng,350
5761,9781299710436,309,2013-01-01,,eng,441
5762,9780763717612,918,2002-01-01,,eng,525
5763,9789814616256,1970,2014-01-01,,eng,320
5764,9783642203695,1640,2011-01-01,,eng,486
5765,9783540878261,1543,2008-01-01,,eng,358
5766,9780470073049,1928,2006-01-01,,eng,479
5767,9781420085921,356,2010-01-01,,eng,704
5768,9780136299400,1399,1991-01-01,,eng,251
5769,9780133014334,1391,1994-01-01,,eng,294
5770,9783540556138,1667,1992-01-01,,eng,264
5771,9781852335113,1543,2001-01-01,,eng,296
5772,9783540678168,1543,2000-01-01,,eng,154
5773,9781412902243,1517,2005-01-01,,eng,360
5774,9783709119532,1666,2014-01-01,,eng,393
5775,9783642547751,1648,2014-01-01,,eng,175
5776,9781475773644,933,2000-01-01,,eng,169
5777,9781493900367,823,2013-01-01,,eng,293
5778,9783662043370,1640,1999-01-01,,eng,546
5779,9789960194936,1957,2003-01-01,,ara,127
5780,9783319019529,1543,2013-01-01,,eng,256
5781,9789814651004,1973,2015-01-01,,eng,750
5782,9780199658855,1241,2015-01-01,,eng,308
5783,9780769528410,797,2007-01-01,,eng,1145
5784,9783825867737,502,2005-01-01,,eng,170
5785,9781847180902,321,2007-01-01,,"und,eng",340
5786,9783030680343,1644,2014-01-01,,eng,272
5787,9781316676202,322,2016-01-01,,eng,440
5788,9783540664284,1543,1999-01-01,,eng,488
5789,9780077094973,1075,1999-01-01,,,450
5790,9781000284935,310,2020-01-01,,eng,342
5791,9781000209228,1737,2020-01-01,,eng,96
5792,9783319239781,1543,2011-01-01,,eng,160
5793,9780471776277,799,2006-01-01,,eng,352
5794,9781848003217,1543,2012-01-01,,,500
5795,9783540465218,1648,2003-01-01,,eng,289
5796,9781860947582,1974,2007-01-01,,eng,317
5797,9781784398750,1277,2015-01-01,,eng,205
5798,9780201565140,56,1991-01-01,,eng,495
5799,9781483313399,1518,2016-01-01,,eng,224
5800,9783642433023,1639,2012-01-01,,eng,307
5801,9781423902553,415,2009-01-01,,eng,712
5802,9781315215785,1737,2014-01-01,,eng,520
5803,9781482253726,1737,2014-01-01,,eng,411
5804,9781351379212,1737,2018-01-01,,eng,1768
5805,9780429226175,1737,2015-01-01,,eng,524
5806,9780080513119,581,1996-01-01,,eng,580
5807,9783642404771,1543,2013-01-01,,eng,813
5808,9780521278072,322,1985-01-01,,eng,130
5809,9781447143574,823,2006-01-01,,eng,254
5810,9781283074742,1638,2010-01-01,,eng,408
5811,9781441997388,1543,2011-01-01,,eng,235
5812,9781461419525,1543,2011-01-01,,eng,150
5813,9783540452539,1543,2000-01-01,,eng,450
5814,9783540633860,1543,1997-01-01,,eng,475
5815,9783642376528,823,2013-01-01,,eng,456
5816,9780367203658,1737,2020-01-01,,eng,260
5817,9780072256857,1078,2004-01-01,,eng,
5818,9780072256727,1078,2004-01-01,,eng,32
5819,9780072256871,1078,2004-01-01,,eng,
5820,9780072254648,1078,2003-01-01,,,
5821,9780072256864,1078,2004-01-01,,eng,
5822,9783540310334,1648,2005-01-01,,eng,365
5823,9783540807063,1543,2005-01-01,,eng,385
5824,9783540320555,1543,2005-01-01,,eng,577
5825,9783642118418,1648,2010-01-01,,eng,608
5826,9780596516086,1199,2007-01-01,,eng,275
5827,9781452241234,1517,2009-01-01,,eng,821
5828,9783662515013,1543,2014-01-01,,eng,552
5829,9780442017736,1842,1994-01-01,,eng,260
5830,9783540628675,1543,1997-01-01,,eng,265
5831,9781849681742,1274,2013-01-01,,eng,352
5832,9783658058098,1665,2014-01-01,,eng,268
5833,9783642401633,1648,2013-01-01,,eng,330
5834,9783319892146,1543,2018-01-01,,,267
5835,9781593278014,1181,2016-01-01,,eng,320
5836,9783540400530,1543,2000-01-01,,eng,542
5837,9780201758214,56,2002-01-01,,eng,413
5838,9781789533583,1277,2019-01-01,,eng,184
5839,9780080922706,581,2002-01-01,,eng,413
5840,9781638352938,1026,2016-01-01,,eng,448
5841,9781430259206,26,2013-01-01,,eng,352
5842,9781461240655,1652,1996-01-01,,eng,375
5843,9781590594391,26,2005-01-01,,eng,1059
5844,9783642013966,1543,2009-01-01,,eng,166
5845,9781590597361,1648,2006-01-01,,eng,448
5846,9781430247913,26,2012-01-01,,eng,
5847,9780833034410,1457,2003-01-01,,eng,148
5848,9781578701018,1013,1998-01-01,,eng,189
5849,9780784403440,97,1998-01-01,,eng,277
5850,9780784402252,97,1997-01-01,,eng,216
5851,9781315362892,1737,2011-01-01,,eng,236
5852,9781617293344,1026,2017-01-01,,,528
5853,9781784396404,1277,2015-01-01,,eng,864
5854,9783540336402,1648,2005-01-01,,eng,282
5855,9781624312038,371,2014-01-01,,eng,32
5856,9781558605886,1120,2001-01-01,,eng,410
5857,9780764112386,189,2000-01-01,,eng,164
5858,9780465044290,194,2003-01-01,,eng,232
5859,9783319814117,1543,2016-01-01,,eng,444
5860,9783319079561,1543,2014-01-01,,eng,350
5861,9780387580777,1667,1994-01-01,,"ger,eng",347
5862,9781447164128,1648,2014-01-01,,eng,373
5863,9780137033959,789,2009-01-01,,eng,354
5864,9781461282891,879,1988-01-01,,eng,520
5865,9780429153167,305,1998-01-01,,eng,308
5866,9783662500453,1543,2007-01-01,,eng,263
5867,9783540878742,1543,2008-01-01,,eng,921
5868,9780078824746,1232,1998-01-01,,eng,496
5869,9780131401570,56,2003-01-01,,eng,480
5870,9780596519407,1205,2007-01-01,,eng,105
5871,9780130672384,1391,2003-01-01,,eng,468
5872,9783540731696,1648,2007-01-01,,eng,380
5873,9781861006905,1978,2002-01-01,,eng,1000
5874,9781351538046,1737,2015-01-01,,eng,196
5875,9788847011625,1648,2009-01-01,,ita,
5876,9780201517521,61,1989-01-01,,eng,382
5877,9783642281648,1640,2010-01-01,,eng,226
5878,9781430201441,1648,2006-01-01,,eng,696
5879,9780769500744,797,1999-01-01,,"rus,eng",386
5880,9780429124747,1737,2001-01-01,,eng,216
5881,9781576904299,1740,2004-01-01,,eng,144
5882,9780131427815,1352,2003-01-01,,eng,87
5883,9780133382372,571,1990-01-01,,eng,301
5884,9780511039331,322,2003-01-01,,eng,126
5885,9780521373692,322,1995-01-01,,eng,289
5886,9780596102005,1205,2001-01-01,,eng,
5887,9780333973691,1281,2003-01-01,,eng,335
5888,9788126123643,105,2005-01-01,,eng,403
5889,9781557553393,33,1998-01-01,,eng,149
5890,9780135083017,1391,1996-01-01,,eng,351
5891,9781787127418,1275,2018-01-01,,,574
5892,9780736805919,326,2000-01-01,,eng,48
5893,9780128007297,1121,2015-01-01,,,548
5894,9781849968577,1646,2000-01-01,,eng,312
5895,9781587050411,379,2002-01-01,,eng,448
5896,9780471987109,1925,1999-01-01,,eng,355
5897,9780927695978,399,1992-01-01,,eng,129
5898,9783662088784,1640,2004-01-01,,eng,466
5899,9780132857925,1391,1993-01-01,,eng,281
5900,9789355513557,2009,2023-01-01,,eng,456
5901,9780316739313,967,1986-01-01,,eng,505
5902,9780321256171,60,2006-01-01,,eng,560
5903,9780072133141,1232,2001-01-01,,eng,477
5904,9781934356449,1388,2009-01-01,,eng,397
5905,9783642183416,1668,2011-01-01,,eng,
5906,9780750303927,851,1997-01-01,,eng,
5907,9781461178187,1214,2011-01-01,,eng,150
5908,9780321545862,52,2011-01-01,,,1392
5909,9780134843384,1393,1998-01-01,,eng,433
5910,9780070655034,1056,1995-01-01,,eng,551
5911,9780470908006,898,2010-01-01,,eng,652
5912,9783642032257,1640,2009-01-01,,eng,
5913,9781430264002,26,2013-01-01,,,
5914,9780679791409,1468,1994-01-01,,eng,750
5915,9780745803494,571,1990-01-01,,eng,301
5916,9780201142228,56,1986-01-01,,eng,166
5917,9780911537048,1376,1985-01-01,,eng,
5918,9781136104893,1737,2007-01-01,,eng,360
5919,9781118897072,1929,2015-01-01,,eng,392
5920,9781108497428,322,2019-01-01,,eng,366
5921,9783886722051,827,1990-01-01,,eng,682
5922,9780198069195,1234,2002-01-01,,eng,320
5923,9781306813617,1205,2011-01-01,,eng,116
5924,9780387682815,1652,2007-01-01,,eng,448
5925,9783319175812,1644,2014-01-01,,eng,268
5926,9780137893898,1537,1997-01-01,,eng,326
5927,9780072901689,1887,1999-01-01,,eng,616
5928,9780387948935,1543,1993-01-01,,eng,411
5929,9781627054362,1117,2015-01-01,,eng,92
5930,9780844244822,1835,1984-01-01,,eng,130
5931,9783540439776,1543,2002-01-01,,eng,206
5932,9783540450719,1648,2003-01-01,,eng,560
5933,9783662509487,1639,2013-01-01,,eng,236
5934,9780688127596,151,1993-01-01,,eng,234
5935,9781444193862,752,2013-01-01,,,
5936,9781619780170,1463,2013-01-01,,eng,78
5937,9781619780194,1463,2014-01-01,,eng,88
5938,9780520324800,1824,2018-01-01,,eng,296
5939,9783662523667,1543,2013-01-01,,eng,255
5940,9783642033438,1543,2010-01-01,,eng,495
5941,9780387224374,1640,1989-01-01,,eng,672
5942,9780596802448,1199,2009-01-01,,,538
5943,9780080230399,1154,1938-01-01,,"eng,rus",484
5944,9783319107059,1543,2014-01-01,,eng,826
5945,9783540674559,1543,2000-01-01,,eng,138
5946,9780471798651,882,1982-01-01,,eng,143
5947,9783790818833,1365,1998-01-01,,eng,601
5948,9780201416404,56,1991-01-01,,eng,518
5949,9782881249563,662,1994-01-01,,eng,491
5950,9781118848838,1930,2014-01-01,,eng,
5951,9780201627671,853,1993-01-01,,eng,399
5952,9780132139847,1025,1995-01-01,,eng,344
5953,9781461540540,1660,1999-01-01,,eng,279
5954,9780071623988,1056,2010-01-01,,eng,368
5955,9780077107413,1065,2004-01-01,,eng,380
5956,9789861576121,1016,2009-01-01,,chi,525
5957,9788808193513,1992,2009-01-01,,"ita,eng",784
5958,9781932394412,1025,2005-01-01,,eng,425
5959,9780672335952,1522,2012-01-01,,eng,
5960,9789048130313,1651,2009-01-01,,eng,
5961,9781785885846,1277,2015-01-01,,eng,
5962,9781032173764,1737,2020-01-01,,eng,309
5963,9783319792910,406,2015-01-01,,eng,232
5964,9781430210153,26,2009-01-01,,eng,1398
5965,9780387889504,1543,2009-01-01,,eng,378
5966,9780072192544,1082,2001-01-01,,eng,192
5967,9781322998909,314,2015-01-01,,eng,206
5968,9783642451348,1543,2014-01-01,,eng,569
5969,9783540367499,1648,2006-01-01,,eng,429
5970,9783540329398,1543,2006-01-01,,eng,192
5971,9783642187551,879,2004-01-01,,eng,196
5972,9781597495370,1707,2010-01-01,,eng,353
5973,9780387224640,1543,2002-01-01,,eng,646
5974,9780470652459,1929,2007-01-01,,eng,268
5975,9783642301735,1640,2012-01-01,,eng,80
5976,9780387688466,1543,2007-01-01,,eng,313
5977,9780136299325,1391,1990-01-01,,eng,264
5978,9781317911111,1737,2014-01-01,,eng,272
5979,9780471910398,1925,1984-01-01,,"eng,fre",277
5980,9783642224256,1543,2011-01-01,,eng,248
5981,9781782167587,1276,2013-01-01,,,396
5982,9781937785475,1757,2013-01-01,,,
5983,9780262610575,1371,1989-01-01,,eng,253
5984,9789810215286,1971,1993-01-01,,eng,160
5985,9781447107927,1679,1999-01-01,,eng,295
5986,9781474246507,234,2015-01-01,,eng,205
5987,9781680835533,1195,2019-01-01,,eng,180
5988,9780128097830,581,2017-01-01,,eng,375
5989,9789811300615,1543,2018-01-01,,,122
5990,9783319067018,1648,2014-01-01,,eng,474
5991,9780080913803,581,2003-01-01,,eng,690
5992,9783540285403,1543,2005-01-01,,eng,359
5993,9780387232539,1543,2004-01-01,,eng,328
5994,9780080530260,581,2005-01-01,,eng,
5995,9780387564647,1667,1993-01-01,,ger,282
5996,9781852330866,1543,1999-01-01,,eng,224
5997,9780863530913,1219,1987-01-01,,eng,415
5998,9780444891785,1185,1991-01-01,,eng,1819
5999,9781852334031,1543,2001-01-01,,eng,389
6000,9780818678349,798,1997-01-01,,eng,141
6001,9780818671746,798,1995-01-01,,eng,397
6002,9780818642609,798,1993-01-01,,eng,346
6003,9781852335359,1543,2001-01-01,,eng,325
6004,9780345478320,1470,2004-01-01,,eng,324
6005,9781558605350,1123,1998-01-01,,eng,513
6006,9780387887746,1648,2009-01-01,,eng,392
6007,9781118180303,1929,2012-01-01,,eng,768
6008,9780470652619,885,2007-01-01,,eng,192
6009,9781138460812,1737,2013-01-01,,eng,624
6010,9783642111976,1543,2009-01-01,,eng,236
6011,9780262661751,1754,1993-01-01,,eng,364
6012,9781430226536,26,2010-01-01,,eng,
6013,9783642318665,1648,2012-01-01,,eng,261
6014,9783642314346,823,2012-01-01,,eng,88
6015,9783540199649,1648,1996-01-01,,eng,294
6016,9781447155201,1543,2013-01-01,,eng,433
6017,9780262526302,998,2000-01-01,,eng,340
6018,9783030176525,1543,2019-01-01,,,798
6019,9783540426325,1648,2002-01-01,,eng,299
6020,9781447157663,1543,2010-01-01,,eng,312
6021,9783540527824,1543,1990-01-01,,eng,364
6022,9783540620648,1543,1996-01-01,,"rus,eng",446
6023,9780132398725,1399,1995-01-01,,eng,252
6024,9780130884510,1391,1992-01-01,,eng,160
6025,9781849965095,1675,2010-01-01,,eng,293
6026,9781447122395,1648,2012-01-01,,eng,502
6027,9783642173493,1668,2011-01-01,,eng,481
6028,9783540335818,1543,2006-01-01,,eng,489
6029,9781118786840,1925,2007-01-01,,eng,528
6030,9783319072203,1543,2014-01-01,,eng,653
6031,9783319084039,1543,2014-01-01,,eng,404
6032,9781591165613,1837,2004-01-01,,eng,182
6033,9783030036379,1644,2018-01-01,,eng,
6034,9783662560051,1543,2017-01-01,,,124
6035,9781584151098,1112,2002-01-01,,eng,48
6036,9780387966519,1667,1988-01-01,,eng,100
6037,9781590595428,2012,2005-01-01,,eng,576
6038,9781430269830,111,2010-01-01,,eng,214
6039,9780387341897,1543,2006-01-01,,eng,139
6040,9780128189061,580,2020-01-01,,eng,
6041,9781430245346,820,2012-01-01,,eng,508
6042,9781430243571,820,2012-01-01,,eng,
6043,9781430240396,26,2012-01-01,,eng,
6044,9783642337659,823,2012-01-01,,eng,
6045,9781430243335,820,2012-01-01,,eng,408
6046,9781430244899,820,2012-01-01,,eng,
6047,9781430240693,26,2011-01-01,,eng,
6048,9781430244479,26,2012-01-01,,eng,416
6049,9781430236818,26,2012-01-01,,eng,
6050,9781430244264,26,2013-01-01,,eng,699
6051,9781430246305,26,2013-01-01,,eng,296
6052,9781430237877,26,2012-01-01,,eng,
6053,9781430240068,26,2012-01-01,,eng,
6054,9781430246008,820,2012-01-01,,eng,668
6055,9781430235880,26,2011-01-01,,eng,
6056,9781430242284,26,2011-01-01,,eng,
6057,9781430241027,26,2011-01-01,,eng,
6058,9783658003333,824,2012-01-01,,eng,334
6059,9781430233527,26,2012-01-01,,eng,
6060,9781430243601,26,2012-01-01,,eng,
6061,9781430243519,26,2012-01-01,,eng,368
6062,9781430243755,26,2012-01-01,,eng,449
6063,9783642323553,1640,2012-01-01,,eng,
6064,9781430239734,26,2012-01-01,,eng,
6065,9781430249726,26,2013-01-01,,eng,239
6066,9781430248880,26,2013-01-01,,eng,376
6067,9781430243458,26,2012-01-01,,eng,668
6068,9781461336785,1660,1983-01-01,,eng,313
6069,9781430235019,26,2012-01-01,,eng,
6070,9783834899347,1858,2011-01-01,,eng,
6071,9781430244356,26,2012-01-01,,eng,
6072,9781430246039,26,2013-01-01,,eng,376
6073,9781430247203,26,2012-01-01,,eng,361
6074,9781430240211,26,2011-01-01,,eng,
6075,9781430243878,26,2012-01-01,,eng,
6076,9781430245254,26,2012-01-01,,eng,296
6077,9781430233497,26,2012-01-01,,eng,
6078,9781430247500,26,2012-01-01,,eng,207
6079,9781430241171,26,2012-01-01,,eng,
6080,9781430240754,26,2012-01-01,,eng,
6081,9781430249429,26,2013-01-01,,eng,672
6082,9781430241836,26,2012-01-01,,eng,243
6083,9781430240785,26,2012-01-01,,eng,
6084,9781430240990,26,2012-01-01,,eng,
6085,9781430234807,26,2012-01-01,,eng,
6086,9781430241089,26,2012-01-01,,eng,
6087,9781430240099,26,2012-01-01,,eng,
6088,9781430250357,820,2012-01-01,,eng,136
6089,9781430230168,26,2011-01-01,,eng,
6090,9781430249368,26,2013-01-01,,eng,384
6091,9781430245131,26,2013-01-01,,eng,764
6092,9781430236061,26,2011-01-01,,eng,
6093,9781430240365,26,2012-01-01,,eng,
6094,9781430257356,26,2013-01-01,,eng,448
6095,9781430241355,26,2012-01-01,,eng,
6096,9781430244325,26,2012-01-01,,eng,496
6097,9781430240600,1830,2012-01-01,,eng,300
6098,9781430242796,820,2012-01-01,,eng,
6099,9781430237600,26,2012-01-01,,eng,
6100,9783834814944,1858,2011-01-01,,eng,
6101,9783658003326,1663,2012-01-01,,,334
6102,9780201471830,56,1999-01-01,,eng,
6103,9780262570725,1754,1988-01-01,,eng,
6104,9783540693291,1648,2007-01-01,,eng,478
6105,9783642779039,879,1994-01-01,,eng,215
6106,9780866362924,1295,1994-01-01,,eng,318
6107,9781587052149,378,2005-01-01,,eng,266
6108,9781430210344,26,2008-01-01,,eng,489
6109,9789812564504,1970,2003-01-01,,eng,247
6110,9783319032054,1644,2014-01-01,,eng,319
6111,9780738439587,786,2012-01-01,,eng,554
6112,9781852338565,1648,2006-01-01,,eng,
6113,9780201526738,1491,1985-01-01,,eng,314
6114,9783540451914,1660,2003-01-01,,eng,236
6115,9783662449936,1543,2014-01-01,,eng,305
6116,9783319600543,1543,2017-01-01,,,494
6117,9781430246633,820,2013-01-01,,eng,418
6118,9783319131283,1648,2014-01-01,,eng,514
6119,9780835901611,1489,1984-01-01,,eng,194
6120,9780521329385,322,1987-01-01,,"fre,eng",229
6121,9783642045332,1543,2010-01-01,,eng,166
6122,9781441953834,1543,2010-01-01,,eng,
6123,9780199575015,1237,2014-01-01,,eng,274
6124,9780780310612,1945,1996-01-01,,eng,334
6125,9780387948751,1543,1996-01-01,,eng,255
6126,9780071409223,1073,2002-01-01,,eng,268
6127,9781852330064,1543,1998-01-01,,eng,165
6128,9781461441380,1543,2012-01-01,,,
6129,9780471245292,1925,1998-01-01,,eng,354
6130,9783662449165,1648,2013-01-01,,eng,530
6131,9781402002908,1543,2001-01-01,,eng,372
6132,9780367736354,1737,2017-01-01,,eng,370
6133,9781003000792,1737,2020-01-01,,eng,98
6134,9783319716060,1543,2017-01-01,,,718
6135,9781801076968,1274,2021-01-01,,eng,824
6136,9783642554148,1639,2014-01-01,,eng,509
6137,9783642551277,1543,2014-01-01,,eng,253
6138,9783642146855,1671,2006-01-01,,eng,160
6139,9781461225386,1652,1992-01-01,,eng,297
6140,9783642310461,823,2013-01-01,,eng,357
6141,9783642322983,823,2010-01-01,,eng,313
6142,9781461561002,1660,1997-01-01,,eng,416
6143,9780135669938,1406,1989-01-01,,eng,
6144,9783662217115,1669,2005-01-01,,eng,679
6145,9780134021362,1316,2014-01-01,,eng,
6146,9780130622969,1399,2001-01-01,,eng,416
6147,9783319038407,1648,2013-01-01,,eng,551
6148,9780792392798,933,1992-01-01,,eng,338
6149,9780123745408,1120,2009-01-01,,eng,196
6150,9781506371832,1518,2019-01-01,,eng,392
6151,9783642340475,1640,2012-01-01,,eng,476
6152,9780198299226,1237,2000-01-01,,eng,301
6153,9781461444626,1543,2012-01-01,,,831
6154,9780373256587,701,1995-01-01,,eng,218
6155,9780137149704,790,2008-01-01,,eng,617
6156,9781415550847,1793,2004-01-01,,eng,174
6157,9783642142147,1543,2010-01-01,,,
6158,9783642332869,1543,2012-01-01,,,412
6159,9780857293510,1543,2011-01-01,,eng,376
6160,9780764534782,792,2000-01-01,,eng,318
6161,9780849322136,141,2005-01-01,,eng,801
6162,9783642391743,823,2013-01-01,,eng,414
6163,9783540813767,1648,2005-01-01,,eng,568
6164,9780142001448,485,2000-01-01,,eng,352
6165,9780805305944,1307,1995-01-01,,eng,330
6166,9781841696515,1422,2006-01-01,,eng,584
6167,9780201633788,55,1994-01-01,,eng,352
6168,9781848822542,1543,2009-01-01,,eng,494
6169,9783642129551,1668,2011-01-01,,ger,
6170,9781841695242,1422,2004-01-01,,eng,451
6171,9783540431671,1543,2002-01-01,,eng,306
6172,9783211830482,1543,1997-01-01,,eng,203
6173,9783211833926,1543,1999-01-01,,eng,230
6174,9780470841860,1929,2000-01-01,,eng,294
6175,9780470847459,1929,2003-01-01,,eng,488
6176,9783642034589,1543,2009-01-01,,eng,221
6177,9781119281313,1977,2016-01-01,,eng,240
6178,9781461485780,1543,2013-01-01,,eng,252
6179,9783030871550,1648,2003-01-01,,eng,546
6180,9781337560122,344,2018-01-01,,eng,384
6181,9781337561945,344,2018-01-01,,eng,489
6182,9780077421977,1067,2010-01-01,,eng,122
6183,9780387609225,1667,1996-01-01,,eng,
6184,9783662445082,1639,2014-01-01,,eng,
6185,9781430239970,26,2012-01-01,,eng,329
6186,9783528057572,1853,2001-01-01,,eng,351
6187,9783642366598,272,2013-01-01,,eng,273
6188,9780444828743,1183,1999-01-01,,eng,392
6189,9780521648202,1537,1998-01-01,,eng,394
6190,9781590595794,26,2005-01-01,,eng,788
6191,9783540464068,1648,2003-01-01,,eng,
6192,9783642263682,1639,2010-01-01,,eng,284
6193,9780078825026,1072,1999-01-01,,eng,800
6194,9780852748114,12,1988-01-01,,eng,625
6195,9783540725848,1543,2007-01-01,,eng,1211
6196,9780071348416,1056,1999-01-01,,eng,435
6197,9783540790433,1543,2004-01-01,,eng,233
6198,9781118628492,1948,2013-01-01,,eng,600
6199,9783662509401,1543,2015-01-01,,eng,366
6200,9781846141379,76,2008-01-01,,eng,331
6201,9781119941552,1925,2012-01-01,,eng,336
6202,9781461332848,1648,1999-01-01,,eng,313
6203,9780126683189,25,1994-01-01,,eng,498
6204,9783642432682,1640,2012-01-01,,eng,299
6205,9780415461689,1737,2011-01-01,,eng,150
6206,9781299662490,1973,1996-01-01,,eng,202
6207,9783642317972,823,2013-01-01,,eng,409
6208,9789400972025,1543,2011-01-01,,eng,466
6209,9780566035319,665,1985-01-01,,eng,105
6210,9781493968831,1543,2018-01-01,,eng,
6211,9781461283966,1543,1988-01-01,,eng,350
6212,9783662084243,1640,1990-01-01,,eng,334
6213,9783540761723,1648,1997-01-01,,eng,425
6214,9781461514138,1660,2001-01-01,,eng,195
6215,9784431682141,879,1992-01-01,,eng,308
6216,9783658164812,1543,2018-01-01,,,377
6217,9783319858203,1543,2017-01-01,,,505
6218,9781430231233,26,2010-01-01,,eng,
6219,9783540415206,1543,2001-01-01,,eng,235
6220,9780470991039,358,1977-01-01,,eng,287
6221,9783540637745,1661,1997-01-01,,eng,571
6222,9781560722472,1192,1995-01-01,,eng,398
6223,9784101387246,1588,2000-01-01,,jpn,411
6224,9780585228372,998,2000-01-01,,eng,317
6225,9780367686314,1737,2021-01-01,,eng,354
6226,9783642145261,1543,2010-01-01,,eng,290
6227,9780757550263,925,2006-01-01,,eng,275
6228,9783319224251,1648,2015-01-01,,eng,357
6229,9783642698989,879,1984-01-01,,eng,262
6230,9783319265018,1648,2015-01-01,,eng,231
6231,9783540472421,1543,2006-01-01,,eng,1084
6232,9781450325684,128,2013-01-01,,eng,
6233,9783319406664,1648,2016-01-01,,eng,
6234,9783319213552,1648,2015-01-01,,eng,
6235,9781538329733,1503,2018-01-01,,eng,
6236,9783030504359,1543,2020-01-01,,eng,
6237,9783891917459,726,1993-01-01,,eng,129
6238,9783319153179,1648,2015-01-01,,eng,385
6239,9781783289691,1277,2015-01-01,,eng,
6240,9781424469116,796,2010-01-01,,eng,
6241,9781441944580,1543,2007-01-01,,eng,159
6242,9781461366232,1660,1992-01-01,,eng,213
6243,9781461202509,821,1994-01-01,,eng,259
6244,9781461291947,1660,1987-01-01,,eng,158
6245,9781461549680,1543,1999-01-01,,eng,217
6246,9781461525370,879,1994-01-01,,eng,282
6247,9783642699023,1640,1984-01-01,,eng,290
6248,9783662460771,1543,2015-01-01,,eng,624
6249,9783642390678,1639,2013-01-01,,eng,679
6250,9783319074078,1543,2015-01-01,,eng,201
6251,9783319621265,1543,2017-01-01,,,614
6252,9783319607740,1543,2017-01-01,,,212
6253,9783319590714,1543,2017-01-01,,,611
6254,9781475784947,1543,2004-01-01,,,295
6255,9781447121565,1543,2011-01-01,,,600
6256,9780128034552,581,2016-01-01,,eng,204
6257,9783642696725,1543,2011-01-01,,eng,343
6258,9783319711492,1644,2017-01-01,,eng,515
6259,9789811063657,1543,2017-01-01,,,836
6260,9783790817805,879,2002-01-01,,eng,212
6261,9781461272434,1652,1997-01-01,,eng,341
6262,9781461228325,1543,1992-01-01,,eng,138
6263,9781461289043,1660,1989-01-01,,eng,222
6264,9783662496299,1543,2016-01-01,,eng,556
6265,9783642260971,1648,2009-01-01,,eng,304
6266,9783319752310,1543,2018-01-01,,,296
6267,9781466616509,838,2012-01-01,,eng,266
6268,9789650502454,1046,1985-01-01,,heb,137
6269,9780340705896,118,1998-01-01,,eng,139
6270,9780124078796,573,2012-01-01,,eng,128
6271,9780521186629,322,2012-01-01,,eng,
6272,9780064671453,720,1994-01-01,,eng,180
6273,9781582070667,1922,1999-01-01,,eng,70
6274,9780534938888,1266,1993-01-01,,eng,390
6275,9780262600422,998,2001-01-01,,eng,428
6276,9783540761600,1543,1997-01-01,,eng,308
6277,9780262025508,1754,2003-01-01,,eng,1700
6278,9783540602170,1667,1995-01-01,,eng,511
6279,9780078225932,652,2003-01-01,,eng,758
6280,9780262032742,998,2000-01-01,,eng,493
6281,9781466561595,1737,2014-01-01,,eng,448
6282,9780071345545,1056,2000-01-01,,eng,296
6283,9780130669117,1399,2002-01-01,,eng,710
6284,9781933019147,1196,2005-01-01,,eng,136
6285,9781590475713,1530,2005-01-01,,eng,588
6286,9781580259279,1530,2001-01-01,,eng,360
6287,9781512049589,427,2015-01-01,,,100
6288,9780135366585,1298,2019-01-01,,,1912
6289,9783764339050,216,1997-01-01,,eng,366
6290,9780134511818,1309,2016-01-01,,eng,456
6291,9781515037637,427,2015-01-01,,eng,370
6292,9780201627572,63,1992-01-01,,eng,334
6293,9783642967092,1640,1985-01-01,,eng,
6294,9781491986028,1201,2018-01-01,,,482
6295,9780819425874,1540,1997-01-01,,eng,332
6296,9781259837692,1830,2017-01-01,,eng,473
6297,9789812834157,1974,2009-01-01,,,368
6298,9781568813387,14,2009-01-01,,eng,
6299,9783540541486,1667,1991-01-01,,eng,485
6300,9780201604641,56,2002-01-01,,eng,305
6301,9781000793550,1496,2021-01-01,,eng,300
6302,9780792377672,1543,2000-01-01,,eng,283
6303,9781351013642,1737,2018-01-01,,eng,220
6304,9781402076947,1543,2003-01-01,,eng,242
6305,9781461353553,1543,2002-01-01,,eng,174
6306,9781852333195,1543,1993-01-01,,eng,305
6307,9780470522356,799,2010-01-01,,eng,745
6308,9780367378820,314,2014-01-01,,eng,423
6309,9781461462286,1648,2013-01-01,,eng,300
6310,9789810232450,1974,1997-01-01,,eng,277
6311,9780631212591,226,2002-01-01,,eng,446
6312,9783540318323,1543,2005-01-01,,eng,149
6313,9783540450092,1648,2003-01-01,,eng,271
6314,9781138412965,1737,2007-01-01,,eng,588
6315,9783662472217,1648,2013-01-01,,eng,263
6316,9783110487633,2009,2016-01-01,,eng,198
6317,9780511836275,322,2006-01-01,,eng,272
6318,9780511881565,322,2006-01-01,,eng,306
6319,9780387525426,1543,1990-01-01,,ger,179
6320,9783031010217,1118,2013-01-01,,eng,
6321,9783110627633,2009,2021-01-01,,eng,
6322,9781493966011,1543,2016-01-01,,eng,194
6323,9783642126055,1543,2010-01-01,,eng,240
6324,9783642699634,1640,1985-01-01,,eng,332
6325,9780511663130,322,2009-01-01,,eng,288
6326,9783319047010,1648,2014-01-01,,eng,447
6327,9783319473345,1543,2016-01-01,,eng,204
6328,9781461477983,1648,2013-01-01,,eng,210
6329,9783319251134,1543,2015-01-01,,eng,212
6330,9783319636962,1543,2017-01-01,,,750
6331,9783319467641,1543,2016-01-01,,eng,146
6332,9781119331995,1929,2017-01-01,,eng,528
6333,9783110615456,2009,2020-01-01,,eng,210
6334,9783319893655,1543,2018-01-01,,,592
6335,9783319247144,1543,2015-01-01,,eng,181
6336,9783540859574,1668,2008-01-01,,eng,648
6337,9780863418532,1753,2007-01-01,,eng,599
6338,9780133802948,1391,2012-01-01,,eng,527
6339,9783642183751,1543,2011-01-01,,eng,394
6340,9780769534985,797,2008-01-01,,eng,
6341,9781430234302,111,2011-01-01,,eng,330
6342,9789814299152,1973,2010-01-01,,eng,261
6343,9781782162742,1277,2013-01-01,,eng,386
6344,9781843342380,353,2007-01-01,,eng,323
6345,9780906774618,1563,1991-01-01,,eng,234
6346,9780780323247,849,1997-01-01,,eng,310
6347,9783540880585,1543,2008-01-01,,eng,301
6348,9783540486862,1543,2003-01-01,,eng,528
6349,9780139174360,1391,1992-01-01,,eng,443
6350,9783540613091,1543,1995-01-01,,eng,228
6351,9780387578026,1543,1994-01-01,,eng,220
6352,9780387535043,1543,1990-01-01,,eng,529
6353,9783540318675,1543,2005-01-01,,eng,814
6354,9780387600628,1667,1993-01-01,,eng,278
6355,9780134598840,1399,1996-01-01,,eng,
6356,9780321699183,1316,2009-01-01,,eng,503
6357,9783642242922,1640,2012-01-01,,eng,256
6358,9780131462342,1260,1994-01-01,,eng,320
6359,9780201309805,56,1998-01-01,,eng,453
6360,9780817681951,220,2004-01-01,,eng,390
6361,9780387772660,1680,2008-01-01,,eng,264
6362,9783319030852,1648,2013-01-01,,eng,224
6363,9783642291241,1640,2011-01-01,,eng,284
6364,9783319700212,823,2012-01-01,,eng,681
6365,9780435450076,740,2004-01-01,,,170
6366,9781285127194,339,2012-01-01,,eng,225
6367,9780750654241,1173,2002-01-01,,eng,304
6368,9780878916719,1487,1996-01-01,,eng,82
6369,9780917845109,1745,1990-01-01,,eng,57
6370,9781450538732,427,2010-01-01,,eng,94
6371,9780824722913,308,1998-01-01,,eng,
6372,9780763820947,552,2004-01-01,,eng,
6373,9789576615832,686,2003-01-01,,chi,
6374,9781000126174,1737,1991-01-01,,eng,248
6375,9782501009867,1030,1985-01-01,,"eng,fre",256
6376,9781134334919,1506,2003-01-01,,eng,224
6377,9781317882442,52,1998-01-01,,eng,349
6378,9781281284679,1948,2008-01-01,,eng,248
6379,9780201548341,63,1986-01-01,,eng,272
6380,9780134370545,1391,1995-01-01,,eng,582
6381,9780333922866,1483,2002-01-01,,eng,336
6382,9783319300702,1543,2016-01-01,,eng,160
6383,9780818671937,798,1996-01-01,,eng,206
6384,9780133315790,1406,1980-01-01,,eng,355
6385,9780134425269,1537,1995-01-01,,eng,624
6386,9781000730401,1929,2018-01-01,,eng,347
6387,9780124199705,1707,2013-01-01,,eng,208
6388,9780201539851,63,1988-01-01,,eng,387
6389,9781484211946,26,2016-01-01,,eng,494
6390,9781000179521,1737,2020-01-01,,eng,250
6391,9781934356234,1388,2008-01-01,,eng,387
6392,9781600330124,1199,1998-01-01,,eng,599
6393,9783540317814,1543,2006-01-01,,eng,360
6394,9781558510067,983,1989-01-01,,eng,348
6395,9783540654742,1648,1998-01-01,,eng,395
6396,9781000317770,1737,2020-01-01,,eng,326
6397,9780309047401,1150,1992-01-01,,eng,288
6398,9781351836302,308,2001-01-01,,eng,408
6399,9780471723707,796,2003-01-01,,eng,264
6400,9783642368844,823,2013-01-01,,eng,380
6401,9781565926738,1199,1999-01-01,,eng,122
6402,9783319051543,1543,2014-01-01,,,192
6403,9781493932238,1648,2015-01-01,,eng,403
6404,9788846208835,162,1947-01-01,,"fre,dut,eng",400
6405,9780471471639,1948,2004-01-01,,eng,897
6406,9780113308552,1692,1998-01-01,,eng,342
6407,9781461223672,1543,1996-01-01,,eng,433
6408,9780080525235,1123,1999-01-01,,eng,490
6409,9781441942524,1648,2006-01-01,,eng,263
6410,9783540715900,1543,2007-01-01,,eng,806
6411,9780769502755,849,1999-01-01,,eng,425
6412,9783319975702,1543,2018-01-01,,,408
6413,9783642348587,823,2012-01-01,,eng,519
6414,9780789728494,1522,2003-01-01,,eng,317
6415,9781444119466,755,2006-01-01,,eng,288
6416,9781788629546,1277,2018-01-01,,eng,264
6417,9781421439730,909,2020-01-01,,eng,192
6418,9780135262733,1316,2018-01-01,,eng,1357
6419,9780134400556,1316,2016-01-01,,eng,672
6420,9780357501832,344,2021-01-01,,eng,448
6421,9781839213861,1277,2020-01-01,,eng,330
6422,9780128035863,581,2018-01-01,,eng,240
6423,9780810393851,1815,1993-01-01,,eng,48
6424,9783658270834,1663,2006-01-01,,ger,537
6425,9787111321330,892,2011-01-01,,chi,
6426,9783642298745,1543,2012-01-01,,,358
6427,9780128044124,581,2016-01-01,,eng,284
6428,9781461318064,1374,1986-01-01,,eng,468
6429,9783642099410,1543,2008-01-01,,,256
6430,9780132000567,1404,1989-01-01,,eng,401
6431,9780131593893,1391,2006-01-01,,eng,672
6432,9780791802564,27,2006-01-01,,eng,857
6433,9780070359147,1056,1995-01-01,,eng,332
6434,9780878231416,96,1992-01-01,,eng,30
6435,9783540482987,1543,2003-01-01,,eng,432
6436,9780070991910,1056,1989-01-01,,eng,
6437,9780750026215,756,1999-01-01,,,46
6438,9783662462430,1543,2008-01-01,,eng,427
6439,9783540221715,1543,2004-01-01,,eng,485
6440,9783540479420,1648,1999-01-01,,eng,326
6441,9783662439890,1495,2014-01-01,,eng,140
6442,9783642333507,1644,2012-01-01,,eng,877
6443,9789814364096,1284,2012-01-01,,eng,426
6444,9780673189905,1577,1986-01-01,,eng,583
6445,9781565920620,1201,1994-01-01,,eng,630
6446,9783642289354,1640,2012-01-01,,eng,87
6447,9783642303807,1640,2012-01-01,,eng,77
6448,9781461483793,1543,2013-01-01,,eng,169
6449,9783642270062,1639,2012-01-01,,eng,460
6450,9783642308109,1640,2012-01-01,,eng,84
6451,9783642306815,1640,2012-01-01,,eng,100
6452,9780201408881,56,1994-01-01,,eng,152
6453,9780321445612,60,2007-01-01,,eng,888
6454,9781441916365,1648,2010-01-01,,eng,271
6455,9780818680427,797,1997-01-01,,eng,145
6456,9780596000950,1200,2001-01-01,,eng,252
6457,9781118821008,1929,2013-01-01,,eng,1056
6458,9783540419457,1543,2001-01-01,,eng,778
6459,9783642064050,1543,2006-01-01,,eng,515
6460,9780262660587,998,1984-01-01,,eng,292
6461,9780333650097,1002,1998-01-01,,eng,434
6462,9781612195421,1830,2016-01-01,,eng,102
6463,9781466507821,309,2012-01-01,,eng,202
6464,9781613740552,372,2012-01-01,,eng,
6465,9780367334390,1737,2020-01-01,,eng,220
6466,9780429558924,1737,2019-01-01,,eng,434
6467,9781498717571,1120,2011-01-01,,eng,408
6468,9783030798369,1644,2014-01-01,,eng,236
6469,9780818628122,797,1992-01-01,,eng,484
6470,9780672325663,1307,2004-01-01,,eng,146
6471,9780735621749,1103,2003-01-01,,eng,697
6472,9781475724745,879,1996-01-01,,eng,146
6473,9781430238096,820,2013-01-01,,eng,554
6474,9783540259350,1648,2004-01-01,,eng,325
6475,9783540490180,1543,2006-01-01,,eng,590
6476,9781283320382,838,2012-01-01,,eng,439
6477,9783211824313,1667,1993-01-01,,eng,176
6478,9780201325652,52,1999-01-01,,eng,148
6479,9780471237556,899,1969-01-01,,eng,363
6480,9780429233265,1737,2004-01-01,,eng,288
6481,9781317820475,1737,2013-01-01,,eng,286
6482,9781447170747,1543,2013-01-01,,eng,296
6483,9783642325892,1640,2012-01-01,,eng,840
6484,9781484234136,26,2018-01-01,,,456
6485,9781430216322,26,2009-01-01,,eng,295
6486,9781871516135,863,1991-01-01,,,382
6487,9780262134859,998,2007-01-01,,eng,240
6488,9783642287992,1640,2012-01-01,,eng,528
6489,9781426022050,432,2011-01-01,,eng,1
6490,9783642387579,1640,2013-01-01,,eng,376
6491,9783540459019,1543,2006-01-01,,eng,998
6492,9783642344138,1640,2012-01-01,,eng,526
6493,9780262266567,1754,2010-01-01,,eng,108
6494,9781848002906,1543,2009-01-01,,eng,344
6495,9780835712323,1812,1981-01-01,,eng,173
6496,9780791094068,369,2010-01-01,,eng,120
6497,9780131973190,1404,1971-01-01,,eng,148
6498,9781858050805,959,1994-01-01,,,400
6499,9781425801120,1587,2008-01-01,,eng,120
6500,9782920210813,2028,1987-01-01,,fre,404
6501,9780340974001,754,2009-01-01,,eng,
6502,9780130668394,1399,2001-01-01,,eng,400
6503,9780198596677,1237,1988-01-01,,eng,349
6504,9789731157481,567,2010-01-01,,rum,244
6505,9780080558318,581,2011-01-01,,eng,
6506,9789356029828,1233,2022-01-01,,,
6507,9780787247447,925,1998-01-01,,,
6508,9780748777044,1159,2005-01-01,,eng,335
6509,9780471240648,1925,1998-01-01,,eng,305
6510,9780387947754,1543,1996-01-01,,eng,396
6511,9781788837668,1274,2018-01-01,,,242
6512,9784274902918,805,,,,
6513,9780130226167,1399,2001-01-01,,eng,1008
6514,9783319361109,1543,2016-01-01,,,212
6515,9781484228371,26,2017-01-01,,,388
6516,9783834895196,1856,2008-01-01,,ger,283
6517,9780890068809,121,2001-01-01,,eng,512
6518,9789811315121,1543,2018-01-01,,,1041
6519,9781901657456,221,1999-01-01,,,224
6520,9780812045864,189,1991-01-01,,eng,138
6521,9788385262053,1217,1990-01-01,,eng,193
6522,9780444816924,1185,1993-01-01,,eng,382
6523,9781848166967,818,2011-01-01,,,
6524,9783030003524,1543,2018-01-01,,,
6525,9780201433050,56,1998-01-01,,,300
6526,9788177641103,77,2000-01-01,,eng,590
6527,9789506655730,1818,2009-01-01,,"por,spa",299
6528,9783540404088,1543,2003-01-01,,eng,1188
6529,9780262181822,998,1997-01-01,,eng,464
6530,9781430265177,26,2010-01-01,,eng,308
6531,9780471148593,1932,1996-01-01,,eng,498
6532,9781281197856,1737,2007-01-01,,eng,394
6533,9781032401553,142,2019-01-01,,eng,
6534,9781118592649,1925,2013-01-01,,eng,224
6535,9783642240737,1648,2012-01-01,,eng,319
6536,9781441977236,823,2013-01-01,,eng,215
6537,9784431681670,879,1991-01-01,,eng,178
6538,9780387718613,1648,2007-01-01,,eng,277
6539,9780750602525,294,1990-01-01,,eng,176
6540,9780133781182,1321,1995-01-01,,eng,418
6541,9781447106852,1543,2001-01-01,,eng,326
6542,9780333348062,1010,1982-01-01,,eng,379
6543,9780429104954,1737,2011-01-01,,eng,397
6544,9783540586180,1543,1994-01-01,,eng,479
6545,9783642133183,1648,2010-01-01,,eng,786
6546,9781430215806,26,2008-01-01,,eng,200
6547,9780596809300,1199,2009-01-01,,eng,288
6548,9781402036651,1543,2005-01-01,,eng,296
6549,9783540593409,1543,1995-01-01,,eng,221
6550,9783540575023,779,1934-01-01,,eng,559
6551,9781893115446,506,2002-01-01,,eng,527
6552,9783540760429,1543,1996-01-01,,eng,1010
6553,9780444897503,1185,1992-01-01,,eng,718
6554,9780136302452,1391,1992-01-01,,eng,513
6555,9780080473406,581,2003-01-01,,eng,576
6556,9780357117859,344,2019-01-01,,eng,1912
6557,9781876659813,784,2009-01-01,,eng,100
6558,9781611975635,1533,2019-01-01,,,453
6559,9781484258132,111,2020-01-01,,eng,360
6560,9780130419637,1391,2000-01-01,,eng,318
6561,9780977140060,1742,2009-01-01,,,
6562,9780849316357,309,1999-01-01,,eng,381
6563,9781906574048,1165,2008-01-01,,eng,568
6564,9780859347051,214,2009-01-01,,,
6565,9783642435249,823,2012-01-01,,eng,316
6566,9781441943033,1648,2006-01-01,,eng,450
6567,9783319085081,1648,2014-01-01,,eng,
6568,9783642409226,1543,2013-01-01,,eng,160
6569,9781627059183,1118,2017-01-01,,eng,
6570,9783642149801,1543,2010-01-01,,eng,563
6571,9783034894982,219,2001-01-01,,eng,265
6572,9783658157272,1663,2016-01-01,,eng,248
6573,9783642162046,1543,2010-01-01,,eng,151
6574,9783540619550,1543,1996-01-01,,eng,530
6575,9780201064469,56,1984-01-01,,fre,268
6576,9781000261028,55,1976-01-01,,eng,566
6577,9783642178412,1668,2011-01-01,,eng,300
6578,9783540658894,1648,1999-01-01,,eng,500
6579,9781581138382,17,2004-01-01,,eng,934
6580,9780897917704,18,1996-01-01,,eng,
6581,9781931448116,946,2009-01-01,,eng,524
6582,9781441998361,1652,2011-01-01,,eng,500
6583,9780897914529,1751,1991-01-01,,eng,167
6584,9780198824305,1237,2018-01-01,,eng,249
6585,9783319263618,1543,2013-01-01,,eng,578
6586,9783540479673,1648,2002-01-01,,eng,947
6587,9781461475972,1648,2013-01-01,,eng,285
6588,9781461454175,1543,2012-01-01,,eng,210
6589,9783642383243,823,2013-01-01,,eng,300
6590,9781447131977,1543,1992-01-01,,eng,376
6591,9780849393679,313,2006-01-01,,eng,539
6592,9781000417197,1737,2021-01-01,,eng,116
6593,9781000791525,1496,2017-01-01,,eng,280
6594,9780470125779,1929,2006-01-01,,eng,277
6595,9783110777055,2009,2020-01-01,,eng,
6596,9783031339783,1543,2020-01-01,,eng,321
6597,9780521354332,322,1990-01-01,,eng,210
6598,9783662500972,1543,2010-01-01,,eng,384
6599,9783642267987,1543,2010-01-01,,eng,347
6600,9781138033955,1737,2014-01-01,,eng,280
6601,9783642228308,1543,2011-01-01,,eng,198
6602,9783319806945,1543,2016-01-01,,eng,191
6603,9781461417545,1543,2013-01-01,,eng,176
6604,9781280243325,1979,2002-01-01,,eng,856
6605,9783540716143,1543,2007-01-01,,eng,288
6606,9783540732969,1543,2007-01-01,,eng,412
6607,9783642259241,1543,2011-01-01,,eng,200
6608,9788847016415,1543,2012-01-01,,,414
6609,9781281347862,1973,2005-01-01,,eng,231
6610,9781441916259,1543,2009-01-01,,eng,240
6611,9780738489414,870,2007-01-01,,eng,734
6612,9783642269882,1543,2011-01-01,,eng,231
6613,9781402022937,1543,2004-01-01,,eng,403
6614,9783030902346,1648,2013-01-01,,eng,762
6615,9781846282973,1543,2006-01-01,,eng,426
6616,9783540894117,272,2010-01-01,,eng,296
6617,9783642380037,1639,2013-01-01,,eng,327
6618,9780857294388,1648,2011-01-01,,eng,540
6619,9781461286257,1660,1996-01-01,,eng,250
6620,9783540760078,1543,1999-01-01,,eng,229
6621,9788792982094,1496,2013-01-01,,eng,391
6622,9780429079672,1737,1999-01-01,,eng,136
6623,9781118569689,1948,2012-01-01,,eng,320
6624,9780381982201,1166,1961-01-01,,eng,189
6625,9783642306853,1543,2012-01-01,,eng,52
6626,9783540522553,1543,1990-01-01,,eng,276
6627,9783540424888,1543,2001-01-01,,eng,217
6628,9780201565072,56,1994-01-01,,eng,312
6629,9780471143376,882,1996-01-01,,eng,509
6630,9780130158857,1391,1999-01-01,,eng,615
6631,9781904811558,1274,2005-01-01,,eng,248
6632,9781587205804,379,2016-01-01,,,1024
6633,9781259644535,1064,2016-01-01,,eng,288
6634,9783540643821,1543,1998-01-01,,eng,357
6635,9783662651698,1648,2014-01-01,,eng,641
6636,9783642153983,801,2010-01-01,,eng,
6637,9780321243492,55,2005-01-01,,eng,600
6638,9781412919487,1517,2005-01-01,,eng,416
6639,9780262133012,998,1994-01-01,,eng,359
6640,9781522547624,592,2018-01-01,,eng,440
6641,9780470689653,898,2010-01-01,,eng,222
6642,9781493902439,1543,2011-01-01,,eng,320
6643,9783642143588,272,2010-01-01,,eng,96
6644,9781447158288,823,2012-01-01,,eng,278
6645,9780133379334,1298,2014-01-01,,eng,1024
6646,9781785287343,1277,2015-01-01,,eng,523
6647,9781138338951,581,2016-01-01,,eng,504
6648,9781578201242,306,2003-01-01,,eng,294
6649,9780763714352,915,2001-01-01,,eng,826
6650,9780203998090,357,1998-01-01,,eng,366
6651,9783540689942,1543,2007-01-01,,eng,351
6652,9780123850829,580,2009-01-01,,eng,600
6653,9780470069158,1977,2006-01-01,,eng,380
6654,9780133746792,1537,1995-01-01,,eng,234
6655,9781558607989,581,2003-01-01,,eng,709
6656,9780470339831,1546,2008-01-01,,eng,385
6657,9780367870140,1506,2014-01-01,,eng,289
6658,9781000505610,1737,2021-01-01,,eng,184
6659,9780367487959,310,2021-01-01,,eng,312
6660,9781351989428,1737,2017-01-01,,eng,378
6661,9780429109782,1737,2011-01-01,,eng,520
6662,9783540333623,1648,2003-01-01,,eng,392
6663,9783642115301,1543,2010-01-01,,eng,200
6664,9781607527282,783,2008-01-01,,eng,314
6665,9783642226182,1543,2011-01-01,,eng,204
6666,9783540426752,1543,2002-01-01,,eng,570
6667,9781597492836,1709,2008-01-01,,eng,312
6668,9783540728689,1648,2007-01-01,,eng,428
6669,9781447156925,1543,2009-01-01,,eng,452
6670,9781489990013,1543,2007-01-01,,eng,286
6671,9783642142970,1543,2010-01-01,,eng,144
6672,9783540723646,1648,2004-01-01,,ger,481
6673,9781567502794,34,1997-01-01,,eng,670
6674,9781584502371,361,2003-01-01,,eng,416
6675,9781482244915,309,2018-01-01,,,392
6676,9780893916916,35,1990-01-01,,eng,193
6677,9780763779979,917,2010-01-01,,eng,
6678,9780538473927,415,2011-01-01,,eng,1104
6679,9781461406853,1543,2011-01-01,,eng,714
6680,9781587133602,379,2016-01-01,,,704
6681,9781849968867,1543,2004-01-01,,eng,370
6682,9783319055053,1644,2014-01-01,,eng,245
6683,9780792372868,1543,2000-01-01,,eng,244
6684,9780768680423,1307,2007-01-01,,eng,188
6685,9781593275273,1180,2014-01-01,,eng,336
6686,9783319037790,1543,2007-01-01,,eng,450
6687,9781586034559,1198,2004-01-01,,eng,373
6688,9780792306320,1543,1899-01-01,,eng,264
6689,9781484220108,26,2006-01-01,,eng,544
6690,9781439873410,1737,2013-01-01,,eng,323
6691,9780470367353,903,2004-01-01,,eng,
6692,9780273760184,1316,2002-01-01,,eng,
6693,9781502922380,427,2012-01-01,,eng,384
6694,9783540195689,1667,1990-01-01,,eng,169
6695,9783662488638,1543,2016-01-01,,eng,271
6696,9783662454015,1639,2014-01-01,,eng,756
6697,9780435456672,740,2003-01-01,,,445
6698,9783319812892,1543,2016-01-01,,eng,224
6699,9781489999542,1543,2010-01-01,,eng,138
6700,9781292040097,1316,2006-01-01,,eng,583
6701,9783709168677,1648,1997-01-01,,eng,266
6702,9781787120426,1277,2017-01-01,,eng,412
6703,9780128111291,581,2009-01-01,,eng,288
6704,9780521622776,322,1998-01-01,,eng,494
6705,9781138436343,1015,2006-01-01,,eng,352
6706,9783642203527,1640,2011-01-01,,eng,271
6707,9783540404316,1648,2003-01-01,,eng,429
6708,9780131041189,1391,1997-01-01,,eng,704
6709,9780134678870,250,1988-01-01,,eng,559
6710,9780387584300,1667,1994-01-01,,eng,893
6711,9780124773905,43,1991-01-01,,eng,512
6712,9780780301665,796,1991-01-01,,eng,
6713,9783540296393,1543,2005-01-01,,eng,649
6714,9780262071550,998,1994-01-01,,eng,558
6715,9780534204990,1263,1994-01-01,,eng,454
6716,9783540619888,1679,1996-01-01,,eng,243
6717,9780387555997,1667,1992-01-01,,eng,993
6718,9780130664945,1399,2001-01-01,,eng,432
6719,9781280484759,322,2011-01-01,,eng,493
6720,9781799844068,802,2020-01-01,,eng,
6721,9781119203452,1930,2010-01-01,,eng,368
6722,9781489988577,1644,2011-01-01,,eng,346
6723,9788132101000,1488,2009-01-01,,eng,169
6724,9783662455043,1543,2014-01-01,,eng,372
6725,9781000799392,1496,2017-01-01,,eng,250
6726,9781498789035,1737,2017-01-01,,eng,472
6727,9783642372063,1543,2013-01-01,,eng,262
6728,9781935504191,1742,2011-01-01,,,242
6729,9780938734659,839,1993-01-01,,eng,
6730,9780471599173,1926,1994-01-01,,eng,525
6731,9781461556992,1660,1998-01-01,,eng,94
6732,9780470749821,1925,2010-01-01,,eng,
6733,9783764371289,216,2004-01-01,,eng,554
6734,9783662447369,1543,2014-01-01,,eng,677
6735,9781280744327,30,2007-01-01,,eng,251
6736,9781118524244,1929,1987-01-01,,eng,470
6737,9781461220282,216,1998-01-01,,eng,509
6738,9783540002185,1543,2002-01-01,,eng,448
6739,9783642136221,1668,2011-01-01,,eng,197
6740,9781135681821,949,1999-01-01,,eng,240
6741,9781351187503,1737,2018-01-01,,eng,216
6742,9783319376844,1648,2014-01-01,,eng,255
6743,9780429147104,1737,2007-01-01,,eng,1056
6744,9781788629416,2009,2018-01-01,,eng,368
6745,9780340605561,751,1994-01-01,,eng,316
6746,9781783284689,1277,2014-01-01,,eng,312
6747,9781849695473,1277,2014-01-01,,eng,363
6748,9781441990129,1660,2004-01-01,,eng,213
6749,9781430249245,26,2012-01-01,,eng,
6750,9781461403722,1543,2011-01-01,,eng,435
6751,9783764328719,216,1995-01-01,,eng,361
6752,9780126962604,43,1990-01-01,,"fre,eng",220
6753,9780132913379,1404,1995-01-01,,eng,563
6754,9780137790340,1391,1989-01-01,,eng,166
6755,9780820498454,1355,2006-01-01,,eng,220
6756,9783642378294,1648,2013-01-01,,eng,802
6757,9780442237769,1842,1990-01-01,,eng,1014
6758,9781461555551,1660,1998-01-01,,eng,323
6759,9781882419227,7,1996-01-01,,eng,437
6760,9781430218081,26,2009-01-01,,eng,936
6761,9783642112171,1543,2010-01-01,,eng,206
6762,9783540449782,1543,2001-01-01,,eng,279
6763,9780444881359,1185,1992-01-01,,eng,386
6764,9780669292657,913,1996-01-01,,eng,876
6765,9781882419371,536,1931-01-01,,eng,360
6766,9780780321458,850,1995-01-01,,eng,192
6767,9780792386452,1543,1999-01-01,,eng,324
6768,9783540201021,1543,2003-01-01,,eng,397
6769,9781558606111,1119,1999-01-01,,eng,1838
6770,9783540223801,1543,2004-01-01,,eng,401
6771,9780792360100,933,1999-01-01,,eng,172
6772,9781402078941,933,2004-01-01,,eng,153
6773,9781623562724,232,2014-01-01,,eng,352
6774,9780136628774,1316,2019-01-01,,eng,320
6775,9781461218302,1543,1997-01-01,,eng,473
6776,9781471801846,753,2014-01-01,,eng,176
6777,9780585345499,1543,1996-01-01,,eng,181
6778,9780946536511,1845,1989-01-01,,eng,243
6779,9780883622452,670,1993-01-01,,eng,190
6780,9780471353492,885,2001-01-01,,eng,208
6781,9781848000087,1543,2007-01-01,,eng,160
6782,9780631185871,223,1992-01-01,,eng,222
6783,9781402038723,1543,2005-01-01,,eng,241
6784,9780080212906,1347,1977-01-01,,eng,642
6785,9783111869384,1898,1993-01-01,,eng,377
6786,9780792380139,933,1997-01-01,,eng,408
6787,9783319419190,1640,2011-01-01,,eng,525
6788,9781441984630,1543,2011-01-01,,eng,518
6789,9781787120730,1275,2017-01-01,,,378
6790,9783642291456,823,2012-01-01,,eng,544
6791,9781447165842,1543,2014-01-01,,eng,313
6792,9781482282818,1120,2004-01-01,,eng,676
6793,9780333436905,1572,1987-01-01,,eng,231
6794,9783540436744,1543,2002-01-01,,eng,579
6795,9783540779773,1543,2008-01-01,,eng,300
6796,9780817682996,1543,1994-01-01,,eng,484
6797,9783319072265,1543,2014-01-01,,,803
6798,9780547483160,769,2011-01-01,,eng,268
6799,9780521853620,322,2005-01-01,,eng,220
6800,9780367548506,1737,2021-01-01,,eng,72
6801,9780429645624,1737,2019-01-01,,eng,
6802,9783642264672,1543,2010-01-01,,eng,654
6803,9780071492744,1056,2002-01-01,,eng,237
6804,9780511543333,300,2004-01-01,,"und,eng",156
6805,9781787124776,1277,2018-01-01,,eng,540
6806,9781447162285,1543,2012-01-01,,eng,268
6807,9783319430768,1543,2016-01-01,,eng,184
6808,9780133691900,1391,1995-01-01,,eng,1056
6809,9780470285039,1941,2008-01-01,,eng,408
6810,9780137049684,1310,2009-01-01,,eng,134
6811,9783540454823,1543,2000-01-01,,eng,656
6812,9781430232094,498,2010-01-01,,eng,434
6813,9781447170655,1648,2013-01-01,,eng,265
6814,9783031017285,1117,2007-01-01,,eng,367
6815,9783642102936,1648,2010-01-01,,eng,409
6816,9780262131940,998,1981-01-01,,"fre,eng",223
6817,9780306460340,934,1999-01-01,,eng,592
6818,9780471566601,1438,1992-01-01,,eng,403
6819,9783790817522,1363,2002-01-01,,eng,210
6820,9781849965675,1543,2006-01-01,,eng,437
6821,9780136569435,1544,1996-01-01,,eng,1038
6822,9780619202187,414,2004-01-01,,eng,768
6823,9783540736134,1543,2007-01-01,,eng,250
6824,9781118552162,899,2014-01-01,,eng,304
6825,9780387311715,1543,2006-01-01,,eng,416
6826,9783642012495,1668,2010-01-01,,eng,319
6827,9783642258695,1543,2012-01-01,,,355
6828,9783642033636,1543,2009-01-01,,eng,519
6829,9781461203346,216,1993-01-01,,eng,172
6830,9783319228662,1543,2013-01-01,,,268
6831,9780585296166,998,1997-01-01,,eng,436
6832,9783642607677,879,1997-01-01,,eng,319
6833,9780534389130,287,2004-01-01,,eng,546
6834,9780123985361,580,2013-01-01,,,322
6835,9781447146025,1647,2012-01-01,,,278
6836,9780262071994,998,2000-01-01,,eng,307
6837,9780465085736,194,2014-01-01,,eng,294
6838,9783319099668,1648,2014-01-01,,eng,
6839,9789048160099,933,2002-01-01,,eng,147
6840,9781402042201,1543,2006-01-01,,eng,502
6841,9783540411833,1543,2000-01-01,,eng,314
6842,9783540440093,1543,2002-01-01,,eng,277
6843,9781447140214,1543,2012-01-01,,eng,98
6844,9781418837716,414,2006-01-01,,eng,440
6845,9783319553085,1543,2017-01-01,,,186
6846,9781609604769,803,2011-01-01,,eng,359
6847,9780367572891,1737,2017-01-01,,eng,268
6848,9781774634844,108,2020-01-01,,eng,339
6849,9783319115207,1543,2010-01-01,,eng,628
6850,9780738492025,787,2005-01-01,,eng,491
6851,9783642425257,1668,2010-01-01,,eng,274
6852,9781846289590,1543,2007-01-01,,eng,196
6853,9783540459569,1543,2006-01-01,,ger,313
6854,9783540317586,1543,2006-01-01,,eng,171
6855,9780080522623,579,2003-01-01,,eng,402
6856,9783319530062,1644,2017-01-01,,eng,372
6857,9781908043405,1223,2012-01-01,,eng,
6858,9781461359333,1543,1995-01-01,,eng,138
6859,9789812830753,1973,1995-01-01,,eng,
6860,9780131202481,1260,1992-01-01,,eng,
6861,9783642743030,1640,1989-01-01,,eng,383
6862,9780471495178,1929,2001-01-01,,eng,304
6863,9783728124333,748,1996-01-01,,eng,260
6864,9781430260028,26,2012-01-01,,eng,
6865,9783540330967,1543,2006-01-01,,eng,343
6866,9783540400165,1648,2000-01-01,,eng,367
6867,9780387334158,1543,2006-01-01,,eng,257
6868,9780123851277,581,2011-01-01,,eng,433
6869,9781619421004,1193,2011-01-01,,eng,
6870,9783540753988,1639,2008-01-01,,eng,419
6871,9780792399490,933,1997-01-01,,eng,112
6872,9780792380450,1543,1997-01-01,,eng,191
6873,9780387943688,1667,1995-01-01,,eng,311
6874,9781461313816,1660,1996-01-01,,eng,282
6875,9783540547129,1667,1991-01-01,,"und,eng",479
6876,9780387982571,1543,1997-01-01,,eng,158
6877,9780792397892,933,1996-01-01,,eng,113
6878,9780387540092,1667,1991-01-01,,eng,395
6879,9783540246527,1543,2004-01-01,,eng,241
6880,9783642423802,1543,2010-01-01,,eng,279
6881,9780534231484,1266,1997-01-01,,eng,480
6882,9780132681520,1391,1998-01-01,,eng,811
6883,9781138412422,1737,2000-01-01,,eng,374
6884,9783030930998,1639,2007-01-01,,eng,407
6885,9783540068990,1667,1971-01-01,,ger,
6886,9781441967930,1543,2010-01-01,,eng,208
6887,9783540456780,1543,2002-01-01,,eng,780
6888,9781849962865,1543,2010-01-01,,eng,440
6889,9781785289583,1277,2015-01-01,,eng,
6890,9780131968417,922,1983-01-01,,eng,358
6891,9780201734102,56,2001-01-01,,eng,321
6892,9780133072525,51,2005-01-01,,eng,864
6893,9781493905362,1648,2014-01-01,,eng,289
6894,9781595939470,128,2008-01-01,,eng,576
6895,9781475752601,1543,1997-01-01,,eng,561
6896,9780262303484,998,1992-01-01,,eng,240
6897,9781466521506,308,2009-01-01,,eng,348
6898,9780387095103,1543,2008-01-01,,eng,460
6899,9781000020717,1737,2019-01-01,,eng,262
6900,9783540406433,1543,2003-01-01,,eng,261
6901,9783540208358,1543,2004-01-01,,eng,372
6902,9780120884773,1120,2004-01-01,,eng,496
6903,9780387487427,1648,2007-01-01,,eng,258
6904,9781439825341,1738,2012-01-01,,eng,
6905,9780201895407,56,1997-01-01,,eng,376
6906,9781136672354,1737,2012-01-01,,eng,456
6907,9780511825248,322,2000-01-01,,eng,352
6908,9781447127369,1543,2012-01-01,,eng,304
6909,9781139153799,322,2011-01-01,,eng,340
6910,9780077096731,1056,2001-01-01,,eng,360
6911,9781447136767,1543,2001-01-01,,eng,224
6912,9780256218480,1081,1997-01-01,,eng,300
6913,9780131995284,1391,2006-01-01,,eng,651
6914,9780367738174,1737,2012-01-01,,eng,288
6915,9780321617897,59,2009-01-01,,eng,334
6916,9783642103926,1543,2009-01-01,,eng,216
6917,9783642166921,1543,2010-01-01,,,645
6918,9781402076008,933,2003-01-01,,eng,161
6919,9780911801507,1617,1989-01-01,,eng,260
6920,9780125863308,43,1990-01-01,,eng,178
6921,9783540204497,1543,2003-01-01,,eng,397
6922,9781861000606,1331,1997-01-01,,eng,565
6923,9780766838949,468,2003-01-01,,eng,506
6924,9780072974164,1077,2008-01-01,,eng,416
6925,9781932504057,1429,2006-01-01,,eng,854
6926,9781571691187,1897,1997-01-01,,eng,894
6927,9780262650601,998,2001-01-01,,eng,440
6928,9780619033613,414,2001-01-01,,eng,544
6929,9780132303507,1391,1997-01-01,,eng,486
6930,9780789500458,246,1995-01-01,,eng,294
6931,9780333589373,1008,1993-01-01,,eng,254
6932,9780136302940,886,1994-01-01,,eng,295
6933,9781874416180,1978,1994-01-01,,eng,564
6934,9780201624953,63,1994-01-01,,eng,514
6935,9781119745815,1930,2021-01-01,,eng,
6936,9780596522087,1205,2010-01-01,,eng,
6937,9781846289637,1543,2007-01-01,,eng,
6938,9780201311846,51,1998-01-01,,eng,783
6939,9780070377745,1056,1996-01-01,,eng,257
6940,9780201331332,56,1997-01-01,,eng,314
6941,9781789139495,1275,2018-01-01,,,312
6942,9781788478311,1274,2018-01-01,,,472
6943,9780470059029,1925,2007-01-01,,eng,636
6944,9781484222379,26,2016-01-01,,,62
6945,9781784391799,1274,2015-01-01,,,262
6946,9781785889103,1275,2016-01-01,,,393
6947,9781484200179,26,2014-01-01,,,316
6948,9780023598524,1391,1997-01-01,,eng,526
6949,9780760010761,414,1999-01-01,,eng,808
6950,9783030042981,1543,2019-01-01,,,559
6951,9780849326639,309,1996-01-01,,eng,343
6952,9780201633566,1316,,,eng,608
6953,9788417429874,1820,2019-01-01,,spa,173
6954,9781484229187,26,2017-01-01,,,128
6955,9780471823117,1925,1986-01-01,,eng,381
6956,9780672226120,687,1988-01-01,,eng,543
6957,9780894332609,1359,1987-01-01,,eng,293
6958,9780471415077,899,2000-01-01,,eng,
6959,9783642006166,1640,2009-01-01,,eng,
6960,9780137080205,1391,2011-01-01,,eng,
6961,9780444195685,91,1973-01-01,,eng,146
6962,9781484225431,26,2016-01-01,,,211
6963,9780894331008,1246,1981-01-01,,eng,275
6964,9780534392765,414,2002-01-01,,eng,600
6965,9780534199920,1892,1993-01-01,,eng,283
6966,9780306470288,1648,2000-01-01,,eng,224
6967,9783540839002,1543,2007-01-01,,eng,448
6968,9783540365976,1648,2006-01-01,,eng,434
6969,9781475775891,1543,1998-01-01,,eng,382
6970,9781430213505,1648,2006-01-01,,eng,648
6971,9780071835206,1060,2015-01-01,,eng,352
6972,9781587142451,379,2006-01-01,,eng,576
6973,9783642227639,1543,2011-01-01,,eng,384
6974,9781351722537,1737,2016-01-01,,eng,380
6975,9783662035894,1648,1998-01-01,,eng,173
6976,9781843341789,354,2006-01-01,,"eng,und",252
6977,9783642423383,801,2010-01-01,,eng,329
6978,9781669000112,325,2011-01-01,,eng,62
6979,9780471873396,898,2001-01-01,,eng,536
6980,9783319349190,1543,2014-01-01,,eng,210
6981,9781446285763,1548,2017-01-01,,eng,336
6982,9781446269718,1521,2014-01-01,,eng,256
6983,9780123694041,1120,2005-01-01,,eng,506
6984,9783540476993,1543,2006-01-01,,eng,438
6985,9783642153280,1543,2011-01-01,,eng,411
6986,9783319474212,1543,2016-01-01,,,407
6987,9781430265719,112,2014-01-01,,,272
6988,9781461522072,1660,1995-01-01,,eng,280
6989,9781447110231,1646,1996-01-01,,eng,419
6990,9781461266013,821,2002-01-01,,eng,599
6991,9780135621400,1404,1984-01-01,,eng,393
6992,9781280269394,1929,2004-01-01,,eng,392
6993,9780763737948,913,1996-01-01,,eng,876
6994,9780321159915,56,1999-01-01,,eng,879
6995,9780133047387,59,2010-01-01,,eng,480
6996,9780128182482,580,2019-01-01,,eng,167
6997,9780673380579,1579,1988-01-01,,eng,235
6998,9783642822872,1640,1984-01-01,,eng,
6999,9781461508977,1649,2002-01-01,,eng,228
7000,9780521683371,300,2006-01-01,,"eng,und",294
7001,9780817634834,216,1990-01-01,,eng,350
7002,9783540467847,1543,1999-01-01,,eng,414
7003,9780791324141,309,1995-01-01,,eng,852
7004,9783540431893,1543,2002-01-01,,eng,293
7005,9780735691278,1103,2006-01-01,,eng,564
7006,9783540250173,1543,2005-01-01,,eng,439
7007,9781439079454,415,2011-01-01,,eng,
7008,9780596003845,1199,2002-01-01,,eng,277
7009,9781584888222,356,2009-01-01,,eng,
7010,9780262192644,998,1987-01-01,,eng,585
7011,9780596002350,1204,2002-01-01,,eng,648
7012,9780452284395,1351,2002-01-01,,eng,294
7013,9789400734692,1648,2011-01-01,,eng,264
7014,9780387952291,1652,2001-01-01,,eng,476
7015,9780792322955,1543,1993-01-01,,eng,219
7016,9780387281100,1543,2005-01-01,,eng,326
7017,9780735713901,1169,2004-01-01,,eng,504
7018,9781617292736,1026,2017-01-01,,,472
7019,9781491980552,1201,2017-01-01,,,466
7020,9781430265382,26,2014-01-01,,,444
7021,9781849687904,1274,2013-01-01,,,404
7022,9781475760897,1660,1998-01-01,,eng,161
7023,9783031773662,1543,2024-01-01,,eng,
7024,9780201550245,56,1990-01-01,,eng,226
7025,9788122418583,1163,2006-01-01,,eng,
7026,9781849689083,1276,2013-01-01,,,
7027,9781558604742,1120,1998-01-01,,eng,336
7028,9780201700541,55,2001-01-01,,eng,288
7029,9781617290176,1025,2012-01-01,,eng,434
7030,9783540457503,1668,2002-01-01,,eng,
7031,9789400933842,879,1987-01-01,,eng,254
7032,9781482275780,1737,2001-01-01,,eng,504
7033,9783540325079,1543,2006-01-01,,eng,301
7034,9781439800898,142,2011-01-01,,eng,406
7035,9780071812436,1062,2013-01-01,,,
7036,9780805849943,1737,2005-01-01,,eng,280
7037,9780764517952,1925,2003-01-01,,eng,826
7038,9781590598320,2012,2007-01-01,,eng,450
7039,9780821841518,95,2007-01-01,,eng,388
7040,9780387952505,1543,2002-01-01,,eng,432
7041,9780442019921,355,1996-01-01,,,
7042,9783486781328,461,2014-01-01,,ger,378
7043,9781600218101,267,2008-01-01,,eng,374
7044,9780132122719,1327,2011-01-01,,eng,495
7045,9785020303447,1839,1994-01-01,,rus,413
7046,9780869818107,1829,1993-01-01,,eng,304
7047,9780792347224,932,1997-01-01,,eng,419
7048,9783764337001,216,1993-01-01,,eng,253
7049,9780412456503,355,1992-01-01,,eng,306
7050,9780521786102,322,2000-01-01,,eng,160
7051,9780521006552,322,2001-01-01,,eng,128
7052,9789401125925,1651,1992-01-01,,eng,232
7053,9780201883367,51,1999-01-01,,eng,640
7054,9783319439938,1543,2016-01-01,,,208
7055,9783540731146,1668,2008-01-01,,ger,
7056,9780387348056,1668,1990-01-01,,eng,
7057,9783540391180,1668,1988-01-01,,eng,
7058,9783540496779,1668,1999-01-01,,eng,
7059,9780155176911,696,1986-01-01,,eng,589
7060,9780135634042,1391,1990-01-01,,eng,486
7061,9780136067122,1302,2009-01-01,,eng,379
7062,9781449976613,426,2010-01-01,,,198
7063,9783834891686,635,2007-01-01,,ger,
7064,9783834894328,636,2008-01-01,,ger,
7065,9780030032783,1560,1992-01-01,,eng,720
7066,9783540309086,1668,2007-01-01,,ger,
7067,9780673462879,710,1993-01-01,,eng,555
7068,9780673181916,1579,1987-01-01,,eng,482
7069,9780470310656,1929,1994-01-01,,eng,416
7070,9781880132111,1575,1992-01-01,,eng,114
7071,9780818680670,849,1997-01-01,,eng,541
7072,9781447153696,1543,2013-01-01,,eng,179
7073,9781108635349,322,2019-01-01,,eng,450
7074,9781526445766,1521,2014-01-01,,eng,1104
7075,9781567202182,1453,1999-01-01,,eng,376
7076,9781627058698,1118,2017-01-01,,eng,
7077,9781681732343,1118,2016-01-01,,eng,
7078,9781681734101,1644,2018-01-01,,eng,158
7079,9781506374673,1520,1999-01-01,,eng,344
7080,9781306323338,1517,2000-01-01,,eng,192
7081,9781394325498,1929,2024-01-01,,eng,240
7082,9781424425389,797,2008-01-01,,eng,482
7083,9783642035739,1543,2006-01-01,,eng,959
7084,9780791800980,89,1996-01-01,,eng,1127
7085,9781852332976,1543,2001-01-01,,eng,324
7086,9783540451433,1648,2003-01-01,,eng,278
7087,9781848213630,1925,2012-01-01,,eng,
7088,9780596555085,1204,2007-01-01,,eng,357
7089,9781638352617,1028,2012-01-01,,eng,552
7090,9781567500332,36,1993-01-01,,eng,249
7091,9781580533706,120,2003-01-01,,eng,327
7092,9783642249433,1543,2011-01-01,,eng,272
7093,9781101174357,482,1996-01-01,,eng,149
7094,9780444818164,573,1995-01-01,,eng,785
7095,9780991104642,1902,2016-01-01,,eng,499
7096,9781580863742,1831,2002-01-01,,eng,64
7097,9780321468000,60,2005-01-01,,eng,1008
7098,9781259584619,1071,2015-01-01,,eng,832
7099,9780133798630,59,2015-01-01,,eng,228
7100,9781447173892,1646,2013-01-01,,eng,496
7101,9781849694698,1274,2013-01-01,,eng,118
7102,9780275926069,1387,1988-01-01,,eng,345
7103,9783540465836,1648,2000-01-01,,eng,139
7104,9780136503033,1316,2021-01-01,,eng,480
7105,9781430212713,26,2005-01-01,,eng,360
7106,9781598299533,1118,2009-01-01,,eng,512
7107,9781468404111,879,1991-01-01,,eng,160
7108,9781447141204,1646,2012-01-01,,eng,364
7109,9789811093173,1543,2016-01-01,,,161
7110,9783662450789,1648,2014-01-01,,eng,179
7111,9783319946399,1543,2017-01-01,,,517
7112,9781461286004,1660,1996-01-01,,eng,414
7113,9781447142164,823,2012-01-01,,eng,122
7114,9788184244328,77,2008-01-01,,eng,111
7115,9798184242712,77,2007-01-01,,eng,276
7116,9783642081514,1648,2010-01-01,,eng,246
7117,9783642134289,1543,2010-01-01,,eng,580
7118,9783110148084,1877,1994-01-01,,ger,882
7119,9780521418836,322,1993-01-01,,eng,197
7120,9780471353812,882,1999-01-01,,eng,197
7121,9780072130249,1059,2000-01-01,,eng,246
7122,9780429162886,1737,2015-01-01,,eng,221
7123,9783319046372,1543,2014-01-01,,eng,100
7124,9780897912693,128,1988-01-01,,eng,339
7125,9780321534491,1316,2007-01-01,,eng,825
7126,9781590597231,26,2006-01-01,,eng,592
7127,9781107114562,322,2016-01-01,,eng,150
7128,9780387965741,1667,1988-01-01,,eng,612
7129,9780521103589,322,1987-01-01,,eng,200
7130,9783540338642,1543,2006-01-01,,eng,224
7131,9780321176608,51,2004-01-01,,eng,440
7132,9783540208648,1543,2004-01-01,,eng,316
7133,9780131642522,1404,1985-01-01,,eng,421
7134,9780136097044,1391,2011-01-01,,eng,719
7135,9780131018600,1329,2004-01-01,,eng,783
7136,9781461433286,823,2012-01-01,,eng,311
7137,9783112573426,380,1987-01-01,,eng,221
7138,9780367732325,1737,2012-01-01,,eng,666
7139,9781491967881,1199,2016-01-01,,eng,190
7140,9783319727509,1543,2013-01-01,,eng,277
7141,9781423927006,414,2008-01-01,,eng,394
7142,9781285082387,414,2012-01-01,,eng,536
7143,9781285082356,414,2012-01-01,,eng,904
7144,9781285082363,414,2012-01-01,,eng,704
7145,9781285162874,414,2013-01-01,,eng,512
7146,9783540207818,1543,2004-01-01,,eng,391
7147,9781439080146,414,2010-01-01,,,
7148,9783642276590,1543,2012-01-01,,,
7149,9781439079423,414,2010-01-01,,,
7150,9780691147543,1416,2011-01-01,,"eng,ger",355
7151,9780471198277,898,1998-01-01,,eng,332
7152,9780130962775,1399,1998-01-01,,eng,243
7153,9780195079203,1237,1997-01-01,,eng,458
7154,9789048193523,1655,2011-01-01,,eng,
7155,9780125105606,42,1993-01-01,,eng,480
7156,9780429645792,1737,2019-01-01,,eng,234
7157,9781928994565,1707,2002-01-01,,eng,608
7158,9781441960504,1543,2010-01-01,,eng,1167
7159,9781000061031,1737,2020-01-01,,eng,152
7160,9782841771288,1204,1999-01-01,,eng,892
7161,9783030555825,823,2012-01-01,,eng,402
7162,9783642274138,1640,2012-01-01,,eng,503
7163,9780429664106,1737,2020-01-01,,eng,352
7164,9789810245184,1973,2001-01-01,,eng,
7165,9783540729631,1543,2007-01-01,,eng,419
7166,9780387333755,1543,2007-01-01,,eng,338
7167,9781441997272,1543,2011-01-01,,eng,198
7168,9780792378358,1660,2000-01-01,,eng,410
7169,9780367859459,1737,2020-01-01,,eng,198
7170,9781138989771,1652,1992-01-01,,eng,410
7171,9781119971511,1925,2011-01-01,,eng,387
7172,9781317131366,309,2013-01-01,,eng,330
7173,9780131792920,1260,1994-01-01,,eng,146
7174,9780792395287,932,1994-01-01,,eng,214
7175,9783540075424,1543,1977-01-01,,eng,638
7176,9783540627739,1543,1997-01-01,,fre,725
7177,9781785884504,1275,2016-01-01,,,286
7178,9780470049716,1945,2006-01-01,,eng,200
7179,9783319370934,1543,2008-01-01,,,304
7180,9788793379909,1496,2017-01-01,,eng,200
7181,9783642236440,1640,2010-01-01,,eng,468
7182,9781846284946,1543,2007-01-01,,eng,147
7183,9783211836033,1543,2001-01-01,,eng,351
7184,9784431681885,879,1992-01-01,,eng,290
7185,9783540458487,1648,2002-01-01,,eng,524
7186,9780323414876,1130,1997-01-01,,eng,682
7187,9780792385653,1543,1999-01-01,,eng,226
7188,9780789724687,1439,2000-01-01,,eng,1063
7189,9783642486203,1667,1991-01-01,,eng,365
7190,9781592292639,643,2006-01-01,,eng,254
7191,9783662447765,1543,2014-01-01,,eng,869
7192,9781430230519,111,2010-01-01,,eng,349
7193,9781430217336,26,2008-01-01,,eng,544
7194,9781590596609,26,2006-01-01,,eng,240
7195,9780429069284,314,2015-01-01,,eng,290
7196,9781118029787,885,2010-01-01,,eng,520
7197,9783642156915,1543,2010-01-01,,eng,256
7198,9781852337964,1543,2004-01-01,,eng,390
7199,9783642049620,823,2009-01-01,,eng,656
7200,9789401007528,1651,2001-01-01,,eng,284
7201,9780585048444,1754,1994-01-01,,eng,554
7202,9783899429862,1803,2010-01-01,,ger,313
7203,9781590595879,26,2006-01-01,,eng,552
7204,9780152061852,694,2005-01-01,,"ger,eng",536
7205,9781315356037,1737,2016-01-01,,eng,276
7206,9783540640400,1543,1998-01-01,,eng,217
7207,9781884842108,1534,1995-01-01,,eng,542
7208,9780997051377,1132,2015-01-01,,eng,336
7209,9783319382982,1543,2014-01-01,,eng,168
7210,9780262621588,1754,2000-01-01,,eng,246
7211,9783642238680,1640,2012-01-01,,eng,656
7212,9780387368429,1543,2006-01-01,,eng,148
7213,9781617291166,1026,2012-01-01,,,
7214,9780854048168,1512,2003-01-01,,eng,192
7215,9780201310160,51,1998-01-01,,eng,222
7216,9781848821705,1543,2009-01-01,,eng,372
7217,9780534133290,1766,1991-01-01,,eng,61
7218,9783642385261,1640,2013-01-01,,eng,416
7219,9783319981123,1543,2014-01-01,,,625
7220,9780838907504,93,1999-01-01,,eng,163
7221,9783642214509,1543,2011-01-01,,eng,660
7222,9798214001906,414,2017-01-01,,eng,784
7223,9783319075570,1543,2014-01-01,,eng,432
7224,9783319095318,1648,2014-01-01,,eng,
7225,9783642107726,1543,2009-01-01,,eng,502
7226,9781441938855,1648,2005-01-01,,eng,605
7227,9780857299987,1543,2011-01-01,,eng,645
7228,9780080489797,581,2007-01-01,,eng,344
7229,9780367431273,1737,1974-01-01,,eng,272
7230,9781440343834,604,2015-01-01,,eng,239
7231,9783642229367,1672,2011-01-01,,eng,720
7232,9781578517084,727,2000-01-01,,eng,325
7233,9783642403125,1639,2013-01-01,,eng,854
7234,9781119121077,1930,2016-01-01,,eng,592
7235,9783030267650,1543,2014-01-01,,eng,872
7236,9783642280764,1640,2012-01-01,,eng,
7237,9780750679497,1173,2006-01-01,,,
7238,9780429091629,310,2015-01-01,,eng,347
7239,9789811324222,1648,2014-01-01,,eng,250
7240,9781475769104,1543,2002-01-01,,eng,307
7241,9783642426605,823,2013-01-01,,eng,285
7242,9783642118005,1640,2010-01-01,,eng,
7243,9783540329749,1648,2006-01-01,,eng,335
7244,9783540855033,1543,2008-01-01,,eng,375
7245,9780415156929,1506,2000-01-01,,eng,297
7246,9780895884442,1546,1988-01-01,,eng,520
7247,9780470217030,1023,1990-01-01,,eng,194
7248,9781590590614,26,2002-01-01,,eng,234
7249,9780130938633,1307,2001-01-01,,eng,384
7250,9783030490614,1543,2020-01-01,,,756
7251,9780124104044,581,2013-01-01,,eng,128
7252,9780471807346,1925,1985-01-01,,eng,499
7253,9781280935176,1929,2006-01-01,,eng,278
7254,9783319054469,1644,2014-01-01,,eng,202
7255,9780470552674,1929,2009-01-01,,eng,150
7256,9780072944846,327,2003-01-01,,eng,32
7257,9783540786368,823,2012-01-01,,eng,180
7258,9780070655232,1056,1987-01-01,,eng,620
7259,9780195113150,1237,1998-01-01,,eng,260
7260,9780262050487,998,1993-01-01,,eng,274
7261,9781138106215,142,2018-01-01,,eng,239
7262,9780375720888,1471,2004-01-01,,eng,720
7263,9781484224625,26,2017-01-01,,,596
7264,9783662457719,1543,2014-01-01,,eng,363
7265,9781447164463,1648,2014-01-01,,eng,164
7266,9783662476666,1648,2015-01-01,,eng,717
7267,9783540710936,1543,2005-01-01,,eng,408
7268,9781402045523,1543,2006-01-01,,eng,297
7269,9781449313821,1201,2011-01-01,,eng,31
7270,9783540302865,1543,2005-01-01,,eng,215
7271,9780321492159,1316,2008-01-01,,eng,557
7272,9798173665119,1591,2002-01-01,,eng,282
7273,9783642710735,1640,1986-01-01,,eng,201
7274,9780387355801,1660,2000-01-01,,eng,281
7275,9781590596319,534,2006-01-01,,eng,696
7276,9781590598498,26,2007-01-01,,eng,100
7277,9780387335568,1543,2006-01-01,,eng,2050
7278,9780672270659,687,1987-01-01,,eng,225
7279,9780585314037,1648,2007-01-01,,eng,133
7280,9783662529935,1648,2016-01-01,,eng,603
7281,9780893915278,35,1988-01-01,,eng,176
7282,9781849699310,1277,2013-01-01,,eng,
7283,9781280277467,1928,2005-01-01,,eng,280
7284,9781280277658,1928,2005-01-01,,eng,456
7285,9781784397852,1277,2015-01-01,,eng,170
7286,9781930934054,930,2001-01-01,,eng,384
7287,9781608451128,1118,2016-01-01,,eng,
7288,9789813083707,1543,1998-01-01,,eng,320
7289,9781782175025,1277,2015-01-01,,eng,
7290,9780871504296,1267,1980-01-01,,eng,476
7291,9780521403474,322,1992-01-01,,eng,372
7292,9789811065224,1543,2017-01-01,,,73
7293,9780470244562,1948,2005-01-01,,eng,480
7294,9781461287742,1652,1994-01-01,,eng,253
7295,9780333992814,1281,2003-01-01,,eng,400
7296,9781558604476,1120,1997-01-01,,eng,400
7297,9783319218182,1543,2015-01-01,,eng,306
7298,9781475756760,1543,2010-01-01,,eng,192
7299,9783319321158,1543,2016-01-01,,eng,76
7300,9789400700932,272,2010-01-01,,eng,204
7301,9783319559100,1543,2017-01-01,,,723
7302,9783319458526,1543,2017-01-01,,,483
7303,9788770220996,1496,2020-01-01,,eng,350
7304,9781306314138,390,2013-01-01,,eng,161
7305,9783319859774,1543,2017-01-01,,,146
7306,9783540219910,1648,2005-01-01,,ger,326
7307,9783642829451,1640,1986-01-01,,eng,506
7308,9783642256721,1640,2012-01-01,,eng,233
7309,9783642464928,1640,1984-01-01,,eng,
7310,9781461236061,1543,1989-01-01,,eng,244
7311,9783319930480,1543,2018-01-01,,,268
7312,9789355517821,2009,2024-01-01,,eng,314
7313,9780387195742,1543,1991-01-01,,eng,197
7314,9780470393673,807,2007-01-01,,eng,496
7315,9783790818291,1363,2001-01-01,,eng,232
7316,9783642585890,1543,1999-01-01,,eng,389
7317,9789812794833,1970,2004-01-01,,eng,413
7318,9783540664628,1648,1999-01-01,,eng,377
7319,9783540717881,1648,2007-01-01,,eng,302
7320,9780080488844,581,2006-01-01,,eng,738
7321,9783642136917,1543,2010-01-01,,eng,216
7322,9783540250067,1543,2005-01-01,,eng,306
7323,9783540364924,1667,2003-01-01,,eng,405
7324,9781581135886,128,2003-01-01,,eng,287
7325,9780724803019,1404,1988-01-01,,eng,259
7326,9780262692151,1754,1996-01-01,,eng,393
7327,9780314774606,1917,1991-01-01,,eng,526
7328,9781581130188,128,1998-01-01,,eng,209
7329,9783540602200,1543,1995-01-01,,eng,517
7330,9781556224355,1962,1994-01-01,,eng,146
7331,9780262100762,998,1998-01-01,,eng,1098
7332,9780412377907,358,1990-01-01,,eng,263
7333,9780120121502,43,1999-01-01,,eng,800
7334,9783898256056,493,2003-01-01,,eng,218
7335,9780769530512,797,2007-01-01,,eng,553
7336,9783540460145,1543,2002-01-01,,eng,528
7337,9781581137415,129,2004-01-01,,eng,1
7338,9783540422730,1543,2001-01-01,,eng,310
7339,9783540571551,1667,1993-01-01,,eng,634
7340,9780135633700,545,1991-01-01,,eng,182
7341,9780314089823,1918,1966-01-01,,eng,78
7342,9783896491688,725,1997-01-01,,eng,132
7343,9780387198231,1667,1993-01-01,,eng,243
7344,9785880700424,1994,2000-01-01,,rus,662
7345,9783540431008,1648,2002-01-01,,eng,257
7346,9783540005629,1543,2003-01-01,,eng,261
7347,9783540626169,1543,1997-01-01,,eng,613
7348,9781444128512,752,2010-01-01,,eng,
7349,9780471692645,898,2004-01-01,,eng,880
7350,9781441966544,1543,2010-01-01,,,154
7351,9780412718809,356,1995-01-01,,eng,643
7352,9780123742704,577,2008-01-01,,eng,720
7353,9781430217527,26,2008-01-01,,eng,324
7354,9780072125184,1232,2000-01-01,,eng,414
7355,9781558601284,25,1992-01-01,,eng,250
7356,9781461318828,879,1987-01-01,,eng,650
7357,9781322638263,1736,2014-01-01,,eng,434
7358,9780203080658,1506,2013-01-01,,eng,192
7359,9781461497684,1543,2006-01-01,,eng,365
7360,9780470246412,1929,2004-01-01,,eng,456
7361,9789400726536,1543,2012-01-01,,eng,171
7362,9780387261607,1652,2005-01-01,,eng,222
7363,9781489999061,1656,2008-01-01,,eng,276
7364,9780792335979,1543,1995-01-01,,eng,332
7365,9781615420926,1784,2010-01-01,,eng,165
7366,9783110857573,2009,1987-01-01,,ger,217
7367,9783642955662,1543,1986-01-01,,ger,140
7368,9780751364309,525,2000-01-01,,,72
7369,9781590597903,26,2007-01-01,,eng,300
7370,9780521775717,322,2000-01-01,,eng,278
7371,9781411634404,981,2005-01-01,,eng,194
7372,9783642343070,1543,2004-01-01,,ger,495
7373,9783540416357,1648,2001-01-01,,eng,369
7374,9781482286120,1737,2010-01-01,,eng,256
7375,9780818645792,798,1985-01-01,,eng,353
7376,9781788992596,1277,2019-01-01,,eng,280
7377,9781136319907,1737,2013-01-01,,eng,172
7378,9781789137750,2009,2019-01-01,,eng,136
7379,9781420070569,1737,2009-01-01,,eng,329
7380,9781498718684,1737,2016-01-01,,eng,304
7381,9780127557748,581,1999-01-01,,eng,240
7382,9783319211459,1648,2015-01-01,,eng,283
7383,9783319212159,1648,2015-01-01,,eng,209
7384,9783319221779,1648,2015-01-01,,eng,395
7385,9783540459026,1648,2006-01-01,,eng,992
7386,9783319527086,1648,2007-01-01,,eng,359
7387,9789810237714,1974,1999-01-01,,eng,260
7388,9780080507262,1120,1999-01-01,,eng,1154
7389,9783319253930,1648,2015-01-01,,eng,510
7390,9783319190235,1543,2015-01-01,,eng,308
7391,9781102151784,1737,1997-01-01,,eng,
7392,9781439882627,1737,2013-01-01,,eng,
7393,9780321711373,56,2011-01-01,,eng,441
7394,9780964150300,412,1994-01-01,,eng,316
7395,9780080160078,580,1971-01-01,,eng,
7396,9781864486179,1350,1999-01-01,,eng,215
7397,9789812814906,1973,1994-01-01,,eng,
7398,9789812812421,1973,1991-01-01,,eng,
7399,9783031303463,1543,2023-01-01,,eng,
7400,9789812819918,1973,1997-01-01,,eng,
7401,9780816077984,836,2011-01-01,,eng,
7402,9798886979336,1193,2023-01-01,,eng,
7403,9781003040644,1737,2000-01-01,,eng,376
7404,9783030252199,1648,2016-01-01,,eng,
7405,9783662467053,1639,2015-01-01,,eng,
7406,9780816079728,837,2010-01-01,,eng,
7407,9783662003435,1363,2013-01-01,,eng,
7408,9781461497608,1543,2006-01-01,,eng,445
7409,9783540328490,1648,2006-01-01,,eng,
7410,9789811012990,1658,2015-01-01,,eng,
7411,9783642067532,1639,2008-01-01,,eng,
7412,9783319313115,1543,2016-01-01,,eng,
7413,9783642544262,1639,2014-01-01,,eng,
7414,9780471753261,1929,2005-01-01,,eng,
7415,9780340968376,750,2007-01-01,,eng,448
7416,9781071602386,1543,2020-01-01,,eng,
7417,9783790818574,1363,2010-01-01,,eng,
7418,9781536184662,1193,2020-01-01,,eng,
7419,9783662509425,1648,2013-01-01,,eng,
7420,9780130658555,1595,1992-01-01,,eng,200
7421,9781850913689,640,1988-01-01,,eng,208
7422,9781783282715,1277,2013-01-01,,eng,
7423,9783642615504,1640,1988-01-01,,eng,133
7424,9781461540083,1660,1991-01-01,,eng,153
7425,9784431683094,1645,1993-01-01,,eng,164
7426,9789400994317,1651,1979-01-01,,eng,492
7427,9783319907154,1543,2018-01-01,,,350
7428,9783319297781,1543,2016-01-01,,eng,329
7429,9781784394417,1277,2015-01-01,,eng,282
7430,9780080414386,1348,1991-01-01,,eng,301
7431,9781430237334,1543,2011-01-01,,eng,416
7432,9781461515555,879,2001-01-01,,eng,239
7433,9781461316800,1660,1988-01-01,,eng,704
7434,9781461322788,1543,1986-01-01,,eng,338
7435,9783642348310,1634,2010-01-01,,ger,
7436,9783662003725,879,2000-01-01,,eng,255
7437,9783642356995,1665,2013-01-01,,ger,568
7438,9781461294085,1660,1986-01-01,,eng,188
7439,9781461289548,1660,1988-01-01,,eng,256
7440,9781468471229,1660,1988-01-01,,eng,290
7441,9781461541240,1543,1996-01-01,,eng,313
7442,9781461540465,1543,2012-01-01,,eng,412
7443,9783662493014,1543,2016-01-01,,eng,565
7444,9789400799202,1543,2012-01-01,,,472
7445,9783319065373,1648,2014-01-01,,eng,360
7446,9783319232188,1648,2015-01-01,,eng,759
7447,9783662492246,1543,2016-01-01,,eng,340
7448,9781430259893,1650,2015-01-01,,,268
7449,9783319756325,1543,2018-01-01,,ger,245
7450,9783319853680,1543,2017-01-01,,eng,277
7451,9783319470986,1543,2016-01-01,,eng,223
7452,9783319290775,1648,2016-01-01,,eng,170
7453,9781402034329,1648,2007-01-01,,eng,416
7454,9783319753041,1543,2018-01-01,,eng,170
7455,9783319557359,1543,2017-01-01,,eng,115
7456,9781846281181,1543,2007-01-01,,eng,404
7457,9783319830551,1543,2016-01-01,,,258
7458,9783319471686,1543,2016-01-01,,eng,890
7459,9788132217589,1648,2014-01-01,,eng,900
7460,9783319761107,1543,2017-01-01,,,396
7461,9783319934440,1543,2018-01-01,,,592
7462,9783319577340,1543,2017-01-01,,eng,234
7463,9783319196077,1543,2015-01-01,,,230
7464,9783642096884,1543,2008-01-01,,eng,292
7465,9783319703374,1543,2017-01-01,,ger,112
7466,9789814390002,1973,2012-01-01,,eng,380
7467,9780080509693,581,1993-01-01,,eng,457
7468,9781119213680,1929,2016-01-01,,eng,272
7469,9781118757079,1929,2015-01-01,,eng,704
7470,9781306812993,1205,2012-01-01,,eng,140
7471,9781849965743,1543,2006-01-01,,eng,566
7472,9780128113189,580,2017-01-01,,eng,658
7473,9783319635156,1543,2018-01-01,,,690
7474,9783319536330,1543,2017-01-01,,eng,151
7475,9783030013271,1543,2018-01-01,,,353
7476,9780340846988,750,2002-01-01,,,120
7477,9781461317043,1660,1988-01-01,,eng,228
7478,9781461315490,1660,1990-01-01,,eng,188
7479,9781305670112,339,2014-01-01,,eng,336
7480,9784431680697,879,1987-01-01,,eng,312
7481,9783642832130,1640,1988-01-01,,eng,382
7482,9783642719226,1640,1989-01-01,,eng,297
7483,9781447102199,1543,2002-01-01,,eng,345
7484,9783642875984,1640,1968-01-01,,eng,190
7485,9781468458855,1543,1991-01-01,,eng,342
7486,9783642581472,1640,1992-01-01,,eng,272
7487,9781482233476,310,2016-01-01,,eng,180
7488,9783319217833,1543,2015-01-01,,eng,272
7489,9781447112266,1543,2011-01-01,,eng,437
7490,9781420010152,1737,2009-01-01,,eng,674
7491,9780387979656,1667,1993-01-01,,eng,189
7492,9780131270954,1391,2004-01-01,,eng,
7493,9780387123301,1543,1987-01-01,,eng,181
7494,9789861507873,1985,2008-01-01,,chi,192
7495,9781138386600,1737,1992-01-01,,eng,382
7496,9783540511724,1667,1989-01-01,,ger,152
7497,9781609605544,838,2011-01-01,,eng,436
7498,9781466624788,802,2012-01-01,,eng,470
7499,9780444527264,573,2006-01-01,,eng,967
7500,9781617292705,1028,2019-01-01,,eng,432
7501,9781475780758,1648,2006-01-01,,eng,355
7502,9780745806891,692,1989-01-01,,eng,190
7503,9780904933499,839,1985-01-01,,eng,220
7504,9780595219964,1976,2002-01-01,,eng,147
7505,9783540761631,1679,1998-01-01,,eng,307
7506,9780954618605,1630,2003-01-01,,eng,352
7507,9780833008664,1457,1987-01-01,,eng,55
7508,9781591409038,814,2005-01-01,,eng,375
7509,9780471584292,1436,1989-01-01,,eng,
7510,9783540617365,1543,1996-01-01,,eng,284
7511,9781567500455,864,1997-01-01,,eng,322
7512,9780818659041,798,1990-01-01,,eng,460
7513,9780745804514,571,1989-01-01,,,264
7514,9783540761570,1543,1997-01-01,,eng,337
7515,9780792378952,1543,2000-01-01,,eng,194
7516,9780769518671,796,2002-01-01,,eng,243
7517,9780201172348,56,1989-01-01,,eng,491
7518,9781591408796,802,2006-01-01,,eng,326
7519,9780444890672,582,1991-01-01,,eng,1286
7520,9780333382851,1002,1985-01-01,,eng,219
7521,9781847181190,321,2007-01-01,,"und,eng",270
7522,9780897914000,18,1990-01-01,,eng,762
7523,9780387723808,1543,2007-01-01,,eng,357
7524,9780262042086,1754,2002-01-01,,eng,1600
7525,9789144285412,940,1988-01-01,,eng,192
7526,9783540198871,1661,1994-01-01,,eng,1488
7527,9780879441500,1830,1973-01-01,,eng,
7528,9780780310414,262,1993-01-01,,eng,607
7529,9781567503289,36,1999-01-01,,eng,278
7530,9780470217566,692,1991-01-01,,eng,248
7531,9798260004357,804,2026-01-01,,eng,510
7532,9780534027711,1895,1984-01-01,,eng,392
7533,9780840325167,928,1994-01-01,,eng,360
7534,9780534034184,961,1985-01-01,,eng,345
7535,9780124438637,43,1998-01-01,,eng,401
7536,9782709913331,1211,1996-01-01,,fre,894
7537,9780387561929,1667,1993-01-01,,eng,764
7538,9783540760993,1543,1997-01-01,,eng,343
7539,9781846285677,1543,2000-01-01,,eng,149
7540,9781461473947,1652,2013-01-01,,eng,51
7541,9780128002049,581,2012-01-01,,eng,672
7542,9780367570705,309,2012-01-01,,eng,598
7543,9780367378158,313,2014-01-01,,eng,362
7544,9781475732849,933,2001-01-01,,eng,174
7545,9780387728124,1648,2007-01-01,,eng,238
7546,9780070379817,1056,1976-01-01,,eng,501
7547,9781879102057,553,1999-01-01,,eng,527
7548,9783642193484,1640,2010-01-01,,eng,258
7549,9781849519106,1277,2013-01-01,,eng,
7550,9783540004165,1639,2003-01-01,,eng,178
7551,9781032199580,1508,2022-01-01,,eng,
7552,9783642605413,1640,1996-01-01,,eng,365
7553,9781280974533,1929,2007-01-01,,eng,288
7554,9781430247418,26,2013-01-01,,eng,200
7555,9783540533832,1667,1990-01-01,,eng,151
7556,9783642117954,1543,2010-01-01,,eng,957
7557,9780534982522,285,1987-01-01,,eng,550
7558,9783540195573,1543,1989-01-01,,,365
7559,9781489987181,1656,2011-01-01,,eng,418
7560,9781430216384,26,2009-01-01,,,750
7561,9783642051821,1543,2010-01-01,,eng,373
7562,9780444890962,1183,1991-01-01,,eng,554
7563,9780131973442,1391,1988-01-01,,eng,301
7564,9780262195683,997,2007-01-01,,eng,1667
7565,9781852333539,1543,2000-01-01,,eng,282
7566,9781441969668,1543,2010-01-01,,eng,320
7567,9780893917159,36,1990-01-01,,eng,384
7568,9783642567551,1543,2001-01-01,,eng,490
7569,9781402032738,1543,2005-01-01,,eng,306
7570,9780080879680,584,2009-01-01,,eng,848
7571,9781119967248,1929,2011-01-01,,eng,256
7572,9780471842675,1925,1986-01-01,,eng,186
7573,9781846289699,1543,2007-01-01,,eng,652
7574,9781430223290,1543,2009-01-01,,eng,441
7575,9783642190711,1575,2011-01-01,,eng,146
7576,9780323554596,574,2019-01-01,,eng,1344
7577,9783642183157,823,2012-01-01,,eng,273
7578,9781491945711,1205,2014-01-01,,eng,284
7579,9781441901668,1680,2009-01-01,,eng,280
7580,9783642182211,1543,2010-01-01,,eng,235
7581,9781430227731,500,2010-01-01,,eng,631
7582,9783319018577,1543,2013-01-01,,eng,809
7583,9781400864041,1416,2014-01-01,,eng,284
7584,9781306177115,1961,2013-01-01,,eng,304
7585,9781586039165,805,2008-01-01,,eng,439
7586,9781447155133,1647,2013-01-01,,,412
7587,9781119671046,1929,2019-01-01,,eng,202
7588,9781484200537,111,2009-01-01,,eng,363
7589,9780521514149,322,2008-01-01,,eng,264
7590,9780789717627,81,1998-01-01,,eng,358
7591,9781468455120,879,1988-01-01,,eng,726
7592,9783319232379,1543,2013-01-01,,eng,411
7593,9780486788463,530,2005-01-01,,eng,256
7594,9783319092065,1543,2014-01-01,,eng,237
7595,9780521245036,322,1982-01-01,,eng,312
7596,9781138644298,1737,2019-01-01,,eng,262
7597,9781306813648,1205,2011-01-01,,eng,126
7598,9780072255584,1078,2004-01-01,,eng,512
7599,9783631324660,1245,1998-01-01,,ger,245
7600,9781260142648,1060,2018-01-01,,eng,1405
7601,9780471052760,1925,1994-01-01,,eng,212
7602,9781789130997,1274,2018-01-01,,,194
7603,9780201730395,56,2001-01-01,,eng,153
7604,9781119171034,620,2015-01-01,,eng,368
7605,9783319415789,1543,2015-01-01,,eng,351
7606,9780124104716,581,2014-01-01,,eng,238
7607,9780132279000,1391,2006-01-01,,eng,550
7608,9780080489322,1120,2003-01-01,,eng,381
7609,9780387709925,1543,2008-01-01,,eng,513
7610,9780764532009,794,1998-01-01,,eng,626
7611,9780792376897,932,2002-01-01,,eng,305
7612,9781118899564,899,2014-01-01,,eng,256
7613,9788770227193,1496,2018-01-01,,eng,250
7614,9783319098425,1648,2014-01-01,,eng,299
7615,9780596003012,1199,2002-01-01,,eng,358
7616,9781509304189,1103,2016-01-01,,eng,320
7617,9780136303107,1260,1993-01-01,,eng,371
7618,9783662448939,1648,2014-01-01,,eng,224
7619,9783540399933,1648,2004-01-01,,eng,389
7620,9780816742714,1807,1994-01-01,,eng,158
7621,9781461285816,1660,1996-01-01,,eng,161
7622,9781786468079,1275,2017-01-01,,eng,338
7623,9789971509385,1974,1989-01-01,,eng,180
7624,9780768661026,1439,2002-01-01,,eng,558
7625,9780880227889,1443,1989-01-01,,eng,476
7626,9780849394621,309,1996-01-01,,eng,410
7627,9781617292187,1026,2014-01-01,,eng,744
7628,9781493921492,1648,2014-01-01,,eng,122
7629,9783662506424,1543,2011-01-01,,eng,368
7630,9783642116179,1668,2010-01-01,,eng,128
7631,9780769524573,797,2006-01-01,,eng,557
7632,9783540423287,1543,2001-01-01,,eng,192
7633,9789810213657,1970,1994-01-01,,eng,500
7634,9783540249986,1648,2005-01-01,,eng,706
7635,9780849331060,309,1998-01-01,,eng,
7636,9780471486572,898,2002-01-01,,eng,366
7637,9781430205500,26,2008-01-01,,eng,245
7638,9781107266360,322,1998-01-01,,eng,445
7639,9781118893043,1925,2007-01-01,,eng,804
7640,9781119148722,1929,2015-01-01,,eng,312
7641,9780780394452,796,2005-01-01,,eng,735
7642,9780133489248,527,2006-01-01,,eng,194
7643,9783034801300,1543,2011-01-01,,eng,660
7644,9783642272479,1640,2012-01-01,,eng,88
7645,9783642308321,1640,2012-01-01,,eng,88
7646,9783642313066,1543,2012-01-01,,eng,88
7647,9780387749358,1543,2008-01-01,,eng,670
7648,9783540764403,1543,2008-01-01,,eng,356
7649,9783540398639,1543,2003-01-01,,eng,432
7650,9783540540595,1543,1991-01-01,,eng,579
7651,9780198530169,1237,2003-01-01,,eng,98
7652,9780745332802,1377,2013-01-01,,,158
7653,9780789717993,1439,1999-01-01,,eng,373
7654,9781562055561,1170,1996-01-01,,eng,321
7655,9783319078908,1543,2014-01-01,,eng,390
7656,9781449340247,1205,2013-01-01,,eng,272
7657,9783662515006,1648,2014-01-01,,eng,410
7658,9783662525715,1639,2014-01-01,,eng,240
7659,9781461502661,1648,2003-01-01,,eng,384
7660,9780262300001,1648,2005-01-01,,eng,280
7661,9781461208495,1543,1994-01-01,,eng,356
7662,9783540001652,1648,2002-01-01,,eng,193
7663,9783319865140,1543,2017-01-01,,,242
7664,9781461401155,1543,2011-01-01,,eng,285
7665,9783131607119,1762,2001-01-01,,"eng,ger",1090
7666,9780415000369,1737,2019-01-01,,eng,188
7667,9781250114570,1685,2018-01-01,,eng,302
7668,9780240813288,618,2010-01-01,,eng,285
7669,9780471383673,1925,2000-01-01,,eng,656
7670,9780792383321,933,1998-01-01,,eng,318
7671,9781430209690,1907,2008-01-01,,eng,
7672,9781402086656,1543,2008-01-01,,,224
7673,9780080886626,581,1989-01-01,,eng,688
7674,9780918062123,389,1999-01-01,,eng,964
7675,9783540095118,1543,1979-01-01,,"fre,eng",380
7676,9780837370323,1152,1997-01-01,,eng,
7677,9780746045848,1832,2001-01-01,,,64
7678,9784492800393,1800,1990-01-01,,jpn,188
7679,9781840787238,398,2016-01-01,,eng,192
7680,9780824722746,308,1991-01-01,,eng,432
7681,9783662491928,1648,2016-01-01,,eng,630
7682,9783540322177,1648,2005-01-01,,eng,580
7683,9784902774368,1830,2008-01-01,,eng,139
7684,9783540320456,1648,2005-01-01,,eng,1342
7685,9783540320432,1648,2005-01-01,,eng,1234
7686,9783540323099,1648,2005-01-01,,eng,1353
7687,9783540320449,1648,2005-01-01,,eng,1316
7688,9783824445509,453,2003-01-01,,,133
7689,9783540097242,1543,2007-01-01,,eng,172
7690,9780387985886,1543,1998-01-01,,eng,313
7691,9780782143157,1546,2003-01-01,,eng,768
7692,9783540899853,1648,2008-01-01,,eng,
7693,9783540693895,1648,2008-01-01,,eng,
7694,9783540693840,1648,2008-01-01,,eng,
7695,9783540693871,1648,2008-01-01,,eng,
7696,9783540744771,1648,2007-01-01,,eng,
7697,9783540744849,1648,2007-01-01,,eng,
7698,9783540744726,1648,2007-01-01,,eng,
7699,9780072474534,1060,2000-01-01,,eng,
7700,9783319002729,1648,2013-01-01,,eng,
7701,9785388003676,1830,2008-01-01,,rus,315
7702,9781461387183,1652,1988-01-01,,eng,456
7703,9781848824706,1646,2009-01-01,,eng,
7704,9781484212431,26,2015-01-01,,,588
7705,9781484230985,26,2017-01-01,,,168
7706,9781430259299,26,2014-01-01,,,508
7707,9783540724520,1668,2007-01-01,,ger,
7708,9783540102076,1640,1980-01-01,,eng,234
7709,9783540386513,1667,1980-01-01,,eng,
7710,9781441951397,1660,1994-01-01,,eng,423
7711,9783540127239,1640,1983-01-01,,eng,
7712,9781461270485,1652,2000-01-01,,eng,566
7713,9781461369868,1660,2000-01-01,,eng,349
7714,9789812770981,1974,2007-01-01,,eng,199
7715,9783662491911,1543,2016-01-01,,,645
7716,9783319740591,1543,2018-01-01,,,290
7717,9789811326721,1543,2018-01-01,,,562
7718,9781484200711,26,,,eng,224
7719,9783319897691,1543,2018-01-01,,,75
7720,9783319002712,1543,2013-01-01,,,100
7721,9783319783000,1543,2018-01-01,,,284
7722,9789811307546,1543,2018-01-01,,,215
7723,9780199678761,1237,2013-01-01,,eng,320
7724,9783319929903,1543,2018-01-01,,,195
7725,9781430248224,820,2013-01-01,,eng,280
7726,9781461360230,1660,1994-01-01,,eng,335
7727,9781461362074,1660,1994-01-01,,eng,218
7728,9783834822789,1663,2013-01-01,,ger,305
7729,9784431682097,1645,1992-01-01,,eng,272
7730,9781461291961,1660,1987-01-01,,eng,188
7731,9781461550853,1660,1999-01-01,,eng,227
7732,9783319592879,1543,2017-01-01,,,716
7733,9783030000233,1543,2019-01-01,,,313
7734,9781138065321,1737,2018-01-01,,eng,256
7735,9781450305006,2006,2011-01-01,,eng,723
7736,9780387279930,1543,2005-01-01,,eng,
7737,9783540112051,1543,1982-01-01,,,
7738,9782840506546,1261,2010-01-01,,fre,718
7739,9783642317026,1543,2012-01-01,,,
7740,9780199586592,1237,2011-01-01,,eng,139
7741,9780857298850,1543,2011-01-01,,eng,1526
7742,9783540422334,1543,2001-01-01,,eng,1078
7743,9780070114814,1080,1995-01-01,,eng,169
7744,9788177582390,1322,2006-01-01,,eng,1589
7745,9780979148002,489,2007-01-01,,eng,200
7746,9780591415674,1830,1997-01-01,,eng,
7747,9780591416121,1830,1997-01-01,,eng,
7748,9780591415599,1830,1997-01-01,,eng,
7749,9780591415964,1830,1997-01-01,,eng,
7750,9780591416657,1830,1997-01-01,,eng,
7751,9780591416619,1830,1997-01-01,,eng,
7752,9780591417180,1830,1997-01-01,,eng,
7753,9780591308631,1830,1997-01-01,,eng,
7754,9780591308679,1830,1997-01-01,,eng,
7755,9780591308914,1830,1997-01-01,,eng,
7756,9780591307474,1830,1997-01-01,,eng,
7757,9780591307597,1830,1997-01-01,,eng,
7758,9780591307849,1830,1996-01-01,,eng,
7759,9780591307375,1830,1997-01-01,,eng,
7760,9780591196597,1830,1996-01-01,,eng,
7761,9780591308334,1830,1997-01-01,,eng,
7762,9780591308358,1830,1997-01-01,,eng,
7763,9780591308099,1830,1997-01-01,,eng,
7764,9780591308044,1830,1997-01-01,,eng,
7765,9780591307290,1830,1997-01-01,,eng,
7766,9780591196467,1830,1996-01-01,,eng,
7767,9780591196498,1830,1996-01-01,,eng,
7768,9780591195279,1830,1996-01-01,,eng,
7769,9780591194999,1830,1996-01-01,,eng,
7770,9780591308198,1830,1997-01-01,,eng,
7771,9780599083479,1830,1998-01-01,,eng,
7772,9780599083462,1830,1998-01-01,,eng,
7773,9780599083097,1830,1998-01-01,,eng,
7774,9780591416633,1830,1996-01-01,,eng,
7775,9780591617719,1830,1997-01-01,,eng,
7776,9780591618259,1830,1997-01-01,,eng,
7777,9780591618266,1830,1997-01-01,,eng,
7778,9780591773071,1830,1998-01-01,,eng,
7779,9780591772685,1830,1998-01-01,,eng,
7780,9780591771527,1830,1998-01-01,,eng,
7781,9780591771022,1830,1998-01-01,,eng,
7782,9780591617580,1830,1997-01-01,,eng,
7783,9780591617993,1830,1997-01-01,,eng,
7784,9780591772746,1830,1998-01-01,,eng,
7785,9780591943726,1830,1998-01-01,,eng,
7786,9780591945270,1830,1998-01-01,,eng,
7787,9780591770797,1830,1998-01-01,,eng,
7788,9780591944396,1830,1998-01-01,,eng,
7789,9780591943924,1830,1998-01-01,,eng,
7790,9780591944310,1830,1998-01-01,,eng,
7791,9780591945102,1830,1998-01-01,,eng,
7792,9780599083783,1830,1998-01-01,,eng,
7793,9780599084995,1830,1998-01-01,,eng,
7794,9780599083974,1830,1998-01-01,,eng,
7795,9780591944020,1830,1998-01-01,,eng,
7796,9780672316364,1522,1999-01-01,,eng,422
7797,9781118206157,1546,2012-01-01,,,
7798,9781444177794,752,2012-01-01,,,
7799,9783540528319,1640,1990-01-01,,eng,259
7800,9783540256137,1543,2005-01-01,,eng,464
7801,9783642290336,823,2012-01-01,,eng,508
7802,9780596155254,1204,2009-01-01,,eng,429
7803,9783319120577,1648,2008-01-01,,eng,244
7804,9780792391265,1543,1991-01-01,,eng,310
7805,9781138462472,1422,2012-01-01,,eng,687
7806,9789810236168,1970,1998-01-01,,eng,387
7807,9783642354052,823,2012-01-01,,eng,320
7808,9780553349467,181,1989-01-01,,eng,220
7809,9781351984201,1737,2018-01-01,,eng,468
7810,9780849374012,1737,1990-01-01,,eng,396
7811,9780735710870,1171,2001-01-01,,eng,231
7812,9780596003760,1199,2002-01-01,,eng,354
7813,9781890774226,1107,2004-01-01,,eng,750
7814,9783319272634,1648,2013-01-01,,eng,409
7815,9781420051094,308,2009-01-01,,eng,500
7816,9780877091271,1895,1990-01-01,,eng,447
7817,9783527305896,885,2003-01-01,,eng,255
7818,9781351054454,1737,2019-01-01,,eng,324
7819,9781351838023,1737,2006-01-01,,eng,359
7820,9780805812015,941,1996-01-01,,eng,880
7821,9783540210016,1543,2004-01-01,,eng,341
7822,9780316642811,194,1998-01-01,,"eng,pol",208
7823,9781108778039,322,2016-01-01,,eng,
7824,9784431548461,1543,2014-01-01,,eng,349
7825,9780133966213,1103,2014-01-01,,eng,
7826,9783319046570,1648,2014-01-01,,eng,376
7827,9783540332954,1543,2006-01-01,,eng,612
7828,9780865776722,1762,1996-01-01,,eng,167
7829,9783658076177,1659,2014-01-01,,eng,236
7830,9780444892263,513,1992-01-01,,eng,468
7831,9780471122975,898,1997-01-01,,eng,747
7832,9780521645683,322,1998-01-01,,eng,549
7833,9780072460247,327,2000-01-01,,eng,
7834,9789354063589,1475,2020-01-01,,,
7835,9780262049948,998,2025-01-01,,,337
7836,9780262111935,998,1994-01-01,,eng,207
7837,9782894618967,370,2003-01-01,,fre,528
7838,9780429146237,1736,2005-01-01,,eng,256
7839,9780122007514,579,2003-01-01,,eng,550
7840,9780367487966,1737,2021-01-01,,eng,280
7841,9780387244129,1543,2005-01-01,,eng,239
7842,9783540636977,1543,1997-01-01,,eng,518
7843,9783709175859,1667,1995-01-01,,eng,365
7844,9783642443695,1640,2005-01-01,,eng,343
7845,9783540425120,1636,2001-01-01,,eng,242
7846,9783540425007,1543,2001-01-01,,eng,198
7847,9781315372488,356,2009-01-01,,eng,370
7848,9783540140405,1644,2003-01-01,,eng,458
7849,9780412721809,1543,1996-01-01,,eng,379
7850,9781590599112,26,2007-01-01,,eng,328
7851,9783540429524,1543,2001-01-01,,eng,275
7852,9780444195210,1004,1975-01-01,,eng,99
7853,9781842650394,85,2004-01-01,,eng,
7854,9781548987824,427,2015-01-01,,"eng,chi",506
7855,9783499168703,1763,1966-01-01,,"eng,ger",334
7856,9780132100694,56,1974-01-01,,"eng,chi",195
7857,9780262011532,1543,1985-01-01,,"ger,eng,chi",542
7858,9780131175327,1405,1978-01-01,,"fre,por,eng",274
7859,9781292153414,1248,1996-01-01,,eng,1104
7860,9780070681828,1731,1994-01-01,,eng,549
7861,9781548955519,2011,2009-01-01,,eng,446
7862,9781491952023,1242,1996-01-01,,"fre,ger,rus",987
7863,9780393969450,1186,1996-01-01,,eng,832
7864,9788478290192,55,1986-01-01,,"spa,eng,pol",700
7865,9781449330729,1614,2009-01-01,,eng,228
7866,9780072231892,1056,1997-01-01,,eng,1000
7867,9781119149224,1929,2019-01-01,,"ger,eng",672
7868,9781491946251,1205,2015-01-01,,eng,821
7869,9780470086490,898,1999-01-01,,eng,728
7870,9781593276034,1180,2015-01-01,,eng,543
7871,9781584441052,491,1994-01-01,,eng,257
7872,9780471512257,899,1988-01-01,,"eng,und",816
7873,9780262259460,1255,1990-01-01,,eng,1292
7874,9788494458750,1464,2003-01-01,,eng,336
7875,9781118055045,1929,1996-01-01,,"eng,rus",408
7876,9781292110998,1254,2007-01-01,,"hin,eng",1008
7877,9780321349606,54,2006-01-01,,eng,408
7878,9781259029936,1047,1997-01-01,,eng,624
7879,9780131002258,1446,1999-01-01,,eng,952
7880,9780618932542,770,2007-01-01,,eng,34
7881,9780534385255,414,1997-01-01,,eng,914
7882,9788176569408,167,2002-01-01,,eng,714
7883,9780134498034,60,1999-01-01,,eng,256
7884,9788183331630,166,2007-01-01,,eng,748
7885,9780596150280,1590,1999-01-01,,"eng,ger",591
7886,9789352134205,1205,2014-01-01,,eng,98
7887,9780201896848,63,1968-01-01,,eng,653
7888,9781718500440,1181,2018-01-01,,eng,560
7889,9781292018195,1316,2011-01-01,,eng,1250
7890,9789353162344,1055,2001-01-01,,eng,471
7891,9781430219484,26,2009-01-01,,eng,617
7892,9780132542951,1316,2011-01-01,,eng,210
7893,9780755313211,1786,2004-01-01,,eng,288
7894,9781118871652,829,2014-01-01,,"eng,ger",640
7895,9780134190440,1440,2015-01-01,,"chi,eng",399
7896,9788173666025,1201,2003-01-01,,eng,688
7897,9780764506338,795,1996-01-01,,eng,375
7898,9780373109463,702,1986-01-01,,eng,221
7899,9780131225435,1329,1992-01-01,,"rus,eng",1005
7900,9789867794529,1199,2004-01-01,,"pol,eng,chi",676
7901,9781119235552,1928,2006-01-01,,eng,432
7902,9780135956915,1316,1999-01-01,,eng,352
7903,9780672226601,772,1988-01-01,,eng,696
7904,9780072127188,1084,2001-01-01,,eng,1200
7905,9780345340191,464,1968-01-01,,eng,414
7906,9780205129997,1316,1965-01-01,,eng,354
7907,9780442207649,1844,1971-01-01,,eng,288
7908,9780321210265,63,1982-01-01,,eng,742
7909,9787121177408,1199,2008-01-01,,"fre,chi,eng",190
7910,9780134494326,1391,2017-01-01,,"spa,ita,eng",432
7911,9780078812637,1060,1987-01-01,,eng,632
7912,9780818502507,1266,1978-01-01,,eng,384
7913,9780138874070,1329,1992-01-01,,eng,780
7914,9780199452057,1237,2013-01-01,,eng,421
7915,9781449388393,102,1984-01-01,,"eng,tur",456
7916,9783955617707,1199,1998-01-01,,"fre,eng,ger",158
7917,9780135974445,1391,2002-01-01,,eng,529
7918,9780132492669,1316,2002-01-01,,eng,508
7919,9780078823923,1231,1990-01-01,,eng,640
7920,9780984782802,301,2010-01-01,,eng,504
7921,9780070255265,677,1900-01-01,,eng,573
7922,9781617292231,1026,2016-01-01,,eng,256
7923,9781449369415,1201,2016-01-01,,eng,376
7924,9781535483834,1999,2016-01-01,,eng,106
7925,9783527810895,1929,1993-01-01,,"eng,ger,fre",432
7926,9780137061594,1307,2006-01-01,,eng,1077
7927,9780545452397,1213,2008-01-01,,"ger,heb,tgl",400
7928,9781788838672,1277,2017-01-01,,eng,816
7929,9788177000245,481,2017-01-01,,eng,
7930,9781423901280,414,1998-01-01,,eng,524
7931,9781306813099,1201,2012-01-01,,eng,508
7932,9788576050674,1391,1975-01-01,,"eng,und,bul",587
7933,9780136466215,1316,1988-01-01,,eng,772
7934,9780134854571,1316,2015-01-01,,eng,368
7935,9788563308337,1056,1982-01-01,,"spa,ger,eng",840
7936,9780929306407,1873,1993-01-01,,eng,635
7937,9781617294532,1026,2008-01-01,,eng,541
7938,9781322094830,898,2012-01-01,,eng,312
7939,9780321334879,56,1991-01-01,,eng,240
7940,9781423901501,1765,2002-01-01,,eng,710
7941,9780470085950,1925,2006-01-01,,eng,432
7942,9788120345027,1322,2005-01-01,,"eng,por",1498
7943,9780999685907,829,2017-01-01,,eng,299
7944,9780131474345,1322,2002-01-01,,eng,880
7945,9781844804511,860,2006-01-01,,eng,264
7946,9780596510046,1205,2007-01-01,,eng,593
7947,9781430231509,647,2011-01-01,,eng,327
7948,9780321189950,56,1993-01-01,,eng,511
7949,9780357026380,414,2019-01-01,,eng,500
7950,9780333333372,1002,1970-01-01,,eng,951
7951,9789389845686,166,2020-01-01,,eng,485
7952,9780735605053,1100,1999-01-01,,eng,393
7953,9781351974271,19,2009-01-01,,eng,1052
7954,9780470952801,903,1996-01-01,,eng,1200
7955,9780134052021,1316,1999-01-01,,eng,207
7956,9780321537119,51,2008-01-01,,eng,482
7957,9781439041994,414,1995-01-01,,eng,724
7958,9780471636557,1925,2001-01-01,,eng,1232
7959,9781280674297,1928,2003-01-01,,eng,480
7960,9781783297665,1791,2016-01-01,,,240
7961,9780070854673,1056,1974-01-01,,eng,570
7962,9780262220699,1754,2004-01-01,,eng,936
7963,9780131024489,1392,1992-01-01,,eng,620
7964,9781548987848,1180,2012-01-01,,eng,319
7965,9780201544350,61,1992-01-01,,eng,524
7966,9780139012570,1925,1996-01-01,,eng,820
7967,9780470632758,1929,2004-01-01,,eng,408
7968,9780672326974,1306,1995-01-01,,"eng,rus",959
7969,9780134489452,1396,1991-01-01,,eng,592
7970,9788380081536,2033,2010-01-01,,"tur,heb,vie",424
7971,9780198078883,1237,2012-01-01,,eng,547
7972,9780140225358,1873,1975-01-01,,"eng,und",300
7973,9780134523682,1401,1984-01-01,,eng,225
7974,9781934015254,833,2007-01-01,,eng,593
7975,9781576760345,1578,2000-01-01,,eng,1056
7976,9780470196991,1929,1994-01-01,,"eng,ger",560
7977,9798705243440,1988,1946-01-01,,"ger,eng,fre",514
7978,9780534951405,1268,1998-01-01,,eng,304
7979,9780805374407,51,1996-01-01,,eng,936
7980,9781509306978,1103,2015-01-01,,eng,677
7981,9780321992789,60,2014-01-01,,,1312
7982,9781584882282,356,2000-01-01,,eng,
7983,9780071508544,1072,2007-01-01,,eng,590
7984,9781593277345,1180,2015-01-01,,eng,352
7985,9781491918647,1199,2009-01-01,,eng,812
7986,9780070651579,2019,1976-01-01,,eng,861
7987,9781558602328,581,1991-01-01,,eng,946
7988,9781292364902,1316,2019-01-01,,eng,880
7989,9780201576535,63,1993-01-01,,eng,770
7990,9780134123486,60,2017-01-01,,eng,236
7991,9789849216414,2034,2016-01-01,,ben,276
7992,9781508144755,1386,2016-01-01,,eng,
7993,9780262519632,998,2013-01-01,,eng,385
7994,9781593278045,1181,,,eng,424
7995,9781484257371,26,2020-01-01,,eng,460
7996,9781558282506,990,1990-01-01,,eng,388
7997,9781590593561,1543,2004-01-01,,eng,500
7998,9781306812221,1205,2012-01-01,,eng,160
7999,9780471734246,899,2000-01-01,,eng,640
8000,9780141904443,1336,1998-01-01,,eng,194
8001,9780321279200,710,1972-01-01,,eng,701
8002,9780321612311,1316,2008-01-01,,eng,784
8003,9781119787617,1930,2019-01-01,,eng,712
8004,9788177222609,880,1983-01-01,,eng,550
8005,9780762457021,1513,2015-01-01,,eng,112
8006,9780491030144,333,1983-01-01,,eng,260
8007,9781584502586,361,2003-01-01,,eng,488
8008,9780451211620,1141,2003-01-01,,eng,390
8009,9780131594180,1316,2007-01-01,,eng,720
8010,9781491933176,1243,2016-01-01,,eng,338
8011,9780062372123,710,2015-01-01,,eng,343
8012,9780789751980,1439,2013-01-01,,eng,352
8013,9780130608550,1391,1996-01-01,,eng,625
8014,9780134014555,488,2009-01-01,,eng,504
8015,9783936546538,393,2000-01-01,,ger,762
8016,9780134692883,1316,2017-01-01,,eng,320
8017,9780138269760,1316,1988-01-01,,eng,215
8018,9780426194491,558,1983-01-01,,eng,192
8019,9781590282977,628,2003-01-01,,eng,528
8020,9789490968021,229,2011-01-01,,,736
8021,9788125912118,1860,2010-01-01,,eng,
8022,9780582554856,1737,1981-01-01,,eng,286
8023,9780072340792,327,1997-01-01,,eng,160
8024,9780133957235,1317,2006-01-01,,eng,1056
8025,9788177582956,1310,2007-01-01,,eng,480
8026,9780132354769,1403,2008-01-01,,eng,864
8027,9780262514446,998,1993-01-01,,eng,472
8028,9788178080468,56,1986-01-01,,"eng,pol,ger",803
8029,9780199456147,1237,2016-01-01,,eng,468
8030,9780321927705,56,2015-01-01,,eng,224
8031,9781934356593,1388,2010-01-01,,eng,300
8032,9781492057611,1205,2005-01-01,,eng,359
8033,9780134710754,1298,1998-01-01,,eng,1004
8034,9780262332545,998,1995-01-01,,eng,216
8035,9780262542364,1754,2021-01-01,,,496
8036,9780596809485,1204,2010-01-01,,eng,256
8037,9780596551926,1201,1993-01-01,,eng,316
8038,9780314908773,1913,1986-01-01,,eng,694
8039,9780314285003,1916,1987-01-01,,eng,527
8040,9781292456034,1307,2003-01-01,,eng,1244
8041,9780133316032,110,1968-01-01,,eng,526
8042,9780321287632,1297,2005-01-01,,eng,511
8043,9780201485417,60,1998-01-01,,eng,896
8044,9780314010865,1914,1992-01-01,,eng,618
8045,9789685801522,1817,1975-01-01,,spa,522
8046,9780078813429,1231,1988-01-01,,eng,509
8047,9780133315622,1394,1997-01-01,,eng,598
8048,9780137008063,58,1964-01-01,,eng,193
8049,9788590379867,1498,2016-01-01,,eng,388
8050,9798645383572,295,2020-01-01,,eng,276
8051,9781265058432,1060,2010-01-01,,"spa,eng,hin",930
8052,9781886529199,131,1997-01-01,,eng,587
8053,9780071004725,1052,1983-01-01,,eng,466
8054,9780134444321,1298,2017-01-01,,,744
8055,9780078813139,1072,1987-01-01,,eng,773
8056,9780596006990,1199,2001-01-01,,eng,661
8057,9781559760553,373,1986-01-01,,"eng,spa",40
8058,9781584504559,361,2006-01-01,,eng,486
8059,9780671699765,178,1986-01-01,,"heb,por,chi",393
8060,9780619161279,431,2000-01-01,,eng,238
8061,9788441519534,100,2005-01-01,,"eng,spa",744
8062,9781593274245,1180,2012-01-01,,eng,256
8063,9780262332484,998,1995-01-01,,eng,224
8064,9780133124408,56,2015-01-01,,eng,384
8065,9780262350990,1754,2018-01-01,,eng,424
8066,9780471170662,1925,1979-01-01,,eng,763
8067,9780137304325,1038,1975-01-01,,eng,530
8068,9781447963998,1298,2012-01-01,,eng,828
8069,9781638353690,1027,2017-01-01,,eng,360
8070,9780072131406,1059,2001-01-01,,eng,576
8071,9780256197440,1059,1997-01-01,,eng,896
8072,9780789562333,414,1999-01-01,,eng,380
8073,9781098121228,1205,2016-01-01,,eng,548
8074,9780201548488,1993,1989-01-01,,"chi,eng",614
8075,9781647862206,1414,2019-01-01,,eng,
8076,9781593272838,1180,2011-01-01,,eng,400
8077,9781721400089,49,2019-01-01,,eng,256
8078,9781260440232,1060,2018-01-01,,,1248
8079,9780130910134,1322,1999-01-01,,eng,722
8080,9780911226287,1479,1987-01-01,,eng,195
8081,9780137256495,1391,1991-01-01,,eng,598
8082,9780675208673,1391,1989-01-01,,eng,496
8083,9780321958310,56,2013-01-01,,eng,192
8084,9780130291042,1410,1975-01-01,,"eng,und",654
8085,9781098113551,1199,2002-01-01,,eng,673
8086,9780321884916,60,2012-01-01,,,320
8087,9780818501418,285,1975-01-01,,eng,532
8088,9781337696111,419,2004-01-01,,eng,1560
8089,9780132158718,1404,1976-01-01,,eng,217
8090,9780133796735,56,2008-01-01,,eng,1236
8091,9781845137144,145,2011-01-01,,eng,416
8092,9780748727421,1514,1996-01-01,,eng,48
8093,9780078817762,1231,1990-01-01,,eng,1016
8094,9780511825132,322,1998-01-01,,eng,220
8095,9780137067404,1404,1970-01-01,,eng,320
8096,9780321573513,56,2011-01-01,,eng,955
8097,9781835081556,1277,2020-01-01,,eng,466
8098,9780440306375,1804,1964-01-01,,"eng,ger,heb",144
8099,9780135266328,1316,2015-01-01,,eng,447
8100,9780764573774,1929,2000-01-01,,eng,792
8101,9781559373135,846,1991-01-01,,eng,206
8102,9780471089285,1929,1981-01-01,,eng,122
8103,9780072225884,1232,2000-01-01,,eng,1077
8104,9781932111262,410,2000-01-01,,eng,832
8105,9781322950075,1929,2015-01-01,,eng,288
8106,9781118956632,1929,2016-01-01,,eng,576
8107,9780985811754,1748,2019-01-01,,eng,412
8108,9781683921813,1092,2018-01-01,,eng,500
8109,9788170294580,166,2003-01-01,,,
8110,9780762791880,276,2013-01-01,,eng,296
8111,9781593278120,1181,2009-01-01,,eng,372
8112,9780764503894,793,1994-01-01,,eng,408
8113,9780786861965,277,1995-01-01,,eng,342
8114,9780757307775,688,2008-01-01,,eng,
8115,9781638353959,1026,2013-01-01,,eng,300
8116,9780672303999,1552,1993-01-01,,eng,778
8117,9780563486282,558,2005-01-01,,eng,256
8118,9780134685991,1399,2001-01-01,,"eng,chi,ger",311
8119,9780702309519,479,2020-01-01,,"cat,tur,heb",528
8120,9783453171558,1373,1999-01-01,,"dut,fre,rus",442
8121,9780895883599,1546,1987-01-01,,eng,320
8122,9780130305527,1391,1993-01-01,,eng,413
8123,9780878352975,249,1988-01-01,,eng,327
8124,9780314000712,1627,1992-01-01,,eng,498
8125,9780764501401,52,1996-01-01,,"dut,por,eng",373
8126,9780201038019,56,1922-01-01,,eng,640
8127,9780201824193,63,1991-01-01,,eng,532
8128,9781400082469,439,2007-01-01,,eng,416
8129,9780136520238,1298,2019-01-01,,,1240
8130,9780805331400,1326,1986-01-01,,eng,640
8131,9780672303241,1522,1993-01-01,,eng,806
8132,9780672226519,613,1989-01-01,,eng,629
8133,9780446407816,669,2007-01-01,,eng,235
8134,9780321751041,60,2011-01-01,,,
8135,9781351803649,1737,2008-01-01,,eng,610
8136,9781593272005,1180,2010-01-01,,eng,482
8137,9781420044690,309,2007-01-01,,eng,
8138,9780895883810,1706,1987-01-01,,eng,786
8139,9781683920861,2009,2016-01-01,,eng,250
8140,9780321288332,56,1995-01-01,,eng,960
8141,9780827330375,469,1988-01-01,,eng,495
8142,9781449394707,1199,2012-01-01,,eng,630
8143,9780134670942,1298,2017-01-01,,,1232
8144,9780596009205,1204,2005-01-01,,eng,656
8145,9781430232384,26,2010-01-01,,eng,326
8146,9780134285436,1298,2011-01-01,,eng,880
8147,9780571212682,600,2001-01-01,,eng,347
8148,9781118075302,1930,2011-01-01,,eng,516
8149,9780596516178,1205,2007-01-01,,eng,304
8150,9780133582734,1304,2020-01-01,,eng,640
8151,9780143788966,1465,1916-01-01,,eng,232
8152,9781484209714,26,2007-01-01,,eng,308
8153,9781683833932,844,2019-01-01,,,64
8154,9781292037974,1298,2007-01-01,,eng,928
8155,9780314933072,1914,1989-01-01,,eng,940
8156,9780672305610,1522,1995-01-01,,eng,430
8157,9780130316974,1391,2000-01-01,,eng,1049
8158,9781578202225,505,2004-01-01,,eng,470
8159,9780596515171,1199,2008-01-01,,eng,390
8160,9781000165296,1737,2014-01-01,,eng,332
8161,9780030988219,535,1992-01-01,,eng,231
8162,9780201136883,56,1983-01-01,,eng,551
8163,9788177220865,534,2009-01-01,,eng,1195
8164,9781576761700,51,2004-01-01,,eng,996
8165,9780465005598,714,1995-01-01,,eng,188
8166,9780134801155,1298,2018-01-01,,,832
8167,9780155008656,697,1962-01-01,,eng,566
8168,9780134769042,1391,1997-01-01,,eng,224
8169,9780140170870,1379,1990-01-01,,eng,184
8170,9781491919538,1208,2010-01-01,,"ger,chi,eng",624
8171,9781556151576,508,1988-01-01,,eng,569
8172,9781322124506,1201,2003-01-01,,"ger,eng",810
8173,9780975212844,253,2007-01-01,,eng,464
8174,9780201360622,56,1990-01-01,,eng,348
8175,9781118169384,903,2007-01-01,,eng,300
8176,9780134462011,56,2014-01-01,,eng,1228
8177,9781292019369,1322,2009-01-01,,eng,1234
8178,9781430211617,2013,2005-01-01,,eng,500
8179,9780072130966,1232,2000-01-01,,eng,424
8180,9781786466259,1275,2017-01-01,,eng,274
8181,9780967378503,659,1992-01-01,,eng,293
8182,9780722531952,1779,1996-01-01,,eng,224
8183,9780816730377,1805,1993-01-01,,eng,64
8184,9780135190005,1406,1991-01-01,,eng,598
8185,9780141389172,1497,2012-01-01,,"eng,por,rus",480
8186,9780133943023,1307,2009-01-01,,eng,765
8187,9780132918077,1404,1978-01-01,,eng,200
8188,9780139175763,1430,1984-01-01,,eng,308
8189,9781616361570,1683,2011-01-01,,eng,
8190,9780884052845,1841,1975-01-01,,eng,159
8191,9781491945384,1205,2014-01-01,,eng,606
8192,9781451643442,254,2013-01-01,,eng,405
8193,9780596001643,1205,1998-01-01,,eng,672
8194,9781557551450,458,1992-01-01,,eng,800
8195,9780895880093,1546,1978-01-01,,eng,386
8196,9780471113539,1925,1991-01-01,,eng,677
8197,9781118728949,1929,2013-01-01,,eng,272
8198,9781119363026,1929,2017-01-01,,eng,800
8199,9781555520229,681,1995-01-01,,eng,424
8200,9781492075332,1205,2020-01-01,,eng,158
8201,9780131997462,1404,1990-01-01,,eng,662
8202,9780948195198,595,1991-01-01,,eng,214
8203,9781849511278,1277,2010-01-01,,eng,432
8204,9780573640049,1806,1968-01-01,,"eng,heb",131
8205,9780999282960,1539,2018-01-01,,eng,232
8206,9783936546637,393,2010-01-01,,ger,767
8207,9780133591743,59,2003-01-01,,eng,1056
8208,9780321488787,51,1993-01-01,,eng,835
8209,9780553014167,1597,1982-01-01,,eng,466
8210,9788173662652,1200,1990-01-01,,"eng,fre",645
8211,9781119514770,1930,2018-01-01,,eng,1120
8212,9781118627150,1929,1998-01-01,,eng,294
8213,9780201657883,56,1986-01-01,,eng,195
8214,9781584884279,356,2003-01-01,,eng,
8215,9781593274085,1180,2014-01-01,,eng,336
8216,9781617292859,1026,2016-01-01,,eng,464
8217,9780050012994,873,1939-01-01,,"eng,und",144
8218,9780262562140,998,2005-01-01,,eng,169
8219,9780137304578,1404,1967-01-01,,"eng,und",409
8220,9780471864820,1925,1982-01-01,,eng,428
8221,9780201385960,63,1989-01-01,,eng,670
8222,9780757313813,738,2009-01-01,,eng,
8223,9780937175651,1201,1991-01-01,,eng,396
8224,9780596523442,1205,2000-01-01,,eng,562
8225,9780917072116,1990,1975-01-01,,eng,473
8226,9781491954621,1201,2018-01-01,,eng,330
8227,9780596516468,1204,2003-01-01,,eng,439
8228,9781617299605,1028,2024-01-01,,eng,
8229,9781493223053,1524,2016-01-01,,eng,912
8230,9780911226270,1479,1985-01-01,,eng,172
8231,9781785651274,1791,2018-01-01,,,160
8232,9781119553229,1925,2011-01-01,,eng,864
8233,9781119518266,620,2005-01-01,,eng,400
8234,9780134320809,270,2012-01-01,,eng,480
8235,9781785211188,735,2017-01-01,,eng,192
8236,9780672305627,1552,1994-01-01,,eng,948
8237,9780862870805,391,1984-01-01,,eng,237
8238,9781119913788,1929,2014-01-01,,eng,412
8239,9780521354660,322,1988-01-01,,eng,994
8240,9780596002893,1199,1997-01-01,,"eng,ger,chi",488
8241,9780534951351,1916,1996-01-01,,eng,591
8242,9781407173214,1567,2011-01-01,,"heb,wel,eng",256
8243,9780321471277,56,2008-01-01,,eng,557
8244,9780534390808,1266,1998-01-01,,eng,720
8245,9780426203421,1865,1991-01-01,,eng,252
8246,9780201350883,56,1990-01-01,,"eng,ita",657
8247,9781934356982,1388,2012-01-01,,,
8248,9780596802295,1205,2011-01-01,,eng,206
8249,9788122414585,1161,2003-01-01,,eng,629
8250,9780195105834,763,1983-01-01,,eng,568
8251,9780321545190,60,1995-01-01,,eng,318
8252,9780262193382,998,1986-01-01,,eng,473
8253,9781590598443,26,2007-01-01,,eng,209
8254,9780672306556,1552,1995-01-01,,eng,741
8255,9781284484120,911,2010-01-01,,eng,372
8256,9781492054139,1205,2002-01-01,,eng,521
8257,9780321680563,1316,2009-01-01,,eng,630
8258,9780198094852,1237,2010-01-01,,eng,668
8259,9781394213092,1929,2015-01-01,,eng,496
8260,9780329780845,1567,2002-01-01,,eng,181
8261,9780827381360,471,1993-01-01,,eng,449
8262,9780821950685,951,2010-01-01,,eng,
8263,9781571690227,1897,1996-01-01,,eng,638
8264,9780534405274,414,2004-01-01,,eng,792
8265,9781785943027,159,2013-01-01,,eng,376
8266,9781934015407,833,2005-01-01,,eng,482
8267,9780070492462,1057,1983-01-01,,eng,375
8268,9780139702518,1404,1982-01-01,,"eng,und",170
8269,9780937073810,349,1992-01-01,,eng,368
8270,9781785651267,1791,2016-01-01,,,176
8271,9780201350845,52,1999-01-01,,eng,677
8272,9781556229121,1964,2001-01-01,,eng,584
8273,9780138993948,1729,1997-01-01,,"spa,eng,por",1536
8274,9781491919989,1204,1999-01-01,,eng,156
8275,9781592004935,1390,2002-01-01,,eng,325
8276,9780007555932,714,2014-01-01,,eng,160
8277,9780262337397,998,2016-01-01,,eng,472
8278,9781435712751,982,2008-01-01,,,384
8279,9781449360771,1205,2013-01-01,,eng,
8280,9781449364823,1205,2014-01-01,,eng,539
8281,9781535486903,427,1992-01-01,,eng,314
8282,9789043002172,31,1995-01-01,,"dut,ger,eng",395
8283,9780131228177,1316,1999-01-01,,eng,1015
8284,9780131887268,1404,1978-01-01,,eng,402
8285,9781785945335,1252,2015-01-01,,eng,61
8286,9781119638292,1929,2013-01-01,,eng,752
8287,9788441511453,100,2001-01-01,,spa,431
8288,9780314895639,1916,1992-01-01,,eng,452
8289,9780262240451,1754,2003-01-01,,eng,688
8290,9781845766573,1791,2007-01-01,,eng,176
8291,9780072401295,1053,1998-01-01,,eng,950
8292,9780672331411,733,1983-01-01,,eng,373
8293,9780008347291,716,2013-01-01,,eng,1
8294,9781119093107,902,2015-01-01,,eng,320
8295,9781119632566,1930,1977-01-01,,eng,392
8296,9780133970944,1298,2002-01-01,,eng,976
8297,9780134190136,59,1997-01-01,,eng,720
8298,9781854724465,1750,1989-01-01,,eng,128
8299,9781623027261,1923,1995-01-01,,eng,276
8300,9780201914658,56,2002-01-01,,eng,320
8301,9781602830257,157,2004-01-01,,"heb,eng,und",109
8302,9780134800196,1307,2004-01-01,,eng,885
8303,9780131025783,1404,1999-01-01,,eng,504
8304,9780596003166,1847,1998-01-01,,eng,1073
8305,9780071008495,1056,1991-01-01,,eng,422
8306,9781680502541,1388,2018-01-01,,eng,312
8307,9781119457893,620,2018-01-01,,,408
8308,9781118751237,1929,2013-01-01,,eng,256
8309,9781615470846,2009,2018-01-01,,eng,288
8310,9780805309102,56,1989-01-01,,eng,370
8311,9780471561521,1925,1993-01-01,,eng,390
8312,9788188132133,351,2011-01-01,,eng,883
8313,9781439079843,544,2000-01-01,,eng,691
8314,9781842657027,84,2004-01-01,,eng,419
8315,9780395839959,768,1900-01-01,,eng,1047
8316,9780689861116,1602,2004-01-01,,,288
8317,9780596006327,1199,2002-01-01,,eng,397
8318,9780470419595,903,2008-01-01,,eng,272
8319,9780072459036,878,2002-01-01,,eng,614
8320,9780007110377,1778,2001-01-01,,eng,96
8321,9780552099141,182,1975-01-01,,eng,275
8322,9781317753094,1506,2004-01-01,,eng,400
8323,9789490968106,229,2015-01-01,,eng,348
8324,9781488098642,714,2018-01-01,,eng,296
8325,9780201083293,63,1981-01-01,,eng,430
8326,9781449302146,1205,2011-01-01,,eng,330
8327,9780201423396,56,1996-01-01,,eng,380
8328,9781283374293,620,2004-01-01,,eng,848
8329,9780748356188,168,1993-01-01,,,300
8330,9780262337380,998,2013-01-01,,eng,320
8331,9780596518264,1591,2002-01-01,,eng,757
8332,9780691181615,1416,2018-01-01,,eng,296
8333,9780670431793,1863,1959-01-01,,"eng,ger,tur",189
8334,9780914845713,1100,1986-01-01,,eng,387
8335,9781929629046,1737,2000-01-01,,eng,173
8336,9780132465588,1310,2002-01-01,,eng,784
8337,9780393972177,1884,1999-01-01,,,432
8338,9780471033912,1929,1972-01-01,,eng,282
8339,9780763698331,323,2017-01-01,,eng,208
8340,9780673999863,58,1998-01-01,,eng,618
8341,9780596552152,1207,1998-01-01,,"eng,fre,ger",127
8342,9780201407211,56,1996-01-01,,eng,709
8343,9780786420995,1050,1995-01-01,,eng,849
8344,9780471837466,1925,1979-01-01,,eng,732
8345,9781558280342,1022,1988-01-01,,eng,562
8346,9780072918731,1077,1985-01-01,,eng,944
8347,9780471468301,882,1967-01-01,,eng,136
8348,9781400040926,935,2006-01-01,,eng,230
8349,9780072554502,1077,1996-01-01,,eng,628
8350,9780442010263,1929,1993-01-01,,eng,258
8351,9780201590623,56,1992-01-01,,eng,664
8352,9780393974379,1876,2000-01-01,,eng,788
8353,9781430217961,499,2007-01-01,,eng,447
8354,9780130927385,1399,1999-01-01,,"eng,pol",835
8355,9780312169961,1684,1998-01-01,,eng,247
8356,9798633985566,829,2016-01-01,,"eng,spa",255
8357,9781934356050,1388,2008-01-01,,eng,279
8358,9780201109504,56,1985-01-01,,eng,480
8359,9781118820100,1928,2014-01-01,,eng,434
8360,9780860823018,978,1981-01-01,,eng,256
8361,9788175152939,1522,1995-01-01,,eng,894
8362,9780590112819,197,1996-01-01,,"eng,fre",116
8363,9780387966144,1667,1988-01-01,,eng,273
8364,9780553114171,182,1975-01-01,,"eng,ger",189
8365,9780071839662,1062,2014-01-01,,,
8366,9780321150783,60,2003-01-01,,eng,222
8367,9781484746691,492,2016-01-01,,"eng,spa",
8368,9781566869874,1984,1999-01-01,,"eng,ger",496
8369,9780201709384,56,2000-01-01,,eng,279
8370,9781593277963,1181,2016-01-01,,eng,288
8371,9781118327302,1930,2011-01-01,,eng,489
8372,9780470685440,903,2004-01-01,,eng,
8373,9780078748202,1060,2003-01-01,,eng,172
8374,9780321117427,56,2002-01-01,,eng,210
8375,9780786184095,222,2000-01-01,,eng,271
8376,9781484249901,26,2019-01-01,,,422
8377,9781848567382,1790,2007-01-01,,eng,157
8378,9781890774059,1107,2000-01-01,,eng,780
8379,9780596528348,1243,2004-01-01,,"spa,eng",336
8380,9781259587405,1064,2012-01-01,,"eng,fre",186
8381,9781848562790,718,2007-01-01,,eng,219
8382,9788804658245,1569,2010-01-01,,"eng,pol,spa",1136
8383,9781440658747,1861,2009-01-01,,eng,379
8384,9781119743491,1925,1965-01-01,,"heb,fre,eng",294
8385,9781870845038,561,1979-01-01,,eng,194
8386,9780201571646,51,1997-01-01,,eng,832
8387,9788175152588,1873,1996-01-01,,eng,769
8388,9781306815741,1199,2005-01-01,,eng,443
8389,9781430211884,26,2006-01-01,,eng,640
8390,9780763781071,917,2009-01-01,,eng,950
8391,9781118549582,1935,2012-01-01,,eng,525
8392,9780131988477,1406,1988-01-01,,eng,354
8393,9780136619017,496,1986-01-01,,eng,413
8394,9780132946681,1168,2012-01-01,,eng,364
8395,9780135417812,1298,2019-01-01,,,1056
8396,9780673389015,1299,1974-01-01,,eng,603
8397,9780080510316,1120,1999-01-01,,eng,272
8398,9780689867095,1606,2004-01-01,,eng,288
8399,9782412048610,1929,2018-01-01,,"ger,eng",432
8400,9781416592402,1606,2008-01-01,,eng,
8401,9781566040099,1849,1992-01-01,,eng,230
8402,9780749462758,939,2011-01-01,,eng,136
8403,9780768662924,1522,2004-01-01,,eng,305
8404,9780446569262,1593,1988-01-01,,eng,244
8405,9780072222616,1056,2002-01-01,,eng,608
8406,9781306813594,1201,2011-01-01,,eng,150
8407,9781491974056,427,2017-01-01,,eng,523
8408,9781337117562,339,2017-01-01,,,1728
8409,9781449699390,911,2013-01-01,,eng,498
8410,9780470555156,1925,2012-01-01,,,612
8411,9781683923541,1091,2018-01-01,,eng,450
8412,9780130652485,1391,1999-01-01,,eng,671
8413,9780136080206,51,2004-01-01,,eng,998
8414,9780553127317,657,1972-01-01,,eng,170
8415,9780787234799,927,1995-01-01,,eng,221
8416,9780671932848,175,1997-01-01,,eng,624
8417,9780470195406,1930,2007-01-01,,"eng,ger",425
8418,9781943872367,1108,2012-01-01,,eng,612
8419,9781259641633,1060,2016-01-01,,eng,200
8420,9781565925090,1,1997-01-01,,"chi,eng",656
8421,9780316643580,1899,1996-01-01,,eng,277
8422,9780130158796,1693,1999-01-01,,eng,1296
8423,9781449391478,1205,2001-01-01,,eng,218
8424,9780136022121,1298,2011-01-01,,eng,768
8425,9780262610742,998,1991-01-01,,eng,335
8426,9780137538157,1258,1993-01-01,,eng,437
8427,9781466508705,310,2012-01-01,,eng,450
8428,9781498765428,310,2016-01-01,,eng,
8429,9780721656861,574,1990-01-01,,eng,369
8430,9781491904244,1830,2016-01-01,,eng,261
8431,9781937585501,1091,2006-01-01,,"hin,eng",397
8432,9780471407812,885,2001-01-01,,eng,689
8433,9780979958717,1179,2009-01-01,,,
8434,9780071420402,1056,2001-01-01,,eng,257
8435,9780997316001,384,2017-01-01,,eng,180
8436,9780471606963,904,1997-01-01,,eng,1004
8437,9788476151662,1056,1986-01-01,,"spa,eng",343
8438,9781517022150,2000,2015-01-01,,eng,258
8439,9780062083616,712,2013-01-01,,eng,446
8440,9788170293828,166,1994-01-01,,eng,748
8441,9781568816159,20,2003-01-01,,eng,544
8442,9780582212046,979,1992-01-01,,eng,44
8443,9780471266778,882,1970-01-01,,eng,124
8444,9780321592262,60,2004-01-01,,eng,704
8445,9781119641643,620,2015-01-01,,eng,136
8446,9781632533807,624,2015-01-01,,eng,176
8447,9780137918645,1404,1987-01-01,,eng,272
8448,9780132465885,1868,2003-01-01,,"eng,fre",525
8449,9780446572712,669,2010-01-01,,eng,184
8450,9780170101837,1089,1990-01-01,,eng,241
8451,9781491938577,1201,2016-01-01,,eng,134
8452,9780978762506,1257,2006-01-01,,eng,407
8453,9780141003405,1097,2001-01-01,,eng,320
8454,9780314632432,1915,1979-01-01,,eng,519
8455,9781118265185,1978,2012-01-01,,eng,408
8456,9781529394801,1760,2014-01-01,,eng,104
8457,9781680502398,1388,2012-01-01,,eng,352
8458,9781565924796,1199,1999-01-01,,eng,362
8459,9780534491826,414,1995-01-01,,eng,635
8460,9780256263770,1058,1995-01-01,,eng,750
8461,9781593277574,1180,2016-01-01,,,352
8462,9780394974156,1464,1985-01-01,,eng,44
8463,9780471481676,899,2002-01-01,,eng,976
8464,9780130161147,1392,1991-01-01,,eng,896
8465,9780071606301,1056,2011-01-01,,eng,1152
8466,9780135366479,1298,2019-01-01,,,992
8467,9781590282755,627,2016-01-01,,,552
8468,9780201403572,56,1996-01-01,,eng,500
8469,9781306815154,1199,2006-01-01,,eng,890
8470,9780851663036,964,1962-01-01,,eng,145
8471,9780130343116,1391,1995-01-01,,eng,746
8472,9780314012425,1914,1995-01-01,,eng,672
8473,9781491927281,1201,2017-01-01,,,622
8474,9780070672598,1068,1991-01-01,,"eng,spa",557
8475,9781838550240,2009,2020-01-01,,eng,640
8476,9781617294433,1026,2017-01-01,,eng,384
8477,9781449335908,1205,2013-01-01,,eng,322
8478,9780134543659,1316,2013-01-01,,eng,1160
8479,9781481461054,1604,2015-01-01,,eng,384
8480,9781484243909,26,2019-01-01,,,565
8481,9781770411173,1477,2014-01-01,,eng,467
8482,9780619217280,414,2003-01-01,,eng,735
8483,9781974431472,427,2017-01-01,,eng,236
8484,9781484214329,26,2016-01-01,,,388
8485,9780756663087,524,2010-01-01,,,208
8486,9781638356226,1028,2021-01-01,,eng,456
8487,9781368010023,631,2018-01-01,,eng,346
8488,9780720716313,1333,1985-01-01,,eng,736
8489,9780070238541,1053,1990-01-01,,eng,532
8490,9780136325895,1391,1997-01-01,,eng,1114
8491,9780538679459,872,1997-01-01,,eng,467
8492,9780671021504,1605,1998-01-01,,eng,160
8493,9780671040918,1605,2000-01-01,,eng,176
8494,9780137299881,1391,1969-01-01,,eng,785
8495,9781491937990,1201,2017-01-01,,eng,1024
8496,9780491028851,558,1981-01-01,,eng,177
8497,9780443014918,377,1972-01-01,,eng,218
8498,9781875696802,1021,2010-01-01,,eng,136
8499,9781584503903,361,2005-01-01,,eng,508
8500,9781933988696,1026,2012-01-01,,eng,392
8501,9780764568527,903,2004-01-01,,eng,432
8502,9781592000777,416,2003-01-01,,eng,472
8503,9781576761052,51,2004-01-01,,eng,367
8504,9781617293023,1026,2017-01-01,,eng,480
8505,9781567780529,1953,1988-01-01,,eng,163
8506,9780831131586,830,2000-01-01,,eng,540
8507,9781402075933,56,1984-01-01,,eng,491
8508,9780827345638,469,1963-01-01,,eng,506
8509,9780429621956,1737,2019-01-01,,eng,269
8510,9780345333506,464,1975-01-01,,"eng,ger",220
8511,9780387913070,1002,1981-01-01,,eng,140
8512,9781492077206,1201,2021-01-01,,eng,374
8513,9780201038088,63,1970-01-01,,eng,48
8514,9780805089646,758,2000-01-01,,eng,187
8515,9781593276690,1180,2016-01-01,,eng,304
8516,9781846074233,159,2008-01-01,,,96
8517,9780262692205,1754,1998-01-01,,eng,211
8518,9781506703763,456,2017-01-01,,,184
8519,9780070289215,1056,1972-01-01,,eng,498
8520,9780061991004,706,2010-01-01,,eng,244
8521,9780525508984,1472,2019-01-01,,eng,384
8522,9781584797951,38,2009-01-01,,eng,396
8523,9781306813112,1205,2013-01-01,,eng,332
8524,9788441518896,100,1998-01-01,,"eng,spa,fre",600
8525,9781593275402,1180,2014-01-01,,eng,
8526,9780721618883,1558,1979-01-01,,eng,702
8527,9783864134449,1133,2012-01-01,,"gem,eng",160
8528,9782953125160,942,2011-01-01,,fre,548
8529,9781292025988,1322,2000-01-01,,eng,672
8530,9781593275525,1180,2014-01-01,,eng,282
8531,9780517192054,1467,1993-01-01,,eng,400
8532,9781590591239,26,2004-01-01,,eng,558
8533,9781264302802,1053,2020-01-01,,eng,744
8534,9781394193196,1977,2011-01-01,,eng,1128
8535,9780201103427,1316,1976-01-01,,eng,326
8536,9781418835408,414,2004-01-01,,eng,1019
8537,9780534491321,414,2005-01-01,,eng,1156
8538,9780688146191,1451,1994-01-01,,eng,
8539,9780262287722,998,1962-01-01,,eng,112
8540,9780442318277,1843,1987-01-01,,eng,425
8541,9780782140064,1546,2001-01-01,,eng,272
8542,9781593274924,1180,2013-01-01,,eng,294
8543,9781465450913,1343,2014-01-01,,eng,176
8544,9780126729733,581,1993-01-01,,eng,532
8545,9781337102070,414,2012-01-01,,,688
8546,9781590593714,26,2004-01-01,,eng,388
8547,9781407023533,140,2005-01-01,,eng,272
8548,9780201026603,63,1962-01-01,,eng,520
8549,9781491910252,1201,2015-01-01,,eng,256
8550,9781846077494,712,2009-01-01,,eng,160
8551,9780201309621,57,1998-01-01,,eng,446
8552,9781558510197,983,1989-01-01,,eng,639
8553,9781592291342,1557,2006-01-01,,eng,480
8554,9781250107107,243,2017-01-01,,eng,359
8555,9780133985078,1316,2009-01-01,,eng,600
8556,9781316758793,322,2017-01-01,,eng,1002
8557,9781852274443,516,1994-01-01,,eng,176
8558,9780978979706,68,2006-01-01,,,672
8559,9780525943020,708,1995-01-01,,eng,260
8560,9780748108664,968,2007-01-01,,eng,352
8561,9780429083457,1736,2015-01-01,,eng,468
8562,9780201708714,51,2000-01-01,,eng,679
8563,9780736084024,773,2012-01-01,,eng,336
8564,9781118173022,898,2010-01-01,,eng,240
8565,9780672329784,56,2000-01-01,,eng,558
8566,9780201622171,56,1993-01-01,,eng,879
8567,9780764532276,794,1998-01-01,,eng,1039
8568,9780596522193,1205,1995-01-01,,eng,987
8569,9781934015223,833,2008-01-01,,eng,437
8570,9780486432847,530,1958-01-01,,eng,302
8571,9783898425261,1494,1900-01-01,,ger,1308
8572,9780671021238,1605,1998-01-01,,eng,144
8573,9781107266483,322,2000-01-01,,eng,382
8574,9781610396110,1218,2016-01-01,,eng,272
8575,9781931841306,1390,2002-01-01,,eng,919
8576,9781608876051,376,2013-01-01,,eng,192
8577,9780521535045,1826,2005-01-01,,eng,403
8578,9781845765347,255,2005-01-01,,eng,168
8579,9780596004231,1199,2002-01-01,,"eng,ger",128
8580,9781840782950,398,2002-01-01,,eng,192
8581,9780534954093,1265,1995-01-01,,eng,754
8582,9781861000125,506,1997-01-01,,eng,611
8583,9781119056058,1929,2015-01-01,,eng,368
8584,9781592730049,1168,2003-01-01,,eng,611
8585,9781638355175,1026,2017-01-01,,eng,392
8586,9781890774790,1107,2010-01-01,,eng,848
8587,9780201134483,63,1970-01-01,,eng,483
8588,9788131725221,1247,2007-01-01,,"hin,eng",1373
8589,9781784932404,1437,2015-01-01,,eng,64
8590,9780131098770,1391,1985-01-01,,eng,217
8591,9780135181966,51,2000-01-01,,eng,240
8592,9780671790912,1380,1979-01-01,,eng,160
8593,9780357025758,414,2019-01-01,,eng,768
8594,9780357025765,414,2019-01-01,,eng,912
8595,9780357025703,414,2019-01-01,,eng,448
8596,9781118891452,899,2014-01-01,,,
8597,9781785940262,1343,2016-01-01,,eng,488
8598,9780321498052,51,2007-01-01,,eng,736
8599,9788471461490,566,1974-01-01,,spa,
8600,9781282650367,1391,1996-01-01,,eng,700
8601,9781617294037,1026,2018-01-01,,eng,472
8602,9780130409560,1399,2001-01-01,,eng,400
8603,9781892309204,1556,2001-01-01,,eng,16
8604,9781299385269,1930,2013-01-01,,"fre,ger,eng",384
8605,9780910034319,70,1997-01-01,,eng,354
8606,9780879234188,181,1982-01-01,,eng,198
8607,9780071800020,1056,2013-01-01,,,537
8608,9780671894221,1687,1991-01-01,,eng,442
8609,9780136012672,1391,2004-01-01,,eng,1314
8610,9780534947408,1891,1990-01-01,,eng,423
8611,9781337397070,339,2019-01-01,,eng,870
8612,9781839216763,2009,2020-01-01,,eng,420
8613,9781430237778,511,2011-01-01,,eng,252
8614,9780523422596,1369,1984-01-01,,eng,297
8615,9780805330755,1303,1966-01-01,,eng,290
8616,9780937175118,1201,1988-01-01,,eng,673
8617,9781882114115,4,1988-01-01,,eng,224
8618,9780672318610,1522,2000-01-01,,eng,425
8619,9781118717059,899,2014-01-01,,,
8620,9781556155550,1103,1993-01-01,,eng,615
8621,9780136204435,1316,2016-01-01,,eng,440
8622,9780133378733,1316,2013-01-01,,eng,1080
8623,9781680500417,1388,2015-01-01,,eng,128
8624,9789332553934,56,1997-01-01,,"eng,chi",184
8625,9780344300349,1481,1909-01-01,,"ger,heb,eng",161
8626,9781491929070,1205,2015-01-01,,eng,263
8627,9780345424488,179,1998-01-01,,eng,178
8628,9781306401739,144,2011-01-01,,eng,334
8629,9780321635372,56,2009-01-01,,eng,269
8630,9781593279288,1180,2019-01-01,,eng,544
8631,9780752265056,303,2002-01-01,,"fre,eng",160
8632,9781260031317,1064,2018-01-01,,,304
8633,9781305109919,343,2014-01-01,,,352
8634,9781932111750,1290,2003-01-01,,eng,752
8635,9781945053047,372,2016-01-01,,eng,283
8636,9781568220802,857,1990-01-01,,eng,48
8637,9781934356456,1756,2010-01-01,,eng,374
8638,9780062293107,1830,2014-01-01,,eng,256
8639,9780470688670,898,2010-01-01,,"eng,chi",516
8640,9780918082039,337,1976-01-01,,eng,287
8641,9781568842004,793,1995-01-01,,eng,397
8642,9780712604116,352,1984-01-01,,eng,126
8643,9780571234929,600,2005-01-01,,"eng,fre,kor",164
8644,9780072253573,1082,2001-01-01,,eng,1014
8645,9781484201879,26,2014-01-01,,eng,309
8646,9780062552686,721,1991-01-01,,eng,
8647,9781482254198,1737,2015-01-01,,eng,750
8648,9780201657685,56,2000-01-01,,eng,443
8649,9781472258298,712,2019-01-01,,eng,320
8650,9780131872448,1307,2007-01-01,,eng,672
8651,9781535196956,2005,2016-01-01,,eng,288
8652,9780357026434,414,2019-01-01,,eng,976
8653,9780357025673,339,2019-01-01,,eng,664
8654,9798847211437,829,2022-01-01,,eng,
8655,9781250075581,1830,2016-01-01,,eng,359
8656,9781284089189,911,2016-01-01,,eng,838
8657,9781449358457,1205,2014-01-01,,eng,438
8658,9780132858113,1298,1998-01-01,,eng,940
8659,9780763710637,917,1996-01-01,,eng,1100
8660,9780205281473,79,1968-01-01,,eng,384
8661,9788590379850,1498,2003-01-01,,eng,328
8662,9780072322033,1060,1996-01-01,,eng,643
8663,9781430231585,820,2010-01-01,,eng,780
8664,9780131460997,1168,2003-01-01,,eng,476
8665,9780716782841,1873,1992-01-01,,eng,786
8666,9780393955446,1884,1986-01-01,,eng,500
8667,9780596800857,1201,2007-01-01,,eng,589
8668,9780534033538,1894,1985-01-01,,eng,556
8669,9781565923607,1622,1997-01-01,,eng,241
8670,9781780174785,164,2020-01-01,,eng,232
8671,9780764537509,776,1998-01-01,,eng,396
8672,9781935182351,1027,2004-01-01,,eng,496
8673,9781506708935,456,2019-01-01,,eng,160
8674,9780138220648,1404,1980-01-01,,eng,269
8675,9781934356555,2035,2010-01-01,,eng,323
8676,9780596516451,1199,2001-01-01,,"fre,eng",223
8677,9780937175903,1205,1991-01-01,,eng,143
8678,9780596554309,1201,2008-01-01,,eng,710
8679,9780357377659,469,2007-01-01,,eng,808
8680,9780673180506,1579,1985-01-01,,eng,349
8681,9780609806524,1781,2000-01-01,,eng,176
8682,9781937585686,1091,2012-01-01,,eng,350
8683,9780321585448,1297,2009-01-01,,eng,185
8684,9780201184839,56,1988-01-01,,eng,377
8685,9780878916962,1487,1989-01-01,,eng,119
8686,9781405331890,521,2007-01-01,,eng,71
8687,9780072822564,1061,2003-01-01,,eng,529
8688,9781306811910,1205,2013-01-01,,eng,700
8689,9781782191148,231,2012-01-01,,eng,266
8690,9780262280402,998,1993-01-01,,eng,170
8691,9780357110065,1890,2014-01-01,,eng,984
8692,9780321643377,1168,2010-01-01,,eng,675
8693,9781577485551,186,1999-01-01,,eng,176
8694,9781883577032,410,1994-01-01,,eng,449
8695,9780471513339,1925,1993-01-01,,eng,715
8696,9780763795931,911,2011-01-01,,eng,376
8697,9781617293092,1026,2018-01-01,,eng,360
8698,9780078814686,1231,1989-01-01,,eng,526
8699,9781593271190,1180,2006-01-01,,eng,602
8700,9780201633375,1316,1994-01-01,,eng,616
8701,9780006385424,757,1998-01-01,,"fre,dut,por",302
8702,9781555520175,435,1990-01-01,,eng,188
8703,9780471749592,1925,1989-01-01,,eng,720
8704,9780981531601,123,2008-01-01,,,736
8705,9780812557329,678,1984-01-01,,eng,192
8706,9780133387643,1316,2004-01-01,,eng,1195
8707,9781890774240,1107,2004-01-01,,eng,687
8708,9780135471944,56,2011-01-01,,eng,1204
8709,9780471963363,1925,1997-01-01,,eng,492
8710,9781565290389,1444,1992-01-01,,eng,754
8711,9781281151162,310,2004-01-01,,eng,475
8712,9780590203098,1570,1995-01-01,,eng,
8713,9781584889298,309,2009-01-01,,eng,438
8714,9781439040218,415,2009-01-01,,eng,881
8715,9780061064272,722,1996-01-01,,eng,112
8716,9781598632880,419,2005-01-01,,eng,391
8717,9781492055754,841,2010-01-01,,eng,634
8718,9781498786591,1737,2007-01-01,,eng,416
8719,9780511574979,1538,1998-01-01,,eng,417
8720,9780139798092,1391,1995-01-01,,eng,827
8721,9781515764243,325,2017-01-01,,eng,48
8722,9781882114061,630,1986-01-01,,eng,338
8723,9783527847532,1925,2011-01-01,,"eng,ger",752
8724,9781837637614,1274,2019-01-01,,eng,807
8725,9781111530532,415,2011-01-01,,eng,1088
8726,9781484259368,26,2020-01-01,,,200
8727,9781608876433,1830,2016-01-01,,eng,106
8728,9781455512850,669,2013-01-01,,eng,290
8729,9781491904190,1830,2015-01-01,,eng,182
8730,9780132761680,1399,2005-01-01,,eng,960
8731,9781439806111,1737,2009-01-01,,eng,453
8732,9780071142595,1075,2007-01-01,,eng,
8733,9780778715580,424,2015-01-01,,eng,32
8734,9780198084563,1212,2013-01-01,,,
8735,9780671003227,1606,1996-01-01,,eng,162
8736,9781932100082,201,2003-01-01,,eng,215
8737,9781852865382,1631,1979-01-01,,"eng,ger",155
8738,9781593271039,1180,2006-01-01,,eng,648
8739,9780671704278,1687,1991-01-01,,eng,192
8740,9780071353465,1056,1995-01-01,,eng,429
8741,9781317418146,1737,2008-01-01,,eng,400
8742,9781718500389,1181,2004-01-01,,eng,640
8743,9780201703535,60,2000-01-01,,eng,336
8744,9781801078313,2009,2019-01-01,,eng,524
8745,9780130268648,1391,1999-01-01,,eng,431
8746,9781119963134,1928,2012-01-01,,eng,408
8747,9780782122725,165,1998-01-01,,eng,1285
8748,9781538103739,1510,2018-01-01,,,802
8749,9781491918890,1205,2015-01-01,,eng,192
8750,9781541525122,958,2017-01-01,,eng,32
8751,9781445155968,691,2017-01-01,,eng,32
8752,9781119358770,1929,2017-01-01,,eng,272
8753,9780072518740,327,2001-01-01,,eng,694
8754,9780471882459,1925,1985-01-01,,eng,226
8755,9781136868566,1737,1987-01-01,,eng,424
8756,9780521562478,322,1996-01-01,,eng,524
8757,9780201327557,56,1999-01-01,,eng,1357
8758,9798740701967,981,1884-01-01,,"eng,heb",157
8759,9780387220819,1543,2003-01-01,,eng,368
8760,9781506721941,457,2014-01-01,,eng,192
8761,9781405175555,1944,2008-01-01,,eng,319
8762,9781882114818,630,1993-01-01,,eng,157
8763,9780345272126,464,1977-01-01,,eng,215
8764,9780669173420,446,1990-01-01,,eng,413
8765,9780133592207,1298,2008-01-01,,eng,780
8766,9781568381220,736,1996-01-01,,eng,257
8767,9780140178869,1336,1993-01-01,,eng,256
8768,9780262201759,998,2008-01-01,,eng,1346
8769,9780124790407,43,1993-01-01,,eng,493
8770,9780915873463,1151,2006-01-01,,eng,160
8771,9780892963768,1139,1989-01-01,,eng,353
8772,9781481428149,1603,2014-01-01,,"spa,eng",344
8773,9780262610261,1754,1978-01-01,,eng,285
8774,9781592000388,416,2004-01-01,,eng,627
8775,9780387071671,1543,1974-01-01,,"eng,rus",254
8776,9781491904411,1201,2012-01-01,,eng,341
8777,9780912912011,422,1970-01-01,,"eng,ger",280
8778,9780131528444,1391,1987-01-01,,eng,384
8779,9780440506836,466,1994-01-01,,eng,393
8780,9780132104753,1391,2006-01-01,,eng,600
8781,9780619160234,414,2004-01-01,,eng,603
8782,9781482214512,310,2014-01-01,,eng,607
8783,9780131827189,1404,1989-01-01,,eng,269
8784,9780534371302,414,1997-01-01,,eng,991
8785,9780393532029,1876,2014-01-01,,eng,728
8786,9781118957400,1546,2014-01-01,,,432
8787,9781465443922,450,2015-01-01,,,40
8788,9780669248784,921,1991-01-01,,eng,796
8789,9780201179286,56,1989-01-01,,eng,147
8790,9780596518189,1199,2009-01-01,,eng,470
8791,9781292027081,1316,1996-01-01,,"eng,gre,lat",540
8792,9781886411364,1180,2000-01-01,,eng,447
8793,9781783295753,1791,2015-01-01,,,176
8794,9781484260227,26,2020-01-01,,,
8795,9780130673879,1404,2000-01-01,,eng,1254
8796,9788466356893,181,2014-01-01,,"spa,ger,eng",840
8797,9780201577976,63,1991-01-01,,eng,1210
8798,9780814331217,1908,2005-01-01,,eng,129
8799,9780321526564,1316,2007-01-01,,eng,760
8800,9780340408193,1739,1987-01-01,,,236
8801,9781111642884,1143,2011-01-01,,eng,510
8802,9780071606325,1072,2011-01-01,,eng,
8803,9781337251952,339,2016-01-01,,eng,848
8804,9780596150242,1205,1998-01-01,,eng,1240
8805,9783519123279,155,1972-01-01,,"ger,eng",165
8806,9780321817143,1316,2012-01-01,,eng,288
8807,9780030116520,1559,1992-01-01,,eng,163
8808,9780691175782,1416,2013-01-01,,eng,192
8809,9780671021498,1380,1998-01-01,,,149
8810,9780321584106,56,2011-01-01,,eng,413
8811,9780880228855,1444,1988-01-01,,eng,744
8812,9780426204589,517,1992-01-01,,eng,256
8813,9781292119458,1316,2010-01-01,,eng,1248
8814,9781118419298,1929,2013-01-01,,eng,384
8815,9781933771175,201,2007-01-01,,eng,208
8816,9780070570214,1060,1983-01-01,,eng,678
8817,9780596003395,1205,2004-01-01,,eng,1154
8818,9780130389435,1564,1981-01-01,,eng,342
8819,9781837636211,1274,2019-01-01,,eng,350
8820,9780134673257,251,1983-01-01,,eng,387
8821,9780071808552,1060,2014-01-01,,,1312
8822,9781259589331,1060,2017-01-01,,,1344
8823,9780201118896,63,1988-01-01,,eng,207
8824,9780672301582,1552,1992-01-01,,eng,784
8825,9780070651746,1056,1979-01-01,,eng,721
8826,9780071435048,402,2003-01-01,,eng,179
8827,9781840788242,825,2017-01-01,,eng,192
8828,9781536444346,1861,2017-01-01,,eng,172
8829,9780851708492,170,2001-01-01,,eng,163
8830,9780155050020,699,1970-01-01,,eng,327
8831,9780764541667,1929,2004-01-01,,eng,400
8832,9780324317138,698,1974-01-01,,"und,eng",576
8833,9781558511736,983,1992-01-01,,eng,541
8834,9780939798018,672,1981-01-01,,eng,444
8835,9780130862020,1329,1992-01-01,,eng,667
8836,9781852864729,1380,1981-01-01,,eng,182
8837,9781282692992,1248,1992-01-01,,"ita,spa,fre",1168
8838,9781492041214,1205,2016-01-01,,eng,544
8839,9780262571340,998,1994-01-01,,eng,337
8840,9780324003215,1916,1976-01-01,,eng,785
8841,9781119496489,1929,2000-01-01,,eng,537
8842,9780735710900,1522,2002-01-01,,eng,691
8843,9780765352408,162,1997-01-01,,eng,361
8844,9780998866321,887,2017-01-01,,eng,450
8845,9781498738460,1737,2016-01-01,,eng,344
8846,9781576104002,410,1999-01-01,,eng,816
8847,9780764501685,794,1998-01-01,,eng,359
8848,9780761523345,1390,1999-01-01,,eng,300
8849,9781419701191,37,2011-01-01,,eng,
8850,9780201514599,56,1990-01-01,,eng,459
8851,9788372783950,633,2009-01-01,,"dut,tur,dan",400
8852,9780768662337,1522,1997-01-01,,eng,1040
8853,9780815605041,1713,1996-01-01,,eng,220
8854,9781449399917,1199,2012-01-01,,eng,591
8855,9781786642141,617,2015-01-01,,eng,128
8856,9780895887689,1546,1984-01-01,,eng,319
8857,9781405519458,1225,1995-01-01,,eng,416
8858,9780394750590,1864,1987-01-01,,eng,252
8859,9780139318740,1399,1990-01-01,,eng,698
8860,9780806514130,334,1993-01-01,,eng,183
8861,9780201512168,56,1987-01-01,,eng,652
8862,9781782163404,1274,2013-01-01,,,116
8863,9780534082444,331,1987-01-01,,eng,567
8864,9780135306444,1317,1971-01-01,,eng,840
8865,9781580892094,363,2009-01-01,,eng,44
8866,9788131788424,1308,2003-01-01,,eng,728
8867,9781118136584,1929,1992-01-01,,eng,528
8868,9781449396336,1227,2009-01-01,,"eng,ger",519
8869,9780835970129,1491,1984-01-01,,eng,256
8870,9781633430112,1026,2016-01-01,,eng,296
8871,9781617295812,1028,2019-01-01,,eng,408
8872,9780007155460,570,2003-01-01,,eng,224
8873,9781408272367,520,1993-01-01,,eng,890
8874,9781118328002,1925,2012-01-01,,eng,144
8875,9780446674201,187,1995-01-01,,eng,309
8876,9781482217162,313,2014-01-01,,,535
8877,9780385722377,528,2001-01-01,,eng,312
8878,9781568300542,67,1993-01-01,,eng,209
8879,9780321712943,56,2011-01-01,,eng,597
8880,9781837637652,1277,2015-01-01,,eng,248
8881,9781498717359,573,2010-01-01,,eng,332
8882,9781282645844,427,2010-01-01,,eng,805
8883,9780894646577,1925,1974-01-01,,eng,381
8884,9780007110209,1778,2001-01-01,,eng,224
8885,9789657489161,843,2010-01-01,,eng,613
8886,9781476665993,1051,2004-01-01,,eng,1046
8887,9780805304923,204,1989-01-01,,eng,600
8888,9781846079870,558,2010-01-01,,,
8889,9781119177302,1929,2016-01-01,,eng,128
8890,9781032006635,309,2014-01-01,,eng,476
8891,9780793534241,976,1800-01-01,,"ger,eng,mul",48
8892,9780023596513,1229,1990-01-01,,eng,655
8893,9780134498379,1298,2017-01-01,,,1344
8894,9780321441942,56,1992-01-01,,"eng,ger",824
8895,9783982016115,1780,2018-01-01,,,264
8896,9783898646338,2010,2009-01-01,,"eng,ger",212
8897,9781932111002,410,2000-01-01,,eng,1196
8898,9780932666246,1716,1981-01-01,,eng,280
8899,9780316247542,969,2013-01-01,,eng,256
8900,9781491924464,1206,2015-01-01,,eng,72
8901,9780201527100,59,1982-01-01,,"eng,und",820
8902,9781447166429,1675,2011-01-01,,eng,252
8903,9780195120165,1237,1973-01-01,,eng,196
8904,9780471747871,1925,1976-01-01,,eng,286
8905,9780672310706,1552,1994-01-01,,eng,815
8906,9780531046371,1904,1983-01-01,,eng,79
8907,9781680501452,1388,2016-01-01,,eng,300
8908,9780671019488,1380,1998-01-01,,eng,171
8909,9780471633709,1925,1985-01-01,,"eng,und",828
8910,9781932100600,494,2005-01-01,,eng,227
8911,9780195690378,1237,2007-01-01,,eng,693
8912,9780471578055,1925,1993-01-01,,eng,413
8913,9780123390950,25,1995-01-01,,eng,415
8914,9781474625791,136,1989-01-01,,eng,256
8915,9781855542433,322,1991-01-01,,eng,260
8916,9781491996690,1201,2019-01-01,,,480
8917,9780385483292,528,1995-01-01,,eng,159
8918,9780140157147,1251,1991-01-01,,eng,225
8919,9781337560092,339,2018-01-01,,,476
8920,9781472928641,605,2016-01-01,,eng,64
8921,9781884133251,889,1997-01-01,,eng,925
8922,9781944823078,1555,2016-01-01,,eng,225
8923,9780538618007,1629,1983-01-01,,eng,387
8924,9781118228784,620,2012-01-01,,eng,480
8925,9780974514017,1757,2003-01-01,,eng,176
8926,9781536417258,682,2010-01-01,,eng,106
8927,9781449332495,1207,2004-01-01,,eng,480
8928,9781282471870,1928,2007-01-01,,eng,360
8929,9781135631567,978,1992-01-01,,eng,359
8930,9781617293764,1026,2018-01-01,,eng,616
8931,9781474934152,1813,2017-01-01,,eng,95
8932,9781803230603,1277,2021-01-01,,eng,826
8933,9780882759197,1618,1969-01-01,,eng,220
8934,9787302057512,1407,2001-01-01,,"eng,chi",1057
8935,9781315362618,310,2015-01-01,,eng,487
8936,9781605094113,1476,2003-01-01,,eng,291
8937,9781119254140,920,2016-01-01,,eng,704
8938,9781879618039,347,1962-01-01,,"eng,fre",134
8939,9780131086142,1399,1995-01-01,,eng,530
8940,9780312168032,1685,1998-01-01,,eng,312
8941,9781615645053,86,2014-01-01,,eng,403
8942,9781449373955,1203,2014-01-01,,eng,252
8943,9781617291418,1026,2014-01-01,,eng,520
8944,9780262550178,1754,1988-01-01,,eng,304
8945,9781484254394,26,2020-01-01,,,1400
8946,9780749920302,1366,2000-01-01,,eng,288
8947,9781933097008,1291,2005-01-01,,eng,515
8948,9780929306322,1887,1998-01-01,,eng,824
8949,9780471418467,1925,1997-01-01,,eng,767
8950,9780201119930,63,1987-01-01,,eng,844
8951,9781543933475,1001,2012-01-01,,eng,395
8952,9781118855386,1929,2011-01-01,,eng,456
8953,9780133097252,1391,1998-01-01,,eng,372
8954,9781845767150,449,2006-01-01,,eng,160
8955,9781119121022,1929,2015-01-01,,eng,288
8956,9781788294287,1275,2017-01-01,,,316
8957,9780672326011,1307,1996-01-01,,eng,955
8958,9781556153952,1103,1992-01-01,,eng,983
8959,9780911537000,1316,1983-01-01,,eng,355
8960,9780835956611,1491,1979-01-01,,eng,581
8961,9781554909346,547,2010-01-01,,eng,271
8962,9780135836712,1553,2013-01-01,,eng,456
8963,9781568814322,1737,2011-01-01,,eng,343
8964,9780134888019,1391,2001-01-01,,eng,625
8965,9781541524361,958,2017-01-01,,eng,32
8966,9780521253024,322,1983-01-01,,eng,191
8967,9780877098195,247,1989-01-01,,eng,720
8968,9781565923546,1204,1999-01-01,,eng,194
8969,9780810451544,732,1980-01-01,,eng,330
8970,9781118795484,899,2013-01-01,,,
8971,9780394862149,1464,1983-01-01,,eng,62
8972,9780061729065,710,2007-01-01,,eng,240
8973,9780062472472,712,2017-01-01,,eng,284
8974,9789683915191,1417,1990-01-01,,"eng,spa",273
8975,9780534378950,542,1991-01-01,,"eng,und",351
8976,9780470044100,1930,2006-01-01,,eng,368
8977,9782038700305,1824,1788-01-01,,"eng,fre,por",171
8978,9781593278656,1181,2020-01-01,,eng,368
8979,9781782175117,1277,2015-01-01,,eng,360
8980,9780669173444,444,1990-01-01,,eng,70
8981,9781509813612,1283,2015-01-01,,eng,224
8982,9781506080949,1277,2013-01-01,,eng,122
8983,9780735697454,1103,2015-01-01,,eng,544
8984,9781861002969,1331,1999-01-01,,eng,909
8985,9786051719863,437,1985-01-01,,eng,249
8986,9781565929708,1200,1998-01-01,,eng,757
8987,9780131730441,1391,1968-01-01,,eng,1103
8988,9780671536107,1380,1993-01-01,,eng,263
8989,9781498799126,310,2018-01-01,,eng,501
8990,9780452258419,1166,1986-01-01,,eng,374
8991,9780307220332,1919,1992-01-01,,eng,116
8992,9781844226702,944,2005-01-01,,eng,48
8993,9780874831511,143,1990-01-01,,eng,192
8994,9780028029900,650,1988-01-01,,eng,320
8995,9780072255133,1072,2004-01-01,,eng,496
8996,9780786463688,1049,1988-01-01,,eng,332
8997,9780523424392,1369,1985-01-01,,,181
8998,9781285845777,339,2012-01-01,,eng,384
8999,9780135343487,1399,1996-01-01,,eng,270
9000,9780201379266,56,1999-01-01,,eng,816
9001,9780073378541,1044,1989-01-01,,eng,280
9002,9780470296134,1925,2000-01-01,,eng,626
9003,9781107452640,322,2014-01-01,,eng,352
9004,9781838647650,1274,2016-01-01,,eng,648
9005,9780553278750,182,1983-01-01,,"und,eng",203
9006,9780123790507,40,1975-01-01,,eng,299
9007,9780534359645,543,2002-01-01,,eng,924
9008,9781556221620,1963,1991-01-01,,eng,495
9009,9780809580422,242,1987-01-01,,eng,53
9010,9780314631497,1625,1982-01-01,,eng,872
9011,9781576760598,51,1998-01-01,,eng,880
9012,9780262620642,1754,1989-01-01,,eng,1271
9013,9780471222682,1925,1976-01-01,,eng,144
9014,9780491034623,1189,1984-01-01,,eng,144
9015,9781419724428,744,2016-01-01,,eng,160
9016,9781617292323,1026,2015-01-01,,,352
9017,9788189940379,653,2007-01-01,,eng,
9018,9781495926969,427,2010-01-01,,eng,294
9019,9780553143232,181,1976-01-01,,eng,237
9020,9780262162098,1754,2002-01-01,,eng,645
9021,9780130420527,1406,1993-01-01,,eng,604
9022,9780321664037,1318,2002-01-01,,eng,696
9023,9780749456610,938,2006-01-01,,eng,166
9024,9781571691125,1897,1997-01-01,,eng,2238
9025,9781617293436,1026,2017-01-01,,eng,320
9026,9780132151788,1316,2010-01-01,,eng,992
9027,9781565923041,1201,1997-01-01,,"fre,eng",996
9028,9780753508442,1865,2000-01-01,,eng,264
9029,9780763778958,916,2010-01-01,,eng,381
9030,9780596007010,1199,2001-01-01,,eng,890
9031,9780345427205,179,1995-01-01,,eng,269
9032,9780881750041,396,1983-01-01,,eng,446
9033,9781788835886,1274,2018-01-01,,,452
9034,9781575952574,1006,1999-01-01,,eng,
9035,9781465437853,526,2015-01-01,,eng,228
9036,9781577180647,227,1990-01-01,,eng,288
9037,9783642968693,1543,1984-01-01,,eng,168
9038,9780321553577,1297,2002-01-01,,eng,442
9039,9781315303703,1737,2009-01-01,,eng,283
9040,9781281942692,547,2006-01-01,,eng,383
9041,9780130621481,269,1999-01-01,,eng,615
9042,9780393952056,1186,1982-01-01,,eng,583
9043,9780760362945,2007,2018-01-01,,,224
9044,9781405813884,1404,2001-01-01,,eng,1496
9045,9788425348198,658,2011-01-01,,"eng,spa",192
9046,9781556158018,1102,1994-01-01,,eng,881
9047,9781449302443,1201,2012-01-01,,eng,167
9048,9781491904220,1201,2015-01-01,,eng,280
9049,9780321468932,1326,2002-01-01,,eng,943
9050,9781617294549,1026,2018-01-01,,eng,522
9051,9780835953054,1404,1986-01-01,,eng,567
9052,9780907876083,46,1983-01-01,,eng,197
9053,9781118823934,1925,2010-01-01,,eng,450
9054,9780123693792,1123,1995-01-01,,eng,840
9055,9780671729561,1380,1986-01-01,,eng,128
9056,9781647001155,1696,2010-01-01,,eng,432
9057,9780596522261,1205,2004-01-01,,eng,879
9058,9781783280971,1277,2014-01-01,,eng,634
9059,9780133708752,1391,1996-01-01,,eng,432
9060,9781493944729,1936,2001-01-01,,eng,833
9061,9788131700051,60,1992-01-01,,eng,944
9062,9780470723999,903,2008-01-01,,eng,306
9063,9781617294624,1026,2018-01-01,,eng,340
9064,9781118337059,1930,2004-01-01,,eng,224
9065,9780596002695,1204,2002-01-01,,eng,280
9066,9780441889754,45,1979-01-01,,eng,327
9067,9781638353799,1028,2009-01-01,,eng,529
9068,9780130885463,1329,2007-01-01,,eng,471
9069,9780397445929,664,1980-01-01,,eng,106
9070,9780028641430,80,2001-01-01,,eng,408
9071,9781584504719,361,2006-01-01,,eng,406
9072,9781575026756,1128,1997-01-01,,eng,408
9073,9780716721253,1880,1990-01-01,,eng,357
9074,9780310326199,1997,2010-01-01,,eng,
9075,9780722104064,160,1976-01-01,,eng,120
9076,9781260466669,1060,2016-01-01,,eng,464
9077,9781483313382,1520,2015-01-01,,eng,464
9078,9780205058976,79,1972-01-01,,eng,325
9079,9780201615623,56,1999-01-01,,eng,224
9080,9780262296991,998,1997-01-01,,eng,130
9081,9781118555439,1925,2013-01-01,,eng,479
9082,9780763761370,917,1986-01-01,,eng,498
9083,9780079136787,1888,1998-01-01,,eng,674
9084,9781134507047,1506,2004-01-01,,eng,190
9085,9780070052956,1076,1966-01-01,,eng,377
9086,9781565926592,1205,2000-01-01,,eng,561
9087,9781435454279,343,2010-01-01,,eng,379
9088,9780917072079,1990,1978-01-01,,eng,352
9089,9781846072918,1473,2007-01-01,,eng,192
9090,9781107333598,322,2013-01-01,,eng,253
9091,9780471518204,1925,1986-01-01,,eng,367
9092,9780534230494,1893,1994-01-01,,eng,884
9093,9780394520858,1134,1981-01-01,,eng,178
9094,9780198065289,1241,2012-01-01,,,528
9095,9780672325861,1307,2004-01-01,,eng,556
9096,9780563362920,158,1991-01-01,,eng,154
9097,9781783553358,1277,2014-01-01,,eng,413
9098,9780669095708,444,1983-01-01,,eng,822
9099,9780534939724,1266,1997-01-01,,eng,582
9100,9780894332012,1359,1983-01-01,,eng,151
9101,9781484256251,26,2020-01-01,,,1057
9102,9781111526504,339,2011-01-01,,eng,406
9103,9781409349402,450,2001-01-01,,,
9104,9781429502610,1339,2006-01-01,,eng,266
9105,9780133039924,60,2012-01-01,,eng,
9106,9780471954866,1925,1986-01-01,,eng,328
9107,9789062336586,1391,1990-01-01,,"dut,eng",521
9108,9780895880697,1546,1979-01-01,,eng,624
9109,9781590591468,111,2000-01-01,,eng,860
9110,9781565920002,1243,1990-01-01,,eng,366
9111,9781801812870,1277,2019-01-01,,eng,
9112,9780827390683,468,1999-01-01,,eng,370
9113,9780672330162,1307,2004-01-01,,eng,330
9114,9780007481118,1951,2012-01-01,,eng,581
9115,9781509844951,1283,2017-01-01,,eng,288
9116,9781878739186,1897,1993-01-01,,eng,556
9117,9781509304585,1103,2017-01-01,,eng,528
9118,9780672310690,1553,1992-01-01,,eng,720
9119,9780060405175,704,1981-01-01,,eng,338
9120,9781933615554,90,2009-01-01,,eng,646
9121,9781491948774,1201,2016-01-01,,eng,488
9122,9780735615540,1103,2002-01-01,,eng,405
9123,9780669200423,444,1989-01-01,,eng,515
9124,9780538748872,339,2010-01-01,,eng,896
9125,9780764503887,793,1996-01-01,,eng,382
9126,9780201725933,56,1996-01-01,,eng,379
9127,9781449390709,1199,2010-01-01,,eng,178
9128,9780321321930,60,1997-01-01,,eng,540
9129,9781558510395,985,1989-01-01,,eng,582
9130,9781138491076,1506,2018-01-01,,eng,390
9131,9781874416203,1978,1996-01-01,,eng,577
9132,9780071009324,1060,1990-01-01,,eng,646
9133,9781280255731,1977,2005-01-01,,eng,458
9134,9780735668768,1103,2010-01-01,,eng,879
9135,9781593278786,1180,2018-01-01,,,240
9136,9781786463890,1274,2017-01-01,,,340
9137,9781119330530,620,2017-01-01,,eng,432
9138,9780451152671,1594,1981-01-01,,eng,1
9139,9781593278052,1180,2017-01-01,,,312
9140,9780071832885,1062,2014-01-01,,,486
9141,9780471266792,1925,1965-01-01,,"und,eng",216
9142,9781856176316,509,2005-01-01,,eng,359
9143,9780201137996,56,1982-01-01,,eng,558
9144,9780132397285,1391,2007-01-01,,eng,688
9145,9780916990244,1094,1990-01-01,,eng,221
9146,9780764558641,1929,2001-01-01,,eng,1247
9147,9780471043737,898,1973-01-01,,eng,696
9148,9780134800301,1310,2011-01-01,,eng,
9149,9780809245048,402,1988-01-01,,eng,243
9150,9780201548556,63,1992-01-01,,eng,520
9151,9781984292674,2026,1939-01-01,,"ita,spa,fre",126
9152,9781119263531,1928,2011-01-01,,eng,336
9153,9781475724462,217,1995-01-01,,eng,534
9154,9781852839536,245,1990-01-01,,eng,697
9155,9781860647628,1734,2002-01-01,,eng,260
9156,9781584799030,1696,2011-01-01,,eng,430
9157,9780436256608,1582,1975-01-01,,eng,256
9158,9781401386696,690,2005-01-01,,eng,291
9159,9781119247388,1934,1995-01-01,,eng,752
9160,9781423901327,414,2006-01-01,,eng,352
9161,9780789753601,1439,2015-01-01,,eng,388
9162,9781449313692,674,2011-01-01,,eng,173
9163,9781419704505,39,2014-01-01,,eng,352
9164,9780134360492,1404,1988-01-01,,eng,272
9165,9780195121230,1241,1996-01-01,,eng,246
9166,9780521217033,322,1977-01-01,,eng,134
9167,9781605542744,1830,2015-01-01,,eng,219
9168,9780262344340,2036,2017-01-01,,"eng,chi",208
9169,9783642435911,1639,2010-01-01,,eng,235
9170,9780306819544,690,2011-01-01,,eng,302
9171,9780130385604,1346,1995-01-01,,eng,630
9172,9780596519568,1201,2003-01-01,,"eng,spa",823
9173,9781562761950,1995,1994-01-01,,eng,222
9174,9780201634921,60,1997-01-01,,eng,1529
9175,9780138221225,1404,1981-01-01,,eng,767
9176,9780205123179,78,1968-01-01,,"eng,und",350
9177,9781498736411,1125,2007-01-01,,eng,552
9178,9780673398284,712,1990-01-01,,eng,720
9179,9781584500490,361,2000-01-01,,eng,607
9180,9781493223398,1493,2019-01-01,,eng,397
9181,9780764574948,794,1995-01-01,,eng,391
9182,9781844256433,734,2007-01-01,,eng,189
9183,9780078823671,1082,1997-01-01,,eng,358
9184,9780914845911,1100,1988-01-01,,eng,944
9185,9780877017257,485,1990-01-01,,eng,169
9186,9781449323394,1201,2012-01-01,,eng,
9187,9781449332563,1205,2002-01-01,,eng,659
9188,9781491927038,1201,2015-01-01,,eng,638
9189,9781592730056,1169,2003-01-01,,eng,990
9190,9780138807580,1322,1981-01-01,,eng,803
9191,9780131551510,1398,1990-01-01,,eng,729
9192,9780934375450,983,1987-01-01,,eng,439
9193,9781770904750,547,2013-01-01,,eng,420
9194,9781984859624,1747,2021-01-01,,eng,128
9195,9781575865850,348,2010-01-01,,eng,741
9196,9780136015185,56,1997-01-01,,eng,807
9197,9780910034791,69,1992-01-01,,eng,380
9198,9780131272200,1391,1999-01-01,,eng,869
9199,9780895886446,1546,1990-01-01,,eng,434
9200,9785030005331,1111,1989-01-01,,eng,304
9201,9780130608246,109,1981-01-01,,eng,591
9202,9780006379706,717,1993-01-01,,"ger,eng",320
9203,9780440223856,467,1997-01-01,,eng,309
9204,9780471450702,884,1965-01-01,,eng,
9205,9780923667214,1454,1992-01-01,,eng,317
9206,9781562827540,780,1994-01-01,,eng,311
9207,9780672323119,1522,2002-01-01,,eng,528
9208,9781558514492,985,1995-01-01,,eng,360
9209,9781556150319,1103,1987-01-01,,eng,253
9210,9780806984681,1695,1991-01-01,,eng,160
9211,9781118907443,899,2014-01-01,,eng,1152
9212,9782742715626,1789,1838-01-01,,"ita,fre,eng",33
9213,9781118260791,1978,2012-01-01,,eng,456
9214,9781938377006,1199,2006-01-01,,eng,242
9215,9781118898215,1929,2002-01-01,,eng,332
9216,9780523424705,1369,1985-01-01,,eng,192
9217,9781466593329,1737,2013-01-01,,eng,386
9218,9780764577321,1977,2005-01-01,,eng,515
9219,9781638352747,1028,2014-01-01,,eng,483
9220,9780312012151,375,1987-01-01,,eng,232
9221,9780135657553,1705,1996-01-01,,eng,694
9222,9780911226300,1479,1989-01-01,,"rus,eng",295
9223,9781783285945,1277,2015-01-01,,eng,400
9224,9781838647544,1274,2020-01-01,,eng,404
9225,9780916990145,1094,1984-01-01,,eng,224
9226,9780131315099,1399,1991-01-01,,eng,512
9227,9780134034348,59,2015-01-01,,eng,384
9228,9780805300512,56,1983-01-01,,eng,567
9229,9780596004675,1199,2003-01-01,,eng,562
9230,9780135182857,1553,2019-01-01,,eng,256
9231,9780130488084,1042,1992-01-01,,eng,826
9232,9781883577896,257,1994-01-01,,eng,791
9233,9781844350483,215,2004-01-01,,eng,226
9234,9781285856872,1626,2010-01-01,,eng,1072
9235,9780763843144,1289,2011-01-01,,eng,339
9236,9781593275433,1180,2014-01-01,,,288
9237,9781558282032,1022,1992-01-01,,eng,319
9238,9781558514126,985,1990-01-01,,eng,249
9239,9781470039660,427,2003-01-01,,eng,275
9240,9780669281996,444,1992-01-01,,eng,890
9241,9781844575268,170,2015-01-01,,eng,244
9242,9780321468055,51,2006-01-01,,eng,381
9243,9780571531998,976,1882-01-01,,eng,47
9244,9781565927940,1199,1998-01-01,,eng,632
9245,9780262294287,1754,2005-01-01,,eng,184
9246,9781524799106,181,2017-01-01,,eng,44
9247,9781554909780,547,2010-01-01,,eng,220
9248,9781590590171,26,2002-01-01,,"eng,ukr",286
9249,9780203745199,308,2007-01-01,,eng,467
9250,9780822340430,537,2007-01-01,,eng,228
9251,9781567310931,289,1993-01-01,,eng,287
9252,9780470238486,903,2003-01-01,,eng,758
9253,9781718501041,1180,2020-01-01,,,272
9254,9780446386685,1900,1988-01-01,,eng,372
9255,9780262561143,998,1998-01-01,,eng,181
9256,9780134997834,60,2018-01-01,,,256
9257,9780321541888,203,2008-01-01,,eng,500
9258,9780321659118,1316,2004-01-01,,eng,336
9259,9780553570120,182,1995-01-01,,eng,117
9260,9780761959663,1515,2001-01-01,,eng,181
9261,9780916688332,429,1981-01-01,,eng,124
9262,9781119255796,1929,2016-01-01,,eng,544
9263,9780201036695,63,1976-01-01,,eng,338
9264,9780671894238,1687,1995-01-01,,eng,474
9265,9781786648099,617,2015-01-01,,eng,128
9266,9780138423520,840,1997-01-01,,eng,689
9267,9780201626223,56,1993-01-01,,eng,432
9268,9781438012896,924,2013-01-01,,eng,497
9269,9780739326114,528,2006-01-01,,eng,409
9270,9781471108303,1380,1999-01-01,,eng,336
9271,9780137018529,1316,2009-01-01,,eng,1141
9272,9781593275853,1344,2015-01-01,,eng,191
9273,9780470580035,427,2000-01-01,,eng,656
9274,9781593271732,1180,2006-01-01,,eng,224
9275,9780132654425,1316,2004-01-01,,eng,240
9276,9780321525659,1316,2007-01-01,,eng,268
9277,9780789751560,1309,2013-01-01,,,384
9278,9781281002754,903,2005-01-01,,eng,676
9279,9781840782554,398,2003-01-01,,eng,192
9280,9780446674355,1900,1998-01-01,,eng,241
9281,9780201567854,63,1991-01-01,,eng,462
9282,9781306812283,1201,2012-01-01,,eng,270
9283,9781484204160,26,2014-01-01,,,472
9284,9780131003637,840,1994-01-01,,eng,848
9285,9781789536942,1274,2019-01-01,,eng,342
9286,9780262527958,998,2015-01-01,,eng,248
9287,9780722532881,1778,1996-01-01,,eng,228
9288,9780375868276,1466,2012-01-01,,"spa,eng",336
9289,9782841770076,1199,1994-01-01,,"fre,eng",356
9290,9780137488803,1311,1998-01-01,,eng,656
9291,9781449327439,1205,2012-01-01,,eng,100
9292,9780137043293,999,2012-01-01,,eng,496
9293,9780752213989,1380,1999-01-01,,eng,183
9294,9781475083101,240,2008-01-01,,eng,526
9295,9781839212536,1277,2020-01-01,,eng,320
9296,9781680501278,1388,2015-01-01,,eng,320
9297,9781098174408,1243,2013-01-01,,eng,630
9298,9780471123262,1925,1995-01-01,,eng,421
9299,9780399535376,1338,2009-01-01,,eng,331
9300,9780761919711,1519,2002-01-01,,eng,715
9301,9781449361761,1205,2014-01-01,,eng,370
9302,9780201756081,60,2001-01-01,,eng,1200
9303,9781886529434,131,2017-01-01,,eng,576
9304,9780916636005,962,1976-01-01,,eng,382
9305,9788131702444,56,1978-01-01,,eng,416
9306,9780470191095,620,2008-01-01,,eng,456
9307,9780538466523,415,2011-01-01,,eng,
9308,9788131716946,1307,1997-01-01,,eng,325
9309,9780023296901,394,1969-01-01,,eng,442
9310,9781788839044,1274,2018-01-01,,,656
9311,9781529753530,1521,2017-01-01,,eng,392
9312,9780071416375,1070,2004-01-01,,eng,279
9313,9780072323054,1056,1997-01-01,,eng,665
9314,9780672220760,1693,1980-01-01,,eng,217
9315,9780538681018,1628,1998-01-01,,eng,288
9316,9780071544757,1056,2007-01-01,,eng,208
9317,9780023036231,1043,1993-01-01,,eng,675
9318,9781592003518,1390,2004-01-01,,eng,860
9319,9780609804490,973,1999-01-01,,eng,368
9320,9781493219032,1493,2019-01-01,,eng,
9321,9781852833923,244,1994-01-01,,eng,190
9322,9786054205837,937,2017-01-01,,,
9323,9781492024330,1201,2018-01-01,,,720
9324,9781260440218,1060,2018-01-01,,,720
9325,9780764548079,1925,2001-01-01,,eng,731
9326,9780133412680,1391,2013-01-01,,eng,560
9327,9780672323256,1522,2001-01-01,,eng,480
9328,9780521286817,322,1978-01-01,,eng,173
9329,9781512214567,427,2015-01-01,,eng,339
9330,9781852830267,244,1988-01-01,,eng,179
9331,9780859975773,1369,1984-01-01,,eng,186
9332,9781118410059,1929,2008-01-01,,eng,1320
9333,9781534436565,1808,2018-01-01,,"spa,eng",300
9334,9781640910850,1777,2018-01-01,,eng,405
9335,9780596514013,1199,2006-01-01,,eng,411
9336,9781449320737,1203,2014-01-01,,,
9337,9780375505669,606,2000-01-01,,"ita,eng",238
9338,9780596517601,1199,2007-01-01,,eng,360
9339,9782747001502,289,1993-01-01,,"ger,eng,spa",144
9340,9781789132588,1274,2018-01-01,,,140
9341,9780072255126,1072,1991-01-01,,eng,412
9342,9781850329220,414,1999-01-01,,eng,910
9343,9780201615869,60,1999-01-01,,eng,288
9344,9781491922873,1201,2017-01-01,,eng,280
9345,9781789349863,1274,2019-01-01,,eng,478
9346,9780915391318,1105,1989-01-01,,eng,630
9347,9780521587754,322,1997-01-01,,eng,538
9348,9781590599822,26,2005-01-01,,eng,604
9349,9780590535298,1571,1996-01-01,,eng,120
9350,9780613911955,1729,1995-01-01,,eng,557
9351,9781423954880,858,2005-01-01,,eng,6
9352,9780131094710,1391,1990-01-01,,eng,264
9353,9781498759694,1737,2011-01-01,,eng,217
9354,9781306810647,1205,1996-01-01,,eng,267
9355,9780932573018,1480,1985-01-01,,eng,260
9356,9781584500377,414,2002-01-01,,eng,545
9357,9780716781967,1881,1985-01-01,,eng,299
9358,9781594138928,1777,2015-01-01,,eng,300
9359,9781937785581,1388,2014-01-01,,eng,280
9360,9781783267071,818,2016-01-01,,eng,171
9361,9781118568507,1925,2013-01-01,,eng,436
9362,9780070545977,1056,1991-01-01,,eng,467
9363,9780878358571,247,1986-01-01,,eng,763
9364,9780078812552,1231,1987-01-01,,eng,412
9365,9780078819698,1072,1994-01-01,,eng,548
9366,9781119076957,1930,2015-01-01,,"eng,ger",384
9367,9781418042080,1769,2004-01-01,,eng,456
9368,9780078812163,1071,1979-01-01,,eng,643
9369,9788396017611,104,2020-01-01,,pol,
9370,9780822344100,536,2009-01-01,,eng,217
9371,9780590129459,1569,1997-01-01,,eng,
9372,9781494932633,1583,2014-01-01,,eng,276
9373,9780321545671,60,2000-01-01,,eng,436
9374,9780134497778,1332,1983-01-01,,eng,367
9375,9781855383449,1779,1995-01-01,,eng,282
9376,9780671017323,1729,1998-01-01,,eng,96
9377,9780976577904,1033,2001-01-01,,eng,231
9378,9780064471756,718,1997-01-01,,eng,148
9379,9780911537109,1376,1984-01-01,,eng,211
9380,9780135804810,1309,1981-01-01,,eng,619
9381,9780752209463,1631,1993-01-01,,eng,206
9382,9780962874574,1566,1990-01-01,,eng,329
9383,9781846079863,558,2010-01-01,,eng,
9384,9781935928157,276,2010-01-01,,eng,152
9385,9780671501068,1380,2000-01-01,,eng,725
9386,9780070224551,1056,1986-01-01,,eng,357
9387,9780136915744,1316,2021-01-01,,eng,416
9388,9781592292738,643,2010-01-01,,eng,340
9389,9781493218806,1492,2019-01-01,,eng,684
9390,9780471179597,1937,1995-01-01,,eng,446
9391,9780471417347,1925,1963-01-01,,eng,592
9392,9781429498722,998,2007-01-01,,eng,720
9393,9780470634684,729,2010-01-01,,"ger,eng",217
9394,9780130496584,1307,1998-01-01,,eng,528
9395,9781118264126,898,2012-01-01,,eng,512
9396,9780135166307,1391,2018-01-01,,,928
9397,9781565924345,1205,1999-01-01,,eng,487
9398,9780827305717,473,1974-01-01,,eng,574
9399,9781430240389,26,2012-01-01,,,314
9400,9780062422903,707,2016-01-01,,eng,368
9401,9780429101649,310,2010-01-01,,eng,390
9402,9780979192708,22,2007-01-01,,eng,208
9403,9781788999762,1274,2018-01-01,,,280
9404,9780415792387,1506,2014-01-01,,eng,420
9405,9780133365085,60,2015-01-01,,eng,880
9406,9780131626034,1316,1988-01-01,,eng,502
9407,9780801033377,176,1980-01-01,,eng,174
9408,9780563369479,153,1991-01-01,,eng,168
9409,9780262062008,998,1998-01-01,,eng,514
9410,9780470341803,903,2004-01-01,,eng,492
9411,9780553370065,182,1992-01-01,,eng,88
9412,9780752213385,303,1999-01-01,,eng,144
9413,9788131723173,1316,2006-01-01,,eng,865
9414,9780719543364,897,1982-01-01,,eng,623
9415,9780256015829,876,1970-01-01,,eng,347
9416,9780345305169,1375,1976-01-01,,eng,207
9417,9780761530558,1413,2000-01-01,,eng,436
9418,9780671886844,1381,1994-01-01,,eng,513
9419,9780471151340,903,1974-01-01,,eng,274
9420,9780860518853,1499,1988-01-01,,eng,176
9421,9780321168542,51,2001-01-01,,eng,737
9422,9780340167847,967,1966-01-01,,eng,180
9423,9780486796857,531,1961-01-01,,eng,64
9424,9781584505273,362,2008-01-01,,eng,648
9425,9780314008169,1916,1992-01-01,,eng,754
9426,9785430064495,451,2014-01-01,,lit,224
9427,9788575226919,1194,2015-01-01,,por,
9428,9780136528845,1404,1982-01-01,,eng,188
9429,9780471545446,1925,1992-01-01,,eng,232
9430,9780201616385,56,2001-01-01,,eng,329
9431,9780877092926,246,1992-01-01,,eng,248
9432,9780394750538,1864,1986-01-01,,eng,510
9433,9781465280251,927,2013-01-01,,eng,250
9434,9788184044195,1589,2007-01-01,,eng,794
9435,9780072228991,1082,2003-01-01,,eng,346
9436,9786074389333,948,2014-01-01,,spa,298
9437,9781781315859,1476,2014-01-01,,eng,384
9438,9780030841293,763,1949-01-01,,eng,219
9439,9781933988788,1027,2010-01-01,,eng,432
9440,9781593274351,1180,2012-01-01,,eng,
9441,9780826415424,403,2002-01-01,,eng,255
9442,9781580650663,1903,2006-01-01,,eng,260
9443,9781491918388,1199,2003-01-01,,"spa,eng",287
9444,9788121908979,1598,1901-01-01,,"heb,eng,por",93
9445,9789490968137,230,2020-01-01,,eng,931
9446,9781493213665,643,2012-01-01,,eng,615
9447,9781306451246,1928,2013-01-01,,eng,456
9448,9781578702169,1013,1998-01-01,,eng,682
9449,9780122329326,25,1994-01-01,,eng,358
9450,9780805316704,208,1995-01-01,,eng,564
9451,9781285093390,339,2014-01-01,,eng,340
9452,9781305880405,339,2016-01-01,,eng,888
9453,9780596551711,1199,2003-01-01,,eng,144
9454,9781638353584,1026,2015-01-01,,eng,264
9455,9781787288386,1275,2017-01-01,,,280
9456,9780672310546,1522,1998-01-01,,eng,790
9457,9780606398053,1807,2013-01-01,,eng,238
9458,9783319544120,1543,2017-01-01,,"eng,ger",722
9459,9780072311907,878,1999-01-01,,eng,684
9460,9780314321510,1914,1987-01-01,,eng,589
9461,9781584504320,361,2005-01-01,,eng,404
9462,9781438231594,569,2008-01-01,,eng,198
9463,9780471073215,1925,2002-01-01,,eng,848
9464,9780124649927,43,1996-01-01,,eng,296
9465,9781285166032,339,2014-01-01,,eng,1200
9466,9781292000695,1316,1997-01-01,,eng,307
9467,9780932538604,477,1982-01-01,,eng,527
9468,9781139516570,322,2012-01-01,,eng,306
9469,9781258429935,964,1962-01-01,,"und,eng",131
9470,9780671025991,1380,1998-01-01,,eng,24
9471,9780072228854,1072,2003-01-01,,eng,560
9472,9780357361689,414,2009-01-01,,eng,320
9473,9780697251107,290,1994-01-01,,eng,421
9474,9780596529062,1204,1998-01-01,,"fre,eng",85
9475,9780863698613,977,1993-01-01,,eng,128
9476,9781305877993,414,2016-01-01,,eng,276
9477,9780201517354,56,1990-01-01,,eng,849
9478,9780672326592,1522,2005-01-01,,eng,601
9479,9780201616460,56,2000-01-01,,eng,279
9480,9780471958468,1925,1996-01-01,,eng,360
9481,9780134841977,1391,1988-01-01,,eng,293
9482,9781491903995,1201,2014-01-01,,,334
9483,9781491916568,1199,2015-01-01,,eng,182
9484,9798818401829,891,2022-01-01,,"eng,spa",383
9485,9780136290315,1404,1988-01-01,,eng,894
9486,9788131518236,420,2010-01-01,,eng,912
9487,9780314321695,1918,1984-01-01,,eng,392
9488,9780201688573,1296,1998-01-01,,eng,329
9489,9780470132067,1925,2004-01-01,,eng,683
9490,9781846059278,350,2011-01-01,,eng,183
9491,9780130669476,1391,1999-01-01,,eng,704
9492,9781491948620,1205,2011-01-01,,eng,
9493,9780153590900,697,1975-01-01,,eng,296
9494,9780830647521,639,1975-01-01,,eng,506
9495,9781472229687,737,2015-01-01,,eng,317
9496,9780672324611,1552,2003-01-01,,eng,488
9497,9780007523665,715,2013-01-01,,,
9498,9781405163163,225,2007-01-01,,eng,222
9499,9781484212585,26,2015-01-01,,,284
9500,9780201854695,56,1997-01-01,,eng,925
9501,9781780170923,278,2009-01-01,,eng,276
9502,9781491901427,1201,2015-01-01,,eng,330
9503,9781583474167,995,2005-01-01,,eng,220
9504,9781849904810,159,2013-01-01,,,256
9505,9781889209036,364,2001-01-01,,eng,272
9506,9780061061363,724,1991-01-01,,eng,195
9507,9780816010141,603,1986-01-01,,eng,296
9508,9781884777813,1026,2000-01-01,,eng,688
9509,9781285852744,339,2014-01-01,,,1430
9510,9780198083962,1241,2013-01-01,,,623
9511,9780849344343,309,1992-01-01,,eng,377
9512,9780426201557,1879,1986-01-01,,eng,144
9513,9780824706739,1031,1996-01-01,,eng,648
9514,9780130161116,1399,2000-01-01,,eng,459
9515,9780132797146,1316,2006-01-01,,eng,768
9516,9781849696630,1275,2014-01-01,,eng,358
9517,9780470874011,1925,2008-01-01,,eng,1270
9518,9781584505808,414,2009-01-01,,eng,317
9519,9780062434449,712,2014-01-01,,eng,320
9520,9780679763116,2016,1994-01-01,,eng,553
9521,9781498711630,310,2015-01-01,,eng,498
9522,9780786863679,777,1998-01-01,,eng,417
9523,9781940352176,90,2015-01-01,,eng,597
9524,9781593276706,1180,2016-01-01,,eng,296
9525,9780201416077,63,1984-01-01,,eng,355
9526,9781465275431,928,1992-01-01,,eng,457
9527,9780345409416,1474,1996-01-01,,eng,400
9528,9780132441513,1391,1999-01-01,,eng,579
9529,9780521339933,322,1992-01-01,,eng,238
9530,9780471260684,743,1977-01-01,,eng,217
9531,9781118079119,1977,2007-01-01,,eng,658
9532,9780713487688,171,2002-01-01,,eng,192
9533,9780613741736,1606,2000-01-01,,eng,112
9534,9781449340131,1210,2014-01-01,,,704
9535,9781449324490,1201,2012-01-01,,eng,768
9536,9780429810251,1737,2019-01-01,,eng,672
9537,9780768689006,1552,2004-01-01,,eng,962
9538,9780671024994,1379,1998-01-01,,"ger,eng",288
9539,9780138129101,1322,2002-01-01,,eng,401
9540,9780757529740,928,2006-01-01,,eng,396
9541,9781337101356,414,2018-01-01,,,672
9542,9781285428178,345,2014-01-01,,eng,624
9543,9781459601154,1477,2001-01-01,,eng,303
9544,9780137144228,1316,2003-01-01,,eng,744
9545,9788532308597,1702,2004-01-01,,por,196
9546,9780006531685,711,1999-01-01,,"eng,spa",95
9547,9780857511126,181,2012-01-01,,eng,
9548,9781634705875,371,2016-01-01,,eng,32
9549,9788466664745,562,2020-01-01,,spa,544
9550,9780743419352,1380,2000-01-01,,eng,384
9551,9781135480981,1506,2002-01-01,,eng,216
9552,9781597499576,1710,2012-01-01,,,
9553,9780078825705,1072,1998-01-01,,eng,707
9554,9780672225826,687,1984-01-01,,eng,531
9555,9781575001272,1723,2000-01-01,,eng,160
9556,9780737738636,929,2007-01-01,,eng,48
9557,9781477493014,1614,2009-01-01,,eng,496
9558,9781978614277,138,2015-01-01,,"por,eng",288
9559,9780672484087,733,1988-01-01,,eng,501
9560,9780887246081,336,2001-01-01,,,80
9561,9781306815130,1205,2007-01-01,,eng,607
9562,9780201877007,1868,1995-01-01,,"eng,fre",702
9563,9780517597989,668,1994-01-01,,eng,128
9564,9789928422712,744,1996-01-01,,"alb,eng,spa",223
9565,9780470481745,903,2004-01-01,,eng,384
9566,9781465477347,450,2016-01-01,,eng,224
9567,9780131002722,1314,1993-01-01,,eng,192
9568,9780877094104,248,1994-01-01,,eng,352
9569,9781284043761,913,2015-01-01,,eng,426
9570,9781119366577,1977,2019-01-01,,eng,1200
9571,9781890774165,1108,2002-01-01,,eng,574
9572,9781935251163,201,2007-01-01,,eng,224
9573,9781281222305,1925,2008-01-01,,eng,389
9574,9781260297591,1066,2017-01-01,,eng,416
9575,9780201000290,63,1974-01-01,,eng,470
9576,9780596154646,1205,2008-01-01,,eng,456
9577,9781638357100,1026,2019-01-01,,eng,552
9578,9780812024388,191,1983-01-01,,eng,386
9579,9780871917034,430,1979-01-01,,eng,32
9580,9781556172526,859,1993-01-01,,eng,230
9581,9781108424189,1826,1994-01-01,,eng,400
9582,9781280652066,1929,2006-01-01,,eng,432
9583,9780619216740,414,1990-01-01,,eng,255
9584,9780130661173,1399,2001-01-01,,eng,496
9585,9780135005545,1404,1985-01-01,,eng,403
9586,9781118235638,1929,2012-01-01,,eng,744
9587,9781119578291,1929,2019-01-01,,eng,384
9588,9781593276140,1181,2015-01-01,,eng,322
9589,9780130102409,1391,1988-01-01,,eng,331
9590,9781937785444,1388,2013-01-01,,eng,308
9591,9781498773904,1737,2017-01-01,,eng,192
9592,9780131277601,1391,1996-01-01,,eng,850
9593,9781854796899,1229,1985-01-01,,eng,131
9594,9781491972731,1201,2017-01-01,,,214
9595,9780357025727,414,2019-01-01,,eng,456
9596,9781118089163,1929,2020-01-01,,eng,384
9597,9780596550660,1205,2004-01-01,,eng,
9598,9781118074558,902,2012-01-01,,eng,288
9599,9782277250210,1017,1995-01-01,,"fre,eng",210
9600,9781111823931,414,2006-01-01,,eng,539
9601,9780060466572,705,1984-01-01,,eng,384
9602,9780201074307,63,1965-01-01,,eng,182
9603,9780393102789,1875,1967-01-01,,eng,310
9604,9781449312084,1201,2010-01-01,,eng,611
9605,9780912333878,196,1996-01-01,,eng,274
9606,9780690015287,712,1978-01-01,,eng,166
9607,9781457186776,1019,2016-01-01,,eng,225
9608,9781934356340,1388,2011-01-01,,eng,198
9609,9780721629391,1130,1991-01-01,,eng,352
9610,9781447161011,1644,2012-01-01,,eng,544
9611,9780672337642,1317,2013-01-01,,eng,624
9612,9780262027816,998,2014-01-01,,eng,304
9613,9780768660227,1522,2000-01-01,,eng,494
9614,9780072263145,1056,2006-01-01,,eng,590
9615,9781449356569,1201,2013-01-01,,eng,149
9616,9780321211743,51,1998-01-01,,eng,420
9617,9780613633222,1606,2000-01-01,,eng,384
9618,9780782116090,1546,1994-01-01,,eng,766
9619,9780763773519,913,2013-01-01,,,680
9620,9780782120141,1546,1997-01-01,,eng,1085
9621,9780471485995,1925,1977-01-01,,eng,726
9622,9780679886525,1464,1997-01-01,,eng,
9623,9781118357149,1929,2006-01-01,,eng,433
9624,9781118549766,1719,2010-01-01,,eng,684
9625,9780470146354,898,2006-01-01,,eng,280
9626,9781491943205,1201,2017-01-01,,,358
9627,9781633430105,1026,2016-01-01,,eng,360
9628,9780927796996,1620,1982-01-01,,eng,272
9629,9781568029412,307,2006-01-01,,eng,459
9630,9781789341850,2009,2018-01-01,,eng,492
9631,9781449326111,1205,2005-01-01,,eng,215
9632,9780763723699,913,1999-01-01,,eng,791
9633,9781601522689,1485,2013-01-01,,eng,96
9634,9781269065016,1320,2013-01-01,,eng,
9635,9780273718093,1323,2008-01-01,,eng,
9636,9781787125988,1274,2017-01-01,,,404
9637,9781292221878,1313,2019-01-01,,,
9638,9781576101742,409,1997-01-01,,eng,1342
9639,9780201754902,55,2002-01-01,,eng,875
9640,9781593278908,1180,2018-01-01,,,424
9641,9780471825609,1925,1987-01-01,,eng,340
9642,9780071367998,1056,2001-01-01,,eng,
9643,9780470096000,1940,2002-01-01,,eng,436
9644,9780849333255,308,2000-01-01,,eng,448
9645,9780895888426,1546,1992-01-01,,eng,915
9646,9780023611414,1002,1990-01-01,,eng,714
9647,9781491926017,1205,2007-01-01,,eng,176
9648,9781537713946,427,2017-01-01,,eng,413
9649,9780596006648,1382,2004-01-01,,eng,770
9650,9781440673078,212,2001-01-01,,eng,280
9651,9780764532238,794,1998-01-01,,eng,890
9652,9780470398791,1930,2004-01-01,,eng,966
9653,9781786467683,1277,2016-01-01,,eng,517
9654,9780273714934,1322,2008-01-01,,eng,159
9655,9781484268575,26,2021-01-01,,,746
9656,9781454916734,1694,2015-01-01,,,224
9657,9781555520151,1095,1989-01-01,,eng,244
9658,9781601383822,132,2011-01-01,,eng,288
9659,9780688126698,1129,1994-01-01,,eng,354
9660,9780916990213,436,1988-01-01,,eng,287
9661,9780316518529,972,1978-01-01,,eng,111
9662,9781501127168,1799,2015-01-01,,eng,376
9663,9780596150679,1200,1997-01-01,,eng,319
9664,9780375766404,1729,2002-01-01,,eng,348
9665,9781482267334,309,2008-01-01,,eng,376
9666,9780343156565,829,1836-01-01,,"eng,yid,spa",131
9667,9783540762591,1543,1998-01-01,,eng,331
9668,9780385230582,528,1985-01-01,,eng,213
9669,9780130219084,1404,1969-01-01,,eng,480
9670,9781785285028,1277,2015-01-01,,eng,232
9671,9781430264576,111,2014-01-01,,eng,324
9672,9781934356364,1756,2009-01-01,,eng,196
9673,9783110465853,462,2009-01-01,,ger,644
9674,9780395524336,766,1986-01-01,,eng,710
9675,9780130170071,1391,1999-01-01,,eng,480
9676,9780434984824,1879,1972-01-01,,eng,340
9677,9781984819307,464,2018-01-01,,eng,224
9678,9781448142972,558,2015-01-01,,eng,416
9679,9783662693056,932,1999-01-01,,eng,228
9680,9780916990282,1094,1993-01-01,,eng,243
9681,9788371779268,680,2014-01-01,,"spa,eng",331
9682,9781556158032,1102,1995-01-01,,eng,753
9683,9781306325530,531,2003-01-01,,eng,366
9684,9781608875023,1721,2014-01-01,,eng,232
9685,9780471330059,1090,1973-01-01,,eng,296
9686,9788491055303,2015,1863-01-01,,"heb,kur,eng",138
9687,9781554903016,547,2007-01-01,,eng,400
9688,9780429842146,359,2018-01-01,,eng,258
9689,9789811901492,1658,2014-01-01,,eng,756
9690,9780471760313,273,2005-01-01,,eng,673
9691,9780273793564,1316,2013-01-01,,eng,694
9692,9780757314520,739,2009-01-01,,eng,264
9693,9780596000851,1205,1996-01-01,,eng,1584
9694,9781780761404,781,2006-01-01,,eng,317
9695,9780895863102,261,1983-01-01,,eng,336
9696,9781884777493,1025,1997-01-01,,eng,729
9697,9781306810081,1201,1993-01-01,,eng,432
9698,9780139638282,1391,1988-01-01,,eng,320
9699,9781118506554,427,2003-01-01,,"hin,eng",374
9700,9780470015384,903,2006-01-01,,eng,440
9701,9780429464966,1737,2019-01-01,,eng,426
9702,9781119329596,1929,2016-01-01,,eng,
9703,9780596005559,1204,2004-01-01,,eng,381
9704,9780672484018,613,1900-01-01,,eng,574
9705,9780262521604,998,1991-01-01,,eng,238
9706,9780911226416,1479,2006-01-01,,eng,300
9707,9781463648350,150,2010-01-01,,,234
9708,9780831134495,830,2011-01-01,,eng,1111
9709,9780876592380,685,2004-01-01,,eng,632
9710,9781593278885,1180,2019-01-01,,,792
9711,9781680502558,1388,2018-01-01,,,304
9712,9780398073978,360,2003-01-01,,eng,322
9713,9781930819405,1701,1996-01-01,,eng,302
9714,9780578715230,1718,2020-01-01,,eng,243
9715,9781461471370,1543,2013-01-01,,eng,426
9716,9780321149459,1316,2001-01-01,,eng,696
9717,9780511292187,322,2007-01-01,,eng,184
9718,9781566371964,260,1993-01-01,,eng,1
9719,9781032241630,309,2010-01-01,,eng,888
9720,9782212084214,597,1984-01-01,,"eng,fre",261
9721,9781118396100,1929,2007-01-01,,eng,800
9722,9780321635365,60,2010-01-01,,eng,463
9723,9780345316639,178,1984-01-01,,eng,114
9724,9781497408180,427,2014-01-01,,,254
9725,9780070379848,1056,1978-01-01,,eng,314
9726,9780201704310,60,2001-01-01,,eng,352
9727,9781138464575,1737,2013-01-01,,eng,334
9728,9780201043471,55,1973-01-01,,eng,356
9729,9780671040864,1380,2000-01-01,,eng,150
9730,9780071799485,1060,2012-01-01,,eng,590
9731,9781118490464,1930,2013-01-01,,eng,384
9732,9781942952169,201,2006-01-01,,eng,215
9733,9780078825088,1232,1998-01-01,,eng,932
9734,9780596001810,1204,2002-01-01,,"ger,eng",897
9735,9781849690546,1273,2010-01-01,,eng,364
9736,9781484203354,111,2010-01-01,,eng,365
9737,9780881751796,395,1985-01-01,,eng,413
9738,9781449344214,1199,2012-01-01,,eng,
9739,9781788625104,1274,2018-01-01,,eng,500
9740,9783540120353,396,1978-01-01,,eng,626
9741,9781592005178,1767,2005-01-01,,eng,318
9742,9781401310646,777,2011-01-01,,eng,
9743,9780130545527,1404,1987-01-01,,eng,319
9744,9780967916217,239,2000-01-01,,eng,86
9745,9780470182963,1928,2007-01-01,,eng,572
9746,9781847196774,1277,2009-01-01,,eng,
9747,9780761518877,1390,1999-01-01,,eng,608
9748,9781565923263,557,1997-01-01,,eng,475
9749,9780321315342,62,1988-01-01,,eng,612
9750,9780131918658,1316,1998-01-01,,eng,467
9751,9782869430440,2032,1960-01-01,,"eng,heb",91
9752,9780812695588,1220,2004-01-01,,eng,352
9753,9781430218333,427,2009-01-01,,"spa,eng",426
9754,9781492025795,1201,2018-01-01,,,440
9755,9780981531649,123,2010-01-01,,eng,852
9756,9781641855006,1184,2019-01-01,,eng,32
9757,9789811032783,1543,2017-01-01,,,360
9758,9780262259774,998,2005-01-01,,eng,412
9759,9780762439621,1513,2010-01-01,,eng,256
9760,9780240809748,1120,2008-01-01,,eng,496
9761,9780134076430,2018,2015-01-01,,eng,782
9762,9780136300137,1991,1990-01-01,,eng,233
9763,9781538718285,669,2022-01-01,,eng,149
9764,9781575211480,1554,1996-01-01,,eng,416
9765,9780060510237,718,2002-01-01,,eng,154
9766,9786053607854,2029,1943-01-01,,"eng,tur,spa",92
9767,9780934375887,987,1988-01-01,,eng,628
9768,9781118079737,1925,2008-01-01,,eng,864
9769,9781617295188,1026,2018-01-01,,eng,376
9770,9780669353358,444,1979-01-01,,eng,1115
9771,9781482247756,1737,2002-01-01,,eng,378
9772,9780470135600,1925,2007-01-01,,eng,912
9773,9780130622211,1248,2002-01-01,,"eng,spa",1568
9774,9780806516103,334,1976-01-01,,eng,305
9775,9780070342071,1056,1974-01-01,,eng,158
9776,9780434984060,581,1986-01-01,,eng,264
9777,9780135542392,1404,1973-01-01,,eng,372
9778,9780321604187,1316,2012-01-01,,eng,461
9779,9781449322076,2031,2011-01-01,,"rus,eng",274
9780,9781118973844,1930,2011-01-01,,eng,760
9781,9780256253481,878,1999-01-01,,eng,422
9782,9780262305501,998,2012-01-01,,eng,328
9783,9780534731106,414,1997-01-01,,eng,596
9784,9780879092863,1491,1976-01-01,,eng,276
9785,9780321004529,203,1998-01-01,,eng,
9786,9780196474250,1237,1965-01-01,,eng,172
9787,9789665060376,210,1995-01-01,,"chi,rus,eng",927
9788,9781282122697,1928,2009-01-01,,eng,552
9789,9781493217618,1524,2017-01-01,,eng,845
9790,9780974514055,1388,2005-01-01,,eng,830
9791,9780534201128,1772,1980-01-01,,eng,578
9792,9781306817363,1243,2003-01-01,,eng,110
9793,9781138499638,1737,2019-01-01,,eng,220
9794,9781107447875,322,2014-01-01,,eng,252
9795,9781491920510,1201,2016-01-01,,eng,553
9796,9780470232866,1925,1979-01-01,,eng,366
9797,9781800207455,2009,2016-01-01,,eng,
9798,9780387912806,1667,1986-01-01,,eng,1118
9799,9780675085953,296,1962-01-01,,eng,166
9800,9780671008284,1380,1997-01-01,,eng,144
9801,9780534099725,1766,1983-01-01,,eng,196
9802,9780079120489,1954,1992-01-01,,eng,445
9803,9780851709994,170,2004-01-01,,"und,eng",205
9804,9780553354010,182,1993-01-01,,eng,1132
9805,9781595825049,484,2010-01-01,,,
9806,9780321928429,60,2013-01-01,,,1072
9807,9781133776574,418,2013-01-01,,eng,911
9808,9780071741200,1083,2012-01-01,,,
9809,9788129709332,1307,2005-01-01,,eng,784
9810,9781401308261,777,2005-01-01,,eng,191
9811,9780122005503,43,1972-01-01,,eng,220
9812,9780671041953,1380,2000-01-01,,eng,83
9813,9781449389550,1209,2004-01-01,,eng,258
9814,9780553345766,182,1994-01-01,,eng,644
9815,9780471823315,1925,1975-01-01,,eng,341
9816,9781593278571,1180,2018-01-01,,,280
9817,9780060950750,720,1994-01-01,,eng,330
9818,9780307339560,434,2006-01-01,,eng,352
9819,9781786466686,1275,2016-01-01,,,436
9820,9780128154120,1120,2004-01-01,,eng,801
9821,9780471204596,1925,2003-01-01,,eng,550
9822,9780130619600,1392,1945-01-01,,"ind,eng",656
9823,9780133224955,1404,1973-01-01,,eng,316
9824,9780553492446,183,1998-01-01,,eng,240
9825,9781584505235,418,2008-01-01,,eng,699
9826,9780912912004,421,1970-01-01,,eng,295
9827,9781786462251,1275,2016-01-01,,,335
9828,9780133796872,1316,2016-01-01,,eng,192
9829,9781944183080,1960,2016-01-01,,eng,352
9830,9781423902577,1774,2006-01-01,,eng,752
9831,9780073523330,1065,2007-01-01,,eng,558
9832,9780140871449,1101,1985-01-01,,eng,426
9833,9780672318603,1522,1997-01-01,,eng,427
9834,9780672328206,1315,2006-01-01,,eng,955
9835,9780672305108,1552,1993-01-01,,eng,358
9836,9780064406437,1586,1996-01-01,,"jpn,chi,eng",112
9837,9788192107516,328,2014-01-01,,eng,543
9838,9780201704853,56,2001-01-01,,eng,818
9839,9780070053151,1056,1991-01-01,,eng,444
9840,9780784712238,1686,2001-01-01,,eng,1
9841,9781000281798,1737,2020-01-01,,eng,802
9842,9780558590505,954,2008-01-01,,eng,1122
9843,9781138133877,1737,2013-01-01,,eng,160
9844,9780262304092,998,2001-01-01,,eng,432
9845,9781538431504,381,2017-01-01,,eng,446
9846,9781449374044,1201,2014-01-01,,eng,298
9847,9781260455779,1060,2016-01-01,,eng,360
9848,9781401300067,1005,2004-01-01,,eng,299
9849,9781785286001,1274,2015-01-01,,eng,
9850,9781638353409,1026,2016-01-01,,eng,312
9851,9780317060515,1632,1981-01-01,,eng,181
9852,9781441171368,234,2011-01-01,,eng,176
9853,9789812874887,1543,2015-01-01,,eng,234
9854,9780330232036,1002,1972-01-01,,eng,128
9855,9780882756196,1455,1971-01-01,,"und,eng",513
9856,9781783983278,1277,2016-01-01,,eng,354
9857,9781118576823,902,2012-01-01,,eng,554
9858,9781317766773,950,1988-01-01,,eng,676
9859,9781118997536,1925,2014-01-01,,,208
9860,9780590128384,1567,1998-01-01,,eng,64
9861,9780451210524,303,2000-01-01,,eng,224
9862,9781484294833,111,2021-01-01,,eng,
9863,9780321398116,56,2002-01-01,,eng,254
9864,9781783291175,1791,2013-01-01,,"spa,lat,ger",
9865,9780127450407,43,1981-01-01,,eng,758
9866,9780471939733,1925,1990-01-01,,eng,374
9867,9780523424309,1369,1985-01-01,,eng,192
9868,9780134461120,1298,2005-01-01,,eng,496
9869,9783540884392,1639,2005-01-01,,eng,208
9870,9780080574967,581,2003-01-01,,eng,338
9871,9780753508466,1865,2003-01-01,,eng,352
9872,9780786420582,1050,2005-01-01,,eng,268
9873,9788843060849,332,2012-01-01,,ita,128
9874,9781852869502,1729,1993-01-01,,eng,32
9875,9780471361763,1925,1991-01-01,,eng,848
9876,9781484225400,26,2016-01-01,,eng,201
9877,9781568846262,1996,1996-01-01,,"hrv,pol,eng",240
9878,9780517448366,675,1984-01-01,,eng,184
9879,9780201889543,53,1997-01-01,,eng,1022
9880,9781788993661,1274,2018-01-01,,,164
9881,9781638352419,1028,2012-01-01,,eng,
9882,9781509308019,2024,2018-01-01,,eng,432
9883,9781118044001,452,2006-01-01,,eng,410
9884,9780131869004,1307,2005-01-01,,eng,1568
9885,9781259588044,1053,2016-01-01,,eng,256
9886,9780471791225,898,2001-01-01,,eng,624
9887,9780321272256,1297,2004-01-01,,eng,363
9888,9780131435810,1391,2007-01-01,,eng,350
9889,9780070229686,542,1964-01-01,,eng,532
9890,9780671568368,1380,1996-01-01,,eng,96
9891,9780130173416,1391,2003-01-01,,eng,
9892,9780849324208,82,2002-01-01,,eng,300
9893,9780857294494,1675,2011-01-01,,eng,415
9894,9780538687072,1628,1998-01-01,,eng,616
9895,9781119575962,1929,2013-01-01,,eng,712
9896,9781903597033,1729,1997-01-01,,"eng,gle",32
9897,9781934356661,1388,2011-01-01,,eng,263
9898,9781441162939,234,2012-01-01,,eng,285
9899,9780583306973,532,1983-01-01,,"eng,heb",87
9900,9783319307152,1648,2016-01-01,,eng,384
9901,9781509302017,1103,2016-01-01,,eng,456
9902,9780131966840,1404,1981-01-01,,eng,774
9903,9780671617943,1380,1988-01-01,,eng,278
9904,9781444140828,749,2011-01-01,,eng,94
9905,9781445248615,981,2009-01-01,,eng,
9906,9780788199646,1048,1996-01-01,,eng,272
9907,9780596521622,1204,2003-01-01,,eng,535
9908,9780312214852,1682,1983-01-01,,eng,342
9909,9780470167779,1928,2008-01-01,,eng,672
9910,9780321413093,60,2007-01-01,,eng,176
9911,9781583473795,993,2015-01-01,,eng,646
9912,9781351647717,310,2017-01-01,,eng,400
9913,9783319142395,1543,2014-01-01,,eng,165
9914,9780534389666,1773,1993-01-01,,eng,536
9915,9781351859752,310,2014-01-01,,eng,392
9916,9781590595084,26,2005-01-01,,eng,528
9917,9781788290678,1277,2017-01-01,,eng,286
9918,9780439539715,1567,2003-01-01,,eng,
9919,9781449355555,1201,2011-01-01,,eng,533
9920,9780997925906,1099,2016-01-01,,,332
9921,9781593278274,1180,2018-01-01,,,392
9922,9780763743161,1189,2006-01-01,,eng,59
9923,9781941222942,1388,2014-01-01,,eng,284
9924,9781882455027,645,1993-01-01,,eng,162
9925,9781491989142,1201,2017-01-01,,,242
9926,9781457186202,1018,2014-01-01,,eng,234
9927,9780671874308,1380,1994-01-01,,eng,319
9928,9781888952414,441,1997-01-01,,eng,268
9929,9781491987650,1201,2017-01-01,,,1088
9930,9780080884394,576,2006-01-01,,eng,342
9931,9780429549335,1737,2020-01-01,,eng,352
9932,9780203102343,618,2015-01-01,,eng,318
9933,9781882813056,1613,1996-01-01,,eng,191
9934,9780606403634,1807,2015-01-01,,eng,121
9935,9780385521864,442,2000-01-01,,eng,608
9936,9781890774448,1107,2008-01-01,,eng,729
9937,9780471258117,1925,1976-01-01,,eng,219
9938,9781491949306,1201,2014-01-01,,,332
9939,9781513281476,1110,1800-01-01,,eng,49
9940,9780139574993,1404,1990-01-01,,eng,382
9941,9781467747950,958,2014-01-01,,eng,64
9942,9780139402562,490,1989-01-01,,eng,453
9943,9781292025964,1316,2011-01-01,,eng,792
9944,9780596553678,1243,2006-01-01,,eng,296
9945,9781491905579,1199,2014-01-01,,eng,362
9946,9781449628079,911,2012-01-01,,eng,392
9947,9781459634206,1477,2011-01-01,,eng,
9948,9780201549911,51,1998-01-01,,eng,906
9949,9781883884314,993,1996-01-01,,eng,610
9950,9780563486497,1473,1996-01-01,,eng,224
9951,9780809581146,242,1986-01-01,,eng,57
9952,9780571298105,601,2013-01-01,,eng,304
9953,9780534008055,1892,1979-01-01,,eng,472
9954,9780078690372,652,2005-01-01,,eng,283
9955,9781482226690,1737,2015-01-01,,eng,311
9956,9781449320966,1201,2008-01-01,,eng,162
9957,9781032585192,1433,2002-01-01,,eng,166
9958,9780596551339,1201,1999-01-01,,eng,440
9959,9780471271901,1933,2002-01-01,,eng,400
9960,9781783293384,1792,2015-01-01,,,160
9961,9781617292682,1026,2016-01-01,,,344
9962,9781506702698,456,2017-01-01,,,224
9963,9781492058335,1205,2020-01-01,,eng,204
9964,9780070038851,1056,1984-01-01,,eng,609
9965,9781000359725,1737,2014-01-01,,eng,298
9966,9780471538486,1925,1992-01-01,,eng,214
9967,9780132946131,56,2012-01-01,,eng,320
9968,9788426717979,71,2011-01-01,,spa,208
9969,9780520088429,1824,1994-01-01,,eng,225
9970,9781840236064,1790,2003-01-01,,eng,158
9971,9781906552015,1441,2008-01-01,,eng,264
9972,9781886529120,131,1995-01-01,,eng,694
9973,9781935251989,201,2010-01-01,,eng,224
9974,9781119680451,1930,2011-01-01,,eng,912
9975,9781578200832,1737,2001-01-01,,eng,318
9976,9780838933527,93,1998-01-01,,eng,171
9977,9780072467505,1060,2003-01-01,,eng,656
9978,9781509307678,1103,2018-01-01,,eng,480
9979,9780749402426,888,1975-01-01,,eng,144
9980,9781118157633,621,2011-01-01,,eng,
9981,9780810451070,731,1970-01-01,,"eng,und",256
9982,9780321382832,1327,2007-01-01,,eng,896
9983,9781556980749,1420,1985-01-01,,eng,47
9984,9780201038026,66,1969-01-01,,,640
9985,9780135599570,250,1989-01-01,,eng,246
9986,9780241225165,523,2016-01-01,,eng,40
9987,9781305870710,414,2016-01-01,,eng,592
9988,9780070296893,1056,1995-01-01,,eng,186
9989,9781484223840,26,2016-01-01,,,87
9990,9780071809252,1060,2014-01-01,,,728
9991,9781938549854,1091,2014-01-01,,,200
9992,9780671002190,1380,1997-01-01,,eng,254
9993,9781565923713,1199,1997-01-01,,eng,584
9994,9780672227851,1522,1991-01-01,,eng,760
9995,9781617294969,1026,2018-01-01,,,400
9996,9780613918398,1729,2002-01-01,,eng,552
9997,9781474462846,563,2022-01-01,,eng,
9998,9781949802122,1384,1994-01-01,,eng,278
9999,9781617293566,1026,2018-01-01,,,592
10000,9781265347888,1053,2018-01-01,,eng,352
10001,9781408350645,1830,2017-01-01,,,
10002,9781098109158,1201,2014-01-01,,eng,382
10003,9780525622222,465,2019-01-01,,eng,121
10004,9780596155384,1204,2007-01-01,,eng,847
10005,9781315586120,1737,2017-01-01,,eng,340
