product_id,author_id,author_order
1,1,1
2,2,1
3,3,1
120,1408,1
121,1496,1
121,9897,2
122,1408,1
123,7915,1
123,9741,2
123,9743,3
123,8733,4
124,10236,1
125,7617,1
125,9990,2
125,10018,3
126,1496,1
127,6123,1
128,2970,1
129,7249,1
130,2939,1
131,1552,1
132,8592,1
133,4074,1
133,164,2
133,9213,3
134,7249,1
135,8271,1
136,8209,1
136,1496,2
137,8592,1
137,9505,2
138,7705,1
139,8592,1
139,9505,2
140,10236,1
141,9229,1
142,8592,1
143,8209,1
144,1491,1
145,7616,1
146,8684,1
147,1191,1
148,1432,1
149,10236,1
149,1526,2
150,10552,1
151,8512,1
151,5336,2
152,8592,1
153,7752,1
154,10270,1
155,5110,1
155,5690,2
155,5701,3
156,10632,1
157,5091,1
157,5125,2
158,7446,1
159,6101,1
160,10009,1
160,10008,2
160,9975,3
161,4014,1
161,5091,2
161,5125,3
162,1408,1
162,1432,2
163,9648,1
164,8271,1
164,5601,2
165,5924,1
165,6947,2
165,245,3
165,9582,4
165,11189,5
166,4993,1
166,5899,2
166,6023,3
167,4716,1
168,2971,1
169,6406,1
170,7704,1
171,2103,1
172,5994,1
172,4934,2
172,4936,3
172,4930,4
173,5604,1
174,9643,1
175,9741,1
176,8091,1
177,5091,1
177,5136,2
178,9685,1
178,2002,2
178,1759,3
179,9603,1
180,164,1
181,1496,1
181,9897,2
182,9602,1
183,8592,1
184,4014,1
184,5091,2
184,5136,3
185,5840,1
185,10157,2
186,2976,1
186,9575,2
187,6544,1
188,11003,1
189,1496,1
189,9897,2
190,7805,1
191,7915,1
191,9741,2
191,9744,3
191,8733,4
192,344,1
193,9766,1
193,1003,2
194,5091,1
195,7618,1
196,6565,1
197,1686,1
197,2836,2
198,6070,1
199,10012,1
200,9214,1
201,7572,1
202,8495,1
203,1338,1
204,11102,1
205,4725,1
206,2954,1
207,432,1
208,1497,1
209,7631,1
209,1681,2
209,184,3
210,11064,1
210,3993,2
210,5941,3
212,7249,1
213,9506,1
214,8592,1
215,1434,1
216,1548,1
216,10913,2
217,10236,1
217,1526,2
218,3764,1
219,2975,1
219,9574,2
220,1879,1
221,2345,1
222,947,1
222,6176,2
223,9602,1
223,6123,2
223,9936,3
224,5328,1
224,2387,2
224,3716,3
225,9558,1
226,2976,1
226,9574,2
227,10632,1
228,10776,1
229,7195,1
229,8289,2
229,4130,3
230,7199,1
231,234,1
232,7989,1
233,8512,1
233,5336,2
234,2939,1
235,4014,1
235,5091,2
235,5136,3
236,9745,1
237,2989,1
238,3816,1
238,5751,2
238,5295,3
238,5708,4
238,11183,5
239,7637,1
239,2779,2
239,10480,3
239,4121,4
239,1219,5
240,7699,1
240,7153,2
241,2387,1
242,7955,1
242,3525,2
243,234,1
243,58,2
244,7249,1
245,6406,1
245,6566,2
246,3069,1
246,3508,2
246,9197,3
247,5838,1
248,935,1
249,10270,1
249,1527,2
250,249,1
250,935,2
250,8997,3
251,329,1
251,3399,2
252,10552,1
252,10002,2
253,6198,1
254,10860,1
255,6564,1
256,1464,1
258,4786,1
258,4118,2
258,8644,3
258,932,4
259,7632,1
259,1227,2
259,1218,3
259,6153,4
260,8259,1
261,5091,1
262,1496,1
262,9897,2
263,679,1
264,6629,1
265,6101,1
266,4111,1
267,3821,1
268,7660,1
270,912,1
271,3281,1
272,10756,1
273,9522,1
274,4777,1
276,8864,1
276,1496,2
276,8209,3
277,8424,1
278,5946,1
279,10514,1
280,3585,1
281,4337,1
282,3595,1
283,8209,1
284,8209,1
284,1496,2
285,372,1
286,10816,1
286,6404,2
286,9766,3
286,10838,4
286,10805,5
287,2211,1
287,7637,2
287,5349,3
288,4954,1
288,10599,2
288,9967,3
289,3782,1
290,1871,1
291,10270,1
291,1527,2
292,5283,1
293,1421,1
294,5285,1
295,7989,1
296,1554,1
297,8165,1
299,2792,1
300,4246,1
301,3579,1
302,11184,1
302,5216,2
302,6187,3
302,2634,4
303,200,1
304,900,1
304,6566,2
304,405,3
304,10334,4
305,9741,1
306,11127,1
306,11129,2
306,10593,3
307,2969,1
307,7572,2
308,431,1
309,8468,1
310,8857,1
311,5284,1
311,7189,2
312,7656,1
312,2121,2
313,2015,1
314,1663,1
315,5271,1
316,8029,1
317,1024,1
317,7295,2
318,10632,1
319,5950,1
320,2969,1
321,10558,1
321,10002,2
322,1959,1
323,10557,1
324,10632,1
324,7064,2
325,10552,1
326,6070,1
326,7849,2
326,1144,3
327,2243,1
329,7752,1
330,4236,1
331,2137,1
331,8137,2
331,9723,3
331,9912,4
331,9296,5
332,10480,1
332,6145,2
332,8632,3
332,8087,4
333,11006,1
333,7414,2
333,229,3
333,7633,4
333,1118,5
334,4014,1
334,5091,2
334,5125,3
335,947,1
336,10157,1
337,9909,1
338,1408,1
338,4174,2
339,4244,1
339,4110,2
340,7445,1
341,2814,1
342,5136,1
342,9741,2
343,6101,1
344,4526,1
344,11003,2
344,11108,3
345,5117,1
346,2070,1
346,9957,2
347,8983,1
348,5499,1
348,9538,2
348,1188,3
349,3895,1
350,2969,1
351,3344,1
351,414,2
351,8118,3
351,5772,4
351,10273,5
353,4277,1
354,935,1
355,9197,1
356,8592,1
357,9528,1
358,2544,1
359,6808,1
360,8592,1
360,9505,2
361,5822,1
363,3764,1
363,10236,2
363,1526,3
364,8100,1
364,8728,2
364,9993,3
364,8634,4
365,6229,1
366,1235,1
367,6586,1
367,6672,2
367,2892,3
368,6229,1
369,9530,1
370,877,1
371,9201,1
371,3862,2
372,9017,1
372,5924,2
373,8825,1
374,9505,1
374,10813,2
374,9519,3
374,11078,4
374,11042,5
375,10843,1
376,4825,1
377,7632,1
377,1218,2
377,4980,3
378,2212,1
378,7637,2
378,6082,3
379,2212,1
379,6297,2
379,7637,3
380,329,1
380,3399,2
381,3913,1
381,942,2
382,4437,1
383,6865,1
383,8032,2
384,11003,1
385,4247,1
386,8549,1
387,7637,1
387,9379,2
387,6517,3
387,1219,4
388,4219,1
389,10843,1
390,1967,1
391,8482,1
391,1453,2
392,5137,1
393,10498,1
394,10722,1
394,2058,2
394,2056,3
395,4015,1
396,1496,1
396,9897,2
397,6703,1
397,3088,2
398,2977,1
399,7195,1
400,10012,1
401,11191,1
402,5209,1
403,8416,1
404,11003,1
405,2544,1
406,3745,1
407,6566,1
408,1967,1
409,9513,1
410,6626,1
411,9931,1
412,6544,1
414,9557,1
415,1984,1
416,9557,1
417,4209,1
418,1408,1
418,1432,2
419,5385,1
420,4546,1
421,8757,1
422,7863,1
423,4135,1
423,1075,2
423,6056,3
424,922,1
425,11033,1
425,971,2
426,6808,1
427,11102,1
427,4202,2
428,1960,1
429,10722,1
430,11126,1
431,885,1
432,7249,1
433,9577,1
433,8478,2
433,794,3
434,8512,1
435,2039,1
435,2801,2
435,8470,3
436,8448,1
437,3450,1
437,4813,2
438,2802,1
440,9690,1
441,9076,1
442,10707,1
442,10084,2
442,2799,3
443,2939,1
443,1075,2
443,9077,3
444,8020,1
445,2959,1
446,5082,1
447,3312,1
447,1871,2
447,7926,3
448,6484,1
449,2939,1
450,9907,1
450,5690,2
451,10980,1
452,838,1
453,4720,1
454,9198,1
455,2939,1
456,4685,1
457,7481,1
458,8209,1
460,611,1
461,10270,1
461,1527,2
461,724,3
462,10497,1
463,10632,1
464,581,1
465,7888,1
466,8444,1
467,4268,1
468,6600,1
469,5121,1
470,525,1
470,11190,2
470,10309,3
470,9362,4
470,7437,5
471,7534,1
472,102,1
477,9673,1
478,4588,1
479,4243,1
480,4626,1
481,8592,1
482,105,1
483,4420,1
484,4569,1
485,8757,1
486,1496,1
486,9897,2
486,8209,3
487,11102,1
488,8314,1
489,4590,1
490,6857,1
491,9324,1
492,7977,1
493,980,1
494,11067,1
495,1408,1
498,10860,1
499,8100,1
499,6665,2
499,9993,3
500,4333,1
501,9392,1
502,48,1
502,6198,2
502,9194,3
503,8408,1
504,4626,1
505,6676,1
506,4418,1
507,4056,1
508,10270,1
508,1527,2
509,4424,1
510,4570,1
511,4425,1
512,7752,1
513,8921,1
514,7529,1
515,6213,1
515,1583,2
516,4260,1
517,106,1
518,4525,1
519,10600,1
519,8550,2
520,4014,1
520,5091,2
520,5136,3
521,8592,1
522,7313,1
522,5789,2
523,4571,1
525,8160,1
526,807,1
526,4944,2
526,2619,3
526,7857,4
526,7444,5
527,9462,1
527,6309,2
527,10445,3
527,6386,4
527,10818,5
528,4600,1
528,11128,2
529,561,1
530,7207,1
531,9602,1
532,8355,1
532,10333,2
533,8592,1
533,9505,2
534,7137,1
535,6641,1
536,6641,1
537,7637,1
538,1408,1
540,9751,1
541,8270,1
541,194,2
542,1496,1
542,9897,2
543,4489,1
544,6101,1
544,10507,2
544,349,3
545,1634,1
546,4589,1
547,10556,1
547,3410,2
547,5809,3
548,3361,1
549,4491,1
550,104,1
551,11326,1
552,1937,1
552,8729,2
553,8415,1
553,11108,2
553,8470,3
554,4506,1
555,2225,1
555,9957,2
557,415,1
558,4578,1
559,7144,1
560,1474,1
561,8592,1
562,8209,1
562,1496,2
563,6056,1
563,10648,2
564,2144,1
565,7313,1
566,4427,1
567,5201,1
567,11127,2
567,9525,3
567,5212,4
568,6561,1
569,2030,1
569,2066,2
569,3404,3
570,253,1
571,6426,1
571,1075,2
571,11066,3
572,97,1
573,96,1
575,2142,1
576,170,1
577,8683,1
578,11051,1
578,9924,2
579,7884,1
580,9564,1
581,5886,1
582,9718,1
583,10683,1
584,3702,1
585,5091,1
586,7248,1
587,2363,1
588,5121,1
589,11307,1
590,10716,1
592,3168,1
593,4421,1
594,5022,1
594,8583,2
594,10643,3
595,7637,1
596,10050,1
597,4799,1
598,250,1
598,6762,2
598,3010,3
598,8532,4
599,4128,1
599,5261,2
599,11142,3
600,2839,1
600,10236,2
600,1526,3
601,101,1
602,4419,1
603,8087,1
603,6673,2
603,6699,3
603,1853,4
604,3867,1
605,3867,1
606,3220,1
606,7493,2
606,2902,3
606,6189,4
606,10803,5
609,8592,1
609,9505,2
610,11103,1
610,9655,2
611,2969,1
611,7572,2
612,2021,1
614,4547,1
615,9754,1
615,5789,2
616,431,1
617,9324,1
618,5117,1
619,100,1
620,10435,1
621,1221,1
621,11066,2
621,6309,3
621,10838,4
621,10805,5
622,103,1
623,11034,1
623,1140,2
624,4426,1
625,10372,1
625,9281,2
625,10407,3
626,8684,1
627,4287,1
627,10236,2
627,1526,3
628,10450,1
629,8083,1
629,3672,2
629,10695,3
629,7267,4
630,9693,1
631,6520,1
632,6628,1
633,3544,1
634,7288,1
636,3953,1
637,99,1
638,4568,1
639,7484,1
640,6628,1
640,5171,2
640,7631,3
641,6628,1
641,5171,2
641,7631,3
642,11297,1
642,3700,2
642,6386,3
642,10818,4
643,8353,1
646,10078,1
647,9596,1
648,6309,1
648,1651,2
648,8417,3
648,5941,4
649,1651,1
649,6312,2
649,5212,3
650,3816,1
650,5751,2
650,5295,3
650,5708,4
650,11183,5
651,907,1
651,3816,2
651,11190,3
651,9600,4
651,3879,5
652,7414,1
654,8415,1
654,11108,2
655,8083,1
655,3672,2
655,10695,3
655,7267,4
656,10644,1
657,1759,1
657,2902,2
657,2459,3
657,1666,4
657,5208,5
658,10487,1
658,10642,2
658,7857,3
659,4520,1
660,10046,1
660,4666,2
660,2500,3
660,4716,4
662,3342,1
663,1222,1
663,8384,2
664,3342,1
665,9596,1
668,7501,1
668,1185,2
668,9322,3
668,5117,4
668,11124,5
669,4191,1
670,328,1
671,6555,1
671,10727,2
672,3547,1
672,3493,2
672,4208,3
673,8768,1
673,7179,2
673,9601,3
674,1937,1
674,984,2
675,515,1
675,3642,2
675,11305,3
675,6458,4
675,11053,5
676,4423,1
677,107,1
678,9249,1
678,159,2
678,862,3
679,4916,1
680,10454,1
681,7025,1
682,4910,1
683,10454,1
684,4910,1
685,5992,1
686,7025,1
688,10051,1
689,121,1
690,9716,1
691,10049,1
692,1937,1
692,3283,2
693,3437,1
694,234,1
695,4585,1
696,10236,1
696,1526,2
696,2948,3
696,4306,4
696,2496,5
697,8817,1
699,8547,1
700,7637,1
701,10104,1
702,4422,1
703,4522,1
704,3403,1
705,4245,1
706,10049,1
707,6316,1
708,4362,1
709,6056,1
709,1075,2
710,9741,1
710,8312,2
711,8356,1
712,3142,1
713,3612,1
715,11064,1
717,6538,1
718,8881,1
719,4519,1
720,142,1
721,8354,1
721,2002,2
722,9323,1
723,5208,1
724,6949,1
724,11066,2
724,10111,3
724,8412,4
724,6385,5
725,11006,1
725,7414,2
725,229,3
725,7633,4
725,1118,5
726,5208,1
726,3495,2
726,9581,3
726,8532,4
727,4191,1
727,3495,2
727,11037,3
728,6894,1
729,910,1
730,9227,1
731,8819,1
731,8817,2
731,8840,3
732,4489,1
732,4219,2
732,4362,3
733,8352,1
734,1811,1
735,3208,1
736,7823,1
737,5121,1
738,5121,1
739,1645,1
740,9669,1
741,6,1
741,9180,2
742,411,1
743,5026,1
743,4665,2
744,5875,1
745,10047,1
746,8583,1
746,7868,2
746,7444,3
746,2915,4
748,2025,1
749,1361,1
750,9556,1
751,3710,1
751,1409,2
752,9863,1
755,884,1
756,1496,1
756,9897,2
757,5587,1
758,4554,1
758,10555,2
758,2060,3
758,7765,4
758,6569,5
759,9513,1
759,8420,2
761,9681,1
762,8512,1
762,5336,2
763,4490,1
763,11255,2
763,10820,3
763,3807,4
764,11063,1
764,8089,2
765,109,1
766,4521,1
767,3403,1
768,6808,1
769,9246,1
769,3338,2
770,8375,1
770,7868,2
771,9463,1
772,4055,1
772,6325,2
772,9446,3
772,6696,4
772,9055,5
773,2839,1
773,10236,2
773,1526,3
775,5743,1
775,4964,2
775,1118,3
775,11189,4
776,3548,1
777,4951,1
777,1118,2
778,4191,1
779,7190,1
780,3711,1
781,5622,1
781,7162,2
781,10586,3
781,1105,4
782,9716,1
783,3181,1
783,6462,2
784,7957,1
784,4952,2
785,6463,1
785,3039,2
785,5252,3
786,431,1
786,7637,2
787,6996,1
788,10263,1
789,8298,1
790,8420,1
791,98,1
792,8241,1
792,3483,2
792,6216,3
792,9949,4
792,869,5
793,7404,1
794,3159,1
795,10588,1
796,5663,1
796,617,2
796,3879,3
797,965,1
798,5089,1
799,10000,1
799,9999,2
799,1148,3
800,7984,1
800,1985,2
801,3647,1
802,9317,1
802,3652,2
803,9519,1
803,9327,2
804,4145,1
805,826,1
806,5319,1
808,3814,1
809,4866,1
810,1958,1
811,9596,1
812,10116,1
813,7816,1
814,3903,1
815,8578,1
816,6808,1
817,1564,1
818,1779,1
818,3445,2
818,8,3
818,4630,4
819,10015,1
819,4181,2
820,8177,1
820,3165,2
821,8433,1
822,5985,1
823,1412,1
823,6270,2
824,3181,1
824,6462,2
825,6380,1
826,9564,1
826,4097,2
827,8564,1
828,10495,1
829,11093,1
830,9191,1
831,142,1
831,8,2
832,5852,1
832,6784,2
832,9485,3
832,3984,4
833,4383,1
834,1907,1
834,8479,2
835,11326,1
836,8925,1
837,7972,1
837,2953,2
838,9928,1
839,6431,1
840,5091,1
841,6135,1
842,9027,1
843,5329,1
844,7202,1
845,10679,1
846,4562,1
847,9112,1
848,10650,1
848,4083,2
849,9827,1
850,8950,1
851,913,1
851,7792,2
851,3646,3
852,76,1
852,2067,2
853,6031,1
854,7890,1
854,142,2
854,3577,3
855,298,1
856,9286,1
857,4622,1
858,4893,1
859,7046,1
860,9517,1
861,4955,1
862,8075,1
863,7190,1
864,8390,1
865,2286,1
866,4563,1
866,4219,2
866,4362,3
867,3296,1
868,4897,1
869,5979,1
870,3543,1
871,8863,1
872,3647,1
873,8835,1
874,7190,1
874,5433,2
875,4493,1
876,6552,1
877,9938,1
878,8580,1
879,3576,1
880,11106,1
882,4275,1
883,5662,1
884,6607,1
885,7880,1
886,9660,1
887,1395,1
888,10631,1
889,861,1
889,10566,2
890,7955,1
891,8512,1
892,5277,1
893,8377,1
894,10389,1
895,7968,1
896,2835,1
897,213,1
898,4209,1
899,8707,1
899,3797,2
901,6379,1
903,5985,1
904,7824,1
905,2880,1
905,1619,2
905,1594,3
907,3890,1
908,3585,1
909,9247,1
910,5422,1
912,6552,1
913,9279,1
914,8,1
915,7457,1
916,8984,1
917,3579,1
918,947,1
919,4528,1
920,3548,1
921,5013,1
922,4560,1
924,1871,1
924,1794,2
924,8309,3
925,3716,1
927,4218,1
928,947,1
929,1564,1
930,8845,1
931,412,1
932,7436,1
933,7435,1
934,9954,1
935,7413,1
936,3536,1
937,11234,1
938,3902,1
939,6057,1
940,6264,1
941,965,1
942,7797,1
943,6652,1
943,5085,2
943,8968,3
944,4799,1
945,3595,1
946,6369,1
946,11326,2
947,3585,1
948,3595,1
949,6369,1
949,11326,2
950,2840,1
951,4905,1
952,7950,1
953,9766,1
953,5582,2
954,3229,1
954,3290,2
955,142,1
956,219,1
957,6064,1
957,5367,2
957,9058,3
958,5996,1
958,5727,2
959,5329,1
960,978,1
961,9953,1
962,8863,1
963,3823,1
964,3585,1
965,1145,1
966,3579,1
967,5610,1
967,6005,2
968,8952,1
969,1600,1
970,6946,1
971,4591,1
972,257,1
973,8666,1
974,7148,1
975,10495,1
976,1408,1
976,1910,2
977,4611,1
977,1359,2
977,9504,3
978,7548,1
979,5781,1
979,1231,2
979,8988,3
980,8276,1
981,4385,1
982,2230,1
983,667,1
983,8532,2
983,11323,3
984,1958,1
985,7864,1
985,8191,2
985,6609,3
986,9648,1
987,5306,1
988,9185,1
989,6579,1
990,1482,1
991,9375,1
991,202,2
992,576,1
993,7079,1
994,2998,1
995,7502,1
996,9526,1
997,4853,1
998,9929,1
999,3636,1
1000,8409,1
1002,5898,1
1002,6932,2
1002,1806,3
1002,2950,4
1003,6154,1
1004,7627,1
1005,3649,1
1005,7277,2
1005,3943,3
1006,10194,1
1007,10193,1
1008,3595,1
1009,8474,1
1010,336,1
1011,7164,1
1012,10181,1
1013,10345,1
1014,6843,1
1015,4363,1
1016,5218,1
1016,7287,2
1017,3904,1
1018,8861,1
1018,8933,2
1018,8062,3
1019,10202,1
1020,8737,1
1021,2360,1
1022,10131,1
1023,785,1
1024,2146,1
1025,8,1
1026,4576,1
1027,11326,1
1028,4347,1
1029,10554,1
1030,4072,1
1031,4253,1
1032,9881,1
1032,1175,2
1033,1144,1
1033,7849,2
1034,4387,1
1035,11127,1
1035,3700,2
1035,6710,3
1036,4529,1
1037,1996,1
1038,4677,1
1038,5357,2
1039,2939,1
1039,3442,2
1039,864,3
1040,3813,1
1040,10661,2
1040,5768,3
1040,6212,4
1041,4577,1
1042,5025,1
1043,9281,1
1043,10372,2
1043,10407,3
1044,1003,1
1044,3651,2
1044,4964,3
1045,4987,1
1047,11044,1
1049,7491,1
1050,10268,1
1051,955,1
1052,5422,1
1052,5438,2
1053,9500,1
1053,9184,2
1054,4783,1
1055,7491,1
1056,5330,1
1057,10098,1
1058,7989,1
1059,6514,1
1060,10205,1
1061,3811,1
1062,1683,1
1063,5819,1
1064,8512,1
1066,5813,1
1067,9215,1
1068,7601,1
1069,9402,1
1069,2294,2
1069,10933,3
1070,1003,1
1070,10117,2
1070,9607,3
1070,3651,4
1070,7373,5
1071,8672,1
1072,2065,1
1073,4625,1
1074,257,1
1075,7860,1
1075,8997,2
1075,8122,3
1076,10322,1
1077,2641,1
1078,6539,1
1079,2528,1
1080,4006,1
1082,9363,1
1082,7401,2
1083,692,1
1084,8692,1
1085,6417,1
1086,220,1
1087,10632,1
1088,6512,1
1089,8448,1
1089,2746,2
1090,6155,1
1091,3403,1
1092,4241,1
1093,728,1
1094,2229,1
1095,40,1
1095,4628,2
1096,5578,1
1096,7851,2
1097,7136,1
1098,7898,1
1099,206,1
1099,9127,2
1100,1943,1
1101,11257,1
1102,2497,1
1103,2312,1
1103,2417,2
1104,4284,1
1105,1479,1
1106,1634,1
1107,3607,1
1108,10461,1
1108,8,2
1109,9160,1
1110,1564,1
1111,10863,1
1112,10068,1
1113,1823,1
1114,9692,1
1115,1597,1
1116,2101,1
1118,3975,1
1119,3893,1
1119,9285,2
1119,4938,3
1120,7457,1
1121,3579,1
1122,6866,1
1123,10914,1
1124,6808,1
1125,4150,1
1126,8729,1
1126,3884,2
1126,5621,3
1127,4077,1
1128,10098,1
1128,10206,2
1128,8988,3
1129,6769,1
1129,4948,2
1129,11127,3
1130,6558,1
1131,8185,1
1132,4722,1
1132,9314,2
1132,7519,3
1133,7202,1
1134,1048,1
1134,1937,2
1135,4527,1
1136,807,1
1137,6222,1
1138,9092,1
1139,10691,1
1139,5267,2
1140,238,1
1141,5054,1
1142,3579,1
1143,3403,1
1144,2013,1
1145,3154,1
1145,6540,2
1145,5818,3
1145,9202,4
1145,963,5
1146,5071,1
1147,5110,1
1148,6600,1
1148,9193,2
1149,5985,1
1150,490,1
1151,5405,1
1153,4550,1
1155,1465,1
1156,2427,1
1157,9821,1
1158,8816,1
1158,1759,2
1159,6910,1
1160,9867,1
1160,2390,2
1160,6027,3
1160,7187,4
1161,9601,1
1162,1054,1
1162,6864,2
1162,7904,3
1162,8523,4
1163,9927,1
1164,11127,1
1164,8084,2
1165,2591,1
1166,7495,1
1167,7460,1
1167,6085,2
1167,3529,3
1168,3403,1
1169,1145,1
1170,11157,1
1171,125,1
1172,1565,1
1173,10370,1
1174,10581,1
1175,6543,1
1176,10551,1
1176,9048,2
1177,3595,1
1179,6209,1
1180,3343,1
1181,10802,1
1182,3595,1
1183,46,1
1184,46,1
1184,2037,2
1185,4005,1
1186,46,1
1186,2037,2
1187,10597,1
1188,9125,1
1189,3403,1
1190,10974,1
1191,75,1
1192,4549,1
1193,4383,1
1194,2530,1
1195,7614,1
1196,1206,1
1197,2139,1
1197,8640,2
1198,2426,1
1198,10965,2
1199,3376,1
1200,7749,1
1201,5278,1
1201,6568,2
1202,4905,1
1203,118,1
1204,2264,1
1204,1773,2
1205,10380,1
1206,10482,1
1208,2967,1
1209,8102,1
1210,4284,1
1211,2807,1
1211,2952,2
1213,3647,1
1214,1351,1
1215,2075,1
1216,3869,1
1216,33,2
1217,33,1
1217,3869,2
1217,10088,3
1218,8,1
1219,7792,1
1219,3646,2
1220,4386,1
1221,2232,1
1221,4824,2
1221,8255,3
1221,2431,4
1222,7915,1
1222,336,2
1222,3921,3
1223,7648,1
1223,7372,2
1223,6710,3
1223,11127,4
1223,10203,5
1224,645,1
1224,1118,2
1224,10423,3
1225,7391,1
1225,5582,2
1226,4026,1
1226,5267,2
1226,3577,3
1227,1118,1
1228,8016,1
1229,2231,1
1231,4499,1
1232,5985,1
1233,7351,1
1233,7350,2
1233,10869,3
1234,2342,1
1235,8929,1
1236,6611,1
1237,923,1
1238,10116,1
1239,10297,1
1240,10187,1
1241,4094,1
1241,4095,2
1241,7657,3
1241,11259,4
1241,11260,5
1242,10372,1
1243,11127,1
1243,781,2
1244,8448,1
1244,10383,2
1245,3782,1
1245,10903,2
1246,5852,1
1247,9890,1
1248,6203,1
1249,8379,1
1250,6808,1
1251,5110,1
1252,3595,1
1253,10248,1
1254,370,1
1258,8437,1
1259,4176,1
1260,803,1
1261,6935,1
1262,2076,1
1263,2040,1
1264,3237,1
1265,10691,1
1266,8,1
1267,3875,1
1268,4007,1
1268,4101,2
1269,7460,1
1269,6085,2
1269,3529,3
1269,5331,4
1269,8988,5
1270,8429,1
1271,926,1
1272,9272,1
1273,9638,1
1274,3138,1
1275,4210,1
1276,10133,1
1276,4034,2
1276,4745,3
1276,8523,4
1277,120,1
1278,2229,1
1279,10233,1
1280,10510,1
1282,3810,1
1283,9377,1
1284,46,1
1284,76,2
1284,2067,3
1285,4321,1
1286,5873,1
1286,10580,2
1286,6635,3
1287,142,1
1287,9056,2
1288,6346,1
1288,8531,2
1288,1118,3
1289,9928,1
1290,781,1
1291,2942,1
1292,3598,1
1293,10886,1
1294,3429,1
1295,745,1
1296,10886,1
1297,8275,1
1297,830,2
1297,7179,3
1298,3574,1
1298,3572,2
1298,6838,3
1299,10597,1
1300,1564,1
1301,9658,1
1302,9655,1
1302,9928,2
1304,5985,1
1306,10974,1
1307,2031,1
1308,6896,1
1310,2228,1
1311,2078,1
1312,10176,1
1313,8803,1
1314,3831,1
1315,1300,1
1316,749,1
1317,9028,1
1318,8065,1
1319,114,1
1320,5007,1
1320,7438,2
1321,4987,1
1322,4861,1
1323,5858,1
1324,3427,1
1324,3294,2
1325,5371,1
1326,7458,1
1327,7901,1
1328,3695,1
1329,1958,1
1330,113,1
1331,9827,1
1332,4561,1
1333,7523,1
1334,3533,1
1334,1181,2
1335,3083,1
1336,4054,1
1336,6139,2
1336,9593,3
1336,3246,4
1337,8430,1
1337,8429,2
1338,8430,1
1338,8429,2
1339,6433,1
1340,1033,1
1341,73,1
1342,9653,1
1343,8135,1
1344,5350,1
1345,9013,1
1346,2523,1
1348,2398,1
1348,5069,2
1349,11170,1
1349,11333,2
1349,7928,3
1353,8584,1
1353,5539,2
1353,10787,3
1353,7555,4
1354,2672,1
1354,2383,2
1355,5985,1
1357,3285,1
1358,3519,1
1358,546,2
1358,5779,3
1359,2077,1
1360,7426,1
1360,7977,2
1360,6211,3
1361,1115,1
1361,6492,2
1361,904,3
1361,5337,4
1361,721,5
1362,10098,1
1363,142,1
1364,142,1
1365,2227,1
1366,4501,1
1367,2054,1
1368,10628,1
1369,11208,1
1369,6391,2
1369,5211,3
1370,304,1
1371,7655,1
1372,1046,1
1373,5069,1
1374,7271,1
1375,6068,1
1375,9583,2
1376,10098,1
1376,7977,2
1376,6211,3
1377,2591,1
1378,6369,1
1379,8835,1
1379,8973,2
1379,5557,3
1380,1206,1
1381,415,1
1382,6569,1
1383,4505,1
1385,4558,1
1386,3278,1
1387,4384,1
1388,826,1
1389,7531,1
1390,119,1
1391,4559,1
1392,453,1
1393,238,1
1393,164,2
1394,4381,1
1395,4502,1
1397,5764,1
1398,2215,1
1399,9485,1
1399,1241,2
1400,1987,1
1401,9279,1
1402,2215,1
1403,3015,1
1404,7434,1
1405,10523,1
1406,9769,1
1406,8913,2
1408,142,1
1408,5582,2
1408,9058,3
1408,9827,4
1408,6103,5
1409,142,1
1409,5582,2
1409,9058,3
1409,4055,4
1409,6324,5
1410,142,1
1410,5582,2
1410,9058,3
1410,4055,4
1410,6324,5
1411,558,1
1411,675,2
1411,2982,3
1412,5904,1
1412,703,2
1413,7979,1
1415,3742,1
1416,10143,1
1417,10719,1
1420,3284,1
1421,5357,1
1422,350,1
1422,3086,2
1423,116,1
1424,4384,1
1425,6065,1
1426,6492,1
1426,10500,2
1426,9454,3
1426,2612,4
1426,3448,5
1427,5470,1
1427,6729,2
1428,7516,1
1428,6634,2
1428,4066,3
1428,555,4
1429,5117,1
1430,1154,1
1431,4947,1
1432,4017,1
1432,10527,2
1433,8020,1
1434,3976,1
1435,5304,1
1436,10189,1
1436,9019,2
1436,6844,3
1436,9415,4
1436,10385,5
1437,6872,1
1438,529,1
1439,117,1
1441,3448,1
1441,40,2
1441,4630,3
1441,1115,4
1441,904,5
1442,3448,1
1442,40,2
1442,4630,3
1442,1115,4
1442,420,5
1443,4460,1
1444,3966,1
1445,9675,1
1445,9275,2
1445,5037,3
1446,4316,1
1447,9429,1
1448,4741,1
1450,5443,1
1451,9485,1
1451,9969,2
1451,7733,3
1451,7403,4
1452,5598,1
1452,7970,2
1452,2679,3
1453,10724,1
1453,4726,2
1454,7536,1
1455,7321,1
1457,10380,1
1457,3642,2
1458,3168,1
1459,4865,1
1460,8611,1
1461,3405,1
1462,5929,1
1462,2618,2
1462,4717,3
1463,3152,1
1464,1834,1
1465,2104,1
1466,7285,1
1466,9830,2
1466,7412,3
1467,7244,1
1468,6880,1
1469,2377,1
1470,6704,1
1471,6843,1
1471,1169,2
1472,11127,1
1472,781,2
1473,624,1
1473,5497,2
1474,10715,1
1475,9353,1
1476,5445,1
1477,11003,1
1477,7118,2
1477,9961,3
1478,2714,1
1479,11003,1
1479,2594,2
1479,9030,3
1479,8739,4
1481,1674,1
1481,8168,2
1482,6991,1
1482,8911,2
1483,8703,1
1483,5217,2
1483,10814,3
1484,1921,1
1485,285,1
1486,8852,1
1487,4636,1
1488,3448,1
1488,8,2
1488,4630,3
1488,1115,4
1488,904,5
1489,115,1
1490,2072,1
1491,2071,1
1492,10644,1
1493,4964,1
1494,5235,1
1495,5288,1
1496,6363,1
1496,5868,2
1496,10322,3
1496,4357,4
1496,2150,5
1497,11196,1
1497,1490,2
1498,11326,1
1499,2866,1
1500,5374,1
1501,6768,1
1502,6031,1
1503,10181,1
1503,5969,2
1503,7939,3
1503,1168,4
1504,4701,1
1505,3838,1
1507,1968,1
1508,10372,1
1508,9281,2
1508,10407,3
1508,3879,4
1509,1472,1
1510,4350,1
1511,5353,1
1512,9042,1
1513,10801,1
1513,1075,2
1513,797,3
1513,1883,4
1514,3278,1
1515,3148,1
1516,8939,1
1517,10443,1
1517,3268,2
1517,3146,3
1517,9106,4
1518,4839,1
1518,8620,2
1518,9397,3
1518,10031,4
1518,4768,5
1519,1683,1
1520,8012,1
1521,9577,1
1521,7063,2
1522,2893,1
1523,1306,1
1525,3962,1
1526,6267,1
1526,5055,2
1527,9465,1
1527,2957,2
1528,8588,1
1529,1024,1
1529,403,2
1530,7551,1
1531,6913,1
1532,3955,1
1533,9914,1
1534,10465,1
1534,4071,2
1535,6595,1
1536,6600,1
1536,9193,2
1537,5803,1
1538,2795,1
1538,2818,2
1538,2010,3
1539,11193,1
1540,4702,1
1541,4252,1
1542,8609,1
1543,7882,1
1544,2175,1
1545,8643,1
1546,4001,1
1547,4851,1
1547,6773,2
1548,9821,1
1549,3148,1
1550,5067,1
1550,8591,2
1550,4022,3
1551,3353,1
1552,8349,1
1553,5607,1
1554,9359,1
1555,11157,1
1556,7070,1
1556,2754,2
1557,2559,1
1558,4385,1
1559,3590,1
1559,9435,2
1560,3376,1
1561,8925,1
1562,10522,1
1563,8851,1
1564,5486,1
1564,2346,2
1565,8576,1
1566,7523,1
1567,1195,1
1568,2672,1
1570,10698,1
1571,5329,1
1571,4034,2
1572,10640,1
1572,849,2
1573,9571,1
1574,10523,1
1576,2471,1
1577,11101,1
1578,7872,1
1580,5717,1
1581,7058,1
1582,7202,1
1582,5420,2
1583,5340,1
1585,1341,1
1586,8952,1
1586,5873,2
1586,10195,3
1587,5629,1
1588,8925,1
1589,4254,1
1589,4314,2
1589,10845,3
1589,5873,4
1589,10196,5
1591,10675,1
1591,3310,2
1591,755,3
1592,2823,1
1593,6031,1
1594,2454,1
1595,3303,1
1595,485,2
1596,7144,1
1597,1947,1
1598,9272,1
1598,2215,2
1598,1172,3
1599,4250,1
1600,1803,1
1602,8586,1
1602,4627,2
1603,2215,1
1604,8749,1
1605,4209,1
1606,4759,1
1607,1016,1
1611,5959,1
1612,1881,1
1612,10002,2
1612,11077,3
1613,5451,1
1613,10645,2
1614,6040,1
1615,5756,1
1616,1593,1
1617,9704,1
1617,9610,2
1618,10849,1
1618,572,2
1619,2426,1
1619,10965,2
1620,3151,1
1621,10365,1
1622,7863,1
1623,10800,1
1624,9987,1
1625,1685,1
1626,1501,1
1627,11087,1
1628,1407,1
1629,1214,1
1629,11240,2
1629,3055,3
1629,6767,4
1629,3392,5
1631,6708,1
1632,5494,1
1632,4735,2
1633,8129,1
1634,643,1
1635,10365,1
1635,5597,2
1636,2538,1
1637,849,1
1637,5409,2
1637,8812,3
1638,5924,1
1639,952,1
1640,8020,1
1640,1014,2
1641,8789,1
1642,5492,1
1643,3361,1
1643,5087,2
1644,2025,1
1645,1035,1
1646,9812,1
1647,1515,1
1647,4003,2
1647,6928,3
1648,4037,1
1649,5390,1
1650,1262,1
1650,8176,2
1651,5757,1
1652,1803,1
1652,1550,2
1652,9617,3
1653,5794,1
1654,10048,1
1654,967,2
1654,4682,3
1655,9987,1
1655,2172,2
1656,9307,1
1657,7662,1
1658,142,1
1658,5582,2
1658,9058,3
1658,8414,4
1659,142,1
1659,9058,2
1659,10015,3
1659,4181,4
1660,142,1
1660,9058,2
1660,2620,3
1660,3074,4
1660,10921,5
1661,4441,1
1662,4274,1
1663,2226,1
1664,8911,1
1665,10796,1
1666,11127,1
1666,5385,2
1666,11129,3
1667,7340,1
1668,8645,1
1670,3398,1
1671,9685,1
1673,4595,1
1674,11326,1
1675,3519,1
1676,7698,1
1677,1324,1
1678,8661,1
1679,10145,1
1679,2960,2
1680,10796,1
1681,7147,1
1682,4017,1
1682,3857,2
1683,5698,1
1684,3870,1
1684,8451,2
1685,2011,1
1686,5263,1
1687,10200,1
1688,6305,1
1689,8132,1
1690,8367,1
1690,7235,2
1691,7720,1
1692,5543,1
1693,5412,1
1693,8281,2
1694,8407,1
1695,10524,1
1696,903,1
1697,4438,1
1698,11323,1
1700,556,1
1701,2215,1
1703,4299,1
1704,1834,1
1705,9863,1
1706,6419,1
1707,4442,1
1708,9197,1
1708,9668,2
1709,11326,1
1710,5278,1
1710,6576,2
1711,1428,1
1712,7842,1
1713,8947,1
1714,4683,1
1715,3036,1
1716,5938,1
1717,4883,1
1717,7604,2
1718,624,1
1718,5497,2
1719,7564,1
1721,3401,1
1722,8713,1
1723,6759,1
1723,10334,2
1723,8717,3
1723,5787,4
1723,11206,5
1724,10009,1
1725,2493,1
1726,1505,1
1726,5225,2
1727,5306,1
1728,7767,1
1729,5959,1
1730,8759,1
1731,6764,1
1731,7832,2
1732,4508,1
1733,1408,1
1734,4148,1
1734,5135,2
1735,3090,1
1736,2006,1
1737,3831,1
1738,4987,1
1739,3452,1
1739,11268,2
1740,1516,1
1741,562,1
1741,8527,2
1741,5762,3
1741,2145,4
1742,8387,1
1743,8387,1
1744,221,1
1744,7053,2
1745,6661,1
1746,2284,1
1747,8980,1
1748,11326,1
1749,1586,1
1750,481,1
1751,10681,1
1752,4539,1
1753,5108,1
1754,1339,1
1755,10006,1
1756,3314,1
1756,6270,2
1756,3778,3
1757,11326,1
1758,10013,1
1759,4272,1
1760,9584,1
1761,10217,1
1761,8642,2
1761,9381,3
1761,2281,4
1761,4801,5
1762,2587,1
1763,11310,1
1764,1847,1
1766,1408,1
1767,4209,1
1769,11256,1
1771,6031,1
1772,10181,1
1773,4948,1
1774,3921,1
1775,4351,1
1778,6211,1
1778,6864,2
1778,7904,3
1778,8523,4
1778,232,5
1779,337,1
1779,7911,2
1779,7835,3
1779,8988,4
1779,3289,5
1780,1240,1
1781,9607,1
1781,10117,2
1781,8988,3
1781,6085,4
1781,1003,5
1782,4034,1
1783,7785,1
1784,7407,1
1784,8888,2
1785,757,1
1786,395,1
1786,6979,2
1786,5666,3
1787,9895,1
1788,9895,1
1789,2893,1
1790,6405,1
1791,1533,1
1791,8820,2
1793,7957,1
1794,1685,1
1795,821,1
1795,8588,2
1796,6925,1
1797,9272,1
1798,820,1
1799,3365,1
1799,6351,2
1800,4952,1
1801,6267,1
1802,6267,1
1803,5366,1
1803,1983,2
1804,2085,1
1804,2695,2
1804,11097,3
1805,4318,1
1806,668,1
1807,286,1
1808,11328,1
1808,6603,2
1809,1721,1
1809,6353,2
1809,6922,3
1810,9279,1
1811,8146,1
1811,6796,2
1812,6947,1
1813,8911,1
1814,3376,1
1815,5380,1
1816,6267,1
1817,2411,1
1818,8943,1
1818,2531,2
1819,10372,1
1820,9558,1
1821,9092,1
1822,6204,1
1823,6774,1
1824,9863,1
1825,497,1
1826,6348,1
1826,3840,2
1826,6103,3
1826,1118,4
1827,5367,1
1828,5585,1
1829,9222,1
1830,10089,1
1831,9717,1
1832,1656,1
1833,6669,1
1834,6260,1
1835,2046,1
1836,11323,1
1837,3856,1
1838,11323,1
1838,10454,2
1838,7240,3
1838,2122,4
1838,8532,5
1839,3856,1
1840,8865,1
1840,5124,2
1840,1789,3
1840,4080,4
1840,1687,5
1841,10531,1
1842,10100,1
1842,5207,2
1842,10741,3
1842,11118,4
1842,423,5
1843,4443,1
1844,4759,1
1845,9233,1
1846,5016,1
1847,3599,1
1848,1759,1
1849,4445,1
1850,6300,1
1850,7202,2
1851,1584,1
1852,7089,1
1853,6447,1
1854,4572,1
1855,4544,1
1855,6556,2
1855,4671,3
1856,3063,1
1857,10869,1
1858,2430,1
1859,5611,1
1860,4964,1
1860,10563,2
1860,5861,3
1861,5597,1
1862,11100,1
1862,9390,2
1862,8872,3
1863,11105,1
1865,7716,1
1866,5058,1
1866,9277,2
1866,2249,3
1867,10220,1
1868,2893,1
1868,5233,2
1869,2172,1
1870,9393,1
1871,841,1
1873,357,1
1874,10039,1
1875,5579,1
1876,5317,1
1876,5331,2
1876,8756,3
1876,11127,4
1876,9267,5
1877,7231,1
1878,6285,1
1879,2352,1
1880,4349,1
1881,9870,1
1882,2455,1
1883,6507,1
1883,9616,2
1883,1522,3
1884,9279,1
1885,10176,1
1886,10755,1
1887,9099,1
1888,1947,1
1889,6031,1
1890,6467,1
1891,1206,1
1892,10087,1
1893,4990,1
1894,1135,1
1895,498,1
1896,5801,1
1897,2270,1
1898,9981,1
1898,9550,2
1898,8128,3
1898,6389,4
1899,1698,1
1899,148,2
1899,8254,3
1900,11011,1
1901,2580,1
1902,94,1
1903,93,1
1904,2693,1
1905,10077,1
1906,8596,1
1906,8071,2
1907,7407,1
1908,9484,1
1909,5080,1
1910,4444,1
1911,9212,1
1912,9235,1
1913,9584,1
1914,9547,1
1914,7930,2
1914,6521,3
1915,6051,1
1916,8948,1
1917,5034,1
1917,6460,2
1917,4020,3
1918,3115,1
1919,8952,1
1920,9236,1
1921,9881,1
1922,6025,1
1922,5234,2
1922,4889,3
1922,9445,4
1922,1745,5
1923,4439,1
1924,4215,1
1925,3521,1
1925,2122,2
1926,1985,1
1927,1134,1
1927,4050,2
1928,1246,1
1929,1118,1
1929,4951,2
1929,3935,3
1930,10959,1
1932,78,1
1932,6575,2
1933,10319,1
1934,9071,1
1935,10709,1
1936,499,1
1937,1008,1
1937,9161,2
1938,3615,1
1938,3616,2
1938,6483,3
1938,8205,4
1939,8365,1
1940,7340,1
1941,9234,1
1943,1058,1
1946,7901,1
1946,4038,2
1947,8761,1
1948,3938,1
1948,7798,2
1949,9877,1
1950,8646,1
1950,325,2
1950,3104,3
1951,740,1
1952,9232,1
1953,4209,1
1954,3562,1
1955,8602,1
1956,9279,1
1957,5660,1
1957,4209,2
1957,6137,3
1958,4524,1
1959,7027,1
1960,1206,1
1961,10978,1
1962,4656,1
1963,2294,1
1965,6812,1
1966,457,1
1967,2860,1
1968,4362,1
1969,11014,1
1970,5931,1
1971,8068,1
1972,4557,1
1973,10789,1
1974,7050,1
1975,7038,1
1976,7787,1
1977,6943,1
1977,3826,2
1977,4080,3
1977,7194,4
1977,1687,5
1978,7756,1
1979,10139,1
1980,4221,1
1981,189,1
1982,7222,1
1983,1154,1
1984,957,1
1985,1342,1
1986,4932,1
1986,9971,2
1986,7900,3
1986,6936,4
1987,1586,1
1988,4428,1
1989,7635,1
1989,2892,2
1990,5168,1
1991,5597,1
1991,9546,2
1992,9638,1
1993,5296,1
1993,6744,2
1993,10540,3
1993,9994,4
1993,1093,5
1994,3114,1
1995,6140,1
1995,7197,2
1996,1014,1
1997,3584,1
1998,3881,1
1998,3880,2
1999,3881,1
1999,3880,2
2000,9543,1
2001,9987,1
2002,10463,1
2003,4045,1
2004,3023,1
2005,9874,1
2006,1317,1
2007,1044,1
2008,4940,1
2010,2122,1
2011,138,1
2012,5218,1
2013,1970,1
2014,7483,1
2015,7049,1
2016,5183,1
2017,9279,1
2018,9411,1
2019,1206,1
2020,3462,1
2021,7294,1
2022,241,1
2022,10767,2
2023,10628,1
2023,10002,2
2023,1189,3
2024,8203,1
2025,7510,1
2025,7192,2
2025,10899,3
2025,281,4
2026,7317,1
2027,920,1
2028,4523,1
2029,3809,1
2032,9221,1
2033,8882,1
2034,3080,1
2035,4188,1
2036,8938,1
2037,4545,1
2038,1343,1
2039,7007,1
2039,849,2
2039,5751,3
2039,3879,4
2040,1564,1
2041,1118,1
2042,1437,1
2042,3747,2
2042,7909,3
2042,5433,4
2042,11130,5
2043,9834,1
2044,5285,1
2045,5268,1
2045,8243,2
2046,6103,1
2047,5406,1
2048,8034,1
2049,373,1
2050,1922,1
2051,6580,1
2052,4488,1
2053,9272,1
2054,5691,1
2055,7299,1
2056,6457,1
2057,6644,1
2058,7033,1
2058,2939,2
2059,541,1
2060,9979,1
2060,704,2
2060,9988,3
2061,423,1
2062,2215,1
2063,10970,1
2063,9316,2
2064,9348,1
2065,7774,1
2066,1965,1
2067,8480,1
2068,6616,1
2069,7792,1
2069,336,2
2069,10974,3
2069,5673,4
2069,10718,5
2070,7889,1
2071,4433,1
2072,154,1
2072,8648,2
2073,9024,1
2074,4748,1
2075,6322,1
2076,4188,1
2077,9879,1
2078,3780,1
2079,9879,1
2079,5694,2
2080,8271,1
2080,5601,2
2081,6272,1
2082,6718,1
2082,5620,2
2083,3572,1
2084,10355,1
2085,9577,1
2086,6714,1
2087,1683,1
2088,7898,1
2088,6405,2
2089,8263,1
2090,2215,1
2091,1856,1
2092,2576,1
2093,9025,1
2094,5159,1
2095,560,1
2096,1444,1
2097,7290,1
2098,3987,1
2099,1371,1
2100,6330,1
2101,8069,1
2102,9025,1
2102,2786,2
2103,897,1
2104,10069,1
2105,5006,1
2105,7440,2
2106,4179,1
2106,563,2
2106,9786,3
2106,2518,4
2107,1320,1
2108,9159,1
2109,8218,1
2110,1129,1
2111,9198,1
2113,6594,1
2114,6828,1
2114,1060,2
2114,5263,3
2115,9047,1
2115,8545,2
2115,6121,3
2116,9121,1
2117,7826,1
2118,8559,1
2118,3359,2
2119,1980,1
2119,3567,2
2119,2098,3
2120,6850,1
2121,5406,1
2122,9250,1
2123,7732,1
2123,3367,2
2123,10002,3
2123,539,4
2123,10214,5
2124,1468,1
2125,2562,1
2126,1344,1
2127,992,1
2127,7574,2
2127,10083,3
2127,10086,4
2128,8760,1
2128,506,2
2129,3141,1
2130,7290,1
2130,2215,2
2131,2073,1
2132,5654,1
2133,3961,1
2134,6989,1
2134,1133,2
2135,9025,1
2136,5654,1
2137,9237,1
2138,5699,1
2140,2294,1
2141,4960,1
2142,6528,1
2143,2004,1
2144,5384,1
2145,1801,1
2146,8826,1
2147,8891,1
2148,9307,1
2149,4240,1
2150,1825,1
2150,1809,2
2151,9221,1
2152,7730,1
2152,10174,2
2153,10142,1
2154,10946,1
2154,1372,2
2155,4881,1
2156,2274,1
2157,2361,1
2158,4945,1
2159,5471,1
2160,6967,1
2161,1345,1
2162,10094,1
2164,7915,1
2164,342,2
2165,1408,1
2166,4416,1
2167,9748,1
2167,9136,2
2168,896,1
2169,2355,1
2170,10996,1
2171,3141,1
2172,8268,1
2173,1523,1
2174,10465,1
2175,4512,1
2176,4458,1
2177,6208,1
2178,898,1
2179,2593,1
2180,2402,1
2181,7070,1
2182,8740,1
2183,9450,1
2184,5168,1
2185,1539,1
2185,4819,2
2185,1541,3
2186,8433,1
2187,5241,1
2188,10914,1
2189,1151,1
2189,11242,2
2189,29,3
2190,2399,1
2190,3619,2
2190,11158,3
2190,6120,4
2191,5523,1
2191,8180,2
2191,2986,3
2192,4062,1
2192,4061,2
2192,6404,3
2192,802,4
2193,10976,1
2194,5705,1
2195,8911,1
2195,1584,2
2196,1121,1
2196,2495,2
2196,5233,3
2197,1126,1
2198,4171,1
2198,2653,2
2198,2181,3
2199,158,1
2200,4446,1
2201,1927,1
2201,1202,2
2201,2615,3
2201,7565,4
2202,10278,1
2203,6377,1
2203,6378,2
2203,10167,3
2204,3268,1
2204,11271,2
2204,2693,3
2204,3661,4
2205,4516,1
2206,4879,1
2207,7278,1
2207,3067,2
2207,3770,3
2207,10526,4
2208,8452,1
2209,4209,1
2211,9307,1
2212,7568,1
2213,4747,1
2213,10851,2
2213,10098,3
2213,6700,4
2214,9221,1
2215,10635,1
2216,10843,1
2217,1961,1
2217,6466,2
2217,9785,3
2218,888,1
2219,1486,1
2219,7416,2
2220,7298,1
2221,2985,1
2222,1180,1
2223,2947,1
2223,10875,2
2224,111,1
2225,4199,1
2226,9447,1
2227,8185,1
2227,8900,2
2228,3063,1
2229,4266,1
2230,6048,1
2231,10639,1
2232,4262,1
2232,812,2
2232,5413,3
2232,726,4
2233,10485,1
2234,2375,1
2235,1266,1
2236,4339,1
2237,2869,1
2237,787,2
2238,5413,1
2238,10069,2
2238,5985,3
2239,9468,1
2239,6734,2
2239,10213,3
2240,8102,1
2241,4618,1
2241,5649,2
2241,9654,3
2241,5297,4
2242,7297,1
2243,4209,1
2244,10684,1
2245,8097,1
2245,10420,2
2246,3309,1
2247,9422,1
2248,9495,1
2249,2377,1
2250,11326,1
2251,298,1
2252,3978,1
2253,10914,1
2254,1144,1
2255,8322,1
2256,10830,1
2256,1430,2
2256,1443,3
2257,641,1
2258,4234,1
2258,4219,2
2258,4362,3
2259,850,1
2259,854,2
2259,10607,3
2260,4273,1
2260,4637,2
2260,2939,3
2261,895,1
2262,9082,1
2263,3574,1
2264,1847,1
2265,6840,1
2266,7739,1
2267,894,1
2268,3200,1
2269,1126,1
2270,6355,1
2271,9584,1
2272,5614,1
2273,9086,1
2274,4396,1
2275,4608,1
2276,5350,1
2277,7826,1
2278,276,1
2279,8215,1
2280,1566,1
2281,6198,1
2281,9194,2
2281,48,3
2282,6246,1
2283,10059,1
2284,5864,1
2285,5092,1
2285,4681,2
2286,4073,1
2287,3278,1
2288,10079,1
2289,5121,1
2289,6766,2
2289,7269,3
2289,647,4
2289,4196,5
2290,8114,1
2291,7280,1
2291,5194,2
2292,3784,1
2293,9812,1
2294,891,1
2295,1516,1
2296,10052,1
2297,957,1
2298,6555,1
2299,5916,1
2299,6341,2
2299,1182,3
2300,8167,1
2301,483,1
2302,2232,1
2302,4824,2
2302,8255,3
2302,2429,4
2303,1709,1
2304,4781,1
2305,4188,1
2306,1852,1
2306,7366,2
2306,11292,3
2306,5220,4
2306,5204,5
2307,4264,1
2308,6016,1
2309,1215,1
2310,400,1
2311,1440,1
2312,4814,1
2313,5488,1
2313,10447,2
2314,1961,1
2314,2981,2
2314,553,3
2315,8844,1
2316,7768,1
2316,11026,2
2316,8471,3
2316,968,4
2317,6659,1
2318,2215,1
2318,9278,2
2318,1172,3
2319,23,1
2319,8464,2
2320,7312,1
2320,6847,2
2320,8843,3
2321,2803,1
2322,3141,1
2324,3607,1
2325,4249,1
2325,1418,2
2325,3149,3
2326,890,1
2327,9221,1
2328,3109,1
2329,4688,1
2329,8454,2
2329,2045,3
2330,7827,1
2331,140,1
2332,9101,1
2333,4573,1
2334,9221,1
2335,4459,1
2336,2879,1
2337,5329,1
2338,11064,1
2338,6717,2
2339,10201,1
2340,4515,1
2341,8958,1
2342,9129,1
2343,1096,1
2344,5837,1
2344,5426,2
2345,1237,1
2345,947,2
2345,11127,3
2345,902,4
2345,11118,5
2346,4497,1
2347,11080,1
2348,1052,1
2349,7296,1
2349,6614,2
2349,9074,3
2350,10043,1
2351,2606,1
2352,3179,1
2353,903,1
2354,4456,1
2355,9221,1
2356,7149,1
2356,2116,2
2356,10293,3
2357,1131,1
2358,1179,1
2359,5130,1
2360,9124,1
2361,2368,1
2362,7081,1
2363,5028,1
2364,6501,1
2366,5169,1
2367,3947,1
2367,10175,2
2367,4972,3
2367,791,4
2367,8679,5
2368,10891,1
2369,9045,1
2370,2468,1
2370,8836,2
2370,6799,3
2370,8919,4
2370,3512,5
2371,4798,1
2372,892,1
2373,10452,1
2374,4413,1
2375,4064,1
2376,4280,1
2377,11327,1
2378,2449,1
2379,4257,1
2379,3164,2
2379,962,3
2380,5784,1
2381,3223,1
2382,1080,1
2383,10914,1
2385,7814,1
2385,234,2
2386,7158,1
2387,10253,1
2388,1488,1
2389,772,1
2389,6719,2
2390,773,1
2390,6720,2
2391,4259,1
2391,4315,2
2391,7272,3
2392,9651,1
2392,813,2
2393,899,1
2394,10070,1
2395,3441,1
2396,3908,1
2397,43,1
2397,1563,2
2397,2087,3
2397,3194,4
2398,3255,1
2399,11283,1
2400,3394,1
2401,3395,1
2402,7741,1
2403,9031,1
2403,9026,2
2404,8701,1
2405,11298,1
2406,6739,1
2407,3148,1
2407,8455,2
2408,6287,1
2409,10977,1
2409,7367,2
2410,8706,1
2412,3170,1
2413,8272,1
2414,893,1
2415,6331,1
2416,1089,1
2417,953,1
2418,10398,1
2419,1450,1
2420,5704,1
2421,7265,1
2422,44,1
2423,3981,1
2424,7671,1
2425,10319,1
2426,4200,1
2426,4296,2
2426,2911,3
2427,4150,1
2428,9221,1
2429,8977,1
2430,7640,1
2430,7646,2
2432,4073,1
2433,4663,1
2434,11023,1
2435,52,1
2436,9221,1
2437,8561,1
2438,9955,1
2440,7349,1
2441,4873,1
2441,5601,2
2442,5028,1
2443,7614,1
2444,2666,1
2445,1180,1
2446,10069,1
2446,5413,2
2446,3062,3
2447,370,1
2448,7819,1
2449,8456,1
2450,9221,1
2451,6637,1
2452,7789,1
2453,1187,1
2454,3768,1
2455,6272,1
2456,3644,1
2457,359,1
2457,544,2
2458,6806,1
2458,10280,2
2458,1173,3
2458,8659,4
2458,7145,5
2459,9973,1
2460,9129,1
2461,4734,1
2462,4581,1
2464,6938,1
2464,1693,2
2464,2447,3
2464,5189,4
2464,4113,5
2466,6368,1
2466,2939,2
2466,11154,3
2467,7400,1
2468,7789,1
2469,10465,1
2469,4064,2
2469,5686,3
2469,11271,4
2470,2276,1
2470,5748,2
2471,4278,1
2472,5597,1
2474,1030,1
2475,7520,1
2476,6523,1
2478,3110,1
2479,4256,1
2480,9325,1
2481,957,1
2482,4580,1
2483,10102,1
2484,5473,1
2485,7834,1
2485,5676,2
2486,5469,1
2487,2296,1
2488,4263,1
2489,9385,1
2490,10561,1
2492,7966,1
2493,4205,1
2494,7416,1
2495,10058,1
2496,1958,1
2497,2123,1
2498,10053,1
2499,4440,1
2500,3171,1
2501,59,1
2502,4638,1
2503,2000,1
2504,462,1
2505,9073,1
2506,4498,1
2507,805,1
2508,6246,1
2509,1965,1
2510,791,1
2511,6555,1
2511,4738,2
2512,4204,1
2513,8157,1
2514,8157,1
2514,8188,2
2515,4496,1
2516,4232,1
2517,4699,1
2518,1037,1
2518,4219,2
2518,4362,3
2519,1459,1
2520,7945,1
2521,9221,1
2522,2831,1
2523,7241,1
2524,142,1
2524,5582,2
2524,9058,3
2525,10765,1
2526,9559,1
2527,696,1
2528,810,1
2529,10886,1
2530,5143,1
2530,4624,2
2531,4209,1
2532,9062,1
2532,6745,2
2533,4881,1
2534,142,1
2534,5582,2
2534,9058,3
2535,11117,1
2535,11285,2
2536,142,1
2536,5582,2
2536,9058,3
2537,10536,1
2538,1403,1
2539,2068,1
2539,2800,2
2539,2820,3
2539,9220,4
2539,1392,5
2540,1384,1
2541,1948,1
2542,1567,1
2542,1448,2
2543,356,1
2544,6103,1
2544,1118,2
2544,3601,3
2544,5769,4
2545,10484,1
2546,10040,1
2547,10434,1
2548,4209,1
2549,370,1
2550,2996,1
2551,10057,1
2552,8863,1
2553,9225,1
2554,142,1
2554,5582,2
2554,9058,3
2555,142,1
2555,5582,2
2555,9058,3
2555,10459,4
2555,7503,5
2556,142,1
2556,5582,2
2556,9058,3
2556,423,4
2556,10507,5
2557,318,1
2557,10796,2
2558,6365,1
2559,5044,1
2559,11323,2
2560,9221,1
2561,3951,1
2562,1108,1
2562,464,2
2563,6938,1
2564,9184,1
2565,4223,1
2566,6930,1
2567,7821,1
2567,8216,2
2568,9741,1
2568,346,2
2568,6678,3
2568,9347,4
2568,8312,5
2569,7706,1
2570,11102,1
2571,3774,1
2573,10719,1
2574,1123,1
2575,3606,1
2576,463,1
2577,3108,1
2577,4219,2
2577,4362,3
2578,142,1
2578,5582,2
2578,9058,3
2578,10459,4
2578,7503,5
2579,7586,1
2580,9960,1
2581,725,1
2581,2845,2
2582,6355,1
2583,9250,1
2584,6593,1
2585,142,1
2585,5582,2
2585,9058,3
2585,500,4
2585,7958,5
2586,2929,1
2587,2535,1
2588,4209,1
2588,7912,2
2588,3329,3
2588,300,4
2589,5522,1
2590,1783,1
2590,1487,2
2591,3003,1
2592,370,1
2593,3679,1
2593,10659,2
2593,8180,3
2593,5523,4
2594,1126,1
2595,9951,1
2596,142,1
2596,5582,2
2596,9058,3
2596,1003,4
2596,3651,5
2597,4579,1
2598,5075,1
2599,10446,1
2600,1901,1
2601,9157,1
2602,3172,1
2603,3173,1
2604,7750,1
2604,7128,2
2604,10754,3
2604,2897,4
2605,5477,1
2606,996,1
2607,370,1
2608,11251,1
2609,10904,1
2610,5011,1
2611,1946,1
2612,11315,1
2613,4456,1
2614,1427,1
2615,7567,1
2616,1486,1
2616,3209,2
2616,7921,3
2616,6957,4
2617,6681,1
2618,10092,1
2618,4219,2
2618,4362,3
2619,5703,1
2620,3176,1
2621,1790,1
2622,3018,1
2622,6100,2
2623,889,1
2624,8401,1
2625,828,1
2626,4537,1
2627,10465,1
2627,4064,2
2627,4952,3
2627,4070,4
2627,3449,5
2628,4536,1
2629,4233,1
2630,4511,1
2631,3900,1
2633,4395,1
2634,1415,1
2635,11022,1
2636,11024,1
2637,9980,1
2638,6404,1
2638,9143,2
2638,3819,3
2639,142,1
2639,5582,2
2639,9058,3
2639,6211,4
2639,7444,5
2640,5877,1
2640,5878,2
2640,4087,3
2641,1784,1
2641,509,2
2641,11188,3
2641,9053,4
2642,4188,1
2643,4021,1
2644,142,1
2644,5582,2
2644,9058,3
2644,9542,4
2644,6425,5
2645,8318,1
2646,9231,1
2647,7585,1
2648,142,1
2648,5582,2
2648,9058,3
2648,2542,4
2648,10574,5
2649,142,1
2651,5697,1
2652,2155,1
2653,6818,1
2654,6724,1
2655,3008,1
2656,4226,1
2657,8521,1
2658,6854,1
2659,6724,1
2660,4089,1
2661,6298,1
2661,642,2
2662,142,1
2663,2869,1
2664,4248,1
2665,9768,1
2666,7321,1
2667,376,1
2668,10056,1
2669,9221,1
2671,1438,1
2672,1126,1
2673,6160,1
2673,655,2
2674,4479,1
2675,370,1
2676,4258,1
2677,9478,1
2678,3175,1
2679,4602,1
2680,4565,1
2681,4602,1
2682,2040,1
2683,7717,1
2684,2576,1
2684,6055,2
2685,9222,1
2686,3244,1
2687,142,1
2687,5582,2
2687,9058,3
2687,9331,4
2687,10107,5
2688,9194,1
2688,6532,2
2689,4484,1
2690,6724,1
2691,5170,1
2692,5413,1
2692,3896,2
2693,10799,1
2694,4397,1
2695,3177,1
2696,9221,1
2697,10398,1
2698,4353,1
2699,3434,1
2700,9221,1
2701,1336,1
2702,3273,1
2703,8952,1
2704,2889,1
2704,10457,2
2705,2904,1
2706,1439,1
2707,7916,1
2708,10703,1
2709,8502,1
2710,4188,1
2711,7270,1
2712,9086,1
2713,142,1
2713,5582,2
2713,9058,3
2713,1107,4
2713,8295,5
2714,124,1
2715,9490,1
2716,7475,1
2717,8963,1
2718,6505,1
2719,5506,1
2720,2304,1
2720,2027,2
2720,966,3
2721,9221,1
2722,142,1
2722,5582,2
2722,9055,3
2722,6211,4
2722,7444,5
2723,1442,1
2724,2061,1
2724,11358,2
2725,8981,1
2726,3391,1
2727,9059,1
2728,9228,1
2729,3147,1
2730,9992,1
2731,4454,1
2732,4270,1
2733,10055,1
2734,3323,1
2735,9259,1
2736,1151,1
2737,7418,1
2738,9767,1
2739,8735,1
2740,142,1
2741,2937,1
2742,4461,1
2743,8286,1
2744,4219,1
2745,4219,1
2746,11021,1
2747,142,1
2748,7934,1
2749,4566,1
2750,480,1
2750,929,2
2751,3326,1
2752,10195,1
2753,5790,1
2753,9800,2
2754,4535,1
2755,3178,1
2756,4913,1
2757,4724,1
2758,1379,1
2759,603,1
2759,6986,2
2760,6620,1
2760,1002,2
2760,1400,3
2761,4096,1
2762,4235,1
2763,4494,1
2764,142,1
2764,5582,2
2764,9058,3
2766,142,1
2766,5582,2
2766,9058,3
2767,3403,1
2768,3716,1
2769,9221,1
2770,7238,1
2770,2586,2
2770,10211,3
2770,5848,4
2771,5613,1
2772,3015,1
2773,1793,1
2773,4099,2
2773,3523,3
2773,8136,4
2773,4599,5
2774,4255,1
2775,1441,1
2776,297,1
2777,9273,1
2778,2338,1
2779,460,1
2779,8895,2
2780,7418,1
2781,2832,1
2782,142,1
2782,5582,2
2782,9058,3
2783,142,1
2783,5582,2
2783,9058,3
2783,8718,4
2783,3089,5
2784,8952,1
2784,4098,2
2784,10195,3
2784,9739,4
2784,8148,5
2785,4473,1
2786,2985,1
2787,10737,1
2788,3278,1
2788,3277,2
2789,4048,1
2790,2985,1
2791,3794,1
2792,1340,1
2793,142,1
2793,9058,2
2794,370,1
2795,7814,1
2795,479,2
2796,4704,1
2797,9405,1
2798,4188,1
2799,11147,1
2800,8569,1
2800,6713,2
2800,10784,3
2800,5665,4
2800,1203,5
2801,7476,1
2802,10995,1
2803,7482,1
2804,142,1
2805,8943,1
2806,5462,1
2807,4706,1
2808,142,1
2808,5582,2
2808,9058,3
2808,9542,4
2808,4336,5
2809,4503,1
2810,370,1
2811,142,1
2812,11020,1
2813,1322,1
2814,4099,1
2814,1793,2
2814,10745,3
2814,7336,4
2814,211,5
2815,142,1
2816,142,1
2817,4482,1
2818,4707,1
2819,142,1
2820,8952,1
2820,4098,2
2820,10195,3
2820,5329,4
2820,11322,5
2821,2985,1
2822,4640,1
2823,4485,1
2824,4414,1
2825,4495,1
2826,2038,1
2828,21,1
2828,9205,2
2829,4483,1
2830,806,1
2830,3796,2
2830,11303,3
2830,4193,4
2830,8422,5
2831,4790,1
2832,4382,1
2833,3274,1
2834,5043,1
2834,3564,2
2834,6247,3
2835,2207,1
2836,3746,1
2837,4099,1
2837,1793,2
2837,4053,3
2837,1880,4
2837,2775,5
2838,8486,1
2839,3818,1
2840,7784,1
2840,1234,2
2841,370,1
2842,4912,1
2843,2501,1
2844,2501,1
2845,2501,1
2846,370,1
2847,1385,1
2848,9872,1
2849,4165,1
2850,8038,1
2850,7815,2
2851,4412,1
2852,5354,1
2852,9041,2
2853,4518,1
2854,7625,1
2855,6257,1
2856,10124,1
2856,6848,2
2857,1126,1
2858,6536,1
2858,3601,2
2858,5769,3
2859,1793,1
2859,4099,2
2859,8952,3
2859,10195,4
2859,3523,5
2860,6856,1
2861,349,1
2861,5830,2
2861,4328,3
2861,7891,4
2862,370,1
2863,9951,1
2864,2671,1
2865,8335,1
2865,4098,2
2865,8952,3
2865,10195,4
2866,9508,1
2867,9937,1
2868,9085,1
2869,8556,1
2870,4296,1
2870,2911,2
2871,518,1
2872,4049,1
2873,5246,1
2873,599,2
2874,3272,1
2875,800,1
2876,10717,1
2877,5191,1
2878,36,1
2879,3889,1
2880,142,1
2880,5582,2
2880,9058,3
2880,10459,4
2880,7503,5
2881,2183,1
2882,3600,1
2883,4448,1
2884,7084,1
2885,7789,1
2886,7691,1
2887,7691,1
2888,7691,1
2889,10318,1
2890,1894,1
2890,597,2
2890,5456,3
2891,3074,1
2891,9242,2
2891,9743,3
2891,8311,4
2892,11018,1
2893,6616,1
2894,10449,1
2894,10578,2
2895,9475,1
2896,2733,1
2896,7006,2
2897,9663,1
2898,142,1
2899,11169,1
2900,10895,1
2901,10737,1
2902,1894,1
2902,597,2
2903,7284,1
2904,3107,1
2904,3106,2
2904,4362,3
2905,8063,1
2906,11015,1
2907,3601,1
2907,5769,2
2908,799,1
2909,8952,1
2909,4098,2
2909,10195,3
2909,7283,4
2909,6392,5
2910,8530,1
2910,2878,2
2911,1793,1
2911,4099,2
2911,8952,3
2911,10195,4
2911,3125,5
2912,8009,1
2912,1302,2
2912,9902,3
2913,729,1
2913,7806,2
2913,1093,3
2913,9094,4
2914,6211,1
2915,4209,1
2916,1750,1
2916,1090,2
2916,5558,3
2917,9848,1
2918,7777,1
2918,11026,2
2918,2050,3
2918,5115,4
2918,4709,5
2919,3155,1
2920,10054,1
2921,6733,1
2922,6505,1
2923,693,1
2924,5088,1
2925,3277,1
2926,884,1
2927,11019,1
2928,7479,1
2928,3748,2
2928,7944,3
2929,7304,1
2930,6115,1
2931,4110,1
2931,11108,2
2931,10632,3
2931,4026,4
2931,4359,5
2932,3465,1
2933,4480,1
2934,4472,1
2935,4415,1
2936,4478,1
2937,4668,1
2938,142,1
2938,5582,2
2938,9058,3
2938,423,4
2938,10507,5
2939,4227,1
2940,3202,1
2941,9745,1
2942,2718,1
2943,9727,1
2944,4667,1
2945,4864,1
2946,7730,1
2947,8156,1
2948,5208,1
2948,9299,2
2949,9222,1
2950,4481,1
2951,5491,1
2952,7874,1
2953,142,1
2954,142,1
2954,5582,2
2954,9058,3
2954,4055,4
2955,3693,1
2956,4206,1
2957,569,1
2957,8121,2
2958,10192,1
2959,8172,1
2960,9148,1
2961,3253,1
2962,3117,1
2963,7076,1
2964,4209,1
2965,11270,1
2966,884,1
2967,4548,1
2968,10164,1
2969,4586,1
2969,3939,2
2969,507,3
2970,3480,1
2971,5168,1
2972,10319,1
2973,568,1
2974,568,1
2975,6881,1
2976,568,1
2977,568,1
2978,142,1
2979,3889,1
2980,7320,1
2981,7771,1
2982,9595,1
2983,8335,1
2984,8428,1
2985,4219,1
2986,3278,1
2987,7874,1
2988,3889,1
2989,9221,1
2990,6251,1
2990,6933,2
2991,1309,1
2992,6616,1
2993,214,1
2993,1762,2
2993,3970,3
2994,11326,1
2994,6369,2
2995,4805,1
2996,4599,1
2996,4099,2
2996,1793,3
2996,410,4
2996,8136,5
2997,4635,1
2998,3278,1
2999,7350,1
2999,10869,2
3000,5294,1
3001,2789,1
3002,1673,1
3004,696,1
3005,8952,1
3006,11025,1
3007,977,1
3008,7047,1
3008,2012,2
3009,8952,1
3010,4455,1
3011,7916,1
3012,63,1
3013,8952,1
3014,7274,1
3015,7773,1
3016,6918,1
3016,6867,2
3017,7299,1
3018,11258,1
3019,11258,1
3020,4362,1
3021,4225,1
3022,4394,1
3023,7932,1
3025,6965,1
3026,6238,1
3027,8567,1
3028,2746,1
3028,5567,2
3029,10512,1
3030,3146,1
3031,81,1
3032,4362,1
3033,7371,1
3033,5336,2
3034,9568,1
3034,7719,2
3035,80,1
3036,8064,1
3037,10204,1
3038,25,1
3038,8521,2
3038,7674,3
3039,8462,1
3040,4584,1
3041,11258,1
3042,4474,1
3043,7916,1
3044,5766,1
3045,2694,1
3046,5766,1
3047,626,1
3048,3882,1
3049,7769,1
3051,142,1
3052,7663,1
3053,1603,1
3054,5863,1
3054,2519,2
3054,10429,3
3054,3280,4
3055,884,1
3056,11254,1
3057,4231,1
3058,3904,1
3059,7772,1
3060,4457,1
3061,9386,1
3062,2585,1
3062,9585,2
3062,9476,3
3063,7249,1
3063,8018,2
3064,11116,1
3064,4098,2
3065,1467,1
3066,10519,1
3067,4261,1
3068,8952,1
3068,4098,2
3068,478,3
3068,8504,4
3068,6474,5
3071,2468,1
3071,8836,2
3071,6799,3
3071,8919,4
3071,3512,5
3072,1159,1
3072,7796,2
3072,10374,3
3072,9524,4
3072,9779,5
3073,6883,1
3074,8120,1
3075,6112,1
3076,1001,1
3077,5149,1
3078,3542,1
3079,6186,1
3080,4599,1
3080,1793,2
3080,4099,3
3080,3523,4
3080,8136,5
3081,5170,1
3082,5102,1
3082,6390,2
3083,3856,1
3084,4690,1
3084,1350,2
3085,641,1
3086,11258,1
3087,3134,1
3088,4417,1
3089,11009,1
3089,11010,2
3089,1402,3
3089,6537,4
3089,4731,5
3090,10942,1
3090,8134,2
3091,4556,1
3092,8952,1
3093,11258,1
3094,3629,1
3094,5165,2
3094,10371,3
3094,10402,4
3094,8734,5
3095,9614,1
3096,108,1
3097,7074,1
3098,8952,1
3099,4296,1
3099,6683,2
3099,10172,3
3100,641,1
3101,11258,1
3102,8952,1
3103,10060,1
3104,8203,1
3105,10195,1
3106,8952,1
3107,6505,1
3108,7770,1
3109,11357,1
3110,273,1
3111,11326,1
3111,11114,2
3112,6450,1
3113,6078,1
3114,9467,1
3115,6258,1
3116,3235,1
3117,4514,1
3118,82,1
3119,6412,1
3120,10676,1
3121,9380,1
3122,5902,1
3123,593,1
3124,4998,1
3125,6611,1
3126,737,1
3127,343,1
3128,10347,1
3129,7790,1
3129,10478,2
3129,11238,3
3129,4952,4
3129,10686,5
3130,9269,1
3131,9269,1
3132,8202,1
3132,2437,2
3132,4779,3
3132,9827,4
3132,5385,5
3133,4004,1
3134,8952,1
3135,4209,1
3136,9269,1
3136,1093,2
3136,3666,3
3136,6761,4
3136,1073,5
3137,9269,1
3137,1093,2
3137,3666,3
3137,6761,4
3137,1073,5
3138,10516,1
3139,1335,1
3140,10518,1
3141,4393,1
3142,10520,1
3143,2483,1
3144,4467,1
3145,10521,1
3146,6867,1
3147,6021,1
3147,5776,2
3148,10725,1
3148,9773,2
3149,1628,1
3149,8889,2
3150,1612,1
3150,9512,2
3150,5548,3
3151,769,1
3152,1787,1
3152,6904,2
3153,8372,1
3153,6887,2
3154,9913,1
3155,1302,1
3155,9710,2
3156,6356,1
3157,8961,1
3158,4878,1
3158,7110,2
3158,10937,3
3158,3369,4
3158,10931,5
3159,9884,1
3160,2638,1
3160,702,2
3160,2637,3
3160,2636,4
3161,5064,1
3161,10373,2
3162,5668,1
3163,8200,1
3164,9037,1
3164,1360,2
3165,1204,1
3166,8028,1
3166,3996,2
3167,3724,1
3167,3732,2
3168,379,1
3169,6849,1
3170,2130,1
3171,1510,1
3172,9881,1
3173,937,1
3173,2626,2
3173,7630,3
3173,6786,4
3173,879,5
3174,5948,1
3175,8569,1
3175,6713,2
3176,8635,1
3176,1865,2
3177,2841,1
3177,5059,2
3178,5146,1
3178,2526,2
3178,1017,3
3178,8238,4
3178,1018,5
3179,10627,1
3180,8200,1
3181,9760,1
3181,8783,2
3182,6413,1
3183,10584,1
3184,9793,1
3185,6320,1
3186,5811,1
3186,6723,2
3187,7989,1
3188,5994,1
3189,5042,1
3190,9483,1
3191,9772,1
3191,2301,2
3192,1816,1
3193,10304,1
3194,8544,1
3195,3282,1
3196,4959,1
3197,10914,1
3197,1224,2
3197,6456,3
3198,10657,1
3199,4941,1
3200,2259,1
3200,7263,2
3201,4679,1
3201,4907,2
3201,7724,3
3202,2925,1
3203,1085,1
3203,2930,2
3204,9008,1
3204,2949,2
3204,1455,3
3205,3416,1
3205,5696,2
3205,5693,3
3206,7239,1
3206,8006,2
3207,5288,1
3208,8066,1
3208,6080,2
3208,4979,3
3208,1865,4
3208,9807,5
3209,2233,1
3209,9033,2
3209,9971,3
3209,5722,4
3210,8869,1
3210,5316,2
3210,444,3
3210,1286,4
3211,10993,1
3211,58,2
3212,4861,1
3213,8248,1
3214,3558,1
3215,10001,1
3216,710,1
3217,1260,1
3218,665,1
3219,7013,1
3220,10415,1
3221,8627,1
3222,7231,1
3223,10150,1
3224,7180,1
3225,528,1
3226,11029,1
3227,3736,1
3228,9962,1
3229,5183,1
3230,4209,1
3231,1518,1
3232,1407,1
3232,4662,2
3233,2093,1
3234,6184,1
3235,764,1
3236,10427,1
3237,9438,1
3238,6008,1
3238,8868,2
3239,10846,1
3239,2893,2
3239,9833,3
3240,10938,1
3241,5529,1
3241,1457,2
3241,2788,3
3243,10914,1
3244,8588,1
3245,7577,1
3245,7576,2
3245,11201,3
3245,11202,4
3246,3562,1
3247,10978,1
3247,6148,2
3247,9066,3
3247,6495,4
3248,10914,1
3249,6715,1
3250,3736,1
3251,7918,1
3251,10256,2
3251,9825,3
3251,1041,4
3252,1719,1
3253,1731,1
3254,4409,1
3255,10869,1
3255,7350,2
3256,6588,1
3257,9307,1
3258,5644,1
3259,7662,1
3259,3183,2
3259,6743,3
3259,5646,4
3259,3193,5
3260,1511,1
3260,7580,2
3260,10783,3
3261,2833,1
3262,1591,1
3263,8513,1
3263,7065,2
3264,763,1
3264,3052,2
3265,9187,1
3266,9962,1
3267,1634,1
3268,2679,1
3269,8957,1
3269,3781,2
3269,8261,3
3269,5625,4
3269,8005,5
3270,6126,1
3271,6995,1
3271,7898,2
3271,5845,3
3271,6405,4
3272,2895,1
3273,2069,1
3274,8689,1
3274,6332,2
3275,8690,1
3276,1608,1
3277,4294,1
3277,2479,2
3278,8278,1
3279,1510,1
3280,1085,1
3280,993,2
3280,1068,3
3281,5922,1
3281,3994,2
3281,1694,3
3282,3533,1
3282,7995,2
3283,6871,1
3283,1230,2
3284,10082,1
3285,9881,1
3286,612,1
3287,8635,1
3287,1865,2
3287,10037,3
3287,2787,4
3288,10680,1
3288,536,2
3288,7709,3
3291,5948,1
3292,3276,1
3293,6259,1
3293,6522,2
3293,1145,3
3295,8985,1
3296,8067,1
3296,3533,2
3296,6333,3
3296,1697,4
3297,2863,1
3298,785,1
3299,2216,1
3299,7104,2
3300,2239,1
3300,4307,2
3301,9467,1
3302,5811,1
3303,6432,1
3304,8909,1
3305,11193,1
3306,10263,1
3307,8755,1
3308,3165,1
3309,8554,1
3310,10023,1
3310,8691,2
3310,2608,3
3311,11313,1
3311,9963,2
3311,226,3
3312,2149,1
3313,6227,1
3314,749,1
3315,8146,1
3315,6796,2
3316,8835,1
3317,11127,1
3318,796,1
3318,146,2
3319,10914,1
3320,11317,1
3321,3449,1
3321,1083,2
3321,6313,3
3321,455,4
3322,6298,1
3323,1976,1
3324,7070,1
3324,2754,2
3325,5752,1
3326,10916,1
3327,8530,1
3327,1847,2
3328,6031,1
3328,3545,2
3329,5411,1
3330,2709,1
3331,6003,1
3332,7779,1
3333,2499,1
3333,4271,2
3334,10028,1
3335,848,1
3336,3255,1
3337,10076,1
3337,17,2
3337,3864,3
3338,8077,1
3339,10914,1
3340,4597,1
3341,9804,1
3342,5641,1
3343,1714,1
3344,4471,1
3345,2239,1
3345,10322,2
3345,6181,3
3345,700,4
3345,5543,5
3346,8477,1
3347,1121,1
3347,2109,2
3348,6320,1
3348,3724,2
3349,2648,1
3349,8344,2
3349,6938,3
3349,4084,4
3350,10034,1
3351,1321,1
3352,4820,1
3352,4892,2
3353,701,1
3354,3767,1
3355,8390,1
3356,9756,1
3357,3032,1
3358,6789,1
3359,6348,1
3359,740,2
3359,10453,3
3360,5994,1
3360,7106,2
3360,3128,3
3360,825,4
3361,1646,1
3362,1062,1
3363,9133,1
3364,10469,1
3365,3900,1
3366,10619,1
3366,7361,2
3367,8329,1
3368,2727,1
3369,8273,1
3369,9155,2
3369,8258,3
3370,7231,1
3371,3757,1
3371,6911,2
3371,9240,3
3372,7843,1
3373,802,1
3374,5345,1
3375,3203,1
3375,8380,2
3376,9771,1
3377,10809,1
3378,4434,1
3379,11042,1
3379,3495,2
3379,4135,3
3380,10994,1
3381,10988,1
3382,1249,1
3383,3048,1
3383,3642,2
3383,7011,3
3383,9303,4
3384,11311,1
3385,988,1
3386,6352,1
3386,9629,2
3387,11313,1
3387,5812,2
3387,2033,3
3388,11313,1
3388,9963,2
3388,3456,3
3389,7455,1
3390,9464,1
3391,4389,1
3392,2286,1
3393,2215,1
3394,11030,1
3395,1777,1
3395,9745,2
3395,3086,3
3396,7108,1
3397,1303,1
3397,456,2
3397,2221,3
3397,2745,4
3398,11222,1
3398,5925,2
3399,2215,1
3400,8248,1
3400,906,2
3401,8123,1
3401,10430,2
3402,89,1
3403,10914,1
3404,4147,1
3405,3376,1
3406,6863,1
3407,4018,1
3408,2473,1
3408,3034,2
3408,9809,3
3408,3804,4
3409,1510,1
3410,3111,1
3411,10706,1
3412,4409,1
3413,3471,1
3413,10322,2
3414,5534,1
3415,1122,1
3416,10614,1
3417,1214,1
3418,8647,1
3419,9941,1
3420,1697,1
3420,3004,2
3421,9979,1
3422,4872,1
3422,3579,2
3422,5114,3
3423,8067,1
3424,7112,1
3425,9097,1
3426,2403,1
3427,8835,1
3428,11271,1
3429,11155,1
3430,3716,1
3431,10002,1
3431,6229,2
3432,8513,1
3433,5534,1
3435,5607,1
3436,8472,1
3437,339,1
3437,1003,2
3437,2945,3
3437,2929,4
3438,9679,1
3439,10226,1
3440,5711,1
3441,9679,1
3442,9290,1
3443,8022,1
3444,7895,1
3445,9987,1
3446,8635,1
3447,1976,1
3448,1877,1
3449,11273,1
3450,6320,1
3451,6211,1
3452,2980,1
3452,2592,2
3452,2652,3
3452,7670,4
3452,11247,5
3453,4662,1
3454,10276,1
3455,3256,1
3456,1234,1
3457,2979,1
3457,2978,2
3457,8956,3
3459,5934,1
3460,9873,1
3460,6513,2
3461,2749,1
3461,9436,2
3462,2749,1
3462,9436,2
3463,8067,1
3464,3393,1
3465,6827,1
3466,880,1
3467,4163,1
3467,2192,2
3467,11057,3
3467,1851,4
3468,9250,1
3469,9597,1
3469,10918,2
3470,2048,1
3470,690,2
3471,10987,1
3471,6906,2
3472,1824,1
3472,186,2
3472,2541,3
3473,4453,1
3474,3265,1
3474,5008,2
3474,5074,3
3475,4326,1
3475,9827,2
3475,10380,3
3475,8216,4
3476,4209,1
3477,4209,1
3478,4436,1
3479,3379,1
3480,7851,1
3481,6511,1
3482,6863,1
3482,1163,2
3482,2485,3
3483,3551,1
3484,2366,1
3484,11046,2
3485,8053,1
3485,7225,2
3486,2569,1
3486,9136,2
3487,10025,1
3488,7432,1
3488,1411,2
3489,8039,1
3490,2014,1
3491,848,1
3492,2780,1
3493,2891,1
3494,1055,1
3495,1055,1
3497,1539,1
3497,1540,2
3497,4837,3
3499,10862,1
3500,1141,1
3500,4465,2
3501,4466,1
3502,1579,1
3503,7154,1
3504,1624,1
3505,2754,1
3505,10906,2
3505,804,3
3505,3143,4
3505,11050,5
3506,9850,1
3507,4209,1
3508,10702,1
3509,1067,1
3510,4752,1
3511,3560,1
3512,4209,1
3513,4133,1
3513,8581,2
3513,1652,3
3514,7995,1
3514,3533,2
3514,2613,3
3514,9061,4
3515,9341,1
3515,3240,2
3515,9366,3
3515,7943,4
3515,8847,5
3516,8237,1
3517,8948,1
3518,1121,1
3518,5244,2
3518,7969,3
3519,4012,1
3520,7886,1
3521,461,1
3521,2842,2
3521,4650,3
3521,6898,4
3521,8057,5
3522,2726,1
3523,3362,1
3524,11309,1
3524,11282,2
3525,1536,1
3525,4999,2
3525,2305,3
3525,6657,4
3526,4265,1
3527,6694,1
3528,2689,1
3529,10775,1
3530,10390,1
3530,2066,2
3531,8695,1
3532,9832,1
3532,2485,2
3533,3488,1
3534,7599,1
3535,9039,1
3536,7006,1
3536,2733,2
3537,8817,1
3538,2958,1
3538,8033,2
3538,7747,3
3538,9878,4
3538,9701,5
3539,10074,1
3539,2030,2
3540,2647,1
3540,7268,2
3540,10419,3
3541,4621,1
3541,5924,2
3541,4326,3
3541,9580,4
3541,7431,5
3542,6514,1
3542,7041,2
3542,5368,3
3542,2846,4
3543,1206,1
3544,2360,1
3545,7450,1
3546,10548,1
3547,6514,1
3548,9033,1
3550,9962,1
3551,10137,1
3551,1118,2
3551,11141,3
3551,7526,4
3552,953,1
3553,1615,1
3553,4126,2
3553,10363,3
3554,7711,1
3554,4689,2
3555,7376,1
3555,9287,2
3555,6529,3
3556,3917,1
3557,5583,1
3558,4209,1
3559,8681,1
3559,6044,2
3559,1503,3
3559,11219,4
3560,2930,1
3560,1085,2
3560,1068,3
3561,3846,1
3562,11087,1
3563,1023,1
3563,7424,2
3564,5239,1
3565,9611,1
3565,9560,2
3566,8835,1
3567,11336,1
3567,7011,2
3567,7025,3
3567,11130,4
3567,7911,5
3568,10034,1
3569,6436,1
3569,5537,2
3570,7217,1
3571,8927,1
3571,4152,2
3572,8264,1
3573,2026,1
3574,8050,1
3574,4811,2
3575,1000,1
3576,5543,1
3577,8973,1
3578,9352,1
3578,3683,2
3579,4469,1
3580,10706,1
3581,3192,1
3582,7680,1
3582,201,2
3583,4001,1
3583,399,2
3584,3800,1
3585,2679,1
3586,2360,1
3587,5702,1
3588,9221,1
3589,4373,1
3590,7568,1
3591,4368,1
3592,4372,1
3593,4371,1
3594,8056,1
3595,6443,1
3595,1257,2
3595,4198,3
3596,5218,1
3596,8279,2
3596,8541,3
3596,10666,4
3597,10934,1
3598,1220,1
3598,71,2
3599,8529,1
3600,676,1
3601,8272,1
3602,9417,1
3603,4982,1
3605,2289,1
3605,2506,2
3606,4408,1
3607,8925,1
3608,2435,1
3609,10797,1
3609,6196,2
3610,2640,1
3611,4464,1
3612,4468,1
3613,3124,1
3613,7917,2
3613,3295,3
3613,3191,4
3614,1253,1
3614,9550,2
3615,7778,1
3616,4507,1
3617,4973,1
3617,8576,2
3617,1613,3
3617,9940,4
3618,5607,1
3619,1926,1
3620,5534,1
3621,7675,1
3622,11313,1
3623,8264,1
3624,6863,1
3625,3487,1
3626,2286,1
3627,4,1
3628,1510,1
3629,7450,1
3630,3046,1
3630,3743,2
3631,2109,1
3632,8196,1
3633,11326,1
3634,1318,1
3635,5667,1
3635,7547,2
3636,2481,1
3636,2732,2
3637,192,1
3637,1036,2
3638,2378,1
3639,3103,1
3640,1605,1
3640,3364,2
3641,9036,1
3641,3458,2
3641,10713,3
3642,5994,1
3643,1152,1
3644,11235,1
3645,240,1
3646,6249,1
3647,7520,1
3648,7995,1
3648,5128,2
3648,9061,3
3649,11096,1
3650,231,1
3651,2679,1
3652,5386,1
3653,9881,1
3654,9332,1
3655,8417,1
3656,2679,1
3657,1933,1
3657,1458,2
3657,3515,3
3657,1460,4
3658,6327,1
3659,7130,1
3660,4209,1
3661,2256,1
3662,7688,1
3663,5099,1
3664,462,1
3665,3211,1
3666,10261,1
3666,5844,2
3666,4981,3
3667,8638,1
3668,10549,1
3670,10706,1
3671,10073,1
3675,2323,1
3675,6927,2
3677,6320,1
3677,7983,2
3678,9334,1
3679,4192,1
3680,746,1
3681,10197,1
3681,5227,2
3681,10935,3
3681,9427,4
3682,7587,1
3683,339,1
3683,1003,2
3683,2945,3
3683,2929,4
3684,779,1
3685,7173,1
3686,6485,1
3687,7782,1
3687,7781,2
3687,6810,3
3688,7916,1
3689,9011,1
3690,3597,1
3691,7130,1
3692,11326,1
3692,6369,2
3693,11213,1
3693,10986,2
3693,5208,3
3693,10806,4
3693,8104,5
3694,7919,1
3694,548,2
3694,2945,3
3695,8537,1
3696,1572,1
3697,5377,1
3697,11177,2
3698,6584,1
3698,10397,2
3698,802,3
3698,1650,4
3698,3307,5
3699,11013,1
3700,92,1
3701,88,1
3702,5661,1
3703,90,1
3704,91,1
3705,8241,1
3705,5932,2
3705,1641,3
3706,4340,1
3707,10954,1
3707,10943,2
3708,1055,1
3709,7978,1
3710,3821,1
3710,10773,2
3711,1766,1
3712,4251,1
3713,3386,1
3714,4103,1
3715,10459,1
3715,9058,2
3715,3051,3
3715,6605,4
3715,5582,5
3716,7986,1
3717,5421,1
3718,2217,1
3719,9222,1
3720,7152,1
3721,5319,1
3721,4784,2
3722,4209,1
3723,8526,1
3724,6985,1
3725,5860,1
3726,436,1
3727,7315,1
3727,8911,2
3727,5390,3
3728,8854,1
3728,10033,2
3728,5831,3
3728,10131,4
3729,1055,1
3730,5247,1
3730,3576,2
3731,571,1
3732,1055,1
3733,10847,1
3734,9741,1
3735,6964,1
3736,8722,1
3737,11054,1
3738,1587,1
3738,3249,2
3739,26,1
3739,3252,2
3740,6824,1
3741,4344,1
3741,7388,2
3741,9590,3
3742,5454,1
3743,2918,1
3744,7101,1
3744,9735,2
3744,9765,3
3745,2009,1
3746,9676,1
3746,11047,2
3746,6726,3
3747,8158,1
3747,3383,2
3748,5802,1
3749,11012,1
3750,10218,1
3751,8513,1
3752,3287,1
3753,8682,1
3754,5343,1
3755,4487,1
3756,3749,1
3756,8914,2
3757,2109,1
3758,1486,1
3759,6976,1
3760,7766,1
3761,8284,1
3761,4065,2
3761,9305,3
3761,244,4
3761,5338,5
3763,8999,1
3764,8248,1
3765,2893,1
3766,4740,1
3766,3252,2
3767,1735,1
3768,9432,1
3769,9857,1
3769,6518,2
3770,1499,1
3771,11016,1
3772,85,1
3773,10281,1
3774,5683,1
3775,3998,1
3776,1242,1
3777,9527,1
3778,7893,1
3779,10192,1
3780,8517,1
3781,5929,1
3781,2618,2
3781,4717,3
3782,2360,1
3783,3992,1
3784,4922,1
3785,9221,1
3786,8713,1
3787,4209,1
3788,4209,1
3789,4209,1
3790,4209,1
3791,5661,1
3792,5660,1
3792,4079,2
3792,9012,3
3793,5682,1
3794,5820,1
3795,3120,1
3796,7500,1
3797,6320,1
3798,6930,1
3799,1957,1
3800,3626,1
3800,1882,2
3800,3660,3
3801,8529,1
3802,6995,1
3802,7898,2
3802,5845,3
3802,6405,4
3803,10914,1
3803,1843,2
3804,10914,1
3805,5154,1
3806,4669,1
3806,956,2
3807,7916,1
3809,8529,1
3810,3490,1
3811,6254,1
3812,8710,1
3813,11107,1
3814,4967,1
3815,9782,1
3816,5609,1
3817,3119,1
3818,9,1
3819,9,1
3820,3817,1
3821,9221,1
3822,3876,1
3824,5658,1
3825,8469,1
3826,2894,1
3826,25,2
3826,7674,3
3827,5036,1
3828,7566,1
3828,1931,2
3828,2617,3
3830,2816,1
3831,2448,1
3832,11008,1
3833,7094,1
3834,3340,1
3835,3008,1
3835,2635,2
3835,1760,3
3836,10677,1
3837,598,1
3838,7042,1
3838,4178,2
3839,8986,1
3840,3251,1
3841,8067,1
3842,1055,1
3843,10917,1
3843,6862,2
3844,10571,1
3845,7006,1
3845,2733,2
3846,416,1
3847,6142,1
3848,2556,1
3849,10045,1
3850,1111,1
3850,6440,2
3851,9391,1
3851,3330,2
3851,6961,3
3852,10911,1
3852,10719,2
3852,1877,3
3852,9170,4
3853,6418,1
3854,8873,1
3854,6235,2
3856,233,1
3856,491,2
3856,8382,3
3857,3275,1
3858,6438,1
3859,10119,1
3859,5957,2
3859,7061,3
3859,5193,4
3860,8,1
3861,1803,1
3862,5909,1
3862,5915,2
3862,10611,3
3862,5795,4
3863,2940,1
3864,5186,1
3865,1307,1
3865,2359,2
3866,3374,1
3867,6211,1
3867,7443,2
3868,7110,1
3869,2462,1
3869,2110,2
3869,9282,3
3870,749,1
3871,5966,1
3872,9429,1
3873,4553,1
3874,10838,1
3874,11108,2
3875,7565,1
3875,1923,2
3875,1201,3
3875,5290,4
3875,8960,5
3876,6454,1
3876,852,2
3876,10674,3
3876,2491,4
3877,5565,1
3878,10103,1
3879,5439,1
3880,902,1
3881,9088,1
3882,4631,1
3882,4986,2
3883,3064,1
3884,2546,1
3884,10669,2
3884,10476,3
3885,2569,1
3886,9881,1
3887,1085,1
3887,2930,2
3888,3685,1
3889,8291,1
3889,2275,2
3889,2994,3
3889,5571,4
3889,8008,5
3890,7791,1
3891,4510,1
3892,4555,1
3893,950,1
3894,5619,1
3895,5505,1
3895,801,2
3896,2809,1
3897,8227,1
3898,7263,1
3899,3490,1
3900,2570,1
3901,815,1
3902,11070,1
3902,5706,2
3903,9615,1
3904,1729,1
3905,5175,1
3905,5309,2
3905,8846,3
3905,6113,4
3905,1761,5
3906,8473,1
3907,2215,1
3907,9425,2
3908,4821,1
3909,5534,1
3909,1510,2
3909,3617,3
3910,7086,1
3911,9086,1
3912,8339,1
3913,5667,1
3913,7547,2
3913,6423,3
3914,9517,1
3915,7817,1
3916,10914,1
3918,2623,1
3919,6926,1
3920,2292,1
3920,4166,2
3921,11066,1
3922,4996,1
3923,1634,1
3924,9689,1
3925,7931,1
3925,9970,2
3925,5859,3
3926,9615,1
3927,10441,1
3928,723,1
3929,9342,1
3930,4209,1
3931,10284,1
3931,7242,2
3931,7674,3
3932,1869,1
3933,3657,1
3933,3406,2
3933,3411,3
3933,6570,4
3934,9784,1
3935,6973,1
3936,4279,1
3937,8587,1
3938,9749,1
3939,5713,1
3940,7554,1
3941,10496,1
3942,2704,1
3943,6103,1
3944,4407,1
3945,4462,1
3946,4463,1
3947,4405,1
3948,3601,1
3949,1634,1
3950,2679,1
3951,5043,1
3952,6902,1
3952,3995,2
3952,629,3
3952,7136,4
3953,9221,1
3954,9221,1
3955,9221,1
3956,4582,1
3957,2359,1
3958,6889,1
3959,4209,1
3960,4209,1
3961,7463,1
3962,4369,1
3963,4370,1
3964,2933,1
3965,5590,1
3966,4343,1
3967,10847,1
3968,3740,1
3969,10914,1
3970,4921,1
3971,7916,1
3972,4388,1
3973,10847,1
3974,1510,1
3975,1510,1
3976,8554,1
3977,8554,1
3978,3372,1
3979,1213,1
3981,8693,1
3981,8987,2
3982,9221,1
3983,482,1
3983,9650,2
3983,11162,3
3983,936,4
3983,11056,5
3984,10998,1
3984,420,2
3986,6197,1
3987,6031,1
3988,8789,1
3989,4352,1
3990,8835,1
3992,8957,1
3993,7619,1
3994,251,1
3996,7099,1
3997,7231,1
3998,51,1
3998,60,2
4000,1205,1
4000,9858,2
4000,9416,3
4000,1713,4
4002,7543,1
4003,4180,1
4003,5534,2
4004,3490,1
4005,4125,1
4006,8565,1
4006,9154,2
4007,42,1
4009,4269,1
4010,9245,1
4011,4583,1
4012,11354,1
4012,11356,2
4013,1539,1
4013,4819,2
4014,174,1
4014,10902,2
4014,5728,3
4016,6858,1
4017,6646,1
4018,8660,1
4018,5455,2
4018,10885,3
4019,5084,1
4020,3568,1
4020,10582,2
4021,5695,1
4022,319,1
4022,408,2
4022,9014,3
4023,522,1
4023,3030,2
4023,5132,3
4024,2290,1
4025,11007,1
4025,2481,2
4026,9025,1
4027,3473,1
4027,9959,2
4028,7720,1
4029,2164,1
4030,8876,1
4031,87,1
4032,84,1
4033,83,1
4034,5543,1
4035,3385,1
4035,5344,2
4036,1945,1
4036,5361,2
4037,1634,1
4038,915,1
4039,1841,1
4040,4388,1
4041,10136,1
4042,6077,1
4043,8067,1
4044,2639,1
4044,8595,2
4044,10999,3
4045,859,1
4046,11246,1
4046,11093,2
4046,11215,3
4047,7315,1
4047,6590,2
4048,5430,1
4049,4399,1
4050,367,1
4050,218,2
4050,6939,3
4051,6256,1
4052,981,1
4053,5292,1
4053,5667,2
4054,11206,1
4054,11064,2
4055,3670,1
4055,6476,2
4055,5532,3
4055,718,4
4056,2893,1
4057,4746,1
4058,2827,1
4059,3699,1
4060,6460,1
4061,7885,1
4062,10511,1
4063,7915,1
4064,7099,1
4064,4284,2
4064,7164,3
4065,4450,1
4066,1668,1
4067,7104,1
4068,10735,1
4069,7907,1
4070,924,1
4071,4398,1
4072,1557,1
4073,975,1
4074,6147,1
4075,5385,1
4076,1934,1
4078,10190,1
4079,9605,1
4080,2487,1
4080,4653,2
4081,8999,1
4082,7127,1
4083,1981,1
4083,1352,2
4084,10125,1
4084,4020,2
4085,296,1
4086,8483,1
4087,1040,1
4088,2813,1
4089,993,1
4090,1611,1
4091,1055,1
4092,3904,1
4093,5332,1
4093,8974,2
4093,4778,3
4093,6660,4
4094,9253,1
4095,705,1
4096,8669,1
4096,7948,2
4096,2502,3
4096,3674,4
4097,6721,1
4098,979,1
4099,9174,1
4100,1387,1
4101,5685,1
4102,6783,1
4103,3428,1
4104,2018,1
4105,3085,1
4106,6805,1
4107,9597,1
4109,7916,1
4110,4430,1
4111,5731,1
4111,1556,2
4112,6800,1
4113,11314,1
4114,1386,1
4115,9597,1
4115,10918,2
4116,3736,1
4116,1206,2
4116,2215,3
4116,1684,4
4117,4104,1
4117,2540,2
4118,1386,1
4118,354,2
4118,8608,3
4118,10654,4
4119,1803,1
4120,243,1
4121,7894,1
4122,10307,1
4123,11231,1
4124,5446,1
4125,11312,1
4126,5271,1
4127,3092,1
4128,10808,1
4130,157,1
4130,8553,2
4131,1055,1
4132,10136,1
4133,9051,1
4133,4032,2
4135,6906,1
4136,6050,1
4137,788,1
4138,1055,1
4139,461,1
4139,2842,2
4139,4650,3
4139,6898,4
4139,8057,5
4140,263,1
4140,5048,2
4141,3726,1
4142,4214,1
4143,3940,1
4145,11210,1
4146,2138,1
4146,8698,2
4146,6252,3
4148,1093,1
4149,3418,1
4151,3666,1
4152,61,1
4153,2578,1
4154,1093,1
4155,1824,1
4156,3666,1
4157,6195,1
4158,8627,1
4161,1186,1
4162,6321,1
4163,5624,1
4164,4452,1
4165,6381,1
4167,4649,1
4168,2609,1
4168,2406,2
4169,9145,1
4170,4188,1
4171,1055,1
4172,5254,1
4173,7321,1
4174,7862,1
4175,7231,1
4176,673,1
4177,7357,1
4177,4660,2
4177,633,3
4178,9418,1
4179,2080,1
4180,9389,1
4181,2001,1
4182,7402,1
4183,7402,1
4184,2893,1
4185,2081,1
4186,8040,1
4187,6432,1
4188,4740,1
4188,3252,2
4189,8264,1
4190,11095,1
4191,6890,1
4192,7524,1
4193,3189,1
4194,8835,1
4195,7406,1
4195,9261,2
4196,10431,1
4197,6778,1
4198,3553,1
4199,8142,1
4200,1997,1
4201,3446,1
4201,6757,2
4201,9120,3
4202,4401,1
4203,4209,1
4204,9525,1
4205,5550,1
4205,1291,2
4206,10153,1
4207,4435,1
4208,7232,1
4210,11052,1
4211,5196,1
4212,7510,1
4213,4477,1
4214,5175,1
4215,218,1
4216,3118,1
4217,7782,1
4217,6409,2
4218,1690,1
4219,5487,1
4219,1776,2
4220,1636,1
4221,2288,1
4222,7237,1
4223,3859,1
4223,353,2
4223,6253,3
4224,6841,1
4225,2917,1
4226,10513,1
4227,5295,1
4227,7808,2
4227,7395,3
4228,10263,1
4229,5689,1
4230,7684,1
4231,2053,1
4232,3104,1
4232,325,2
4232,8646,3
4233,7833,1
4234,10685,1
4235,6483,1
4235,7367,2
4236,4164,1
4237,1121,1
4238,10162,1
4239,10628,1
4239,3851,2
4240,9219,1
4241,5314,1
4242,9108,1
4243,1646,1
4244,2728,1
4244,2517,2
4244,9434,3
4244,2234,4
4244,8867,5
4245,1214,1
4247,3688,1
4248,3738,1
4248,1457,2
4249,8484,1
4250,4881,1
4251,1282,1
4252,8347,1
4253,6801,1
4253,10410,2
4254,2166,1
4254,784,2
4255,4800,1
4256,8513,1
4257,423,1
4257,9661,2
4258,10300,1
4258,5474,2
4258,739,3
4258,11276,4
4259,7596,1
4259,1905,2
4260,8926,1
4261,7055,1
4262,1822,1
4263,1841,1
4264,4375,1
4265,4376,1
4266,699,1
4267,4374,1
4268,2715,1
4269,5396,1
4270,5977,1
4271,1180,1
4272,6897,1
4273,5254,1
4273,5198,2
4273,11204,3
4274,6170,1
4275,2329,1
4276,8814,1
4277,6829,1
4278,217,1
4279,6221,1
4280,1180,1
4281,4640,1
4282,7321,1
4283,364,1
4284,5860,1
4285,8680,1
4286,5350,1
4287,637,1
4288,6496,1
4289,1154,1
4289,3490,2
4289,8911,3
4289,1584,4
4290,10503,1
4291,4530,1
4292,1672,1
4293,886,1
4294,7478,1
4295,3435,1
4296,3560,1
4297,6578,1
4298,8835,1
4301,11161,1
4302,2567,1
4303,8358,1
4304,197,1
4305,6298,1
4306,7544,1
4307,10182,1
4308,4377,1
4309,419,1
4309,8807,2
4310,3582,1
4311,6103,1
4312,5161,1
4313,1678,1
4314,9212,1
4314,5873,2
4315,8513,1
4316,7569,1
4316,5669,2
4316,2617,3
4316,7558,4
4317,731,1
4318,2125,1
4318,10330,2
4319,5491,1
4320,10321,1
4321,3405,1
4322,10544,1
4323,152,1
4324,10359,1
4325,9279,1
4326,6742,1
4327,3123,1
4328,2944,1
4329,6180,1
4329,1225,2
4330,6144,1
4331,10229,1
4332,4531,1
4333,7535,1
4333,3507,2
4334,10392,1
4335,9131,1
4336,638,1
4336,4033,2
4336,6700,3
4336,2218,4
4337,7703,1
4337,9337,2
4337,7924,3
4337,7387,4
4338,4575,1
4339,8829,1
4340,10963,1
4341,1795,1
4341,2503,2
4341,8140,3
4341,5739,4
4342,1103,1
4342,8302,2
4343,5638,1
4344,6035,1
4345,9221,1
4346,1020,1
4346,1021,2
4347,8793,1
4348,8977,1
4349,4509,1
4350,7290,1
4350,1214,2
4350,1705,3
4351,5672,1
4352,2866,1
4353,1784,1
4354,10263,1
4355,4388,1
4356,10808,1
4357,7019,1
4358,4346,1
4359,6783,1
4360,2621,1
4360,4918,2
4361,7858,1
4362,5215,1
4363,8654,1
4363,3506,2
4363,6063,3
4363,4085,4
4363,2325,5
4364,6502,1
4364,5745,2
4364,407,3
4364,8994,4
4364,3441,5
4365,3221,1
4365,6189,2
4365,5832,3
4365,3793,4
4366,4367,1
4366,7645,2
4366,4380,3
4366,1411,4
4367,6147,1
4368,6435,1
4369,10491,1
4370,2828,1
4371,6088,1
4372,4113,1
4373,9103,1
4374,10734,1
4375,5791,1
4376,7580,1
4377,8441,1
4377,8476,2
4377,10090,3
4377,10396,4
4377,2536,5
4378,9336,1
4379,1194,1
4380,1062,1
4381,10515,1
4382,6870,1
4382,9303,2
4383,3087,1
4384,6107,1
4384,6920,2
4384,2241,3
4384,2242,4
4384,2111,5
4385,4217,1
4386,8854,1
4386,10033,2
4386,5831,3
4386,10131,4
4387,9016,1
4387,264,2
4388,1145,1
4389,1132,1
4390,2480,1
4391,3492,1
4392,1846,1
4393,6960,1
4393,1860,2
4393,8943,3
4393,9646,4
4394,8395,1
4395,10242,1
4396,8056,1
4396,4117,2
4397,2854,1
4398,1081,1
4399,1165,1
4400,1197,1
4401,10525,1
4402,4587,1
4403,1854,1
4403,4279,2
4404,3022,1
4404,5785,2
4404,3101,3
4404,2140,4
4404,10835,5
4405,6755,1
4407,10914,1
4409,493,1
4410,8704,1
4411,10277,1
4412,7077,1
4413,8693,1
4413,8987,2
4414,7757,1
4415,22,1
4416,10855,1
4417,2224,1
4420,10437,1
4421,6526,1
4422,5892,1
4422,4778,2
4422,6660,3
4423,8835,1
4425,814,1
4426,10714,1
4427,8705,1
4427,6200,2
4428,2463,1
4428,6634,2
4429,3464,1
4430,7114,1
4430,5575,2
4430,2569,3
4431,10100,1
4431,2649,2
4431,272,3
4432,6130,1
4433,4538,1
4434,3516,1
4435,2445,1
4435,2302,2
4435,11060,3
4435,11306,4
4436,903,1
4436,8422,2
4436,3264,3
4437,1101,1
4438,2353,1
4439,8014,1
4440,7365,1
4440,8560,2
4441,47,1
4442,4342,1
4443,1971,1
4443,1755,2
4444,7450,1
4445,8700,1
4446,4059,1
4446,10450,2
4446,8563,3
4446,3607,4
4446,3941,5
4447,8842,1
4448,3286,1
4448,6956,2
4449,7664,1
4449,1477,2
4449,8503,3
4449,2736,4
4449,1519,5
4450,3618,1
4451,193,1
4452,7449,1
4452,4197,2
4453,10165,1
4454,9719,1
4455,4743,1
4456,6768,1
4457,7892,1
4458,941,1
4459,5453,1
4459,11167,2
4460,7915,1
4460,10843,2
4460,10362,3
4460,9745,4
4461,4219,1
4462,6283,1
4462,1247,2
4463,6389,1
4464,7559,1
4465,685,1
4465,41,2
4466,979,1
4467,6410,1
4468,9501,1
4469,1999,1
4470,8410,1
4471,9895,1
4472,8406,1
4473,6581,1
4474,2114,1
4475,5300,1
4476,2341,1
4476,7185,2
4476,2272,3
4476,6111,4
4476,2020,5
4477,1992,1
4477,3238,2
4477,9107,3
4478,3729,1
4479,8650,1
4480,6768,1
4481,2944,1
4482,5273,1
4482,6438,2
4482,1466,3
4483,10821,1
4483,3894,2
4483,4803,3
4484,2830,1
4485,7121,1
4486,2566,1
4487,11179,1
4487,11074,2
4487,7486,3
4488,7984,1
4489,6389,1
4489,4305,2
4490,9510,1
4490,5192,2
4490,11168,3
4490,11296,4
4490,7362,5
4491,8283,1
4492,10639,1
4492,5507,2
4493,10208,1
4494,9881,1
4495,3511,1
4496,8079,1
4496,2630,2
4497,7080,1
4497,10671,2
4497,2254,3
4498,7003,1
4499,7029,1
4500,9748,1
4500,9136,2
4501,9568,1
4502,10536,1
4502,8210,2
4502,4915,3
4502,6446,4
4503,5180,1
4504,9515,1
4504,5478,2
4505,4451,1
4506,11122,1
4507,6029,1
4508,7260,1
4509,7556,1
4510,7012,1
4510,7818,2
4511,11247,1
4511,246,2
4512,8839,1
4513,2882,1
4514,3820,1
4515,1542,1
4516,672,1
4517,6674,1
4518,6164,1
4519,3490,1
4520,4209,1
4521,4209,1
4522,4209,1
4523,6206,1
4524,7299,1
4525,10228,1
4526,10621,1
4527,10846,1
4528,2215,1
4528,9425,2
4531,6613,1
4532,6939,1
4533,7681,1
4534,6930,1
4535,11312,1
4536,6280,1
4537,9226,1
4538,9691,1
4539,610,1
4540,3762,1
4541,9639,1
4542,5721,1
4543,6512,1
4543,6228,2
4544,5615,1
4545,884,1
4545,9226,2
4546,1994,1
4547,9791,1
4547,2478,2
4547,8663,3
4547,1470,4
4548,1393,1
4548,10883,2
4548,6001,3
4550,6375,1
4550,6376,2
4550,7474,3
4551,3325,1
4552,8364,1
4553,2679,1
4554,2378,1
4555,1553,1
4556,9748,1
4557,7226,1
4558,8508,1
4559,811,1
4560,1471,1
4561,5754,1
4561,2118,2
4561,5601,3
4561,5303,4
4562,7613,1
4563,3214,1
4563,1991,2
4564,4224,1
4564,4219,2
4564,4362,3
4565,8513,1
4566,4532,1
4567,2826,1
4568,7794,1
4569,1251,1
4570,11099,1
4571,10709,1
4572,4298,1
4573,2062,1
4574,5552,1
4575,10847,1
4576,1788,1
4577,6525,1
4578,2239,1
4579,9115,1
4579,6215,2
4580,2821,1
4581,10109,1
4582,5534,1
4583,8925,1
4584,9272,1
4585,3389,1
4586,8576,1
4587,3530,1
4588,5971,1
4588,1348,2
4589,8283,1
4590,7361,1
4590,9565,2
4590,11159,3
4590,10619,4
4591,3581,1
4591,3583,2
4591,5602,3
4591,1516,4
4592,1067,1
4593,2963,1
4593,9244,2
4594,10587,1
4595,6038,1
4595,6868,2
4596,2877,1
4596,2469,2
4597,7279,1
4597,10239,2
4598,6317,1
4598,7210,2
4599,11331,1
4600,6163,1
4600,10969,2
4600,3076,3
4601,10100,1
4601,4123,2
4602,3224,1
4602,9544,2
4603,9334,1
4604,1411,1
4605,7432,1
4606,2983,1
4607,4908,1
4607,4913,2
4607,4689,3
4608,9647,1
4608,9136,2
4608,2987,3
4608,7307,4
4609,3037,1
4610,9828,1
4611,147,1
4611,5021,2
4612,2967,1
4613,2082,1
4614,10428,1
4615,9639,1
4616,6356,1
4617,10421,1
4619,4242,1
4620,2651,1
4621,3112,1
4622,5030,1
4623,5671,1
4624,7143,1
4625,7852,1
4625,10710,2
4626,8543,1
4626,8085,2
4627,4400,1
4628,11265,1
4629,7029,1
4630,1941,1
4631,9862,1
4632,8835,1
4633,8400,1
4633,1528,2
4633,7517,3
4633,6401,4
4634,9186,1
4635,8319,1
4636,9221,1
4637,5554,1
4638,7763,1
4639,3438,1
4640,5332,1
4641,860,1
4642,4429,1
4643,3809,1
4644,9142,1
4645,11125,1
4646,8039,1
4647,2659,1
4648,6939,1
4649,999,1
4650,10513,1
4651,3601,1
4652,9440,1
4653,1288,1
4654,10513,1
4655,2724,1
4656,6166,1
4657,6013,1
4658,9941,1
4659,9941,1
4660,2917,1
4661,7841,1
4662,1546,1
4663,9394,1
4664,660,1
4665,4533,1
4666,8941,1
4668,7242,1
4668,7674,2
4669,5378,1
4670,11280,1
4672,7127,1
4673,10532,1
4674,7029,1
4675,873,1
4676,8048,1
4677,10277,1
4678,368,1
4678,2676,2
4678,1669,3
4679,9752,1
4680,4486,1
4681,856,1
4682,2456,1
4683,6468,1
4684,4567,1
4685,1085,1
4685,2930,2
4685,1084,3
4686,10247,1
4687,1735,1
4688,5078,1
4689,4919,1
4690,5461,1
4690,369,2
4691,5397,1
4692,2367,1
4692,7991,2
4693,948,1
4693,7578,2
4693,9493,3
4693,280,4
4693,8139,5
4694,2088,1
4695,6411,1
4696,10994,1
4697,7405,1
4698,8021,1
4698,4830,2
4699,1234,1
4700,8885,1
4700,10771,2
4701,9745,1
4701,9270,2
4701,11108,3
4702,10562,1
4703,2667,1
4704,10792,1
4704,345,2
4704,3759,3
4705,152,1
4706,8835,1
4707,7916,1
4708,3891,1
4709,3133,1
4709,3654,2
4710,8387,1
4710,11039,2
4711,8633,1
4711,8402,2
4711,537,3
4712,4163,1
4713,10834,1
4714,4039,1
4714,10947,2
4715,8992,1
4716,4188,1
4717,8641,1
4718,10517,1
4719,1634,1
4720,2416,1
4721,9844,1
4722,4918,1
4723,2852,1
4723,6794,2
4723,9444,3
4723,7323,4
4724,6734,1
4724,4750,2
4724,5937,3
4725,3243,1
4725,4598,2
4725,10678,3
4726,6165,1
4727,1166,1
4728,11127,1
4728,406,2
4728,781,3
4728,11104,4
4729,2083,1
4730,10869,1
4730,7350,2
4731,5398,1
4732,10066,1
4732,10696,2
4732,9452,3
4733,4115,1
4734,8096,1
4734,8015,2
4735,1446,1
4736,10729,1
4736,10870,2
4736,5825,3
4737,7028,1
4738,8405,1
4739,4534,1
4740,3010,1
4741,2639,1
4742,8798,1
4742,209,2
4742,3136,3
4742,3002,4
4742,10386,5
4743,4990,1
4743,4973,2
4744,9470,1
4745,9532,1
4746,8082,1
4747,6776,1
4748,6984,1
4750,8607,1
4751,7231,1
4752,2476,1
4752,8785,2
4753,8287,1
4754,7450,1
4755,9976,1
4756,11175,1
4757,4326,1
4758,6670,1
4759,9700,1
4760,6730,1
4760,10927,2
4760,552,3
4761,3820,1
4761,11171,2
4761,8417,3
4762,10856,1
4763,10839,1
4764,4378,1
4765,5821,1
4766,2074,1
4767,9948,1
4768,2443,1
4769,7324,1
4770,5901,1
4771,6829,1
4772,6869,1
4773,589,1
4774,8278,1
4775,2318,1
4776,6811,1
4777,8183,1
4777,1756,2
4778,10985,1
4779,2443,1
4780,6824,1
4781,8525,1
4782,10444,1
4783,9147,1
4784,9147,1
4785,9147,1
4786,3373,1
4787,610,1
4788,9221,1
4789,5076,1
4790,1454,1
4791,3121,1
4792,789,1
4793,3350,1
4794,7170,1
4796,5243,1
4798,2958,1
4799,2362,1
4800,8248,1
4801,7563,1
4802,875,1
4803,5781,1
4804,1067,1
4805,6362,1
4806,7099,1
4806,1952,2
4807,5117,1
4808,10168,1
4808,10169,2
4808,6122,3
4808,10173,4
4809,4220,1
4809,4219,2
4809,4362,3
4810,10542,1
4810,10595,2
4810,2783,3
4811,2756,1
4812,3254,1
4813,10394,1
4814,2570,1
4814,3432,2
4814,7259,3
4815,3381,1
4816,1160,1
4816,8179,2
4816,10394,3
4817,4188,1
4818,9497,1
4819,5751,1
4820,1132,1
4821,2825,1
4822,7012,1
4822,3608,2
4823,629,1
4823,5551,2
4824,8599,1
4825,8675,1
4826,1676,1
4827,1447,1
4828,4609,1
4829,10572,1
4829,7352,2
4829,3056,3
4829,4658,4
4829,677,5
4830,6424,1
4831,2154,1
4832,4182,1
4833,3958,1
4834,3247,1
4834,3150,2
4834,3411,3
4835,9119,1
4835,10335,2
4835,7140,3
4835,9077,4
4835,4884,5
4836,5179,1
4837,8248,1
4838,6099,1
4838,7670,2
4838,11247,3
4839,11207,1
4839,6394,2
4839,5119,3
4839,11043,4
4840,10869,1
4841,5004,1
4842,11322,1
4843,6677,1
4844,3502,1
4845,9652,1
4845,5798,2
4845,10170,3
4845,7639,4
4845,5930,5
4846,9557,1
4847,9414,1
4848,4644,1
4849,3957,1
4849,6217,2
4849,167,3
4849,8021,4
4849,1688,5
4850,574,1
4850,9451,2
4850,1193,3
4850,6670,4
4851,6670,1
4852,6958,1
4853,10394,1
4853,2330,2
4853,3990,3
4854,5778,1
4855,6223,1
4855,5547,2
4855,8445,3
4855,8035,4
4855,2392,5
4856,3195,1
4856,5839,2
4857,5593,1
4858,7310,1
4858,3130,2
4858,3239,3
4859,5347,1
4860,313,1
4861,1525,1
4862,1452,1
4862,4219,2
4862,4362,3
4863,9223,1
4864,2100,1
4864,10378,2
4864,11239,3
4865,2724,1
4865,4926,2
4866,4740,1
4867,10914,1
4868,3225,1
4869,7127,1
4870,1512,1
4871,1512,1
4872,11082,1
4873,11082,1
4874,6438,1
4875,8952,1
4876,239,1
4877,2834,1
4878,7170,1
4879,6053,1
4880,4402,1
4881,8960,1
4882,3376,1
4883,4229,1
4884,7289,1
4885,6190,1
4885,4109,2
4886,7561,1
4887,4592,1
4888,4475,1
4889,1966,1
4889,7690,2
4890,9057,1
4891,2939,1
4892,1337,1
4893,9212,1
4894,4354,1
4895,330,1
4896,5733,1
4897,5879,1
4898,7011,1
4899,909,1
4900,9079,1
4900,8822,2
4901,8206,1
4901,267,2
4902,1045,1
4903,11355,1
4904,5411,1
4905,9838,1
4906,4188,1
4907,1039,1
4908,1494,1
4909,6017,1
4911,9477,1
4912,10336,1
4913,7915,1
4914,3268,1
4915,8492,1
4916,5601,1
4916,5918,2
4916,1623,3
4917,4593,1
4918,10778,1
4918,8257,2
4918,588,3
4918,5463,4
4919,4230,1
4920,6206,1
4920,1411,2
4920,1891,3
4921,2132,1
4922,7562,1
4923,7491,1
4924,7560,1
4925,3626,1
4926,4024,1
4927,9146,1
4927,426,2
4927,10106,3
4928,6768,1
4929,2611,1
4930,9855,1
4930,9889,2
4930,2482,3
4931,4237,1
4932,10603,1
4933,4358,1
4934,5806,1
4935,6841,1
4936,4760,1
4936,1529,2
4937,9569,1
4937,7719,2
4937,10426,3
4937,3357,4
4938,8828,1
4938,7402,2
4939,8690,1
4940,10772,1
4941,8971,1
4941,95,2
4942,709,1
4943,9628,1
4943,1757,2
4943,8198,3
4943,2644,4
4944,8747,1
4945,3899,1
4945,7322,2
4945,8726,3
4946,2399,1
4947,10229,1
4948,1772,1
4949,9525,1
4950,9745,1
4951,11190,1
4952,9468,1
4952,6681,2
4953,7883,1
4954,4338,1
4955,3245,1
4956,4594,1
4957,3245,1
4958,5196,1
4959,6438,1
4960,4432,1
4961,4431,1
4962,10179,1
4963,10314,1
4963,7504,2
4963,7065,3
4963,7354,4
4963,3934,5
4964,4821,1
4965,2418,1
4965,543,2
4965,3097,3
4966,5183,1
4967,3831,1
4968,9437,1
4969,10091,1
4970,2199,1
4970,2198,2
4970,8745,3
4970,9413,4
4971,2931,1
4972,58,1
4973,442,1
4974,6277,1
4975,9221,1
4976,2690,1
4977,5390,1
4978,8999,1
4979,9601,1
4980,10890,1
4981,8811,1
4982,786,1
4983,934,1
4984,4209,1
4985,10499,1
4986,995,1
4987,3835,1
4988,7624,1
4989,335,1
4990,1547,1
4991,10400,1
4992,10966,1
4992,6929,2
4994,4222,1
4995,11351,1
4997,8746,1
4997,2356,2
4997,6086,3
4998,134,1
4999,7127,1
5000,8720,1
5001,2472,1
5002,7012,1
5003,1870,1
5004,957,1
5005,9029,1
5006,8492,1
5007,10016,1
5008,4188,1
5009,1570,1
5010,7624,1
5011,4379,1
5012,8310,1
5013,11031,1
5014,8426,1
5015,5264,1
5016,9619,1
5017,7696,1
5017,6193,2
5018,9485,1
5018,13,2
5018,8674,3
5018,6036,4
5018,6037,5
5019,684,1
5020,5641,1
5021,2379,1
5022,6152,1
5022,185,2
5022,2861,3
5023,1469,1
5024,7753,1
5024,8546,2
5024,10225,3
5025,3257,1
5026,327,1
5027,6924,1
5028,9983,1
5029,9230,1
5030,6313,1
5031,4188,1
5032,10314,1
5033,10093,1
5034,10288,1
5034,5767,2
5034,8231,3
5035,4086,1
5036,6648,1
5037,5423,1
5037,8908,2
5037,9264,3
5038,1062,1
5038,7540,2
5039,7035,1
5040,2669,1
5041,770,1
5042,8283,1
5043,614,1
5044,8554,1
5045,5514,1
5046,7975,1
5046,6364,2
5046,5737,3
5047,496,1
5048,10001,1
5049,1094,1
5049,3241,2
5049,648,3
5051,6506,1
5052,10957,1
5052,1270,2
5053,7712,1
5054,6843,1
5055,10957,1
5055,1270,2
5056,1270,1
5057,1449,1
5058,5569,1
5059,6165,1
5060,9566,1
5061,4166,1
5062,7057,1
5063,2100,1
5063,1243,2
5063,1711,3
5063,7003,4
5064,9023,1
5065,10869,1
5066,6954,1
5067,4392,1
5068,3000,1
5069,1190,1
5070,7614,1
5071,10044,1
5072,4209,1
5073,4942,1
5074,4942,1
5075,1589,1
5076,9842,1
5077,8607,1
5078,1530,1
5079,5893,1
5080,1547,1
5081,1547,1
5082,10418,1
5083,4926,1
5084,6747,1
5084,9445,2
5084,5440,3
5084,1742,4
5084,6046,5
5085,5360,1
5086,9859,1
5087,9147,1
5088,6963,1
5089,6118,1
5090,5238,1
5090,2279,2
5091,7947,1
5092,4827,1
5092,642,2
5093,10342,1
5093,6397,2
5094,7686,1
5095,4036,1
5096,513,1
5097,7319,1
5097,7332,2
5098,122,1
5098,2024,2
5098,7557,3
5099,2178,1
5100,4646,1
5101,903,1
5101,8422,2
5101,3264,3
5102,1389,1
5103,3144,1
5104,4406,1
5105,7031,1
5106,7998,1
5107,4168,1
5108,8485,1
5109,3113,1
5110,4119,1
5111,3909,1
5111,455,2
5111,9728,3
5112,4410,1
5113,3390,1
5114,1932,1
5115,1386,1
5116,7326,1
5116,5603,2
5116,5311,3
5117,1164,1
5117,1285,2
5118,11094,1
5118,5117,2
5118,6371,3
5119,7363,1
5119,2700,2
5120,164,1
5121,8592,1
5121,9505,2
5122,5091,1
5122,5125,2
5123,8209,1
5123,1496,2
5124,6566,1
5124,6564,2
5124,7977,3
5125,1408,1
5126,7989,1
5127,8209,1
5128,4014,1
5128,5091,2
5128,5125,3
5129,4074,1
5130,10270,1
5130,1527,2
5131,164,1
5132,8592,1
5133,162,1
5133,6124,2
5133,9935,3
5133,9604,4
5134,8592,1
5134,9507,2
5135,7179,1
5135,838,2
5135,8275,3
5135,830,4
5136,1408,1
5136,1432,2
5137,10236,1
5137,1526,2
5138,5091,1
5139,6547,1
5140,8605,1
5140,2,2
5140,2414,3
5141,10656,1
5142,6547,1
5143,4727,1
5144,5029,1
5145,2,1
5145,2414,2
5146,3968,1
5147,7725,1
5147,9552,2
5148,8533,1
5149,5362,1
5150,7725,1
5150,9552,2
5151,7654,1
5151,4286,2
5152,4861,1
5153,230,1
5154,6533,1
5155,7167,1
5155,10795,2
5156,4861,1
5157,8466,1
5158,5773,1
5158,10315,2
5159,10840,1
5160,8688,1
5161,5424,1
5162,6814,1
5162,2261,2
5163,362,1
5164,9361,1
5165,191,1
5166,5640,1
5167,7573,1
5168,3719,1
5168,10598,2
5169,1250,1
5170,10637,1
5170,10649,2
5170,10024,3
5170,9520,4
5171,5322,1
5171,7254,2
5172,8398,1
5173,6814,1
5174,8404,1
5174,7182,2
5175,7254,1
5175,5322,2
5176,1102,1
5177,7453,1
5178,11353,1
5178,3126,2
5179,3288,1
5180,8944,1
5181,10673,1
5182,4761,1
5183,38,1
5184,2862,1
5185,7552,1
5186,9694,1
5187,6524,1
5188,2924,1
5188,8363,2
5188,7605,3
5188,6302,4
5189,8092,1
5190,5429,1
5191,9645,1
5192,1629,1
5193,7593,1
5193,9128,2
5194,5997,1
5194,5251,2
5194,3072,3
5194,7156,4
5195,6901,1
5195,10005,2
5195,10850,3
5195,1009,4
5195,1521,5
5196,9358,1
5196,7045,2
5197,6901,1
5198,8004,1
5198,3475,2
5198,2382,3
5198,7949,4
5198,5381,5
5199,9991,1
5199,1675,2
5199,5572,3
5199,321,4
5199,11352,5
5200,9020,1
5200,492,2
5200,8651,3
5200,11352,4
5201,347,1
5202,4754,1
5202,833,2
5202,4615,3
5202,9139,4
5202,8896,5
5203,2303,1
5204,3860,1
5205,9358,1
5205,7045,2
5206,2708,1
5207,9358,1
5208,2708,1
5208,11353,2
5208,11352,3
5208,1675,4
5208,5572,5
5209,6907,1
5210,1506,1
5210,1675,2
5210,713,3
5210,2203,4
5210,4617,5
5211,3334,1
5212,6185,1
5212,1675,2
5212,6702,3
5212,5572,4
5212,11352,5
5213,833,1
5214,1916,1
5215,1916,1
5216,9266,1
5217,8524,1
5218,2927,1
5219,1844,1
5220,2808,1
5221,3916,1
5222,2322,1
5223,5095,1
5224,9344,1
5224,10140,2
5224,9345,3
5225,1590,1
5226,8072,1
5227,7528,1
5228,9803,1
5229,1916,1
5230,1562,1
5231,2187,1
5232,10185,1
5233,1671,1
5234,9997,1
5234,9995,2
5235,10907,1
5235,1370,2
5236,831,1
5237,9894,1
5238,1616,1
5239,4281,1
5240,6748,1
5241,276,1
5241,1010,2
5241,2428,3
5241,8989,4
5242,3964,1
5242,3573,2
5242,5734,3
5243,5696,1
5244,2793,1
5245,6173,1
5246,7649,1
5247,7584,1
5248,3753,1
5249,9644,1
5249,3888,2
5249,7831,3
5249,290,4
5250,1476,1
5250,1419,2
5251,831,1
5252,3535,1
5252,6396,2
5253,7530,1
5254,5754,1
5254,2118,2
5255,10907,1
5256,2966,1
5256,9367,2
5256,2598,3
5257,5688,1
5257,2133,2
5257,2134,3
5257,7068,4
5258,9570,1
5258,465,2
5258,2182,3
5258,9168,4
5259,4615,1
5260,7584,1
5261,10979,1
5261,8520,2
5262,8028,1
5262,3996,2
5263,5998,1
5264,7532,1
5264,834,2
5264,9900,3
5265,8953,1
5266,4655,1
5267,2319,1
5268,2793,1
5269,8790,1
5270,6918,1
5270,6867,2
5271,8028,1
5271,3996,2
5272,366,1
5272,2261,2
5272,2381,3
5272,1301,4
5273,10898,1
5274,6887,1
5275,1099,1
5275,8880,2
5275,9514,3
5275,8879,4
5276,9080,1
5276,10340,2
5277,10759,1
5278,6874,1
5279,9396,1
5280,5352,1
5281,5047,1
5281,8019,2
5282,3020,1
5283,7584,1
5284,10120,1
5284,10483,2
5285,10759,1
5285,3302,2
5285,6688,3
5285,4356,4
5286,7742,1
5287,7961,1
5288,5984,1
5288,5996,2
5288,5727,3
5288,5726,4
5289,9518,1
5290,6243,1
5290,10387,2
5290,5513,3
5290,1768,4
5291,11101,1
5292,6914,1
5292,8106,2
5293,2341,1
5293,7185,2
5293,2272,3
5293,6111,4
5294,8853,1
5294,227,2
5294,6051,3
5294,7489,4
5295,6478,1
5296,279,1
5297,2187,1
5298,1294,1
5298,5632,2
5298,5592,3
5298,2729,4
5299,3070,1
5300,6874,1
5301,4293,1
5301,11195,2
5301,129,3
5301,3298,4
5302,5123,1
5302,1005,2
5302,9882,3
5302,6793,4
5303,470,1
5303,4833,2
5304,2857,1
5305,1617,1
5306,8780,1
5306,1273,2
5307,3050,1
5307,5484,2
5307,8782,3
5307,8568,4
5308,7096,1
5309,1369,1
5310,8953,1
5311,6777,1
5312,9632,1
5313,1975,1
5314,6045,1
5315,8552,1
5315,4807,2
5316,9894,1
5317,1099,1
5317,8880,2
5317,9514,3
5318,1050,1
5318,8770,2
5319,3461,1
5320,8770,1
5320,1050,2
5321,7097,1
5321,4616,2
5321,1435,3
5322,2252,1
5323,6874,1
5324,6361,1
5324,5375,2
5324,10930,3
5325,7247,1
5325,604,2
5326,3070,1
5327,7609,1
5327,7610,2
5327,5375,3
5328,8465,1
5328,8571,2
5328,8574,3
5329,1370,1
5330,636,1
5331,4994,1
5332,11144,1
5333,7250,1
5333,8995,2
5333,7151,3
5334,2555,1
5335,4615,1
5335,7953,2
5335,6888,3
5335,492,4
5336,9487,1
5337,10224,1
5338,131,1
5339,5403,1
5340,70,1
5341,5921,1
5341,5427,2
5342,2505,1
5343,2668,1
5344,5151,1
5344,10035,2
5345,6874,1
5346,4690,1
5346,3686,2
5347,10255,1
5347,188,2
5347,5911,3
5348,8966,1
5348,6043,2
5349,11150,1
5350,7469,1
5351,178,1
5352,10283,1
5353,6291,1
5353,4330,2
5353,3973,3
5354,5992,1
5355,10462,1
5355,8975,2
5355,5160,3
5356,10949,1
5357,7697,1
5358,7380,1
5358,9989,2
5358,9896,3
5358,5123,4
5359,5122,1
5359,6993,2
5359,4862,3
5360,421,1
5360,5373,2
5360,5091,3
5361,8573,1
5362,1156,1
5363,3027,1
5364,2483,1
5365,1604,1
5365,1808,2
5365,8266,3
5365,2688,4
5366,3313,1
5367,7530,1
5368,10907,1
5369,8028,1
5369,3996,2
5370,9885,1
5371,7727,1
5372,9419,1
5373,10712,1
5374,7250,1
5374,8995,2
5375,10432,1
5376,8028,1
5376,3996,2
5377,8138,1
5378,4312,1
5378,708,2
5378,707,3
5379,1909,1
5380,9449,1
5381,5373,1
5381,5091,2
5381,8541,3
5382,1715,1
5383,2483,1
5384,2966,1
5385,10949,1
5386,5605,1
5387,905,1
5388,2044,1
5389,1963,1
5390,10350,1
5390,2557,2
5391,6684,1
5391,341,2
5392,9814,1
5393,6067,1
5394,1051,1
5395,1622,1
5396,366,1
5396,717,2
5396,9851,3
5397,4988,1
5398,7584,1
5399,7530,1
5400,8509,1
5401,5094,1
5402,7071,1
5403,3996,1
5403,8028,2
5403,139,3
5404,9847,1
5405,2319,1
5405,11220,2
5406,9856,1
5407,9399,1
5407,1072,2
5408,10411,1
5409,9004,1
5410,5073,1
5411,8125,1
5411,1630,2
5411,4619,3
5412,1598,1
5413,5065,1
5413,9312,2
5414,5062,1
5415,4875,1
5416,857,1
5417,1634,1
5418,5502,1
5419,9810,1
5420,9829,1
5421,8940,1
5422,1710,1
5423,3467,1
5423,10254,2
5423,7380,3
5424,7997,1
5425,5391,1
5425,1256,2
5426,5372,1
5427,5392,1
5428,5049,1
5429,10185,1
5430,8423,1
5431,5320,1
5432,4132,1
5433,9918,1
5434,2328,1
5435,5998,1
5436,4010,1
5437,10788,1
5437,4040,2
5438,3270,1
5439,6610,1
5440,10432,1
5441,8622,1
5442,2680,1
5443,6887,1
5444,6873,1
5445,10357,1
5446,2091,1
5447,10545,1
5448,9351,1
5448,2396,2
5449,430,1
5449,10601,2
5450,4766,1
5451,9714,1
5452,11163,1
5453,7470,1
5453,7473,2
5453,7468,3
5454,7988,1
5455,8942,1
5456,7737,1
5457,7198,1
5458,2252,1
5459,7380,1
5459,9985,2
5459,9896,3
5459,6793,4
5460,1634,1
5461,2057,1
5462,3535,1
5462,3099,2
5463,9089,1
5463,2680,2
5463,7825,3
5464,6108,1
5464,9968,2
5464,8516,3
5465,5181,1
5466,10185,1
5467,1863,1
5467,1862,2
5468,3645,1
5469,4291,1
5470,421,1
5471,6224,1
5472,619,1
5472,6583,2
5472,6585,3
5473,8606,1
5473,10409,2
5473,11337,3
5474,7643,1
5475,9687,1
5475,10616,2
5475,2084,3
5476,9067,1
5477,8883,1
5478,6917,1
5478,9488,2
5478,6516,3
5479,10038,1
5479,2238,2
5480,4794,1
5481,9248,1
5482,5444,1
5482,6470,2
5483,2629,1
5483,10017,2
5484,1281,1
5485,2161,1
5486,5754,1
5486,2118,2
5486,5753,3
5486,10509,4
5487,11073,1
5488,3007,1
5489,3093,1
5490,9613,1
5490,9861,2
5490,8653,3
5491,8011,1
5492,2533,1
5493,8832,1
5494,7748,1
5495,5842,1
5496,8749,1
5496,1771,2
5497,8769,1
5498,2415,1
5499,8741,1
5500,10337,1
5501,7116,1
5502,10610,1
5502,4829,2
5503,6194,1
5503,6349,2
5503,608,3
5504,7216,1
5505,6597,1
5506,6874,1
5507,2016,1
5508,6007,1
5509,5047,1
5509,8744,2
5510,1635,1
5511,9665,1
5511,2457,2
5512,3481,1
5513,2961,1
5514,7830,1
5515,4657,1
5516,5341,1
5517,5632,1
5518,6980,1
5519,3019,1
5519,9763,2
5519,5184,3
5519,8603,4
5520,10132,1
5521,7532,1
5522,10488,1
5523,1087,1
5524,4870,1
5524,4764,2
5524,4869,3
5525,9803,1
5526,6096,1
5527,9141,1
5528,3040,1
5529,3474,1
5530,9932,1
5531,9898,1
5532,10413,1
5533,5680,1
5533,10618,2
5534,10185,1
5535,2179,1
5535,2434,2
5536,5744,1
5537,9309,1
5538,7609,1
5539,276,1
5539,1010,2
5539,2428,3
5540,3503,1
5541,2337,1
5542,9688,1
5542,1216,2
5542,774,3
5542,3986,4
5543,5975,1
5544,866,1
5544,2548,2
5544,5843,3
5544,11059,4
5545,3041,1
5545,2791,2
5545,8662,3
5545,3038,4
5546,7043,1
5546,3822,2
5546,10668,3
5546,4898,4
5547,7250,1
5547,8995,2
5548,7318,1
5548,2425,2
5549,11138,1
5550,9430,1
5550,8373,2
5551,2467,1
5552,8036,1
5553,9545,1
5554,3779,1
5555,5483,1
5556,2943,1
5557,10900,1
5557,1826,2
5558,5664,1
5559,8790,1
5560,5454,1
5560,5482,2
5561,2147,1
5562,8501,1
5562,8767,2
5563,5833,1
5564,334,1
5564,335,2
5565,5306,1
5566,5093,1
5567,10432,1
5568,7139,1
5569,3486,1
5570,9001,1
5571,6887,1
5572,7331,1
5573,7250,1
5574,6887,1
5575,1171,1
5575,494,2
5575,3321,3
5575,1829,4
5576,6836,1
5577,6336,1
5577,2910,2
5578,5460,1
5579,8902,1
5579,8446,2
5579,6201,3
5580,9532,1
5580,7515,2
5580,2486,3
5581,6998,1
5582,5777,1
5582,1845,2
5582,2912,3
5583,5889,1
5584,1998,1
5585,8834,1
5585,9917,2
5586,2126,1
5587,6339,1
5587,9280,2
5588,8282,1
5589,1171,1
5589,494,2
5589,1829,3
5590,6273,1
5591,7993,1
5592,8855,1
5593,4092,1
5594,6653,1
5594,10,2
5594,1648,3
5595,7673,1
5596,10369,1
5597,131,1
5598,2741,1
5599,3319,1
5599,5788,2
5599,7291,3
5600,10185,1
5601,10290,1
5602,1621,1
5603,10912,1
5603,10941,2
5603,3279,3
5603,10955,4
5604,5072,1
5605,5765,1
5605,6093,2
5606,2966,1
5606,9326,2
5606,9367,3
5607,7938,1
5608,654,1
5609,771,1
5610,1758,1
5611,2143,1
5612,8219,1
5613,6874,1
5614,5096,1
5614,5100,2
5614,1283,3
5615,10264,1
5615,2757,2
5615,1138,3
5616,6236,1
5616,9875,2
5616,3789,3
5617,666,1
5618,6127,1
5619,1480,1
5619,8920,2
5620,4700,1
5621,5341,1
5621,322,2
5621,6284,3
5621,1625,4
5622,6738,1
5623,9613,1
5623,8653,2
5624,10967,1
5624,10968,2
5624,5047,3
5625,1662,1
5626,8809,1
5627,1993,1
5628,7203,1
5629,4848,1
5630,3050,1
5630,8782,2
5630,8568,3
5630,5484,4
5631,8688,1
5632,8144,1
5633,5045,1
5634,6304,1
5635,7607,1
5636,7423,1
5636,5862,2
5636,7518,3
5636,3504,4
5637,2785,1
5638,1974,1
5639,6244,1
5640,7250,1
5640,8995,2
5640,7151,3
5641,7512,1
5642,8945,1
5643,4655,1
5644,10879,1
5644,8730,2
5645,1902,1
5646,1424,1
5647,6236,1
5647,9875,2
5648,4283,1
5649,258,1
5650,2156,1
5651,3684,1
5652,10388,1
5652,7622,2
5653,5606,1
5654,151,1
5655,6231,1
5655,1368,2
5656,7676,1
5656,1369,2
5656,10095,3
5657,9199,1
5657,9618,2
5658,3980,1
5659,9841,1
5660,2057,1
5661,5595,1
5662,9372,1
5663,4170,1
5664,9487,1
5665,3755,1
5666,6777,1
5667,5131,1
5668,4818,1
5669,10868,1
5669,10569,2
5670,8631,1
5670,6041,2
5670,8194,3
5671,6966,1
5672,9892,1
5672,3721,2
5673,2798,1
5674,9984,1
5674,9892,2
5675,10764,1
5676,2158,1
5677,976,1
5678,2747,1
5679,2658,1
5680,9482,1
5681,1595,1
5682,4297,1
5683,11144,1
5684,7610,1
5684,1677,2
5684,10327,3
5685,8749,1
5686,8749,1
5687,6740,1
5688,2753,1
5689,307,1
5690,6874,1
5691,7234,1
5691,2419,2
5692,2119,1
5693,1099,1
5694,8928,1
5695,9356,1
5695,2687,2
5696,3769,1
5697,7072,1
5698,7902,1
5698,7052,2
5698,7761,3
5699,5632,1
5700,1212,1
5701,4880,1
5702,5732,1
5703,9531,1
5704,8656,1
5705,837,1
5706,7530,1
5707,6693,1
5707,5129,2
5708,10815,1
5709,3535,1
5709,1057,2
5710,7697,1
5711,1127,1
5712,6472,1
5713,634,1
5714,487,1
5714,8153,2
5715,6079,1
5716,6007,1
5717,7607,1
5718,5298,1
5719,10388,1
5719,9866,2
5720,9080,1
5720,10340,2
5721,4295,1
5722,4968,1
5723,940,1
5724,8174,1
5724,7015,2
5725,10939,1
5725,266,2
5726,10432,1
5727,5508,1
5728,9010,1
5729,10342,1
5729,6397,2
5730,10408,1
5731,2486,1
5732,5975,1
5733,1473,1
5734,7139,1
5734,1703,2
5735,2336,1
5736,8028,1
5737,4852,1
5738,3643,1
5738,8288,2
5739,5958,1
5740,7250,1
5740,8995,2
5741,5649,1
5742,5498,1
5742,1161,2
5742,5771,3
5743,7008,1
5744,6752,1
5745,654,1
5746,2444,1
5747,6010,1
5747,9852,2
5748,4317,1
5749,5897,1
5750,4850,1
5751,4300,1
5752,9306,1
5753,918,1
5754,3196,1
5755,9049,1
5755,7286,2
5756,8942,1
5757,9633,1
5758,4730,1
5758,5177,2
5759,270,1
5759,14,2
5760,7541,1
5761,5501,1
5762,10324,1
5762,7370,2
5762,6639,3
5762,4949,4
5763,1622,1
5764,437,1
5765,9144,1
5765,4138,2
5765,11068,3
5765,11275,4
5766,2776,1
5767,8144,1
5767,2401,2
5767,6815,3
5768,8688,1
5769,5561,1
5769,768,2
5769,2938,3
5770,2252,1
5770,5414,2
5771,6839,1
5771,447,2
5771,182,3
5772,3752,1
5773,590,1
5773,3586,2
5773,727,3
5774,1117,1
5775,5162,1
5776,3331,1
5776,3317,2
5776,10763,3
5777,3996,1
5777,8028,2
5778,1244,1
5778,1504,2
5779,9430,1
5780,310,1
5781,1749,1
5782,8060,1
5783,3999,1
5784,10222,1
5785,9590,1
5785,10564,2
5785,161,3
5785,9373,4
5786,1314,1
5787,10690,1
5787,6116,2
5787,2631,3
5788,7333,1
5789,9141,1
5790,8942,1
5791,5975,1
5792,3196,1
5793,5228,1
5793,3728,2
5794,933,1
5794,5399,2
5794,8649,3
5795,7410,1
5795,7439,2
5795,2914,3
5796,8573,1
5797,10793,1
5798,7971,1
5798,7942,2
5799,6427,1
5800,5998,1
5801,8174,1
5801,1973,2
5802,8652,1
5803,7809,1
5804,1158,1
5804,10892,2
5804,4140,3
5804,4698,4
5805,11111,1
5805,9329,2
5806,610,1
5807,4818,1
5808,9443,1
5809,8970,1
5810,2833,1
5811,2185,1
5812,2460,1
5812,5854,2
5813,5949,1
5814,8805,1
5815,10121,1
5815,10135,2
5816,4031,1
5816,3989,2
5816,2584,3
5817,7922,1
5818,3509,1
5819,7175,1
5820,10910,1
5820,3140,2
5820,751,3
5821,9010,1
5822,195,1
5823,9297,1
5823,6527,2
5823,2885,3
5824,8856,1
5824,928,2
5825,7037,1
5826,3698,1
5827,7082,1
5828,1559,1
5829,10481,1
5829,165,2
5830,7176,1
5831,2757,1
5831,10264,2
5832,3534,1
5832,8750,2
5832,2214,3
5832,985,4
5833,10692,1
5834,5561,1
5835,7129,1
5836,2057,1
5836,6572,2
5837,1596,1
5838,181,1
5839,3591,1
5840,4120,1
5840,7637,2
5840,10308,3
5841,10798,1
5842,8677,1
5843,5414,1
5843,2252,2
5844,279,1
5844,5982,2
5844,6919,3
5845,2220,1
5845,8041,2
5846,3025,1
5847,10183,1
5848,7981,1
5848,5401,2
5849,11220,1
5849,3029,2
5850,9043,1
5851,1357,1
5852,441,1
5853,7126,1
5854,621,1
5855,6006,1
5855,2300,2
5856,1753,1
5856,3538,2
5857,393,1
5858,10949,1
5859,9483,1
5860,1245,1
5860,2561,2
5860,4774,3
5861,7115,1
5862,266,1
5863,7204,1
5864,6697,1
5865,3555,1
5865,4984,2
5865,9442,3
5866,7066,1
5867,10493,1
5868,2742,1
5868,4737,2
5869,2799,1
5869,5051,2
5870,7996,1
5871,8796,1
5871,8810,2
5871,2005,3
5871,9052,4
5872,1419,1
5873,309,1
5873,306,2
5874,5379,1
5875,4939,1
5876,9151,1
5877,4894,1
5878,2173,1
5879,8652,1
5880,440,1
5881,1327,1
5882,5983,1
5883,10632,1
5884,2240,1
5885,8059,1
5886,4844,1
5886,10660,2
5886,3457,3
5886,11233,4
5887,9795,1
5887,6482,2
5887,4173,3
5888,4792,1
5888,3368,2
5889,7682,1
5889,7679,2
5889,5140,3
5890,592,1
5890,7157,2
5890,4891,3
5890,137,4
5891,4733,1
5892,6373,1
5892,8342,2
5892,6158,3
5893,5465,1
5894,4902,1
5894,9893,2
5895,5414,1
5896,2599,1
5897,1463,1
5898,9869,1
5899,8937,1
5899,7073,2
5899,7499,3
5899,7735,4
5900,10780,1
5900,10781,2
5900,5010,3
5901,578,1
5902,9453,1
5902,9238,2
5902,5738,3
5902,8964,4
5903,2335,1
5904,9113,1
5905,9627,1
5906,2105,1
5907,11088,1
5907,363,2
5907,3911,3
5907,2939,4
5908,7193,1
5909,7514,1
5910,3469,1
5911,6974,1
5911,3758,2
5911,10832,3
5912,8427,1
5912,908,2
5912,9255,3
5913,1831,1
5914,5797,1
5914,3425,2
5914,2028,3
5914,6553,4
5915,5454,1
5916,4044,1
5916,7430,2
5916,2699,3
5917,10455,1
5918,10915,1
5918,1315,2
5918,9382,3
5918,10953,4
5919,8748,1
5920,5188,1
5920,5577,2
5920,5576,3
5921,3259,1
5922,7881,1
5922,454,2
5923,4751,1
5924,3611,1
5924,4042,2
5925,6361,1
5925,5375,2
5925,5594,3
5926,7311,1
5927,190,1
5928,8003,1
5929,2388,1
5930,8235,1
5931,8604,1
5932,9516,1
5933,9367,1
5934,3872,1
5935,9084,1
5936,1917,1
5937,7683,1
5938,4718,1
5939,7169,1
5940,6959,1
5940,8333,2
5941,1272,1
5942,3761,1
5943,5906,1
5943,7697,2
5943,5804,3
5943,584,4
5944,11217,1
5945,6288,1
5945,3687,2
5945,27,3
5946,2185,1
5947,3722,1
5947,4878,2
5948,4919,1
5949,10919,1
5950,7628,1
5951,3050,1
5951,8782,2
5951,8568,3
5951,5484,4
5952,2680,1
5953,5774,1
5954,3566,1
5954,5891,2
5954,9750,3
5954,11332,4
5955,2824,1
5956,7839,1
5956,1077,2
5956,9333,3
5956,6756,4
5957,10529,1
5958,5897,1
5959,178,1
5960,8026,1
5961,6161,1
5962,2284,1
5963,10844,1
5964,132,1
5965,9466,1
5966,5483,1
5967,9072,1
5968,8813,1
5969,7021,1
5970,5158,1
5971,2498,1
5971,1313,2
5972,5148,1
5973,1284,1
5973,5900,2
5974,5493,1
5975,9395,1
5976,3555,1
5976,4984,2
5976,9442,3
5977,9109,1
5978,8551,1
5979,1192,1
5980,5313,1
5981,3270,1
5981,1305,2
5982,1327,1
5983,2740,1
5984,2106,1
5985,959,1
5986,819,1
5987,6851,1
5988,6795,1
5989,2680,1
5990,5725,1
5990,5907,2
5990,6444,3
5991,4029,1
5992,1660,1
5992,1296,2
5992,1293,3
5993,9626,1
5994,8883,1
5995,7380,1
5995,9985,2
5995,9896,3
5995,5134,4
5996,8930,1
5997,3988,1
5998,277,1
5999,2692,1
5999,5097,2
6000,9309,1
6000,5923,2
6000,10081,3
6001,3979,1
6002,4858,1
6003,9829,1
6004,379,1
6005,10331,1
6005,5173,2
6005,9762,3
6005,6861,4
6006,5018,1
6007,6414,1
6007,314,2
6007,315,3
6008,2248,1
6008,4040,2
6009,3887,1
6009,3463,2
6010,2313,1
6011,3532,1
6011,3926,2
6011,3320,3
6012,10224,1
6013,9946,1
6014,870,1
6015,8601,1
6016,7327,1
6017,2220,1
6017,8041,2
6018,6830,1
6018,9904,2
6019,3634,1
6020,5289,1
6020,10658,2
6021,2898,1
6022,1013,1
6023,1110,1
6024,3270,1
6024,1305,2
6025,1896,1
6026,3739,1
6027,819,1
6028,3787,1
6029,8758,1
6029,8013,2
6029,2306,3
6030,8665,1
6031,5286,1
6032,4155,1
6033,5852,1
6034,9367,1
6035,6183,1
6035,661,2
6036,1326,1
6036,1061,2
6037,2547,1
6038,1199,1
6038,10777,2
6039,5077,1
6040,3752,1
6040,2317,2
6040,8923,3
6041,6245,1
6042,1062,1
6043,5428,1
6044,6777,1
6045,8475,1
6045,9152,2
6045,3730,3
6046,1192,1
6047,9777,1
6047,742,2
6048,2743,1
6049,7333,1
6050,11274,1
6051,1915,1
6052,3061,1
6053,177,1
6054,5512,1
6054,11348,2
6055,8181,1
6056,1050,1
6056,9680,2
6057,2440,1
6058,4690,1
6059,10788,1
6059,11267,2
6060,4159,1
6061,1050,1
6062,460,1
6062,585,2
6062,10721,3
6062,8895,4
6063,5750,1
6064,7230,1
6064,4878,2
6065,1250,1
6066,1655,1
6067,7123,1
6068,8685,1
6069,827,1
6070,2105,1
6071,11299,1
6072,4797,1
6072,2888,2
6073,2492,1
6073,9368,2
6074,7751,1
6075,765,1
6075,8305,2
6075,10951,3
6076,1867,1
6077,10439,1
6078,5195,1
6079,10926,1
6080,9608,1
6081,9905,1
6082,10859,1
6083,4122,1
6083,3919,2
6083,1908,3
6084,8162,1
6085,8450,1
6085,4693,2
6086,2962,1
6087,3100,1
6088,9642,1
6089,5382,1
6090,1139,1
6091,8463,1
6092,7318,1
6092,4863,2
6092,2223,3
6093,471,1
6094,823,1
6095,10620,1
6096,4906,1
6096,8765,2
6096,1353,3
6097,6988,1
6098,3722,1
6099,1029,1
6099,7256,2
6100,9978,1
6101,8144,1
6102,6275,1
6103,2771,1
6104,8371,1
6104,6622,2
6105,5634,1
6106,6887,1
6107,8804,1
6108,3967,1
6109,427,1
6110,9087,1
6111,9943,1
6111,2310,2
6112,7952,1
6112,10312,2
6113,1263,1
6113,1982,2
6114,7329,1
6115,2966,1
6116,4730,1
6116,5177,2
6117,5538,1
6117,11146,2
6118,3040,1
6119,1785,1
6119,1267,2
6119,3847,3
6120,8505,1
6120,5927,2
6120,3501,3
6120,5002,4
6121,10711,1
6121,10730,2
6122,163,1
6122,3630,2
6123,2446,1
6124,8624,1
6125,3874,1
6125,8850,2
6125,24,3
6125,8552,4
6126,7592,1
6126,8081,2
6127,7168,1
6127,1183,2
6127,3764,3
6128,6234,1
6129,5807,1
6130,8465,1
6130,8571,2
6131,719,1
6132,8378,1
6132,9664,2
6132,6095,3
6132,5650,4
6133,9430,1
6134,9880,1
6135,2319,1
6136,4213,1
6137,3931,1
6137,2822,2
6138,798,1
6139,3929,1
6140,720,1
6140,9942,2
6140,5001,3
6141,10460,1
6141,5056,2
6142,7245,1
6143,258,1
6144,8259,1
6144,3035,2
6145,10341,1
6146,316,1
6146,2090,2
6147,4290,1
6148,10848,1
6149,8894,1
6149,1334,2
6150,9239,1
6151,5560,1
6151,5086,2
6152,2490,1
6152,1047,2
6153,11111,1
6153,9329,2
6154,8719,1
6155,640,1
6155,8343,2
6155,8348,3
6156,3234,1
6157,6329,1
6157,2151,2
6157,9806,3
6158,3198,1
6158,1868,2
6159,8316,1
6160,9997,1
6161,5425,1
6162,10323,1
6163,6410,1
6164,495,1
6165,5121,1
6165,5164,2
6165,1667,3
6165,11083,4
6166,7344,1
6166,6754,2
6167,1798,1
6168,6304,1
6169,1289,1
6170,9511,1
6170,11293,2
6171,3727,1
6172,7102,1
6173,1147,1
6174,9141,1
6175,2966,1
6176,7134,1
6177,1915,1
6178,761,1
6178,9944,2
6179,10761,1
6179,6882,2
6179,10285,3
6180,563,1
6180,5569,2
6180,5649,3
6180,10210,4
6181,10349,1
6182,10368,1
6183,9829,1
6184,7525,1
6185,3727,1
6186,6239,1
6187,6239,1
6188,8612,1
6189,3270,1
6190,5687,1
6190,4057,2
6190,2703,3
6190,11132,4
6191,10762,1
6192,931,1
6193,3091,1
6194,9091,1
6194,5535,2
6194,10884,3
6194,9383,4
6195,778,1
6195,7083,2
6196,1489,1
6197,6775,1
6198,9352,1
6198,9709,2
6199,9787,1
6200,5668,1
6201,2919,1
6201,8189,2
6202,8103,1
6203,6026,1
6204,5962,1
6205,6182,1
6206,7609,1
6206,1677,2
6206,6823,3
6207,1278,1
6208,2282,1
6208,5480,2
6209,276,1
6210,10651,1
6210,2314,2
6210,8585,3
6210,2055,4
6211,6482,1
6211,9795,2
6212,5982,1
6213,2339,1
6214,4313,1
6214,3650,2
6214,8752,3
6214,7708,4
6215,8536,1
6215,6952,2
6215,8535,3
6215,7869,4
6216,9920,1
6217,10433,1
6217,3842,2
6218,1538,1
6219,5027,1
6219,6179,2
6220,11192,1
6221,8045,1
6222,11101,1
6223,6279,1
6224,2837,1
6225,311,1
6226,8543,1
6227,7507,1
6228,747,1
6228,2898,2
6229,2444,1
6230,1805,1
6230,8366,2
6230,4107,3
6231,6434,1
6232,50,1
6233,3589,1
6234,9826,1
6235,8976,1
6236,230,1
6237,5404,1
6238,3016,1
6238,5321,2
6239,3946,1
6240,1382,1
6241,3777,1
6242,1622,1
6243,5435,1
6244,4782,1
6245,11243,1
6246,9518,1
6247,9640,1
6248,1549,1
6249,2128,1
6250,7319,1
6251,7293,1
6252,1462,1
6253,6908,1
6254,1723,1
6255,2838,1
6256,9641,1
6257,8784,1
6258,1827,1
6259,7713,1
6260,2170,1
6260,9410,2
6260,7209,3
6261,2483,1
6262,6449,1
6263,7621,1
6264,9408,1
6264,8686,2
6265,10896,1
6266,7922,1
6267,284,1
6268,7933,1
6269,4186,1
6269,2921,2
6270,2396,1
6271,10570,1
6271,7590,2
6271,511,3
6272,4154,1
6273,7666,1
6273,7665,2
6274,7868,1
6275,662,1
6276,8806,1
6277,6777,1
6278,3727,1
6279,2269,1
6280,8848,1
6280,7389,2
6280,2524,3
6280,9456,4
6281,472,1
6281,10163,2
6281,4022,3
6281,5570,4
6282,10596,1
6283,1833,1
6284,3382,1
6285,11226,1
6285,4194,2
6285,3242,3
6285,3226,4
6286,3520,1
6287,756,1
6288,6171,1
6289,3707,1
6290,5341,1
6291,10237,1
6291,2470,2
6292,4195,1
6293,460,1
6293,616,2
6293,8893,3
6293,3766,4
6294,8131,1
6295,3713,1
6296,8028,1
6296,3996,2
6297,5799,1
6298,1277,1
6299,7380,1
6299,5123,2
6299,9896,3
6299,6793,4
6300,2357,1
6300,10822,2
6301,7935,1
6301,7497,2
6302,375,1
6303,295,1
6304,2887,1
6305,4610,1
6306,9483,1
6307,11266,1
6308,6011,1
6309,6437,1
6309,595,2
6309,9457,3
6310,10949,1
6311,5553,1
6312,3865,1
6312,11173,2
6312,7549,3
6313,10464,1
6313,6798,2
6313,4116,3
6314,2320,1
6314,10416,2
6314,1119,3
6314,10358,4
6315,8246,1
6316,1644,1
6316,4137,2
6316,6408,3
6316,11245,4
6317,1405,1
6318,11001,1
6318,8965,2
6319,1114,1
6319,5282,2
6319,7251,3
6320,5890,1
6320,6054,2
6321,5052,1
6322,2966,1
6323,10306,1
6324,7963,1
6325,7380,1
6325,5134,2
6325,9896,3
6325,6793,4
6326,2853,1
6327,2965,1
6328,5914,1
6329,8557,1
6330,1631,1
6331,5639,1
6331,4105,2
6332,10732,1
6332,3319,2
6332,4721,3
6333,3006,1
6334,1509,1
6335,9672,1
6336,6504,1
6337,7183,1
6338,7213,1
6339,843,1
6340,10585,1
6341,10575,1
6341,3843,2
6341,7155,3
6341,4758,4
6342,7186,1
6343,8534,1
6343,9737,2
6343,7306,3
6343,6091,4
6344,5163,1
6345,9021,1
6346,4933,1
6347,1835,1
6348,2642,1
6349,1325,1
6349,5888,2
6350,10388,1
6350,9866,2
6351,4888,1
6352,7211,1
6353,5998,1
6354,10417,1
6355,10264,1
6356,10882,1
6357,2119,1
6357,7602,2
6358,2280,1
6359,440,1
6360,402,1
6361,2413,1
6361,9570,2
6361,465,3
6361,9824,4
6362,1649,1
6363,3834,1
6364,1177,1
6365,7754,1
6365,4100,2
6366,2115,1
6366,7221,2
6367,32,1
6368,2340,1
6369,3981,1
6370,1417,1
6371,2815,1
6372,7985,1
6373,6149,1
6374,8883,1
6374,7091,2
6375,7689,1
6376,605,1
6377,2489,1
6377,865,2
6377,9590,3
6377,161,4
6378,2165,1
6379,2875,1
6380,5732,1
6381,4304,1
6382,3936,1
6382,6598,2
6382,1308,3
6382,2315,4
6383,5827,1
6384,5998,1
6385,4155,1
6386,6128,1
6386,7266,2
6386,4643,3
6387,824,1
6387,9683,2
6387,7903,3
6387,855,4
6388,10299,1
6389,7927,1
6389,4323,2
6390,4763,1
6391,1108,1
6392,2287,1
6393,2167,1
6394,4855,1
6395,7940,1
6396,2632,1
6397,9841,1
6397,9839,2
6398,9043,1
6399,468,1
6400,6834,1
6401,6787,1
6401,133,2
6402,10687,1
6403,8723,1
6404,9022,1
6404,7360,2
6404,5637,3
6405,2905,1
6406,10750,1
6407,6587,1
6407,6374,2
6407,7740,3
6408,3540,1
6409,1369,1
6410,9487,1
6411,3066,1
6412,1622,1
6412,6480,2
6413,6002,1
6414,2319,1
6415,9153,1
6416,3555,1
6416,9442,2
6416,4984,3
6417,8359,1
6418,149,1
6419,11321,1
6420,3591,1
6421,303,1
6422,1275,1
6423,9706,1
6423,8436,2
6424,5732,1
6425,9947,1
6425,9496,2
6426,2250,1
6427,1171,1
6427,494,2
6427,3321,3
6427,1724,4
6428,8253,1
6429,9291,1
6430,3929,1
6431,1802,1
6432,2153,1
6433,3499,1
6433,8667,2
6434,7330,1
6435,2474,1
6435,8575,2
6435,4025,3
6435,7399,4
6436,2300,1
6437,2148,1
6438,9919,1
6439,10945,1
6439,4841,2
6440,8376,1
6441,3467,1
6441,10254,2
6441,3694,3
6441,10958,4
6442,10241,1
6443,7582,1
6444,3684,1
6445,5735,1
6445,10915,2
6445,9382,3
6445,10953,4
6446,1928,1
6447,11216,1
6448,7641,1
6449,8590,1
6449,2784,2
6449,2905,3
6450,210,1
6450,3897,2
6451,11144,1
6452,2297,1
6453,10166,1
6453,9813,2
6453,2433,3
6454,10922,1
6455,2293,1
6456,3554,1
6456,8903,2
6456,2686,3
6457,2529,1
6458,1505,1
6458,5225,2
6459,3974,1
6460,2955,1
6461,2555,1
6462,4167,1
6463,8388,1
6463,7419,2
6463,7390,3
6464,4655,1
6465,7610,1
6465,5375,2
6466,2995,1
6467,9883,1
6468,3479,1
6469,5815,1
6469,3430,2
6470,1406,1
6470,2308,2
6471,1732,1
6471,9548,2
6471,6291,3
6472,997,1
6473,3848,1
6473,3571,2
6473,1747,3
6474,3316,1
6474,4310,2
6475,5952,1
6476,8899,1
6477,3472,1
6478,1328,1
6479,819,1
6480,11321,1
6481,8241,1
6482,2650,1
6482,3756,2
6482,1049,3
6483,10260,1
6484,10310,1
6485,9150,1
6485,6061,2
6486,6020,1
6487,8696,1
6488,2599,1
6488,9367,2
6489,2348,1
6490,1127,1
6491,1006,1
6492,1938,1
6493,10740,1
6494,1484,1
6495,10249,1
6495,8011,2
6496,1716,1
6497,6205,1
6498,8154,1
6498,4623,2
6499,2883,1
6499,9876,2
6499,3139,3
6500,8849,1
6501,10405,1
6502,8886,1
6503,6650,1
6504,10701,1
6504,2674,2
6504,6853,3
6504,1887,4
6505,1888,1
6506,9757,1
6507,2209,1
6508,10184,1
6509,2311,1
6510,3467,1
6511,6289,1
6512,3720,1
6513,2299,1
6514,3467,1
6515,1362,1
6516,2851,1
6517,4285,1
6518,9502,1
6519,7550,1
6519,1821,2
6520,1006,1
6521,7452,1
6521,1642,2
6521,10274,3
6522,9035,1
6523,178,1
6524,2905,1
6525,10064,1
6525,6826,2
6525,5719,3
6526,1079,1
6526,738,2
6526,698,3
6526,3605,4
6527,4141,1
6528,2117,1
6529,8849,1
6530,5318,1
6530,9320,2
6530,6237,3
6531,9172,1
6531,790,2
6532,7994,1
6532,1697,2
6532,2613,3
6532,10238,4
6533,332,1
6533,5481,2
6533,9090,3
6533,8222,4
6534,19,1
6535,6750,1
6535,6728,2
6536,10973,1
6537,5041,1
6537,2794,2
6538,1298,1
6539,3185,1
6539,3653,2
6539,2643,3
6540,8954,1
6540,2107,2
6540,5156,3
6541,6982,1
6542,1162,1
6542,1918,2
6543,6074,1
6544,5755,1
6544,10747,2
6545,5064,1
6545,10373,2
6546,3534,1
6547,8715,1
6548,8631,1
6548,4835,2
6549,7581,1
6550,5230,1
6550,4327,2
6551,5536,1
6552,7867,1
6553,8823,1
6553,6360,2
6554,3517,1
6554,7659,2
6555,10859,1
6556,6428,1
6557,4977,1
6557,9424,2
6557,6972,3
6558,11005,1
6559,4843,1
6560,3279,1
6561,2751,1
6562,654,1
6563,1532,1
6564,8023,1
6565,4019,1
6566,2247,1
6566,1573,2
6566,658,3
6567,5808,1
6567,3484,2
6568,1481,1
6568,10344,2
6568,9274,3
6568,1855,4
6569,9796,1
6570,1889,1
6571,5393,1
6572,6763,1
6573,6855,1
6573,4041,2
6574,2184,1
6575,6962,1
6576,2522,1
6577,627,1
6578,7314,1
6579,3467,1
6580,1782,1
6581,3467,1
6582,6599,1
6583,8178,1
6584,10694,1
6585,3270,1
6586,3270,1
6587,8922,1
6588,5112,1
6589,4158,1
6590,5291,1
6591,5070,1
6591,5068,2
6592,6915,1
6593,5255,1
6593,8859,2
6594,7122,1
6595,5964,1
6596,10749,1
6597,2263,1
6598,4818,1
6599,9243,1
6599,9331,2
6599,3815,3
6599,2135,4
6600,5628,1
6600,180,2
6601,2712,1
6601,3911,2
6601,11199,3
6601,4840,4
6602,9177,1
6603,901,1
6603,2551,2
6604,11,1
6605,666,1
6606,2354,1
6607,4690,1
6608,6942,1
6608,4629,2
6609,10029,1
6610,7626,1
6611,2582,1
6612,793,1
6612,5709,2
6612,792,3
6612,6069,4
6613,9822,1
6614,8051,1
6614,630,2
6615,3467,1
6615,10254,2
6615,7380,3
6616,6819,1
6617,9801,1
6617,6651,2
6618,3531,1
6619,5325,1
6620,9831,1
6621,7737,1
6622,10929,1
6623,3790,1
6623,846,2
6624,6619,1
6625,4815,1
6626,8883,1
6627,8292,1
6627,3633,2
6628,747,1
6628,2898,2
6628,2335,3
6629,1942,1
6629,600,2
6630,8510,1
6630,998,2
6631,7876,1
6632,1086,1
6633,1627,1
6633,7415,2
6633,8361,3
6633,1076,4
6634,7172,1
6635,2838,1
6636,1810,1
6636,10528,2
6636,212,3
6637,5716,1
6638,736,1
6639,4969,1
6639,11263,2
6639,5323,3
6640,5098,1
6641,5668,1
6642,2252,1
6643,1954,1
6644,7623,1
6645,8616,1
6646,3102,1
6646,2194,2
6647,6397,1
6647,10342,2
6648,8618,1
6649,982,1
6650,10436,1
6651,8000,1
6652,6304,1
6653,4890,1
6654,2421,1
6655,5237,1
6656,519,1
6657,5286,1
6658,255,1
6658,4705,2
6659,6076,1
6660,6455,1
6660,5674,2
6660,5887,3
6661,3686,1
6661,2512,2
6662,1722,1
6662,9915,2
6663,1706,1
6664,8685,1
6664,299,2
6665,3977,1
6666,10110,1
6666,3829,2
6666,7611,3
6666,10422,4
6667,10080,1
6668,10159,1
6669,1609,1
6669,6654,2
6670,4878,1
6671,2729,1
6672,4712,1
6673,7600,1
6674,7355,1
6675,10337,1
6676,7606,1
6676,4970,2
6677,9431,1
6678,1229,1
6679,9667,1
6679,1897,2
6679,2453,3
6679,2750,4
6680,3027,1
6681,4963,1
6682,3923,1
6683,9479,1
6684,1377,1
6685,7151,1
6685,2371,2
6686,242,1
6686,143,2
6686,946,3
6686,7692,4
6687,2872,1
6687,9192,2
6688,7174,1
6688,7743,2
6689,9439,1
6690,10865,1
6691,3358,1
6691,1592,2
6692,5847,1
6692,1433,2
6692,1397,3
6692,388,4
6693,5083,1
6694,9620,1
6695,5742,1
6696,8044,1
6697,6830,1
6698,4946,1
6699,6125,1
6700,8694,1
6700,5881,2
6700,567,3
6701,7694,1
6702,623,1
6703,8119,1
6704,9733,1
6705,1255,1
6706,5998,1
6706,5163,2
6707,8173,1
6708,6777,1
6709,5561,1
6710,7399,1
6710,5297,2
6711,155,1
6711,7433,2
6711,6156,3
6712,1596,1
6713,3983,1
6713,6226,2
6714,3513,1
6715,1638,1
6715,6310,2
6715,11122,3
6716,1153,1
6717,3591,1
6718,3535,1
6719,8208,1
6720,3614,1
6720,8170,2
6721,7032,1
6722,2295,1
6723,10393,1
6723,8124,2
6724,5991,1
6725,5792,1
6726,9726,1
6727,9260,1
6728,502,1
6729,6835,1
6730,579,1
6731,7246,1
6732,3980,1
6732,1209,2
6733,3322,1
6734,6970,1
6735,8522,1
6735,2908,2
6736,7545,1
6737,2266,1
6737,11269,2
6738,9871,1
6739,9860,1
6740,1378,1
6741,6439,1
6741,9982,2
6742,3025,1
6743,6760,1
6743,3337,2
6744,9032,1
6745,7736,1
6746,5365,1
6747,5754,1
6748,10303,1
6749,6098,1
6749,1740,2
6749,8245,3
6750,448,1
6750,68,2
6751,7299,1
6752,691,1
6753,10354,1
6753,7759,2
6753,3033,3
6753,3216,4
6754,4886,1
6754,4885,2
6754,5599,3
6755,9301,1
6755,3422,2
6756,3467,1
6757,2654,1
6757,1475,2
6758,7946,1
6758,4857,2
6759,3830,1
6760,3535,1
6760,7169,2
6761,3045,1
6762,10541,1
6763,9203,1
6764,425,1
6765,2205,1
6766,8690,1
6767,2422,1
6768,7119,1
6769,10221,1
6770,2739,1
6771,1004,1
6772,5046,1
6772,7668,2
6772,3261,3
6772,1876,4
6773,8639,1
6774,9799,1
6775,644,1
6775,10742,2
6776,5047,1
6776,3735,2
6777,5855,1
6777,5256,2
6777,6420,3
6777,683,4
6778,8169,1
6779,5541,1
6780,6680,1
6781,1462,1
6782,4876,1
6783,5851,1
6784,1963,1
6784,5120,2
6785,1741,1
6786,9922,1
6787,7334,1
6787,8906,2
6788,4817,1
6789,5299,1
6790,3517,1
6790,7659,2
6791,10316,1
6792,944,1
6793,4804,1
6794,881,1
6795,3563,1
6795,544,2
6795,2195,3
6796,6309,1
6796,4000,2
6796,7638,3
6797,6695,1
6797,1053,2
6798,3763,1
6799,1678,1
6800,2817,1
6801,2319,1
6802,9814,1
6803,1874,1
6804,7023,1
6804,10475,2
6804,1103,3
6804,10474,4
6805,10874,1
6806,939,1
6807,4933,1
6807,452,2
6808,10342,1
6808,6397,2
6809,3407,1
6810,9122,1
6811,545,1
6812,9403,1
6813,10867,1
6813,10944,2
6813,5976,3
6813,1167,4
6814,6294,1
6815,7250,1
6816,4896,1
6817,9540,1
6818,6777,1
6819,547,1
6820,6923,1
6820,5919,2
6820,439,3
6820,10477,4
6821,1725,1
6822,10432,1
6823,10011,1
6823,3929,2
6824,4904,1
6825,4603,1
6826,5063,1
6826,8743,2
6827,4200,1
6828,9309,1
6829,5468,1
6830,4818,1
6831,620,1
6832,951,1
6833,9908,1
6834,6900,1
6835,1936,1
6835,6429,2
6835,1935,3
6835,6430,4
6836,2550,1
6836,5153,2
6836,10962,3
6837,459,1
6838,911,1
6838,2782,2
6838,7489,3
6839,2744,1
6840,10403,1
6841,7250,1
6841,8995,2
6842,8392,1
6843,8078,1
6844,7370,1
6845,292,1
6846,1295,1
6847,9423,1
6848,4276,1
6849,7464,1
6850,8090,1
6851,954,1
6852,374,1
6852,656,2
6852,4985,3
6853,70,1
6854,311,1
6855,10038,1
6855,2238,2
6856,712,1
6856,2440,2
6856,360,3
6856,1692,4
6857,440,1
6858,10779,1
6859,6559,1
6860,8461,1
6861,874,1
6862,1832,1
6863,8277,1
6864,748,1
6864,8751,2
6864,6034,3
6864,5248,4
6865,5696,1
6865,7142,2
6866,6621,1
6866,9573,2
6866,7846,3
6867,1585,1
6867,9781,2
6868,994,1
6869,4756,1
6870,4074,1
6871,6318,1
6872,2951,1
6872,5972,2
6872,5147,3
6873,9642,1
6874,5517,1
6875,10591,1
6876,10320,1
6877,5351,1
6878,6905,1
6879,4013,1
6879,1568,2
6879,4789,3
6880,7303,1
6880,8996,2
6880,1988,3
6881,5167,1
6882,37,1
6882,6278,2
6883,10190,1
6884,6299,1
6884,1347,2
6885,252,1
6885,6627,2
6885,3956,3
6886,6756,1
6886,10666,2
6886,7839,3
6886,1410,4
6887,2545,1
6888,549,1
6888,3293,2
6888,3449,3
6889,3785,1
6890,8239,1
6891,6698,1
6891,3218,2
6891,11350,3
6891,2171,4
6892,775,1
6892,9945,2
6892,7964,3
6892,9289,4
6893,3021,1
6894,7758,1
6894,6633,2
6895,5312,1
6895,6359,2
6896,5449,1
6897,5400,1
6898,8915,1
6898,8918,2
6898,2420,3
6899,10869,1
6899,7350,2
6900,1007,1
6900,1304,2
6900,5530,3
6900,10223,4
6901,8260,1
6902,7839,1
6902,1077,2
6902,9333,3
6902,3673,4
6903,3771,1
6903,9498,2
6903,7448,3
6903,6131,4
6904,3912,1
6904,3524,2
6905,1012,1
6905,1223,2
6905,5869,3
6906,8489,1
6907,2563,1
6908,5298,1
6908,3803,2
6908,3920,3
6908,5568,4
6909,9659,1
6910,4861,1
6911,2662,1
6911,6978,2
6912,6117,1
6913,5126,1
6913,5127,2
6914,6535,1
6914,7870,2
6914,10085,3
6914,2049,4
6915,7138,1
6916,6941,1
6916,8623,2
6917,5408,1
6918,2059,1
6919,5534,1
6920,3546,1
6921,9725,1
6921,4877,2
6921,5533,3
6921,2442,4
6922,10432,1
6923,1114,1
6923,5282,2
6923,4723,3
6924,3014,1
6924,9481,2
6924,5636,3
6925,7795,1
6925,9470,2
6925,9471,3
6925,11149,4
6926,9713,1
6927,3550,1
6928,9899,1
6929,6813,1
6930,10152,1
6931,3331,1
6932,8351,1
6933,6421,1
6934,8708,1
6934,10567,2
6934,4793,3
6935,5109,1
6936,8027,1
6937,2532,1
6938,9764,1
6938,10833,2
6939,3011,1
6940,2568,1
6941,5348,1
6941,759,2
6942,110,1
6943,818,1
6944,7381,1
6945,3269,1
6945,6727,2
6946,3162,1
6946,10122,2
6947,1077,1
6947,9333,2
6947,531,3
6947,1502,4
6948,9686,1
6949,6354,1
6950,6791,1
6950,1774,2
6950,9846,3
6950,8799,4
6951,6387,1
6951,11294,2
6952,3341,1
6953,7375,1
6954,3929,1
6955,1531,1
6956,8058,1
6957,3979,1
6958,1736,1
6958,3489,2
6959,633,1
6959,3604,2
6959,9064,3
6960,7529,1
6961,10149,1
6962,56,1
6963,1078,1
6964,9881,1
6964,1175,2
6965,3006,1
6966,8862,1
6967,1063,1
6967,1545,2
6968,7582,1
6969,2773,1
6969,2452,2
6970,9268,1
6970,5746,2
6970,3301,3
6971,7338,1
6972,2680,1
6973,6311,1
6973,1850,2
6973,8411,3
6973,11176,4
6974,2326,1
6975,8037,1
6976,8790,1
6977,8723,1
6978,3667,1
6978,3669,2
6978,3668,3
6979,6060,1
6979,6162,2
6979,1555,3
6980,2285,1
6981,9797,1
6982,6735,1
6982,3790,2
6982,846,3
6982,8247,4
6983,2661,1
6984,8897,1
6984,6075,2
6985,8910,1
6985,77,2
6985,9747,3
6985,2349,4
6986,1634,1
6987,10646,1
6987,10647,2
6988,9894,1
6989,9421,1
6990,7107,1
6991,2553,1
6991,9254,2
6992,10861,1
6993,8802,1
6994,10622,1
6995,6643,1
6996,970,1
6996,4052,2
6997,7380,1
6998,2702,1
6999,2812,1
7000,3775,1
7001,9886,1
7001,294,2
7002,2461,1
7003,504,1
7004,9627,1
7005,10594,1
7006,6002,1
7006,10295,2
7006,3416,3
7007,7224,1
7008,1098,1
7009,4849,1
7010,9134,1
7010,6640,2
7010,1989,3
7011,3459,1
7012,6906,1
7012,34,2
7013,5668,1
7014,10399,1
7015,2119,1
7016,9134,1
7017,11058,1
7017,1575,2
7017,11284,3
7018,2486,1
7019,3640,1
7019,3436,2
7020,1890,1
7021,3213,1
7022,7028,1
7023,6169,1
7024,5527,1
7025,4601,1
7026,8936,1
7026,1569,2
7026,11185,3
7026,3291,4
7027,3156,1
7028,3592,1
7029,3050,1
7029,8782,2
7029,5504,3
7029,5484,4
7030,396,1
7031,8853,1
7031,7489,2
7031,9176,3
7032,4887,1
7033,2602,1
7033,10470,2
7034,5484,1
7034,4868,2
7034,7745,3
7035,6427,1
7036,4808,1
7036,5712,2
7036,4615,3
7037,8539,1
7038,9849,1
7039,5800,1
7040,5314,1
7040,5231,2
7041,622,1
7041,2646,2
7041,1730,3
7042,5988,1
7043,2755,1
7044,7820,1
7045,7799,1
7046,10259,1
7047,5101,1
7048,3518,1
7048,5142,2
7049,6301,1
7050,10456,1
7051,1059,1
7052,9265,1
7053,9002,1
7053,4308,2
7054,3905,1
7054,2972,2
7055,8368,1
7055,3205,2
7056,9622,1
7057,9113,1
7058,4320,1
7059,470,1
7059,4833,2
7060,2332,1
7061,9814,1
7062,4826,1
7063,28,1
7064,4030,1
7065,3098,1
7066,5448,1
7067,919,1
7067,2186,2
7067,5546,3
7067,1070,4
7068,6090,1
7068,9536,2
7069,3433,1
7069,3496,2
7069,3333,3
7070,260,1
7071,377,1
7071,1700,2
7071,9503,3
7072,5182,1
7073,9888,1
7074,4189,1
7075,3382,1
7076,216,1
7076,1500,2
7076,1150,3
7077,10681,1
7078,8569,1
7079,1366,1
7079,2334,2
7080,10558,1
7080,7223,2
7080,10472,3
7080,203,4
7081,6110,1
7082,10180,1
7083,9894,1
7084,9075,1
7085,1456,1
7086,5543,1
7087,9703,1
7087,10234,2
7088,3680,1
7089,845,1
7090,11262,1
7091,714,1
7092,4068,1
7093,5668,1
7094,5448,1
7095,9819,1
7095,3222,2
7095,8431,3
7096,3388,1
7096,7533,2
7096,964,3
7097,2535,1
7097,9537,2
7097,6370,3
7097,2697,4
7098,5942,1
7098,6550,2
7099,7828,1
7099,10115,2
7099,7721,3
7100,8627,1
7101,4773,1
7102,1819,1
7103,5998,1
7104,4615,1
7105,5425,1
7106,6689,1
7106,1268,2
7107,10468,1
7107,7636,2
7108,7040,1
7108,1797,2
7108,10212,3
7109,9853,1
7110,10720,1
7110,69,2
7110,2333,3
7110,4711,4
7111,10752,1
7112,4664,1
7113,8043,1
7114,10414,1
7115,11335,1
7116,2607,1
7117,2394,1
7118,3467,1
7119,2624,1
7120,3578,1
7121,836,1
7122,1125,1
7123,9169,1
7124,11090,1
7125,3737,1
7126,5627,1
7127,602,1
7128,6491,1
7128,8562,2
7129,5968,1
7130,8832,1
7131,6816,1
7132,6515,1
7132,3825,2
7133,4067,1
7133,4157,2
7134,9794,1
7134,1264,2
7135,9829,1
7136,9262,1
7136,752,2
7137,5555,1
7138,845,1
7138,1817,2
7139,11178,1
7139,3949,2
7139,11165,3
7139,10575,4
7140,8085,1
7141,2966,1
7142,5943,1
7142,5945,2
7142,10817,3
7142,1561,4
7143,4919,1
7144,9741,1
7145,8491,1
7145,1558,2
7146,939,1
7147,7203,1
7148,1066,1
7148,10424,2
7148,5963,3
7148,10605,4
7149,2260,1
7149,9401,2
7149,3580,3
7150,5416,1
7150,8773,2
7150,3505,3
7151,7331,1
7152,845,1
7152,1157,2
7153,3868,1
7153,3883,2
7153,5364,3
7154,11227,1
7155,7201,1
7156,8658,1
7157,2321,1
7158,526,1
7159,9657,1
7159,8151,2
7159,3415,3
7160,7776,1
7161,4366,1
7161,4365,2
7162,10743,1
7163,2119,1
7164,8834,1
7165,6912,1
7166,1364,1
7167,7642,1
7168,6751,1
7169,4823,1
7170,9633,1
7171,10338,1
7172,2946,1
7173,1780,1
7174,1904,1
7175,10302,1
7176,1071,1
7177,6323,1
7178,10388,1
7179,460,1
7180,6290,1
7181,10177,1
7182,6174,1
7183,10257,1
7184,8026,1
7184,2711,2
7185,10129,1
7185,6047,2
7186,7941,1
7187,7856,1
7187,3163,2
7188,10985,1
7189,10230,1
7190,1637,1
7191,2534,1
7192,7527,1
7192,9098,2
7192,10296,3
7193,1090,1
7194,4209,1
7195,3540,1
7196,10508,1
7197,2267,1
7197,10824,2
7198,8306,1
7199,6335,1
7200,3424,1
7200,972,2
7200,4732,3
7200,11059,4
7201,10097,1
7201,3079,2
7201,6146,3
7201,8727,4
7202,8320,1
7202,5258,2
7202,3135,3
7202,6656,4
7203,8831,1
7203,10126,2
7203,7000,3
7204,207,1
7205,1319,1
7206,3233,1
7207,6211,1
7208,3443,1
7209,8801,1
7209,5245,2
7210,5436,1
7210,1951,2
7210,8714,3
7211,3866,1
7211,7730,2
7212,8966,1
7213,5242,1
7214,8775,1
7215,1914,1
7216,2999,1
7217,10608,1
7218,8771,1
7219,8447,1
7220,1065,1
7220,8186,2
7221,5454,1
7222,1720,1
7223,6149,1
7223,6842,2
7224,11035,1
7224,10836,2
7225,3677,1
7226,2284,1
7227,8159,1
7228,9843,1
7228,6498,2
7228,10219,3
7229,3485,1
7229,2597,2
7229,7634,3
7230,1704,1
7231,1116,1
7232,2864,1
7232,7829,2
7232,2721,3
7233,7598,1
7233,9292,2
7234,8144,1
7234,3031,2
7234,5060,3
7235,3331,1
7235,10348,2
7236,10257,1
7237,7250,1
7238,3169,1
7239,2941,1
7240,1873,1
7240,1398,2
7240,3153,3
7240,6530,4
7241,2343,1
7242,4776,1
7243,6309,1
7243,5197,2
7243,11318,3
7244,11148,1
7244,8566,2
7245,3671,1
7246,1696,1
7247,9770,1
7248,39,1
7249,7369,1
7249,247,2
7249,11278,3
7249,8721,4
7250,7728,1
7251,10853,1
7252,8823,1
7253,6318,1
7254,3334,1
7255,652,1
7256,5618,1
7256,7206,2
7257,2222,1
7258,10432,1
7259,473,1
7260,7159,1
7260,2369,2
7261,5913,1
7262,3744,1
7262,3417,2
7262,54,3
7263,7098,1
7263,7337,2
7263,2993,3
7264,10565,1
7264,4026,2
7264,7456,3
7265,1979,1
7266,8699,1
7267,5017,1
7267,8905,2
7267,3570,3
7268,1579,1
7269,5549,1
7270,8389,1
7270,1581,2
7271,6129,1
7272,9043,1
7273,10629,1
7274,7341,1
7275,1331,1
7275,9707,2
7276,2752,1
7276,3271,2
7277,7850,1
7277,7925,2
7277,358,3
7278,1969,1
7279,2785,1
7280,445,1
7281,10346,1
7282,688,1
7283,7839,1
7283,1077,2
7283,9333,3
7283,2932,4
7284,689,1
7285,8790,1
7286,2588,1
7287,8313,1
7287,3188,2
7288,8573,1
7289,3712,1
7290,1551,1
7291,10576,1
7291,5365,2
7292,470,1
7292,4833,2
7293,9841,1
7294,8162,1
7295,2309,1
7296,8916,1
7297,9774,1
7298,5103,1
7299,8133,1
7300,842,1
7301,2163,1
7302,7441,1
7302,5884,2
7303,3898,1
7304,4818,1
7305,7243,1
7306,5853,1
7307,7738,1
7308,8668,1
7309,1778,1
7310,10209,1
7311,10952,1
7312,10287,1
7312,1878,2
7313,235,1
7313,10744,2
7313,3879,3
7314,1069,1
7315,3355,1
7316,7702,1
7316,10573,2
7316,10592,3
7317,5139,1
7317,7218,2
7317,1906,3
7318,5038,1
7319,6094,1
7319,3588,2
7319,8540,3
7320,7804,1
7320,2859,2
7320,1792,3
7320,3084,4
7321,2057,1
7322,8860,1
7323,11139,1
7324,7211,1
7325,5015,1
7326,11230,1
7326,2488,2
7326,1653,3
7327,6193,1
7328,605,1
7329,11000,1
7330,11109,1
7331,4796,1
7332,10349,1
7333,9102,1
7334,5707,1
7335,8676,1
7336,6790,1
7337,2409,1
7338,5984,1
7339,3751,1
7339,6030,2
7340,4905,1
7341,6822,1
7342,6658,1
7343,3731,1
7344,5770,1
7344,5014,2
7345,4900,1
7346,2748,1
7347,287,1
7348,7442,1
7348,4606,2
7348,6957,3
7349,9188,1
7350,8823,1
7351,5358,1
7352,6493,1
7352,4139,2
7353,2373,1
7354,6797,1
7355,5782,1
7355,9474,2
7356,8315,1
7357,7980,1
7358,1274,1
7359,3591,1
7360,6241,1
7360,1461,2
7361,4655,1
7362,1717,1
7363,3324,1
7363,8946,2
7364,10349,1
7365,7253,1
7366,4288,1
7366,4937,2
7367,475,1
7367,4838,2
7368,5415,1
7369,4903,1
7370,7137,1
7371,711,1
7371,10372,2
7372,6177,1
7372,7358,2
7372,9173,3
7372,7368,4
7373,1658,1
7373,9060,2
7374,5111,1
7375,9163,1
7375,3044,2
7375,1763,3
7375,10910,4
7376,2759,1
7377,4612,1
7377,2968,2
7377,5402,3
7377,5266,4
7378,8432,1
7378,8628,2
7379,3609,1
7380,6821,1
7381,5081,1
7382,5983,1
7382,784,2
7383,6403,1
7383,8716,2
7383,4923,3
7384,8299,1
7385,10438,1
7386,9433,1
7387,413,1
7388,9509,1
7389,6795,1
7390,5679,1
7390,3012,2
7390,2936,3
7391,7103,1
7392,172,1
7393,1064,1
7394,4203,1
7395,6452,1
7396,9910,1
7397,6425,1
7397,10804,2
7398,3460,1
7398,3197,2
7398,2515,3
7398,2778,4
7399,307,1
7400,2365,1
7401,1859,1
7401,8116,2
7401,6891,3
7402,4596,1
7402,10075,2
7402,3421,3
7402,4504,4
7403,7840,1
7404,6072,1
7405,839,1
7406,4639,1
7407,2956,1
7407,4009,2
7408,8080,1
7408,10700,2
7409,3638,1
7409,11248,2
7410,8164,1
7411,3681,1
7412,5363,1
7412,2255,2
7413,7233,1
7413,7421,2
7414,9850,1
7415,11166,1
7415,5761,2
7415,4131,3
7415,10812,4
7416,9634,1
7416,715,2
7416,3291,3
7417,5775,1
7417,8331,2
7418,2460,1
7418,6188,2
7419,7184,1
7420,5308,1
7421,5476,1
7422,2416,1
7423,7318,1
7423,2425,2
7424,5313,1
7425,2324,1
7426,2157,1
7427,7861,1
7428,6171,1
7428,8214,2
7429,7040,1
7430,5401,1
7430,7981,2
7431,9300,1
7432,11112,1
7432,9335,2
7433,5425,1
7433,1689,2
7434,3375,1
7435,10266,1
7435,10286,2
7436,3467,1
7436,10254,2
7436,7380,3
7437,5355,1
7438,5796,1
7439,2769,1
7439,6240,2
7439,10538,3
7440,5989,1
7441,1679,1
7441,1445,2
7442,3622,1
7442,3620,2
7442,3790,3
7442,846,4
7443,9864,1
7444,8780,1
7445,3514,1
7446,3704,1
7447,1764,1
7448,3837,1
7449,5281,1
7450,3492,1
7450,5758,2
7451,8932,1
7452,6686,1
7453,1866,1
7453,3628,2
7454,469,1
7455,10672,1
7455,3096,2
7456,9921,1
7457,4997,1
7458,2698,1
7458,9572,2
7458,7430,3
7459,8386,1
7460,9549,1
7460,10366,2
7460,3625,3
7460,215,4
7461,8223,1
7462,1019,1
7463,10023,1
7463,8691,2
7463,2608,3
7464,7002,1
7465,4153,1
7466,7598,1
7467,9135,1
7468,9412,1
7469,4335,1
7470,6407,1
7471,9759,1
7472,7875,1
7473,166,1
7473,8439,2
7473,3400,3
7474,5975,1
7475,5200,1
7476,10027,1
7477,563,1
7477,8182,2
7477,8,3
7477,2859,4
7478,931,1
7479,917,1
7480,1895,1
7480,1896,2
7481,6494,1
7481,3378,2
7481,3991,3
7482,1919,1
7483,6136,1
7483,8738,2
7484,10159,1
7485,4651,1
7485,2196,2
7485,9044,3
7485,6489,4
7486,2758,1
7487,9682,1
7487,11211,2
7487,780,3
7488,3184,1
7488,7374,2
7489,7615,1
7490,10655,1
7491,1323,1
7492,6127,1
7493,2439,1
7494,10376,1
7495,467,1
7496,2407,1
7497,3059,1
7498,9487,1
7499,2772,1
7500,8228,1
7501,5540,1
7501,5019,2
7502,565,1
7503,9178,1
7504,5919,1
7505,9034,1
7506,1559,1
7507,8522,1
7508,4093,1
7508,6987,2
7508,7838,3
7508,3266,4
7509,3363,1
7510,7588,1
7510,449,2
7510,1333,3
7510,8500,4
7511,9292,1
7511,7598,2
7512,10436,1
7513,8141,1
7513,3500,2
7513,503,3
7513,9360,4
7514,7428,1
7515,2246,1
7516,4311,1
7516,6749,2
7516,3886,3
7516,554,4
7517,8887,1
7518,4391,1
7518,4390,2
7518,1330,3
7519,2910,1
7520,10915,1
7520,9382,2
7520,10953,3
7520,1315,4
7521,3832,1
7522,5157,1
7523,2730,1
7524,649,1
7525,5974,1
7526,7385,1
7526,1259,2
7526,3601,3
7526,5769,4
7527,4403,1
7528,10266,1
7528,10286,2
7528,5464,3
7528,2677,4
7529,247,1
7530,4696,1
7530,4842,2
7531,2723,1
7532,6825,1
7533,863,1
7534,2774,1
7535,4762,1
7536,8042,1
7537,7166,1
7537,6000,2
7538,8511,1
7538,2874,2
7539,5003,1
7540,3335,1
7540,3387,2
7541,8421,1
7542,413,1
7542,3210,2
7543,8269,1
7543,8303,2
7544,2848,1
7544,2552,2
7545,4874,1
7546,5510,1
7547,1737,1
7548,9641,1
7548,8490,2
7549,417,1
7549,2973,2
7549,9631,3
7550,9166,1
7550,9171,2
7550,9093,3
7551,6261,1
7551,11135,2
7552,7138,1
7553,10440,1
7553,9100,2
7553,10156,3
7553,6617,4
7554,6788,1
7555,9715,1
7556,11250,1
7557,10381,1
7558,5526,1
7558,5524,2
7559,516,1
7560,1082,1
7560,4771,2
7560,5509,3
7561,2265,1
7562,1363,1
7563,587,1
7563,3575,2
7564,2466,1
7564,2464,2
7564,2681,3
7564,9083,4
7565,4969,1
7566,9043,1
7567,9199,1
7568,9556,1
7569,6977,1
7570,8294,1
7571,2475,1
7571,1520,2
7571,6845,3
7571,9499,4
7572,9350,1
7573,6777,1
7574,5675,1
7574,8619,2
7574,9820,3
7575,5016,1
7576,6451,1
7577,7211,1
7578,2131,1
7579,4008,1
7579,9283,2
7580,282,1
7580,1893,2
7580,1207,3
7580,10975,4
7581,7131,1
7581,6141,2
7582,758,1
7583,7067,1
7584,7550,1
7584,4728,2
7584,5970,3
7585,5144,1
7585,9357,2
7585,8234,3
7585,2127,4
7586,6765,1
7587,6878,1
7588,6846,1
7589,4615,1
7589,6888,2
7589,1599,3
7589,3853,4
7590,2804,1
7591,4320,1
7592,9554,1
7592,6951,2
7592,4788,3
7592,7085,4
7593,1831,1
7594,3071,1
7595,1867,1
7596,2610,1
7596,6746,2
7597,6925,1
7598,5928,1
7599,6982,1
7600,9007,1
7601,1727,1
7602,4860,1
7603,8030,1
7603,3477,2
7603,3468,3
7604,9746,1
7605,9328,1
7605,9697,2
7606,8112,1
7607,3354,1
7607,8711,2
7607,4920,3
7607,8327,4
7608,7161,1
7609,2105,1
7610,2408,1
7611,8736,1
7612,4552,1
7613,9798,1
7614,7637,1
7614,8756,2
7614,3075,3
7614,8290,4
7615,2853,1
7616,9137,1
7616,6534,2
7616,8949,3
7616,6571,4
7617,5318,1
7617,6239,2
7617,5105,3
7617,5104,4
7618,7899,1
7619,5954,1
7619,5187,2
7619,4995,3
7619,631,4
7620,1848,1
7621,4344,1
7621,7388,2
7621,9590,3
7622,10494,1
7623,1699,1
7623,10339,2
7623,7093,3
7623,832,4
7624,6875,1
7625,5574,1
7625,733,2
7626,9306,1
7627,8220,1
7628,10506,1
7628,10505,2
7629,3714,1
7630,5489,1
7631,7,1
7631,1299,2
7632,6921,1
7632,5418,2
7633,682,1
7634,6024,1
7634,6975,2
7635,2601,1
7636,1356,1
7637,413,1
7638,914,1
7639,2272,1
7640,9817,1
7640,9724,2
7641,1574,1
7642,5876,1
7642,10367,2
7643,6271,1
7644,10770,1
7644,2664,2
7644,6269,3
7644,2236,4
7645,2962,1
7645,7982,2
7646,8967,1
7647,10442,1
7648,307,1
7649,3250,1
7650,3594,1
7651,1329,1
7652,2725,1
7653,1639,1
7654,11291,1
7654,9472,2
7654,4641,3
7654,6992,4
7655,9162,1
7656,11049,1
7656,6175,2
7657,10072,1
7658,8481,1
7659,2200,1
7660,10625,1
7661,8017,1
7662,7090,1
7663,9130,1
7664,6948,1
7665,5760,1
7665,6157,2
7665,6014,3
7665,5257,4
7666,3043,1
7667,8959,1
7668,7018,1
7669,3937,1
7670,1990,1
7670,7165,2
7670,3621,3
7670,3790,4
7671,4211,1
7672,528,1
7673,8285,1
7674,319,1
7675,9612,1
7675,5116,2
7676,216,1
7677,10949,1
7678,11225,1
7679,514,1
7680,3331,1
7680,8024,2
7680,8979,3
7681,5993,1
7681,6892,2
7682,2873,1
7683,6876,1
7684,378,1
7684,10406,2
7684,384,3
7685,2376,1
7686,2920,1
7686,5967,2
7686,10909,3
7686,2507,4
7687,1706,1
7687,9906,2
7688,11140,1
7688,6945,2
7689,8904,1
7690,7109,1
7691,8670,1
7692,7999,1
7693,489,1
7693,9702,2
7694,1977,1
7695,1408,1
7696,2767,1
7697,6731,1
7698,1261,1
7698,10199,2
7699,291,1
7699,1665,2
7700,9150,1
7701,3591,1
7702,8075,1
7703,4850,1
7704,9950,1
7704,4924,2
7705,2086,1
7706,1265,1
7707,7518,1
7708,2778,1
7709,4672,1
7710,9738,1
7710,3001,2
7710,10956,3
7710,9062,4
7711,8332,1
7712,2395,1
7713,443,1
7714,8374,1
7715,3331,1
7715,4943,2
7716,2252,1
7716,5414,2
7717,8052,1
7718,9599,1
7718,2570,2
7718,5214,3
7718,8248,4
7719,433,1
7720,5275,1
7720,5274,2
7720,3792,3
7720,1580,4
7721,1626,1
7722,6779,1
7723,1090,1
7724,5560,1
7725,10479,1
7726,4648,1
7726,10019,2
7726,5172,3
7727,10915,1
7728,3830,1
7729,10733,1
7730,7021,1
7731,10148,1
7732,1748,1
7732,8115,2
7732,10067,3
7733,10876,1
7734,11232,1
7734,5986,2
7734,11290,3
7735,2581,1
7736,1138,1
7737,8211,1
7738,1228,1
7739,750,1
7739,5912,2
7740,7989,1
7741,5379,1
7742,8775,1
7743,8232,1
7743,7877,2
7744,9342,1
7744,6298,2
7744,642,3
7745,9642,1
7746,9340,1
7746,6131,2
7746,9498,3
7746,10682,4
7747,3260,1
7748,2533,1
7749,4551,1
7750,8187,1
7751,10961,1
7752,1559,1
7753,4770,1
7754,1911,1
7754,7620,2
7754,10065,3
7755,1271,1
7756,6138,1
7756,7937,2
7757,6802,1
7758,10889,1
7759,10101,1
7760,10949,1
7761,9523,1
7762,5917,1
7762,1120,2
7763,5150,1
7764,7105,1
7765,6059,1
7766,1297,1
7767,8749,1
7768,7595,1
7768,1786,2
7768,695,3
7769,8538,1
7769,8217,2
7769,5521,3
7770,5612,1
7771,8024,1
7772,3236,1
7773,1098,1
7774,4200,1
7775,1088,1
7775,5178,2
7776,7805,1
7777,8815,1
7778,10414,1
7779,10910,1
7779,10451,2
7779,8542,3
7779,3140,4
7780,5872,1
7780,6143,2
7780,7542,3
7780,7661,4
7781,178,1
7782,8866,1
7783,1831,1
7784,9217,1
7784,685,2
7785,5828,1
7786,7993,1
7787,3137,1
7787,2810,2
7787,2868,3
7788,5700,1
7789,594,1
7790,586,1
7790,7327,2
7791,3684,1
7792,7422,1
7793,65,1
7794,2527,1
7794,1069,2
7794,6645,3
7795,2563,1
7796,4845,1
7796,2331,2
7797,9426,1
7797,6012,2
7798,2251,1
7798,7822,2
7799,1401,1
7799,55,2
7799,66,3
7800,6782,1
7801,3158,1
7801,3167,2
7801,45,3
7801,2035,4
7802,3447,1
7803,2160,1
7803,8766,2
7803,2161,3
7804,7990,1
7804,4714,2
7804,4694,3
7805,9175,1
7806,4861,1
7807,11340,1
7807,293,2
7807,6791,3
7807,8799,4
7808,6207,1
7808,930,2
7808,8600,3
7809,7465,1
7810,8055,1
7811,470,1
7811,4833,2
7812,3494,1
7813,470,1
7813,4833,2
7814,2504,1
7815,4680,1
7816,9263,1
7816,6737,2
7816,6916,3
7817,4739,1
7818,10231,1
7819,8242,1
7819,10573,2
7819,7698,3
7820,4909,1
7821,7574,1
7822,7579,1
7823,4703,1
7824,8955,1
7825,5659,1
7826,7252,1
7827,2916,1
7828,3347,1
7829,10791,1
7830,7810,1
7831,8265,1
7831,6265,2
7831,9355,3
7832,476,1
7833,10533,1
7833,10693,2
7833,74,3
7834,4046,1
7835,434,1
7836,7865,1
7837,3540,1
7838,3498,1
7839,10271,1
7840,3913,1
7841,8614,1
7841,9729,2
7842,2554,1
7843,4002,1
7844,5993,1
7845,3157,1
7845,3328,2
7846,5956,1
7847,4124,1
7848,1391,1
7849,1371,1
7850,2438,1
7851,5588,1
7851,1056,2
7852,9343,1
7853,5867,1
7853,389,2
7853,7124,3
7853,8934,4
7854,3327,1
7855,8438,1
7856,9576,1
7856,6604,2
7857,418,1
7858,3858,1
7859,7178,1
7860,2351,1
7861,8880,1
7861,1099,2
7862,9196,1
7863,2307,1
7864,5542,1
7865,9672,1
7866,10641,1
7866,7419,2
7866,8388,3
7866,2494,4
7867,7346,1
7867,10188,2
7868,11110,1
7869,3370,1
7869,2180,2
7869,9315,3
7869,1507,4
7870,6062,1
7871,8697,1
7872,1091,1
7873,1492,1
7873,3805,2
7874,5432,1
7875,7487,1
7876,7807,1
7876,6442,2
7877,7344,1
7878,6758,1
7879,7056,1
7880,5987,1
7881,3283,1
7882,7380,1
7882,9985,2
7882,9896,3
7882,5134,4
7883,3467,1
7883,10254,2
7883,7380,3
7884,9533,1
7884,1544,2
7884,10609,3
7885,3467,1
7886,5416,1
7886,136,2
7887,6647,1
7887,6837,2
7887,10326,3
7888,6167,1
7889,8225,1
7890,9674,1
7890,7485,2
7890,10123,3
7891,5681,1
7891,2871,2
7891,8993,3
7892,8778,1
7893,9494,1
7894,10331,1
7895,8277,1
7896,2108,1
7896,1381,2
7897,2266,1
7897,11269,2
7898,9837,1
7898,5633,2
7898,3689,3
7899,9590,1
7899,161,2
7899,2489,3
7899,865,4
7900,10159,1
7901,3678,1
7901,3659,2
7901,2691,3
7902,7392,1
7902,2099,2
7902,4645,3
7902,4360,4
7903,2486,1
7904,7447,1
7904,10207,2
7905,8171,1
7906,6592,1
7906,3420,2
7906,1912,3
7907,10594,1
7908,6623,1
7908,573,2
7908,5829,3
7908,3053,4
7909,9243,1
7909,10003,2
7909,5023,3
7909,6150,4
7910,6741,1
7911,5933,1
7911,7384,2
7911,3806,3
7911,1034,4
7912,8786,1
7913,5643,1
7914,2575,1
7915,3258,1
7915,3918,2
7915,1702,3
7916,5449,1
7916,6877,2
7916,6994,3
7916,10936,4
7917,6560,1
7918,9814,1
7919,9535,1
7920,5016,1
7921,8754,1
7921,10932,2
7922,1493,1
7923,10351,1
7924,1217,1
7925,10379,1
7926,7008,1
7927,3753,1
7928,6191,1
7929,6531,1
7929,8440,2
7929,7488,3
7930,9354,1
7931,10352,1
7931,5556,2
7932,10282,1
7933,6303,1
7934,2217,1
7934,2064,2
7934,3476,3
7934,2063,4
7935,7262,1
7935,8637,2
7935,5617,3
7936,7208,1
7937,9539,1
7938,5449,1
7939,9208,1
7940,8528,1
7941,7746,1
7941,3073,2
7942,6792,1
7943,4797,1
7944,7498,1
7944,1578,2
7945,8101,1
7945,847,2
7945,8724,3
7945,2906,4
7946,927,1
7946,7261,2
7946,4091,3
7946,2386,4
7947,6722,1
7948,2432,1
7949,2486,1
7950,884,1
7951,6587,1
7952,3776,1
7953,5883,1
7953,990,2
7953,2595,3
7953,4661,4
7954,5623,1
7955,7120,1
7956,3028,1
7956,8874,2
7957,973,1
7958,887,1
7959,7929,1
7959,10837,2
7960,7454,1
7960,6666,2
7961,5333,1
7961,3131,2
7961,398,3
7962,9000,1
7962,9461,2
7962,10807,3
7963,9318,1
7964,7511,1
7965,2573,1
7966,10908,1
7966,5107,2
7966,10948,3
7967,9623,1
7968,3135,1
7968,8328,2
7968,8325,3
7968,7669,4
7969,7951,1
7970,5993,1
7970,10295,2
7970,6002,3
7970,7141,4
7971,178,1
7972,1920,1
7973,10559,1
7973,3402,2
7973,8190,3
7973,4695,4
7974,4187,1
7974,3482,2
7974,3878,3
7975,9374,1
7975,687,2
7976,144,1
7976,6211,2
7976,11264,3
7976,3051,4
7977,10638,1
7978,8990,1
7979,11086,1
7980,4324,1
7981,1953,1
7982,5388,1
7983,3279,1
7984,5219,1
7985,3631,1
7986,6477,1
7986,3005,2
7986,3658,3
7986,3161,4
7987,6015,1
7987,1514,2
7988,6864,1
7989,9561,1
7989,9678,2
7989,9656,3
7989,2859,4
7990,4989,1
7991,1622,1
7992,4769,1
7993,8163,1
7993,10466,2
7994,3527,1
7995,2656,1
7996,5518,1
7997,2105,1
7998,8571,1
7999,2766,1
8000,6969,1
8000,7905,2
8000,4729,3
8001,494,1
8001,1171,2
8001,3321,3
8001,1724,4
8002,8088,1
8002,10981,2
8002,10983,3
8003,4144,1
8004,8519,1
8005,4971,1
8006,6028,1
8007,6286,1
8008,5253,1
8009,6273,1
8010,11216,1
8011,391,1
8011,3602,2
8012,2844,1
8012,6018,2
8013,3215,1
8014,9841,1
8015,7461,1
8015,6473,2
8015,401,3
8015,9758,4
8016,5394,1
8017,8145,1
8018,3675,1
8019,5710,1
8019,4095,2
8020,10216,1
8021,5269,1
8022,3717,1
8022,10113,2
8022,10489,3
8023,6884,1
8024,8838,1
8024,10731,2
8024,6807,3
8024,840,4
8025,8991,1
8025,10492,2
8026,8499,1
8027,7958,1
8028,7398,1
8028,5276,2
8029,3217,1
8029,317,2
8030,9295,1
8030,5106,2
8030,352,3
8030,11079,4
8031,1738,1
8031,7398,2
8031,8506,3
8032,4806,1
8032,4035,2
8032,8197,3
8033,7697,1
8034,7839,1
8034,1077,2
8034,9333,3
8034,530,4
8035,10652,1
8036,8226,1
8036,3971,2
8036,6416,3
8036,7678,4
8037,2781,1
8037,8548,2
8037,10021,3
8037,1153,4
8038,10653,1
8039,2465,1
8040,2673,1
8040,2670,2
8040,6081,3
8041,6180,1
8042,5134,1
8042,9896,2
8042,6793,3
8042,6934,4
8043,10342,1
8044,9939,1
8045,9529,1
8046,3160,1
8047,4604,1
8048,6709,1
8048,236,2
8049,10748,1
8050,8837,1
8051,8307,1
8052,3009,1
8053,6705,1
8053,199,2
8053,10077,3
8054,3686,1
8054,4690,2
8055,11098,1
8055,11209,2
8056,1859,1
8056,8116,2
8056,6891,3
8056,6596,4
8057,1577,1
8057,2189,2
8058,4659,1
8058,3985,2
8058,11113,3
8059,7687,1
8059,8593,2
8060,7343,1
8061,7920,1
8062,3388,1
8063,277,1
8064,11027,1
8065,9001,1
8065,5293,2
8065,278,3
8066,7386,1
8067,3945,1
8068,11252,1
8069,9003,1
8070,6671,1
8071,10704,1
8071,7910,2
8071,8249,3
8072,11194,1
8073,5885,1
8074,183,1
8075,5050,1
8076,3924,1
8077,9117,1
8078,4978,1
8079,5503,1
8080,10432,1
8081,9696,1
8082,10615,1
8083,2201,1
8084,5232,1
8085,6108,1
8085,9968,2
8085,8516,3
8086,1252,1
8086,9365,2
8087,153,1
8087,7494,2
8087,6602,3
8088,4767,1
8089,3722,1
8090,1706,1
8091,10077,1
8091,6753,2
8092,10624,1
8093,10258,1
8094,538,1
8095,11164,1
8096,3537,1
8096,8753,2
8096,3557,3
8096,5437,4
8097,5520,1
8098,1095,1
8098,9018,2
8098,2997,3
8098,4958,4
8099,7803,1
8100,3772,1
8101,1775,1
8102,10736,1
8102,10841,2
8102,3892,3
8103,6084,1
8104,6242,1
8105,7685,1
8106,10786,1
8107,5525,1
8108,4753,1
8108,470,2
8109,8460,1
8110,4574,1
8111,2268,1
8112,6019,1
8112,5419,2
8113,5339,1
8113,6172,2
8113,3933,3
8113,3478,4
8114,1290,1
8115,8582,1
8116,1839,1
8117,5000,1
8118,2208,1
8119,9384,1
8120,4075,1
8121,1838,1
8121,11136,2
8121,6109,3
8121,625,4
8122,4878,1
8123,1664,1
8124,8010,1
8125,10154,1
8126,7879,1
8127,10342,1
8127,6397,2
8127,2177,3
8128,10504,1
8129,10576,1
8129,5365,2
8130,10788,1
8130,4040,2
8131,3555,1
8131,4984,2
8131,9442,3
8132,2492,1
8132,9369,2
8133,5485,1
8134,2440,1
8134,712,2
8135,2347,1
8135,5342,2
8136,5302,1
8137,1538,1
8138,2124,1
8139,6266,1
8140,3682,1
8140,2170,2
8141,466,1
8141,5596,2
8142,10788,1
8142,4040,2
8143,1543,1
8143,8818,2
8144,2258,1
8145,440,1
8145,2441,2
8146,5626,1
8147,613,1
8147,753,2
8147,2327,3
8147,6990,4
8148,7380,1
8148,5123,2
8148,9896,3
8148,6793,4
8149,7962,1
8149,8777,2
8149,2152,3
8149,7113,4
8150,5365,1
8150,2865,2
8151,382,1
8151,3047,2
8152,2685,1
8153,1618,1
8154,6022,1
8155,10827,1
8156,8025,1
8156,4040,2
8156,10788,3
8157,1396,1
8158,827,1
8159,2397,1
8160,2765,1
8160,6859,2
8160,4867,3
8161,3250,1
8161,2603,2
8162,1424,1
8163,2235,1
8164,9847,1
8165,8126,1
8166,8175,1
8167,8730,1
8168,4291,1
8169,8240,1
8170,542,1
8170,7793,2
8171,3380,1
8171,9636,2
8172,3863,1
8173,3522,1
8174,5186,1
8175,5024,1
8175,2855,2
8176,4476,1
8176,8597,2
8176,2655,3
8177,7030,1
8178,3741,1
8179,2627,1
8180,7022,1
8181,9038,1
8182,3828,1
8182,2763,2
8183,6314,1
8183,9257,2
8183,141,3
8184,10662,1
8184,1248,2
8184,8774,3
8185,6563,1
8185,3095,2
8186,8251,1
8186,150,2
8187,5961,1
8187,5894,2
8187,7078,3
8188,8076,1
8189,2571,1
8189,8621,2
8190,10147,1
8191,7553,1
8191,2616,2
8191,1930,3
8191,1925,4
8192,9925,1
8193,5981,1
8193,6263,2
8194,10826,1
8194,7111,2
8195,10250,1
8196,2514,1
8196,7959,2
8197,11160,1
8198,3204,1
8198,6345,2
8199,1031,1
8199,2436,2
8200,9898,1
8201,2901,1
8202,512,1
8203,11301,1
8204,1280,1
8204,4772,2
8205,1524,1
8205,5531,2
8206,4868,1
8206,2737,2
8207,459,1
8208,7609,1
8209,2850,1
8209,2890,2
8209,10401,3
8210,392,1
8211,2057,1
8212,11002,1
8213,5237,1
8214,9641,1
8214,7177,2
8215,6239,1
8215,6237,2
8216,6274,1
8217,10042,1
8217,7135,2
8217,4219,3
8217,7887,4
8218,2760,1
8219,2184,1
8220,9819,1
8221,123,1
8222,4957,1
8223,8838,1
8224,1259,1
8225,3431,1
8226,5448,1
8227,9534,1
8227,3467,2
8227,10254,3
8227,7380,4
8228,187,1
8229,2614,1
8230,1972,1
8231,5488,1
8231,10447,2
8232,7257,1
8233,9815,1
8234,6690,1
8235,4151,1
8235,1485,2
8236,4216,1
8237,8251,1
8237,6337,2
8238,1892,1
8238,274,2
8239,3692,1
8240,9349,1
8240,7430,2
8240,3186,3
8241,8054,1
8242,5229,1
8243,872,1
8243,9708,2
8244,3907,1
8244,11075,2
8245,7017,1
8246,2278,1
8247,2935,1
8248,4016,1
8249,845,1
8249,10313,2
8249,9029,3
8250,8149,1
8251,10751,1
8251,64,2
8252,8293,1
8252,8308,2
8252,1027,3
8253,7212,1
8253,7988,2
8254,871,1
8254,8577,2
8254,5882,3
8255,1328,1
8256,10022,1
8257,8385,1
8257,8381,2
8258,2369,1
8259,6545,1
8260,3824,1
8260,9319,2
8260,2404,3
8260,7069,4
8261,3263,1
8262,1074,1
8262,3988,2
8262,5715,3
8262,1884,4
8263,394,1
8264,6612,1
8265,2934,1
8266,5326,1
8267,559,1
8268,2565,1
8268,2391,2
8268,2564,3
8268,2052,4
8269,11269,1
8270,5489,1
8271,1032,1
8272,3384,1
8273,7451,1
8274,9138,1
8275,9903,1
8276,5315,1
8276,5600,2
8277,2572,1
8278,5450,1
8279,3887,1
8280,11302,1
8281,3270,1
8281,1305,2
8282,4834,1
8283,10768,1
8283,10769,2
8283,9780,3
8283,8617,4
8284,986,1
8285,8252,1
8286,3105,1
8286,8732,2
8286,4961,3
8286,8334,4
8287,1650,1
8287,9441,2
8288,5410,1
8289,7472,1
8290,3805,1
8290,8229,2
8291,7609,1
8292,6909,1
8293,5668,1
8294,9388,1
8295,9065,1
8295,1239,2
8295,7956,3
8295,1236,4
8296,5083,1
8297,4847,1
8298,4364,1
8299,5865,1
8300,2291,1
8301,11228,1
8301,11062,2
8301,1849,3
8301,8413,4
8302,1495,1
8303,10960,1
8303,4831,2
8304,6307,1
8304,7228,2
8305,1899,1
8306,3233,1
8307,3788,1
8308,2558,1
8309,10726,1
8310,2990,1
8310,8324,2
8311,5046,1
8312,1582,1
8313,844,1
8314,3292,1
8314,9734,2
8314,9140,3
8315,2962,1
8316,3639,1
8317,7591,1
8318,3737,1
8319,2784,1
8320,8107,1
8320,6262,2
8321,754,1
8321,8326,2
8322,7343,1
8323,3180,1
8324,385,1
8325,10728,1
8325,10873,2
8325,11186,3
8325,404,4
8326,11272,1
8327,6803,1
8328,3691,1
8328,8626,2
8329,4686,1
8330,6500,1
8331,5065,1
8332,4633,1
8333,9810,1
8334,3348,1
8335,312,1
8336,424,1
8336,7092,2
8336,486,3
8337,2008,1
8338,7843,1
8339,5166,1
8340,4068,1
8341,961,1
8341,10275,2
8342,11111,1
8342,9329,2
8343,2543,1
8344,304,1
8345,10342,1
8345,6397,2
8346,8350,1
8347,11277,1
8348,2993,1
8349,1327,1
8350,326,1
8351,10758,1
8351,5327,2
8352,1537,1
8352,10301,2
8352,1200,3
8353,7132,1
8353,10982,2
8354,3656,1
8354,2579,2
8355,9263,1
8356,1588,1
8357,6384,1
8358,8787,1
8358,6004,2
8359,6100,1
8359,6624,2
8359,4027,3
8359,3954,4
8360,916,1
8360,6119,2
8360,2579,3
8361,10697,1
8362,8792,1
8363,795,1
8364,3676,1
8365,4355,1
8366,8113,1
8367,3017,1
8368,175,1
8369,3593,1
8370,35,1
8371,2451,1
8372,1128,1
8373,9818,1
8374,8901,1
8374,7060,2
8375,817,1
8376,3750,1
8377,9644,1
8377,289,2
8377,4102,3
8378,4708,1
8379,2298,1
8379,6687,2
8379,3356,3
8380,9258,1
8380,144,2
8380,458,3
8380,7394,4
8381,1077,1
8381,9333,2
8381,7024,3
8382,5563,1
8382,10964,2
8382,5562,3
8383,512,1
8383,4713,2
8384,5301,1
8385,7236,1
8385,3930,2
8386,5635,1
8387,288,1
8388,10377,1
8389,7490,1
8390,9630,1
8391,8086,1
8392,9541,1
8393,4564,1
8393,6625,2
8394,1368,1
8395,4715,1
8396,7783,1
8397,10118,1
8397,10471,2
8398,9996,1
8399,10235,1
8399,3311,2
8399,10537,3
8400,6878,1
8400,3849,2
8401,9149,1
8402,6255,1
8403,8161,1
8404,8655,1
8405,741,1
8406,10925,1
8407,4811,1
8407,1614,2
8407,7004,3
8408,1113,1
8409,4899,1
8409,7398,2
8410,4692,1
8411,9063,1
8412,4303,1
8412,5250,2
8412,2984,3
8413,10633,1
8414,3339,1
8414,6664,2
8414,9998,3
8414,10870,4
8415,2057,1
8416,6231,1
8417,1606,1
8417,1413,2
8417,12,3
8418,1576,1
8418,10144,2
8418,4162,3
8418,6950,4
8419,10251,1
8420,8109,1
8420,10002,2
8421,2092,1
8421,5202,2
8421,7786,3
8422,2535,1
8423,2396,1
8424,694,1
8425,5635,1
8426,6002,1
8426,10264,2
8427,5199,1
8427,11218,2
8427,7364,3
8427,11081,4
8428,5038,1
8429,5947,1
8429,6042,2
8430,5730,1
8431,2505,1
8432,7989,1
8433,3397,1
8433,7853,2
8433,10546,3
8433,6667,4
8434,1595,1
8435,3305,1
8435,650,2
8436,6777,1
8437,2267,1
8437,10824,2
8438,1376,1
8439,9816,1
8440,10878,1
8441,10002,1
8441,8074,2
8441,10558,3
8441,10667,4
8442,2042,1
8442,2706,2
8442,7020,3
8443,5834,1
8443,11070,2
8444,6031,1
8445,10361,1
8446,9046,1
8446,8589,2
8446,6328,3
8446,2358,4
8447,1551,1
8448,1279,1
8449,9070,1
8450,8969,1
8451,6459,1
8452,11048,1
8453,9776,1
8454,10291,1
8455,9974,1
8456,2293,1
8457,596,1
8457,7653,2
8457,2847,3
8457,438,4
8458,2113,1
8458,2168,2
8458,4836,3
8459,8111,1
8459,9624,2
8460,1610,1
8461,1127,1
8462,2898,1
8463,3026,1
8464,7847,1
8465,2604,1
8466,1898,1
8467,4810,1
8468,413,1
8468,8731,2
8468,3210,3
8468,7913,4
8469,1596,1
8470,8917,1
8470,4927,2
8471,9458,1
8471,3127,2
8471,521,3
8471,8166,4
8472,1535,1
8473,11017,1
8474,2829,1
8475,7382,1
8476,6649,1
8477,6551,1
8478,5310,1
8479,10146,1
8480,1899,1
8481,6465,1
8482,5944,1
8483,8940,1
8484,2096,1
8485,156,1
8486,8827,1
8487,5656,1
8488,6009,1
8488,10272,2
8489,2422,1
8490,7497,1
8491,3423,1
8491,3345,2
8491,10502,3
8492,6395,1
8492,6589,2
8492,3051,3
8492,8,4
8493,6114,1
8494,11261,1
8495,5817,1
8495,686,2
8496,9430,1
8497,6997,1
8498,2867,1
8498,983,2
8498,8323,3
8498,5870,4
8499,9956,1
8499,9587,2
8500,8762,1
8501,2525,1
8502,2244,1
8503,2876,1
8504,6822,1
8505,6481,1
8506,8399,1
8507,8709,1
8508,5236,1
8509,9224,1
8509,6577,2
8510,2486,1
8511,6981,1
8512,3765,1
8513,7480,1
8514,3491,1
8515,3861,1
8516,6780,1
8517,2465,1
8518,5079,1
8519,4828,1
8520,6606,1
8521,2465,1
8522,204,1
8523,9370,1
8524,9251,1
8525,3299,1
8526,3965,1
8527,6692,1
8528,10298,1
8529,1147,1
8530,3757,1
8531,3722,1
8531,2884,2
8531,2675,3
8532,9158,1
8533,10988,1
8534,6823,1
8535,1769,1
8536,8830,1
8537,2477,1
8538,10699,1
8539,9340,1
8539,9498,2
8539,6131,3
8539,7448,4
8540,348,1
8540,8099,2
8540,760,3
8540,6357,4
8541,6955,1
8541,9637,2
8541,7570,3
8541,8558,4
8542,1292,1
8542,6087,2
8542,9755,3
8542,4069,4
8543,3912,1
8543,2169,2
8543,6343,3
8543,7538,4
8544,4212,1
8545,6509,1
8546,8007,1
8547,6925,1
8548,6831,1
8549,4167,1
8550,4341,1
8551,2424,1
8552,960,1
8553,9759,1
8554,10332,1
8555,671,1
8556,6299,1
8557,10949,1
8558,3841,1
8559,2881,1
8560,3845,1
8561,8204,1
8562,8813,1
8563,6306,1
8564,8764,1
8565,564,1
8566,3697,1
8567,10915,1
8567,9382,2
8567,10953,3
8567,1315,4
8568,1155,1
8569,6382,1
8569,2393,2
8569,1712,3
8570,4962,1
8571,4802,1
8572,3413,1
8572,11041,2
8572,4161,3
8573,9122,1
8574,9666,1
8574,680,2
8574,8117,3
8574,11004,4
8575,4322,1
8575,1232,2
8575,4329,3
8575,9473,4
8576,2343,1
8577,6193,1
8578,5511,1
8579,6294,1
8579,6295,2
8579,5558,3
8580,4861,1
8581,2408,1
8582,1071,1
8583,1920,1
8584,9197,1
8585,653,1
8586,6106,1
8587,6102,1
8588,3233,1
8589,7429,1
8590,10590,1
8591,1022,1
8592,9221,1
8593,1147,1
8594,3419,1
8595,7651,1
8595,10020,2
8596,5936,1
8597,8629,1
8597,6582,2
8598,4011,1
8599,8193,1
8599,8657,2
8600,422,1
8601,5510,1
8601,5866,2
8601,7521,3
8601,2508,4
8602,11072,1
8602,11300,2
8603,9398,1
8604,4905,1
8605,5677,1
8606,450,1
8606,535,2
8606,10670,3
8606,9958,4
8607,6441,1
8608,10155,1
8608,9811,2
8608,829,3
8609,9498,1
8609,7448,2
8609,6133,3
8609,72,4
8610,2036,1
8610,3232,2
8610,16,3
8610,6033,4
8611,5630,1
8611,9015,2
8612,5849,1
8612,3346,2
8612,7356,3
8613,6820,1
8614,8935,1
8614,5990,2
8615,308,1
8616,7325,1
8616,8001,2
8617,2684,1
8618,8678,1
8619,8776,1
8620,3783,1
8621,7088,1
8622,6250,1
8623,1423,1
8623,10032,2
8624,7425,1
8625,7697,1
8626,3286,1
8626,6956,2
8627,7335,1
8628,4081,1
8629,11287,1
8629,3706,2
8629,5224,3
8629,11229,4
8630,9222,1
8631,7811,1
8631,3079,2
8631,3703,3
8632,361,1
8633,8143,1
8634,10062,1
8634,11339,2
8634,8890,3
8635,10134,1
8636,6058,1
8637,8892,1
8637,1691,2
8637,3470,3
8638,538,1
8639,9069,1
8639,10880,2
8640,523,1
8641,10412,1
8642,276,1
8643,435,1
8644,11253,1
8645,7258,1
8645,7255,2
8646,8555,1
8646,8369,2
8646,9591,3
8646,6632,4
8647,7102,1
8647,8794,2
8648,5612,1
8649,8233,1
8650,2191,1
8651,10738,1
8652,11111,1
8652,9329,2
8653,3929,1
8654,8457,1
8655,279,1
8655,5982,2
8655,6919,3
8656,2120,1
8657,4795,1
8657,10010,2
8657,9105,3
8657,8800,4
8658,4542,1
8658,5287,2
8658,4540,3
8659,7546,1
8660,1006,1
8661,2734,1
8662,11038,1
8662,4051,2
8662,3603,3
8663,7700,1
8664,7193,1
8665,3922,1
8666,6631,1
8666,7589,2
8667,2059,1
8667,2422,2
8668,9448,1
8669,9193,1
8669,6885,2
8670,8772,1
8671,1155,1
8672,3535,1
8673,7837,1
8673,8590,2
8673,9722,3
8674,10127,1
8674,5141,2
8674,11347,3
8675,1234,1
8676,11151,1
8676,5174,2
8677,10901,1
8678,3569,1
8679,8073,1
8679,8093,2
8680,8579,1
8681,10900,1
8681,1826,2
8682,2966,1
8682,9367,2
8683,3928,1
8684,5573,1
8685,638,1
8686,1602,1
8687,5695,1
8688,3282,1
8689,7107,1
8690,2126,1
8691,2422,1
8692,8833,1
8693,2156,1
8694,10278,1
8695,3812,1
8696,3627,1
8696,4076,2
8697,5816,1
8698,8458,1
8698,3873,2
8699,3006,1
8700,4674,1
8700,5648,2
8700,7603,3
8700,10708,4
8701,3068,1
8701,9294,2
8702,1962,1
8703,5359,1
8704,8575,1
8704,2474,2
8704,7878,3
8704,7854,4
8705,4309,1
8706,3267,1
8707,5980,1
8707,7316,2
8708,7066,1
8709,8434,1
8710,4684,1
8711,9964,1
8712,3182,1
8713,577,1
8713,4332,2
8714,10395,1
8715,9164,1
8715,10825,2
8715,11197,3
8716,3996,1
8716,8028,2
8717,1781,1
8718,6315,1
8718,9649,2
8718,10105,3
8719,4301,1
8720,8449,1
8720,7729,2
8721,3408,1
8722,7095,1
8723,5978,1
8723,7302,2
8724,4543,1
8725,10854,1
8725,10853,2
8725,5447,3
8726,11330,1
8726,11329,2
8727,11055,1
8727,10831,2
8727,4654,3
8727,10774,4
8728,8046,1
8729,6777,1
8730,2717,1
8730,2716,2
8730,2806,3
8730,5880,4
8731,7775,1
8732,7276,1
8733,8598,1
8733,5678,2
8734,9836,1
8735,10097,1
8735,3079,2
8735,8727,3
8736,6340,1
8737,6464,1
8738,365,1
8739,11288,1
8739,11295,2
8739,1647,3
8740,4654,1
8740,11320,2
8740,9670,3
8741,9050,1
8742,10864,1
8743,7987,1
8744,6682,1
8745,5670,1
8746,2408,1
8747,2341,1
8747,7188,2
8748,5591,1
8749,10262,1
8750,1284,1
8751,10589,1
8752,8028,1
8752,3996,2
8753,9480,1
8753,1812,2
8754,2032,1
8755,10878,1
8756,10984,1
8757,2565,1
8758,8878,1
8759,9376,1
8760,4203,1
8761,9706,1
8761,8436,2
8762,3187,1
8762,5581,2
8763,7812,1
8764,3199,1
8764,10191,2
8764,6918,3
8765,8528,1
8766,7117,1
8767,7044,1
8768,5589,1
8768,305,2
8769,7191,1
8770,9712,1
8771,4757,1
8772,1355,1
8773,10267,1
8774,666,1
8774,8047,2
8775,6402,1
8776,601,1
8777,8347,1
8778,7644,1
8778,1770,2
8779,8808,1
8779,9491,2
8779,1287,3
8779,7054,4
8780,11341,1
8781,732,1
8781,10215,2
8782,269,1
8782,2778,2
8783,6546,1
8784,8498,1
8785,5510,1
8786,9271,1
8787,1378,1
8788,8393,1
8789,10940,1
8790,905,1
8790,428,2
8791,3282,1
8791,4292,2
8791,9823,3
8792,3439,1
8793,6833,1
8793,8795,2
8794,1042,1
8795,662,1
8796,2300,1
8797,1269,1
8798,7728,1
8798,2247,2
8799,8330,1
8799,4063,2
8800,3412,1
8801,2340,1
8802,1349,1
8803,4871,1
8804,3610,1
8804,3708,2
8805,179,1
8806,5584,1
8806,5133,2
8807,2964,1
8808,268,1
8809,10579,1
8810,8779,1
8810,3549,2
8811,6893,1
8812,1818,1
8812,2206,2
8813,8877,1
8814,557,1
8815,9104,1
8815,10186,2
8815,3231,3
8816,3444,1
8816,3300,2
8817,5608,1
8818,11061,1
8818,9578,2
8819,5230,1
8820,5580,1
8820,4914,2
8821,2266,1
8822,4929,1
8822,6058,2
8823,9254,1
8823,6132,2
8823,7508,3
8824,9986,1
8825,7976,1
8826,3531,1
8827,5467,1
8828,9635,1
8829,8570,1
8830,2159,1
8831,9407,1
8832,7529,1
8833,551,1
8833,6679,2
8834,1332,1
8834,2549,2
8834,9555,3
8835,205,1
8836,9167,1
8837,6615,1
8837,5747,2
8837,275,3
8838,1701,1
8839,5395,1
8840,2047,1
8841,5965,1
8842,8296,1
8843,1899,1
8844,160,1
8845,4905,1
8846,1354,1
8847,2853,1
8848,9911,1
8849,11286,1
8849,6383,2
8849,10819,3
8849,2600,4
8850,7714,1
8850,1146,2
8851,11200,1
8851,10785,2
8852,1903,1
8853,4108,1
8854,3634,1
8854,1170,2
8854,9789,3
8855,1634,1
8856,4991,1
8857,10130,1
8858,9521,1
8859,10306,1
8860,10550,1
8861,7375,1
8862,3624,1
8863,4613,1
8864,2162,1
8864,5335,2
8864,3058,3
8865,5213,1
8865,1640,2
8866,10455,1
8867,4785,1
8867,9492,2
8868,11244,1
8869,8337,1
8870,7755,1
8871,3812,1
8872,10473,1
8872,3190,2
8872,3248,3
8873,10663,1
8873,11316,2
8873,3885,3
8874,3874,1
8874,8850,2
8874,9304,3
8875,10292,1
8876,10252,1
8877,9189,1
8877,6770,2
8878,6367,1
8878,11304,2
8878,1198,3
8879,3078,1
8880,10577,1
8880,4780,2
8880,2992,3
8881,10992,1
8881,4078,2
8881,11076,3
8882,5903,1
8882,5279,2
8883,1964,1
8884,5224,1
8885,9293,1
8885,5458,2
8885,8742,3
8886,10490,1
8887,10063,1
8888,876,1
8889,10061,1
8889,7855,2
8889,3077,3
8890,8572,1
8891,10553,1
8892,5544,1
8893,5566,1
8894,777,1
8895,1383,1
8896,10990,1
8897,2657,1
8898,2247,1
8898,658,2
8899,3556,1
8900,1950,1
8901,10108,1
8901,4114,2
8902,1637,1
8902,716,2
8903,6930,1
8904,6971,1
8905,4859,1
8906,7250,1
8906,8995,2
8906,2384,3
8907,5113,1
8907,386,2
8908,7215,1
8909,8875,1
8910,8199,1
8911,1708,1
8912,2210,1
8912,8613,2
8913,1743,1
8913,1015,2
8913,3969,3
8914,7866,1
8915,5754,1
8915,2118,2
8916,10881,1
8916,198,2
8917,6508,1
8917,3456,2
8918,1112,1
8919,575,1
8920,6931,1
8920,6400,2
8921,1258,1
8921,6712,2
8922,7701,1
8923,8824,1
8923,237,2
8923,7658,3
8923,3696,4
8924,6049,1
8924,6548,2
8924,7760,3
8924,6638,4
8925,7196,1
8926,2271,1
8927,2129,1
8928,2316,1
8928,1500,2
8928,7219,3
8928,7300,4
8929,10689,1
8930,3952,1
8930,10245,2
8930,2991,3
8931,4160,1
8931,10823,2
8931,10829,3
8932,7801,1
8933,7328,1
8934,10007,1
8934,163,2
8935,7036,1
8936,5869,1
8936,11187,2
8937,2136,1
8938,3786,1
8939,10877,1
8939,8435,2
8939,8725,3
8940,7744,1
8940,1431,2
8941,5939,1
8941,11205,2
8941,11119,3
8942,8487,1
8943,3773,1
8944,10364,1
8944,5895,2
8944,10343,3
8945,4753,1
8945,324,2
8945,470,3
8945,323,4
8946,3936,1
8947,9671,1
8948,7359,1
8948,2034,2
8948,7377,3
8949,128,1
8949,1184,2
8949,10746,3
8950,5431,1
8951,5052,1
8951,10535,2
8952,179,1
8953,10209,1
8954,6636,1
8955,5724,1
8955,6344,2
8956,1316,1
8957,921,1
8958,5490,1
8959,2097,1
8960,9132,1
8960,11338,2
8960,10328,3
8960,4142,4
8960,11342,5
8960,6662,6
8961,5827,1
8962,4186,1
8962,10547,2
8963,747,1
8964,2923,1
8965,7936,1
8966,440,1
8967,4812,1
8968,5370,1
8968,331,2
8968,6284,3
8968,1625,4
8969,10972,1
8969,222,2
8970,9775,1
8971,9216,1
8972,9932,1
8973,9802,1
8974,3540,1
8975,8636,1
8976,145,1
8977,8998,1
8978,8978,1
8978,6281,2
8979,9579,1
8980,2625,1
8980,6642,2
8981,7292,1
8982,3559,1
8983,4156,1
8984,6804,1
8985,15,1
8986,4697,1
8987,2974,1
8988,1955,1
8989,9589,1
8990,10391,1
8990,10341,2
8991,4852,1
8992,5740,1
8993,10243,1
8994,2188,1
8995,7220,1
8996,949,1
8996,822,2
8996,7492,3
8996,390,4
8997,5389,1
8997,5998,2
8998,6308,1
8999,3526,1
9000,5221,1
9001,1633,1
9001,2622,2
9001,1538,3
9002,6940,1
9002,6716,2
9002,527,3
9002,265,4
9003,4882,1
9004,5053,1
9005,4846,1
9006,7802,1
9007,1187,1
9008,8120,1
9009,11174,1
9009,3723,2
9010,6879,1
9011,11121,1
9011,1394,2
9011,2484,3
9012,3761,1
9012,8256,2
9012,3944,3
9013,4049,1
9013,7264,2
9014,4447,1
9015,9748,1
9016,9606,1
9017,7788,1
9017,8590,2
9017,5495,3
9018,2102,1
9018,6601,2
9018,517,3
9018,10606,4
9019,6895,1
9020,6655,1
9021,11186,1
9021,10871,2
9022,3360,1
9023,3871,1
9024,9930,1
9025,6288,1
9026,5324,1
9027,5240,1
9028,10794,1
9029,7282,1
9029,8496,2
9030,1752,1
9031,9502,1
9032,3760,1
9033,3371,1
9034,11345,1
9035,11212,1
9036,1815,1
9037,3662,1
9037,1814,2
9038,3258,1
9039,4672,1
9040,5805,1
9041,1414,1
9041,6683,2
9042,4058,1
9043,4302,1
9044,697,1
9044,6852,2
9044,8781,3
9044,397,4
9045,8336,1
9046,2707,1
9047,9211,1
9047,2819,2
9047,10560,3
9048,6630,1
9049,670,1
9050,7275,1
9050,2928,2
9051,8207,1
9051,11123,2
9052,10154,1
9053,10636,1
9053,10630,2
9053,10928,3
9054,5272,1
9054,734,2
9055,402,1
9056,5222,1
9057,2041,1
9057,2805,2
9058,8442,1
9058,8201,2
9059,5588,1
9060,3331,1
9060,8024,2
9060,8979,3
9061,1857,1
9061,1856,2
9061,6785,3
9061,1858,4
9062,7229,1
9063,5145,1
9063,5155,2
9064,1765,1
9065,6519,1
9066,808,1
9067,7133,1
9068,5723,1
9069,5483,1
9070,10305,1
9070,1106,2
9070,5645,3
9070,8507,4
9071,6296,1
9072,126,1
9073,3122,1
9074,4861,1
9075,7107,1
9076,646,1
9076,4614,2
9077,4470,1
9078,5214,1
9078,7430,2
9078,11180,3
9079,1649,1
9079,501,2
9079,6499,3
9079,5935,4
9080,6698,1
9080,8338,2
9081,10757,1
9081,10014,2
9081,8615,3
9081,7016,4
9082,2469,1
9082,371,2
9083,8497,1
9084,9339,1
9085,10852,1
9085,10688,2
9085,3709,3
9085,2628,4
9086,5910,1
9086,9110,2
9087,4158,1
9088,62,1
9089,3999,1
9090,8982,1
9091,1683,1
9092,766,1
9092,168,2
9093,1373,1
9094,4136,1
9095,9732,1
9095,1196,2
9095,1813,3
9095,3219,4
9096,2370,1
9096,130,2
9096,10158,3
9097,782,1
9098,2364,1
9098,2683,2
9099,5926,1
9100,3349,1
9100,8297,2
9101,6771,1
9101,9126,2
9102,3959,1
9103,9627,1
9104,9711,1
9105,4911,1
9105,9901,2
9106,10828,1
9106,3456,2
9106,5265,3
9106,5210,4
9107,9200,1
9107,3409,2
9108,11065,1
9108,11281,2
9108,5749,3
9109,5857,1
9109,6557,2
9110,7160,1
9111,10501,1
9112,8110,1
9112,1840,2
9113,3336,1
9113,5741,2
9114,10232,1
9114,1796,2
9114,8184,3
9115,762,1
9116,9486,1
9117,11343,1
9117,4123,2
9117,6503,3
9117,9313,4
9118,3798,1
9119,6884,1
9120,4642,1
9120,8443,2
9120,3932,3
9121,484,1
9122,2713,1
9122,10036,2
9122,5118,3
9123,10991,1
9124,338,1
9125,9684,1
9126,1429,1
9126,1026,2
9127,7800,1
9128,1632,1
9129,8224,1
9130,2682,1
9131,3466,1
9132,1305,1
9133,4289,1
9134,3024,1
9135,2380,1
9136,3440,1
9137,5049,1
9137,10872,2
9137,8625,3
9137,6469,4
9138,3451,1
9138,9790,2
9139,1365,1
9140,5190,1
9141,6268,1
9142,2660,1
9143,381,1
9143,4895,2
9144,4854,1
9145,6722,1
9146,7992,1
9146,6736,2
9146,8105,3
9147,3725,1
9147,510,2
9148,6225,1
9149,11133,1
9150,2469,1
9151,8658,1
9152,6066,1
9153,9078,1
9153,3366,2
9154,6214,1
9154,9698,2
9154,7695,3
9155,8723,1
9156,9096,1
9156,6358,2
9157,2520,1
9158,1900,1
9159,10041,1
9160,9040,1
9160,4765,2
9161,10910,1
9161,9887,2
9161,609,3
9161,3140,4
9162,3060,1
9163,8248,1
9163,906,2
9164,248,1
9165,2811,1
9166,6772,1
9167,5545,1
9167,4791,2
9167,5185,3
9168,9288,1
9169,6497,1
9170,6453,1
9171,2253,1
9172,1254,1
9173,9069,1
9174,1726,1
9175,6398,1
9176,6497,1
9177,2174,1
9178,4965,1
9179,10096,1
9179,3069,2
9179,8961,3
9180,3212,1
9181,9430,1
9181,6230,2
9182,8699,1
9183,508,1
9184,9835,1
9185,657,1
9186,4239,1
9187,5061,1
9188,6479,1
9188,7026,2
9189,10227,1
9190,958,1
9191,6832,1
9191,6983,2
9192,3078,1
9193,10360,1
9193,2719,2
9194,5032,1
9195,4992,1
9196,8419,1
9197,7980,1
9198,8924,1
9199,9906,1
9200,2273,1
9201,6129,1
9202,1211,1
9202,1174,2
9203,4088,1
9204,2510,1
9205,9321,1
9206,6129,1
9207,2202,1
9208,9043,1
9209,10178,1
9209,8108,2
9209,3855,3
9210,10264,1
9211,8267,1
9212,9400,1
9213,4917,1
9214,2796,1
9215,2372,1
9216,6282,1
9217,10766,1
9218,2900,1
9219,9932,1
9220,1899,1
9221,4797,1
9221,2888,2
9222,5759,1
9223,10342,1
9224,2705,1
9225,7205,1
9226,9489,1
9226,10893,2
9227,9338,1
9228,10623,1
9229,3539,1
9230,10329,1
9231,6191,1
9232,9677,1
9233,8763,1
9234,4513,1
9234,809,2
9234,7339,3
9235,5259,1
9235,9189,2
9235,681,3
9236,11040,1
9237,3877,1
9237,4172,2
9237,6097,3
9237,2843,4
9238,228,1
9238,67,2
9238,4742,3
9239,5526,1
9240,639,1
9241,5616,1
9242,1311,1
9243,4867,1
9244,5356,1
9244,3351,2
9245,2539,1
9246,7408,1
9246,7051,2
9246,8370,3
9247,8858,1
9248,4953,1
9249,9633,1
9250,2858,1
9250,7227,2
9251,9699,1
9252,4090,1
9252,524,2
9253,11249,1
9254,1654,1
9255,4345,1
9256,8300,1
9256,6265,2
9256,9355,3
9257,5479,1
9258,3042,1
9259,7897,1
9260,283,1
9260,5528,2
9261,9409,1
9262,1390,1
9263,7411,1
9263,6134,2
9264,2731,1
9265,2583,1
9266,747,1
9266,2898,2
9267,9788,1
9268,3705,1
9269,1804,1
9270,9621,1
9270,6071,2
9270,1142,3
9270,989,4
9271,1956,1
9271,3839,2
9272,11214,1
9272,242,2
9273,3455,1
9273,7813,2
9273,8360,3
9273,8396,4
9274,6487,1
9274,5856,2
9274,7396,3
9275,7409,1
9275,3207,2
9276,6168,1
9276,7353,2
9277,1149,1
9278,7496,1
9279,4175,1
9280,430,1
9281,3929,1
9282,747,1
9283,4953,1
9284,1913,1
9284,9406,2
9285,7039,1
9286,8702,1
9287,10961,1
9288,208,1
9289,6968,1
9290,11181,1
9290,5205,2
9291,2886,1
9292,7871,1
9292,9204,2
9293,607,1
9294,10997,1
9295,7293,1
9296,3623,1
9296,2720,2
9296,7309,3
9296,2423,4
9297,6104,1
9298,10432,1
9299,2678,1
9300,7726,1
9301,5035,1
9302,10971,1
9303,10342,1
9303,6397,2
9304,627,1
9305,4146,1
9306,8299,1
9307,3648,1
9308,5490,1
9308,4935,2
9309,11092,1
9310,3808,1
9310,1388,2
9310,7973,3
9311,9705,1
9311,7538,2
9312,2079,1
9312,3906,2
9312,8321,3
9312,3094,4
9313,3948,1
9314,9182,1
9314,3262,2
9315,9598,1
9315,1513,2
9316,868,1
9317,3497,1
9317,6937,2
9318,171,1
9319,5783,1
9320,3228,1
9320,2412,2
9321,173,1
9322,10283,1
9323,638,1
9323,7505,2
9323,4652,3
9323,2197,4
9324,2909,1
9324,11237,2
9324,7710,3
9325,9459,1
9325,9302,2
9326,9276,1
9326,1939,2
9326,8256,3
9326,2663,4
9327,3637,1
9327,6388,2
9327,6746,3
9327,5039,4
9328,3065,1
9328,2913,2
9328,6663,3
9329,6193,1
9329,11045,2
9329,10543,3
9330,10782,1
9331,1178,1
9332,112,1
9333,1426,1
9333,1422,2
9334,5490,1
9335,4928,1
9335,1601,2
9336,8301,1
9336,7087,2
9336,7723,3
9336,1707,4
9337,3166,1
9337,31,2
9338,10950,1
9339,3929,1
9340,3454,1
9341,7150,1
9342,5,1
9342,11221,2
9342,4112,3
9342,6944,4
9343,8493,1
9343,6817,2
9344,3129,1
9345,8341,1
9346,4201,1
9347,5823,1
9348,1124,1
9349,7999,1
9350,8725,1
9351,11343,1
9351,532,2
9351,4123,3
9351,6488,4
9352,7839,1
9352,1077,2
9352,9333,3
9352,530,4
9353,6953,1
9353,7059,2
9354,6756,1
9354,1410,2
9354,651,3
9354,7347,4
9355,7960,1
9356,3632,1
9356,9730,2
9356,3304,3
9357,1837,1
9357,3733,2
9357,9695,3
9358,9032,1
9359,8671,1
9360,3613,1
9360,11071,2
9360,3795,3
9361,10617,1
9362,383,1
9363,7459,1
9363,1176,2
9364,1153,1
9364,6549,2
9364,10664,3
9364,9563,4
9365,6573,1
9365,8630,2
9366,3132,1
9366,3707,2
9366,2856,3
9367,9183,1
9368,9310,1
9369,1744,1
9369,1791,2
9370,7348,1
9370,6701,2
9370,7010,3
9371,816,1
9371,6276,2
9371,7539,3
9372,3982,1
9373,7497,1
9374,9043,1
9375,7906,1
9375,580,2
9376,3734,1
9377,9404,1
9378,7629,1
9379,3561,1
9379,1608,2
9379,9854,3
9379,9068,4
9380,3230,1
9381,7594,1
9381,9378,2
9381,6945,3
9382,9551,1
9382,7780,2
9382,294,3
9383,10404,1
9383,6232,2
9384,5452,1
9385,1836,1
9385,858,2
9386,9553,1
9386,5999,2
9387,969,1
9388,1366,1
9389,938,1
9390,10004,1
9390,3455,2
9391,9387,1
9391,4334,2
9391,4620,3
9392,2422,1
9393,446,1
9393,628,2
9394,5560,1
9395,9330,1
9395,851,2
9396,5960,1
9396,2007,2
9397,9181,1
9397,7879,2
9398,10373,1
9399,10755,1
9399,735,2
9400,7632,1
9400,6290,2
9400,11127,3
9400,1219,4
9401,8369,1
9401,9284,2
9402,7923,1
9402,2988,2
9402,883,3
9403,3718,1
9403,8394,2
9404,5810,1
9404,9206,2
9404,8459,3
9405,7015,1
9406,8898,1
9406,5203,2
9406,6151,3
9406,10665,4
9407,6445,1
9408,3754,1
9409,10425,1
9409,9562,2
9409,1661,3
9410,2565,1
9411,9006,1
9412,11115,1
9413,2277,1
9414,9433,1
9415,86,1
9416,659,1
9416,8070,2
9416,5249,3
9417,8340,1
9418,1739,1
9418,2176,2
9419,1560,1
9419,10887,2
9420,3116,1
9421,1358,1
9422,10534,1
9422,534,2
9422,9966,3
9422,6248,4
9423,1386,1
9424,8694,1
9425,7693,1
9425,4605,2
9426,4500,1
9427,3925,1
9428,9156,1
9429,1192,1
9429,1534,2
9429,5253,3
9430,7467,1
9431,6899,1
9432,7100,1
9432,5736,2
9432,991,3
9432,2907,4
9433,7734,1
9433,8912,2
9433,5951,3
9433,7383,4
9434,7707,1
9435,1944,1
9436,7718,1
9436,744,2
9436,8244,3
9436,6461,4
9437,5835,1
9438,4292,1
9438,2511,2
9438,10910,3
9438,3140,4
9439,9721,1
9440,3999,1
9441,138,1
9442,5716,1
9443,2768,1
9444,3715,1
9445,5874,1
9446,8425,1
9446,4134,2
9446,11084,3
9446,5260,4
9447,1643,1
9447,11224,2
9447,11131,3
9447,8418,4
9448,5763,1
9448,3396,2
9448,4184,3
9448,11319,4
9449,57,1
9450,4931,1
9451,7014,1
9452,2095,1
9452,474,2
9452,5226,3
9453,2184,1
9453,10842,2
9454,505,1
9454,3635,2
9454,7471,3
9455,1498,1
9455,5684,2
9455,2257,3
9455,7537,4
9456,4282,1
9457,2525,1
9457,1451,2
9458,9753,1
9459,8391,1
9460,10100,1
9461,7380,1
9462,5057,1
9463,8049,1
9464,1416,1
9465,11341,1
9466,2344,1
9467,4856,1
9468,3927,1
9469,615,1
9469,2790,2
9469,7844,3
9470,8130,1
9471,3950,1
9472,6675,1
9473,10269,1
9474,7477,1
9475,2516,1
9476,5318,1
9477,7974,1
9478,2735,1
9479,7034,1
9479,6083,2
9480,5515,1
9480,5442,2
9480,2722,3
9481,4348,1
9482,9609,1
9482,351,2
9482,2590,3
9482,3802,4
9483,6361,1
9483,5375,2
9483,8150,3
9484,11137,1
9484,7722,2
9485,196,1
9486,730,1
9486,9460,2
9486,7967,3
9487,10923,1
9488,6219,1
9489,819,1
9489,7612,2
9490,5677,1
9490,1346,2
9490,8514,3
9490,7731,4
9491,3297,1
9492,550,1
9492,3000,2
9493,2797,1
9494,8094,1
9494,10448,2
9494,5647,3
9494,2596,4
9495,6618,1
9495,6178,2
9496,10768,1
9497,9865,1
9498,4647,1
9499,1559,1
9500,2537,1
9501,10337,1
9502,1872,1
9502,9179,2
9503,7522,1
9504,1082,1
9505,8488,1
9506,2777,1
9507,5109,1
9508,9311,1
9509,179,1
9510,1746,1
9510,767,2
9511,8922,1
9512,6420,1
9513,7954,1
9514,7012,1
9514,8532,2
9514,7818,3
9514,387,4
9515,8383,1
9516,4185,1
9517,1929,1
9518,6356,1
9519,7609,1
9519,4082,2
9520,4878,1
9521,925,1
9522,3081,1
9522,6886,2
9522,11325,3
9523,867,1
9523,3426,2
9523,10467,3
9524,3942,1
9524,3791,2
9525,1607,1
9526,5206,1
9527,254,1
9527,176,2
9527,4755,3
9527,10811,4
9528,5631,1
9529,9218,1
9529,7575,2
9530,8942,1
9531,3377,1
9531,5780,2
9531,7393,3
9532,1682,1
9532,10810,2
9533,3664,1
9534,10458,1
9535,10353,1
9536,2895,1
9537,7845,1
9538,11324,1
9539,1137,1
9540,9111,1
9540,7001,2
9541,3145,1
9541,10112,2
9542,3801,1
9542,1375,2
9542,3833,3
9543,6366,1
9543,11120,2
9544,11187,1
9545,11270,1
9545,11271,2
9545,6732,3
9546,4267,1
9546,3852,2
9546,4207,3
9547,685,1
9548,7395,1
9548,7308,2
9548,7715,3
9548,945,4
9549,7513,1
9550,5033,1
9550,5920,2
9551,1208,1
9552,2770,1
9552,6240,2
9553,1620,1
9554,5678,1
9554,9111,2
9555,9916,1
9556,10289,1
9557,4517,1
9558,20,1
9558,9195,2
9558,3414,3
9559,5651,1
9559,3306,2
9559,10171,3
9560,6448,1
9561,4956,1
9562,1995,1
9563,878,1
9564,4691,1
9565,7762,1
9566,5472,1
9567,10325,1
9568,10748,1
9569,9802,1
9570,5152,1
9571,8061,1
9572,11198,1
9573,5496,1
9574,6668,1
9574,2946,2
9574,8262,3
9575,4816,1
9576,11279,1
9577,9977,1
9577,9986,2
9578,6490,1
9579,1310,1
9580,8192,1
9581,10151,1
9582,6233,1
9583,2675,1
9584,4449,1
9585,259,1
9586,7378,1
9586,4787,2
9587,9933,1
9588,6199,1
9588,3854,2
9589,11258,1
9590,2849,1
9590,7342,2
9591,5441,1
9592,6541,1
9592,7764,2
9593,3641,1
9594,6636,1
9595,1861,1
9595,8236,2
9595,2560,3
9595,1483,4
9596,2334,1
9596,8594,2
9597,9792,1
9598,5305,1
9599,5280,1
9600,8664,1
9601,10920,1
9601,10905,2
9601,3565,3
9602,10265,1
9603,8152,1
9604,2003,1
9605,9263,1
9606,7214,1
9607,2762,1
9608,6293,1
9609,7048,1
9610,2710,1
9611,3489,1
9612,5868,1
9613,2219,1
9614,9308,1
9615,3776,1
9616,10432,1
9617,9592,1
9618,7146,1
9619,488,1
9620,9845,1
9620,4673,2
9621,6684,1
9621,6214,2
9622,2922,1
9623,5993,1
9623,6892,2
9624,5318,1
9625,7125,1
9626,1517,1
9627,4790,1
9628,7132,1
9629,3510,1
9630,1659,1
9631,8220,1
9632,3049,1
9633,706,1
9634,3054,1
9635,7152,1
9636,6372,1
9637,1127,1
9638,747,1
9638,1657,2
9639,7506,1
9640,9005,1
9641,9840,1
9642,4823,1
9643,4983,1
9643,320,2
9644,4228,1
9645,2905,1
9645,5009,2
9645,10356,3
9645,8590,4
9646,1404,1
9646,2051,2
9646,53,3
9647,4143,1
9648,4143,1
9649,4143,1
9650,2601,1
9650,10470,2
9651,7497,1
9652,2534,1
9653,583,1
9654,5846,1
9654,3914,2
9654,429,3
9654,9662,4
9655,5814,1
9656,5176,1
9657,6756,1
9658,6073,1
9659,606,1
9659,2645,2
9660,4675,1
9661,7609,1
9662,5716,1
9663,974,1
9663,10026,2
9664,4966,1
9665,10337,1
9666,783,1
9667,428,1
9667,9252,2
9668,8494,1
9668,2764,2
9669,722,1
9670,8673,1
9670,4116,2
9670,225,3
9670,11241,4
9671,3732,1
9672,9586,1
9673,9783,1
9674,10620,1
9675,9588,1
9676,570,1
9677,4028,1
9678,7677,1
9679,5457,1
9680,747,1
9681,9952,1
9681,9210,2
9682,179,1
9683,5005,1
9684,3960,1
9685,7751,1
9685,8213,2
9686,8362,1
9687,8002,1
9688,5720,1
9689,8543,1
9690,3013,1
9691,5841,1
9692,1377,1
9693,7568,1
9694,9009,1
9695,4882,1
9696,7647,1
9697,9243,1
9698,6089,1
9699,2029,1
9699,1043,2
9699,6214,3
9699,18,4
9700,1718,1
9701,8346,1
9701,4749,2
9701,2213,3
9701,11349,4
9702,5334,1
9702,4331,2
9702,10160,3
9702,2589,4
9703,1238,1
9703,3206,2
9703,3201,3
9704,6999,1
9704,9364,2
9705,3901,1
9706,1436,1
9707,3318,1
9708,5262,1
9708,4976,2
9708,2577,3
9709,1571,1
9710,520,1
9711,7498,1
9712,5642,1
9713,5754,1
9714,10604,1
9715,5520,1
9716,5466,1
9717,943,1
9717,7075,2
9717,9118,3
9717,1859,4
9718,10311,1
9719,2458,1
9720,7417,1
9721,2374,1
9722,2665,1
9723,7034,1
9724,8962,1
9724,11223,2
9725,5417,1
9725,8150,2
9725,5307,3
9726,3701,1
9727,1104,1
9728,8907,1
9729,10568,1
9730,3082,1
9731,9532,1
9732,3057,1
9732,477,2
9733,4106,1
9734,1670,1
9734,6486,2
9734,2389,3
9734,1097,4
9735,5407,1
9736,5692,1
9737,271,1
9737,10790,2
9738,4169,1
9739,3663,1
9739,340,2
9739,6853,3
9739,7009,4
9740,4238,1
9741,10534,1
9741,534,2
9741,9966,3
9741,6248,4
9742,7597,1
9743,10829,1
9743,4160,2
9743,10823,3
9744,10317,1
9745,882,1
9746,5973,1
9746,7652,2
9747,3676,1
9747,987,2
9748,6919,1
9748,5955,2
9748,6510,3
9748,4975,4
9749,5714,1
9750,9720,1
9751,2161,1
9752,1977,1
9753,10760,1
9753,7672,2
9753,11172,3
9754,4054,1
9754,6139,2
9754,9593,3
9754,3246,4
9755,242,1
9755,6193,2
9755,4952,3
9756,5090,1
9757,5066,1
9758,1734,1
9758,1733,2
9758,1130,3
9759,8031,1
9760,1864,1
9760,7163,2
9760,6668,3
9761,669,1
9761,10530,2
9762,5387,1
9762,8467,2
9763,835,1
9764,2220,1
9765,2450,1
9766,8317,1
9767,9891,1
9768,5793,1
9768,30,2
9769,5020,1
9770,5652,1
9771,8972,1
9772,3467,1
9773,10268,1
9774,9455,1
9775,4604,1
9776,5031,1
9777,566,1
9777,5653,2
9777,10989,3
9777,7200,4
9778,6681,1
9779,9736,1
9779,2350,2
9780,8841,1
9781,3997,1
9782,2022,1
9782,2023,2
9782,2400,3
9782,635,4
9783,2521,1
9784,4127,1
9785,5040,1
9785,2193,2
9786,8241,1
9786,776,2
9787,1751,1
9788,7462,1
9788,7667,2
9788,540,3
9789,1420,1
9789,9207,2
9789,49,3
9790,9116,1
9791,2252,1
9791,5414,2
9792,6691,1
9793,1425,1
9794,9433,1
9795,7005,1
9796,5369,1
9796,2903,2
9797,1367,1
9797,8791,2
9798,1830,1
9799,6860,1
9799,7181,2
9799,10539,3
9800,4950,1
9800,7144,2
9801,2262,1
9801,9923,2
9801,1799,3
9801,7305,4
9802,6149,1
9803,10138,1
9803,11236,2
9803,7036,3
9803,3915,4
9804,4325,1
9804,5908,2
9804,10099,3
9805,5786,1
9805,6139,2
9805,5896,3
9806,409,1
9806,5138,2
9806,380,3
9807,302,1
9807,5982,2
9807,6919,3
9808,1276,1
9809,1380,1
9809,2405,2
9810,10613,1
9811,6608,1
9811,2782,2
9811,504,3
9811,853,4
9812,9190,1
9813,5718,1
9813,6685,2
9813,1940,3
9814,582,1
9814,4607,2
9815,1924,1
9816,6707,1
9816,11187,2
9817,4541,1
9817,4710,2
9817,4676,3
9818,3174,1
9819,3963,1
9820,9885,1
9821,127,1
9821,8453,2
9821,4719,3
9822,5516,1
9823,3352,1
9824,4670,1
9825,6903,1
9826,4411,1
9827,2899,1
9828,3382,1
9828,10071,2
9828,3601,3
9828,1399,4
9829,9761,1
9830,8931,1
9831,6171,1
9831,9731,2
9832,1986,1
9833,2410,1
9833,9428,2
9834,2738,1
9835,10382,1
9836,591,1
9837,10604,1
9838,3631,1
9839,8942,1
9840,3541,1
9841,8870,1
9842,1559,1
9843,5383,1
9844,11344,1
9845,10924,1
9846,6334,1
9846,10114,2
9847,6410,1
9847,5940,2
9847,11152,3
9848,6422,1
9848,10470,2
9849,9054,1
9850,2017,1
9851,8304,1
9852,3453,1
9853,3308,1
9854,4822,1
9854,6706,2
9855,135,1
9856,7553,1
9856,2616,2
9856,1930,3
9856,8357,4
9857,10128,1
9857,10888,2
9857,10286,3
9857,5905,4
9858,6415,1
9859,11230,1
9859,2701,2
9860,9926,1
9860,9308,2
9861,11346,1
9862,7379,1
9863,9965,1
9863,3799,2
9864,1312,1
9865,1807,1
9865,451,2
9866,3596,1
9867,9241,1
9867,6159,2
9867,3665,3
9868,6292,1
9868,11145,2
9868,3827,3
9868,6393,4
9869,533,1
9869,8095,2
9869,5655,3
9870,1767,1
9870,8147,2
9871,2204,1
9871,2870,2
9871,1754,3
9872,511,1
9872,7590,2
9872,10570,3
9873,10141,1
9874,355,1
9874,664,2
9875,2696,1
9875,1643,2
9875,2089,3
9875,10161,4
9876,9972,1
9876,8250,2
9877,9567,1
9878,7898,1
9878,9934,2
9879,11089,1
9879,11308,2
9879,11134,3
9879,5826,4
9880,2141,1
9880,7301,2
9880,3836,3
9881,3528,1
9881,2094,2
9882,583,1
9883,8345,1
9884,1233,1
9884,4744,2
9884,7345,3
9885,6781,1
9886,11289,1
9886,4183,2
9886,11085,3
9886,5836,4
9887,842,1
9888,2190,1
9889,6725,1
9890,6725,1
9891,3552,1
9892,6342,1
9892,5657,2
9893,3535,1
9894,8230,1
9895,3591,1
9896,10857,1
9897,3328,1
9898,3844,1
9899,9209,1
9900,224,1
9901,6338,1
9902,6039,1
9903,7914,1
9903,10602,2
9903,10601,3
9904,6554,1
9905,4043,1
9905,8515,2
9906,5012,1
9907,10077,1
9908,5149,1
9909,7873,1
9910,7859,1
9911,8884,1
9911,5729,2
9911,8871,3
9912,7171,1
9913,2574,1
9914,4632,1
9914,6686,2
9915,3972,1
9916,242,1
9916,1986,2
9916,10978,3
9917,9095,1
9918,8155,1
9919,10583,1
9920,8221,1
9920,6833,2
9921,6326,1
9922,8098,1
9923,1949,1
9924,464,1
9925,7821,1
9926,11143,1
9926,8516,2
9926,9968,3
9927,8397,1
9928,5754,1
9929,8498,1
9930,6032,1
9931,9453,1
9931,4775,2
9931,3655,3
9931,10858,4
9932,4974,1
9932,10002,2
9932,5953,3
9933,7299,1
9934,4736,1
9935,7062,1
9935,1038,2
9935,1109,3
9936,4023,1
9936,7866,2
9936,8195,3
9937,11182,1
9938,5475,1
9939,10894,1
9939,7537,2
9940,1882,1
9941,678,1
9942,4840,1
9942,3457,2
9942,11199,3
9942,4129,4
9943,4840,1
9943,333,2
9943,4190,3
9943,7397,4
9944,6471,1
9944,11203,2
9944,8403,3
9944,8951,4
9945,4362,1
9945,4361,2
9945,2926,3
9946,5585,1
9947,6220,1
9948,1025,1
9949,607,1
9950,5994,1
9950,1508,2
9951,2966,1
9951,9367,2
9952,7281,1
9953,9165,1
9954,460,1
9955,1828,1
9955,1820,2
9955,663,3
9956,1728,1
9957,5511,1
9958,6809,1
9958,9298,2
9959,11091,1
9960,1210,1
9960,256,2
9961,79,1
9962,4634,1
9963,3910,1
9964,10142,1
9965,8797,1
9965,4901,2
9965,2896,3
9965,5824,4
9966,8687,1
9966,5519,2
9967,1680,1
9968,9778,1
9968,11334,2
9969,6475,1
9970,7583,1
9971,6399,1
9972,1942,1
9972,600,2
9973,2633,1
9974,2425,1
9974,7318,2
9975,11261,1
9976,5995,1
9977,2513,1
9978,8127,1
9979,4809,1
9979,1374,2
9979,2266,3
9980,10258,1
9981,3268,1
9981,11271,2
9981,2693,3
9981,3661,4
9982,9371,1
9982,7908,2
9983,1099,1
9984,4149,1
9985,11225,1
9986,9594,1
9986,11153,2
9987,10897,1
9987,1885,2
9987,1800,3
9988,4047,1
9989,5434,1
9989,8386,2
9990,10294,1
9991,632,1
9992,6795,1
9993,4060,1
9994,9123,1
9994,3587,2
9995,2112,1
9996,11203,1
9997,2993,1
9997,1842,2
9998,2163,1
9999,10244,1
10000,8287,1
10001,4404,1
10001,7836,2
10001,1478,3
10002,6095,1
10002,9742,2
10003,9081,1
10004,6092,1
10005,4678,1
10006,3315,1
10007,6052,1
10008,9625,1
10009,5985,1
10009,10181,2
10010,1938,1
10011,6685,1
10012,11028,1
10013,394,1
10014,6218,1
10015,10705,1
10016,5586,1
10017,2237,1
10018,301,1
10019,10246,1
10020,377,1
10020,1700,2
10020,9503,3
10021,4492,1
10022,1226,1
10022,1028,2
10023,4832,1
10024,6750,1
10025,7530,1
10026,618,1
10026,2245,2
10027,8610,1
10028,10866,1
10029,3684,1
10029,10384,2
10029,3227,3
10029,5223,4
10030,10634,1
10031,9442,1
10032,10198,1
10033,1695,1
10034,10723,1
10034,6567,2
10035,1280,1
10035,4772,2
10036,5500,1
10037,3690,1
10038,1011,1
10038,6542,2
10038,4925,3
10039,10486,1
10040,262,1
10041,6591,1
10042,10279,1
10043,1978,1
10044,674,1
10044,6350,2
10044,3332,3
10044,4177,4
10045,279,1
10045,5559,2
10045,6919,3
10046,9469,1
10047,9740,1
10047,9805,2
10048,6210,1
10048,5346,2
10048,11036,3
10049,5588,1
10050,9613,1
10050,9861,2
10050,8653,3
10051,11156,1
10052,10030,1
10053,2397,1
10054,7608,1
10055,3850,1
10056,261,1
10057,2283,1
10058,9790,1
10059,2019,1
10060,9113,1
10061,6562,1
10062,6347,1
10063,6574,1
10064,7509,1
10065,9114,1
10066,10753,1
10067,5459,1
10068,1364,1
10069,10626,1
10069,2509,2
10069,1706,3
10070,8518,1
10070,10612,2
10070,1886,3
10071,9346,1
10071,10375,2
10071,6105,3
10072,9868,1
10073,8212,1
10074,1100,1
10075,223,1
10076,2385,1
10077,6202,1
10078,743,1
10079,5850,1
10080,7581,1
10081,7466,1
10081,5270,2
10081,9561,3
10082,8274,1
10083,9808,1
10083,8821,2
10084,5376,1
10085,7896,1
10086,10231,1
10087,7427,1
10088,1143,1
10088,7650,2
10089,8280,1
10090,2605,1
10091,11069,1
10091,7848,2
10092,986,1
10093,7290,1
10094,490,1
10095,8712,1
10096,8788,1
10097,4687,1
10098,6319,1
10099,4753,1
10099,470,2
10100,11032,1
10101,10341,1
10101,1092,2
10101,1136,3
10102,9256,1
10102,5871,2
10102,7420,3
10103,9622,1
10104,2761,1
10104,169,2
10105,470,1
10105,4833,2
10106,4753,1
10106,470,2
10107,7879,1
10107,10038,2
10108,8748,1
10108,10240,2
10108,6711,3
10108,10739,4
10109,1135,1
10110,7273,1
10111,2043,1
10112,6722,1
10113,4826,1
10114,9885,1
10115,7965,1
10116,4319,1
10116,7571,2
10116,5564,3
10117,1875,1
10118,6192,1
10119,9420,1
