customer_id,customer_name,phone,email,address,register_time,status
1,李明,13800000001,liming@example.com,北京市海淀区学院路1号,2025-10-01 10:00:00,active
2,韩梅梅,13800000002,hanmeimei@example.com,上海市浦东新区花木路8号,2025-10-03 15:30:00,active
3,Tom,13800000003,tom@example.com,北京市朝阳区望京路9号,2025-11-10 09:20:00,inactive
2001,赵思远,13900002001,customer2001@example.com,城市1号示例路1号,2026-01-01 10:00:00,inactive
2002,钱若欣,13900002002,customer2002@example.com,城市2号示例路2号,2026-01-02 10:01:00,active
2003,孙嘉宁,13900002003,customer2003@example.com,城市3号示例路3号,2026-01-03 10:02:00,active
2004,李子墨,13900002004,customer2004@example.com,城市4号示例路4号,2026-01-04 10:03:00,active
2005,周安然,13900002005,customer2005@example.com,城市5号示例路5号,2026-01-05 10:04:00,active
2006,吴景行,13900002006,customer2006@example.com,城市6号示例路6号,2026-01-06 10:05:00,active
2007,郑明桐,13900002007,customer2007@example.com,城市7号示例路7号,2026-01-07 10:06:00,active
2008,王语阳,13900002008,customer2008@example.com,城市8号示例路8号,2026-01-08 10:07:00,active
2009,冯沐辰,13900002009,customer2009@example.com,城市9号示例路9号,2026-01-09 10:08:00,active
2010,陈亦彤,13900002010,customer2010@example.com,城市10号示例路10号,2026-01-10 10:09:00,active
2011,褚可轩,13900002011,customer2011@example.com,城市11号示例路11号,2026-01-11 10:10:00,active
2012,卫书雯,13900002012,customer2012@example.com,城市12号示例路12号,2026-01-12 10:11:00,active
2013,蒋星航,13900002013,customer2013@example.com,城市13号示例路13号,2026-01-13 10:12:00,active
2014,沈晨悦,13900002014,customer2014@example.com,城市14号示例路14号,2026-01-14 10:13:00,active
2015,韩清言,13900002015,customer2015@example.com,城市15号示例路15号,2026-01-15 10:14:00,active
2016,杨雨哲,13900002016,customer2016@example.com,城市16号示例路16号,2026-01-16 10:15:00,active
2017,朱知然,13900002017,customer2017@example.com,城市17号示例路17号,2026-01-17 10:16:00,active
2018,秦向涵,13900002018,customer2018@example.com,城市18号示例路18号,2026-01-18 10:17:00,active
2019,许承禾,13900002019,customer2019@example.com,城市19号示例路19号,2026-01-19 10:18:00,active
2020,何泽远,13900002020,customer2020@example.com,城市20号示例路20号,2026-01-20 10:19:00,active
2021,吕逸欣,13900002021,customer2021@example.com,城市21号示例路21号,2026-01-21 10:20:00,inactive
2022,施思宁,13900002022,customer2022@example.com,城市22号示例路22号,2026-01-22 10:21:00,active
2023,张若墨,13900002023,customer2023@example.com,城市23号示例路23号,2026-01-23 10:22:00,active
2024,孔嘉然,13900002024,customer2024@example.com,城市24号示例路24号,2026-01-24 10:23:00,active
2025,曹子行,13900002025,customer2025@example.com,城市25号示例路25号,2026-01-25 10:24:00,active
2026,严安桐,13900002026,customer2026@example.com,城市26号示例路26号,2026-01-26 10:25:00,active
2027,华景阳,13900002027,customer2027@example.com,城市27号示例路27号,2026-01-27 10:26:00,active
2028,金明辰,13900002028,customer2028@example.com,城市28号示例路28号,2026-01-28 10:27:00,active
2029,魏语彤,13900002029,customer2029@example.com,城市29号示例路29号,2026-01-01 10:28:00,active
2030,陶沐轩,13900002030,customer2030@example.com,城市30号示例路30号,2026-01-02 10:29:00,active
2031,姜亦雯,13900002031,customer2031@example.com,城市1号示例路31号,2026-01-03 10:30:00,active
2032,赵可航,13900002032,customer2032@example.com,城市2号示例路32号,2026-01-04 10:31:00,active
2033,钱书悦,13900002033,customer2033@example.com,城市3号示例路33号,2026-01-05 10:32:00,active
2034,孙星言,13900002034,customer2034@example.com,城市4号示例路34号,2026-01-06 10:33:00,active
2035,李晨哲,13900002035,customer2035@example.com,城市5号示例路35号,2026-01-07 10:34:00,active
2036,周清然,13900002036,customer2036@example.com,城市6号示例路36号,2026-01-08 10:35:00,active
2037,吴雨涵,13900002037,customer2037@example.com,城市7号示例路37号,2026-01-09 10:36:00,active
2038,郑知禾,13900002038,customer2038@example.com,城市8号示例路38号,2026-01-10 10:37:00,active
2039,王向远,13900002039,customer2039@example.com,城市9号示例路39号,2026-01-11 10:38:00,active
2040,冯承欣,13900002040,customer2040@example.com,城市10号示例路40号,2026-01-12 10:39:00,active
2041,陈泽宁,13900002041,customer2041@example.com,城市11号示例路41号,2026-01-13 10:40:00,inactive
2042,褚逸墨,13900002042,customer2042@example.com,城市12号示例路42号,2026-01-14 10:41:00,active
2043,卫思然,13900002043,customer2043@example.com,城市13号示例路43号,2026-01-15 10:42:00,active
2044,蒋若行,13900002044,customer2044@example.com,城市14号示例路44号,2026-01-16 10:43:00,active
2045,沈嘉桐,13900002045,customer2045@example.com,城市15号示例路45号,2026-01-17 10:44:00,active
2046,韩子阳,13900002046,customer2046@example.com,城市16号示例路46号,2026-01-18 10:45:00,active
2047,杨安辰,13900002047,customer2047@example.com,城市17号示例路47号,2026-01-19 10:46:00,active
2048,朱景彤,13900002048,customer2048@example.com,城市18号示例路48号,2026-01-20 10:47:00,active
2049,秦明轩,13900002049,customer2049@example.com,城市19号示例路49号,2026-01-21 10:48:00,active
2050,许语雯,13900002050,customer2050@example.com,城市20号示例路50号,2026-01-22 10:49:00,active
2051,何沐航,13900002051,customer2051@example.com,城市21号示例路51号,2026-01-23 10:50:00,active
2052,吕亦悦,13900002052,customer2052@example.com,城市22号示例路52号,2026-01-24 10:51:00,active
2053,施可言,13900002053,customer2053@example.com,城市23号示例路53号,2026-01-25 10:52:00,active
2054,张书哲,13900002054,customer2054@example.com,城市24号示例路54号,2026-01-26 10:53:00,active
2055,孔星然,13900002055,customer2055@example.com,城市25号示例路55号,2026-01-27 10:54:00,active
2056,曹晨涵,13900002056,customer2056@example.com,城市26号示例路56号,2026-01-28 10:55:00,active
2057,严清禾,13900002057,customer2057@example.com,城市27号示例路57号,2026-01-01 10:56:00,active
2058,华雨远,13900002058,customer2058@example.com,城市28号示例路58号,2026-01-02 10:57:00,active
2059,金知欣,13900002059,customer2059@example.com,城市29号示例路59号,2026-01-03 10:58:00,active
2060,魏向宁,13900002060,customer2060@example.com,城市30号示例路60号,2026-01-04 10:59:00,active
2061,陶承墨,13900002061,customer2061@example.com,城市1号示例路61号,2026-01-05 10:00:00,inactive
2062,姜泽然,13900002062,customer2062@example.com,城市2号示例路62号,2026-01-06 10:01:00,active
2063,赵逸行,13900002063,customer2063@example.com,城市3号示例路63号,2026-01-07 10:02:00,active
2064,钱思桐,13900002064,customer2064@example.com,城市4号示例路64号,2026-01-08 10:03:00,active
2065,孙若阳,13900002065,customer2065@example.com,城市5号示例路65号,2026-01-09 10:04:00,active
2066,李嘉辰,13900002066,customer2066@example.com,城市6号示例路66号,2026-01-10 10:05:00,active
2067,周子彤,13900002067,customer2067@example.com,城市7号示例路67号,2026-01-11 10:06:00,active
2068,吴安轩,13900002068,customer2068@example.com,城市8号示例路68号,2026-01-12 10:07:00,active
2069,郑景雯,13900002069,customer2069@example.com,城市9号示例路69号,2026-01-13 10:08:00,active
2070,王明航,13900002070,customer2070@example.com,城市10号示例路70号,2026-01-14 10:09:00,active
2071,冯语悦,13900002071,customer2071@example.com,城市11号示例路71号,2026-01-15 10:10:00,active
2072,陈沐言,13900002072,customer2072@example.com,城市12号示例路72号,2026-01-16 10:11:00,active
2073,褚亦哲,13900002073,customer2073@example.com,城市13号示例路73号,2026-01-17 10:12:00,active
2074,卫可然,13900002074,customer2074@example.com,城市14号示例路74号,2026-01-18 10:13:00,active
2075,蒋书涵,13900002075,customer2075@example.com,城市15号示例路75号,2026-01-19 10:14:00,active
2076,沈星禾,13900002076,customer2076@example.com,城市16号示例路76号,2026-01-20 10:15:00,active
2077,韩晨远,13900002077,customer2077@example.com,城市17号示例路77号,2026-01-21 10:16:00,active
2078,杨清欣,13900002078,customer2078@example.com,城市18号示例路78号,2026-01-22 10:17:00,active
2079,朱雨宁,13900002079,customer2079@example.com,城市19号示例路79号,2026-01-23 10:18:00,active
2080,秦知墨,13900002080,customer2080@example.com,城市20号示例路80号,2026-01-24 10:19:00,active
2081,许向然,13900002081,customer2081@example.com,城市21号示例路81号,2026-01-25 10:20:00,inactive
2082,何承行,13900002082,customer2082@example.com,城市22号示例路82号,2026-01-26 10:21:00,active
2083,吕泽桐,13900002083,customer2083@example.com,城市23号示例路83号,2026-01-27 10:22:00,active
2084,施逸阳,13900002084,customer2084@example.com,城市24号示例路84号,2026-01-28 10:23:00,active
2085,张思辰,13900002085,customer2085@example.com,城市25号示例路85号,2026-01-01 10:24:00,active
2086,孔若彤,13900002086,customer2086@example.com,城市26号示例路86号,2026-01-02 10:25:00,active
2087,曹嘉轩,13900002087,customer2087@example.com,城市27号示例路87号,2026-01-03 10:26:00,active
2088,严子雯,13900002088,customer2088@example.com,城市28号示例路88号,2026-01-04 10:27:00,active
2089,华安航,13900002089,customer2089@example.com,城市29号示例路89号,2026-01-05 10:28:00,active
2090,金景悦,13900002090,customer2090@example.com,城市30号示例路90号,2026-01-06 10:29:00,active
2091,魏明言,13900002091,customer2091@example.com,城市1号示例路91号,2026-01-07 10:30:00,active
2092,陶语哲,13900002092,customer2092@example.com,城市2号示例路92号,2026-01-08 10:31:00,active
2093,姜沐然,13900002093,customer2093@example.com,城市3号示例路93号,2026-01-09 10:32:00,active
2094,赵亦涵,13900002094,customer2094@example.com,城市4号示例路94号,2026-01-10 10:33:00,active
2095,钱可禾,13900002095,customer2095@example.com,城市5号示例路95号,2026-01-11 10:34:00,active
2096,孙书远,13900002096,customer2096@example.com,城市6号示例路96号,2026-01-12 10:35:00,active
2097,李星欣,13900002097,customer2097@example.com,城市7号示例路97号,2026-01-13 10:36:00,active
2098,周晨宁,13900002098,customer2098@example.com,城市8号示例路98号,2026-01-14 10:37:00,active
2099,吴清墨,13900002099,customer2099@example.com,城市9号示例路99号,2026-01-15 10:38:00,active
2100,郑雨然,13900002100,customer2100@example.com,城市10号示例路100号,2026-01-16 10:39:00,active
2101,王知行,13900002101,customer2101@example.com,城市11号示例路101号,2026-01-17 10:40:00,inactive
2102,冯向桐,13900002102,customer2102@example.com,城市12号示例路102号,2026-01-18 10:41:00,active
2103,陈承阳,13900002103,customer2103@example.com,城市13号示例路103号,2026-01-19 10:42:00,active
2104,褚泽辰,13900002104,customer2104@example.com,城市14号示例路104号,2026-01-20 10:43:00,active
2105,卫逸彤,13900002105,customer2105@example.com,城市15号示例路105号,2026-01-21 10:44:00,active
2106,蒋思轩,13900002106,customer2106@example.com,城市16号示例路106号,2026-01-22 10:45:00,active
2107,沈若雯,13900002107,customer2107@example.com,城市17号示例路107号,2026-01-23 10:46:00,active
2108,韩嘉航,13900002108,customer2108@example.com,城市18号示例路108号,2026-01-24 10:47:00,active
2109,杨子悦,13900002109,customer2109@example.com,城市19号示例路109号,2026-01-25 10:48:00,active
2110,朱安言,13900002110,customer2110@example.com,城市20号示例路110号,2026-01-26 10:49:00,active
2111,秦景哲,13900002111,customer2111@example.com,城市21号示例路111号,2026-01-27 10:50:00,active
2112,许明然,13900002112,customer2112@example.com,城市22号示例路112号,2026-01-28 10:51:00,active
2113,何语涵,13900002113,customer2113@example.com,城市23号示例路113号,2026-01-01 10:52:00,active
2114,吕沐禾,13900002114,customer2114@example.com,城市24号示例路114号,2026-01-02 10:53:00,active
2115,施亦远,13900002115,customer2115@example.com,城市25号示例路115号,2026-01-03 10:54:00,active
2116,张可欣,13900002116,customer2116@example.com,城市26号示例路116号,2026-01-04 10:55:00,active
2117,孔书宁,13900002117,customer2117@example.com,城市27号示例路117号,2026-01-05 10:56:00,active
2118,曹星墨,13900002118,customer2118@example.com,城市28号示例路118号,2026-01-06 10:57:00,active
2119,严晨然,13900002119,customer2119@example.com,城市29号示例路119号,2026-01-07 10:58:00,active
2120,华清行,13900002120,customer2120@example.com,城市30号示例路120号,2026-01-08 10:59:00,active
2121,金雨桐,13900002121,customer2121@example.com,城市1号示例路121号,2026-01-09 10:00:00,inactive
2122,魏知阳,13900002122,customer2122@example.com,城市2号示例路122号,2026-01-10 10:01:00,active
2123,陶向辰,13900002123,customer2123@example.com,城市3号示例路123号,2026-01-11 10:02:00,active
2124,姜承彤,13900002124,customer2124@example.com,城市4号示例路124号,2026-01-12 10:03:00,active
2125,赵泽轩,13900002125,customer2125@example.com,城市5号示例路125号,2026-01-13 10:04:00,active
2126,钱逸雯,13900002126,customer2126@example.com,城市6号示例路126号,2026-01-14 10:05:00,active
2127,孙思航,13900002127,customer2127@example.com,城市7号示例路127号,2026-01-15 10:06:00,active
2128,李若悦,13900002128,customer2128@example.com,城市8号示例路128号,2026-01-16 10:07:00,active
2129,周嘉言,13900002129,customer2129@example.com,城市9号示例路129号,2026-01-17 10:08:00,active
2130,吴子哲,13900002130,customer2130@example.com,城市10号示例路130号,2026-01-18 10:09:00,active
2131,郑安然,13900002131,customer2131@example.com,城市11号示例路131号,2026-01-19 10:10:00,active
2132,王景涵,13900002132,customer2132@example.com,城市12号示例路132号,2026-01-20 10:11:00,active
2133,冯明禾,13900002133,customer2133@example.com,城市13号示例路133号,2026-01-21 10:12:00,active
2134,陈语远,13900002134,customer2134@example.com,城市14号示例路134号,2026-01-22 10:13:00,active
2135,褚沐欣,13900002135,customer2135@example.com,城市15号示例路135号,2026-01-23 10:14:00,active
2136,卫亦宁,13900002136,customer2136@example.com,城市16号示例路136号,2026-01-24 10:15:00,active
2137,蒋可墨,13900002137,customer2137@example.com,城市17号示例路137号,2026-01-25 10:16:00,active
2138,沈书然,13900002138,customer2138@example.com,城市18号示例路138号,2026-01-26 10:17:00,active
2139,韩星行,13900002139,customer2139@example.com,城市19号示例路139号,2026-01-27 10:18:00,active
2140,杨晨桐,13900002140,customer2140@example.com,城市20号示例路140号,2026-01-28 10:19:00,active
2141,朱清阳,13900002141,customer2141@example.com,城市21号示例路141号,2026-01-01 10:20:00,inactive
2142,秦雨辰,13900002142,customer2142@example.com,城市22号示例路142号,2026-01-02 10:21:00,active
2143,许知彤,13900002143,customer2143@example.com,城市23号示例路143号,2026-01-03 10:22:00,active
2144,何向轩,13900002144,customer2144@example.com,城市24号示例路144号,2026-01-04 10:23:00,active
2145,吕承雯,13900002145,customer2145@example.com,城市25号示例路145号,2026-01-05 10:24:00,active
2146,施泽航,13900002146,customer2146@example.com,城市26号示例路146号,2026-01-06 10:25:00,active
2147,张逸悦,13900002147,customer2147@example.com,城市27号示例路147号,2026-01-07 10:26:00,active
2148,孔思言,13900002148,customer2148@example.com,城市28号示例路148号,2026-01-08 10:27:00,active
2149,曹若哲,13900002149,customer2149@example.com,城市29号示例路149号,2026-01-09 10:28:00,active
2150,严嘉然,13900002150,customer2150@example.com,城市30号示例路150号,2026-01-10 10:29:00,active
2151,华子涵,13900002151,customer2151@example.com,城市1号示例路151号,2026-01-11 10:30:00,active
2152,金安禾,13900002152,customer2152@example.com,城市2号示例路152号,2026-01-12 10:31:00,active
2153,魏景远,13900002153,customer2153@example.com,城市3号示例路153号,2026-01-13 10:32:00,active
2154,陶明欣,13900002154,customer2154@example.com,城市4号示例路154号,2026-01-14 10:33:00,active
2155,姜语宁,13900002155,customer2155@example.com,城市5号示例路155号,2026-01-15 10:34:00,active
2156,赵沐墨,13900002156,customer2156@example.com,城市6号示例路156号,2026-01-16 10:35:00,active
2157,钱亦然,13900002157,customer2157@example.com,城市7号示例路157号,2026-01-17 10:36:00,active
2158,孙可行,13900002158,customer2158@example.com,城市8号示例路158号,2026-01-18 10:37:00,active
2159,李书桐,13900002159,customer2159@example.com,城市9号示例路159号,2026-01-19 10:38:00,active
2160,周星阳,13900002160,customer2160@example.com,城市10号示例路160号,2026-01-20 10:39:00,active
2161,吴晨辰,13900002161,customer2161@example.com,城市11号示例路161号,2026-01-21 10:40:00,inactive
2162,郑清彤,13900002162,customer2162@example.com,城市12号示例路162号,2026-01-22 10:41:00,active
2163,王雨轩,13900002163,customer2163@example.com,城市13号示例路163号,2026-01-23 10:42:00,active
2164,冯知雯,13900002164,customer2164@example.com,城市14号示例路164号,2026-01-24 10:43:00,active
2165,陈向航,13900002165,customer2165@example.com,城市15号示例路165号,2026-01-25 10:44:00,active
2166,褚承悦,13900002166,customer2166@example.com,城市16号示例路166号,2026-01-26 10:45:00,active
2167,卫泽言,13900002167,customer2167@example.com,城市17号示例路167号,2026-01-27 10:46:00,active
2168,蒋逸哲,13900002168,customer2168@example.com,城市18号示例路168号,2026-01-28 10:47:00,active
2169,沈思然,13900002169,customer2169@example.com,城市19号示例路169号,2026-01-01 10:48:00,active
2170,韩若涵,13900002170,customer2170@example.com,城市20号示例路170号,2026-01-02 10:49:00,active
2171,杨嘉禾,13900002171,customer2171@example.com,城市21号示例路171号,2026-01-03 10:50:00,active
2172,朱子远,13900002172,customer2172@example.com,城市22号示例路172号,2026-01-04 10:51:00,active
2173,秦安欣,13900002173,customer2173@example.com,城市23号示例路173号,2026-01-05 10:52:00,active
2174,许景宁,13900002174,customer2174@example.com,城市24号示例路174号,2026-01-06 10:53:00,active
2175,何明墨,13900002175,customer2175@example.com,城市25号示例路175号,2026-01-07 10:54:00,active
2176,吕语然,13900002176,customer2176@example.com,城市26号示例路176号,2026-01-08 10:55:00,active
2177,施沐行,13900002177,customer2177@example.com,城市27号示例路177号,2026-01-09 10:56:00,active
2178,张亦桐,13900002178,customer2178@example.com,城市28号示例路178号,2026-01-10 10:57:00,active
2179,孔可阳,13900002179,customer2179@example.com,城市29号示例路179号,2026-01-11 10:58:00,active
2180,曹书辰,13900002180,customer2180@example.com,城市30号示例路180号,2026-01-12 10:59:00,active
2181,严星彤,13900002181,customer2181@example.com,城市1号示例路181号,2026-01-13 10:00:00,inactive
2182,华晨轩,13900002182,customer2182@example.com,城市2号示例路182号,2026-01-14 10:01:00,active
2183,金清雯,13900002183,customer2183@example.com,城市3号示例路183号,2026-01-15 10:02:00,active
2184,魏雨航,13900002184,customer2184@example.com,城市4号示例路184号,2026-01-16 10:03:00,active
2185,陶知悦,13900002185,customer2185@example.com,城市5号示例路185号,2026-01-17 10:04:00,active
2186,姜向言,13900002186,customer2186@example.com,城市6号示例路186号,2026-01-18 10:05:00,active
2187,赵承哲,13900002187,customer2187@example.com,城市7号示例路187号,2026-01-19 10:06:00,active
2188,钱泽然,13900002188,customer2188@example.com,城市8号示例路188号,2026-01-20 10:07:00,active
2189,孙逸涵,13900002189,customer2189@example.com,城市9号示例路189号,2026-01-21 10:08:00,active
2190,李思禾,13900002190,customer2190@example.com,城市10号示例路190号,2026-01-22 10:09:00,active
2191,周若远,13900002191,customer2191@example.com,城市11号示例路191号,2026-01-23 10:10:00,active
2192,吴嘉欣,13900002192,customer2192@example.com,城市12号示例路192号,2026-01-24 10:11:00,active
2193,郑子宁,13900002193,customer2193@example.com,城市13号示例路193号,2026-01-25 10:12:00,active
2194,王安墨,13900002194,customer2194@example.com,城市14号示例路194号,2026-01-26 10:13:00,active
2195,冯景然,13900002195,customer2195@example.com,城市15号示例路195号,2026-01-27 10:14:00,active
2196,陈明行,13900002196,customer2196@example.com,城市16号示例路196号,2026-01-28 10:15:00,active
2197,褚语桐,13900002197,customer2197@example.com,城市17号示例路197号,2026-01-01 10:16:00,active
2198,卫沐阳,13900002198,customer2198@example.com,城市18号示例路198号,2026-01-02 10:17:00,active
2199,蒋亦辰,13900002199,customer2199@example.com,城市19号示例路199号,2026-01-03 10:18:00,active
2200,沈可彤,13900002200,customer2200@example.com,城市20号示例路200号,2026-01-04 10:19:00,active
2201,韩书轩,13900002201,customer2201@example.com,城市21号示例路1号,2026-01-05 10:20:00,inactive
2202,杨星雯,13900002202,customer2202@example.com,城市22号示例路2号,2026-01-06 10:21:00,active
2203,朱晨航,13900002203,customer2203@example.com,城市23号示例路3号,2026-01-07 10:22:00,active
2204,秦清悦,13900002204,customer2204@example.com,城市24号示例路4号,2026-01-08 10:23:00,active
2205,许雨言,13900002205,customer2205@example.com,城市25号示例路5号,2026-01-09 10:24:00,active
2206,何知哲,13900002206,customer2206@example.com,城市26号示例路6号,2026-01-10 10:25:00,active
2207,吕向然,13900002207,customer2207@example.com,城市27号示例路7号,2026-01-11 10:26:00,active
2208,施承涵,13900002208,customer2208@example.com,城市28号示例路8号,2026-01-12 10:27:00,active
2209,张泽禾,13900002209,customer2209@example.com,城市29号示例路9号,2026-01-13 10:28:00,active
2210,孔逸远,13900002210,customer2210@example.com,城市30号示例路10号,2026-01-14 10:29:00,active
2211,曹思欣,13900002211,customer2211@example.com,城市1号示例路11号,2026-01-15 10:30:00,active
2212,严若宁,13900002212,customer2212@example.com,城市2号示例路12号,2026-01-16 10:31:00,active
2213,华嘉墨,13900002213,customer2213@example.com,城市3号示例路13号,2026-01-17 10:32:00,active
2214,金子然,13900002214,customer2214@example.com,城市4号示例路14号,2026-01-18 10:33:00,active
2215,魏安行,13900002215,customer2215@example.com,城市5号示例路15号,2026-01-19 10:34:00,active
2216,陶景桐,13900002216,customer2216@example.com,城市6号示例路16号,2026-01-20 10:35:00,active
2217,姜明阳,13900002217,customer2217@example.com,城市7号示例路17号,2026-01-21 10:36:00,active
2218,赵语辰,13900002218,customer2218@example.com,城市8号示例路18号,2026-01-22 10:37:00,active
2219,钱沐彤,13900002219,customer2219@example.com,城市9号示例路19号,2026-01-23 10:38:00,active
2220,孙亦轩,13900002220,customer2220@example.com,城市10号示例路20号,2026-01-24 10:39:00,active
2221,李可雯,13900002221,customer2221@example.com,城市11号示例路21号,2026-01-25 10:40:00,inactive
2222,周书航,13900002222,customer2222@example.com,城市12号示例路22号,2026-01-26 10:41:00,active
2223,吴星悦,13900002223,customer2223@example.com,城市13号示例路23号,2026-01-27 10:42:00,active
2224,郑晨言,13900002224,customer2224@example.com,城市14号示例路24号,2026-01-28 10:43:00,active
2225,王清哲,13900002225,customer2225@example.com,城市15号示例路25号,2026-01-01 10:44:00,active
2226,冯雨然,13900002226,customer2226@example.com,城市16号示例路26号,2026-01-02 10:45:00,active
2227,陈知涵,13900002227,customer2227@example.com,城市17号示例路27号,2026-01-03 10:46:00,active
2228,褚向禾,13900002228,customer2228@example.com,城市18号示例路28号,2026-01-04 10:47:00,active
2229,卫承远,13900002229,customer2229@example.com,城市19号示例路29号,2026-01-05 10:48:00,active
2230,蒋泽欣,13900002230,customer2230@example.com,城市20号示例路30号,2026-01-06 10:49:00,active
2231,沈逸宁,13900002231,customer2231@example.com,城市21号示例路31号,2026-01-07 10:50:00,active
2232,韩思墨,13900002232,customer2232@example.com,城市22号示例路32号,2026-01-08 10:51:00,active
2233,杨若然,13900002233,customer2233@example.com,城市23号示例路33号,2026-01-09 10:52:00,active
2234,朱嘉行,13900002234,customer2234@example.com,城市24号示例路34号,2026-01-10 10:53:00,active
2235,秦子桐,13900002235,customer2235@example.com,城市25号示例路35号,2026-01-11 10:54:00,active
2236,许安阳,13900002236,customer2236@example.com,城市26号示例路36号,2026-01-12 10:55:00,active
2237,何景辰,13900002237,customer2237@example.com,城市27号示例路37号,2026-01-13 10:56:00,active
2238,吕明彤,13900002238,customer2238@example.com,城市28号示例路38号,2026-01-14 10:57:00,active
2239,施语轩,13900002239,customer2239@example.com,城市29号示例路39号,2026-01-15 10:58:00,active
2240,张沐雯,13900002240,customer2240@example.com,城市30号示例路40号,2026-01-16 10:59:00,active
2241,孔亦航,13900002241,customer2241@example.com,城市1号示例路41号,2026-01-17 10:00:00,inactive
2242,曹可悦,13900002242,customer2242@example.com,城市2号示例路42号,2026-01-18 10:01:00,active
2243,严书言,13900002243,customer2243@example.com,城市3号示例路43号,2026-01-19 10:02:00,active
2244,华星哲,13900002244,customer2244@example.com,城市4号示例路44号,2026-01-20 10:03:00,active
2245,金晨然,13900002245,customer2245@example.com,城市5号示例路45号,2026-01-21 10:04:00,active
2246,魏清涵,13900002246,customer2246@example.com,城市6号示例路46号,2026-01-22 10:05:00,active
2247,陶雨禾,13900002247,customer2247@example.com,城市7号示例路47号,2026-01-23 10:06:00,active
2248,姜知远,13900002248,customer2248@example.com,城市8号示例路48号,2026-01-24 10:07:00,active
2249,赵向欣,13900002249,customer2249@example.com,城市9号示例路49号,2026-01-25 10:08:00,active
2250,钱承宁,13900002250,customer2250@example.com,城市10号示例路50号,2026-01-26 10:09:00,active
2251,孙泽墨,13900002251,customer2251@example.com,城市11号示例路51号,2026-01-27 10:10:00,active
2252,李逸然,13900002252,customer2252@example.com,城市12号示例路52号,2026-01-28 10:11:00,active
2253,周思行,13900002253,customer2253@example.com,城市13号示例路53号,2026-01-01 10:12:00,active
2254,吴若桐,13900002254,customer2254@example.com,城市14号示例路54号,2026-01-02 10:13:00,active
2255,郑嘉阳,13900002255,customer2255@example.com,城市15号示例路55号,2026-01-03 10:14:00,active
2256,王子辰,13900002256,customer2256@example.com,城市16号示例路56号,2026-01-04 10:15:00,active
2257,冯安彤,13900002257,customer2257@example.com,城市17号示例路57号,2026-01-05 10:16:00,active
2258,陈景轩,13900002258,customer2258@example.com,城市18号示例路58号,2026-01-06 10:17:00,active
2259,褚明雯,13900002259,customer2259@example.com,城市19号示例路59号,2026-01-07 10:18:00,active
2260,卫语航,13900002260,customer2260@example.com,城市20号示例路60号,2026-01-08 10:19:00,active
2261,蒋沐悦,13900002261,customer2261@example.com,城市21号示例路61号,2026-01-09 10:20:00,inactive
2262,沈亦言,13900002262,customer2262@example.com,城市22号示例路62号,2026-01-10 10:21:00,active
2263,韩可哲,13900002263,customer2263@example.com,城市23号示例路63号,2026-01-11 10:22:00,active
2264,杨书然,13900002264,customer2264@example.com,城市24号示例路64号,2026-01-12 10:23:00,active
2265,朱星涵,13900002265,customer2265@example.com,城市25号示例路65号,2026-01-13 10:24:00,active
2266,秦晨禾,13900002266,customer2266@example.com,城市26号示例路66号,2026-01-14 10:25:00,active
2267,许清远,13900002267,customer2267@example.com,城市27号示例路67号,2026-01-15 10:26:00,active
2268,何雨欣,13900002268,customer2268@example.com,城市28号示例路68号,2026-01-16 10:27:00,active
2269,吕知宁,13900002269,customer2269@example.com,城市29号示例路69号,2026-01-17 10:28:00,active
2270,施向墨,13900002270,customer2270@example.com,城市30号示例路70号,2026-01-18 10:29:00,active
2271,张承然,13900002271,customer2271@example.com,城市1号示例路71号,2026-01-19 10:30:00,active
2272,孔泽行,13900002272,customer2272@example.com,城市2号示例路72号,2026-01-20 10:31:00,active
2273,曹逸桐,13900002273,customer2273@example.com,城市3号示例路73号,2026-01-21 10:32:00,active
2274,严思阳,13900002274,customer2274@example.com,城市4号示例路74号,2026-01-22 10:33:00,active
2275,华若辰,13900002275,customer2275@example.com,城市5号示例路75号,2026-01-23 10:34:00,active
2276,金嘉彤,13900002276,customer2276@example.com,城市6号示例路76号,2026-01-24 10:35:00,active
2277,魏子轩,13900002277,customer2277@example.com,城市7号示例路77号,2026-01-25 10:36:00,active
2278,陶安雯,13900002278,customer2278@example.com,城市8号示例路78号,2026-01-26 10:37:00,active
2279,姜景航,13900002279,customer2279@example.com,城市9号示例路79号,2026-01-27 10:38:00,active
2280,赵明悦,13900002280,customer2280@example.com,城市10号示例路80号,2026-01-28 10:39:00,active
2281,钱语言,13900002281,customer2281@example.com,城市11号示例路81号,2026-01-01 10:40:00,inactive
2282,孙沐哲,13900002282,customer2282@example.com,城市12号示例路82号,2026-01-02 10:41:00,active
2283,李亦然,13900002283,customer2283@example.com,城市13号示例路83号,2026-01-03 10:42:00,active
2284,周可涵,13900002284,customer2284@example.com,城市14号示例路84号,2026-01-04 10:43:00,active
2285,吴书禾,13900002285,customer2285@example.com,城市15号示例路85号,2026-01-05 10:44:00,active
2286,郑星远,13900002286,customer2286@example.com,城市16号示例路86号,2026-01-06 10:45:00,active
2287,王晨欣,13900002287,customer2287@example.com,城市17号示例路87号,2026-01-07 10:46:00,active
2288,冯清宁,13900002288,customer2288@example.com,城市18号示例路88号,2026-01-08 10:47:00,active
2289,陈雨墨,13900002289,customer2289@example.com,城市19号示例路89号,2026-01-09 10:48:00,active
2290,褚知然,13900002290,customer2290@example.com,城市20号示例路90号,2026-01-10 10:49:00,active
2291,卫向行,13900002291,customer2291@example.com,城市21号示例路91号,2026-01-11 10:50:00,active
2292,蒋承桐,13900002292,customer2292@example.com,城市22号示例路92号,2026-01-12 10:51:00,active
2293,沈泽阳,13900002293,customer2293@example.com,城市23号示例路93号,2026-01-13 10:52:00,active
2294,韩逸辰,13900002294,customer2294@example.com,城市24号示例路94号,2026-01-14 10:53:00,active
2295,杨思彤,13900002295,customer2295@example.com,城市25号示例路95号,2026-01-15 10:54:00,active
2296,朱若轩,13900002296,customer2296@example.com,城市26号示例路96号,2026-01-16 10:55:00,active
2297,秦嘉雯,13900002297,customer2297@example.com,城市27号示例路97号,2026-01-17 10:56:00,active
2298,许子航,13900002298,customer2298@example.com,城市28号示例路98号,2026-01-18 10:57:00,active
2299,何安悦,13900002299,customer2299@example.com,城市29号示例路99号,2026-01-19 10:58:00,active
2300,吕景言,13900002300,customer2300@example.com,城市30号示例路100号,2026-01-20 10:59:00,active
2301,施明哲,13900002301,customer2301@example.com,城市1号示例路101号,2026-01-21 10:00:00,inactive
2302,张语然,13900002302,customer2302@example.com,城市2号示例路102号,2026-01-22 10:01:00,active
2303,孔沐涵,13900002303,customer2303@example.com,城市3号示例路103号,2026-01-23 10:02:00,active
2304,曹亦禾,13900002304,customer2304@example.com,城市4号示例路104号,2026-01-24 10:03:00,active
2305,严可远,13900002305,customer2305@example.com,城市5号示例路105号,2026-01-25 10:04:00,active
2306,华书欣,13900002306,customer2306@example.com,城市6号示例路106号,2026-01-26 10:05:00,active
2307,金星宁,13900002307,customer2307@example.com,城市7号示例路107号,2026-01-27 10:06:00,active
2308,魏晨墨,13900002308,customer2308@example.com,城市8号示例路108号,2026-01-28 10:07:00,active
2309,陶清然,13900002309,customer2309@example.com,城市9号示例路109号,2026-01-01 10:08:00,active
2310,姜雨行,13900002310,customer2310@example.com,城市10号示例路110号,2026-01-02 10:09:00,active
2311,赵知桐,13900002311,customer2311@example.com,城市11号示例路111号,2026-01-03 10:10:00,active
2312,钱向阳,13900002312,customer2312@example.com,城市12号示例路112号,2026-01-04 10:11:00,active
2313,孙承辰,13900002313,customer2313@example.com,城市13号示例路113号,2026-01-05 10:12:00,active
2314,李泽彤,13900002314,customer2314@example.com,城市14号示例路114号,2026-01-06 10:13:00,active
2315,周逸轩,13900002315,customer2315@example.com,城市15号示例路115号,2026-01-07 10:14:00,active
2316,吴思雯,13900002316,customer2316@example.com,城市16号示例路116号,2026-01-08 10:15:00,active
2317,郑若航,13900002317,customer2317@example.com,城市17号示例路117号,2026-01-09 10:16:00,active
2318,王嘉悦,13900002318,customer2318@example.com,城市18号示例路118号,2026-01-10 10:17:00,active
2319,冯子言,13900002319,customer2319@example.com,城市19号示例路119号,2026-01-11 10:18:00,active
2320,陈安哲,13900002320,customer2320@example.com,城市20号示例路120号,2026-01-12 10:19:00,active
2321,褚景然,13900002321,customer2321@example.com,城市21号示例路121号,2026-01-13 10:20:00,inactive
2322,卫明涵,13900002322,customer2322@example.com,城市22号示例路122号,2026-01-14 10:21:00,active
2323,蒋语禾,13900002323,customer2323@example.com,城市23号示例路123号,2026-01-15 10:22:00,active
2324,沈沐远,13900002324,customer2324@example.com,城市24号示例路124号,2026-01-16 10:23:00,active
2325,韩亦欣,13900002325,customer2325@example.com,城市25号示例路125号,2026-01-17 10:24:00,active
2326,杨可宁,13900002326,customer2326@example.com,城市26号示例路126号,2026-01-18 10:25:00,active
2327,朱书墨,13900002327,customer2327@example.com,城市27号示例路127号,2026-01-19 10:26:00,active
2328,秦星然,13900002328,customer2328@example.com,城市28号示例路128号,2026-01-20 10:27:00,active
2329,许晨行,13900002329,customer2329@example.com,城市29号示例路129号,2026-01-21 10:28:00,active
2330,何清桐,13900002330,customer2330@example.com,城市30号示例路130号,2026-01-22 10:29:00,active
2331,吕雨阳,13900002331,customer2331@example.com,城市1号示例路131号,2026-01-23 10:30:00,active
2332,施知辰,13900002332,customer2332@example.com,城市2号示例路132号,2026-01-24 10:31:00,active
2333,张向彤,13900002333,customer2333@example.com,城市3号示例路133号,2026-01-25 10:32:00,active
2334,孔承轩,13900002334,customer2334@example.com,城市4号示例路134号,2026-01-26 10:33:00,active
2335,曹泽雯,13900002335,customer2335@example.com,城市5号示例路135号,2026-01-27 10:34:00,active
2336,严逸航,13900002336,customer2336@example.com,城市6号示例路136号,2026-01-28 10:35:00,active
2337,华思悦,13900002337,customer2337@example.com,城市7号示例路137号,2026-01-01 10:36:00,active
2338,金若言,13900002338,customer2338@example.com,城市8号示例路138号,2026-01-02 10:37:00,active
2339,魏嘉哲,13900002339,customer2339@example.com,城市9号示例路139号,2026-01-03 10:38:00,active
2340,陶子然,13900002340,customer2340@example.com,城市10号示例路140号,2026-01-04 10:39:00,active
2341,姜安涵,13900002341,customer2341@example.com,城市11号示例路141号,2026-01-05 10:40:00,inactive
2342,赵景禾,13900002342,customer2342@example.com,城市12号示例路142号,2026-01-06 10:41:00,active
2343,钱明远,13900002343,customer2343@example.com,城市13号示例路143号,2026-01-07 10:42:00,active
2344,孙语欣,13900002344,customer2344@example.com,城市14号示例路144号,2026-01-08 10:43:00,active
2345,李沐宁,13900002345,customer2345@example.com,城市15号示例路145号,2026-01-09 10:44:00,active
2346,周亦墨,13900002346,customer2346@example.com,城市16号示例路146号,2026-01-10 10:45:00,active
2347,吴可然,13900002347,customer2347@example.com,城市17号示例路147号,2026-01-11 10:46:00,active
2348,郑书行,13900002348,customer2348@example.com,城市18号示例路148号,2026-01-12 10:47:00,active
2349,王星桐,13900002349,customer2349@example.com,城市19号示例路149号,2026-01-13 10:48:00,active
2350,冯晨阳,13900002350,customer2350@example.com,城市20号示例路150号,2026-01-14 10:49:00,active
2351,陈清辰,13900002351,customer2351@example.com,城市21号示例路151号,2026-01-15 10:50:00,active
2352,褚雨彤,13900002352,customer2352@example.com,城市22号示例路152号,2026-01-16 10:51:00,active
2353,卫知轩,13900002353,customer2353@example.com,城市23号示例路153号,2026-01-17 10:52:00,active
2354,蒋向雯,13900002354,customer2354@example.com,城市24号示例路154号,2026-01-18 10:53:00,active
2355,沈承航,13900002355,customer2355@example.com,城市25号示例路155号,2026-01-19 10:54:00,active
2356,韩泽悦,13900002356,customer2356@example.com,城市26号示例路156号,2026-01-20 10:55:00,active
2357,杨逸言,13900002357,customer2357@example.com,城市27号示例路157号,2026-01-21 10:56:00,active
2358,朱思哲,13900002358,customer2358@example.com,城市28号示例路158号,2026-01-22 10:57:00,active
2359,秦若然,13900002359,customer2359@example.com,城市29号示例路159号,2026-01-23 10:58:00,active
2360,许嘉涵,13900002360,customer2360@example.com,城市30号示例路160号,2026-01-24 10:59:00,active
2361,何子禾,13900002361,customer2361@example.com,城市1号示例路161号,2026-01-25 10:00:00,inactive
2362,吕安远,13900002362,customer2362@example.com,城市2号示例路162号,2026-01-26 10:01:00,active
2363,施景欣,13900002363,customer2363@example.com,城市3号示例路163号,2026-01-27 10:02:00,active
2364,张明宁,13900002364,customer2364@example.com,城市4号示例路164号,2026-01-28 10:03:00,active
2365,孔语墨,13900002365,customer2365@example.com,城市5号示例路165号,2026-01-01 10:04:00,active
2366,曹沐然,13900002366,customer2366@example.com,城市6号示例路166号,2026-01-02 10:05:00,active
2367,严亦行,13900002367,customer2367@example.com,城市7号示例路167号,2026-01-03 10:06:00,active
2368,华可桐,13900002368,customer2368@example.com,城市8号示例路168号,2026-01-04 10:07:00,active
2369,金书阳,13900002369,customer2369@example.com,城市9号示例路169号,2026-01-05 10:08:00,active
2370,魏星辰,13900002370,customer2370@example.com,城市10号示例路170号,2026-01-06 10:09:00,active
2371,陶晨彤,13900002371,customer2371@example.com,城市11号示例路171号,2026-01-07 10:10:00,active
2372,姜清轩,13900002372,customer2372@example.com,城市12号示例路172号,2026-01-08 10:11:00,active
2373,赵雨雯,13900002373,customer2373@example.com,城市13号示例路173号,2026-01-09 10:12:00,active
2374,钱知航,13900002374,customer2374@example.com,城市14号示例路174号,2026-01-10 10:13:00,active
2375,孙向悦,13900002375,customer2375@example.com,城市15号示例路175号,2026-01-11 10:14:00,active
2376,李承言,13900002376,customer2376@example.com,城市16号示例路176号,2026-01-12 10:15:00,active
2377,周泽哲,13900002377,customer2377@example.com,城市17号示例路177号,2026-01-13 10:16:00,active
2378,吴逸然,13900002378,customer2378@example.com,城市18号示例路178号,2026-01-14 10:17:00,active
2379,郑思涵,13900002379,customer2379@example.com,城市19号示例路179号,2026-01-15 10:18:00,active
2380,王若禾,13900002380,customer2380@example.com,城市20号示例路180号,2026-01-16 10:19:00,active
2381,冯嘉远,13900002381,customer2381@example.com,城市21号示例路181号,2026-01-17 10:20:00,inactive
2382,陈子欣,13900002382,customer2382@example.com,城市22号示例路182号,2026-01-18 10:21:00,active
2383,褚安宁,13900002383,customer2383@example.com,城市23号示例路183号,2026-01-19 10:22:00,active
2384,卫景墨,13900002384,customer2384@example.com,城市24号示例路184号,2026-01-20 10:23:00,active
2385,蒋明然,13900002385,customer2385@example.com,城市25号示例路185号,2026-01-21 10:24:00,active
2386,沈语行,13900002386,customer2386@example.com,城市26号示例路186号,2026-01-22 10:25:00,active
2387,韩沐桐,13900002387,customer2387@example.com,城市27号示例路187号,2026-01-23 10:26:00,active
2388,杨亦阳,13900002388,customer2388@example.com,城市28号示例路188号,2026-01-24 10:27:00,active
2389,朱可辰,13900002389,customer2389@example.com,城市29号示例路189号,2026-01-25 10:28:00,active
2390,秦书彤,13900002390,customer2390@example.com,城市30号示例路190号,2026-01-26 10:29:00,active
2391,许星轩,13900002391,customer2391@example.com,城市1号示例路191号,2026-01-27 10:30:00,active
2392,何晨雯,13900002392,customer2392@example.com,城市2号示例路192号,2026-01-28 10:31:00,active
2393,吕清航,13900002393,customer2393@example.com,城市3号示例路193号,2026-01-01 10:32:00,active
2394,施雨悦,13900002394,customer2394@example.com,城市4号示例路194号,2026-01-02 10:33:00,active
2395,张知言,13900002395,customer2395@example.com,城市5号示例路195号,2026-01-03 10:34:00,active
2396,孔向哲,13900002396,customer2396@example.com,城市6号示例路196号,2026-01-04 10:35:00,active
2397,曹承然,13900002397,customer2397@example.com,城市7号示例路197号,2026-01-05 10:36:00,active
2398,严泽涵,13900002398,customer2398@example.com,城市8号示例路198号,2026-01-06 10:37:00,active
2399,华逸禾,13900002399,customer2399@example.com,城市9号示例路199号,2026-01-07 10:38:00,active
2400,金思远,13900002400,customer2400@example.com,城市10号示例路200号,2026-01-08 10:39:00,active
2401,魏若欣,13900002401,customer2401@example.com,城市11号示例路1号,2026-01-09 10:40:00,inactive
2402,陶嘉宁,13900002402,customer2402@example.com,城市12号示例路2号,2026-01-10 10:41:00,active
2403,姜子墨,13900002403,customer2403@example.com,城市13号示例路3号,2026-01-11 10:42:00,active
2404,赵安然,13900002404,customer2404@example.com,城市14号示例路4号,2026-01-12 10:43:00,active
2405,钱景行,13900002405,customer2405@example.com,城市15号示例路5号,2026-01-13 10:44:00,active
2406,孙明桐,13900002406,customer2406@example.com,城市16号示例路6号,2026-01-14 10:45:00,active
2407,李语阳,13900002407,customer2407@example.com,城市17号示例路7号,2026-01-15 10:46:00,active
2408,周沐辰,13900002408,customer2408@example.com,城市18号示例路8号,2026-01-16 10:47:00,active
2409,吴亦彤,13900002409,customer2409@example.com,城市19号示例路9号,2026-01-17 10:48:00,active
2410,郑可轩,13900002410,customer2410@example.com,城市20号示例路10号,2026-01-18 10:49:00,active
2411,王书雯,13900002411,customer2411@example.com,城市21号示例路11号,2026-01-19 10:50:00,active
2412,冯星航,13900002412,customer2412@example.com,城市22号示例路12号,2026-01-20 10:51:00,active
2413,陈晨悦,13900002413,customer2413@example.com,城市23号示例路13号,2026-01-21 10:52:00,active
2414,褚清言,13900002414,customer2414@example.com,城市24号示例路14号,2026-01-22 10:53:00,active
2415,卫雨哲,13900002415,customer2415@example.com,城市25号示例路15号,2026-01-23 10:54:00,active
2416,蒋知然,13900002416,customer2416@example.com,城市26号示例路16号,2026-01-24 10:55:00,active
2417,沈向涵,13900002417,customer2417@example.com,城市27号示例路17号,2026-01-25 10:56:00,active
2418,韩承禾,13900002418,customer2418@example.com,城市28号示例路18号,2026-01-26 10:57:00,active
2419,杨泽远,13900002419,customer2419@example.com,城市29号示例路19号,2026-01-27 10:58:00,active
2420,朱逸欣,13900002420,customer2420@example.com,城市30号示例路20号,2026-01-28 10:59:00,active
2421,秦思宁,13900002421,customer2421@example.com,城市1号示例路21号,2026-01-01 10:00:00,inactive
2422,许若墨,13900002422,customer2422@example.com,城市2号示例路22号,2026-01-02 10:01:00,active
2423,何嘉然,13900002423,customer2423@example.com,城市3号示例路23号,2026-01-03 10:02:00,active
2424,吕子行,13900002424,customer2424@example.com,城市4号示例路24号,2026-01-04 10:03:00,active
2425,施安桐,13900002425,customer2425@example.com,城市5号示例路25号,2026-01-05 10:04:00,active
2426,张景阳,13900002426,customer2426@example.com,城市6号示例路26号,2026-01-06 10:05:00,active
2427,孔明辰,13900002427,customer2427@example.com,城市7号示例路27号,2026-01-07 10:06:00,active
2428,曹语彤,13900002428,customer2428@example.com,城市8号示例路28号,2026-01-08 10:07:00,active
2429,严沐轩,13900002429,customer2429@example.com,城市9号示例路29号,2026-01-09 10:08:00,active
2430,华亦雯,13900002430,customer2430@example.com,城市10号示例路30号,2026-01-10 10:09:00,active
2431,金可航,13900002431,customer2431@example.com,城市11号示例路31号,2026-01-11 10:10:00,active
2432,魏书悦,13900002432,customer2432@example.com,城市12号示例路32号,2026-01-12 10:11:00,active
2433,陶星言,13900002433,customer2433@example.com,城市13号示例路33号,2026-01-13 10:12:00,active
2434,姜晨哲,13900002434,customer2434@example.com,城市14号示例路34号,2026-01-14 10:13:00,active
2435,赵清然,13900002435,customer2435@example.com,城市15号示例路35号,2026-01-15 10:14:00,active
2436,钱雨涵,13900002436,customer2436@example.com,城市16号示例路36号,2026-01-16 10:15:00,active
2437,孙知禾,13900002437,customer2437@example.com,城市17号示例路37号,2026-01-17 10:16:00,active
2438,李向远,13900002438,customer2438@example.com,城市18号示例路38号,2026-01-18 10:17:00,active
2439,周承欣,13900002439,customer2439@example.com,城市19号示例路39号,2026-01-19 10:18:00,active
2440,吴泽宁,13900002440,customer2440@example.com,城市20号示例路40号,2026-01-20 10:19:00,active
2441,郑逸墨,13900002441,customer2441@example.com,城市21号示例路41号,2026-01-21 10:20:00,inactive
2442,王思然,13900002442,customer2442@example.com,城市22号示例路42号,2026-01-22 10:21:00,active
2443,冯若行,13900002443,customer2443@example.com,城市23号示例路43号,2026-01-23 10:22:00,active
2444,陈嘉桐,13900002444,customer2444@example.com,城市24号示例路44号,2026-01-24 10:23:00,active
2445,褚子阳,13900002445,customer2445@example.com,城市25号示例路45号,2026-01-25 10:24:00,active
2446,卫安辰,13900002446,customer2446@example.com,城市26号示例路46号,2026-01-26 10:25:00,active
2447,蒋景彤,13900002447,customer2447@example.com,城市27号示例路47号,2026-01-27 10:26:00,active
2448,沈明轩,13900002448,customer2448@example.com,城市28号示例路48号,2026-01-28 10:27:00,active
2449,韩语雯,13900002449,customer2449@example.com,城市29号示例路49号,2026-01-01 10:28:00,active
2450,杨沐航,13900002450,customer2450@example.com,城市30号示例路50号,2026-01-02 10:29:00,active
2451,朱亦悦,13900002451,customer2451@example.com,城市1号示例路51号,2026-01-03 10:30:00,active
2452,秦可言,13900002452,customer2452@example.com,城市2号示例路52号,2026-01-04 10:31:00,active
2453,许书哲,13900002453,customer2453@example.com,城市3号示例路53号,2026-01-05 10:32:00,active
2454,何星然,13900002454,customer2454@example.com,城市4号示例路54号,2026-01-06 10:33:00,active
2455,吕晨涵,13900002455,customer2455@example.com,城市5号示例路55号,2026-01-07 10:34:00,active
2456,施清禾,13900002456,customer2456@example.com,城市6号示例路56号,2026-01-08 10:35:00,active
2457,张雨远,13900002457,customer2457@example.com,城市7号示例路57号,2026-01-09 10:36:00,active
2458,孔知欣,13900002458,customer2458@example.com,城市8号示例路58号,2026-01-10 10:37:00,active
2459,曹向宁,13900002459,customer2459@example.com,城市9号示例路59号,2026-01-11 10:38:00,active
2460,严承墨,13900002460,customer2460@example.com,城市10号示例路60号,2026-01-12 10:39:00,active
2461,华泽然,13900002461,customer2461@example.com,城市11号示例路61号,2026-01-13 10:40:00,inactive
2462,金逸行,13900002462,customer2462@example.com,城市12号示例路62号,2026-01-14 10:41:00,active
2463,魏思桐,13900002463,customer2463@example.com,城市13号示例路63号,2026-01-15 10:42:00,active
2464,陶若阳,13900002464,customer2464@example.com,城市14号示例路64号,2026-01-16 10:43:00,active
2465,姜嘉辰,13900002465,customer2465@example.com,城市15号示例路65号,2026-01-17 10:44:00,active
2466,赵子彤,13900002466,customer2466@example.com,城市16号示例路66号,2026-01-18 10:45:00,active
2467,钱安轩,13900002467,customer2467@example.com,城市17号示例路67号,2026-01-19 10:46:00,active
2468,孙景雯,13900002468,customer2468@example.com,城市18号示例路68号,2026-01-20 10:47:00,active
2469,李明航,13900002469,customer2469@example.com,城市19号示例路69号,2026-01-21 10:48:00,active
2470,周语悦,13900002470,customer2470@example.com,城市20号示例路70号,2026-01-22 10:49:00,active
2471,吴沐言,13900002471,customer2471@example.com,城市21号示例路71号,2026-01-23 10:50:00,active
2472,郑亦哲,13900002472,customer2472@example.com,城市22号示例路72号,2026-01-24 10:51:00,active
2473,王可然,13900002473,customer2473@example.com,城市23号示例路73号,2026-01-25 10:52:00,active
2474,冯书涵,13900002474,customer2474@example.com,城市24号示例路74号,2026-01-26 10:53:00,active
2475,陈星禾,13900002475,customer2475@example.com,城市25号示例路75号,2026-01-27 10:54:00,active
2476,褚晨远,13900002476,customer2476@example.com,城市26号示例路76号,2026-01-28 10:55:00,active
2477,卫清欣,13900002477,customer2477@example.com,城市27号示例路77号,2026-01-01 10:56:00,active
2478,蒋雨宁,13900002478,customer2478@example.com,城市28号示例路78号,2026-01-02 10:57:00,active
2479,沈知墨,13900002479,customer2479@example.com,城市29号示例路79号,2026-01-03 10:58:00,active
2480,韩向然,13900002480,customer2480@example.com,城市30号示例路80号,2026-01-04 10:59:00,active
2481,杨承行,13900002481,customer2481@example.com,城市1号示例路81号,2026-01-05 10:00:00,inactive
2482,朱泽桐,13900002482,customer2482@example.com,城市2号示例路82号,2026-01-06 10:01:00,active
2483,秦逸阳,13900002483,customer2483@example.com,城市3号示例路83号,2026-01-07 10:02:00,active
2484,许思辰,13900002484,customer2484@example.com,城市4号示例路84号,2026-01-08 10:03:00,active
2485,何若彤,13900002485,customer2485@example.com,城市5号示例路85号,2026-01-09 10:04:00,active
2486,吕嘉轩,13900002486,customer2486@example.com,城市6号示例路86号,2026-01-10 10:05:00,active
2487,施子雯,13900002487,customer2487@example.com,城市7号示例路87号,2026-01-11 10:06:00,active
2488,张安航,13900002488,customer2488@example.com,城市8号示例路88号,2026-01-12 10:07:00,active
2489,孔景悦,13900002489,customer2489@example.com,城市9号示例路89号,2026-01-13 10:08:00,active
2490,曹明言,13900002490,customer2490@example.com,城市10号示例路90号,2026-01-14 10:09:00,active
2491,严语哲,13900002491,customer2491@example.com,城市11号示例路91号,2026-01-15 10:10:00,active
2492,华沐然,13900002492,customer2492@example.com,城市12号示例路92号,2026-01-16 10:11:00,active
2493,金亦涵,13900002493,customer2493@example.com,城市13号示例路93号,2026-01-17 10:12:00,active
2494,魏可禾,13900002494,customer2494@example.com,城市14号示例路94号,2026-01-18 10:13:00,active
2495,陶书远,13900002495,customer2495@example.com,城市15号示例路95号,2026-01-19 10:14:00,active
2496,姜星欣,13900002496,customer2496@example.com,城市16号示例路96号,2026-01-20 10:15:00,active
2497,赵晨宁,13900002497,customer2497@example.com,城市17号示例路97号,2026-01-21 10:16:00,active
2498,钱清墨,13900002498,customer2498@example.com,城市18号示例路98号,2026-01-22 10:17:00,active
2499,孙雨然,13900002499,customer2499@example.com,城市19号示例路99号,2026-01-23 10:18:00,active
2500,李知行,13900002500,customer2500@example.com,城市20号示例路100号,2026-01-24 10:19:00,active
2501,周向桐,13900002501,customer2501@example.com,城市21号示例路101号,2026-01-25 10:20:00,inactive
2502,吴承阳,13900002502,customer2502@example.com,城市22号示例路102号,2026-01-26 10:21:00,active
2503,郑泽辰,13900002503,customer2503@example.com,城市23号示例路103号,2026-01-27 10:22:00,active
2504,王逸彤,13900002504,customer2504@example.com,城市24号示例路104号,2026-01-28 10:23:00,active
2505,冯思轩,13900002505,customer2505@example.com,城市25号示例路105号,2026-01-01 10:24:00,active
2506,陈若雯,13900002506,customer2506@example.com,城市26号示例路106号,2026-01-02 10:25:00,active
2507,褚嘉航,13900002507,customer2507@example.com,城市27号示例路107号,2026-01-03 10:26:00,active
2508,卫子悦,13900002508,customer2508@example.com,城市28号示例路108号,2026-01-04 10:27:00,active
2509,蒋安言,13900002509,customer2509@example.com,城市29号示例路109号,2026-01-05 10:28:00,active
2510,沈景哲,13900002510,customer2510@example.com,城市30号示例路110号,2026-01-06 10:29:00,active
2511,韩明然,13900002511,customer2511@example.com,城市1号示例路111号,2026-01-07 10:30:00,active
2512,杨语涵,13900002512,customer2512@example.com,城市2号示例路112号,2026-01-08 10:31:00,active
2513,朱沐禾,13900002513,customer2513@example.com,城市3号示例路113号,2026-01-09 10:32:00,active
2514,秦亦远,13900002514,customer2514@example.com,城市4号示例路114号,2026-01-10 10:33:00,active
2515,许可欣,13900002515,customer2515@example.com,城市5号示例路115号,2026-01-11 10:34:00,active
2516,何书宁,13900002516,customer2516@example.com,城市6号示例路116号,2026-01-12 10:35:00,active
2517,吕星墨,13900002517,customer2517@example.com,城市7号示例路117号,2026-01-13 10:36:00,active
2518,施晨然,13900002518,customer2518@example.com,城市8号示例路118号,2026-01-14 10:37:00,active
2519,张清行,13900002519,customer2519@example.com,城市9号示例路119号,2026-01-15 10:38:00,active
2520,孔雨桐,13900002520,customer2520@example.com,城市10号示例路120号,2026-01-16 10:39:00,active
2521,曹知阳,13900002521,customer2521@example.com,城市11号示例路121号,2026-01-17 10:40:00,inactive
2522,严向辰,13900002522,customer2522@example.com,城市12号示例路122号,2026-01-18 10:41:00,active
2523,华承彤,13900002523,customer2523@example.com,城市13号示例路123号,2026-01-19 10:42:00,active
2524,金泽轩,13900002524,customer2524@example.com,城市14号示例路124号,2026-01-20 10:43:00,active
2525,魏逸雯,13900002525,customer2525@example.com,城市15号示例路125号,2026-01-21 10:44:00,active
2526,陶思航,13900002526,customer2526@example.com,城市16号示例路126号,2026-01-22 10:45:00,active
2527,姜若悦,13900002527,customer2527@example.com,城市17号示例路127号,2026-01-23 10:46:00,active
2528,赵嘉言,13900002528,customer2528@example.com,城市18号示例路128号,2026-01-24 10:47:00,active
2529,钱子哲,13900002529,customer2529@example.com,城市19号示例路129号,2026-01-25 10:48:00,active
2530,孙安然,13900002530,customer2530@example.com,城市20号示例路130号,2026-01-26 10:49:00,active
2531,李景涵,13900002531,customer2531@example.com,城市21号示例路131号,2026-01-27 10:50:00,active
2532,周明禾,13900002532,customer2532@example.com,城市22号示例路132号,2026-01-28 10:51:00,active
2533,吴语远,13900002533,customer2533@example.com,城市23号示例路133号,2026-01-01 10:52:00,active
2534,郑沐欣,13900002534,customer2534@example.com,城市24号示例路134号,2026-01-02 10:53:00,active
2535,王亦宁,13900002535,customer2535@example.com,城市25号示例路135号,2026-01-03 10:54:00,active
2536,冯可墨,13900002536,customer2536@example.com,城市26号示例路136号,2026-01-04 10:55:00,active
2537,陈书然,13900002537,customer2537@example.com,城市27号示例路137号,2026-01-05 10:56:00,active
2538,褚星行,13900002538,customer2538@example.com,城市28号示例路138号,2026-01-06 10:57:00,active
2539,卫晨桐,13900002539,customer2539@example.com,城市29号示例路139号,2026-01-07 10:58:00,active
2540,蒋清阳,13900002540,customer2540@example.com,城市30号示例路140号,2026-01-08 10:59:00,active
2541,沈雨辰,13900002541,customer2541@example.com,城市1号示例路141号,2026-01-09 10:00:00,inactive
2542,韩知彤,13900002542,customer2542@example.com,城市2号示例路142号,2026-01-10 10:01:00,active
2543,杨向轩,13900002543,customer2543@example.com,城市3号示例路143号,2026-01-11 10:02:00,active
2544,朱承雯,13900002544,customer2544@example.com,城市4号示例路144号,2026-01-12 10:03:00,active
2545,秦泽航,13900002545,customer2545@example.com,城市5号示例路145号,2026-01-13 10:04:00,active
2546,许逸悦,13900002546,customer2546@example.com,城市6号示例路146号,2026-01-14 10:05:00,active
2547,何思言,13900002547,customer2547@example.com,城市7号示例路147号,2026-01-15 10:06:00,active
2548,吕若哲,13900002548,customer2548@example.com,城市8号示例路148号,2026-01-16 10:07:00,active
2549,施嘉然,13900002549,customer2549@example.com,城市9号示例路149号,2026-01-17 10:08:00,active
2550,张子涵,13900002550,customer2550@example.com,城市10号示例路150号,2026-01-18 10:09:00,active
2551,孔安禾,13900002551,customer2551@example.com,城市11号示例路151号,2026-01-19 10:10:00,active
2552,曹景远,13900002552,customer2552@example.com,城市12号示例路152号,2026-01-20 10:11:00,active
2553,严明欣,13900002553,customer2553@example.com,城市13号示例路153号,2026-01-21 10:12:00,active
2554,华语宁,13900002554,customer2554@example.com,城市14号示例路154号,2026-01-22 10:13:00,active
2555,金沐墨,13900002555,customer2555@example.com,城市15号示例路155号,2026-01-23 10:14:00,active
2556,魏亦然,13900002556,customer2556@example.com,城市16号示例路156号,2026-01-24 10:15:00,active
2557,陶可行,13900002557,customer2557@example.com,城市17号示例路157号,2026-01-25 10:16:00,active
2558,姜书桐,13900002558,customer2558@example.com,城市18号示例路158号,2026-01-26 10:17:00,active
2559,赵星阳,13900002559,customer2559@example.com,城市19号示例路159号,2026-01-27 10:18:00,active
2560,钱晨辰,13900002560,customer2560@example.com,城市20号示例路160号,2026-01-28 10:19:00,active
2561,孙清彤,13900002561,customer2561@example.com,城市21号示例路161号,2026-01-01 10:20:00,inactive
2562,李雨轩,13900002562,customer2562@example.com,城市22号示例路162号,2026-01-02 10:21:00,active
2563,周知雯,13900002563,customer2563@example.com,城市23号示例路163号,2026-01-03 10:22:00,active
2564,吴向航,13900002564,customer2564@example.com,城市24号示例路164号,2026-01-04 10:23:00,active
2565,郑承悦,13900002565,customer2565@example.com,城市25号示例路165号,2026-01-05 10:24:00,active
2566,王泽言,13900002566,customer2566@example.com,城市26号示例路166号,2026-01-06 10:25:00,active
2567,冯逸哲,13900002567,customer2567@example.com,城市27号示例路167号,2026-01-07 10:26:00,active
2568,陈思然,13900002568,customer2568@example.com,城市28号示例路168号,2026-01-08 10:27:00,active
2569,褚若涵,13900002569,customer2569@example.com,城市29号示例路169号,2026-01-09 10:28:00,active
2570,卫嘉禾,13900002570,customer2570@example.com,城市30号示例路170号,2026-01-10 10:29:00,active
2571,蒋子远,13900002571,customer2571@example.com,城市1号示例路171号,2026-01-11 10:30:00,active
2572,沈安欣,13900002572,customer2572@example.com,城市2号示例路172号,2026-01-12 10:31:00,active
2573,韩景宁,13900002573,customer2573@example.com,城市3号示例路173号,2026-01-13 10:32:00,active
2574,杨明墨,13900002574,customer2574@example.com,城市4号示例路174号,2026-01-14 10:33:00,active
2575,朱语然,13900002575,customer2575@example.com,城市5号示例路175号,2026-01-15 10:34:00,active
2576,秦沐行,13900002576,customer2576@example.com,城市6号示例路176号,2026-01-16 10:35:00,active
2577,许亦桐,13900002577,customer2577@example.com,城市7号示例路177号,2026-01-17 10:36:00,active
2578,何可阳,13900002578,customer2578@example.com,城市8号示例路178号,2026-01-18 10:37:00,active
2579,吕书辰,13900002579,customer2579@example.com,城市9号示例路179号,2026-01-19 10:38:00,active
2580,施星彤,13900002580,customer2580@example.com,城市10号示例路180号,2026-01-20 10:39:00,active
2581,张晨轩,13900002581,customer2581@example.com,城市11号示例路181号,2026-01-21 10:40:00,inactive
2582,孔清雯,13900002582,customer2582@example.com,城市12号示例路182号,2026-01-22 10:41:00,active
2583,曹雨航,13900002583,customer2583@example.com,城市13号示例路183号,2026-01-23 10:42:00,active
2584,严知悦,13900002584,customer2584@example.com,城市14号示例路184号,2026-01-24 10:43:00,active
2585,华向言,13900002585,customer2585@example.com,城市15号示例路185号,2026-01-25 10:44:00,active
2586,金承哲,13900002586,customer2586@example.com,城市16号示例路186号,2026-01-26 10:45:00,active
2587,魏泽然,13900002587,customer2587@example.com,城市17号示例路187号,2026-01-27 10:46:00,active
2588,陶逸涵,13900002588,customer2588@example.com,城市18号示例路188号,2026-01-28 10:47:00,active
2589,姜思禾,13900002589,customer2589@example.com,城市19号示例路189号,2026-01-01 10:48:00,active
2590,赵若远,13900002590,customer2590@example.com,城市20号示例路190号,2026-01-02 10:49:00,active
2591,钱嘉欣,13900002591,customer2591@example.com,城市21号示例路191号,2026-01-03 10:50:00,active
2592,孙子宁,13900002592,customer2592@example.com,城市22号示例路192号,2026-01-04 10:51:00,active
2593,李安墨,13900002593,customer2593@example.com,城市23号示例路193号,2026-01-05 10:52:00,active
2594,周景然,13900002594,customer2594@example.com,城市24号示例路194号,2026-01-06 10:53:00,active
2595,吴明行,13900002595,customer2595@example.com,城市25号示例路195号,2026-01-07 10:54:00,active
2596,郑语桐,13900002596,customer2596@example.com,城市26号示例路196号,2026-01-08 10:55:00,active
2597,王沐阳,13900002597,customer2597@example.com,城市27号示例路197号,2026-01-09 10:56:00,active
2598,冯亦辰,13900002598,customer2598@example.com,城市28号示例路198号,2026-01-10 10:57:00,active
2599,陈可彤,13900002599,customer2599@example.com,城市29号示例路199号,2026-01-11 10:58:00,active
2600,褚书轩,13900002600,customer2600@example.com,城市30号示例路200号,2026-01-12 10:59:00,active
2601,卫星雯,13900002601,customer2601@example.com,城市1号示例路1号,2026-01-13 10:00:00,inactive
2602,蒋晨航,13900002602,customer2602@example.com,城市2号示例路2号,2026-01-14 10:01:00,active
2603,沈清悦,13900002603,customer2603@example.com,城市3号示例路3号,2026-01-15 10:02:00,active
2604,韩雨言,13900002604,customer2604@example.com,城市4号示例路4号,2026-01-16 10:03:00,active
2605,杨知哲,13900002605,customer2605@example.com,城市5号示例路5号,2026-01-17 10:04:00,active
2606,朱向然,13900002606,customer2606@example.com,城市6号示例路6号,2026-01-18 10:05:00,active
2607,秦承涵,13900002607,customer2607@example.com,城市7号示例路7号,2026-01-19 10:06:00,active
2608,许泽禾,13900002608,customer2608@example.com,城市8号示例路8号,2026-01-20 10:07:00,active
2609,何逸远,13900002609,customer2609@example.com,城市9号示例路9号,2026-01-21 10:08:00,active
2610,吕思欣,13900002610,customer2610@example.com,城市10号示例路10号,2026-01-22 10:09:00,active
2611,施若宁,13900002611,customer2611@example.com,城市11号示例路11号,2026-01-23 10:10:00,active
2612,张嘉墨,13900002612,customer2612@example.com,城市12号示例路12号,2026-01-24 10:11:00,active
2613,孔子然,13900002613,customer2613@example.com,城市13号示例路13号,2026-01-25 10:12:00,active
2614,曹安行,13900002614,customer2614@example.com,城市14号示例路14号,2026-01-26 10:13:00,active
2615,严景桐,13900002615,customer2615@example.com,城市15号示例路15号,2026-01-27 10:14:00,active
2616,华明阳,13900002616,customer2616@example.com,城市16号示例路16号,2026-01-28 10:15:00,active
2617,金语辰,13900002617,customer2617@example.com,城市17号示例路17号,2026-01-01 10:16:00,active
2618,魏沐彤,13900002618,customer2618@example.com,城市18号示例路18号,2026-01-02 10:17:00,active
2619,陶亦轩,13900002619,customer2619@example.com,城市19号示例路19号,2026-01-03 10:18:00,active
2620,姜可雯,13900002620,customer2620@example.com,城市20号示例路20号,2026-01-04 10:19:00,active
2621,赵书航,13900002621,customer2621@example.com,城市21号示例路21号,2026-01-05 10:20:00,inactive
2622,钱星悦,13900002622,customer2622@example.com,城市22号示例路22号,2026-01-06 10:21:00,active
2623,孙晨言,13900002623,customer2623@example.com,城市23号示例路23号,2026-01-07 10:22:00,active
2624,李清哲,13900002624,customer2624@example.com,城市24号示例路24号,2026-01-08 10:23:00,active
2625,周雨然,13900002625,customer2625@example.com,城市25号示例路25号,2026-01-09 10:24:00,active
2626,吴知涵,13900002626,customer2626@example.com,城市26号示例路26号,2026-01-10 10:25:00,active
2627,郑向禾,13900002627,customer2627@example.com,城市27号示例路27号,2026-01-11 10:26:00,active
2628,王承远,13900002628,customer2628@example.com,城市28号示例路28号,2026-01-12 10:27:00,active
2629,冯泽欣,13900002629,customer2629@example.com,城市29号示例路29号,2026-01-13 10:28:00,active
2630,陈逸宁,13900002630,customer2630@example.com,城市30号示例路30号,2026-01-14 10:29:00,active
2631,褚思墨,13900002631,customer2631@example.com,城市1号示例路31号,2026-01-15 10:30:00,active
2632,卫若然,13900002632,customer2632@example.com,城市2号示例路32号,2026-01-16 10:31:00,active
2633,蒋嘉行,13900002633,customer2633@example.com,城市3号示例路33号,2026-01-17 10:32:00,active
2634,沈子桐,13900002634,customer2634@example.com,城市4号示例路34号,2026-01-18 10:33:00,active
2635,韩安阳,13900002635,customer2635@example.com,城市5号示例路35号,2026-01-19 10:34:00,active
2636,杨景辰,13900002636,customer2636@example.com,城市6号示例路36号,2026-01-20 10:35:00,active
2637,朱明彤,13900002637,customer2637@example.com,城市7号示例路37号,2026-01-21 10:36:00,active
2638,秦语轩,13900002638,customer2638@example.com,城市8号示例路38号,2026-01-22 10:37:00,active
2639,许沐雯,13900002639,customer2639@example.com,城市9号示例路39号,2026-01-23 10:38:00,active
2640,何亦航,13900002640,customer2640@example.com,城市10号示例路40号,2026-01-24 10:39:00,active
2641,吕可悦,13900002641,customer2641@example.com,城市11号示例路41号,2026-01-25 10:40:00,inactive
2642,施书言,13900002642,customer2642@example.com,城市12号示例路42号,2026-01-26 10:41:00,active
2643,张星哲,13900002643,customer2643@example.com,城市13号示例路43号,2026-01-27 10:42:00,active
2644,孔晨然,13900002644,customer2644@example.com,城市14号示例路44号,2026-01-28 10:43:00,active
2645,曹清涵,13900002645,customer2645@example.com,城市15号示例路45号,2026-01-01 10:44:00,active
2646,严雨禾,13900002646,customer2646@example.com,城市16号示例路46号,2026-01-02 10:45:00,active
2647,华知远,13900002647,customer2647@example.com,城市17号示例路47号,2026-01-03 10:46:00,active
2648,金向欣,13900002648,customer2648@example.com,城市18号示例路48号,2026-01-04 10:47:00,active
2649,魏承宁,13900002649,customer2649@example.com,城市19号示例路49号,2026-01-05 10:48:00,active
2650,陶泽墨,13900002650,customer2650@example.com,城市20号示例路50号,2026-01-06 10:49:00,active
2651,姜逸然,13900002651,customer2651@example.com,城市21号示例路51号,2026-01-07 10:50:00,active
2652,赵思行,13900002652,customer2652@example.com,城市22号示例路52号,2026-01-08 10:51:00,active
2653,钱若桐,13900002653,customer2653@example.com,城市23号示例路53号,2026-01-09 10:52:00,active
2654,孙嘉阳,13900002654,customer2654@example.com,城市24号示例路54号,2026-01-10 10:53:00,active
2655,李子辰,13900002655,customer2655@example.com,城市25号示例路55号,2026-01-11 10:54:00,active
2656,周安彤,13900002656,customer2656@example.com,城市26号示例路56号,2026-01-12 10:55:00,active
2657,吴景轩,13900002657,customer2657@example.com,城市27号示例路57号,2026-01-13 10:56:00,active
2658,郑明雯,13900002658,customer2658@example.com,城市28号示例路58号,2026-01-14 10:57:00,active
2659,王语航,13900002659,customer2659@example.com,城市29号示例路59号,2026-01-15 10:58:00,active
2660,冯沐悦,13900002660,customer2660@example.com,城市30号示例路60号,2026-01-16 10:59:00,active
2661,陈亦言,13900002661,customer2661@example.com,城市1号示例路61号,2026-01-17 10:00:00,inactive
2662,褚可哲,13900002662,customer2662@example.com,城市2号示例路62号,2026-01-18 10:01:00,active
2663,卫书然,13900002663,customer2663@example.com,城市3号示例路63号,2026-01-19 10:02:00,active
2664,蒋星涵,13900002664,customer2664@example.com,城市4号示例路64号,2026-01-20 10:03:00,active
2665,沈晨禾,13900002665,customer2665@example.com,城市5号示例路65号,2026-01-21 10:04:00,active
2666,韩清远,13900002666,customer2666@example.com,城市6号示例路66号,2026-01-22 10:05:00,active
2667,杨雨欣,13900002667,customer2667@example.com,城市7号示例路67号,2026-01-23 10:06:00,active
2668,朱知宁,13900002668,customer2668@example.com,城市8号示例路68号,2026-01-24 10:07:00,active
2669,秦向墨,13900002669,customer2669@example.com,城市9号示例路69号,2026-01-25 10:08:00,active
2670,许承然,13900002670,customer2670@example.com,城市10号示例路70号,2026-01-26 10:09:00,active
2671,何泽行,13900002671,customer2671@example.com,城市11号示例路71号,2026-01-27 10:10:00,active
2672,吕逸桐,13900002672,customer2672@example.com,城市12号示例路72号,2026-01-28 10:11:00,active
2673,施思阳,13900002673,customer2673@example.com,城市13号示例路73号,2026-01-01 10:12:00,active
2674,张若辰,13900002674,customer2674@example.com,城市14号示例路74号,2026-01-02 10:13:00,active
2675,孔嘉彤,13900002675,customer2675@example.com,城市15号示例路75号,2026-01-03 10:14:00,active
2676,曹子轩,13900002676,customer2676@example.com,城市16号示例路76号,2026-01-04 10:15:00,active
2677,严安雯,13900002677,customer2677@example.com,城市17号示例路77号,2026-01-05 10:16:00,active
2678,华景航,13900002678,customer2678@example.com,城市18号示例路78号,2026-01-06 10:17:00,active
2679,金明悦,13900002679,customer2679@example.com,城市19号示例路79号,2026-01-07 10:18:00,active
2680,魏语言,13900002680,customer2680@example.com,城市20号示例路80号,2026-01-08 10:19:00,active
2681,陶沐哲,13900002681,customer2681@example.com,城市21号示例路81号,2026-01-09 10:20:00,inactive
2682,姜亦然,13900002682,customer2682@example.com,城市22号示例路82号,2026-01-10 10:21:00,active
2683,赵可涵,13900002683,customer2683@example.com,城市23号示例路83号,2026-01-11 10:22:00,active
2684,钱书禾,13900002684,customer2684@example.com,城市24号示例路84号,2026-01-12 10:23:00,active
2685,孙星远,13900002685,customer2685@example.com,城市25号示例路85号,2026-01-13 10:24:00,active
2686,李晨欣,13900002686,customer2686@example.com,城市26号示例路86号,2026-01-14 10:25:00,active
2687,周清宁,13900002687,customer2687@example.com,城市27号示例路87号,2026-01-15 10:26:00,active
2688,吴雨墨,13900002688,customer2688@example.com,城市28号示例路88号,2026-01-16 10:27:00,active
2689,郑知然,13900002689,customer2689@example.com,城市29号示例路89号,2026-01-17 10:28:00,active
2690,王向行,13900002690,customer2690@example.com,城市30号示例路90号,2026-01-18 10:29:00,active
2691,冯承桐,13900002691,customer2691@example.com,城市1号示例路91号,2026-01-19 10:30:00,active
2692,陈泽阳,13900002692,customer2692@example.com,城市2号示例路92号,2026-01-20 10:31:00,active
2693,褚逸辰,13900002693,customer2693@example.com,城市3号示例路93号,2026-01-21 10:32:00,active
2694,卫思彤,13900002694,customer2694@example.com,城市4号示例路94号,2026-01-22 10:33:00,active
2695,蒋若轩,13900002695,customer2695@example.com,城市5号示例路95号,2026-01-23 10:34:00,active
2696,沈嘉雯,13900002696,customer2696@example.com,城市6号示例路96号,2026-01-24 10:35:00,active
2697,韩子航,13900002697,customer2697@example.com,城市7号示例路97号,2026-01-25 10:36:00,active
2698,杨安悦,13900002698,customer2698@example.com,城市8号示例路98号,2026-01-26 10:37:00,active
2699,朱景言,13900002699,customer2699@example.com,城市9号示例路99号,2026-01-27 10:38:00,active
2700,秦明哲,13900002700,customer2700@example.com,城市10号示例路100号,2026-01-28 10:39:00,active
2701,许语然,13900002701,customer2701@example.com,城市11号示例路101号,2026-01-01 10:40:00,inactive
2702,何沐涵,13900002702,customer2702@example.com,城市12号示例路102号,2026-01-02 10:41:00,active
2703,吕亦禾,13900002703,customer2703@example.com,城市13号示例路103号,2026-01-03 10:42:00,active
2704,施可远,13900002704,customer2704@example.com,城市14号示例路104号,2026-01-04 10:43:00,active
2705,张书欣,13900002705,customer2705@example.com,城市15号示例路105号,2026-01-05 10:44:00,active
2706,孔星宁,13900002706,customer2706@example.com,城市16号示例路106号,2026-01-06 10:45:00,active
2707,曹晨墨,13900002707,customer2707@example.com,城市17号示例路107号,2026-01-07 10:46:00,active
2708,严清然,13900002708,customer2708@example.com,城市18号示例路108号,2026-01-08 10:47:00,active
2709,华雨行,13900002709,customer2709@example.com,城市19号示例路109号,2026-01-09 10:48:00,active
2710,金知桐,13900002710,customer2710@example.com,城市20号示例路110号,2026-01-10 10:49:00,active
2711,魏向阳,13900002711,customer2711@example.com,城市21号示例路111号,2026-01-11 10:50:00,active
2712,陶承辰,13900002712,customer2712@example.com,城市22号示例路112号,2026-01-12 10:51:00,active
2713,姜泽彤,13900002713,customer2713@example.com,城市23号示例路113号,2026-01-13 10:52:00,active
2714,赵逸轩,13900002714,customer2714@example.com,城市24号示例路114号,2026-01-14 10:53:00,active
2715,钱思雯,13900002715,customer2715@example.com,城市25号示例路115号,2026-01-15 10:54:00,active
2716,孙若航,13900002716,customer2716@example.com,城市26号示例路116号,2026-01-16 10:55:00,active
2717,李嘉悦,13900002717,customer2717@example.com,城市27号示例路117号,2026-01-17 10:56:00,active
2718,周子言,13900002718,customer2718@example.com,城市28号示例路118号,2026-01-18 10:57:00,active
2719,吴安哲,13900002719,customer2719@example.com,城市29号示例路119号,2026-01-19 10:58:00,active
2720,郑景然,13900002720,customer2720@example.com,城市30号示例路120号,2026-01-20 10:59:00,active
2721,王明涵,13900002721,customer2721@example.com,城市1号示例路121号,2026-01-21 10:00:00,inactive
2722,冯语禾,13900002722,customer2722@example.com,城市2号示例路122号,2026-01-22 10:01:00,active
2723,陈沐远,13900002723,customer2723@example.com,城市3号示例路123号,2026-01-23 10:02:00,active
2724,褚亦欣,13900002724,customer2724@example.com,城市4号示例路124号,2026-01-24 10:03:00,active
2725,卫可宁,13900002725,customer2725@example.com,城市5号示例路125号,2026-01-25 10:04:00,active
2726,蒋书墨,13900002726,customer2726@example.com,城市6号示例路126号,2026-01-26 10:05:00,active
2727,沈星然,13900002727,customer2727@example.com,城市7号示例路127号,2026-01-27 10:06:00,active
2728,韩晨行,13900002728,customer2728@example.com,城市8号示例路128号,2026-01-28 10:07:00,active
2729,杨清桐,13900002729,customer2729@example.com,城市9号示例路129号,2026-01-01 10:08:00,active
2730,朱雨阳,13900002730,customer2730@example.com,城市10号示例路130号,2026-01-02 10:09:00,active
2731,秦知辰,13900002731,customer2731@example.com,城市11号示例路131号,2026-01-03 10:10:00,active
2732,许向彤,13900002732,customer2732@example.com,城市12号示例路132号,2026-01-04 10:11:00,active
2733,何承轩,13900002733,customer2733@example.com,城市13号示例路133号,2026-01-05 10:12:00,active
2734,吕泽雯,13900002734,customer2734@example.com,城市14号示例路134号,2026-01-06 10:13:00,active
2735,施逸航,13900002735,customer2735@example.com,城市15号示例路135号,2026-01-07 10:14:00,active
2736,张思悦,13900002736,customer2736@example.com,城市16号示例路136号,2026-01-08 10:15:00,active
2737,孔若言,13900002737,customer2737@example.com,城市17号示例路137号,2026-01-09 10:16:00,active
2738,曹嘉哲,13900002738,customer2738@example.com,城市18号示例路138号,2026-01-10 10:17:00,active
2739,严子然,13900002739,customer2739@example.com,城市19号示例路139号,2026-01-11 10:18:00,active
2740,华安涵,13900002740,customer2740@example.com,城市20号示例路140号,2026-01-12 10:19:00,active
2741,金景禾,13900002741,customer2741@example.com,城市21号示例路141号,2026-01-13 10:20:00,inactive
2742,魏明远,13900002742,customer2742@example.com,城市22号示例路142号,2026-01-14 10:21:00,active
2743,陶语欣,13900002743,customer2743@example.com,城市23号示例路143号,2026-01-15 10:22:00,active
2744,姜沐宁,13900002744,customer2744@example.com,城市24号示例路144号,2026-01-16 10:23:00,active
2745,赵亦墨,13900002745,customer2745@example.com,城市25号示例路145号,2026-01-17 10:24:00,active
2746,钱可然,13900002746,customer2746@example.com,城市26号示例路146号,2026-01-18 10:25:00,active
2747,孙书行,13900002747,customer2747@example.com,城市27号示例路147号,2026-01-19 10:26:00,active
2748,李星桐,13900002748,customer2748@example.com,城市28号示例路148号,2026-01-20 10:27:00,active
2749,周晨阳,13900002749,customer2749@example.com,城市29号示例路149号,2026-01-21 10:28:00,active
2750,吴清辰,13900002750,customer2750@example.com,城市30号示例路150号,2026-01-22 10:29:00,active
2751,郑雨彤,13900002751,customer2751@example.com,城市1号示例路151号,2026-01-23 10:30:00,active
2752,王知轩,13900002752,customer2752@example.com,城市2号示例路152号,2026-01-24 10:31:00,active
2753,冯向雯,13900002753,customer2753@example.com,城市3号示例路153号,2026-01-25 10:32:00,active
2754,陈承航,13900002754,customer2754@example.com,城市4号示例路154号,2026-01-26 10:33:00,active
2755,褚泽悦,13900002755,customer2755@example.com,城市5号示例路155号,2026-01-27 10:34:00,active
2756,卫逸言,13900002756,customer2756@example.com,城市6号示例路156号,2026-01-28 10:35:00,active
2757,蒋思哲,13900002757,customer2757@example.com,城市7号示例路157号,2026-01-01 10:36:00,active
2758,沈若然,13900002758,customer2758@example.com,城市8号示例路158号,2026-01-02 10:37:00,active
2759,韩嘉涵,13900002759,customer2759@example.com,城市9号示例路159号,2026-01-03 10:38:00,active
2760,杨子禾,13900002760,customer2760@example.com,城市10号示例路160号,2026-01-04 10:39:00,active
2761,朱安远,13900002761,customer2761@example.com,城市11号示例路161号,2026-01-05 10:40:00,inactive
2762,秦景欣,13900002762,customer2762@example.com,城市12号示例路162号,2026-01-06 10:41:00,active
2763,许明宁,13900002763,customer2763@example.com,城市13号示例路163号,2026-01-07 10:42:00,active
2764,何语墨,13900002764,customer2764@example.com,城市14号示例路164号,2026-01-08 10:43:00,active
2765,吕沐然,13900002765,customer2765@example.com,城市15号示例路165号,2026-01-09 10:44:00,active
2766,施亦行,13900002766,customer2766@example.com,城市16号示例路166号,2026-01-10 10:45:00,active
2767,张可桐,13900002767,customer2767@example.com,城市17号示例路167号,2026-01-11 10:46:00,active
2768,孔书阳,13900002768,customer2768@example.com,城市18号示例路168号,2026-01-12 10:47:00,active
2769,曹星辰,13900002769,customer2769@example.com,城市19号示例路169号,2026-01-13 10:48:00,active
2770,严晨彤,13900002770,customer2770@example.com,城市20号示例路170号,2026-01-14 10:49:00,active
2771,华清轩,13900002771,customer2771@example.com,城市21号示例路171号,2026-01-15 10:50:00,active
2772,金雨雯,13900002772,customer2772@example.com,城市22号示例路172号,2026-01-16 10:51:00,active
2773,魏知航,13900002773,customer2773@example.com,城市23号示例路173号,2026-01-17 10:52:00,active
2774,陶向悦,13900002774,customer2774@example.com,城市24号示例路174号,2026-01-18 10:53:00,active
2775,姜承言,13900002775,customer2775@example.com,城市25号示例路175号,2026-01-19 10:54:00,active
2776,赵泽哲,13900002776,customer2776@example.com,城市26号示例路176号,2026-01-20 10:55:00,active
2777,钱逸然,13900002777,customer2777@example.com,城市27号示例路177号,2026-01-21 10:56:00,active
2778,孙思涵,13900002778,customer2778@example.com,城市28号示例路178号,2026-01-22 10:57:00,active
2779,李若禾,13900002779,customer2779@example.com,城市29号示例路179号,2026-01-23 10:58:00,active
2780,周嘉远,13900002780,customer2780@example.com,城市30号示例路180号,2026-01-24 10:59:00,active
2781,吴子欣,13900002781,customer2781@example.com,城市1号示例路181号,2026-01-25 10:00:00,inactive
2782,郑安宁,13900002782,customer2782@example.com,城市2号示例路182号,2026-01-26 10:01:00,active
2783,王景墨,13900002783,customer2783@example.com,城市3号示例路183号,2026-01-27 10:02:00,active
2784,冯明然,13900002784,customer2784@example.com,城市4号示例路184号,2026-01-28 10:03:00,active
2785,陈语行,13900002785,customer2785@example.com,城市5号示例路185号,2026-01-01 10:04:00,active
2786,褚沐桐,13900002786,customer2786@example.com,城市6号示例路186号,2026-01-02 10:05:00,active
2787,卫亦阳,13900002787,customer2787@example.com,城市7号示例路187号,2026-01-03 10:06:00,active
2788,蒋可辰,13900002788,customer2788@example.com,城市8号示例路188号,2026-01-04 10:07:00,active
2789,沈书彤,13900002789,customer2789@example.com,城市9号示例路189号,2026-01-05 10:08:00,active
2790,韩星轩,13900002790,customer2790@example.com,城市10号示例路190号,2026-01-06 10:09:00,active
2791,杨晨雯,13900002791,customer2791@example.com,城市11号示例路191号,2026-01-07 10:10:00,active
2792,朱清航,13900002792,customer2792@example.com,城市12号示例路192号,2026-01-08 10:11:00,active
2793,秦雨悦,13900002793,customer2793@example.com,城市13号示例路193号,2026-01-09 10:12:00,active
2794,许知言,13900002794,customer2794@example.com,城市14号示例路194号,2026-01-10 10:13:00,active
2795,何向哲,13900002795,customer2795@example.com,城市15号示例路195号,2026-01-11 10:14:00,active
2796,吕承然,13900002796,customer2796@example.com,城市16号示例路196号,2026-01-12 10:15:00,active
2797,施泽涵,13900002797,customer2797@example.com,城市17号示例路197号,2026-01-13 10:16:00,active
2798,张逸禾,13900002798,customer2798@example.com,城市18号示例路198号,2026-01-14 10:17:00,active
2799,孔思远,13900002799,customer2799@example.com,城市19号示例路199号,2026-01-15 10:18:00,active
2800,曹若欣,13900002800,customer2800@example.com,城市20号示例路200号,2026-01-16 10:19:00,active
2801,严嘉宁,13900002801,customer2801@example.com,城市21号示例路1号,2026-01-17 10:20:00,inactive
2802,华子墨,13900002802,customer2802@example.com,城市22号示例路2号,2026-01-18 10:21:00,active
2803,金安然,13900002803,customer2803@example.com,城市23号示例路3号,2026-01-19 10:22:00,active
2804,魏景行,13900002804,customer2804@example.com,城市24号示例路4号,2026-01-20 10:23:00,active
2805,陶明桐,13900002805,customer2805@example.com,城市25号示例路5号,2026-01-21 10:24:00,active
2806,姜语阳,13900002806,customer2806@example.com,城市26号示例路6号,2026-01-22 10:25:00,active
2807,赵沐辰,13900002807,customer2807@example.com,城市27号示例路7号,2026-01-23 10:26:00,active
2808,钱亦彤,13900002808,customer2808@example.com,城市28号示例路8号,2026-01-24 10:27:00,active
2809,孙可轩,13900002809,customer2809@example.com,城市29号示例路9号,2026-01-25 10:28:00,active
2810,李书雯,13900002810,customer2810@example.com,城市30号示例路10号,2026-01-26 10:29:00,active
2811,周星航,13900002811,customer2811@example.com,城市1号示例路11号,2026-01-27 10:30:00,active
2812,吴晨悦,13900002812,customer2812@example.com,城市2号示例路12号,2026-01-28 10:31:00,active
2813,郑清言,13900002813,customer2813@example.com,城市3号示例路13号,2026-01-01 10:32:00,active
2814,王雨哲,13900002814,customer2814@example.com,城市4号示例路14号,2026-01-02 10:33:00,active
2815,冯知然,13900002815,customer2815@example.com,城市5号示例路15号,2026-01-03 10:34:00,active
2816,陈向涵,13900002816,customer2816@example.com,城市6号示例路16号,2026-01-04 10:35:00,active
2817,褚承禾,13900002817,customer2817@example.com,城市7号示例路17号,2026-01-05 10:36:00,active
2818,卫泽远,13900002818,customer2818@example.com,城市8号示例路18号,2026-01-06 10:37:00,active
2819,蒋逸欣,13900002819,customer2819@example.com,城市9号示例路19号,2026-01-07 10:38:00,active
2820,沈思宁,13900002820,customer2820@example.com,城市10号示例路20号,2026-01-08 10:39:00,active
2821,韩若墨,13900002821,customer2821@example.com,城市11号示例路21号,2026-01-09 10:40:00,inactive
2822,杨嘉然,13900002822,customer2822@example.com,城市12号示例路22号,2026-01-10 10:41:00,active
2823,朱子行,13900002823,customer2823@example.com,城市13号示例路23号,2026-01-11 10:42:00,active
2824,秦安桐,13900002824,customer2824@example.com,城市14号示例路24号,2026-01-12 10:43:00,active
2825,许景阳,13900002825,customer2825@example.com,城市15号示例路25号,2026-01-13 10:44:00,active
2826,何明辰,13900002826,customer2826@example.com,城市16号示例路26号,2026-01-14 10:45:00,active
2827,吕语彤,13900002827,customer2827@example.com,城市17号示例路27号,2026-01-15 10:46:00,active
2828,施沐轩,13900002828,customer2828@example.com,城市18号示例路28号,2026-01-16 10:47:00,active
2829,张亦雯,13900002829,customer2829@example.com,城市19号示例路29号,2026-01-17 10:48:00,active
2830,孔可航,13900002830,customer2830@example.com,城市20号示例路30号,2026-01-18 10:49:00,active
2831,曹书悦,13900002831,customer2831@example.com,城市21号示例路31号,2026-01-19 10:50:00,active
2832,严星言,13900002832,customer2832@example.com,城市22号示例路32号,2026-01-20 10:51:00,active
2833,华晨哲,13900002833,customer2833@example.com,城市23号示例路33号,2026-01-21 10:52:00,active
2834,金清然,13900002834,customer2834@example.com,城市24号示例路34号,2026-01-22 10:53:00,active
2835,魏雨涵,13900002835,customer2835@example.com,城市25号示例路35号,2026-01-23 10:54:00,active
2836,陶知禾,13900002836,customer2836@example.com,城市26号示例路36号,2026-01-24 10:55:00,active
2837,姜向远,13900002837,customer2837@example.com,城市27号示例路37号,2026-01-25 10:56:00,active
2838,赵承欣,13900002838,customer2838@example.com,城市28号示例路38号,2026-01-26 10:57:00,active
2839,钱泽宁,13900002839,customer2839@example.com,城市29号示例路39号,2026-01-27 10:58:00,active
2840,孙逸墨,13900002840,customer2840@example.com,城市30号示例路40号,2026-01-28 10:59:00,active
2841,李思然,13900002841,customer2841@example.com,城市1号示例路41号,2026-01-01 10:00:00,inactive
2842,周若行,13900002842,customer2842@example.com,城市2号示例路42号,2026-01-02 10:01:00,active
2843,吴嘉桐,13900002843,customer2843@example.com,城市3号示例路43号,2026-01-03 10:02:00,active
2844,郑子阳,13900002844,customer2844@example.com,城市4号示例路44号,2026-01-04 10:03:00,active
2845,王安辰,13900002845,customer2845@example.com,城市5号示例路45号,2026-01-05 10:04:00,active
2846,冯景彤,13900002846,customer2846@example.com,城市6号示例路46号,2026-01-06 10:05:00,active
2847,陈明轩,13900002847,customer2847@example.com,城市7号示例路47号,2026-01-07 10:06:00,active
2848,褚语雯,13900002848,customer2848@example.com,城市8号示例路48号,2026-01-08 10:07:00,active
2849,卫沐航,13900002849,customer2849@example.com,城市9号示例路49号,2026-01-09 10:08:00,active
2850,蒋亦悦,13900002850,customer2850@example.com,城市10号示例路50号,2026-01-10 10:09:00,active
2851,沈可言,13900002851,customer2851@example.com,城市11号示例路51号,2026-01-11 10:10:00,active
2852,韩书哲,13900002852,customer2852@example.com,城市12号示例路52号,2026-01-12 10:11:00,active
2853,杨星然,13900002853,customer2853@example.com,城市13号示例路53号,2026-01-13 10:12:00,active
2854,朱晨涵,13900002854,customer2854@example.com,城市14号示例路54号,2026-01-14 10:13:00,active
2855,秦清禾,13900002855,customer2855@example.com,城市15号示例路55号,2026-01-15 10:14:00,active
2856,许雨远,13900002856,customer2856@example.com,城市16号示例路56号,2026-01-16 10:15:00,active
2857,何知欣,13900002857,customer2857@example.com,城市17号示例路57号,2026-01-17 10:16:00,active
2858,吕向宁,13900002858,customer2858@example.com,城市18号示例路58号,2026-01-18 10:17:00,active
2859,施承墨,13900002859,customer2859@example.com,城市19号示例路59号,2026-01-19 10:18:00,active
2860,张泽然,13900002860,customer2860@example.com,城市20号示例路60号,2026-01-20 10:19:00,active
2861,孔逸行,13900002861,customer2861@example.com,城市21号示例路61号,2026-01-21 10:20:00,inactive
2862,曹思桐,13900002862,customer2862@example.com,城市22号示例路62号,2026-01-22 10:21:00,active
2863,严若阳,13900002863,customer2863@example.com,城市23号示例路63号,2026-01-23 10:22:00,active
2864,华嘉辰,13900002864,customer2864@example.com,城市24号示例路64号,2026-01-24 10:23:00,active
2865,金子彤,13900002865,customer2865@example.com,城市25号示例路65号,2026-01-25 10:24:00,active
2866,魏安轩,13900002866,customer2866@example.com,城市26号示例路66号,2026-01-26 10:25:00,active
2867,陶景雯,13900002867,customer2867@example.com,城市27号示例路67号,2026-01-27 10:26:00,active
2868,姜明航,13900002868,customer2868@example.com,城市28号示例路68号,2026-01-28 10:27:00,active
2869,赵语悦,13900002869,customer2869@example.com,城市29号示例路69号,2026-01-01 10:28:00,active
2870,钱沐言,13900002870,customer2870@example.com,城市30号示例路70号,2026-01-02 10:29:00,active
2871,孙亦哲,13900002871,customer2871@example.com,城市1号示例路71号,2026-01-03 10:30:00,active
2872,李可然,13900002872,customer2872@example.com,城市2号示例路72号,2026-01-04 10:31:00,active
2873,周书涵,13900002873,customer2873@example.com,城市3号示例路73号,2026-01-05 10:32:00,active
2874,吴星禾,13900002874,customer2874@example.com,城市4号示例路74号,2026-01-06 10:33:00,active
2875,郑晨远,13900002875,customer2875@example.com,城市5号示例路75号,2026-01-07 10:34:00,active
2876,王清欣,13900002876,customer2876@example.com,城市6号示例路76号,2026-01-08 10:35:00,active
2877,冯雨宁,13900002877,customer2877@example.com,城市7号示例路77号,2026-01-09 10:36:00,active
2878,陈知墨,13900002878,customer2878@example.com,城市8号示例路78号,2026-01-10 10:37:00,active
2879,褚向然,13900002879,customer2879@example.com,城市9号示例路79号,2026-01-11 10:38:00,active
2880,卫承行,13900002880,customer2880@example.com,城市10号示例路80号,2026-01-12 10:39:00,active
2881,蒋泽桐,13900002881,customer2881@example.com,城市11号示例路81号,2026-01-13 10:40:00,inactive
2882,沈逸阳,13900002882,customer2882@example.com,城市12号示例路82号,2026-01-14 10:41:00,active
2883,韩思辰,13900002883,customer2883@example.com,城市13号示例路83号,2026-01-15 10:42:00,active
2884,杨若彤,13900002884,customer2884@example.com,城市14号示例路84号,2026-01-16 10:43:00,active
2885,朱嘉轩,13900002885,customer2885@example.com,城市15号示例路85号,2026-01-17 10:44:00,active
2886,秦子雯,13900002886,customer2886@example.com,城市16号示例路86号,2026-01-18 10:45:00,active
2887,许安航,13900002887,customer2887@example.com,城市17号示例路87号,2026-01-19 10:46:00,active
2888,何景悦,13900002888,customer2888@example.com,城市18号示例路88号,2026-01-20 10:47:00,active
2889,吕明言,13900002889,customer2889@example.com,城市19号示例路89号,2026-01-21 10:48:00,active
2890,施语哲,13900002890,customer2890@example.com,城市20号示例路90号,2026-01-22 10:49:00,active
2891,张沐然,13900002891,customer2891@example.com,城市21号示例路91号,2026-01-23 10:50:00,active
2892,孔亦涵,13900002892,customer2892@example.com,城市22号示例路92号,2026-01-24 10:51:00,active
2893,曹可禾,13900002893,customer2893@example.com,城市23号示例路93号,2026-01-25 10:52:00,active
2894,严书远,13900002894,customer2894@example.com,城市24号示例路94号,2026-01-26 10:53:00,active
2895,华星欣,13900002895,customer2895@example.com,城市25号示例路95号,2026-01-27 10:54:00,active
2896,金晨宁,13900002896,customer2896@example.com,城市26号示例路96号,2026-01-28 10:55:00,active
2897,魏清墨,13900002897,customer2897@example.com,城市27号示例路97号,2026-01-01 10:56:00,active
2898,陶雨然,13900002898,customer2898@example.com,城市28号示例路98号,2026-01-02 10:57:00,active
2899,姜知行,13900002899,customer2899@example.com,城市29号示例路99号,2026-01-03 10:58:00,active
2900,赵向桐,13900002900,customer2900@example.com,城市30号示例路100号,2026-01-04 10:59:00,active
2901,钱承阳,13900002901,customer2901@example.com,城市1号示例路101号,2026-01-05 10:00:00,inactive
2902,孙泽辰,13900002902,customer2902@example.com,城市2号示例路102号,2026-01-06 10:01:00,active
2903,李逸彤,13900002903,customer2903@example.com,城市3号示例路103号,2026-01-07 10:02:00,active
2904,周思轩,13900002904,customer2904@example.com,城市4号示例路104号,2026-01-08 10:03:00,active
2905,吴若雯,13900002905,customer2905@example.com,城市5号示例路105号,2026-01-09 10:04:00,active
2906,郑嘉航,13900002906,customer2906@example.com,城市6号示例路106号,2026-01-10 10:05:00,active
2907,王子悦,13900002907,customer2907@example.com,城市7号示例路107号,2026-01-11 10:06:00,active
2908,冯安言,13900002908,customer2908@example.com,城市8号示例路108号,2026-01-12 10:07:00,active
2909,陈景哲,13900002909,customer2909@example.com,城市9号示例路109号,2026-01-13 10:08:00,active
2910,褚明然,13900002910,customer2910@example.com,城市10号示例路110号,2026-01-14 10:09:00,active
2911,卫语涵,13900002911,customer2911@example.com,城市11号示例路111号,2026-01-15 10:10:00,active
2912,蒋沐禾,13900002912,customer2912@example.com,城市12号示例路112号,2026-01-16 10:11:00,active
2913,沈亦远,13900002913,customer2913@example.com,城市13号示例路113号,2026-01-17 10:12:00,active
2914,韩可欣,13900002914,customer2914@example.com,城市14号示例路114号,2026-01-18 10:13:00,active
2915,杨书宁,13900002915,customer2915@example.com,城市15号示例路115号,2026-01-19 10:14:00,active
2916,朱星墨,13900002916,customer2916@example.com,城市16号示例路116号,2026-01-20 10:15:00,active
2917,秦晨然,13900002917,customer2917@example.com,城市17号示例路117号,2026-01-21 10:16:00,active
2918,许清行,13900002918,customer2918@example.com,城市18号示例路118号,2026-01-22 10:17:00,active
2919,何雨桐,13900002919,customer2919@example.com,城市19号示例路119号,2026-01-23 10:18:00,active
2920,吕知阳,13900002920,customer2920@example.com,城市20号示例路120号,2026-01-24 10:19:00,active
2921,施向辰,13900002921,customer2921@example.com,城市21号示例路121号,2026-01-25 10:20:00,inactive
2922,张承彤,13900002922,customer2922@example.com,城市22号示例路122号,2026-01-26 10:21:00,active
2923,孔泽轩,13900002923,customer2923@example.com,城市23号示例路123号,2026-01-27 10:22:00,active
2924,曹逸雯,13900002924,customer2924@example.com,城市24号示例路124号,2026-01-28 10:23:00,active
2925,严思航,13900002925,customer2925@example.com,城市25号示例路125号,2026-01-01 10:24:00,active
2926,华若悦,13900002926,customer2926@example.com,城市26号示例路126号,2026-01-02 10:25:00,active
2927,金嘉言,13900002927,customer2927@example.com,城市27号示例路127号,2026-01-03 10:26:00,active
2928,魏子哲,13900002928,customer2928@example.com,城市28号示例路128号,2026-01-04 10:27:00,active
2929,陶安然,13900002929,customer2929@example.com,城市29号示例路129号,2026-01-05 10:28:00,active
2930,姜景涵,13900002930,customer2930@example.com,城市30号示例路130号,2026-01-06 10:29:00,active
2931,赵明禾,13900002931,customer2931@example.com,城市1号示例路131号,2026-01-07 10:30:00,active
2932,钱语远,13900002932,customer2932@example.com,城市2号示例路132号,2026-01-08 10:31:00,active
2933,孙沐欣,13900002933,customer2933@example.com,城市3号示例路133号,2026-01-09 10:32:00,active
2934,李亦宁,13900002934,customer2934@example.com,城市4号示例路134号,2026-01-10 10:33:00,active
2935,周可墨,13900002935,customer2935@example.com,城市5号示例路135号,2026-01-11 10:34:00,active
2936,吴书然,13900002936,customer2936@example.com,城市6号示例路136号,2026-01-12 10:35:00,active
2937,郑星行,13900002937,customer2937@example.com,城市7号示例路137号,2026-01-13 10:36:00,active
2938,王晨桐,13900002938,customer2938@example.com,城市8号示例路138号,2026-01-14 10:37:00,active
2939,冯清阳,13900002939,customer2939@example.com,城市9号示例路139号,2026-01-15 10:38:00,active
2940,陈雨辰,13900002940,customer2940@example.com,城市10号示例路140号,2026-01-16 10:39:00,active
2941,褚知彤,13900002941,customer2941@example.com,城市11号示例路141号,2026-01-17 10:40:00,inactive
2942,卫向轩,13900002942,customer2942@example.com,城市12号示例路142号,2026-01-18 10:41:00,active
2943,蒋承雯,13900002943,customer2943@example.com,城市13号示例路143号,2026-01-19 10:42:00,active
2944,沈泽航,13900002944,customer2944@example.com,城市14号示例路144号,2026-01-20 10:43:00,active
2945,韩逸悦,13900002945,customer2945@example.com,城市15号示例路145号,2026-01-21 10:44:00,active
2946,杨思言,13900002946,customer2946@example.com,城市16号示例路146号,2026-01-22 10:45:00,active
2947,朱若哲,13900002947,customer2947@example.com,城市17号示例路147号,2026-01-23 10:46:00,active
2948,秦嘉然,13900002948,customer2948@example.com,城市18号示例路148号,2026-01-24 10:47:00,active
2949,许子涵,13900002949,customer2949@example.com,城市19号示例路149号,2026-01-25 10:48:00,active
2950,何安禾,13900002950,customer2950@example.com,城市20号示例路150号,2026-01-26 10:49:00,active
2951,吕景远,13900002951,customer2951@example.com,城市21号示例路151号,2026-01-27 10:50:00,active
2952,施明欣,13900002952,customer2952@example.com,城市22号示例路152号,2026-01-28 10:51:00,active
2953,张语宁,13900002953,customer2953@example.com,城市23号示例路153号,2026-01-01 10:52:00,active
2954,孔沐墨,13900002954,customer2954@example.com,城市24号示例路154号,2026-01-02 10:53:00,active
2955,曹亦然,13900002955,customer2955@example.com,城市25号示例路155号,2026-01-03 10:54:00,active
2956,严可行,13900002956,customer2956@example.com,城市26号示例路156号,2026-01-04 10:55:00,active
2957,华书桐,13900002957,customer2957@example.com,城市27号示例路157号,2026-01-05 10:56:00,active
2958,金星阳,13900002958,customer2958@example.com,城市28号示例路158号,2026-01-06 10:57:00,active
2959,魏晨辰,13900002959,customer2959@example.com,城市29号示例路159号,2026-01-07 10:58:00,active
2960,陶清彤,13900002960,customer2960@example.com,城市30号示例路160号,2026-01-08 10:59:00,active
2961,姜雨轩,13900002961,customer2961@example.com,城市1号示例路161号,2026-01-09 10:00:00,inactive
2962,赵知雯,13900002962,customer2962@example.com,城市2号示例路162号,2026-01-10 10:01:00,active
2963,钱向航,13900002963,customer2963@example.com,城市3号示例路163号,2026-01-11 10:02:00,active
2964,孙承悦,13900002964,customer2964@example.com,城市4号示例路164号,2026-01-12 10:03:00,active
2965,李泽言,13900002965,customer2965@example.com,城市5号示例路165号,2026-01-13 10:04:00,active
2966,周逸哲,13900002966,customer2966@example.com,城市6号示例路166号,2026-01-14 10:05:00,active
2967,吴思然,13900002967,customer2967@example.com,城市7号示例路167号,2026-01-15 10:06:00,active
2968,郑若涵,13900002968,customer2968@example.com,城市8号示例路168号,2026-01-16 10:07:00,active
2969,王嘉禾,13900002969,customer2969@example.com,城市9号示例路169号,2026-01-17 10:08:00,active
2970,冯子远,13900002970,customer2970@example.com,城市10号示例路170号,2026-01-18 10:09:00,active
2971,陈安欣,13900002971,customer2971@example.com,城市11号示例路171号,2026-01-19 10:10:00,active
2972,褚景宁,13900002972,customer2972@example.com,城市12号示例路172号,2026-01-20 10:11:00,active
2973,卫明墨,13900002973,customer2973@example.com,城市13号示例路173号,2026-01-21 10:12:00,active
2974,蒋语然,13900002974,customer2974@example.com,城市14号示例路174号,2026-01-22 10:13:00,active
2975,沈沐行,13900002975,customer2975@example.com,城市15号示例路175号,2026-01-23 10:14:00,active
2976,韩亦桐,13900002976,customer2976@example.com,城市16号示例路176号,2026-01-24 10:15:00,active
2977,杨可阳,13900002977,customer2977@example.com,城市17号示例路177号,2026-01-25 10:16:00,active
2978,朱书辰,13900002978,customer2978@example.com,城市18号示例路178号,2026-01-26 10:17:00,active
2979,秦星彤,13900002979,customer2979@example.com,城市19号示例路179号,2026-01-27 10:18:00,active
2980,许晨轩,13900002980,customer2980@example.com,城市20号示例路180号,2026-01-28 10:19:00,active
2981,何清雯,13900002981,customer2981@example.com,城市21号示例路181号,2026-01-01 10:20:00,inactive
2982,吕雨航,13900002982,customer2982@example.com,城市22号示例路182号,2026-01-02 10:21:00,active
2983,施知悦,13900002983,customer2983@example.com,城市23号示例路183号,2026-01-03 10:22:00,active
2984,张向言,13900002984,customer2984@example.com,城市24号示例路184号,2026-01-04 10:23:00,active
2985,孔承哲,13900002985,customer2985@example.com,城市25号示例路185号,2026-01-05 10:24:00,active
2986,曹泽然,13900002986,customer2986@example.com,城市26号示例路186号,2026-01-06 10:25:00,active
2987,严逸涵,13900002987,customer2987@example.com,城市27号示例路187号,2026-01-07 10:26:00,active
2988,华思禾,13900002988,customer2988@example.com,城市28号示例路188号,2026-01-08 10:27:00,active
2989,金若远,13900002989,customer2989@example.com,城市29号示例路189号,2026-01-09 10:28:00,active
2990,魏嘉欣,13900002990,customer2990@example.com,城市30号示例路190号,2026-01-10 10:29:00,active
2991,陶子宁,13900002991,customer2991@example.com,城市1号示例路191号,2026-01-11 10:30:00,active
2992,姜安墨,13900002992,customer2992@example.com,城市2号示例路192号,2026-01-12 10:31:00,active
2993,赵景然,13900002993,customer2993@example.com,城市3号示例路193号,2026-01-13 10:32:00,active
2994,钱明行,13900002994,customer2994@example.com,城市4号示例路194号,2026-01-14 10:33:00,active
2995,孙语桐,13900002995,customer2995@example.com,城市5号示例路195号,2026-01-15 10:34:00,active
2996,李沐阳,13900002996,customer2996@example.com,城市6号示例路196号,2026-01-16 10:35:00,active
2997,周亦辰,13900002997,customer2997@example.com,城市7号示例路197号,2026-01-17 10:36:00,active
2998,吴可彤,13900002998,customer2998@example.com,城市8号示例路198号,2026-01-18 10:37:00,active
2999,郑书轩,13900002999,customer2999@example.com,城市9号示例路199号,2026-01-19 10:38:00,active
3000,王星雯,13900003000,customer3000@example.com,城市10号示例路200号,2026-01-20 10:39:00,active
3001,冯晨航,13900003001,customer3001@example.com,城市11号示例路1号,2026-01-21 10:40:00,inactive
3002,陈清悦,13900003002,customer3002@example.com,城市12号示例路2号,2026-01-22 10:41:00,active
3003,褚雨言,13900003003,customer3003@example.com,城市13号示例路3号,2026-01-23 10:42:00,active
3004,卫知哲,13900003004,customer3004@example.com,城市14号示例路4号,2026-01-24 10:43:00,active
3005,蒋向然,13900003005,customer3005@example.com,城市15号示例路5号,2026-01-25 10:44:00,active
3006,沈承涵,13900003006,customer3006@example.com,城市16号示例路6号,2026-01-26 10:45:00,active
3007,韩泽禾,13900003007,customer3007@example.com,城市17号示例路7号,2026-01-27 10:46:00,active
3008,杨逸远,13900003008,customer3008@example.com,城市18号示例路8号,2026-01-28 10:47:00,active
3009,朱思欣,13900003009,customer3009@example.com,城市19号示例路9号,2026-01-01 10:48:00,active
3010,秦若宁,13900003010,customer3010@example.com,城市20号示例路10号,2026-01-02 10:49:00,active
3011,许嘉墨,13900003011,customer3011@example.com,城市21号示例路11号,2026-01-03 10:50:00,active
3012,何子然,13900003012,customer3012@example.com,城市22号示例路12号,2026-01-04 10:51:00,active
3013,吕安行,13900003013,customer3013@example.com,城市23号示例路13号,2026-01-05 10:52:00,active
3014,施景桐,13900003014,customer3014@example.com,城市24号示例路14号,2026-01-06 10:53:00,active
3015,张明阳,13900003015,customer3015@example.com,城市25号示例路15号,2026-01-07 10:54:00,active
3016,孔语辰,13900003016,customer3016@example.com,城市26号示例路16号,2026-01-08 10:55:00,active
3017,曹沐彤,13900003017,customer3017@example.com,城市27号示例路17号,2026-01-09 10:56:00,active
3018,严亦轩,13900003018,customer3018@example.com,城市28号示例路18号,2026-01-10 10:57:00,active
3019,华可雯,13900003019,customer3019@example.com,城市29号示例路19号,2026-01-11 10:58:00,active
3020,金书航,13900003020,customer3020@example.com,城市30号示例路20号,2026-01-12 10:59:00,active
3021,魏星悦,13900003021,customer3021@example.com,城市1号示例路21号,2026-01-13 10:00:00,inactive
3022,陶晨言,13900003022,customer3022@example.com,城市2号示例路22号,2026-01-14 10:01:00,active
3023,姜清哲,13900003023,customer3023@example.com,城市3号示例路23号,2026-01-15 10:02:00,active
3024,赵雨然,13900003024,customer3024@example.com,城市4号示例路24号,2026-01-16 10:03:00,active
3025,钱知涵,13900003025,customer3025@example.com,城市5号示例路25号,2026-01-17 10:04:00,active
3026,孙向禾,13900003026,customer3026@example.com,城市6号示例路26号,2026-01-18 10:05:00,active
3027,李承远,13900003027,customer3027@example.com,城市7号示例路27号,2026-01-19 10:06:00,active
3028,周泽欣,13900003028,customer3028@example.com,城市8号示例路28号,2026-01-20 10:07:00,active
3029,吴逸宁,13900003029,customer3029@example.com,城市9号示例路29号,2026-01-21 10:08:00,active
3030,郑思墨,13900003030,customer3030@example.com,城市10号示例路30号,2026-01-22 10:09:00,active
3031,王若然,13900003031,customer3031@example.com,城市11号示例路31号,2026-01-23 10:10:00,active
3032,冯嘉行,13900003032,customer3032@example.com,城市12号示例路32号,2026-01-24 10:11:00,active
3033,陈子桐,13900003033,customer3033@example.com,城市13号示例路33号,2026-01-25 10:12:00,active
3034,褚安阳,13900003034,customer3034@example.com,城市14号示例路34号,2026-01-26 10:13:00,active
3035,卫景辰,13900003035,customer3035@example.com,城市15号示例路35号,2026-01-27 10:14:00,active
3036,蒋明彤,13900003036,customer3036@example.com,城市16号示例路36号,2026-01-28 10:15:00,active
3037,沈语轩,13900003037,customer3037@example.com,城市17号示例路37号,2026-01-01 10:16:00,active
3038,韩沐雯,13900003038,customer3038@example.com,城市18号示例路38号,2026-01-02 10:17:00,active
3039,杨亦航,13900003039,customer3039@example.com,城市19号示例路39号,2026-01-03 10:18:00,active
3040,朱可悦,13900003040,customer3040@example.com,城市20号示例路40号,2026-01-04 10:19:00,active
3041,秦书言,13900003041,customer3041@example.com,城市21号示例路41号,2026-01-05 10:20:00,inactive
3042,许星哲,13900003042,customer3042@example.com,城市22号示例路42号,2026-01-06 10:21:00,active
3043,何晨然,13900003043,customer3043@example.com,城市23号示例路43号,2026-01-07 10:22:00,active
3044,吕清涵,13900003044,customer3044@example.com,城市24号示例路44号,2026-01-08 10:23:00,active
3045,施雨禾,13900003045,customer3045@example.com,城市25号示例路45号,2026-01-09 10:24:00,active
3046,张知远,13900003046,customer3046@example.com,城市26号示例路46号,2026-01-10 10:25:00,active
3047,孔向欣,13900003047,customer3047@example.com,城市27号示例路47号,2026-01-11 10:26:00,active
3048,曹承宁,13900003048,customer3048@example.com,城市28号示例路48号,2026-01-12 10:27:00,active
3049,严泽墨,13900003049,customer3049@example.com,城市29号示例路49号,2026-01-13 10:28:00,active
3050,华逸然,13900003050,customer3050@example.com,城市30号示例路50号,2026-01-14 10:29:00,active
3051,金思行,13900003051,customer3051@example.com,城市1号示例路51号,2026-01-15 10:30:00,active
3052,魏若桐,13900003052,customer3052@example.com,城市2号示例路52号,2026-01-16 10:31:00,active
3053,陶嘉阳,13900003053,customer3053@example.com,城市3号示例路53号,2026-01-17 10:32:00,active
3054,姜子辰,13900003054,customer3054@example.com,城市4号示例路54号,2026-01-18 10:33:00,active
3055,赵安彤,13900003055,customer3055@example.com,城市5号示例路55号,2026-01-19 10:34:00,active
3056,钱景轩,13900003056,customer3056@example.com,城市6号示例路56号,2026-01-20 10:35:00,active
3057,孙明雯,13900003057,customer3057@example.com,城市7号示例路57号,2026-01-21 10:36:00,active
3058,李语航,13900003058,customer3058@example.com,城市8号示例路58号,2026-01-22 10:37:00,active
3059,周沐悦,13900003059,customer3059@example.com,城市9号示例路59号,2026-01-23 10:38:00,active
3060,吴亦言,13900003060,customer3060@example.com,城市10号示例路60号,2026-01-24 10:39:00,active
3061,郑可哲,13900003061,customer3061@example.com,城市11号示例路61号,2026-01-25 10:40:00,inactive
3062,王书然,13900003062,customer3062@example.com,城市12号示例路62号,2026-01-26 10:41:00,active
3063,冯星涵,13900003063,customer3063@example.com,城市13号示例路63号,2026-01-27 10:42:00,active
3064,陈晨禾,13900003064,customer3064@example.com,城市14号示例路64号,2026-01-28 10:43:00,active
3065,褚清远,13900003065,customer3065@example.com,城市15号示例路65号,2026-01-01 10:44:00,active
3066,卫雨欣,13900003066,customer3066@example.com,城市16号示例路66号,2026-01-02 10:45:00,active
3067,蒋知宁,13900003067,customer3067@example.com,城市17号示例路67号,2026-01-03 10:46:00,active
3068,沈向墨,13900003068,customer3068@example.com,城市18号示例路68号,2026-01-04 10:47:00,active
3069,韩承然,13900003069,customer3069@example.com,城市19号示例路69号,2026-01-05 10:48:00,active
3070,杨泽行,13900003070,customer3070@example.com,城市20号示例路70号,2026-01-06 10:49:00,active
3071,朱逸桐,13900003071,customer3071@example.com,城市21号示例路71号,2026-01-07 10:50:00,active
3072,秦思阳,13900003072,customer3072@example.com,城市22号示例路72号,2026-01-08 10:51:00,active
3073,许若辰,13900003073,customer3073@example.com,城市23号示例路73号,2026-01-09 10:52:00,active
3074,何嘉彤,13900003074,customer3074@example.com,城市24号示例路74号,2026-01-10 10:53:00,active
3075,吕子轩,13900003075,customer3075@example.com,城市25号示例路75号,2026-01-11 10:54:00,active
3076,施安雯,13900003076,customer3076@example.com,城市26号示例路76号,2026-01-12 10:55:00,active
3077,张景航,13900003077,customer3077@example.com,城市27号示例路77号,2026-01-13 10:56:00,active
3078,孔明悦,13900003078,customer3078@example.com,城市28号示例路78号,2026-01-14 10:57:00,active
3079,曹语言,13900003079,customer3079@example.com,城市29号示例路79号,2026-01-15 10:58:00,active
3080,严沐哲,13900003080,customer3080@example.com,城市30号示例路80号,2026-01-16 10:59:00,active
3081,华亦然,13900003081,customer3081@example.com,城市1号示例路81号,2026-01-17 10:00:00,inactive
3082,金可涵,13900003082,customer3082@example.com,城市2号示例路82号,2026-01-18 10:01:00,active
3083,魏书禾,13900003083,customer3083@example.com,城市3号示例路83号,2026-01-19 10:02:00,active
3084,陶星远,13900003084,customer3084@example.com,城市4号示例路84号,2026-01-20 10:03:00,active
3085,姜晨欣,13900003085,customer3085@example.com,城市5号示例路85号,2026-01-21 10:04:00,active
3086,赵清宁,13900003086,customer3086@example.com,城市6号示例路86号,2026-01-22 10:05:00,active
3087,钱雨墨,13900003087,customer3087@example.com,城市7号示例路87号,2026-01-23 10:06:00,active
3088,孙知然,13900003088,customer3088@example.com,城市8号示例路88号,2026-01-24 10:07:00,active
3089,李向行,13900003089,customer3089@example.com,城市9号示例路89号,2026-01-25 10:08:00,active
3090,周承桐,13900003090,customer3090@example.com,城市10号示例路90号,2026-01-26 10:09:00,active
3091,吴泽阳,13900003091,customer3091@example.com,城市11号示例路91号,2026-01-27 10:10:00,active
3092,郑逸辰,13900003092,customer3092@example.com,城市12号示例路92号,2026-01-28 10:11:00,active
3093,王思彤,13900003093,customer3093@example.com,城市13号示例路93号,2026-01-01 10:12:00,active
3094,冯若轩,13900003094,customer3094@example.com,城市14号示例路94号,2026-01-02 10:13:00,active
3095,陈嘉雯,13900003095,customer3095@example.com,城市15号示例路95号,2026-01-03 10:14:00,active
3096,褚子航,13900003096,customer3096@example.com,城市16号示例路96号,2026-01-04 10:15:00,active
3097,卫安悦,13900003097,customer3097@example.com,城市17号示例路97号,2026-01-05 10:16:00,active
3098,蒋景言,13900003098,customer3098@example.com,城市18号示例路98号,2026-01-06 10:17:00,active
3099,沈明哲,13900003099,customer3099@example.com,城市19号示例路99号,2026-01-07 10:18:00,active
3100,韩语然,13900003100,customer3100@example.com,城市20号示例路100号,2026-01-08 10:19:00,active
3101,杨沐涵,13900003101,customer3101@example.com,城市21号示例路101号,2026-01-09 10:20:00,inactive
3102,朱亦禾,13900003102,customer3102@example.com,城市22号示例路102号,2026-01-10 10:21:00,active
3103,秦可远,13900003103,customer3103@example.com,城市23号示例路103号,2026-01-11 10:22:00,active
3104,许书欣,13900003104,customer3104@example.com,城市24号示例路104号,2026-01-12 10:23:00,active
3105,何星宁,13900003105,customer3105@example.com,城市25号示例路105号,2026-01-13 10:24:00,active
3106,吕晨墨,13900003106,customer3106@example.com,城市26号示例路106号,2026-01-14 10:25:00,active
3107,施清然,13900003107,customer3107@example.com,城市27号示例路107号,2026-01-15 10:26:00,active
3108,张雨行,13900003108,customer3108@example.com,城市28号示例路108号,2026-01-16 10:27:00,active
3109,孔知桐,13900003109,customer3109@example.com,城市29号示例路109号,2026-01-17 10:28:00,active
3110,曹向阳,13900003110,customer3110@example.com,城市30号示例路110号,2026-01-18 10:29:00,active
3111,严承辰,13900003111,customer3111@example.com,城市1号示例路111号,2026-01-19 10:30:00,active
3112,华泽彤,13900003112,customer3112@example.com,城市2号示例路112号,2026-01-20 10:31:00,active
3113,金逸轩,13900003113,customer3113@example.com,城市3号示例路113号,2026-01-21 10:32:00,active
3114,魏思雯,13900003114,customer3114@example.com,城市4号示例路114号,2026-01-22 10:33:00,active
3115,陶若航,13900003115,customer3115@example.com,城市5号示例路115号,2026-01-23 10:34:00,active
3116,姜嘉悦,13900003116,customer3116@example.com,城市6号示例路116号,2026-01-24 10:35:00,active
3117,赵子言,13900003117,customer3117@example.com,城市7号示例路117号,2026-01-25 10:36:00,active
3118,钱安哲,13900003118,customer3118@example.com,城市8号示例路118号,2026-01-26 10:37:00,active
3119,孙景然,13900003119,customer3119@example.com,城市9号示例路119号,2026-01-27 10:38:00,active
3120,李明涵,13900003120,customer3120@example.com,城市10号示例路120号,2026-01-28 10:39:00,active
3121,周语禾,13900003121,customer3121@example.com,城市11号示例路121号,2026-01-01 10:40:00,inactive
3122,吴沐远,13900003122,customer3122@example.com,城市12号示例路122号,2026-01-02 10:41:00,active
3123,郑亦欣,13900003123,customer3123@example.com,城市13号示例路123号,2026-01-03 10:42:00,active
3124,王可宁,13900003124,customer3124@example.com,城市14号示例路124号,2026-01-04 10:43:00,active
3125,冯书墨,13900003125,customer3125@example.com,城市15号示例路125号,2026-01-05 10:44:00,active
3126,陈星然,13900003126,customer3126@example.com,城市16号示例路126号,2026-01-06 10:45:00,active
3127,褚晨行,13900003127,customer3127@example.com,城市17号示例路127号,2026-01-07 10:46:00,active
3128,卫清桐,13900003128,customer3128@example.com,城市18号示例路128号,2026-01-08 10:47:00,active
3129,蒋雨阳,13900003129,customer3129@example.com,城市19号示例路129号,2026-01-09 10:48:00,active
3130,沈知辰,13900003130,customer3130@example.com,城市20号示例路130号,2026-01-10 10:49:00,active
3131,韩向彤,13900003131,customer3131@example.com,城市21号示例路131号,2026-01-11 10:50:00,active
3132,杨承轩,13900003132,customer3132@example.com,城市22号示例路132号,2026-01-12 10:51:00,active
3133,朱泽雯,13900003133,customer3133@example.com,城市23号示例路133号,2026-01-13 10:52:00,active
3134,秦逸航,13900003134,customer3134@example.com,城市24号示例路134号,2026-01-14 10:53:00,active
3135,许思悦,13900003135,customer3135@example.com,城市25号示例路135号,2026-01-15 10:54:00,active
3136,何若言,13900003136,customer3136@example.com,城市26号示例路136号,2026-01-16 10:55:00,active
3137,吕嘉哲,13900003137,customer3137@example.com,城市27号示例路137号,2026-01-17 10:56:00,active
3138,施子然,13900003138,customer3138@example.com,城市28号示例路138号,2026-01-18 10:57:00,active
3139,张安涵,13900003139,customer3139@example.com,城市29号示例路139号,2026-01-19 10:58:00,active
3140,孔景禾,13900003140,customer3140@example.com,城市30号示例路140号,2026-01-20 10:59:00,active
3141,曹明远,13900003141,customer3141@example.com,城市1号示例路141号,2026-01-21 10:00:00,inactive
3142,严语欣,13900003142,customer3142@example.com,城市2号示例路142号,2026-01-22 10:01:00,active
3143,华沐宁,13900003143,customer3143@example.com,城市3号示例路143号,2026-01-23 10:02:00,active
3144,金亦墨,13900003144,customer3144@example.com,城市4号示例路144号,2026-01-24 10:03:00,active
3145,魏可然,13900003145,customer3145@example.com,城市5号示例路145号,2026-01-25 10:04:00,active
3146,陶书行,13900003146,customer3146@example.com,城市6号示例路146号,2026-01-26 10:05:00,active
3147,姜星桐,13900003147,customer3147@example.com,城市7号示例路147号,2026-01-27 10:06:00,active
3148,赵晨阳,13900003148,customer3148@example.com,城市8号示例路148号,2026-01-28 10:07:00,active
3149,钱清辰,13900003149,customer3149@example.com,城市9号示例路149号,2026-01-01 10:08:00,active
3150,孙雨彤,13900003150,customer3150@example.com,城市10号示例路150号,2026-01-02 10:09:00,active
3151,李知轩,13900003151,customer3151@example.com,城市11号示例路151号,2026-01-03 10:10:00,active
3152,周向雯,13900003152,customer3152@example.com,城市12号示例路152号,2026-01-04 10:11:00,active
3153,吴承航,13900003153,customer3153@example.com,城市13号示例路153号,2026-01-05 10:12:00,active
3154,郑泽悦,13900003154,customer3154@example.com,城市14号示例路154号,2026-01-06 10:13:00,active
3155,王逸言,13900003155,customer3155@example.com,城市15号示例路155号,2026-01-07 10:14:00,active
3156,冯思哲,13900003156,customer3156@example.com,城市16号示例路156号,2026-01-08 10:15:00,active
3157,陈若然,13900003157,customer3157@example.com,城市17号示例路157号,2026-01-09 10:16:00,active
3158,褚嘉涵,13900003158,customer3158@example.com,城市18号示例路158号,2026-01-10 10:17:00,active
3159,卫子禾,13900003159,customer3159@example.com,城市19号示例路159号,2026-01-11 10:18:00,active
3160,蒋安远,13900003160,customer3160@example.com,城市20号示例路160号,2026-01-12 10:19:00,active
3161,沈景欣,13900003161,customer3161@example.com,城市21号示例路161号,2026-01-13 10:20:00,inactive
3162,韩明宁,13900003162,customer3162@example.com,城市22号示例路162号,2026-01-14 10:21:00,active
3163,杨语墨,13900003163,customer3163@example.com,城市23号示例路163号,2026-01-15 10:22:00,active
3164,朱沐然,13900003164,customer3164@example.com,城市24号示例路164号,2026-01-16 10:23:00,active
3165,秦亦行,13900003165,customer3165@example.com,城市25号示例路165号,2026-01-17 10:24:00,active
3166,许可桐,13900003166,customer3166@example.com,城市26号示例路166号,2026-01-18 10:25:00,active
3167,何书阳,13900003167,customer3167@example.com,城市27号示例路167号,2026-01-19 10:26:00,active
3168,吕星辰,13900003168,customer3168@example.com,城市28号示例路168号,2026-01-20 10:27:00,active
3169,施晨彤,13900003169,customer3169@example.com,城市29号示例路169号,2026-01-21 10:28:00,active
3170,张清轩,13900003170,customer3170@example.com,城市30号示例路170号,2026-01-22 10:29:00,active
3171,孔雨雯,13900003171,customer3171@example.com,城市1号示例路171号,2026-01-23 10:30:00,active
3172,曹知航,13900003172,customer3172@example.com,城市2号示例路172号,2026-01-24 10:31:00,active
3173,严向悦,13900003173,customer3173@example.com,城市3号示例路173号,2026-01-25 10:32:00,active
3174,华承言,13900003174,customer3174@example.com,城市4号示例路174号,2026-01-26 10:33:00,active
3175,金泽哲,13900003175,customer3175@example.com,城市5号示例路175号,2026-01-27 10:34:00,active
3176,魏逸然,13900003176,customer3176@example.com,城市6号示例路176号,2026-01-28 10:35:00,active
3177,陶思涵,13900003177,customer3177@example.com,城市7号示例路177号,2026-01-01 10:36:00,active
3178,姜若禾,13900003178,customer3178@example.com,城市8号示例路178号,2026-01-02 10:37:00,active
3179,赵嘉远,13900003179,customer3179@example.com,城市9号示例路179号,2026-01-03 10:38:00,active
3180,钱子欣,13900003180,customer3180@example.com,城市10号示例路180号,2026-01-04 10:39:00,active
3181,孙安宁,13900003181,customer3181@example.com,城市11号示例路181号,2026-01-05 10:40:00,inactive
3182,李景墨,13900003182,customer3182@example.com,城市12号示例路182号,2026-01-06 10:41:00,active
3183,周明然,13900003183,customer3183@example.com,城市13号示例路183号,2026-01-07 10:42:00,active
3184,吴语行,13900003184,customer3184@example.com,城市14号示例路184号,2026-01-08 10:43:00,active
3185,郑沐桐,13900003185,customer3185@example.com,城市15号示例路185号,2026-01-09 10:44:00,active
3186,王亦阳,13900003186,customer3186@example.com,城市16号示例路186号,2026-01-10 10:45:00,active
3187,冯可辰,13900003187,customer3187@example.com,城市17号示例路187号,2026-01-11 10:46:00,active
3188,陈书彤,13900003188,customer3188@example.com,城市18号示例路188号,2026-01-12 10:47:00,active
3189,褚星轩,13900003189,customer3189@example.com,城市19号示例路189号,2026-01-13 10:48:00,active
3190,卫晨雯,13900003190,customer3190@example.com,城市20号示例路190号,2026-01-14 10:49:00,active
3191,蒋清航,13900003191,customer3191@example.com,城市21号示例路191号,2026-01-15 10:50:00,active
3192,沈雨悦,13900003192,customer3192@example.com,城市22号示例路192号,2026-01-16 10:51:00,active
3193,韩知言,13900003193,customer3193@example.com,城市23号示例路193号,2026-01-17 10:52:00,active
3194,杨向哲,13900003194,customer3194@example.com,城市24号示例路194号,2026-01-18 10:53:00,active
3195,朱承然,13900003195,customer3195@example.com,城市25号示例路195号,2026-01-19 10:54:00,active
3196,秦泽涵,13900003196,customer3196@example.com,城市26号示例路196号,2026-01-20 10:55:00,active
3197,许逸禾,13900003197,customer3197@example.com,城市27号示例路197号,2026-01-21 10:56:00,active
3198,何思远,13900003198,customer3198@example.com,城市28号示例路198号,2026-01-22 10:57:00,active
3199,吕若欣,13900003199,customer3199@example.com,城市29号示例路199号,2026-01-23 10:58:00,active
3200,施嘉宁,13900003200,customer3200@example.com,城市30号示例路200号,2026-01-24 10:59:00,active
3201,张子墨,13900003201,customer3201@example.com,城市1号示例路1号,2026-01-25 10:00:00,inactive
3202,孔安然,13900003202,customer3202@example.com,城市2号示例路2号,2026-01-26 10:01:00,active
3203,曹景行,13900003203,customer3203@example.com,城市3号示例路3号,2026-01-27 10:02:00,active
3204,严明桐,13900003204,customer3204@example.com,城市4号示例路4号,2026-01-28 10:03:00,active
3205,华语阳,13900003205,customer3205@example.com,城市5号示例路5号,2026-01-01 10:04:00,active
3206,金沐辰,13900003206,customer3206@example.com,城市6号示例路6号,2026-01-02 10:05:00,active
3207,魏亦彤,13900003207,customer3207@example.com,城市7号示例路7号,2026-01-03 10:06:00,active
3208,陶可轩,13900003208,customer3208@example.com,城市8号示例路8号,2026-01-04 10:07:00,active
3209,姜书雯,13900003209,customer3209@example.com,城市9号示例路9号,2026-01-05 10:08:00,active
3210,赵星航,13900003210,customer3210@example.com,城市10号示例路10号,2026-01-06 10:09:00,active
3211,钱晨悦,13900003211,customer3211@example.com,城市11号示例路11号,2026-01-07 10:10:00,active
3212,孙清言,13900003212,customer3212@example.com,城市12号示例路12号,2026-01-08 10:11:00,active
3213,李雨哲,13900003213,customer3213@example.com,城市13号示例路13号,2026-01-09 10:12:00,active
3214,周知然,13900003214,customer3214@example.com,城市14号示例路14号,2026-01-10 10:13:00,active
3215,吴向涵,13900003215,customer3215@example.com,城市15号示例路15号,2026-01-11 10:14:00,active
3216,郑承禾,13900003216,customer3216@example.com,城市16号示例路16号,2026-01-12 10:15:00,active
3217,王泽远,13900003217,customer3217@example.com,城市17号示例路17号,2026-01-13 10:16:00,active
3218,冯逸欣,13900003218,customer3218@example.com,城市18号示例路18号,2026-01-14 10:17:00,active
3219,陈思宁,13900003219,customer3219@example.com,城市19号示例路19号,2026-01-15 10:18:00,active
3220,褚若墨,13900003220,customer3220@example.com,城市20号示例路20号,2026-01-16 10:19:00,active
3221,卫嘉然,13900003221,customer3221@example.com,城市21号示例路21号,2026-01-17 10:20:00,inactive
3222,蒋子行,13900003222,customer3222@example.com,城市22号示例路22号,2026-01-18 10:21:00,active
3223,沈安桐,13900003223,customer3223@example.com,城市23号示例路23号,2026-01-19 10:22:00,active
3224,韩景阳,13900003224,customer3224@example.com,城市24号示例路24号,2026-01-20 10:23:00,active
3225,杨明辰,13900003225,customer3225@example.com,城市25号示例路25号,2026-01-21 10:24:00,active
3226,朱语彤,13900003226,customer3226@example.com,城市26号示例路26号,2026-01-22 10:25:00,active
3227,秦沐轩,13900003227,customer3227@example.com,城市27号示例路27号,2026-01-23 10:26:00,active
3228,许亦雯,13900003228,customer3228@example.com,城市28号示例路28号,2026-01-24 10:27:00,active
3229,何可航,13900003229,customer3229@example.com,城市29号示例路29号,2026-01-25 10:28:00,active
3230,吕书悦,13900003230,customer3230@example.com,城市30号示例路30号,2026-01-26 10:29:00,active
3231,施星言,13900003231,customer3231@example.com,城市1号示例路31号,2026-01-27 10:30:00,active
3232,张晨哲,13900003232,customer3232@example.com,城市2号示例路32号,2026-01-28 10:31:00,active
3233,孔清然,13900003233,customer3233@example.com,城市3号示例路33号,2026-01-01 10:32:00,active
3234,曹雨涵,13900003234,customer3234@example.com,城市4号示例路34号,2026-01-02 10:33:00,active
3235,严知禾,13900003235,customer3235@example.com,城市5号示例路35号,2026-01-03 10:34:00,active
3236,华向远,13900003236,customer3236@example.com,城市6号示例路36号,2026-01-04 10:35:00,active
3237,金承欣,13900003237,customer3237@example.com,城市7号示例路37号,2026-01-05 10:36:00,active
3238,魏泽宁,13900003238,customer3238@example.com,城市8号示例路38号,2026-01-06 10:37:00,active
3239,陶逸墨,13900003239,customer3239@example.com,城市9号示例路39号,2026-01-07 10:38:00,active
3240,姜思然,13900003240,customer3240@example.com,城市10号示例路40号,2026-01-08 10:39:00,active
3241,赵若行,13900003241,customer3241@example.com,城市11号示例路41号,2026-01-09 10:40:00,inactive
3242,钱嘉桐,13900003242,customer3242@example.com,城市12号示例路42号,2026-01-10 10:41:00,active
3243,孙子阳,13900003243,customer3243@example.com,城市13号示例路43号,2026-01-11 10:42:00,active
3244,李安辰,13900003244,customer3244@example.com,城市14号示例路44号,2026-01-12 10:43:00,active
3245,周景彤,13900003245,customer3245@example.com,城市15号示例路45号,2026-01-13 10:44:00,active
3246,吴明轩,13900003246,customer3246@example.com,城市16号示例路46号,2026-01-14 10:45:00,active
3247,郑语雯,13900003247,customer3247@example.com,城市17号示例路47号,2026-01-15 10:46:00,active
3248,王沐航,13900003248,customer3248@example.com,城市18号示例路48号,2026-01-16 10:47:00,active
3249,冯亦悦,13900003249,customer3249@example.com,城市19号示例路49号,2026-01-17 10:48:00,active
3250,陈可言,13900003250,customer3250@example.com,城市20号示例路50号,2026-01-18 10:49:00,active
3251,褚书哲,13900003251,customer3251@example.com,城市21号示例路51号,2026-01-19 10:50:00,active
3252,卫星然,13900003252,customer3252@example.com,城市22号示例路52号,2026-01-20 10:51:00,active
3253,蒋晨涵,13900003253,customer3253@example.com,城市23号示例路53号,2026-01-21 10:52:00,active
3254,沈清禾,13900003254,customer3254@example.com,城市24号示例路54号,2026-01-22 10:53:00,active
3255,韩雨远,13900003255,customer3255@example.com,城市25号示例路55号,2026-01-23 10:54:00,active
3256,杨知欣,13900003256,customer3256@example.com,城市26号示例路56号,2026-01-24 10:55:00,active
3257,朱向宁,13900003257,customer3257@example.com,城市27号示例路57号,2026-01-25 10:56:00,active
3258,秦承墨,13900003258,customer3258@example.com,城市28号示例路58号,2026-01-26 10:57:00,active
3259,许泽然,13900003259,customer3259@example.com,城市29号示例路59号,2026-01-27 10:58:00,active
3260,何逸行,13900003260,customer3260@example.com,城市30号示例路60号,2026-01-28 10:59:00,active
3261,吕思桐,13900003261,customer3261@example.com,城市1号示例路61号,2026-01-01 10:00:00,inactive
3262,施若阳,13900003262,customer3262@example.com,城市2号示例路62号,2026-01-02 10:01:00,active
3263,张嘉辰,13900003263,customer3263@example.com,城市3号示例路63号,2026-01-03 10:02:00,active
3264,孔子彤,13900003264,customer3264@example.com,城市4号示例路64号,2026-01-04 10:03:00,active
3265,曹安轩,13900003265,customer3265@example.com,城市5号示例路65号,2026-01-05 10:04:00,active
3266,严景雯,13900003266,customer3266@example.com,城市6号示例路66号,2026-01-06 10:05:00,active
3267,华明航,13900003267,customer3267@example.com,城市7号示例路67号,2026-01-07 10:06:00,active
3268,金语悦,13900003268,customer3268@example.com,城市8号示例路68号,2026-01-08 10:07:00,active
3269,魏沐言,13900003269,customer3269@example.com,城市9号示例路69号,2026-01-09 10:08:00,active
3270,陶亦哲,13900003270,customer3270@example.com,城市10号示例路70号,2026-01-10 10:09:00,active
3271,姜可然,13900003271,customer3271@example.com,城市11号示例路71号,2026-01-11 10:10:00,active
3272,赵书涵,13900003272,customer3272@example.com,城市12号示例路72号,2026-01-12 10:11:00,active
3273,钱星禾,13900003273,customer3273@example.com,城市13号示例路73号,2026-01-13 10:12:00,active
3274,孙晨远,13900003274,customer3274@example.com,城市14号示例路74号,2026-01-14 10:13:00,active
3275,李清欣,13900003275,customer3275@example.com,城市15号示例路75号,2026-01-15 10:14:00,active
3276,周雨宁,13900003276,customer3276@example.com,城市16号示例路76号,2026-01-16 10:15:00,active
3277,吴知墨,13900003277,customer3277@example.com,城市17号示例路77号,2026-01-17 10:16:00,active
3278,郑向然,13900003278,customer3278@example.com,城市18号示例路78号,2026-01-18 10:17:00,active
3279,王承行,13900003279,customer3279@example.com,城市19号示例路79号,2026-01-19 10:18:00,active
3280,冯泽桐,13900003280,customer3280@example.com,城市20号示例路80号,2026-01-20 10:19:00,active
3281,陈逸阳,13900003281,customer3281@example.com,城市21号示例路81号,2026-01-21 10:20:00,inactive
3282,褚思辰,13900003282,customer3282@example.com,城市22号示例路82号,2026-01-22 10:21:00,active
3283,卫若彤,13900003283,customer3283@example.com,城市23号示例路83号,2026-01-23 10:22:00,active
3284,蒋嘉轩,13900003284,customer3284@example.com,城市24号示例路84号,2026-01-24 10:23:00,active
3285,沈子雯,13900003285,customer3285@example.com,城市25号示例路85号,2026-01-25 10:24:00,active
3286,韩安航,13900003286,customer3286@example.com,城市26号示例路86号,2026-01-26 10:25:00,active
3287,杨景悦,13900003287,customer3287@example.com,城市27号示例路87号,2026-01-27 10:26:00,active
3288,朱明言,13900003288,customer3288@example.com,城市28号示例路88号,2026-01-28 10:27:00,active
3289,秦语哲,13900003289,customer3289@example.com,城市29号示例路89号,2026-01-01 10:28:00,active
3290,许沐然,13900003290,customer3290@example.com,城市30号示例路90号,2026-01-02 10:29:00,active
3291,何亦涵,13900003291,customer3291@example.com,城市1号示例路91号,2026-01-03 10:30:00,active
3292,吕可禾,13900003292,customer3292@example.com,城市2号示例路92号,2026-01-04 10:31:00,active
3293,施书远,13900003293,customer3293@example.com,城市3号示例路93号,2026-01-05 10:32:00,active
3294,张星欣,13900003294,customer3294@example.com,城市4号示例路94号,2026-01-06 10:33:00,active
3295,孔晨宁,13900003295,customer3295@example.com,城市5号示例路95号,2026-01-07 10:34:00,active
3296,曹清墨,13900003296,customer3296@example.com,城市6号示例路96号,2026-01-08 10:35:00,active
3297,严雨然,13900003297,customer3297@example.com,城市7号示例路97号,2026-01-09 10:36:00,active
3298,华知行,13900003298,customer3298@example.com,城市8号示例路98号,2026-01-10 10:37:00,active
3299,金向桐,13900003299,customer3299@example.com,城市9号示例路99号,2026-01-11 10:38:00,active
3300,魏承阳,13900003300,customer3300@example.com,城市10号示例路100号,2026-01-12 10:39:00,active
3301,陶泽辰,13900003301,customer3301@example.com,城市11号示例路101号,2026-01-13 10:40:00,inactive
3302,姜逸彤,13900003302,customer3302@example.com,城市12号示例路102号,2026-01-14 10:41:00,active
3303,赵思轩,13900003303,customer3303@example.com,城市13号示例路103号,2026-01-15 10:42:00,active
3304,钱若雯,13900003304,customer3304@example.com,城市14号示例路104号,2026-01-16 10:43:00,active
3305,孙嘉航,13900003305,customer3305@example.com,城市15号示例路105号,2026-01-17 10:44:00,active
3306,李子悦,13900003306,customer3306@example.com,城市16号示例路106号,2026-01-18 10:45:00,active
3307,周安言,13900003307,customer3307@example.com,城市17号示例路107号,2026-01-19 10:46:00,active
3308,吴景哲,13900003308,customer3308@example.com,城市18号示例路108号,2026-01-20 10:47:00,active
3309,郑明然,13900003309,customer3309@example.com,城市19号示例路109号,2026-01-21 10:48:00,active
3310,王语涵,13900003310,customer3310@example.com,城市20号示例路110号,2026-01-22 10:49:00,active
3311,冯沐禾,13900003311,customer3311@example.com,城市21号示例路111号,2026-01-23 10:50:00,active
3312,陈亦远,13900003312,customer3312@example.com,城市22号示例路112号,2026-01-24 10:51:00,active
3313,褚可欣,13900003313,customer3313@example.com,城市23号示例路113号,2026-01-25 10:52:00,active
3314,卫书宁,13900003314,customer3314@example.com,城市24号示例路114号,2026-01-26 10:53:00,active
3315,蒋星墨,13900003315,customer3315@example.com,城市25号示例路115号,2026-01-27 10:54:00,active
3316,沈晨然,13900003316,customer3316@example.com,城市26号示例路116号,2026-01-28 10:55:00,active
3317,韩清行,13900003317,customer3317@example.com,城市27号示例路117号,2026-01-01 10:56:00,active
3318,杨雨桐,13900003318,customer3318@example.com,城市28号示例路118号,2026-01-02 10:57:00,active
3319,朱知阳,13900003319,customer3319@example.com,城市29号示例路119号,2026-01-03 10:58:00,active
3320,秦向辰,13900003320,customer3320@example.com,城市30号示例路120号,2026-01-04 10:59:00,active
3321,许承彤,13900003321,customer3321@example.com,城市1号示例路121号,2026-01-05 10:00:00,inactive
3322,何泽轩,13900003322,customer3322@example.com,城市2号示例路122号,2026-01-06 10:01:00,active
3323,吕逸雯,13900003323,customer3323@example.com,城市3号示例路123号,2026-01-07 10:02:00,active
3324,施思航,13900003324,customer3324@example.com,城市4号示例路124号,2026-01-08 10:03:00,active
3325,张若悦,13900003325,customer3325@example.com,城市5号示例路125号,2026-01-09 10:04:00,active
3326,孔嘉言,13900003326,customer3326@example.com,城市6号示例路126号,2026-01-10 10:05:00,active
3327,曹子哲,13900003327,customer3327@example.com,城市7号示例路127号,2026-01-11 10:06:00,active
3328,严安然,13900003328,customer3328@example.com,城市8号示例路128号,2026-01-12 10:07:00,active
3329,华景涵,13900003329,customer3329@example.com,城市9号示例路129号,2026-01-13 10:08:00,active
3330,金明禾,13900003330,customer3330@example.com,城市10号示例路130号,2026-01-14 10:09:00,active
3331,魏语远,13900003331,customer3331@example.com,城市11号示例路131号,2026-01-15 10:10:00,active
3332,陶沐欣,13900003332,customer3332@example.com,城市12号示例路132号,2026-01-16 10:11:00,active
3333,姜亦宁,13900003333,customer3333@example.com,城市13号示例路133号,2026-01-17 10:12:00,active
3334,赵可墨,13900003334,customer3334@example.com,城市14号示例路134号,2026-01-18 10:13:00,active
3335,钱书然,13900003335,customer3335@example.com,城市15号示例路135号,2026-01-19 10:14:00,active
3336,孙星行,13900003336,customer3336@example.com,城市16号示例路136号,2026-01-20 10:15:00,active
3337,李晨桐,13900003337,customer3337@example.com,城市17号示例路137号,2026-01-21 10:16:00,active
3338,周清阳,13900003338,customer3338@example.com,城市18号示例路138号,2026-01-22 10:17:00,active
3339,吴雨辰,13900003339,customer3339@example.com,城市19号示例路139号,2026-01-23 10:18:00,active
3340,郑知彤,13900003340,customer3340@example.com,城市20号示例路140号,2026-01-24 10:19:00,active
3341,王向轩,13900003341,customer3341@example.com,城市21号示例路141号,2026-01-25 10:20:00,inactive
3342,冯承雯,13900003342,customer3342@example.com,城市22号示例路142号,2026-01-26 10:21:00,active
3343,陈泽航,13900003343,customer3343@example.com,城市23号示例路143号,2026-01-27 10:22:00,active
3344,褚逸悦,13900003344,customer3344@example.com,城市24号示例路144号,2026-01-28 10:23:00,active
3345,卫思言,13900003345,customer3345@example.com,城市25号示例路145号,2026-01-01 10:24:00,active
3346,蒋若哲,13900003346,customer3346@example.com,城市26号示例路146号,2026-01-02 10:25:00,active
3347,沈嘉然,13900003347,customer3347@example.com,城市27号示例路147号,2026-01-03 10:26:00,active
3348,韩子涵,13900003348,customer3348@example.com,城市28号示例路148号,2026-01-04 10:27:00,active
3349,杨安禾,13900003349,customer3349@example.com,城市29号示例路149号,2026-01-05 10:28:00,active
3350,朱景远,13900003350,customer3350@example.com,城市30号示例路150号,2026-01-06 10:29:00,active
3351,秦明欣,13900003351,customer3351@example.com,城市1号示例路151号,2026-01-07 10:30:00,active
3352,许语宁,13900003352,customer3352@example.com,城市2号示例路152号,2026-01-08 10:31:00,active
3353,何沐墨,13900003353,customer3353@example.com,城市3号示例路153号,2026-01-09 10:32:00,active
3354,吕亦然,13900003354,customer3354@example.com,城市4号示例路154号,2026-01-10 10:33:00,active
3355,施可行,13900003355,customer3355@example.com,城市5号示例路155号,2026-01-11 10:34:00,active
3356,张书桐,13900003356,customer3356@example.com,城市6号示例路156号,2026-01-12 10:35:00,active
3357,孔星阳,13900003357,customer3357@example.com,城市7号示例路157号,2026-01-13 10:36:00,active
3358,曹晨辰,13900003358,customer3358@example.com,城市8号示例路158号,2026-01-14 10:37:00,active
3359,严清彤,13900003359,customer3359@example.com,城市9号示例路159号,2026-01-15 10:38:00,active
3360,华雨轩,13900003360,customer3360@example.com,城市10号示例路160号,2026-01-16 10:39:00,active
3361,金知雯,13900003361,customer3361@example.com,城市11号示例路161号,2026-01-17 10:40:00,inactive
3362,魏向航,13900003362,customer3362@example.com,城市12号示例路162号,2026-01-18 10:41:00,active
3363,陶承悦,13900003363,customer3363@example.com,城市13号示例路163号,2026-01-19 10:42:00,active
3364,姜泽言,13900003364,customer3364@example.com,城市14号示例路164号,2026-01-20 10:43:00,active
3365,赵逸哲,13900003365,customer3365@example.com,城市15号示例路165号,2026-01-21 10:44:00,active
3366,钱思然,13900003366,customer3366@example.com,城市16号示例路166号,2026-01-22 10:45:00,active
3367,孙若涵,13900003367,customer3367@example.com,城市17号示例路167号,2026-01-23 10:46:00,active
3368,李嘉禾,13900003368,customer3368@example.com,城市18号示例路168号,2026-01-24 10:47:00,active
3369,周子远,13900003369,customer3369@example.com,城市19号示例路169号,2026-01-25 10:48:00,active
3370,吴安欣,13900003370,customer3370@example.com,城市20号示例路170号,2026-01-26 10:49:00,active
3371,郑景宁,13900003371,customer3371@example.com,城市21号示例路171号,2026-01-27 10:50:00,active
3372,王明墨,13900003372,customer3372@example.com,城市22号示例路172号,2026-01-28 10:51:00,active
3373,冯语然,13900003373,customer3373@example.com,城市23号示例路173号,2026-01-01 10:52:00,active
3374,陈沐行,13900003374,customer3374@example.com,城市24号示例路174号,2026-01-02 10:53:00,active
3375,褚亦桐,13900003375,customer3375@example.com,城市25号示例路175号,2026-01-03 10:54:00,active
3376,卫可阳,13900003376,customer3376@example.com,城市26号示例路176号,2026-01-04 10:55:00,active
3377,蒋书辰,13900003377,customer3377@example.com,城市27号示例路177号,2026-01-05 10:56:00,active
3378,沈星彤,13900003378,customer3378@example.com,城市28号示例路178号,2026-01-06 10:57:00,active
3379,韩晨轩,13900003379,customer3379@example.com,城市29号示例路179号,2026-01-07 10:58:00,active
3380,杨清雯,13900003380,customer3380@example.com,城市30号示例路180号,2026-01-08 10:59:00,active
3381,朱雨航,13900003381,customer3381@example.com,城市1号示例路181号,2026-01-09 10:00:00,inactive
3382,秦知悦,13900003382,customer3382@example.com,城市2号示例路182号,2026-01-10 10:01:00,active
3383,许向言,13900003383,customer3383@example.com,城市3号示例路183号,2026-01-11 10:02:00,active
3384,何承哲,13900003384,customer3384@example.com,城市4号示例路184号,2026-01-12 10:03:00,active
3385,吕泽然,13900003385,customer3385@example.com,城市5号示例路185号,2026-01-13 10:04:00,active
3386,施逸涵,13900003386,customer3386@example.com,城市6号示例路186号,2026-01-14 10:05:00,active
3387,张思禾,13900003387,customer3387@example.com,城市7号示例路187号,2026-01-15 10:06:00,active
3388,孔若远,13900003388,customer3388@example.com,城市8号示例路188号,2026-01-16 10:07:00,active
3389,曹嘉欣,13900003389,customer3389@example.com,城市9号示例路189号,2026-01-17 10:08:00,active
3390,严子宁,13900003390,customer3390@example.com,城市10号示例路190号,2026-01-18 10:09:00,active
3391,华安墨,13900003391,customer3391@example.com,城市11号示例路191号,2026-01-19 10:10:00,active
3392,金景然,13900003392,customer3392@example.com,城市12号示例路192号,2026-01-20 10:11:00,active
3393,魏明行,13900003393,customer3393@example.com,城市13号示例路193号,2026-01-21 10:12:00,active
3394,陶语桐,13900003394,customer3394@example.com,城市14号示例路194号,2026-01-22 10:13:00,active
3395,姜沐阳,13900003395,customer3395@example.com,城市15号示例路195号,2026-01-23 10:14:00,active
3396,赵亦辰,13900003396,customer3396@example.com,城市16号示例路196号,2026-01-24 10:15:00,active
3397,钱可彤,13900003397,customer3397@example.com,城市17号示例路197号,2026-01-25 10:16:00,active
3398,孙书轩,13900003398,customer3398@example.com,城市18号示例路198号,2026-01-26 10:17:00,active
3399,李星雯,13900003399,customer3399@example.com,城市19号示例路199号,2026-01-27 10:18:00,active
3400,周晨航,13900003400,customer3400@example.com,城市20号示例路200号,2026-01-28 10:19:00,active
3401,吴清悦,13900003401,customer3401@example.com,城市21号示例路1号,2026-01-01 10:20:00,inactive
3402,郑雨言,13900003402,customer3402@example.com,城市22号示例路2号,2026-01-02 10:21:00,active
3403,王知哲,13900003403,customer3403@example.com,城市23号示例路3号,2026-01-03 10:22:00,active
3404,冯向然,13900003404,customer3404@example.com,城市24号示例路4号,2026-01-04 10:23:00,active
3405,陈承涵,13900003405,customer3405@example.com,城市25号示例路5号,2026-01-05 10:24:00,active
3406,褚泽禾,13900003406,customer3406@example.com,城市26号示例路6号,2026-01-06 10:25:00,active
3407,卫逸远,13900003407,customer3407@example.com,城市27号示例路7号,2026-01-07 10:26:00,active
3408,蒋思欣,13900003408,customer3408@example.com,城市28号示例路8号,2026-01-08 10:27:00,active
3409,沈若宁,13900003409,customer3409@example.com,城市29号示例路9号,2026-01-09 10:28:00,active
3410,韩嘉墨,13900003410,customer3410@example.com,城市30号示例路10号,2026-01-10 10:29:00,active
3411,杨子然,13900003411,customer3411@example.com,城市1号示例路11号,2026-01-11 10:30:00,active
3412,朱安行,13900003412,customer3412@example.com,城市2号示例路12号,2026-01-12 10:31:00,active
3413,秦景桐,13900003413,customer3413@example.com,城市3号示例路13号,2026-01-13 10:32:00,active
3414,许明阳,13900003414,customer3414@example.com,城市4号示例路14号,2026-01-14 10:33:00,active
3415,何语辰,13900003415,customer3415@example.com,城市5号示例路15号,2026-01-15 10:34:00,active
3416,吕沐彤,13900003416,customer3416@example.com,城市6号示例路16号,2026-01-16 10:35:00,active
3417,施亦轩,13900003417,customer3417@example.com,城市7号示例路17号,2026-01-17 10:36:00,active
3418,张可雯,13900003418,customer3418@example.com,城市8号示例路18号,2026-01-18 10:37:00,active
3419,孔书航,13900003419,customer3419@example.com,城市9号示例路19号,2026-01-19 10:38:00,active
3420,曹星悦,13900003420,customer3420@example.com,城市10号示例路20号,2026-01-20 10:39:00,active
3421,严晨言,13900003421,customer3421@example.com,城市11号示例路21号,2026-01-21 10:40:00,inactive
3422,华清哲,13900003422,customer3422@example.com,城市12号示例路22号,2026-01-22 10:41:00,active
3423,金雨然,13900003423,customer3423@example.com,城市13号示例路23号,2026-01-23 10:42:00,active
3424,魏知涵,13900003424,customer3424@example.com,城市14号示例路24号,2026-01-24 10:43:00,active
3425,陶向禾,13900003425,customer3425@example.com,城市15号示例路25号,2026-01-25 10:44:00,active
3426,姜承远,13900003426,customer3426@example.com,城市16号示例路26号,2026-01-26 10:45:00,active
3427,赵泽欣,13900003427,customer3427@example.com,城市17号示例路27号,2026-01-27 10:46:00,active
3428,钱逸宁,13900003428,customer3428@example.com,城市18号示例路28号,2026-01-28 10:47:00,active
3429,孙思墨,13900003429,customer3429@example.com,城市19号示例路29号,2026-01-01 10:48:00,active
3430,李若然,13900003430,customer3430@example.com,城市20号示例路30号,2026-01-02 10:49:00,active
3431,周嘉行,13900003431,customer3431@example.com,城市21号示例路31号,2026-01-03 10:50:00,active
3432,吴子桐,13900003432,customer3432@example.com,城市22号示例路32号,2026-01-04 10:51:00,active
3433,郑安阳,13900003433,customer3433@example.com,城市23号示例路33号,2026-01-05 10:52:00,active
3434,王景辰,13900003434,customer3434@example.com,城市24号示例路34号,2026-01-06 10:53:00,active
3435,冯明彤,13900003435,customer3435@example.com,城市25号示例路35号,2026-01-07 10:54:00,active
3436,陈语轩,13900003436,customer3436@example.com,城市26号示例路36号,2026-01-08 10:55:00,active
3437,褚沐雯,13900003437,customer3437@example.com,城市27号示例路37号,2026-01-09 10:56:00,active
3438,卫亦航,13900003438,customer3438@example.com,城市28号示例路38号,2026-01-10 10:57:00,active
3439,蒋可悦,13900003439,customer3439@example.com,城市29号示例路39号,2026-01-11 10:58:00,active
3440,沈书言,13900003440,customer3440@example.com,城市30号示例路40号,2026-01-12 10:59:00,active
3441,韩星哲,13900003441,customer3441@example.com,城市1号示例路41号,2026-01-13 10:00:00,inactive
3442,杨晨然,13900003442,customer3442@example.com,城市2号示例路42号,2026-01-14 10:01:00,active
3443,朱清涵,13900003443,customer3443@example.com,城市3号示例路43号,2026-01-15 10:02:00,active
3444,秦雨禾,13900003444,customer3444@example.com,城市4号示例路44号,2026-01-16 10:03:00,active
3445,许知远,13900003445,customer3445@example.com,城市5号示例路45号,2026-01-17 10:04:00,active
3446,何向欣,13900003446,customer3446@example.com,城市6号示例路46号,2026-01-18 10:05:00,active
3447,吕承宁,13900003447,customer3447@example.com,城市7号示例路47号,2026-01-19 10:06:00,active
3448,施泽墨,13900003448,customer3448@example.com,城市8号示例路48号,2026-01-20 10:07:00,active
3449,张逸然,13900003449,customer3449@example.com,城市9号示例路49号,2026-01-21 10:08:00,active
3450,孔思行,13900003450,customer3450@example.com,城市10号示例路50号,2026-01-22 10:09:00,active
3451,曹若桐,13900003451,customer3451@example.com,城市11号示例路51号,2026-01-23 10:10:00,active
3452,严嘉阳,13900003452,customer3452@example.com,城市12号示例路52号,2026-01-24 10:11:00,active
3453,华子辰,13900003453,customer3453@example.com,城市13号示例路53号,2026-01-25 10:12:00,active
3454,金安彤,13900003454,customer3454@example.com,城市14号示例路54号,2026-01-26 10:13:00,active
3455,魏景轩,13900003455,customer3455@example.com,城市15号示例路55号,2026-01-27 10:14:00,active
3456,陶明雯,13900003456,customer3456@example.com,城市16号示例路56号,2026-01-28 10:15:00,active
3457,姜语航,13900003457,customer3457@example.com,城市17号示例路57号,2026-01-01 10:16:00,active
3458,赵沐悦,13900003458,customer3458@example.com,城市18号示例路58号,2026-01-02 10:17:00,active
3459,钱亦言,13900003459,customer3459@example.com,城市19号示例路59号,2026-01-03 10:18:00,active
3460,孙可哲,13900003460,customer3460@example.com,城市20号示例路60号,2026-01-04 10:19:00,active
3461,李书然,13900003461,customer3461@example.com,城市21号示例路61号,2026-01-05 10:20:00,inactive
3462,周星涵,13900003462,customer3462@example.com,城市22号示例路62号,2026-01-06 10:21:00,active
3463,吴晨禾,13900003463,customer3463@example.com,城市23号示例路63号,2026-01-07 10:22:00,active
3464,郑清远,13900003464,customer3464@example.com,城市24号示例路64号,2026-01-08 10:23:00,active
3465,王雨欣,13900003465,customer3465@example.com,城市25号示例路65号,2026-01-09 10:24:00,active
3466,冯知宁,13900003466,customer3466@example.com,城市26号示例路66号,2026-01-10 10:25:00,active
3467,陈向墨,13900003467,customer3467@example.com,城市27号示例路67号,2026-01-11 10:26:00,active
3468,褚承然,13900003468,customer3468@example.com,城市28号示例路68号,2026-01-12 10:27:00,active
3469,卫泽行,13900003469,customer3469@example.com,城市29号示例路69号,2026-01-13 10:28:00,active
3470,蒋逸桐,13900003470,customer3470@example.com,城市30号示例路70号,2026-01-14 10:29:00,active
3471,沈思阳,13900003471,customer3471@example.com,城市1号示例路71号,2026-01-15 10:30:00,active
3472,韩若辰,13900003472,customer3472@example.com,城市2号示例路72号,2026-01-16 10:31:00,active
3473,杨嘉彤,13900003473,customer3473@example.com,城市3号示例路73号,2026-01-17 10:32:00,active
3474,朱子轩,13900003474,customer3474@example.com,城市4号示例路74号,2026-01-18 10:33:00,active
3475,秦安雯,13900003475,customer3475@example.com,城市5号示例路75号,2026-01-19 10:34:00,active
3476,许景航,13900003476,customer3476@example.com,城市6号示例路76号,2026-01-20 10:35:00,active
3477,何明悦,13900003477,customer3477@example.com,城市7号示例路77号,2026-01-21 10:36:00,active
3478,吕语言,13900003478,customer3478@example.com,城市8号示例路78号,2026-01-22 10:37:00,active
3479,施沐哲,13900003479,customer3479@example.com,城市9号示例路79号,2026-01-23 10:38:00,active
3480,张亦然,13900003480,customer3480@example.com,城市10号示例路80号,2026-01-24 10:39:00,active
3481,孔可涵,13900003481,customer3481@example.com,城市11号示例路81号,2026-01-25 10:40:00,inactive
3482,曹书禾,13900003482,customer3482@example.com,城市12号示例路82号,2026-01-26 10:41:00,active
3483,严星远,13900003483,customer3483@example.com,城市13号示例路83号,2026-01-27 10:42:00,active
3484,华晨欣,13900003484,customer3484@example.com,城市14号示例路84号,2026-01-28 10:43:00,active
3485,金清宁,13900003485,customer3485@example.com,城市15号示例路85号,2026-01-01 10:44:00,active
3486,魏雨墨,13900003486,customer3486@example.com,城市16号示例路86号,2026-01-02 10:45:00,active
3487,陶知然,13900003487,customer3487@example.com,城市17号示例路87号,2026-01-03 10:46:00,active
3488,姜向行,13900003488,customer3488@example.com,城市18号示例路88号,2026-01-04 10:47:00,active
3489,赵承桐,13900003489,customer3489@example.com,城市19号示例路89号,2026-01-05 10:48:00,active
3490,钱泽阳,13900003490,customer3490@example.com,城市20号示例路90号,2026-01-06 10:49:00,active
3491,孙逸辰,13900003491,customer3491@example.com,城市21号示例路91号,2026-01-07 10:50:00,active
3492,李思彤,13900003492,customer3492@example.com,城市22号示例路92号,2026-01-08 10:51:00,active
3493,周若轩,13900003493,customer3493@example.com,城市23号示例路93号,2026-01-09 10:52:00,active
3494,吴嘉雯,13900003494,customer3494@example.com,城市24号示例路94号,2026-01-10 10:53:00,active
3495,郑子航,13900003495,customer3495@example.com,城市25号示例路95号,2026-01-11 10:54:00,active
3496,王安悦,13900003496,customer3496@example.com,城市26号示例路96号,2026-01-12 10:55:00,active
3497,冯景言,13900003497,customer3497@example.com,城市27号示例路97号,2026-01-13 10:56:00,active
3498,陈明哲,13900003498,customer3498@example.com,城市28号示例路98号,2026-01-14 10:57:00,active
3499,褚语然,13900003499,customer3499@example.com,城市29号示例路99号,2026-01-15 10:58:00,active
3500,卫沐涵,13900003500,customer3500@example.com,城市30号示例路100号,2026-01-16 10:59:00,active
3501,蒋亦禾,13900003501,customer3501@example.com,城市1号示例路101号,2026-01-17 10:00:00,inactive
3502,沈可远,13900003502,customer3502@example.com,城市2号示例路102号,2026-01-18 10:01:00,active
3503,韩书欣,13900003503,customer3503@example.com,城市3号示例路103号,2026-01-19 10:02:00,active
3504,杨星宁,13900003504,customer3504@example.com,城市4号示例路104号,2026-01-20 10:03:00,active
3505,朱晨墨,13900003505,customer3505@example.com,城市5号示例路105号,2026-01-21 10:04:00,active
3506,秦清然,13900003506,customer3506@example.com,城市6号示例路106号,2026-01-22 10:05:00,active
3507,许雨行,13900003507,customer3507@example.com,城市7号示例路107号,2026-01-23 10:06:00,active
3508,何知桐,13900003508,customer3508@example.com,城市8号示例路108号,2026-01-24 10:07:00,active
3509,吕向阳,13900003509,customer3509@example.com,城市9号示例路109号,2026-01-25 10:08:00,active
3510,施承辰,13900003510,customer3510@example.com,城市10号示例路110号,2026-01-26 10:09:00,active
3511,张泽彤,13900003511,customer3511@example.com,城市11号示例路111号,2026-01-27 10:10:00,active
3512,孔逸轩,13900003512,customer3512@example.com,城市12号示例路112号,2026-01-28 10:11:00,active
3513,曹思雯,13900003513,customer3513@example.com,城市13号示例路113号,2026-01-01 10:12:00,active
3514,严若航,13900003514,customer3514@example.com,城市14号示例路114号,2026-01-02 10:13:00,active
3515,华嘉悦,13900003515,customer3515@example.com,城市15号示例路115号,2026-01-03 10:14:00,active
3516,金子言,13900003516,customer3516@example.com,城市16号示例路116号,2026-01-04 10:15:00,active
3517,魏安哲,13900003517,customer3517@example.com,城市17号示例路117号,2026-01-05 10:16:00,active
3518,陶景然,13900003518,customer3518@example.com,城市18号示例路118号,2026-01-06 10:17:00,active
3519,姜明涵,13900003519,customer3519@example.com,城市19号示例路119号,2026-01-07 10:18:00,active
3520,赵语禾,13900003520,customer3520@example.com,城市20号示例路120号,2026-01-08 10:19:00,active
3521,钱沐远,13900003521,customer3521@example.com,城市21号示例路121号,2026-01-09 10:20:00,inactive
3522,孙亦欣,13900003522,customer3522@example.com,城市22号示例路122号,2026-01-10 10:21:00,active
3523,李可宁,13900003523,customer3523@example.com,城市23号示例路123号,2026-01-11 10:22:00,active
3524,周书墨,13900003524,customer3524@example.com,城市24号示例路124号,2026-01-12 10:23:00,active
3525,吴星然,13900003525,customer3525@example.com,城市25号示例路125号,2026-01-13 10:24:00,active
3526,郑晨行,13900003526,customer3526@example.com,城市26号示例路126号,2026-01-14 10:25:00,active
3527,王清桐,13900003527,customer3527@example.com,城市27号示例路127号,2026-01-15 10:26:00,active
3528,冯雨阳,13900003528,customer3528@example.com,城市28号示例路128号,2026-01-16 10:27:00,active
3529,陈知辰,13900003529,customer3529@example.com,城市29号示例路129号,2026-01-17 10:28:00,active
3530,褚向彤,13900003530,customer3530@example.com,城市30号示例路130号,2026-01-18 10:29:00,active
3531,卫承轩,13900003531,customer3531@example.com,城市1号示例路131号,2026-01-19 10:30:00,active
3532,蒋泽雯,13900003532,customer3532@example.com,城市2号示例路132号,2026-01-20 10:31:00,active
3533,沈逸航,13900003533,customer3533@example.com,城市3号示例路133号,2026-01-21 10:32:00,active
3534,韩思悦,13900003534,customer3534@example.com,城市4号示例路134号,2026-01-22 10:33:00,active
3535,杨若言,13900003535,customer3535@example.com,城市5号示例路135号,2026-01-23 10:34:00,active
3536,朱嘉哲,13900003536,customer3536@example.com,城市6号示例路136号,2026-01-24 10:35:00,active
3537,秦子然,13900003537,customer3537@example.com,城市7号示例路137号,2026-01-25 10:36:00,active
3538,许安涵,13900003538,customer3538@example.com,城市8号示例路138号,2026-01-26 10:37:00,active
3539,何景禾,13900003539,customer3539@example.com,城市9号示例路139号,2026-01-27 10:38:00,active
3540,吕明远,13900003540,customer3540@example.com,城市10号示例路140号,2026-01-28 10:39:00,active
3541,施语欣,13900003541,customer3541@example.com,城市11号示例路141号,2026-01-01 10:40:00,inactive
3542,张沐宁,13900003542,customer3542@example.com,城市12号示例路142号,2026-01-02 10:41:00,active
3543,孔亦墨,13900003543,customer3543@example.com,城市13号示例路143号,2026-01-03 10:42:00,active
3544,曹可然,13900003544,customer3544@example.com,城市14号示例路144号,2026-01-04 10:43:00,active
3545,严书行,13900003545,customer3545@example.com,城市15号示例路145号,2026-01-05 10:44:00,active
3546,华星桐,13900003546,customer3546@example.com,城市16号示例路146号,2026-01-06 10:45:00,active
3547,金晨阳,13900003547,customer3547@example.com,城市17号示例路147号,2026-01-07 10:46:00,active
3548,魏清辰,13900003548,customer3548@example.com,城市18号示例路148号,2026-01-08 10:47:00,active
3549,陶雨彤,13900003549,customer3549@example.com,城市19号示例路149号,2026-01-09 10:48:00,active
3550,姜知轩,13900003550,customer3550@example.com,城市20号示例路150号,2026-01-10 10:49:00,active
3551,赵向雯,13900003551,customer3551@example.com,城市21号示例路151号,2026-01-11 10:50:00,active
3552,钱承航,13900003552,customer3552@example.com,城市22号示例路152号,2026-01-12 10:51:00,active
3553,孙泽悦,13900003553,customer3553@example.com,城市23号示例路153号,2026-01-13 10:52:00,active
3554,李逸言,13900003554,customer3554@example.com,城市24号示例路154号,2026-01-14 10:53:00,active
3555,周思哲,13900003555,customer3555@example.com,城市25号示例路155号,2026-01-15 10:54:00,active
3556,吴若然,13900003556,customer3556@example.com,城市26号示例路156号,2026-01-16 10:55:00,active
3557,郑嘉涵,13900003557,customer3557@example.com,城市27号示例路157号,2026-01-17 10:56:00,active
3558,王子禾,13900003558,customer3558@example.com,城市28号示例路158号,2026-01-18 10:57:00,active
3559,冯安远,13900003559,customer3559@example.com,城市29号示例路159号,2026-01-19 10:58:00,active
3560,陈景欣,13900003560,customer3560@example.com,城市30号示例路160号,2026-01-20 10:59:00,active
3561,褚明宁,13900003561,customer3561@example.com,城市1号示例路161号,2026-01-21 10:00:00,inactive
3562,卫语墨,13900003562,customer3562@example.com,城市2号示例路162号,2026-01-22 10:01:00,active
3563,蒋沐然,13900003563,customer3563@example.com,城市3号示例路163号,2026-01-23 10:02:00,active
3564,沈亦行,13900003564,customer3564@example.com,城市4号示例路164号,2026-01-24 10:03:00,active
3565,韩可桐,13900003565,customer3565@example.com,城市5号示例路165号,2026-01-25 10:04:00,active
3566,杨书阳,13900003566,customer3566@example.com,城市6号示例路166号,2026-01-26 10:05:00,active
3567,朱星辰,13900003567,customer3567@example.com,城市7号示例路167号,2026-01-27 10:06:00,active
3568,秦晨彤,13900003568,customer3568@example.com,城市8号示例路168号,2026-01-28 10:07:00,active
3569,许清轩,13900003569,customer3569@example.com,城市9号示例路169号,2026-01-01 10:08:00,active
3570,何雨雯,13900003570,customer3570@example.com,城市10号示例路170号,2026-01-02 10:09:00,active
3571,吕知航,13900003571,customer3571@example.com,城市11号示例路171号,2026-01-03 10:10:00,active
3572,施向悦,13900003572,customer3572@example.com,城市12号示例路172号,2026-01-04 10:11:00,active
3573,张承言,13900003573,customer3573@example.com,城市13号示例路173号,2026-01-05 10:12:00,active
3574,孔泽哲,13900003574,customer3574@example.com,城市14号示例路174号,2026-01-06 10:13:00,active
3575,曹逸然,13900003575,customer3575@example.com,城市15号示例路175号,2026-01-07 10:14:00,active
3576,严思涵,13900003576,customer3576@example.com,城市16号示例路176号,2026-01-08 10:15:00,active
3577,华若禾,13900003577,customer3577@example.com,城市17号示例路177号,2026-01-09 10:16:00,active
3578,金嘉远,13900003578,customer3578@example.com,城市18号示例路178号,2026-01-10 10:17:00,active
3579,魏子欣,13900003579,customer3579@example.com,城市19号示例路179号,2026-01-11 10:18:00,active
3580,陶安宁,13900003580,customer3580@example.com,城市20号示例路180号,2026-01-12 10:19:00,active
3581,姜景墨,13900003581,customer3581@example.com,城市21号示例路181号,2026-01-13 10:20:00,inactive
3582,赵明然,13900003582,customer3582@example.com,城市22号示例路182号,2026-01-14 10:21:00,active
3583,钱语行,13900003583,customer3583@example.com,城市23号示例路183号,2026-01-15 10:22:00,active
3584,孙沐桐,13900003584,customer3584@example.com,城市24号示例路184号,2026-01-16 10:23:00,active
3585,李亦阳,13900003585,customer3585@example.com,城市25号示例路185号,2026-01-17 10:24:00,active
3586,周可辰,13900003586,customer3586@example.com,城市26号示例路186号,2026-01-18 10:25:00,active
3587,吴书彤,13900003587,customer3587@example.com,城市27号示例路187号,2026-01-19 10:26:00,active
3588,郑星轩,13900003588,customer3588@example.com,城市28号示例路188号,2026-01-20 10:27:00,active
3589,王晨雯,13900003589,customer3589@example.com,城市29号示例路189号,2026-01-21 10:28:00,active
3590,冯清航,13900003590,customer3590@example.com,城市30号示例路190号,2026-01-22 10:29:00,active
3591,陈雨悦,13900003591,customer3591@example.com,城市1号示例路191号,2026-01-23 10:30:00,active
3592,褚知言,13900003592,customer3592@example.com,城市2号示例路192号,2026-01-24 10:31:00,active
3593,卫向哲,13900003593,customer3593@example.com,城市3号示例路193号,2026-01-25 10:32:00,active
3594,蒋承然,13900003594,customer3594@example.com,城市4号示例路194号,2026-01-26 10:33:00,active
3595,沈泽涵,13900003595,customer3595@example.com,城市5号示例路195号,2026-01-27 10:34:00,active
3596,韩逸禾,13900003596,customer3596@example.com,城市6号示例路196号,2026-01-28 10:35:00,active
3597,杨思远,13900003597,customer3597@example.com,城市7号示例路197号,2026-01-01 10:36:00,active
3598,朱若欣,13900003598,customer3598@example.com,城市8号示例路198号,2026-01-02 10:37:00,active
3599,秦嘉宁,13900003599,customer3599@example.com,城市9号示例路199号,2026-01-03 10:38:00,active
3600,许子墨,13900003600,customer3600@example.com,城市10号示例路200号,2026-01-04 10:39:00,active
3601,何安然,13900003601,customer3601@example.com,城市11号示例路1号,2026-01-05 10:40:00,inactive
3602,吕景行,13900003602,customer3602@example.com,城市12号示例路2号,2026-01-06 10:41:00,active
3603,施明桐,13900003603,customer3603@example.com,城市13号示例路3号,2026-01-07 10:42:00,active
3604,张语阳,13900003604,customer3604@example.com,城市14号示例路4号,2026-01-08 10:43:00,active
3605,孔沐辰,13900003605,customer3605@example.com,城市15号示例路5号,2026-01-09 10:44:00,active
3606,曹亦彤,13900003606,customer3606@example.com,城市16号示例路6号,2026-01-10 10:45:00,active
3607,严可轩,13900003607,customer3607@example.com,城市17号示例路7号,2026-01-11 10:46:00,active
3608,华书雯,13900003608,customer3608@example.com,城市18号示例路8号,2026-01-12 10:47:00,active
3609,金星航,13900003609,customer3609@example.com,城市19号示例路9号,2026-01-13 10:48:00,active
3610,魏晨悦,13900003610,customer3610@example.com,城市20号示例路10号,2026-01-14 10:49:00,active
3611,陶清言,13900003611,customer3611@example.com,城市21号示例路11号,2026-01-15 10:50:00,active
3612,姜雨哲,13900003612,customer3612@example.com,城市22号示例路12号,2026-01-16 10:51:00,active
3613,赵知然,13900003613,customer3613@example.com,城市23号示例路13号,2026-01-17 10:52:00,active
3614,钱向涵,13900003614,customer3614@example.com,城市24号示例路14号,2026-01-18 10:53:00,active
3615,孙承禾,13900003615,customer3615@example.com,城市25号示例路15号,2026-01-19 10:54:00,active
3616,李泽远,13900003616,customer3616@example.com,城市26号示例路16号,2026-01-20 10:55:00,active
3617,周逸欣,13900003617,customer3617@example.com,城市27号示例路17号,2026-01-21 10:56:00,active
3618,吴思宁,13900003618,customer3618@example.com,城市28号示例路18号,2026-01-22 10:57:00,active
3619,郑若墨,13900003619,customer3619@example.com,城市29号示例路19号,2026-01-23 10:58:00,active
3620,王嘉然,13900003620,customer3620@example.com,城市30号示例路20号,2026-01-24 10:59:00,active
3621,冯子行,13900003621,customer3621@example.com,城市1号示例路21号,2026-01-25 10:00:00,inactive
3622,陈安桐,13900003622,customer3622@example.com,城市2号示例路22号,2026-01-26 10:01:00,active
3623,褚景阳,13900003623,customer3623@example.com,城市3号示例路23号,2026-01-27 10:02:00,active
3624,卫明辰,13900003624,customer3624@example.com,城市4号示例路24号,2026-01-28 10:03:00,active
3625,蒋语彤,13900003625,customer3625@example.com,城市5号示例路25号,2026-01-01 10:04:00,active
3626,沈沐轩,13900003626,customer3626@example.com,城市6号示例路26号,2026-01-02 10:05:00,active
3627,韩亦雯,13900003627,customer3627@example.com,城市7号示例路27号,2026-01-03 10:06:00,active
3628,杨可航,13900003628,customer3628@example.com,城市8号示例路28号,2026-01-04 10:07:00,active
3629,朱书悦,13900003629,customer3629@example.com,城市9号示例路29号,2026-01-05 10:08:00,active
3630,秦星言,13900003630,customer3630@example.com,城市10号示例路30号,2026-01-06 10:09:00,active
3631,许晨哲,13900003631,customer3631@example.com,城市11号示例路31号,2026-01-07 10:10:00,active
3632,何清然,13900003632,customer3632@example.com,城市12号示例路32号,2026-01-08 10:11:00,active
3633,吕雨涵,13900003633,customer3633@example.com,城市13号示例路33号,2026-01-09 10:12:00,active
3634,施知禾,13900003634,customer3634@example.com,城市14号示例路34号,2026-01-10 10:13:00,active
3635,张向远,13900003635,customer3635@example.com,城市15号示例路35号,2026-01-11 10:14:00,active
3636,孔承欣,13900003636,customer3636@example.com,城市16号示例路36号,2026-01-12 10:15:00,active
3637,曹泽宁,13900003637,customer3637@example.com,城市17号示例路37号,2026-01-13 10:16:00,active
3638,严逸墨,13900003638,customer3638@example.com,城市18号示例路38号,2026-01-14 10:17:00,active
3639,华思然,13900003639,customer3639@example.com,城市19号示例路39号,2026-01-15 10:18:00,active
3640,金若行,13900003640,customer3640@example.com,城市20号示例路40号,2026-01-16 10:19:00,active
3641,魏嘉桐,13900003641,customer3641@example.com,城市21号示例路41号,2026-01-17 10:20:00,inactive
3642,陶子阳,13900003642,customer3642@example.com,城市22号示例路42号,2026-01-18 10:21:00,active
3643,姜安辰,13900003643,customer3643@example.com,城市23号示例路43号,2026-01-19 10:22:00,active
3644,赵景彤,13900003644,customer3644@example.com,城市24号示例路44号,2026-01-20 10:23:00,active
3645,钱明轩,13900003645,customer3645@example.com,城市25号示例路45号,2026-01-21 10:24:00,active
3646,孙语雯,13900003646,customer3646@example.com,城市26号示例路46号,2026-01-22 10:25:00,active
3647,李沐航,13900003647,customer3647@example.com,城市27号示例路47号,2026-01-23 10:26:00,active
3648,周亦悦,13900003648,customer3648@example.com,城市28号示例路48号,2026-01-24 10:27:00,active
3649,吴可言,13900003649,customer3649@example.com,城市29号示例路49号,2026-01-25 10:28:00,active
3650,郑书哲,13900003650,customer3650@example.com,城市30号示例路50号,2026-01-26 10:29:00,active
3651,王星然,13900003651,customer3651@example.com,城市1号示例路51号,2026-01-27 10:30:00,active
3652,冯晨涵,13900003652,customer3652@example.com,城市2号示例路52号,2026-01-28 10:31:00,active
3653,陈清禾,13900003653,customer3653@example.com,城市3号示例路53号,2026-01-01 10:32:00,active
3654,褚雨远,13900003654,customer3654@example.com,城市4号示例路54号,2026-01-02 10:33:00,active
3655,卫知欣,13900003655,customer3655@example.com,城市5号示例路55号,2026-01-03 10:34:00,active
3656,蒋向宁,13900003656,customer3656@example.com,城市6号示例路56号,2026-01-04 10:35:00,active
3657,沈承墨,13900003657,customer3657@example.com,城市7号示例路57号,2026-01-05 10:36:00,active
3658,韩泽然,13900003658,customer3658@example.com,城市8号示例路58号,2026-01-06 10:37:00,active
3659,杨逸行,13900003659,customer3659@example.com,城市9号示例路59号,2026-01-07 10:38:00,active
3660,朱思桐,13900003660,customer3660@example.com,城市10号示例路60号,2026-01-08 10:39:00,active
3661,秦若阳,13900003661,customer3661@example.com,城市11号示例路61号,2026-01-09 10:40:00,inactive
3662,许嘉辰,13900003662,customer3662@example.com,城市12号示例路62号,2026-01-10 10:41:00,active
3663,何子彤,13900003663,customer3663@example.com,城市13号示例路63号,2026-01-11 10:42:00,active
3664,吕安轩,13900003664,customer3664@example.com,城市14号示例路64号,2026-01-12 10:43:00,active
3665,施景雯,13900003665,customer3665@example.com,城市15号示例路65号,2026-01-13 10:44:00,active
3666,张明航,13900003666,customer3666@example.com,城市16号示例路66号,2026-01-14 10:45:00,active
3667,孔语悦,13900003667,customer3667@example.com,城市17号示例路67号,2026-01-15 10:46:00,active
3668,曹沐言,13900003668,customer3668@example.com,城市18号示例路68号,2026-01-16 10:47:00,active
3669,严亦哲,13900003669,customer3669@example.com,城市19号示例路69号,2026-01-17 10:48:00,active
3670,华可然,13900003670,customer3670@example.com,城市20号示例路70号,2026-01-18 10:49:00,active
3671,金书涵,13900003671,customer3671@example.com,城市21号示例路71号,2026-01-19 10:50:00,active
3672,魏星禾,13900003672,customer3672@example.com,城市22号示例路72号,2026-01-20 10:51:00,active
3673,陶晨远,13900003673,customer3673@example.com,城市23号示例路73号,2026-01-21 10:52:00,active
3674,姜清欣,13900003674,customer3674@example.com,城市24号示例路74号,2026-01-22 10:53:00,active
3675,赵雨宁,13900003675,customer3675@example.com,城市25号示例路75号,2026-01-23 10:54:00,active
3676,钱知墨,13900003676,customer3676@example.com,城市26号示例路76号,2026-01-24 10:55:00,active
3677,孙向然,13900003677,customer3677@example.com,城市27号示例路77号,2026-01-25 10:56:00,active
3678,李承行,13900003678,customer3678@example.com,城市28号示例路78号,2026-01-26 10:57:00,active
3679,周泽桐,13900003679,customer3679@example.com,城市29号示例路79号,2026-01-27 10:58:00,active
3680,吴逸阳,13900003680,customer3680@example.com,城市30号示例路80号,2026-01-28 10:59:00,active
3681,郑思辰,13900003681,customer3681@example.com,城市1号示例路81号,2026-01-01 10:00:00,inactive
3682,王若彤,13900003682,customer3682@example.com,城市2号示例路82号,2026-01-02 10:01:00,active
3683,冯嘉轩,13900003683,customer3683@example.com,城市3号示例路83号,2026-01-03 10:02:00,active
3684,陈子雯,13900003684,customer3684@example.com,城市4号示例路84号,2026-01-04 10:03:00,active
3685,褚安航,13900003685,customer3685@example.com,城市5号示例路85号,2026-01-05 10:04:00,active
3686,卫景悦,13900003686,customer3686@example.com,城市6号示例路86号,2026-01-06 10:05:00,active
3687,蒋明言,13900003687,customer3687@example.com,城市7号示例路87号,2026-01-07 10:06:00,active
3688,沈语哲,13900003688,customer3688@example.com,城市8号示例路88号,2026-01-08 10:07:00,active
3689,韩沐然,13900003689,customer3689@example.com,城市9号示例路89号,2026-01-09 10:08:00,active
3690,杨亦涵,13900003690,customer3690@example.com,城市10号示例路90号,2026-01-10 10:09:00,active
3691,朱可禾,13900003691,customer3691@example.com,城市11号示例路91号,2026-01-11 10:10:00,active
3692,秦书远,13900003692,customer3692@example.com,城市12号示例路92号,2026-01-12 10:11:00,active
3693,许星欣,13900003693,customer3693@example.com,城市13号示例路93号,2026-01-13 10:12:00,active
3694,何晨宁,13900003694,customer3694@example.com,城市14号示例路94号,2026-01-14 10:13:00,active
3695,吕清墨,13900003695,customer3695@example.com,城市15号示例路95号,2026-01-15 10:14:00,active
3696,施雨然,13900003696,customer3696@example.com,城市16号示例路96号,2026-01-16 10:15:00,active
3697,张知行,13900003697,customer3697@example.com,城市17号示例路97号,2026-01-17 10:16:00,active
3698,孔向桐,13900003698,customer3698@example.com,城市18号示例路98号,2026-01-18 10:17:00,active
3699,曹承阳,13900003699,customer3699@example.com,城市19号示例路99号,2026-01-19 10:18:00,active
3700,严泽辰,13900003700,customer3700@example.com,城市20号示例路100号,2026-01-20 10:19:00,active
3701,华逸彤,13900003701,customer3701@example.com,城市21号示例路101号,2026-01-21 10:20:00,inactive
3702,金思轩,13900003702,customer3702@example.com,城市22号示例路102号,2026-01-22 10:21:00,active
3703,魏若雯,13900003703,customer3703@example.com,城市23号示例路103号,2026-01-23 10:22:00,active
3704,陶嘉航,13900003704,customer3704@example.com,城市24号示例路104号,2026-01-24 10:23:00,active
3705,姜子悦,13900003705,customer3705@example.com,城市25号示例路105号,2026-01-25 10:24:00,active
3706,赵安言,13900003706,customer3706@example.com,城市26号示例路106号,2026-01-26 10:25:00,active
3707,钱景哲,13900003707,customer3707@example.com,城市27号示例路107号,2026-01-27 10:26:00,active
3708,孙明然,13900003708,customer3708@example.com,城市28号示例路108号,2026-01-28 10:27:00,active
3709,李语涵,13900003709,customer3709@example.com,城市29号示例路109号,2026-01-01 10:28:00,active
3710,周沐禾,13900003710,customer3710@example.com,城市30号示例路110号,2026-01-02 10:29:00,active
3711,吴亦远,13900003711,customer3711@example.com,城市1号示例路111号,2026-01-03 10:30:00,active
3712,郑可欣,13900003712,customer3712@example.com,城市2号示例路112号,2026-01-04 10:31:00,active
3713,王书宁,13900003713,customer3713@example.com,城市3号示例路113号,2026-01-05 10:32:00,active
3714,冯星墨,13900003714,customer3714@example.com,城市4号示例路114号,2026-01-06 10:33:00,active
3715,陈晨然,13900003715,customer3715@example.com,城市5号示例路115号,2026-01-07 10:34:00,active
3716,褚清行,13900003716,customer3716@example.com,城市6号示例路116号,2026-01-08 10:35:00,active
3717,卫雨桐,13900003717,customer3717@example.com,城市7号示例路117号,2026-01-09 10:36:00,active
3718,蒋知阳,13900003718,customer3718@example.com,城市8号示例路118号,2026-01-10 10:37:00,active
3719,沈向辰,13900003719,customer3719@example.com,城市9号示例路119号,2026-01-11 10:38:00,active
3720,韩承彤,13900003720,customer3720@example.com,城市10号示例路120号,2026-01-12 10:39:00,active
3721,杨泽轩,13900003721,customer3721@example.com,城市11号示例路121号,2026-01-13 10:40:00,inactive
3722,朱逸雯,13900003722,customer3722@example.com,城市12号示例路122号,2026-01-14 10:41:00,active
3723,秦思航,13900003723,customer3723@example.com,城市13号示例路123号,2026-01-15 10:42:00,active
3724,许若悦,13900003724,customer3724@example.com,城市14号示例路124号,2026-01-16 10:43:00,active
3725,何嘉言,13900003725,customer3725@example.com,城市15号示例路125号,2026-01-17 10:44:00,active
3726,吕子哲,13900003726,customer3726@example.com,城市16号示例路126号,2026-01-18 10:45:00,active
3727,施安然,13900003727,customer3727@example.com,城市17号示例路127号,2026-01-19 10:46:00,active
3728,张景涵,13900003728,customer3728@example.com,城市18号示例路128号,2026-01-20 10:47:00,active
3729,孔明禾,13900003729,customer3729@example.com,城市19号示例路129号,2026-01-21 10:48:00,active
3730,曹语远,13900003730,customer3730@example.com,城市20号示例路130号,2026-01-22 10:49:00,active
3731,严沐欣,13900003731,customer3731@example.com,城市21号示例路131号,2026-01-23 10:50:00,active
3732,华亦宁,13900003732,customer3732@example.com,城市22号示例路132号,2026-01-24 10:51:00,active
3733,金可墨,13900003733,customer3733@example.com,城市23号示例路133号,2026-01-25 10:52:00,active
3734,魏书然,13900003734,customer3734@example.com,城市24号示例路134号,2026-01-26 10:53:00,active
3735,陶星行,13900003735,customer3735@example.com,城市25号示例路135号,2026-01-27 10:54:00,active
3736,姜晨桐,13900003736,customer3736@example.com,城市26号示例路136号,2026-01-28 10:55:00,active
3737,赵清阳,13900003737,customer3737@example.com,城市27号示例路137号,2026-01-01 10:56:00,active
3738,钱雨辰,13900003738,customer3738@example.com,城市28号示例路138号,2026-01-02 10:57:00,active
3739,孙知彤,13900003739,customer3739@example.com,城市29号示例路139号,2026-01-03 10:58:00,active
3740,李向轩,13900003740,customer3740@example.com,城市30号示例路140号,2026-01-04 10:59:00,active
3741,周承雯,13900003741,customer3741@example.com,城市1号示例路141号,2026-01-05 10:00:00,inactive
3742,吴泽航,13900003742,customer3742@example.com,城市2号示例路142号,2026-01-06 10:01:00,active
3743,郑逸悦,13900003743,customer3743@example.com,城市3号示例路143号,2026-01-07 10:02:00,active
3744,王思言,13900003744,customer3744@example.com,城市4号示例路144号,2026-01-08 10:03:00,active
3745,冯若哲,13900003745,customer3745@example.com,城市5号示例路145号,2026-01-09 10:04:00,active
3746,陈嘉然,13900003746,customer3746@example.com,城市6号示例路146号,2026-01-10 10:05:00,active
3747,褚子涵,13900003747,customer3747@example.com,城市7号示例路147号,2026-01-11 10:06:00,active
3748,卫安禾,13900003748,customer3748@example.com,城市8号示例路148号,2026-01-12 10:07:00,active
3749,蒋景远,13900003749,customer3749@example.com,城市9号示例路149号,2026-01-13 10:08:00,active
3750,沈明欣,13900003750,customer3750@example.com,城市10号示例路150号,2026-01-14 10:09:00,active
3751,韩语宁,13900003751,customer3751@example.com,城市11号示例路151号,2026-01-15 10:10:00,active
3752,杨沐墨,13900003752,customer3752@example.com,城市12号示例路152号,2026-01-16 10:11:00,active
3753,朱亦然,13900003753,customer3753@example.com,城市13号示例路153号,2026-01-17 10:12:00,active
3754,秦可行,13900003754,customer3754@example.com,城市14号示例路154号,2026-01-18 10:13:00,active
3755,许书桐,13900003755,customer3755@example.com,城市15号示例路155号,2026-01-19 10:14:00,active
3756,何星阳,13900003756,customer3756@example.com,城市16号示例路156号,2026-01-20 10:15:00,active
3757,吕晨辰,13900003757,customer3757@example.com,城市17号示例路157号,2026-01-21 10:16:00,active
3758,施清彤,13900003758,customer3758@example.com,城市18号示例路158号,2026-01-22 10:17:00,active
3759,张雨轩,13900003759,customer3759@example.com,城市19号示例路159号,2026-01-23 10:18:00,active
3760,孔知雯,13900003760,customer3760@example.com,城市20号示例路160号,2026-01-24 10:19:00,active
3761,曹向航,13900003761,customer3761@example.com,城市21号示例路161号,2026-01-25 10:20:00,inactive
3762,严承悦,13900003762,customer3762@example.com,城市22号示例路162号,2026-01-26 10:21:00,active
3763,华泽言,13900003763,customer3763@example.com,城市23号示例路163号,2026-01-27 10:22:00,active
3764,金逸哲,13900003764,customer3764@example.com,城市24号示例路164号,2026-01-28 10:23:00,active
3765,魏思然,13900003765,customer3765@example.com,城市25号示例路165号,2026-01-01 10:24:00,active
3766,陶若涵,13900003766,customer3766@example.com,城市26号示例路166号,2026-01-02 10:25:00,active
3767,姜嘉禾,13900003767,customer3767@example.com,城市27号示例路167号,2026-01-03 10:26:00,active
3768,赵子远,13900003768,customer3768@example.com,城市28号示例路168号,2026-01-04 10:27:00,active
3769,钱安欣,13900003769,customer3769@example.com,城市29号示例路169号,2026-01-05 10:28:00,active
3770,孙景宁,13900003770,customer3770@example.com,城市30号示例路170号,2026-01-06 10:29:00,active
3771,李明墨,13900003771,customer3771@example.com,城市1号示例路171号,2026-01-07 10:30:00,active
3772,周语然,13900003772,customer3772@example.com,城市2号示例路172号,2026-01-08 10:31:00,active
3773,吴沐行,13900003773,customer3773@example.com,城市3号示例路173号,2026-01-09 10:32:00,active
3774,郑亦桐,13900003774,customer3774@example.com,城市4号示例路174号,2026-01-10 10:33:00,active
3775,王可阳,13900003775,customer3775@example.com,城市5号示例路175号,2026-01-11 10:34:00,active
3776,冯书辰,13900003776,customer3776@example.com,城市6号示例路176号,2026-01-12 10:35:00,active
3777,陈星彤,13900003777,customer3777@example.com,城市7号示例路177号,2026-01-13 10:36:00,active
3778,褚晨轩,13900003778,customer3778@example.com,城市8号示例路178号,2026-01-14 10:37:00,active
3779,卫清雯,13900003779,customer3779@example.com,城市9号示例路179号,2026-01-15 10:38:00,active
3780,蒋雨航,13900003780,customer3780@example.com,城市10号示例路180号,2026-01-16 10:39:00,active
3781,沈知悦,13900003781,customer3781@example.com,城市11号示例路181号,2026-01-17 10:40:00,inactive
3782,韩向言,13900003782,customer3782@example.com,城市12号示例路182号,2026-01-18 10:41:00,active
3783,杨承哲,13900003783,customer3783@example.com,城市13号示例路183号,2026-01-19 10:42:00,active
3784,朱泽然,13900003784,customer3784@example.com,城市14号示例路184号,2026-01-20 10:43:00,active
3785,秦逸涵,13900003785,customer3785@example.com,城市15号示例路185号,2026-01-21 10:44:00,active
3786,许思禾,13900003786,customer3786@example.com,城市16号示例路186号,2026-01-22 10:45:00,active
3787,何若远,13900003787,customer3787@example.com,城市17号示例路187号,2026-01-23 10:46:00,active
3788,吕嘉欣,13900003788,customer3788@example.com,城市18号示例路188号,2026-01-24 10:47:00,active
3789,施子宁,13900003789,customer3789@example.com,城市19号示例路189号,2026-01-25 10:48:00,active
3790,张安墨,13900003790,customer3790@example.com,城市20号示例路190号,2026-01-26 10:49:00,active
3791,孔景然,13900003791,customer3791@example.com,城市21号示例路191号,2026-01-27 10:50:00,active
3792,曹明行,13900003792,customer3792@example.com,城市22号示例路192号,2026-01-28 10:51:00,active
3793,严语桐,13900003793,customer3793@example.com,城市23号示例路193号,2026-01-01 10:52:00,active
3794,华沐阳,13900003794,customer3794@example.com,城市24号示例路194号,2026-01-02 10:53:00,active
3795,金亦辰,13900003795,customer3795@example.com,城市25号示例路195号,2026-01-03 10:54:00,active
3796,魏可彤,13900003796,customer3796@example.com,城市26号示例路196号,2026-01-04 10:55:00,active
3797,陶书轩,13900003797,customer3797@example.com,城市27号示例路197号,2026-01-05 10:56:00,active
3798,姜星雯,13900003798,customer3798@example.com,城市28号示例路198号,2026-01-06 10:57:00,active
3799,赵晨航,13900003799,customer3799@example.com,城市29号示例路199号,2026-01-07 10:58:00,active
3800,钱清悦,13900003800,customer3800@example.com,城市30号示例路200号,2026-01-08 10:59:00,active
3801,孙雨言,13900003801,customer3801@example.com,城市1号示例路1号,2026-01-09 10:00:00,inactive
3802,李知哲,13900003802,customer3802@example.com,城市2号示例路2号,2026-01-10 10:01:00,active
3803,周向然,13900003803,customer3803@example.com,城市3号示例路3号,2026-01-11 10:02:00,active
3804,吴承涵,13900003804,customer3804@example.com,城市4号示例路4号,2026-01-12 10:03:00,active
3805,郑泽禾,13900003805,customer3805@example.com,城市5号示例路5号,2026-01-13 10:04:00,active
3806,王逸远,13900003806,customer3806@example.com,城市6号示例路6号,2026-01-14 10:05:00,active
3807,冯思欣,13900003807,customer3807@example.com,城市7号示例路7号,2026-01-15 10:06:00,active
3808,陈若宁,13900003808,customer3808@example.com,城市8号示例路8号,2026-01-16 10:07:00,active
3809,褚嘉墨,13900003809,customer3809@example.com,城市9号示例路9号,2026-01-17 10:08:00,active
3810,卫子然,13900003810,customer3810@example.com,城市10号示例路10号,2026-01-18 10:09:00,active
3811,蒋安行,13900003811,customer3811@example.com,城市11号示例路11号,2026-01-19 10:10:00,active
3812,沈景桐,13900003812,customer3812@example.com,城市12号示例路12号,2026-01-20 10:11:00,active
3813,韩明阳,13900003813,customer3813@example.com,城市13号示例路13号,2026-01-21 10:12:00,active
3814,杨语辰,13900003814,customer3814@example.com,城市14号示例路14号,2026-01-22 10:13:00,active
3815,朱沐彤,13900003815,customer3815@example.com,城市15号示例路15号,2026-01-23 10:14:00,active
3816,秦亦轩,13900003816,customer3816@example.com,城市16号示例路16号,2026-01-24 10:15:00,active
3817,许可雯,13900003817,customer3817@example.com,城市17号示例路17号,2026-01-25 10:16:00,active
3818,何书航,13900003818,customer3818@example.com,城市18号示例路18号,2026-01-26 10:17:00,active
3819,吕星悦,13900003819,customer3819@example.com,城市19号示例路19号,2026-01-27 10:18:00,active
3820,施晨言,13900003820,customer3820@example.com,城市20号示例路20号,2026-01-28 10:19:00,active
3821,张清哲,13900003821,customer3821@example.com,城市21号示例路21号,2026-01-01 10:20:00,inactive
3822,孔雨然,13900003822,customer3822@example.com,城市22号示例路22号,2026-01-02 10:21:00,active
3823,曹知涵,13900003823,customer3823@example.com,城市23号示例路23号,2026-01-03 10:22:00,active
3824,严向禾,13900003824,customer3824@example.com,城市24号示例路24号,2026-01-04 10:23:00,active
3825,华承远,13900003825,customer3825@example.com,城市25号示例路25号,2026-01-05 10:24:00,active
3826,金泽欣,13900003826,customer3826@example.com,城市26号示例路26号,2026-01-06 10:25:00,active
3827,魏逸宁,13900003827,customer3827@example.com,城市27号示例路27号,2026-01-07 10:26:00,active
3828,陶思墨,13900003828,customer3828@example.com,城市28号示例路28号,2026-01-08 10:27:00,active
3829,姜若然,13900003829,customer3829@example.com,城市29号示例路29号,2026-01-09 10:28:00,active
3830,赵嘉行,13900003830,customer3830@example.com,城市30号示例路30号,2026-01-10 10:29:00,active
3831,钱子桐,13900003831,customer3831@example.com,城市1号示例路31号,2026-01-11 10:30:00,active
3832,孙安阳,13900003832,customer3832@example.com,城市2号示例路32号,2026-01-12 10:31:00,active
3833,李景辰,13900003833,customer3833@example.com,城市3号示例路33号,2026-01-13 10:32:00,active
3834,周明彤,13900003834,customer3834@example.com,城市4号示例路34号,2026-01-14 10:33:00,active
3835,吴语轩,13900003835,customer3835@example.com,城市5号示例路35号,2026-01-15 10:34:00,active
3836,郑沐雯,13900003836,customer3836@example.com,城市6号示例路36号,2026-01-16 10:35:00,active
3837,王亦航,13900003837,customer3837@example.com,城市7号示例路37号,2026-01-17 10:36:00,active
3838,冯可悦,13900003838,customer3838@example.com,城市8号示例路38号,2026-01-18 10:37:00,active
3839,陈书言,13900003839,customer3839@example.com,城市9号示例路39号,2026-01-19 10:38:00,active
3840,褚星哲,13900003840,customer3840@example.com,城市10号示例路40号,2026-01-20 10:39:00,active
3841,卫晨然,13900003841,customer3841@example.com,城市11号示例路41号,2026-01-21 10:40:00,inactive
3842,蒋清涵,13900003842,customer3842@example.com,城市12号示例路42号,2026-01-22 10:41:00,active
3843,沈雨禾,13900003843,customer3843@example.com,城市13号示例路43号,2026-01-23 10:42:00,active
3844,韩知远,13900003844,customer3844@example.com,城市14号示例路44号,2026-01-24 10:43:00,active
3845,杨向欣,13900003845,customer3845@example.com,城市15号示例路45号,2026-01-25 10:44:00,active
3846,朱承宁,13900003846,customer3846@example.com,城市16号示例路46号,2026-01-26 10:45:00,active
3847,秦泽墨,13900003847,customer3847@example.com,城市17号示例路47号,2026-01-27 10:46:00,active
3848,许逸然,13900003848,customer3848@example.com,城市18号示例路48号,2026-01-28 10:47:00,active
3849,何思行,13900003849,customer3849@example.com,城市19号示例路49号,2026-01-01 10:48:00,active
3850,吕若桐,13900003850,customer3850@example.com,城市20号示例路50号,2026-01-02 10:49:00,active
3851,施嘉阳,13900003851,customer3851@example.com,城市21号示例路51号,2026-01-03 10:50:00,active
3852,张子辰,13900003852,customer3852@example.com,城市22号示例路52号,2026-01-04 10:51:00,active
3853,孔安彤,13900003853,customer3853@example.com,城市23号示例路53号,2026-01-05 10:52:00,active
3854,曹景轩,13900003854,customer3854@example.com,城市24号示例路54号,2026-01-06 10:53:00,active
3855,严明雯,13900003855,customer3855@example.com,城市25号示例路55号,2026-01-07 10:54:00,active
3856,华语航,13900003856,customer3856@example.com,城市26号示例路56号,2026-01-08 10:55:00,active
3857,金沐悦,13900003857,customer3857@example.com,城市27号示例路57号,2026-01-09 10:56:00,active
3858,魏亦言,13900003858,customer3858@example.com,城市28号示例路58号,2026-01-10 10:57:00,active
3859,陶可哲,13900003859,customer3859@example.com,城市29号示例路59号,2026-01-11 10:58:00,active
3860,姜书然,13900003860,customer3860@example.com,城市30号示例路60号,2026-01-12 10:59:00,active
3861,赵星涵,13900003861,customer3861@example.com,城市1号示例路61号,2026-01-13 10:00:00,inactive
3862,钱晨禾,13900003862,customer3862@example.com,城市2号示例路62号,2026-01-14 10:01:00,active
3863,孙清远,13900003863,customer3863@example.com,城市3号示例路63号,2026-01-15 10:02:00,active
3864,李雨欣,13900003864,customer3864@example.com,城市4号示例路64号,2026-01-16 10:03:00,active
3865,周知宁,13900003865,customer3865@example.com,城市5号示例路65号,2026-01-17 10:04:00,active
3866,吴向墨,13900003866,customer3866@example.com,城市6号示例路66号,2026-01-18 10:05:00,active
3867,郑承然,13900003867,customer3867@example.com,城市7号示例路67号,2026-01-19 10:06:00,active
3868,王泽行,13900003868,customer3868@example.com,城市8号示例路68号,2026-01-20 10:07:00,active
3869,冯逸桐,13900003869,customer3869@example.com,城市9号示例路69号,2026-01-21 10:08:00,active
3870,陈思阳,13900003870,customer3870@example.com,城市10号示例路70号,2026-01-22 10:09:00,active
3871,褚若辰,13900003871,customer3871@example.com,城市11号示例路71号,2026-01-23 10:10:00,active
3872,卫嘉彤,13900003872,customer3872@example.com,城市12号示例路72号,2026-01-24 10:11:00,active
3873,蒋子轩,13900003873,customer3873@example.com,城市13号示例路73号,2026-01-25 10:12:00,active
3874,沈安雯,13900003874,customer3874@example.com,城市14号示例路74号,2026-01-26 10:13:00,active
3875,韩景航,13900003875,customer3875@example.com,城市15号示例路75号,2026-01-27 10:14:00,active
3876,杨明悦,13900003876,customer3876@example.com,城市16号示例路76号,2026-01-28 10:15:00,active
3877,朱语言,13900003877,customer3877@example.com,城市17号示例路77号,2026-01-01 10:16:00,active
3878,秦沐哲,13900003878,customer3878@example.com,城市18号示例路78号,2026-01-02 10:17:00,active
3879,许亦然,13900003879,customer3879@example.com,城市19号示例路79号,2026-01-03 10:18:00,active
3880,何可涵,13900003880,customer3880@example.com,城市20号示例路80号,2026-01-04 10:19:00,active
3881,吕书禾,13900003881,customer3881@example.com,城市21号示例路81号,2026-01-05 10:20:00,inactive
3882,施星远,13900003882,customer3882@example.com,城市22号示例路82号,2026-01-06 10:21:00,active
3883,张晨欣,13900003883,customer3883@example.com,城市23号示例路83号,2026-01-07 10:22:00,active
3884,孔清宁,13900003884,customer3884@example.com,城市24号示例路84号,2026-01-08 10:23:00,active
3885,曹雨墨,13900003885,customer3885@example.com,城市25号示例路85号,2026-01-09 10:24:00,active
3886,严知然,13900003886,customer3886@example.com,城市26号示例路86号,2026-01-10 10:25:00,active
3887,华向行,13900003887,customer3887@example.com,城市27号示例路87号,2026-01-11 10:26:00,active
3888,金承桐,13900003888,customer3888@example.com,城市28号示例路88号,2026-01-12 10:27:00,active
3889,魏泽阳,13900003889,customer3889@example.com,城市29号示例路89号,2026-01-13 10:28:00,active
3890,陶逸辰,13900003890,customer3890@example.com,城市30号示例路90号,2026-01-14 10:29:00,active
3891,姜思彤,13900003891,customer3891@example.com,城市1号示例路91号,2026-01-15 10:30:00,active
3892,赵若轩,13900003892,customer3892@example.com,城市2号示例路92号,2026-01-16 10:31:00,active
3893,钱嘉雯,13900003893,customer3893@example.com,城市3号示例路93号,2026-01-17 10:32:00,active
3894,孙子航,13900003894,customer3894@example.com,城市4号示例路94号,2026-01-18 10:33:00,active
3895,李安悦,13900003895,customer3895@example.com,城市5号示例路95号,2026-01-19 10:34:00,active
3896,周景言,13900003896,customer3896@example.com,城市6号示例路96号,2026-01-20 10:35:00,active
3897,吴明哲,13900003897,customer3897@example.com,城市7号示例路97号,2026-01-21 10:36:00,active
3898,郑语然,13900003898,customer3898@example.com,城市8号示例路98号,2026-01-22 10:37:00,active
3899,王沐涵,13900003899,customer3899@example.com,城市9号示例路99号,2026-01-23 10:38:00,active
3900,冯亦禾,13900003900,customer3900@example.com,城市10号示例路100号,2026-01-24 10:39:00,active
3901,陈可远,13900003901,customer3901@example.com,城市11号示例路101号,2026-01-25 10:40:00,inactive
3902,褚书欣,13900003902,customer3902@example.com,城市12号示例路102号,2026-01-26 10:41:00,active
3903,卫星宁,13900003903,customer3903@example.com,城市13号示例路103号,2026-01-27 10:42:00,active
3904,蒋晨墨,13900003904,customer3904@example.com,城市14号示例路104号,2026-01-28 10:43:00,active
3905,沈清然,13900003905,customer3905@example.com,城市15号示例路105号,2026-01-01 10:44:00,active
3906,韩雨行,13900003906,customer3906@example.com,城市16号示例路106号,2026-01-02 10:45:00,active
3907,杨知桐,13900003907,customer3907@example.com,城市17号示例路107号,2026-01-03 10:46:00,active
3908,朱向阳,13900003908,customer3908@example.com,城市18号示例路108号,2026-01-04 10:47:00,active
3909,秦承辰,13900003909,customer3909@example.com,城市19号示例路109号,2026-01-05 10:48:00,active
3910,许泽彤,13900003910,customer3910@example.com,城市20号示例路110号,2026-01-06 10:49:00,active
3911,何逸轩,13900003911,customer3911@example.com,城市21号示例路111号,2026-01-07 10:50:00,active
3912,吕思雯,13900003912,customer3912@example.com,城市22号示例路112号,2026-01-08 10:51:00,active
3913,施若航,13900003913,customer3913@example.com,城市23号示例路113号,2026-01-09 10:52:00,active
3914,张嘉悦,13900003914,customer3914@example.com,城市24号示例路114号,2026-01-10 10:53:00,active
3915,孔子言,13900003915,customer3915@example.com,城市25号示例路115号,2026-01-11 10:54:00,active
3916,曹安哲,13900003916,customer3916@example.com,城市26号示例路116号,2026-01-12 10:55:00,active
3917,严景然,13900003917,customer3917@example.com,城市27号示例路117号,2026-01-13 10:56:00,active
3918,华明涵,13900003918,customer3918@example.com,城市28号示例路118号,2026-01-14 10:57:00,active
3919,金语禾,13900003919,customer3919@example.com,城市29号示例路119号,2026-01-15 10:58:00,active
3920,魏沐远,13900003920,customer3920@example.com,城市30号示例路120号,2026-01-16 10:59:00,active
3921,陶亦欣,13900003921,customer3921@example.com,城市1号示例路121号,2026-01-17 10:00:00,inactive
3922,姜可宁,13900003922,customer3922@example.com,城市2号示例路122号,2026-01-18 10:01:00,active
3923,赵书墨,13900003923,customer3923@example.com,城市3号示例路123号,2026-01-19 10:02:00,active
3924,钱星然,13900003924,customer3924@example.com,城市4号示例路124号,2026-01-20 10:03:00,active
3925,孙晨行,13900003925,customer3925@example.com,城市5号示例路125号,2026-01-21 10:04:00,active
3926,李清桐,13900003926,customer3926@example.com,城市6号示例路126号,2026-01-22 10:05:00,active
3927,周雨阳,13900003927,customer3927@example.com,城市7号示例路127号,2026-01-23 10:06:00,active
3928,吴知辰,13900003928,customer3928@example.com,城市8号示例路128号,2026-01-24 10:07:00,active
3929,郑向彤,13900003929,customer3929@example.com,城市9号示例路129号,2026-01-25 10:08:00,active
3930,王承轩,13900003930,customer3930@example.com,城市10号示例路130号,2026-01-26 10:09:00,active
3931,冯泽雯,13900003931,customer3931@example.com,城市11号示例路131号,2026-01-27 10:10:00,active
3932,陈逸航,13900003932,customer3932@example.com,城市12号示例路132号,2026-01-28 10:11:00,active
3933,褚思悦,13900003933,customer3933@example.com,城市13号示例路133号,2026-01-01 10:12:00,active
3934,卫若言,13900003934,customer3934@example.com,城市14号示例路134号,2026-01-02 10:13:00,active
3935,蒋嘉哲,13900003935,customer3935@example.com,城市15号示例路135号,2026-01-03 10:14:00,active
3936,沈子然,13900003936,customer3936@example.com,城市16号示例路136号,2026-01-04 10:15:00,active
3937,韩安涵,13900003937,customer3937@example.com,城市17号示例路137号,2026-01-05 10:16:00,active
3938,杨景禾,13900003938,customer3938@example.com,城市18号示例路138号,2026-01-06 10:17:00,active
3939,朱明远,13900003939,customer3939@example.com,城市19号示例路139号,2026-01-07 10:18:00,active
3940,秦语欣,13900003940,customer3940@example.com,城市20号示例路140号,2026-01-08 10:19:00,active
3941,许沐宁,13900003941,customer3941@example.com,城市21号示例路141号,2026-01-09 10:20:00,inactive
3942,何亦墨,13900003942,customer3942@example.com,城市22号示例路142号,2026-01-10 10:21:00,active
3943,吕可然,13900003943,customer3943@example.com,城市23号示例路143号,2026-01-11 10:22:00,active
3944,施书行,13900003944,customer3944@example.com,城市24号示例路144号,2026-01-12 10:23:00,active
3945,张星桐,13900003945,customer3945@example.com,城市25号示例路145号,2026-01-13 10:24:00,active
3946,孔晨阳,13900003946,customer3946@example.com,城市26号示例路146号,2026-01-14 10:25:00,active
3947,曹清辰,13900003947,customer3947@example.com,城市27号示例路147号,2026-01-15 10:26:00,active
3948,严雨彤,13900003948,customer3948@example.com,城市28号示例路148号,2026-01-16 10:27:00,active
3949,华知轩,13900003949,customer3949@example.com,城市29号示例路149号,2026-01-17 10:28:00,active
3950,金向雯,13900003950,customer3950@example.com,城市30号示例路150号,2026-01-18 10:29:00,active
3951,魏承航,13900003951,customer3951@example.com,城市1号示例路151号,2026-01-19 10:30:00,active
3952,陶泽悦,13900003952,customer3952@example.com,城市2号示例路152号,2026-01-20 10:31:00,active
3953,姜逸言,13900003953,customer3953@example.com,城市3号示例路153号,2026-01-21 10:32:00,active
3954,赵思哲,13900003954,customer3954@example.com,城市4号示例路154号,2026-01-22 10:33:00,active
3955,钱若然,13900003955,customer3955@example.com,城市5号示例路155号,2026-01-23 10:34:00,active
3956,孙嘉涵,13900003956,customer3956@example.com,城市6号示例路156号,2026-01-24 10:35:00,active
3957,李子禾,13900003957,customer3957@example.com,城市7号示例路157号,2026-01-25 10:36:00,active
3958,周安远,13900003958,customer3958@example.com,城市8号示例路158号,2026-01-26 10:37:00,active
3959,吴景欣,13900003959,customer3959@example.com,城市9号示例路159号,2026-01-27 10:38:00,active
3960,郑明宁,13900003960,customer3960@example.com,城市10号示例路160号,2026-01-28 10:39:00,active
3961,王语墨,13900003961,customer3961@example.com,城市11号示例路161号,2026-01-01 10:40:00,inactive
3962,冯沐然,13900003962,customer3962@example.com,城市12号示例路162号,2026-01-02 10:41:00,active
3963,陈亦行,13900003963,customer3963@example.com,城市13号示例路163号,2026-01-03 10:42:00,active
3964,褚可桐,13900003964,customer3964@example.com,城市14号示例路164号,2026-01-04 10:43:00,active
3965,卫书阳,13900003965,customer3965@example.com,城市15号示例路165号,2026-01-05 10:44:00,active
3966,蒋星辰,13900003966,customer3966@example.com,城市16号示例路166号,2026-01-06 10:45:00,active
3967,沈晨彤,13900003967,customer3967@example.com,城市17号示例路167号,2026-01-07 10:46:00,active
3968,韩清轩,13900003968,customer3968@example.com,城市18号示例路168号,2026-01-08 10:47:00,active
3969,杨雨雯,13900003969,customer3969@example.com,城市19号示例路169号,2026-01-09 10:48:00,active
3970,朱知航,13900003970,customer3970@example.com,城市20号示例路170号,2026-01-10 10:49:00,active
3971,秦向悦,13900003971,customer3971@example.com,城市21号示例路171号,2026-01-11 10:50:00,active
3972,许承言,13900003972,customer3972@example.com,城市22号示例路172号,2026-01-12 10:51:00,active
3973,何泽哲,13900003973,customer3973@example.com,城市23号示例路173号,2026-01-13 10:52:00,active
3974,吕逸然,13900003974,customer3974@example.com,城市24号示例路174号,2026-01-14 10:53:00,active
3975,施思涵,13900003975,customer3975@example.com,城市25号示例路175号,2026-01-15 10:54:00,active
3976,张若禾,13900003976,customer3976@example.com,城市26号示例路176号,2026-01-16 10:55:00,active
3977,孔嘉远,13900003977,customer3977@example.com,城市27号示例路177号,2026-01-17 10:56:00,active
3978,曹子欣,13900003978,customer3978@example.com,城市28号示例路178号,2026-01-18 10:57:00,active
3979,严安宁,13900003979,customer3979@example.com,城市29号示例路179号,2026-01-19 10:58:00,active
3980,华景墨,13900003980,customer3980@example.com,城市30号示例路180号,2026-01-20 10:59:00,active
3981,金明然,13900003981,customer3981@example.com,城市1号示例路181号,2026-01-21 10:00:00,inactive
3982,魏语行,13900003982,customer3982@example.com,城市2号示例路182号,2026-01-22 10:01:00,active
3983,陶沐桐,13900003983,customer3983@example.com,城市3号示例路183号,2026-01-23 10:02:00,active
3984,姜亦阳,13900003984,customer3984@example.com,城市4号示例路184号,2026-01-24 10:03:00,active
3985,赵可辰,13900003985,customer3985@example.com,城市5号示例路185号,2026-01-25 10:04:00,active
3986,钱书彤,13900003986,customer3986@example.com,城市6号示例路186号,2026-01-26 10:05:00,active
3987,孙星轩,13900003987,customer3987@example.com,城市7号示例路187号,2026-01-27 10:06:00,active
3988,李晨雯,13900003988,customer3988@example.com,城市8号示例路188号,2026-01-28 10:07:00,active
3989,周清航,13900003989,customer3989@example.com,城市9号示例路189号,2026-01-01 10:08:00,active
3990,吴雨悦,13900003990,customer3990@example.com,城市10号示例路190号,2026-01-02 10:09:00,active
3991,郑知言,13900003991,customer3991@example.com,城市11号示例路191号,2026-01-03 10:10:00,active
3992,王向哲,13900003992,customer3992@example.com,城市12号示例路192号,2026-01-04 10:11:00,active
3993,冯承然,13900003993,customer3993@example.com,城市13号示例路193号,2026-01-05 10:12:00,active
3994,陈泽涵,13900003994,customer3994@example.com,城市14号示例路194号,2026-01-06 10:13:00,active
3995,褚逸禾,13900003995,customer3995@example.com,城市15号示例路195号,2026-01-07 10:14:00,active
3996,卫思远,13900003996,customer3996@example.com,城市16号示例路196号,2026-01-08 10:15:00,active
3997,蒋若欣,13900003997,customer3997@example.com,城市17号示例路197号,2026-01-09 10:16:00,active
3998,沈嘉宁,13900003998,customer3998@example.com,城市18号示例路198号,2026-01-10 10:17:00,active
3999,韩子墨,13900003999,customer3999@example.com,城市19号示例路199号,2026-01-11 10:18:00,active
4000,杨安然,13900004000,customer4000@example.com,城市20号示例路200号,2026-01-12 10:19:00,active
4001,朱景行,13900004001,customer4001@example.com,城市21号示例路1号,2026-01-13 10:20:00,inactive
4002,秦明桐,13900004002,customer4002@example.com,城市22号示例路2号,2026-01-14 10:21:00,active
4003,许语阳,13900004003,customer4003@example.com,城市23号示例路3号,2026-01-15 10:22:00,active
4004,何沐辰,13900004004,customer4004@example.com,城市24号示例路4号,2026-01-16 10:23:00,active
4005,吕亦彤,13900004005,customer4005@example.com,城市25号示例路5号,2026-01-17 10:24:00,active
4006,施可轩,13900004006,customer4006@example.com,城市26号示例路6号,2026-01-18 10:25:00,active
4007,张书雯,13900004007,customer4007@example.com,城市27号示例路7号,2026-01-19 10:26:00,active
4008,孔星航,13900004008,customer4008@example.com,城市28号示例路8号,2026-01-20 10:27:00,active
4009,曹晨悦,13900004009,customer4009@example.com,城市29号示例路9号,2026-01-21 10:28:00,active
4010,严清言,13900004010,customer4010@example.com,城市30号示例路10号,2026-01-22 10:29:00,active
4011,华雨哲,13900004011,customer4011@example.com,城市1号示例路11号,2026-01-23 10:30:00,active
4012,金知然,13900004012,customer4012@example.com,城市2号示例路12号,2026-01-24 10:31:00,active
4013,魏向涵,13900004013,customer4013@example.com,城市3号示例路13号,2026-01-25 10:32:00,active
4014,陶承禾,13900004014,customer4014@example.com,城市4号示例路14号,2026-01-26 10:33:00,active
4015,姜泽远,13900004015,customer4015@example.com,城市5号示例路15号,2026-01-27 10:34:00,active
4016,赵逸欣,13900004016,customer4016@example.com,城市6号示例路16号,2026-01-28 10:35:00,active
4017,钱思宁,13900004017,customer4017@example.com,城市7号示例路17号,2026-01-01 10:36:00,active
4018,孙若墨,13900004018,customer4018@example.com,城市8号示例路18号,2026-01-02 10:37:00,active
4019,李嘉然,13900004019,customer4019@example.com,城市9号示例路19号,2026-01-03 10:38:00,active
4020,周子行,13900004020,customer4020@example.com,城市10号示例路20号,2026-01-04 10:39:00,active
4021,吴安桐,13900004021,customer4021@example.com,城市11号示例路21号,2026-01-05 10:40:00,inactive
4022,郑景阳,13900004022,customer4022@example.com,城市12号示例路22号,2026-01-06 10:41:00,active
4023,王明辰,13900004023,customer4023@example.com,城市13号示例路23号,2026-01-07 10:42:00,active
4024,冯语彤,13900004024,customer4024@example.com,城市14号示例路24号,2026-01-08 10:43:00,active
4025,陈沐轩,13900004025,customer4025@example.com,城市15号示例路25号,2026-01-09 10:44:00,active
4026,褚亦雯,13900004026,customer4026@example.com,城市16号示例路26号,2026-01-10 10:45:00,active
4027,卫可航,13900004027,customer4027@example.com,城市17号示例路27号,2026-01-11 10:46:00,active
4028,蒋书悦,13900004028,customer4028@example.com,城市18号示例路28号,2026-01-12 10:47:00,active
4029,沈星言,13900004029,customer4029@example.com,城市19号示例路29号,2026-01-13 10:48:00,active
4030,韩晨哲,13900004030,customer4030@example.com,城市20号示例路30号,2026-01-14 10:49:00,active
4031,杨清然,13900004031,customer4031@example.com,城市21号示例路31号,2026-01-15 10:50:00,active
4032,朱雨涵,13900004032,customer4032@example.com,城市22号示例路32号,2026-01-16 10:51:00,active
4033,秦知禾,13900004033,customer4033@example.com,城市23号示例路33号,2026-01-17 10:52:00,active
4034,许向远,13900004034,customer4034@example.com,城市24号示例路34号,2026-01-18 10:53:00,active
4035,何承欣,13900004035,customer4035@example.com,城市25号示例路35号,2026-01-19 10:54:00,active
4036,吕泽宁,13900004036,customer4036@example.com,城市26号示例路36号,2026-01-20 10:55:00,active
4037,施逸墨,13900004037,customer4037@example.com,城市27号示例路37号,2026-01-21 10:56:00,active
4038,张思然,13900004038,customer4038@example.com,城市28号示例路38号,2026-01-22 10:57:00,active
4039,孔若行,13900004039,customer4039@example.com,城市29号示例路39号,2026-01-23 10:58:00,active
4040,曹嘉桐,13900004040,customer4040@example.com,城市30号示例路40号,2026-01-24 10:59:00,active
4041,严子阳,13900004041,customer4041@example.com,城市1号示例路41号,2026-01-25 10:00:00,inactive
4042,华安辰,13900004042,customer4042@example.com,城市2号示例路42号,2026-01-26 10:01:00,active
4043,金景彤,13900004043,customer4043@example.com,城市3号示例路43号,2026-01-27 10:02:00,active
4044,魏明轩,13900004044,customer4044@example.com,城市4号示例路44号,2026-01-28 10:03:00,active
4045,陶语雯,13900004045,customer4045@example.com,城市5号示例路45号,2026-01-01 10:04:00,active
4046,姜沐航,13900004046,customer4046@example.com,城市6号示例路46号,2026-01-02 10:05:00,active
4047,赵亦悦,13900004047,customer4047@example.com,城市7号示例路47号,2026-01-03 10:06:00,active
4048,钱可言,13900004048,customer4048@example.com,城市8号示例路48号,2026-01-04 10:07:00,active
4049,孙书哲,13900004049,customer4049@example.com,城市9号示例路49号,2026-01-05 10:08:00,active
4050,李星然,13900004050,customer4050@example.com,城市10号示例路50号,2026-01-06 10:09:00,active
4051,周晨涵,13900004051,customer4051@example.com,城市11号示例路51号,2026-01-07 10:10:00,active
4052,吴清禾,13900004052,customer4052@example.com,城市12号示例路52号,2026-01-08 10:11:00,active
4053,郑雨远,13900004053,customer4053@example.com,城市13号示例路53号,2026-01-09 10:12:00,active
4054,王知欣,13900004054,customer4054@example.com,城市14号示例路54号,2026-01-10 10:13:00,active
4055,冯向宁,13900004055,customer4055@example.com,城市15号示例路55号,2026-01-11 10:14:00,active
4056,陈承墨,13900004056,customer4056@example.com,城市16号示例路56号,2026-01-12 10:15:00,active
4057,褚泽然,13900004057,customer4057@example.com,城市17号示例路57号,2026-01-13 10:16:00,active
4058,卫逸行,13900004058,customer4058@example.com,城市18号示例路58号,2026-01-14 10:17:00,active
4059,蒋思桐,13900004059,customer4059@example.com,城市19号示例路59号,2026-01-15 10:18:00,active
4060,沈若阳,13900004060,customer4060@example.com,城市20号示例路60号,2026-01-16 10:19:00,active
4061,韩嘉辰,13900004061,customer4061@example.com,城市21号示例路61号,2026-01-17 10:20:00,inactive
4062,杨子彤,13900004062,customer4062@example.com,城市22号示例路62号,2026-01-18 10:21:00,active
4063,朱安轩,13900004063,customer4063@example.com,城市23号示例路63号,2026-01-19 10:22:00,active
4064,秦景雯,13900004064,customer4064@example.com,城市24号示例路64号,2026-01-20 10:23:00,active
4065,许明航,13900004065,customer4065@example.com,城市25号示例路65号,2026-01-21 10:24:00,active
4066,何语悦,13900004066,customer4066@example.com,城市26号示例路66号,2026-01-22 10:25:00,active
4067,吕沐言,13900004067,customer4067@example.com,城市27号示例路67号,2026-01-23 10:26:00,active
4068,施亦哲,13900004068,customer4068@example.com,城市28号示例路68号,2026-01-24 10:27:00,active
4069,张可然,13900004069,customer4069@example.com,城市29号示例路69号,2026-01-25 10:28:00,active
4070,孔书涵,13900004070,customer4070@example.com,城市30号示例路70号,2026-01-26 10:29:00,active
4071,曹星禾,13900004071,customer4071@example.com,城市1号示例路71号,2026-01-27 10:30:00,active
4072,严晨远,13900004072,customer4072@example.com,城市2号示例路72号,2026-01-28 10:31:00,active
4073,华清欣,13900004073,customer4073@example.com,城市3号示例路73号,2026-01-01 10:32:00,active
4074,金雨宁,13900004074,customer4074@example.com,城市4号示例路74号,2026-01-02 10:33:00,active
4075,魏知墨,13900004075,customer4075@example.com,城市5号示例路75号,2026-01-03 10:34:00,active
4076,陶向然,13900004076,customer4076@example.com,城市6号示例路76号,2026-01-04 10:35:00,active
4077,姜承行,13900004077,customer4077@example.com,城市7号示例路77号,2026-01-05 10:36:00,active
4078,赵泽桐,13900004078,customer4078@example.com,城市8号示例路78号,2026-01-06 10:37:00,active
4079,钱逸阳,13900004079,customer4079@example.com,城市9号示例路79号,2026-01-07 10:38:00,active
4080,孙思辰,13900004080,customer4080@example.com,城市10号示例路80号,2026-01-08 10:39:00,active
4081,李若彤,13900004081,customer4081@example.com,城市11号示例路81号,2026-01-09 10:40:00,inactive
4082,周嘉轩,13900004082,customer4082@example.com,城市12号示例路82号,2026-01-10 10:41:00,active
4083,吴子雯,13900004083,customer4083@example.com,城市13号示例路83号,2026-01-11 10:42:00,active
4084,郑安航,13900004084,customer4084@example.com,城市14号示例路84号,2026-01-12 10:43:00,active
4085,王景悦,13900004085,customer4085@example.com,城市15号示例路85号,2026-01-13 10:44:00,active
4086,冯明言,13900004086,customer4086@example.com,城市16号示例路86号,2026-01-14 10:45:00,active
4087,陈语哲,13900004087,customer4087@example.com,城市17号示例路87号,2026-01-15 10:46:00,active
4088,褚沐然,13900004088,customer4088@example.com,城市18号示例路88号,2026-01-16 10:47:00,active
4089,卫亦涵,13900004089,customer4089@example.com,城市19号示例路89号,2026-01-17 10:48:00,active
4090,蒋可禾,13900004090,customer4090@example.com,城市20号示例路90号,2026-01-18 10:49:00,active
4091,沈书远,13900004091,customer4091@example.com,城市21号示例路91号,2026-01-19 10:50:00,active
4092,韩星欣,13900004092,customer4092@example.com,城市22号示例路92号,2026-01-20 10:51:00,active
4093,杨晨宁,13900004093,customer4093@example.com,城市23号示例路93号,2026-01-21 10:52:00,active
4094,朱清墨,13900004094,customer4094@example.com,城市24号示例路94号,2026-01-22 10:53:00,active
4095,秦雨然,13900004095,customer4095@example.com,城市25号示例路95号,2026-01-23 10:54:00,active
4096,许知行,13900004096,customer4096@example.com,城市26号示例路96号,2026-01-24 10:55:00,active
4097,何向桐,13900004097,customer4097@example.com,城市27号示例路97号,2026-01-25 10:56:00,active
4098,吕承阳,13900004098,customer4098@example.com,城市28号示例路98号,2026-01-26 10:57:00,active
4099,施泽辰,13900004099,customer4099@example.com,城市29号示例路99号,2026-01-27 10:58:00,active
4100,张逸彤,13900004100,customer4100@example.com,城市30号示例路100号,2026-01-28 10:59:00,active
4101,孔思轩,13900004101,customer4101@example.com,城市1号示例路101号,2026-01-01 10:00:00,inactive
4102,曹若雯,13900004102,customer4102@example.com,城市2号示例路102号,2026-01-02 10:01:00,active
4103,严嘉航,13900004103,customer4103@example.com,城市3号示例路103号,2026-01-03 10:02:00,active
4104,华子悦,13900004104,customer4104@example.com,城市4号示例路104号,2026-01-04 10:03:00,active
4105,金安言,13900004105,customer4105@example.com,城市5号示例路105号,2026-01-05 10:04:00,active
4106,魏景哲,13900004106,customer4106@example.com,城市6号示例路106号,2026-01-06 10:05:00,active
4107,陶明然,13900004107,customer4107@example.com,城市7号示例路107号,2026-01-07 10:06:00,active
4108,姜语涵,13900004108,customer4108@example.com,城市8号示例路108号,2026-01-08 10:07:00,active
4109,赵沐禾,13900004109,customer4109@example.com,城市9号示例路109号,2026-01-09 10:08:00,active
4110,钱亦远,13900004110,customer4110@example.com,城市10号示例路110号,2026-01-10 10:09:00,active
4111,孙可欣,13900004111,customer4111@example.com,城市11号示例路111号,2026-01-11 10:10:00,active
4112,李书宁,13900004112,customer4112@example.com,城市12号示例路112号,2026-01-12 10:11:00,active
4113,周星墨,13900004113,customer4113@example.com,城市13号示例路113号,2026-01-13 10:12:00,active
4114,吴晨然,13900004114,customer4114@example.com,城市14号示例路114号,2026-01-14 10:13:00,active
4115,郑清行,13900004115,customer4115@example.com,城市15号示例路115号,2026-01-15 10:14:00,active
4116,王雨桐,13900004116,customer4116@example.com,城市16号示例路116号,2026-01-16 10:15:00,active
4117,冯知阳,13900004117,customer4117@example.com,城市17号示例路117号,2026-01-17 10:16:00,active
4118,陈向辰,13900004118,customer4118@example.com,城市18号示例路118号,2026-01-18 10:17:00,active
4119,褚承彤,13900004119,customer4119@example.com,城市19号示例路119号,2026-01-19 10:18:00,active
4120,卫泽轩,13900004120,customer4120@example.com,城市20号示例路120号,2026-01-20 10:19:00,active
4121,蒋逸雯,13900004121,customer4121@example.com,城市21号示例路121号,2026-01-21 10:20:00,inactive
4122,沈思航,13900004122,customer4122@example.com,城市22号示例路122号,2026-01-22 10:21:00,active
4123,韩若悦,13900004123,customer4123@example.com,城市23号示例路123号,2026-01-23 10:22:00,active
4124,杨嘉言,13900004124,customer4124@example.com,城市24号示例路124号,2026-01-24 10:23:00,active
4125,朱子哲,13900004125,customer4125@example.com,城市25号示例路125号,2026-01-25 10:24:00,active
4126,秦安然,13900004126,customer4126@example.com,城市26号示例路126号,2026-01-26 10:25:00,active
4127,许景涵,13900004127,customer4127@example.com,城市27号示例路127号,2026-01-27 10:26:00,active
4128,何明禾,13900004128,customer4128@example.com,城市28号示例路128号,2026-01-28 10:27:00,active
4129,吕语远,13900004129,customer4129@example.com,城市29号示例路129号,2026-01-01 10:28:00,active
4130,施沐欣,13900004130,customer4130@example.com,城市30号示例路130号,2026-01-02 10:29:00,active
4131,张亦宁,13900004131,customer4131@example.com,城市1号示例路131号,2026-01-03 10:30:00,active
4132,孔可墨,13900004132,customer4132@example.com,城市2号示例路132号,2026-01-04 10:31:00,active
4133,曹书然,13900004133,customer4133@example.com,城市3号示例路133号,2026-01-05 10:32:00,active
4134,严星行,13900004134,customer4134@example.com,城市4号示例路134号,2026-01-06 10:33:00,active
4135,华晨桐,13900004135,customer4135@example.com,城市5号示例路135号,2026-01-07 10:34:00,active
4136,金清阳,13900004136,customer4136@example.com,城市6号示例路136号,2026-01-08 10:35:00,active
4137,魏雨辰,13900004137,customer4137@example.com,城市7号示例路137号,2026-01-09 10:36:00,active
4138,陶知彤,13900004138,customer4138@example.com,城市8号示例路138号,2026-01-10 10:37:00,active
4139,姜向轩,13900004139,customer4139@example.com,城市9号示例路139号,2026-01-11 10:38:00,active
4140,赵承雯,13900004140,customer4140@example.com,城市10号示例路140号,2026-01-12 10:39:00,active
4141,钱泽航,13900004141,customer4141@example.com,城市11号示例路141号,2026-01-13 10:40:00,inactive
4142,孙逸悦,13900004142,customer4142@example.com,城市12号示例路142号,2026-01-14 10:41:00,active
4143,李思言,13900004143,customer4143@example.com,城市13号示例路143号,2026-01-15 10:42:00,active
4144,周若哲,13900004144,customer4144@example.com,城市14号示例路144号,2026-01-16 10:43:00,active
4145,吴嘉然,13900004145,customer4145@example.com,城市15号示例路145号,2026-01-17 10:44:00,active
4146,郑子涵,13900004146,customer4146@example.com,城市16号示例路146号,2026-01-18 10:45:00,active
4147,王安禾,13900004147,customer4147@example.com,城市17号示例路147号,2026-01-19 10:46:00,active
4148,冯景远,13900004148,customer4148@example.com,城市18号示例路148号,2026-01-20 10:47:00,active
4149,陈明欣,13900004149,customer4149@example.com,城市19号示例路149号,2026-01-21 10:48:00,active
4150,褚语宁,13900004150,customer4150@example.com,城市20号示例路150号,2026-01-22 10:49:00,active
4151,卫沐墨,13900004151,customer4151@example.com,城市21号示例路151号,2026-01-23 10:50:00,active
4152,蒋亦然,13900004152,customer4152@example.com,城市22号示例路152号,2026-01-24 10:51:00,active
4153,沈可行,13900004153,customer4153@example.com,城市23号示例路153号,2026-01-25 10:52:00,active
4154,韩书桐,13900004154,customer4154@example.com,城市24号示例路154号,2026-01-26 10:53:00,active
4155,杨星阳,13900004155,customer4155@example.com,城市25号示例路155号,2026-01-27 10:54:00,active
4156,朱晨辰,13900004156,customer4156@example.com,城市26号示例路156号,2026-01-28 10:55:00,active
4157,秦清彤,13900004157,customer4157@example.com,城市27号示例路157号,2026-01-01 10:56:00,active
4158,许雨轩,13900004158,customer4158@example.com,城市28号示例路158号,2026-01-02 10:57:00,active
4159,何知雯,13900004159,customer4159@example.com,城市29号示例路159号,2026-01-03 10:58:00,active
4160,吕向航,13900004160,customer4160@example.com,城市30号示例路160号,2026-01-04 10:59:00,active
4161,施承悦,13900004161,customer4161@example.com,城市1号示例路161号,2026-01-05 10:00:00,inactive
4162,张泽言,13900004162,customer4162@example.com,城市2号示例路162号,2026-01-06 10:01:00,active
4163,孔逸哲,13900004163,customer4163@example.com,城市3号示例路163号,2026-01-07 10:02:00,active
4164,曹思然,13900004164,customer4164@example.com,城市4号示例路164号,2026-01-08 10:03:00,active
4165,严若涵,13900004165,customer4165@example.com,城市5号示例路165号,2026-01-09 10:04:00,active
4166,华嘉禾,13900004166,customer4166@example.com,城市6号示例路166号,2026-01-10 10:05:00,active
4167,金子远,13900004167,customer4167@example.com,城市7号示例路167号,2026-01-11 10:06:00,active
4168,魏安欣,13900004168,customer4168@example.com,城市8号示例路168号,2026-01-12 10:07:00,active
4169,陶景宁,13900004169,customer4169@example.com,城市9号示例路169号,2026-01-13 10:08:00,active
4170,姜明墨,13900004170,customer4170@example.com,城市10号示例路170号,2026-01-14 10:09:00,active
4171,赵语然,13900004171,customer4171@example.com,城市11号示例路171号,2026-01-15 10:10:00,active
4172,钱沐行,13900004172,customer4172@example.com,城市12号示例路172号,2026-01-16 10:11:00,active
4173,孙亦桐,13900004173,customer4173@example.com,城市13号示例路173号,2026-01-17 10:12:00,active
4174,李可阳,13900004174,customer4174@example.com,城市14号示例路174号,2026-01-18 10:13:00,active
4175,周书辰,13900004175,customer4175@example.com,城市15号示例路175号,2026-01-19 10:14:00,active
4176,吴星彤,13900004176,customer4176@example.com,城市16号示例路176号,2026-01-20 10:15:00,active
4177,郑晨轩,13900004177,customer4177@example.com,城市17号示例路177号,2026-01-21 10:16:00,active
4178,王清雯,13900004178,customer4178@example.com,城市18号示例路178号,2026-01-22 10:17:00,active
4179,冯雨航,13900004179,customer4179@example.com,城市19号示例路179号,2026-01-23 10:18:00,active
4180,陈知悦,13900004180,customer4180@example.com,城市20号示例路180号,2026-01-24 10:19:00,active
4181,褚向言,13900004181,customer4181@example.com,城市21号示例路181号,2026-01-25 10:20:00,inactive
4182,卫承哲,13900004182,customer4182@example.com,城市22号示例路182号,2026-01-26 10:21:00,active
4183,蒋泽然,13900004183,customer4183@example.com,城市23号示例路183号,2026-01-27 10:22:00,active
4184,沈逸涵,13900004184,customer4184@example.com,城市24号示例路184号,2026-01-28 10:23:00,active
4185,韩思禾,13900004185,customer4185@example.com,城市25号示例路185号,2026-01-01 10:24:00,active
4186,杨若远,13900004186,customer4186@example.com,城市26号示例路186号,2026-01-02 10:25:00,active
4187,朱嘉欣,13900004187,customer4187@example.com,城市27号示例路187号,2026-01-03 10:26:00,active
4188,秦子宁,13900004188,customer4188@example.com,城市28号示例路188号,2026-01-04 10:27:00,active
4189,许安墨,13900004189,customer4189@example.com,城市29号示例路189号,2026-01-05 10:28:00,active
4190,何景然,13900004190,customer4190@example.com,城市30号示例路190号,2026-01-06 10:29:00,active
4191,吕明行,13900004191,customer4191@example.com,城市1号示例路191号,2026-01-07 10:30:00,active
4192,施语桐,13900004192,customer4192@example.com,城市2号示例路192号,2026-01-08 10:31:00,active
4193,张沐阳,13900004193,customer4193@example.com,城市3号示例路193号,2026-01-09 10:32:00,active
4194,孔亦辰,13900004194,customer4194@example.com,城市4号示例路194号,2026-01-10 10:33:00,active
4195,曹可彤,13900004195,customer4195@example.com,城市5号示例路195号,2026-01-11 10:34:00,active
4196,严书轩,13900004196,customer4196@example.com,城市6号示例路196号,2026-01-12 10:35:00,active
4197,华星雯,13900004197,customer4197@example.com,城市7号示例路197号,2026-01-13 10:36:00,active
4198,金晨航,13900004198,customer4198@example.com,城市8号示例路198号,2026-01-14 10:37:00,active
4199,魏清悦,13900004199,customer4199@example.com,城市9号示例路199号,2026-01-15 10:38:00,active
4200,陶雨言,13900004200,customer4200@example.com,城市10号示例路200号,2026-01-16 10:39:00,active
4201,姜知哲,13900004201,customer4201@example.com,城市11号示例路1号,2026-01-17 10:40:00,inactive
4202,赵向然,13900004202,customer4202@example.com,城市12号示例路2号,2026-01-18 10:41:00,active
4203,钱承涵,13900004203,customer4203@example.com,城市13号示例路3号,2026-01-19 10:42:00,active
4204,孙泽禾,13900004204,customer4204@example.com,城市14号示例路4号,2026-01-20 10:43:00,active
4205,李逸远,13900004205,customer4205@example.com,城市15号示例路5号,2026-01-21 10:44:00,active
4206,周思欣,13900004206,customer4206@example.com,城市16号示例路6号,2026-01-22 10:45:00,active
4207,吴若宁,13900004207,customer4207@example.com,城市17号示例路7号,2026-01-23 10:46:00,active
4208,郑嘉墨,13900004208,customer4208@example.com,城市18号示例路8号,2026-01-24 10:47:00,active
4209,王子然,13900004209,customer4209@example.com,城市19号示例路9号,2026-01-25 10:48:00,active
4210,冯安行,13900004210,customer4210@example.com,城市20号示例路10号,2026-01-26 10:49:00,active
4211,陈景桐,13900004211,customer4211@example.com,城市21号示例路11号,2026-01-27 10:50:00,active
4212,褚明阳,13900004212,customer4212@example.com,城市22号示例路12号,2026-01-28 10:51:00,active
4213,卫语辰,13900004213,customer4213@example.com,城市23号示例路13号,2026-01-01 10:52:00,active
4214,蒋沐彤,13900004214,customer4214@example.com,城市24号示例路14号,2026-01-02 10:53:00,active
4215,沈亦轩,13900004215,customer4215@example.com,城市25号示例路15号,2026-01-03 10:54:00,active
4216,韩可雯,13900004216,customer4216@example.com,城市26号示例路16号,2026-01-04 10:55:00,active
4217,杨书航,13900004217,customer4217@example.com,城市27号示例路17号,2026-01-05 10:56:00,active
4218,朱星悦,13900004218,customer4218@example.com,城市28号示例路18号,2026-01-06 10:57:00,active
4219,秦晨言,13900004219,customer4219@example.com,城市29号示例路19号,2026-01-07 10:58:00,active
4220,许清哲,13900004220,customer4220@example.com,城市30号示例路20号,2026-01-08 10:59:00,active
4221,何雨然,13900004221,customer4221@example.com,城市1号示例路21号,2026-01-09 10:00:00,inactive
4222,吕知涵,13900004222,customer4222@example.com,城市2号示例路22号,2026-01-10 10:01:00,active
4223,施向禾,13900004223,customer4223@example.com,城市3号示例路23号,2026-01-11 10:02:00,active
4224,张承远,13900004224,customer4224@example.com,城市4号示例路24号,2026-01-12 10:03:00,active
4225,孔泽欣,13900004225,customer4225@example.com,城市5号示例路25号,2026-01-13 10:04:00,active
4226,曹逸宁,13900004226,customer4226@example.com,城市6号示例路26号,2026-01-14 10:05:00,active
4227,严思墨,13900004227,customer4227@example.com,城市7号示例路27号,2026-01-15 10:06:00,active
4228,华若然,13900004228,customer4228@example.com,城市8号示例路28号,2026-01-16 10:07:00,active
4229,金嘉行,13900004229,customer4229@example.com,城市9号示例路29号,2026-01-17 10:08:00,active
4230,魏子桐,13900004230,customer4230@example.com,城市10号示例路30号,2026-01-18 10:09:00,active
4231,陶安阳,13900004231,customer4231@example.com,城市11号示例路31号,2026-01-19 10:10:00,active
4232,姜景辰,13900004232,customer4232@example.com,城市12号示例路32号,2026-01-20 10:11:00,active
4233,赵明彤,13900004233,customer4233@example.com,城市13号示例路33号,2026-01-21 10:12:00,active
4234,钱语轩,13900004234,customer4234@example.com,城市14号示例路34号,2026-01-22 10:13:00,active
4235,孙沐雯,13900004235,customer4235@example.com,城市15号示例路35号,2026-01-23 10:14:00,active
4236,李亦航,13900004236,customer4236@example.com,城市16号示例路36号,2026-01-24 10:15:00,active
4237,周可悦,13900004237,customer4237@example.com,城市17号示例路37号,2026-01-25 10:16:00,active
4238,吴书言,13900004238,customer4238@example.com,城市18号示例路38号,2026-01-26 10:17:00,active
4239,郑星哲,13900004239,customer4239@example.com,城市19号示例路39号,2026-01-27 10:18:00,active
4240,王晨然,13900004240,customer4240@example.com,城市20号示例路40号,2026-01-28 10:19:00,active
4241,冯清涵,13900004241,customer4241@example.com,城市21号示例路41号,2026-01-01 10:20:00,inactive
4242,陈雨禾,13900004242,customer4242@example.com,城市22号示例路42号,2026-01-02 10:21:00,active
4243,褚知远,13900004243,customer4243@example.com,城市23号示例路43号,2026-01-03 10:22:00,active
4244,卫向欣,13900004244,customer4244@example.com,城市24号示例路44号,2026-01-04 10:23:00,active
4245,蒋承宁,13900004245,customer4245@example.com,城市25号示例路45号,2026-01-05 10:24:00,active
4246,沈泽墨,13900004246,customer4246@example.com,城市26号示例路46号,2026-01-06 10:25:00,active
4247,韩逸然,13900004247,customer4247@example.com,城市27号示例路47号,2026-01-07 10:26:00,active
4248,杨思行,13900004248,customer4248@example.com,城市28号示例路48号,2026-01-08 10:27:00,active
4249,朱若桐,13900004249,customer4249@example.com,城市29号示例路49号,2026-01-09 10:28:00,active
4250,秦嘉阳,13900004250,customer4250@example.com,城市30号示例路50号,2026-01-10 10:29:00,active
4251,许子辰,13900004251,customer4251@example.com,城市1号示例路51号,2026-01-11 10:30:00,active
4252,何安彤,13900004252,customer4252@example.com,城市2号示例路52号,2026-01-12 10:31:00,active
4253,吕景轩,13900004253,customer4253@example.com,城市3号示例路53号,2026-01-13 10:32:00,active
4254,施明雯,13900004254,customer4254@example.com,城市4号示例路54号,2026-01-14 10:33:00,active
4255,张语航,13900004255,customer4255@example.com,城市5号示例路55号,2026-01-15 10:34:00,active
4256,孔沐悦,13900004256,customer4256@example.com,城市6号示例路56号,2026-01-16 10:35:00,active
4257,曹亦言,13900004257,customer4257@example.com,城市7号示例路57号,2026-01-17 10:36:00,active
4258,严可哲,13900004258,customer4258@example.com,城市8号示例路58号,2026-01-18 10:37:00,active
4259,华书然,13900004259,customer4259@example.com,城市9号示例路59号,2026-01-19 10:38:00,active
4260,金星涵,13900004260,customer4260@example.com,城市10号示例路60号,2026-01-20 10:39:00,active
4261,魏晨禾,13900004261,customer4261@example.com,城市11号示例路61号,2026-01-21 10:40:00,inactive
4262,陶清远,13900004262,customer4262@example.com,城市12号示例路62号,2026-01-22 10:41:00,active
4263,姜雨欣,13900004263,customer4263@example.com,城市13号示例路63号,2026-01-23 10:42:00,active
4264,赵知宁,13900004264,customer4264@example.com,城市14号示例路64号,2026-01-24 10:43:00,active
4265,钱向墨,13900004265,customer4265@example.com,城市15号示例路65号,2026-01-25 10:44:00,active
4266,孙承然,13900004266,customer4266@example.com,城市16号示例路66号,2026-01-26 10:45:00,active
4267,李泽行,13900004267,customer4267@example.com,城市17号示例路67号,2026-01-27 10:46:00,active
4268,周逸桐,13900004268,customer4268@example.com,城市18号示例路68号,2026-01-28 10:47:00,active
4269,吴思阳,13900004269,customer4269@example.com,城市19号示例路69号,2026-01-01 10:48:00,active
4270,郑若辰,13900004270,customer4270@example.com,城市20号示例路70号,2026-01-02 10:49:00,active
4271,王嘉彤,13900004271,customer4271@example.com,城市21号示例路71号,2026-01-03 10:50:00,active
4272,冯子轩,13900004272,customer4272@example.com,城市22号示例路72号,2026-01-04 10:51:00,active
4273,陈安雯,13900004273,customer4273@example.com,城市23号示例路73号,2026-01-05 10:52:00,active
4274,褚景航,13900004274,customer4274@example.com,城市24号示例路74号,2026-01-06 10:53:00,active
4275,卫明悦,13900004275,customer4275@example.com,城市25号示例路75号,2026-01-07 10:54:00,active
4276,蒋语言,13900004276,customer4276@example.com,城市26号示例路76号,2026-01-08 10:55:00,active
4277,沈沐哲,13900004277,customer4277@example.com,城市27号示例路77号,2026-01-09 10:56:00,active
4278,韩亦然,13900004278,customer4278@example.com,城市28号示例路78号,2026-01-10 10:57:00,active
4279,杨可涵,13900004279,customer4279@example.com,城市29号示例路79号,2026-01-11 10:58:00,active
4280,朱书禾,13900004280,customer4280@example.com,城市30号示例路80号,2026-01-12 10:59:00,active
4281,秦星远,13900004281,customer4281@example.com,城市1号示例路81号,2026-01-13 10:00:00,inactive
4282,许晨欣,13900004282,customer4282@example.com,城市2号示例路82号,2026-01-14 10:01:00,active
4283,何清宁,13900004283,customer4283@example.com,城市3号示例路83号,2026-01-15 10:02:00,active
4284,吕雨墨,13900004284,customer4284@example.com,城市4号示例路84号,2026-01-16 10:03:00,active
4285,施知然,13900004285,customer4285@example.com,城市5号示例路85号,2026-01-17 10:04:00,active
4286,张向行,13900004286,customer4286@example.com,城市6号示例路86号,2026-01-18 10:05:00,active
4287,孔承桐,13900004287,customer4287@example.com,城市7号示例路87号,2026-01-19 10:06:00,active
4288,曹泽阳,13900004288,customer4288@example.com,城市8号示例路88号,2026-01-20 10:07:00,active
4289,严逸辰,13900004289,customer4289@example.com,城市9号示例路89号,2026-01-21 10:08:00,active
4290,华思彤,13900004290,customer4290@example.com,城市10号示例路90号,2026-01-22 10:09:00,active
4291,金若轩,13900004291,customer4291@example.com,城市11号示例路91号,2026-01-23 10:10:00,active
4292,魏嘉雯,13900004292,customer4292@example.com,城市12号示例路92号,2026-01-24 10:11:00,active
4293,陶子航,13900004293,customer4293@example.com,城市13号示例路93号,2026-01-25 10:12:00,active
4294,姜安悦,13900004294,customer4294@example.com,城市14号示例路94号,2026-01-26 10:13:00,active
4295,赵景言,13900004295,customer4295@example.com,城市15号示例路95号,2026-01-27 10:14:00,active
4296,钱明哲,13900004296,customer4296@example.com,城市16号示例路96号,2026-01-28 10:15:00,active
4297,孙语然,13900004297,customer4297@example.com,城市17号示例路97号,2026-01-01 10:16:00,active
4298,李沐涵,13900004298,customer4298@example.com,城市18号示例路98号,2026-01-02 10:17:00,active
4299,周亦禾,13900004299,customer4299@example.com,城市19号示例路99号,2026-01-03 10:18:00,active
4300,吴可远,13900004300,customer4300@example.com,城市20号示例路100号,2026-01-04 10:19:00,active
4301,郑书欣,13900004301,customer4301@example.com,城市21号示例路101号,2026-01-05 10:20:00,inactive
4302,王星宁,13900004302,customer4302@example.com,城市22号示例路102号,2026-01-06 10:21:00,active
4303,冯晨墨,13900004303,customer4303@example.com,城市23号示例路103号,2026-01-07 10:22:00,active
4304,陈清然,13900004304,customer4304@example.com,城市24号示例路104号,2026-01-08 10:23:00,active
4305,褚雨行,13900004305,customer4305@example.com,城市25号示例路105号,2026-01-09 10:24:00,active
4306,卫知桐,13900004306,customer4306@example.com,城市26号示例路106号,2026-01-10 10:25:00,active
4307,蒋向阳,13900004307,customer4307@example.com,城市27号示例路107号,2026-01-11 10:26:00,active
4308,沈承辰,13900004308,customer4308@example.com,城市28号示例路108号,2026-01-12 10:27:00,active
4309,韩泽彤,13900004309,customer4309@example.com,城市29号示例路109号,2026-01-13 10:28:00,active
4310,杨逸轩,13900004310,customer4310@example.com,城市30号示例路110号,2026-01-14 10:29:00,active
4311,朱思雯,13900004311,customer4311@example.com,城市1号示例路111号,2026-01-15 10:30:00,active
4312,秦若航,13900004312,customer4312@example.com,城市2号示例路112号,2026-01-16 10:31:00,active
4313,许嘉悦,13900004313,customer4313@example.com,城市3号示例路113号,2026-01-17 10:32:00,active
4314,何子言,13900004314,customer4314@example.com,城市4号示例路114号,2026-01-18 10:33:00,active
4315,吕安哲,13900004315,customer4315@example.com,城市5号示例路115号,2026-01-19 10:34:00,active
4316,施景然,13900004316,customer4316@example.com,城市6号示例路116号,2026-01-20 10:35:00,active
4317,张明涵,13900004317,customer4317@example.com,城市7号示例路117号,2026-01-21 10:36:00,active
4318,孔语禾,13900004318,customer4318@example.com,城市8号示例路118号,2026-01-22 10:37:00,active
4319,曹沐远,13900004319,customer4319@example.com,城市9号示例路119号,2026-01-23 10:38:00,active
4320,严亦欣,13900004320,customer4320@example.com,城市10号示例路120号,2026-01-24 10:39:00,active
4321,华可宁,13900004321,customer4321@example.com,城市11号示例路121号,2026-01-25 10:40:00,inactive
4322,金书墨,13900004322,customer4322@example.com,城市12号示例路122号,2026-01-26 10:41:00,active
4323,魏星然,13900004323,customer4323@example.com,城市13号示例路123号,2026-01-27 10:42:00,active
4324,陶晨行,13900004324,customer4324@example.com,城市14号示例路124号,2026-01-28 10:43:00,active
4325,姜清桐,13900004325,customer4325@example.com,城市15号示例路125号,2026-01-01 10:44:00,active
4326,赵雨阳,13900004326,customer4326@example.com,城市16号示例路126号,2026-01-02 10:45:00,active
4327,钱知辰,13900004327,customer4327@example.com,城市17号示例路127号,2026-01-03 10:46:00,active
4328,孙向彤,13900004328,customer4328@example.com,城市18号示例路128号,2026-01-04 10:47:00,active
4329,李承轩,13900004329,customer4329@example.com,城市19号示例路129号,2026-01-05 10:48:00,active
4330,周泽雯,13900004330,customer4330@example.com,城市20号示例路130号,2026-01-06 10:49:00,active
4331,吴逸航,13900004331,customer4331@example.com,城市21号示例路131号,2026-01-07 10:50:00,active
4332,郑思悦,13900004332,customer4332@example.com,城市22号示例路132号,2026-01-08 10:51:00,active
4333,王若言,13900004333,customer4333@example.com,城市23号示例路133号,2026-01-09 10:52:00,active
4334,冯嘉哲,13900004334,customer4334@example.com,城市24号示例路134号,2026-01-10 10:53:00,active
4335,陈子然,13900004335,customer4335@example.com,城市25号示例路135号,2026-01-11 10:54:00,active
4336,褚安涵,13900004336,customer4336@example.com,城市26号示例路136号,2026-01-12 10:55:00,active
4337,卫景禾,13900004337,customer4337@example.com,城市27号示例路137号,2026-01-13 10:56:00,active
4338,蒋明远,13900004338,customer4338@example.com,城市28号示例路138号,2026-01-14 10:57:00,active
4339,沈语欣,13900004339,customer4339@example.com,城市29号示例路139号,2026-01-15 10:58:00,active
4340,韩沐宁,13900004340,customer4340@example.com,城市30号示例路140号,2026-01-16 10:59:00,active
4341,杨亦墨,13900004341,customer4341@example.com,城市1号示例路141号,2026-01-17 10:00:00,inactive
4342,朱可然,13900004342,customer4342@example.com,城市2号示例路142号,2026-01-18 10:01:00,active
4343,秦书行,13900004343,customer4343@example.com,城市3号示例路143号,2026-01-19 10:02:00,active
4344,许星桐,13900004344,customer4344@example.com,城市4号示例路144号,2026-01-20 10:03:00,active
4345,何晨阳,13900004345,customer4345@example.com,城市5号示例路145号,2026-01-21 10:04:00,active
4346,吕清辰,13900004346,customer4346@example.com,城市6号示例路146号,2026-01-22 10:05:00,active
4347,施雨彤,13900004347,customer4347@example.com,城市7号示例路147号,2026-01-23 10:06:00,active
4348,张知轩,13900004348,customer4348@example.com,城市8号示例路148号,2026-01-24 10:07:00,active
4349,孔向雯,13900004349,customer4349@example.com,城市9号示例路149号,2026-01-25 10:08:00,active
4350,曹承航,13900004350,customer4350@example.com,城市10号示例路150号,2026-01-26 10:09:00,active
4351,严泽悦,13900004351,customer4351@example.com,城市11号示例路151号,2026-01-27 10:10:00,active
4352,华逸言,13900004352,customer4352@example.com,城市12号示例路152号,2026-01-28 10:11:00,active
4353,金思哲,13900004353,customer4353@example.com,城市13号示例路153号,2026-01-01 10:12:00,active
4354,魏若然,13900004354,customer4354@example.com,城市14号示例路154号,2026-01-02 10:13:00,active
4355,陶嘉涵,13900004355,customer4355@example.com,城市15号示例路155号,2026-01-03 10:14:00,active
4356,姜子禾,13900004356,customer4356@example.com,城市16号示例路156号,2026-01-04 10:15:00,active
4357,赵安远,13900004357,customer4357@example.com,城市17号示例路157号,2026-01-05 10:16:00,active
4358,钱景欣,13900004358,customer4358@example.com,城市18号示例路158号,2026-01-06 10:17:00,active
4359,孙明宁,13900004359,customer4359@example.com,城市19号示例路159号,2026-01-07 10:18:00,active
4360,李语墨,13900004360,customer4360@example.com,城市20号示例路160号,2026-01-08 10:19:00,active
4361,周沐然,13900004361,customer4361@example.com,城市21号示例路161号,2026-01-09 10:20:00,inactive
4362,吴亦行,13900004362,customer4362@example.com,城市22号示例路162号,2026-01-10 10:21:00,active
4363,郑可桐,13900004363,customer4363@example.com,城市23号示例路163号,2026-01-11 10:22:00,active
4364,王书阳,13900004364,customer4364@example.com,城市24号示例路164号,2026-01-12 10:23:00,active
4365,冯星辰,13900004365,customer4365@example.com,城市25号示例路165号,2026-01-13 10:24:00,active
4366,陈晨彤,13900004366,customer4366@example.com,城市26号示例路166号,2026-01-14 10:25:00,active
4367,褚清轩,13900004367,customer4367@example.com,城市27号示例路167号,2026-01-15 10:26:00,active
4368,卫雨雯,13900004368,customer4368@example.com,城市28号示例路168号,2026-01-16 10:27:00,active
4369,蒋知航,13900004369,customer4369@example.com,城市29号示例路169号,2026-01-17 10:28:00,active
4370,沈向悦,13900004370,customer4370@example.com,城市30号示例路170号,2026-01-18 10:29:00,active
4371,韩承言,13900004371,customer4371@example.com,城市1号示例路171号,2026-01-19 10:30:00,active
4372,杨泽哲,13900004372,customer4372@example.com,城市2号示例路172号,2026-01-20 10:31:00,active
4373,朱逸然,13900004373,customer4373@example.com,城市3号示例路173号,2026-01-21 10:32:00,active
4374,秦思涵,13900004374,customer4374@example.com,城市4号示例路174号,2026-01-22 10:33:00,active
4375,许若禾,13900004375,customer4375@example.com,城市5号示例路175号,2026-01-23 10:34:00,active
4376,何嘉远,13900004376,customer4376@example.com,城市6号示例路176号,2026-01-24 10:35:00,active
4377,吕子欣,13900004377,customer4377@example.com,城市7号示例路177号,2026-01-25 10:36:00,active
4378,施安宁,13900004378,customer4378@example.com,城市8号示例路178号,2026-01-26 10:37:00,active
4379,张景墨,13900004379,customer4379@example.com,城市9号示例路179号,2026-01-27 10:38:00,active
4380,孔明然,13900004380,customer4380@example.com,城市10号示例路180号,2026-01-28 10:39:00,active
4381,曹语行,13900004381,customer4381@example.com,城市11号示例路181号,2026-01-01 10:40:00,inactive
4382,严沐桐,13900004382,customer4382@example.com,城市12号示例路182号,2026-01-02 10:41:00,active
4383,华亦阳,13900004383,customer4383@example.com,城市13号示例路183号,2026-01-03 10:42:00,active
4384,金可辰,13900004384,customer4384@example.com,城市14号示例路184号,2026-01-04 10:43:00,active
4385,魏书彤,13900004385,customer4385@example.com,城市15号示例路185号,2026-01-05 10:44:00,active
4386,陶星轩,13900004386,customer4386@example.com,城市16号示例路186号,2026-01-06 10:45:00,active
4387,姜晨雯,13900004387,customer4387@example.com,城市17号示例路187号,2026-01-07 10:46:00,active
4388,赵清航,13900004388,customer4388@example.com,城市18号示例路188号,2026-01-08 10:47:00,active
4389,钱雨悦,13900004389,customer4389@example.com,城市19号示例路189号,2026-01-09 10:48:00,active
4390,孙知言,13900004390,customer4390@example.com,城市20号示例路190号,2026-01-10 10:49:00,active
4391,李向哲,13900004391,customer4391@example.com,城市21号示例路191号,2026-01-11 10:50:00,active
4392,周承然,13900004392,customer4392@example.com,城市22号示例路192号,2026-01-12 10:51:00,active
4393,吴泽涵,13900004393,customer4393@example.com,城市23号示例路193号,2026-01-13 10:52:00,active
4394,郑逸禾,13900004394,customer4394@example.com,城市24号示例路194号,2026-01-14 10:53:00,active
4395,王思远,13900004395,customer4395@example.com,城市25号示例路195号,2026-01-15 10:54:00,active
4396,冯若欣,13900004396,customer4396@example.com,城市26号示例路196号,2026-01-16 10:55:00,active
4397,陈嘉宁,13900004397,customer4397@example.com,城市27号示例路197号,2026-01-17 10:56:00,active
4398,褚子墨,13900004398,customer4398@example.com,城市28号示例路198号,2026-01-18 10:57:00,active
4399,卫安然,13900004399,customer4399@example.com,城市29号示例路199号,2026-01-19 10:58:00,active
4400,蒋景行,13900004400,customer4400@example.com,城市30号示例路200号,2026-01-20 10:59:00,active
4401,沈明桐,13900004401,customer4401@example.com,城市1号示例路1号,2026-01-21 10:00:00,inactive
4402,韩语阳,13900004402,customer4402@example.com,城市2号示例路2号,2026-01-22 10:01:00,active
4403,杨沐辰,13900004403,customer4403@example.com,城市3号示例路3号,2026-01-23 10:02:00,active
4404,朱亦彤,13900004404,customer4404@example.com,城市4号示例路4号,2026-01-24 10:03:00,active
4405,秦可轩,13900004405,customer4405@example.com,城市5号示例路5号,2026-01-25 10:04:00,active
4406,许书雯,13900004406,customer4406@example.com,城市6号示例路6号,2026-01-26 10:05:00,active
4407,何星航,13900004407,customer4407@example.com,城市7号示例路7号,2026-01-27 10:06:00,active
4408,吕晨悦,13900004408,customer4408@example.com,城市8号示例路8号,2026-01-28 10:07:00,active
4409,施清言,13900004409,customer4409@example.com,城市9号示例路9号,2026-01-01 10:08:00,active
4410,张雨哲,13900004410,customer4410@example.com,城市10号示例路10号,2026-01-02 10:09:00,active
4411,孔知然,13900004411,customer4411@example.com,城市11号示例路11号,2026-01-03 10:10:00,active
4412,曹向涵,13900004412,customer4412@example.com,城市12号示例路12号,2026-01-04 10:11:00,active
4413,严承禾,13900004413,customer4413@example.com,城市13号示例路13号,2026-01-05 10:12:00,active
4414,华泽远,13900004414,customer4414@example.com,城市14号示例路14号,2026-01-06 10:13:00,active
4415,金逸欣,13900004415,customer4415@example.com,城市15号示例路15号,2026-01-07 10:14:00,active
4416,魏思宁,13900004416,customer4416@example.com,城市16号示例路16号,2026-01-08 10:15:00,active
4417,陶若墨,13900004417,customer4417@example.com,城市17号示例路17号,2026-01-09 10:16:00,active
4418,姜嘉然,13900004418,customer4418@example.com,城市18号示例路18号,2026-01-10 10:17:00,active
4419,赵子行,13900004419,customer4419@example.com,城市19号示例路19号,2026-01-11 10:18:00,active
4420,钱安桐,13900004420,customer4420@example.com,城市20号示例路20号,2026-01-12 10:19:00,active
4421,孙景阳,13900004421,customer4421@example.com,城市21号示例路21号,2026-01-13 10:20:00,inactive
4422,李明辰,13900004422,customer4422@example.com,城市22号示例路22号,2026-01-14 10:21:00,active
4423,周语彤,13900004423,customer4423@example.com,城市23号示例路23号,2026-01-15 10:22:00,active
4424,吴沐轩,13900004424,customer4424@example.com,城市24号示例路24号,2026-01-16 10:23:00,active
4425,郑亦雯,13900004425,customer4425@example.com,城市25号示例路25号,2026-01-17 10:24:00,active
4426,王可航,13900004426,customer4426@example.com,城市26号示例路26号,2026-01-18 10:25:00,active
4427,冯书悦,13900004427,customer4427@example.com,城市27号示例路27号,2026-01-19 10:26:00,active
4428,陈星言,13900004428,customer4428@example.com,城市28号示例路28号,2026-01-20 10:27:00,active
4429,褚晨哲,13900004429,customer4429@example.com,城市29号示例路29号,2026-01-21 10:28:00,active
4430,卫清然,13900004430,customer4430@example.com,城市30号示例路30号,2026-01-22 10:29:00,active
4431,蒋雨涵,13900004431,customer4431@example.com,城市1号示例路31号,2026-01-23 10:30:00,active
4432,沈知禾,13900004432,customer4432@example.com,城市2号示例路32号,2026-01-24 10:31:00,active
4433,韩向远,13900004433,customer4433@example.com,城市3号示例路33号,2026-01-25 10:32:00,active
4434,杨承欣,13900004434,customer4434@example.com,城市4号示例路34号,2026-01-26 10:33:00,active
4435,朱泽宁,13900004435,customer4435@example.com,城市5号示例路35号,2026-01-27 10:34:00,active
4436,秦逸墨,13900004436,customer4436@example.com,城市6号示例路36号,2026-01-28 10:35:00,active
4437,许思然,13900004437,customer4437@example.com,城市7号示例路37号,2026-01-01 10:36:00,active
4438,何若行,13900004438,customer4438@example.com,城市8号示例路38号,2026-01-02 10:37:00,active
4439,吕嘉桐,13900004439,customer4439@example.com,城市9号示例路39号,2026-01-03 10:38:00,active
4440,施子阳,13900004440,customer4440@example.com,城市10号示例路40号,2026-01-04 10:39:00,active
4441,张安辰,13900004441,customer4441@example.com,城市11号示例路41号,2026-01-05 10:40:00,inactive
4442,孔景彤,13900004442,customer4442@example.com,城市12号示例路42号,2026-01-06 10:41:00,active
4443,曹明轩,13900004443,customer4443@example.com,城市13号示例路43号,2026-01-07 10:42:00,active
4444,严语雯,13900004444,customer4444@example.com,城市14号示例路44号,2026-01-08 10:43:00,active
4445,华沐航,13900004445,customer4445@example.com,城市15号示例路45号,2026-01-09 10:44:00,active
4446,金亦悦,13900004446,customer4446@example.com,城市16号示例路46号,2026-01-10 10:45:00,active
4447,魏可言,13900004447,customer4447@example.com,城市17号示例路47号,2026-01-11 10:46:00,active
4448,陶书哲,13900004448,customer4448@example.com,城市18号示例路48号,2026-01-12 10:47:00,active
4449,姜星然,13900004449,customer4449@example.com,城市19号示例路49号,2026-01-13 10:48:00,active
4450,赵晨涵,13900004450,customer4450@example.com,城市20号示例路50号,2026-01-14 10:49:00,active
4451,钱清禾,13900004451,customer4451@example.com,城市21号示例路51号,2026-01-15 10:50:00,active
4452,孙雨远,13900004452,customer4452@example.com,城市22号示例路52号,2026-01-16 10:51:00,active
4453,李知欣,13900004453,customer4453@example.com,城市23号示例路53号,2026-01-17 10:52:00,active
4454,周向宁,13900004454,customer4454@example.com,城市24号示例路54号,2026-01-18 10:53:00,active
4455,吴承墨,13900004455,customer4455@example.com,城市25号示例路55号,2026-01-19 10:54:00,active
4456,郑泽然,13900004456,customer4456@example.com,城市26号示例路56号,2026-01-20 10:55:00,active
4457,王逸行,13900004457,customer4457@example.com,城市27号示例路57号,2026-01-21 10:56:00,active
4458,冯思桐,13900004458,customer4458@example.com,城市28号示例路58号,2026-01-22 10:57:00,active
4459,陈若阳,13900004459,customer4459@example.com,城市29号示例路59号,2026-01-23 10:58:00,active
4460,褚嘉辰,13900004460,customer4460@example.com,城市30号示例路60号,2026-01-24 10:59:00,active
4461,卫子彤,13900004461,customer4461@example.com,城市1号示例路61号,2026-01-25 10:00:00,inactive
4462,蒋安轩,13900004462,customer4462@example.com,城市2号示例路62号,2026-01-26 10:01:00,active
4463,沈景雯,13900004463,customer4463@example.com,城市3号示例路63号,2026-01-27 10:02:00,active
4464,韩明航,13900004464,customer4464@example.com,城市4号示例路64号,2026-01-28 10:03:00,active
4465,杨语悦,13900004465,customer4465@example.com,城市5号示例路65号,2026-01-01 10:04:00,active
4466,朱沐言,13900004466,customer4466@example.com,城市6号示例路66号,2026-01-02 10:05:00,active
4467,秦亦哲,13900004467,customer4467@example.com,城市7号示例路67号,2026-01-03 10:06:00,active
4468,许可然,13900004468,customer4468@example.com,城市8号示例路68号,2026-01-04 10:07:00,active
4469,何书涵,13900004469,customer4469@example.com,城市9号示例路69号,2026-01-05 10:08:00,active
4470,吕星禾,13900004470,customer4470@example.com,城市10号示例路70号,2026-01-06 10:09:00,active
4471,施晨远,13900004471,customer4471@example.com,城市11号示例路71号,2026-01-07 10:10:00,active
4472,张清欣,13900004472,customer4472@example.com,城市12号示例路72号,2026-01-08 10:11:00,active
4473,孔雨宁,13900004473,customer4473@example.com,城市13号示例路73号,2026-01-09 10:12:00,active
4474,曹知墨,13900004474,customer4474@example.com,城市14号示例路74号,2026-01-10 10:13:00,active
4475,严向然,13900004475,customer4475@example.com,城市15号示例路75号,2026-01-11 10:14:00,active
4476,华承行,13900004476,customer4476@example.com,城市16号示例路76号,2026-01-12 10:15:00,active
4477,金泽桐,13900004477,customer4477@example.com,城市17号示例路77号,2026-01-13 10:16:00,active
4478,魏逸阳,13900004478,customer4478@example.com,城市18号示例路78号,2026-01-14 10:17:00,active
4479,陶思辰,13900004479,customer4479@example.com,城市19号示例路79号,2026-01-15 10:18:00,active
4480,姜若彤,13900004480,customer4480@example.com,城市20号示例路80号,2026-01-16 10:19:00,active
4481,赵嘉轩,13900004481,customer4481@example.com,城市21号示例路81号,2026-01-17 10:20:00,inactive
4482,钱子雯,13900004482,customer4482@example.com,城市22号示例路82号,2026-01-18 10:21:00,active
4483,孙安航,13900004483,customer4483@example.com,城市23号示例路83号,2026-01-19 10:22:00,active
4484,李景悦,13900004484,customer4484@example.com,城市24号示例路84号,2026-01-20 10:23:00,active
4485,周明言,13900004485,customer4485@example.com,城市25号示例路85号,2026-01-21 10:24:00,active
4486,吴语哲,13900004486,customer4486@example.com,城市26号示例路86号,2026-01-22 10:25:00,active
4487,郑沐然,13900004487,customer4487@example.com,城市27号示例路87号,2026-01-23 10:26:00,active
4488,王亦涵,13900004488,customer4488@example.com,城市28号示例路88号,2026-01-24 10:27:00,active
4489,冯可禾,13900004489,customer4489@example.com,城市29号示例路89号,2026-01-25 10:28:00,active
4490,陈书远,13900004490,customer4490@example.com,城市30号示例路90号,2026-01-26 10:29:00,active
4491,褚星欣,13900004491,customer4491@example.com,城市1号示例路91号,2026-01-27 10:30:00,active
4492,卫晨宁,13900004492,customer4492@example.com,城市2号示例路92号,2026-01-28 10:31:00,active
4493,蒋清墨,13900004493,customer4493@example.com,城市3号示例路93号,2026-01-01 10:32:00,active
4494,沈雨然,13900004494,customer4494@example.com,城市4号示例路94号,2026-01-02 10:33:00,active
4495,韩知行,13900004495,customer4495@example.com,城市5号示例路95号,2026-01-03 10:34:00,active
4496,杨向桐,13900004496,customer4496@example.com,城市6号示例路96号,2026-01-04 10:35:00,active
4497,朱承阳,13900004497,customer4497@example.com,城市7号示例路97号,2026-01-05 10:36:00,active
4498,秦泽辰,13900004498,customer4498@example.com,城市8号示例路98号,2026-01-06 10:37:00,active
4499,许逸彤,13900004499,customer4499@example.com,城市9号示例路99号,2026-01-07 10:38:00,active
4500,何思轩,13900004500,customer4500@example.com,城市10号示例路100号,2026-01-08 10:39:00,active
4501,吕若雯,13900004501,customer4501@example.com,城市11号示例路101号,2026-01-09 10:40:00,inactive
4502,施嘉航,13900004502,customer4502@example.com,城市12号示例路102号,2026-01-10 10:41:00,active
4503,张子悦,13900004503,customer4503@example.com,城市13号示例路103号,2026-01-11 10:42:00,active
4504,孔安言,13900004504,customer4504@example.com,城市14号示例路104号,2026-01-12 10:43:00,active
4505,曹景哲,13900004505,customer4505@example.com,城市15号示例路105号,2026-01-13 10:44:00,active
4506,严明然,13900004506,customer4506@example.com,城市16号示例路106号,2026-01-14 10:45:00,active
4507,华语涵,13900004507,customer4507@example.com,城市17号示例路107号,2026-01-15 10:46:00,active
4508,金沐禾,13900004508,customer4508@example.com,城市18号示例路108号,2026-01-16 10:47:00,active
4509,魏亦远,13900004509,customer4509@example.com,城市19号示例路109号,2026-01-17 10:48:00,active
4510,陶可欣,13900004510,customer4510@example.com,城市20号示例路110号,2026-01-18 10:49:00,active
4511,姜书宁,13900004511,customer4511@example.com,城市21号示例路111号,2026-01-19 10:50:00,active
4512,赵星墨,13900004512,customer4512@example.com,城市22号示例路112号,2026-01-20 10:51:00,active
4513,钱晨然,13900004513,customer4513@example.com,城市23号示例路113号,2026-01-21 10:52:00,active
4514,孙清行,13900004514,customer4514@example.com,城市24号示例路114号,2026-01-22 10:53:00,active
4515,李雨桐,13900004515,customer4515@example.com,城市25号示例路115号,2026-01-23 10:54:00,active
4516,周知阳,13900004516,customer4516@example.com,城市26号示例路116号,2026-01-24 10:55:00,active
4517,吴向辰,13900004517,customer4517@example.com,城市27号示例路117号,2026-01-25 10:56:00,active
4518,郑承彤,13900004518,customer4518@example.com,城市28号示例路118号,2026-01-26 10:57:00,active
4519,王泽轩,13900004519,customer4519@example.com,城市29号示例路119号,2026-01-27 10:58:00,active
4520,冯逸雯,13900004520,customer4520@example.com,城市30号示例路120号,2026-01-28 10:59:00,active
4521,陈思航,13900004521,customer4521@example.com,城市1号示例路121号,2026-01-01 10:00:00,inactive
4522,褚若悦,13900004522,customer4522@example.com,城市2号示例路122号,2026-01-02 10:01:00,active
4523,卫嘉言,13900004523,customer4523@example.com,城市3号示例路123号,2026-01-03 10:02:00,active
4524,蒋子哲,13900004524,customer4524@example.com,城市4号示例路124号,2026-01-04 10:03:00,active
4525,沈安然,13900004525,customer4525@example.com,城市5号示例路125号,2026-01-05 10:04:00,active
4526,韩景涵,13900004526,customer4526@example.com,城市6号示例路126号,2026-01-06 10:05:00,active
4527,杨明禾,13900004527,customer4527@example.com,城市7号示例路127号,2026-01-07 10:06:00,active
4528,朱语远,13900004528,customer4528@example.com,城市8号示例路128号,2026-01-08 10:07:00,active
4529,秦沐欣,13900004529,customer4529@example.com,城市9号示例路129号,2026-01-09 10:08:00,active
4530,许亦宁,13900004530,customer4530@example.com,城市10号示例路130号,2026-01-10 10:09:00,active
4531,何可墨,13900004531,customer4531@example.com,城市11号示例路131号,2026-01-11 10:10:00,active
4532,吕书然,13900004532,customer4532@example.com,城市12号示例路132号,2026-01-12 10:11:00,active
4533,施星行,13900004533,customer4533@example.com,城市13号示例路133号,2026-01-13 10:12:00,active
4534,张晨桐,13900004534,customer4534@example.com,城市14号示例路134号,2026-01-14 10:13:00,active
4535,孔清阳,13900004535,customer4535@example.com,城市15号示例路135号,2026-01-15 10:14:00,active
4536,曹雨辰,13900004536,customer4536@example.com,城市16号示例路136号,2026-01-16 10:15:00,active
4537,严知彤,13900004537,customer4537@example.com,城市17号示例路137号,2026-01-17 10:16:00,active
4538,华向轩,13900004538,customer4538@example.com,城市18号示例路138号,2026-01-18 10:17:00,active
4539,金承雯,13900004539,customer4539@example.com,城市19号示例路139号,2026-01-19 10:18:00,active
4540,魏泽航,13900004540,customer4540@example.com,城市20号示例路140号,2026-01-20 10:19:00,active
4541,陶逸悦,13900004541,customer4541@example.com,城市21号示例路141号,2026-01-21 10:20:00,inactive
4542,姜思言,13900004542,customer4542@example.com,城市22号示例路142号,2026-01-22 10:21:00,active
4543,赵若哲,13900004543,customer4543@example.com,城市23号示例路143号,2026-01-23 10:22:00,active
4544,钱嘉然,13900004544,customer4544@example.com,城市24号示例路144号,2026-01-24 10:23:00,active
4545,孙子涵,13900004545,customer4545@example.com,城市25号示例路145号,2026-01-25 10:24:00,active
4546,李安禾,13900004546,customer4546@example.com,城市26号示例路146号,2026-01-26 10:25:00,active
4547,周景远,13900004547,customer4547@example.com,城市27号示例路147号,2026-01-27 10:26:00,active
4548,吴明欣,13900004548,customer4548@example.com,城市28号示例路148号,2026-01-28 10:27:00,active
4549,郑语宁,13900004549,customer4549@example.com,城市29号示例路149号,2026-01-01 10:28:00,active
4550,王沐墨,13900004550,customer4550@example.com,城市30号示例路150号,2026-01-02 10:29:00,active
4551,冯亦然,13900004551,customer4551@example.com,城市1号示例路151号,2026-01-03 10:30:00,active
4552,陈可行,13900004552,customer4552@example.com,城市2号示例路152号,2026-01-04 10:31:00,active
4553,褚书桐,13900004553,customer4553@example.com,城市3号示例路153号,2026-01-05 10:32:00,active
4554,卫星阳,13900004554,customer4554@example.com,城市4号示例路154号,2026-01-06 10:33:00,active
4555,蒋晨辰,13900004555,customer4555@example.com,城市5号示例路155号,2026-01-07 10:34:00,active
4556,沈清彤,13900004556,customer4556@example.com,城市6号示例路156号,2026-01-08 10:35:00,active
4557,韩雨轩,13900004557,customer4557@example.com,城市7号示例路157号,2026-01-09 10:36:00,active
4558,杨知雯,13900004558,customer4558@example.com,城市8号示例路158号,2026-01-10 10:37:00,active
4559,朱向航,13900004559,customer4559@example.com,城市9号示例路159号,2026-01-11 10:38:00,active
4560,秦承悦,13900004560,customer4560@example.com,城市10号示例路160号,2026-01-12 10:39:00,active
4561,许泽言,13900004561,customer4561@example.com,城市11号示例路161号,2026-01-13 10:40:00,inactive
4562,何逸哲,13900004562,customer4562@example.com,城市12号示例路162号,2026-01-14 10:41:00,active
4563,吕思然,13900004563,customer4563@example.com,城市13号示例路163号,2026-01-15 10:42:00,active
4564,施若涵,13900004564,customer4564@example.com,城市14号示例路164号,2026-01-16 10:43:00,active
4565,张嘉禾,13900004565,customer4565@example.com,城市15号示例路165号,2026-01-17 10:44:00,active
4566,孔子远,13900004566,customer4566@example.com,城市16号示例路166号,2026-01-18 10:45:00,active
4567,曹安欣,13900004567,customer4567@example.com,城市17号示例路167号,2026-01-19 10:46:00,active
4568,严景宁,13900004568,customer4568@example.com,城市18号示例路168号,2026-01-20 10:47:00,active
4569,华明墨,13900004569,customer4569@example.com,城市19号示例路169号,2026-01-21 10:48:00,active
4570,金语然,13900004570,customer4570@example.com,城市20号示例路170号,2026-01-22 10:49:00,active
4571,魏沐行,13900004571,customer4571@example.com,城市21号示例路171号,2026-01-23 10:50:00,active
4572,陶亦桐,13900004572,customer4572@example.com,城市22号示例路172号,2026-01-24 10:51:00,active
4573,姜可阳,13900004573,customer4573@example.com,城市23号示例路173号,2026-01-25 10:52:00,active
4574,赵书辰,13900004574,customer4574@example.com,城市24号示例路174号,2026-01-26 10:53:00,active
4575,钱星彤,13900004575,customer4575@example.com,城市25号示例路175号,2026-01-27 10:54:00,active
4576,孙晨轩,13900004576,customer4576@example.com,城市26号示例路176号,2026-01-28 10:55:00,active
4577,李清雯,13900004577,customer4577@example.com,城市27号示例路177号,2026-01-01 10:56:00,active
4578,周雨航,13900004578,customer4578@example.com,城市28号示例路178号,2026-01-02 10:57:00,active
4579,吴知悦,13900004579,customer4579@example.com,城市29号示例路179号,2026-01-03 10:58:00,active
4580,郑向言,13900004580,customer4580@example.com,城市30号示例路180号,2026-01-04 10:59:00,active
4581,王承哲,13900004581,customer4581@example.com,城市1号示例路181号,2026-01-05 10:00:00,inactive
4582,冯泽然,13900004582,customer4582@example.com,城市2号示例路182号,2026-01-06 10:01:00,active
4583,陈逸涵,13900004583,customer4583@example.com,城市3号示例路183号,2026-01-07 10:02:00,active
4584,褚思禾,13900004584,customer4584@example.com,城市4号示例路184号,2026-01-08 10:03:00,active
4585,卫若远,13900004585,customer4585@example.com,城市5号示例路185号,2026-01-09 10:04:00,active
4586,蒋嘉欣,13900004586,customer4586@example.com,城市6号示例路186号,2026-01-10 10:05:00,active
4587,沈子宁,13900004587,customer4587@example.com,城市7号示例路187号,2026-01-11 10:06:00,active
4588,韩安墨,13900004588,customer4588@example.com,城市8号示例路188号,2026-01-12 10:07:00,active
4589,杨景然,13900004589,customer4589@example.com,城市9号示例路189号,2026-01-13 10:08:00,active
4590,朱明行,13900004590,customer4590@example.com,城市10号示例路190号,2026-01-14 10:09:00,active
4591,秦语桐,13900004591,customer4591@example.com,城市11号示例路191号,2026-01-15 10:10:00,active
4592,许沐阳,13900004592,customer4592@example.com,城市12号示例路192号,2026-01-16 10:11:00,active
4593,何亦辰,13900004593,customer4593@example.com,城市13号示例路193号,2026-01-17 10:12:00,active
4594,吕可彤,13900004594,customer4594@example.com,城市14号示例路194号,2026-01-18 10:13:00,active
4595,施书轩,13900004595,customer4595@example.com,城市15号示例路195号,2026-01-19 10:14:00,active
4596,张星雯,13900004596,customer4596@example.com,城市16号示例路196号,2026-01-20 10:15:00,active
4597,孔晨航,13900004597,customer4597@example.com,城市17号示例路197号,2026-01-21 10:16:00,active
4598,曹清悦,13900004598,customer4598@example.com,城市18号示例路198号,2026-01-22 10:17:00,active
4599,严雨言,13900004599,customer4599@example.com,城市19号示例路199号,2026-01-23 10:18:00,active
4600,华知哲,13900004600,customer4600@example.com,城市20号示例路200号,2026-01-24 10:19:00,active
4601,金向然,13900004601,customer4601@example.com,城市21号示例路1号,2026-01-25 10:20:00,inactive
4602,魏承涵,13900004602,customer4602@example.com,城市22号示例路2号,2026-01-26 10:21:00,active
4603,陶泽禾,13900004603,customer4603@example.com,城市23号示例路3号,2026-01-27 10:22:00,active
4604,姜逸远,13900004604,customer4604@example.com,城市24号示例路4号,2026-01-28 10:23:00,active
4605,赵思欣,13900004605,customer4605@example.com,城市25号示例路5号,2026-01-01 10:24:00,active
4606,钱若宁,13900004606,customer4606@example.com,城市26号示例路6号,2026-01-02 10:25:00,active
4607,孙嘉墨,13900004607,customer4607@example.com,城市27号示例路7号,2026-01-03 10:26:00,active
4608,李子然,13900004608,customer4608@example.com,城市28号示例路8号,2026-01-04 10:27:00,active
4609,周安行,13900004609,customer4609@example.com,城市29号示例路9号,2026-01-05 10:28:00,active
4610,吴景桐,13900004610,customer4610@example.com,城市30号示例路10号,2026-01-06 10:29:00,active
4611,郑明阳,13900004611,customer4611@example.com,城市1号示例路11号,2026-01-07 10:30:00,active
4612,王语辰,13900004612,customer4612@example.com,城市2号示例路12号,2026-01-08 10:31:00,active
4613,冯沐彤,13900004613,customer4613@example.com,城市3号示例路13号,2026-01-09 10:32:00,active
4614,陈亦轩,13900004614,customer4614@example.com,城市4号示例路14号,2026-01-10 10:33:00,active
4615,褚可雯,13900004615,customer4615@example.com,城市5号示例路15号,2026-01-11 10:34:00,active
4616,卫书航,13900004616,customer4616@example.com,城市6号示例路16号,2026-01-12 10:35:00,active
4617,蒋星悦,13900004617,customer4617@example.com,城市7号示例路17号,2026-01-13 10:36:00,active
4618,沈晨言,13900004618,customer4618@example.com,城市8号示例路18号,2026-01-14 10:37:00,active
4619,韩清哲,13900004619,customer4619@example.com,城市9号示例路19号,2026-01-15 10:38:00,active
4620,杨雨然,13900004620,customer4620@example.com,城市10号示例路20号,2026-01-16 10:39:00,active
4621,朱知涵,13900004621,customer4621@example.com,城市11号示例路21号,2026-01-17 10:40:00,inactive
4622,秦向禾,13900004622,customer4622@example.com,城市12号示例路22号,2026-01-18 10:41:00,active
4623,许承远,13900004623,customer4623@example.com,城市13号示例路23号,2026-01-19 10:42:00,active
4624,何泽欣,13900004624,customer4624@example.com,城市14号示例路24号,2026-01-20 10:43:00,active
4625,吕逸宁,13900004625,customer4625@example.com,城市15号示例路25号,2026-01-21 10:44:00,active
4626,施思墨,13900004626,customer4626@example.com,城市16号示例路26号,2026-01-22 10:45:00,active
4627,张若然,13900004627,customer4627@example.com,城市17号示例路27号,2026-01-23 10:46:00,active
4628,孔嘉行,13900004628,customer4628@example.com,城市18号示例路28号,2026-01-24 10:47:00,active
4629,曹子桐,13900004629,customer4629@example.com,城市19号示例路29号,2026-01-25 10:48:00,active
4630,严安阳,13900004630,customer4630@example.com,城市20号示例路30号,2026-01-26 10:49:00,active
4631,华景辰,13900004631,customer4631@example.com,城市21号示例路31号,2026-01-27 10:50:00,active
4632,金明彤,13900004632,customer4632@example.com,城市22号示例路32号,2026-01-28 10:51:00,active
4633,魏语轩,13900004633,customer4633@example.com,城市23号示例路33号,2026-01-01 10:52:00,active
4634,陶沐雯,13900004634,customer4634@example.com,城市24号示例路34号,2026-01-02 10:53:00,active
4635,姜亦航,13900004635,customer4635@example.com,城市25号示例路35号,2026-01-03 10:54:00,active
4636,赵可悦,13900004636,customer4636@example.com,城市26号示例路36号,2026-01-04 10:55:00,active
4637,钱书言,13900004637,customer4637@example.com,城市27号示例路37号,2026-01-05 10:56:00,active
4638,孙星哲,13900004638,customer4638@example.com,城市28号示例路38号,2026-01-06 10:57:00,active
4639,李晨然,13900004639,customer4639@example.com,城市29号示例路39号,2026-01-07 10:58:00,active
4640,周清涵,13900004640,customer4640@example.com,城市30号示例路40号,2026-01-08 10:59:00,active
4641,吴雨禾,13900004641,customer4641@example.com,城市1号示例路41号,2026-01-09 10:00:00,inactive
4642,郑知远,13900004642,customer4642@example.com,城市2号示例路42号,2026-01-10 10:01:00,active
4643,王向欣,13900004643,customer4643@example.com,城市3号示例路43号,2026-01-11 10:02:00,active
4644,冯承宁,13900004644,customer4644@example.com,城市4号示例路44号,2026-01-12 10:03:00,active
4645,陈泽墨,13900004645,customer4645@example.com,城市5号示例路45号,2026-01-13 10:04:00,active
4646,褚逸然,13900004646,customer4646@example.com,城市6号示例路46号,2026-01-14 10:05:00,active
4647,卫思行,13900004647,customer4647@example.com,城市7号示例路47号,2026-01-15 10:06:00,active
4648,蒋若桐,13900004648,customer4648@example.com,城市8号示例路48号,2026-01-16 10:07:00,active
4649,沈嘉阳,13900004649,customer4649@example.com,城市9号示例路49号,2026-01-17 10:08:00,active
4650,韩子辰,13900004650,customer4650@example.com,城市10号示例路50号,2026-01-18 10:09:00,active
4651,杨安彤,13900004651,customer4651@example.com,城市11号示例路51号,2026-01-19 10:10:00,active
4652,朱景轩,13900004652,customer4652@example.com,城市12号示例路52号,2026-01-20 10:11:00,active
4653,秦明雯,13900004653,customer4653@example.com,城市13号示例路53号,2026-01-21 10:12:00,active
4654,许语航,13900004654,customer4654@example.com,城市14号示例路54号,2026-01-22 10:13:00,active
4655,何沐悦,13900004655,customer4655@example.com,城市15号示例路55号,2026-01-23 10:14:00,active
4656,吕亦言,13900004656,customer4656@example.com,城市16号示例路56号,2026-01-24 10:15:00,active
4657,施可哲,13900004657,customer4657@example.com,城市17号示例路57号,2026-01-25 10:16:00,active
4658,张书然,13900004658,customer4658@example.com,城市18号示例路58号,2026-01-26 10:17:00,active
4659,孔星涵,13900004659,customer4659@example.com,城市19号示例路59号,2026-01-27 10:18:00,active
4660,曹晨禾,13900004660,customer4660@example.com,城市20号示例路60号,2026-01-28 10:19:00,active
4661,严清远,13900004661,customer4661@example.com,城市21号示例路61号,2026-01-01 10:20:00,inactive
4662,华雨欣,13900004662,customer4662@example.com,城市22号示例路62号,2026-01-02 10:21:00,active
4663,金知宁,13900004663,customer4663@example.com,城市23号示例路63号,2026-01-03 10:22:00,active
4664,魏向墨,13900004664,customer4664@example.com,城市24号示例路64号,2026-01-04 10:23:00,active
4665,陶承然,13900004665,customer4665@example.com,城市25号示例路65号,2026-01-05 10:24:00,active
4666,姜泽行,13900004666,customer4666@example.com,城市26号示例路66号,2026-01-06 10:25:00,active
4667,赵逸桐,13900004667,customer4667@example.com,城市27号示例路67号,2026-01-07 10:26:00,active
4668,钱思阳,13900004668,customer4668@example.com,城市28号示例路68号,2026-01-08 10:27:00,active
4669,孙若辰,13900004669,customer4669@example.com,城市29号示例路69号,2026-01-09 10:28:00,active
4670,李嘉彤,13900004670,customer4670@example.com,城市30号示例路70号,2026-01-10 10:29:00,active
4671,周子轩,13900004671,customer4671@example.com,城市1号示例路71号,2026-01-11 10:30:00,active
4672,吴安雯,13900004672,customer4672@example.com,城市2号示例路72号,2026-01-12 10:31:00,active
4673,郑景航,13900004673,customer4673@example.com,城市3号示例路73号,2026-01-13 10:32:00,active
4674,王明悦,13900004674,customer4674@example.com,城市4号示例路74号,2026-01-14 10:33:00,active
4675,冯语言,13900004675,customer4675@example.com,城市5号示例路75号,2026-01-15 10:34:00,active
4676,陈沐哲,13900004676,customer4676@example.com,城市6号示例路76号,2026-01-16 10:35:00,active
4677,褚亦然,13900004677,customer4677@example.com,城市7号示例路77号,2026-01-17 10:36:00,active
4678,卫可涵,13900004678,customer4678@example.com,城市8号示例路78号,2026-01-18 10:37:00,active
4679,蒋书禾,13900004679,customer4679@example.com,城市9号示例路79号,2026-01-19 10:38:00,active
4680,沈星远,13900004680,customer4680@example.com,城市10号示例路80号,2026-01-20 10:39:00,active
4681,韩晨欣,13900004681,customer4681@example.com,城市11号示例路81号,2026-01-21 10:40:00,inactive
4682,杨清宁,13900004682,customer4682@example.com,城市12号示例路82号,2026-01-22 10:41:00,active
4683,朱雨墨,13900004683,customer4683@example.com,城市13号示例路83号,2026-01-23 10:42:00,active
4684,秦知然,13900004684,customer4684@example.com,城市14号示例路84号,2026-01-24 10:43:00,active
4685,许向行,13900004685,customer4685@example.com,城市15号示例路85号,2026-01-25 10:44:00,active
4686,何承桐,13900004686,customer4686@example.com,城市16号示例路86号,2026-01-26 10:45:00,active
4687,吕泽阳,13900004687,customer4687@example.com,城市17号示例路87号,2026-01-27 10:46:00,active
4688,施逸辰,13900004688,customer4688@example.com,城市18号示例路88号,2026-01-28 10:47:00,active
4689,张思彤,13900004689,customer4689@example.com,城市19号示例路89号,2026-01-01 10:48:00,active
4690,孔若轩,13900004690,customer4690@example.com,城市20号示例路90号,2026-01-02 10:49:00,active
4691,曹嘉雯,13900004691,customer4691@example.com,城市21号示例路91号,2026-01-03 10:50:00,active
4692,严子航,13900004692,customer4692@example.com,城市22号示例路92号,2026-01-04 10:51:00,active
4693,华安悦,13900004693,customer4693@example.com,城市23号示例路93号,2026-01-05 10:52:00,active
4694,金景言,13900004694,customer4694@example.com,城市24号示例路94号,2026-01-06 10:53:00,active
4695,魏明哲,13900004695,customer4695@example.com,城市25号示例路95号,2026-01-07 10:54:00,active
4696,陶语然,13900004696,customer4696@example.com,城市26号示例路96号,2026-01-08 10:55:00,active
4697,姜沐涵,13900004697,customer4697@example.com,城市27号示例路97号,2026-01-09 10:56:00,active
4698,赵亦禾,13900004698,customer4698@example.com,城市28号示例路98号,2026-01-10 10:57:00,active
4699,钱可远,13900004699,customer4699@example.com,城市29号示例路99号,2026-01-11 10:58:00,active
4700,孙书欣,13900004700,customer4700@example.com,城市30号示例路100号,2026-01-12 10:59:00,active
4701,李星宁,13900004701,customer4701@example.com,城市1号示例路101号,2026-01-13 10:00:00,inactive
4702,周晨墨,13900004702,customer4702@example.com,城市2号示例路102号,2026-01-14 10:01:00,active
4703,吴清然,13900004703,customer4703@example.com,城市3号示例路103号,2026-01-15 10:02:00,active
4704,郑雨行,13900004704,customer4704@example.com,城市4号示例路104号,2026-01-16 10:03:00,active
4705,王知桐,13900004705,customer4705@example.com,城市5号示例路105号,2026-01-17 10:04:00,active
4706,冯向阳,13900004706,customer4706@example.com,城市6号示例路106号,2026-01-18 10:05:00,active
4707,陈承辰,13900004707,customer4707@example.com,城市7号示例路107号,2026-01-19 10:06:00,active
4708,褚泽彤,13900004708,customer4708@example.com,城市8号示例路108号,2026-01-20 10:07:00,active
4709,卫逸轩,13900004709,customer4709@example.com,城市9号示例路109号,2026-01-21 10:08:00,active
4710,蒋思雯,13900004710,customer4710@example.com,城市10号示例路110号,2026-01-22 10:09:00,active
4711,沈若航,13900004711,customer4711@example.com,城市11号示例路111号,2026-01-23 10:10:00,active
4712,韩嘉悦,13900004712,customer4712@example.com,城市12号示例路112号,2026-01-24 10:11:00,active
4713,杨子言,13900004713,customer4713@example.com,城市13号示例路113号,2026-01-25 10:12:00,active
4714,朱安哲,13900004714,customer4714@example.com,城市14号示例路114号,2026-01-26 10:13:00,active
4715,秦景然,13900004715,customer4715@example.com,城市15号示例路115号,2026-01-27 10:14:00,active
4716,许明涵,13900004716,customer4716@example.com,城市16号示例路116号,2026-01-28 10:15:00,active
4717,何语禾,13900004717,customer4717@example.com,城市17号示例路117号,2026-01-01 10:16:00,active
4718,吕沐远,13900004718,customer4718@example.com,城市18号示例路118号,2026-01-02 10:17:00,active
4719,施亦欣,13900004719,customer4719@example.com,城市19号示例路119号,2026-01-03 10:18:00,active
4720,张可宁,13900004720,customer4720@example.com,城市20号示例路120号,2026-01-04 10:19:00,active
4721,孔书墨,13900004721,customer4721@example.com,城市21号示例路121号,2026-01-05 10:20:00,inactive
4722,曹星然,13900004722,customer4722@example.com,城市22号示例路122号,2026-01-06 10:21:00,active
4723,严晨行,13900004723,customer4723@example.com,城市23号示例路123号,2026-01-07 10:22:00,active
4724,华清桐,13900004724,customer4724@example.com,城市24号示例路124号,2026-01-08 10:23:00,active
4725,金雨阳,13900004725,customer4725@example.com,城市25号示例路125号,2026-01-09 10:24:00,active
4726,魏知辰,13900004726,customer4726@example.com,城市26号示例路126号,2026-01-10 10:25:00,active
4727,陶向彤,13900004727,customer4727@example.com,城市27号示例路127号,2026-01-11 10:26:00,active
4728,姜承轩,13900004728,customer4728@example.com,城市28号示例路128号,2026-01-12 10:27:00,active
4729,赵泽雯,13900004729,customer4729@example.com,城市29号示例路129号,2026-01-13 10:28:00,active
4730,钱逸航,13900004730,customer4730@example.com,城市30号示例路130号,2026-01-14 10:29:00,active
4731,孙思悦,13900004731,customer4731@example.com,城市1号示例路131号,2026-01-15 10:30:00,active
4732,李若言,13900004732,customer4732@example.com,城市2号示例路132号,2026-01-16 10:31:00,active
4733,周嘉哲,13900004733,customer4733@example.com,城市3号示例路133号,2026-01-17 10:32:00,active
4734,吴子然,13900004734,customer4734@example.com,城市4号示例路134号,2026-01-18 10:33:00,active
4735,郑安涵,13900004735,customer4735@example.com,城市5号示例路135号,2026-01-19 10:34:00,active
4736,王景禾,13900004736,customer4736@example.com,城市6号示例路136号,2026-01-20 10:35:00,active
4737,冯明远,13900004737,customer4737@example.com,城市7号示例路137号,2026-01-21 10:36:00,active
4738,陈语欣,13900004738,customer4738@example.com,城市8号示例路138号,2026-01-22 10:37:00,active
4739,褚沐宁,13900004739,customer4739@example.com,城市9号示例路139号,2026-01-23 10:38:00,active
4740,卫亦墨,13900004740,customer4740@example.com,城市10号示例路140号,2026-01-24 10:39:00,active
4741,蒋可然,13900004741,customer4741@example.com,城市11号示例路141号,2026-01-25 10:40:00,inactive
4742,沈书行,13900004742,customer4742@example.com,城市12号示例路142号,2026-01-26 10:41:00,active
4743,韩星桐,13900004743,customer4743@example.com,城市13号示例路143号,2026-01-27 10:42:00,active
4744,杨晨阳,13900004744,customer4744@example.com,城市14号示例路144号,2026-01-28 10:43:00,active
4745,朱清辰,13900004745,customer4745@example.com,城市15号示例路145号,2026-01-01 10:44:00,active
4746,秦雨彤,13900004746,customer4746@example.com,城市16号示例路146号,2026-01-02 10:45:00,active
4747,许知轩,13900004747,customer4747@example.com,城市17号示例路147号,2026-01-03 10:46:00,active
4748,何向雯,13900004748,customer4748@example.com,城市18号示例路148号,2026-01-04 10:47:00,active
4749,吕承航,13900004749,customer4749@example.com,城市19号示例路149号,2026-01-05 10:48:00,active
4750,施泽悦,13900004750,customer4750@example.com,城市20号示例路150号,2026-01-06 10:49:00,active
4751,张逸言,13900004751,customer4751@example.com,城市21号示例路151号,2026-01-07 10:50:00,active
4752,孔思哲,13900004752,customer4752@example.com,城市22号示例路152号,2026-01-08 10:51:00,active
4753,曹若然,13900004753,customer4753@example.com,城市23号示例路153号,2026-01-09 10:52:00,active
4754,严嘉涵,13900004754,customer4754@example.com,城市24号示例路154号,2026-01-10 10:53:00,active
4755,华子禾,13900004755,customer4755@example.com,城市25号示例路155号,2026-01-11 10:54:00,active
4756,金安远,13900004756,customer4756@example.com,城市26号示例路156号,2026-01-12 10:55:00,active
4757,魏景欣,13900004757,customer4757@example.com,城市27号示例路157号,2026-01-13 10:56:00,active
4758,陶明宁,13900004758,customer4758@example.com,城市28号示例路158号,2026-01-14 10:57:00,active
4759,姜语墨,13900004759,customer4759@example.com,城市29号示例路159号,2026-01-15 10:58:00,active
4760,赵沐然,13900004760,customer4760@example.com,城市30号示例路160号,2026-01-16 10:59:00,active
4761,钱亦行,13900004761,customer4761@example.com,城市1号示例路161号,2026-01-17 10:00:00,inactive
4762,孙可桐,13900004762,customer4762@example.com,城市2号示例路162号,2026-01-18 10:01:00,active
4763,李书阳,13900004763,customer4763@example.com,城市3号示例路163号,2026-01-19 10:02:00,active
4764,周星辰,13900004764,customer4764@example.com,城市4号示例路164号,2026-01-20 10:03:00,active
4765,吴晨彤,13900004765,customer4765@example.com,城市5号示例路165号,2026-01-21 10:04:00,active
4766,郑清轩,13900004766,customer4766@example.com,城市6号示例路166号,2026-01-22 10:05:00,active
4767,王雨雯,13900004767,customer4767@example.com,城市7号示例路167号,2026-01-23 10:06:00,active
4768,冯知航,13900004768,customer4768@example.com,城市8号示例路168号,2026-01-24 10:07:00,active
4769,陈向悦,13900004769,customer4769@example.com,城市9号示例路169号,2026-01-25 10:08:00,active
4770,褚承言,13900004770,customer4770@example.com,城市10号示例路170号,2026-01-26 10:09:00,active
4771,卫泽哲,13900004771,customer4771@example.com,城市11号示例路171号,2026-01-27 10:10:00,active
4772,蒋逸然,13900004772,customer4772@example.com,城市12号示例路172号,2026-01-28 10:11:00,active
4773,沈思涵,13900004773,customer4773@example.com,城市13号示例路173号,2026-01-01 10:12:00,active
4774,韩若禾,13900004774,customer4774@example.com,城市14号示例路174号,2026-01-02 10:13:00,active
4775,杨嘉远,13900004775,customer4775@example.com,城市15号示例路175号,2026-01-03 10:14:00,active
4776,朱子欣,13900004776,customer4776@example.com,城市16号示例路176号,2026-01-04 10:15:00,active
4777,秦安宁,13900004777,customer4777@example.com,城市17号示例路177号,2026-01-05 10:16:00,active
4778,许景墨,13900004778,customer4778@example.com,城市18号示例路178号,2026-01-06 10:17:00,active
4779,何明然,13900004779,customer4779@example.com,城市19号示例路179号,2026-01-07 10:18:00,active
4780,吕语行,13900004780,customer4780@example.com,城市20号示例路180号,2026-01-08 10:19:00,active
4781,施沐桐,13900004781,customer4781@example.com,城市21号示例路181号,2026-01-09 10:20:00,inactive
4782,张亦阳,13900004782,customer4782@example.com,城市22号示例路182号,2026-01-10 10:21:00,active
4783,孔可辰,13900004783,customer4783@example.com,城市23号示例路183号,2026-01-11 10:22:00,active
4784,曹书彤,13900004784,customer4784@example.com,城市24号示例路184号,2026-01-12 10:23:00,active
4785,严星轩,13900004785,customer4785@example.com,城市25号示例路185号,2026-01-13 10:24:00,active
4786,华晨雯,13900004786,customer4786@example.com,城市26号示例路186号,2026-01-14 10:25:00,active
4787,金清航,13900004787,customer4787@example.com,城市27号示例路187号,2026-01-15 10:26:00,active
4788,魏雨悦,13900004788,customer4788@example.com,城市28号示例路188号,2026-01-16 10:27:00,active
4789,陶知言,13900004789,customer4789@example.com,城市29号示例路189号,2026-01-17 10:28:00,active
4790,姜向哲,13900004790,customer4790@example.com,城市30号示例路190号,2026-01-18 10:29:00,active
4791,赵承然,13900004791,customer4791@example.com,城市1号示例路191号,2026-01-19 10:30:00,active
4792,钱泽涵,13900004792,customer4792@example.com,城市2号示例路192号,2026-01-20 10:31:00,active
4793,孙逸禾,13900004793,customer4793@example.com,城市3号示例路193号,2026-01-21 10:32:00,active
4794,李思远,13900004794,customer4794@example.com,城市4号示例路194号,2026-01-22 10:33:00,active
4795,周若欣,13900004795,customer4795@example.com,城市5号示例路195号,2026-01-23 10:34:00,active
4796,吴嘉宁,13900004796,customer4796@example.com,城市6号示例路196号,2026-01-24 10:35:00,active
4797,郑子墨,13900004797,customer4797@example.com,城市7号示例路197号,2026-01-25 10:36:00,active
4798,王安然,13900004798,customer4798@example.com,城市8号示例路198号,2026-01-26 10:37:00,active
4799,冯景行,13900004799,customer4799@example.com,城市9号示例路199号,2026-01-27 10:38:00,active
4800,陈明桐,13900004800,customer4800@example.com,城市10号示例路200号,2026-01-28 10:39:00,active
4801,褚语阳,13900004801,customer4801@example.com,城市11号示例路1号,2026-01-01 10:40:00,inactive
4802,卫沐辰,13900004802,customer4802@example.com,城市12号示例路2号,2026-01-02 10:41:00,active
4803,蒋亦彤,13900004803,customer4803@example.com,城市13号示例路3号,2026-01-03 10:42:00,active
4804,沈可轩,13900004804,customer4804@example.com,城市14号示例路4号,2026-01-04 10:43:00,active
4805,韩书雯,13900004805,customer4805@example.com,城市15号示例路5号,2026-01-05 10:44:00,active
4806,杨星航,13900004806,customer4806@example.com,城市16号示例路6号,2026-01-06 10:45:00,active
4807,朱晨悦,13900004807,customer4807@example.com,城市17号示例路7号,2026-01-07 10:46:00,active
4808,秦清言,13900004808,customer4808@example.com,城市18号示例路8号,2026-01-08 10:47:00,active
4809,许雨哲,13900004809,customer4809@example.com,城市19号示例路9号,2026-01-09 10:48:00,active
4810,何知然,13900004810,customer4810@example.com,城市20号示例路10号,2026-01-10 10:49:00,active
4811,吕向涵,13900004811,customer4811@example.com,城市21号示例路11号,2026-01-11 10:50:00,active
4812,施承禾,13900004812,customer4812@example.com,城市22号示例路12号,2026-01-12 10:51:00,active
4813,张泽远,13900004813,customer4813@example.com,城市23号示例路13号,2026-01-13 10:52:00,active
4814,孔逸欣,13900004814,customer4814@example.com,城市24号示例路14号,2026-01-14 10:53:00,active
4815,曹思宁,13900004815,customer4815@example.com,城市25号示例路15号,2026-01-15 10:54:00,active
4816,严若墨,13900004816,customer4816@example.com,城市26号示例路16号,2026-01-16 10:55:00,active
4817,华嘉然,13900004817,customer4817@example.com,城市27号示例路17号,2026-01-17 10:56:00,active
4818,金子行,13900004818,customer4818@example.com,城市28号示例路18号,2026-01-18 10:57:00,active
4819,魏安桐,13900004819,customer4819@example.com,城市29号示例路19号,2026-01-19 10:58:00,active
4820,陶景阳,13900004820,customer4820@example.com,城市30号示例路20号,2026-01-20 10:59:00,active
4821,姜明辰,13900004821,customer4821@example.com,城市1号示例路21号,2026-01-21 10:00:00,inactive
4822,赵语彤,13900004822,customer4822@example.com,城市2号示例路22号,2026-01-22 10:01:00,active
4823,钱沐轩,13900004823,customer4823@example.com,城市3号示例路23号,2026-01-23 10:02:00,active
4824,孙亦雯,13900004824,customer4824@example.com,城市4号示例路24号,2026-01-24 10:03:00,active
4825,李可航,13900004825,customer4825@example.com,城市5号示例路25号,2026-01-25 10:04:00,active
4826,周书悦,13900004826,customer4826@example.com,城市6号示例路26号,2026-01-26 10:05:00,active
4827,吴星言,13900004827,customer4827@example.com,城市7号示例路27号,2026-01-27 10:06:00,active
4828,郑晨哲,13900004828,customer4828@example.com,城市8号示例路28号,2026-01-28 10:07:00,active
4829,王清然,13900004829,customer4829@example.com,城市9号示例路29号,2026-01-01 10:08:00,active
4830,冯雨涵,13900004830,customer4830@example.com,城市10号示例路30号,2026-01-02 10:09:00,active
4831,陈知禾,13900004831,customer4831@example.com,城市11号示例路31号,2026-01-03 10:10:00,active
4832,褚向远,13900004832,customer4832@example.com,城市12号示例路32号,2026-01-04 10:11:00,active
4833,卫承欣,13900004833,customer4833@example.com,城市13号示例路33号,2026-01-05 10:12:00,active
4834,蒋泽宁,13900004834,customer4834@example.com,城市14号示例路34号,2026-01-06 10:13:00,active
4835,沈逸墨,13900004835,customer4835@example.com,城市15号示例路35号,2026-01-07 10:14:00,active
4836,韩思然,13900004836,customer4836@example.com,城市16号示例路36号,2026-01-08 10:15:00,active
4837,杨若行,13900004837,customer4837@example.com,城市17号示例路37号,2026-01-09 10:16:00,active
4838,朱嘉桐,13900004838,customer4838@example.com,城市18号示例路38号,2026-01-10 10:17:00,active
4839,秦子阳,13900004839,customer4839@example.com,城市19号示例路39号,2026-01-11 10:18:00,active
4840,许安辰,13900004840,customer4840@example.com,城市20号示例路40号,2026-01-12 10:19:00,active
4841,何景彤,13900004841,customer4841@example.com,城市21号示例路41号,2026-01-13 10:20:00,inactive
4842,吕明轩,13900004842,customer4842@example.com,城市22号示例路42号,2026-01-14 10:21:00,active
4843,施语雯,13900004843,customer4843@example.com,城市23号示例路43号,2026-01-15 10:22:00,active
4844,张沐航,13900004844,customer4844@example.com,城市24号示例路44号,2026-01-16 10:23:00,active
4845,孔亦悦,13900004845,customer4845@example.com,城市25号示例路45号,2026-01-17 10:24:00,active
4846,曹可言,13900004846,customer4846@example.com,城市26号示例路46号,2026-01-18 10:25:00,active
4847,严书哲,13900004847,customer4847@example.com,城市27号示例路47号,2026-01-19 10:26:00,active
4848,华星然,13900004848,customer4848@example.com,城市28号示例路48号,2026-01-20 10:27:00,active
4849,金晨涵,13900004849,customer4849@example.com,城市29号示例路49号,2026-01-21 10:28:00,active
4850,魏清禾,13900004850,customer4850@example.com,城市30号示例路50号,2026-01-22 10:29:00,active
4851,陶雨远,13900004851,customer4851@example.com,城市1号示例路51号,2026-01-23 10:30:00,active
4852,姜知欣,13900004852,customer4852@example.com,城市2号示例路52号,2026-01-24 10:31:00,active
4853,赵向宁,13900004853,customer4853@example.com,城市3号示例路53号,2026-01-25 10:32:00,active
4854,钱承墨,13900004854,customer4854@example.com,城市4号示例路54号,2026-01-26 10:33:00,active
4855,孙泽然,13900004855,customer4855@example.com,城市5号示例路55号,2026-01-27 10:34:00,active
4856,李逸行,13900004856,customer4856@example.com,城市6号示例路56号,2026-01-28 10:35:00,active
4857,周思桐,13900004857,customer4857@example.com,城市7号示例路57号,2026-01-01 10:36:00,active
4858,吴若阳,13900004858,customer4858@example.com,城市8号示例路58号,2026-01-02 10:37:00,active
4859,郑嘉辰,13900004859,customer4859@example.com,城市9号示例路59号,2026-01-03 10:38:00,active
4860,王子彤,13900004860,customer4860@example.com,城市10号示例路60号,2026-01-04 10:39:00,active
4861,冯安轩,13900004861,customer4861@example.com,城市11号示例路61号,2026-01-05 10:40:00,inactive
4862,陈景雯,13900004862,customer4862@example.com,城市12号示例路62号,2026-01-06 10:41:00,active
4863,褚明航,13900004863,customer4863@example.com,城市13号示例路63号,2026-01-07 10:42:00,active
4864,卫语悦,13900004864,customer4864@example.com,城市14号示例路64号,2026-01-08 10:43:00,active
4865,蒋沐言,13900004865,customer4865@example.com,城市15号示例路65号,2026-01-09 10:44:00,active
4866,沈亦哲,13900004866,customer4866@example.com,城市16号示例路66号,2026-01-10 10:45:00,active
4867,韩可然,13900004867,customer4867@example.com,城市17号示例路67号,2026-01-11 10:46:00,active
4868,杨书涵,13900004868,customer4868@example.com,城市18号示例路68号,2026-01-12 10:47:00,active
4869,朱星禾,13900004869,customer4869@example.com,城市19号示例路69号,2026-01-13 10:48:00,active
4870,秦晨远,13900004870,customer4870@example.com,城市20号示例路70号,2026-01-14 10:49:00,active
4871,许清欣,13900004871,customer4871@example.com,城市21号示例路71号,2026-01-15 10:50:00,active
4872,何雨宁,13900004872,customer4872@example.com,城市22号示例路72号,2026-01-16 10:51:00,active
4873,吕知墨,13900004873,customer4873@example.com,城市23号示例路73号,2026-01-17 10:52:00,active
4874,施向然,13900004874,customer4874@example.com,城市24号示例路74号,2026-01-18 10:53:00,active
4875,张承行,13900004875,customer4875@example.com,城市25号示例路75号,2026-01-19 10:54:00,active
4876,孔泽桐,13900004876,customer4876@example.com,城市26号示例路76号,2026-01-20 10:55:00,active
4877,曹逸阳,13900004877,customer4877@example.com,城市27号示例路77号,2026-01-21 10:56:00,active
4878,严思辰,13900004878,customer4878@example.com,城市28号示例路78号,2026-01-22 10:57:00,active
4879,华若彤,13900004879,customer4879@example.com,城市29号示例路79号,2026-01-23 10:58:00,active
4880,金嘉轩,13900004880,customer4880@example.com,城市30号示例路80号,2026-01-24 10:59:00,active
4881,魏子雯,13900004881,customer4881@example.com,城市1号示例路81号,2026-01-25 10:00:00,inactive
4882,陶安航,13900004882,customer4882@example.com,城市2号示例路82号,2026-01-26 10:01:00,active
4883,姜景悦,13900004883,customer4883@example.com,城市3号示例路83号,2026-01-27 10:02:00,active
4884,赵明言,13900004884,customer4884@example.com,城市4号示例路84号,2026-01-28 10:03:00,active
4885,钱语哲,13900004885,customer4885@example.com,城市5号示例路85号,2026-01-01 10:04:00,active
4886,孙沐然,13900004886,customer4886@example.com,城市6号示例路86号,2026-01-02 10:05:00,active
4887,李亦涵,13900004887,customer4887@example.com,城市7号示例路87号,2026-01-03 10:06:00,active
4888,周可禾,13900004888,customer4888@example.com,城市8号示例路88号,2026-01-04 10:07:00,active
4889,吴书远,13900004889,customer4889@example.com,城市9号示例路89号,2026-01-05 10:08:00,active
4890,郑星欣,13900004890,customer4890@example.com,城市10号示例路90号,2026-01-06 10:09:00,active
4891,王晨宁,13900004891,customer4891@example.com,城市11号示例路91号,2026-01-07 10:10:00,active
4892,冯清墨,13900004892,customer4892@example.com,城市12号示例路92号,2026-01-08 10:11:00,active
4893,陈雨然,13900004893,customer4893@example.com,城市13号示例路93号,2026-01-09 10:12:00,active
4894,褚知行,13900004894,customer4894@example.com,城市14号示例路94号,2026-01-10 10:13:00,active
4895,卫向桐,13900004895,customer4895@example.com,城市15号示例路95号,2026-01-11 10:14:00,active
4896,蒋承阳,13900004896,customer4896@example.com,城市16号示例路96号,2026-01-12 10:15:00,active
4897,沈泽辰,13900004897,customer4897@example.com,城市17号示例路97号,2026-01-13 10:16:00,active
4898,韩逸彤,13900004898,customer4898@example.com,城市18号示例路98号,2026-01-14 10:17:00,active
4899,杨思轩,13900004899,customer4899@example.com,城市19号示例路99号,2026-01-15 10:18:00,active
4900,朱若雯,13900004900,customer4900@example.com,城市20号示例路100号,2026-01-16 10:19:00,active
4901,秦嘉航,13900004901,customer4901@example.com,城市21号示例路101号,2026-01-17 10:20:00,inactive
4902,许子悦,13900004902,customer4902@example.com,城市22号示例路102号,2026-01-18 10:21:00,active
4903,何安言,13900004903,customer4903@example.com,城市23号示例路103号,2026-01-19 10:22:00,active
4904,吕景哲,13900004904,customer4904@example.com,城市24号示例路104号,2026-01-20 10:23:00,active
4905,施明然,13900004905,customer4905@example.com,城市25号示例路105号,2026-01-21 10:24:00,active
4906,张语涵,13900004906,customer4906@example.com,城市26号示例路106号,2026-01-22 10:25:00,active
4907,孔沐禾,13900004907,customer4907@example.com,城市27号示例路107号,2026-01-23 10:26:00,active
4908,曹亦远,13900004908,customer4908@example.com,城市28号示例路108号,2026-01-24 10:27:00,active
4909,严可欣,13900004909,customer4909@example.com,城市29号示例路109号,2026-01-25 10:28:00,active
4910,华书宁,13900004910,customer4910@example.com,城市30号示例路110号,2026-01-26 10:29:00,active
4911,金星墨,13900004911,customer4911@example.com,城市1号示例路111号,2026-01-27 10:30:00,active
4912,魏晨然,13900004912,customer4912@example.com,城市2号示例路112号,2026-01-28 10:31:00,active
4913,陶清行,13900004913,customer4913@example.com,城市3号示例路113号,2026-01-01 10:32:00,active
4914,姜雨桐,13900004914,customer4914@example.com,城市4号示例路114号,2026-01-02 10:33:00,active
4915,赵知阳,13900004915,customer4915@example.com,城市5号示例路115号,2026-01-03 10:34:00,active
4916,钱向辰,13900004916,customer4916@example.com,城市6号示例路116号,2026-01-04 10:35:00,active
4917,孙承彤,13900004917,customer4917@example.com,城市7号示例路117号,2026-01-05 10:36:00,active
4918,李泽轩,13900004918,customer4918@example.com,城市8号示例路118号,2026-01-06 10:37:00,active
4919,周逸雯,13900004919,customer4919@example.com,城市9号示例路119号,2026-01-07 10:38:00,active
4920,吴思航,13900004920,customer4920@example.com,城市10号示例路120号,2026-01-08 10:39:00,active
4921,郑若悦,13900004921,customer4921@example.com,城市11号示例路121号,2026-01-09 10:40:00,inactive
4922,王嘉言,13900004922,customer4922@example.com,城市12号示例路122号,2026-01-10 10:41:00,active
4923,冯子哲,13900004923,customer4923@example.com,城市13号示例路123号,2026-01-11 10:42:00,active
4924,陈安然,13900004924,customer4924@example.com,城市14号示例路124号,2026-01-12 10:43:00,active
4925,褚景涵,13900004925,customer4925@example.com,城市15号示例路125号,2026-01-13 10:44:00,active
4926,卫明禾,13900004926,customer4926@example.com,城市16号示例路126号,2026-01-14 10:45:00,active
4927,蒋语远,13900004927,customer4927@example.com,城市17号示例路127号,2026-01-15 10:46:00,active
4928,沈沐欣,13900004928,customer4928@example.com,城市18号示例路128号,2026-01-16 10:47:00,active
4929,韩亦宁,13900004929,customer4929@example.com,城市19号示例路129号,2026-01-17 10:48:00,active
4930,杨可墨,13900004930,customer4930@example.com,城市20号示例路130号,2026-01-18 10:49:00,active
4931,朱书然,13900004931,customer4931@example.com,城市21号示例路131号,2026-01-19 10:50:00,active
4932,秦星行,13900004932,customer4932@example.com,城市22号示例路132号,2026-01-20 10:51:00,active
4933,许晨桐,13900004933,customer4933@example.com,城市23号示例路133号,2026-01-21 10:52:00,active
4934,何清阳,13900004934,customer4934@example.com,城市24号示例路134号,2026-01-22 10:53:00,active
4935,吕雨辰,13900004935,customer4935@example.com,城市25号示例路135号,2026-01-23 10:54:00,active
4936,施知彤,13900004936,customer4936@example.com,城市26号示例路136号,2026-01-24 10:55:00,active
4937,张向轩,13900004937,customer4937@example.com,城市27号示例路137号,2026-01-25 10:56:00,active
4938,孔承雯,13900004938,customer4938@example.com,城市28号示例路138号,2026-01-26 10:57:00,active
4939,曹泽航,13900004939,customer4939@example.com,城市29号示例路139号,2026-01-27 10:58:00,active
4940,严逸悦,13900004940,customer4940@example.com,城市30号示例路140号,2026-01-28 10:59:00,active
4941,华思言,13900004941,customer4941@example.com,城市1号示例路141号,2026-01-01 10:00:00,inactive
4942,金若哲,13900004942,customer4942@example.com,城市2号示例路142号,2026-01-02 10:01:00,active
4943,魏嘉然,13900004943,customer4943@example.com,城市3号示例路143号,2026-01-03 10:02:00,active
4944,陶子涵,13900004944,customer4944@example.com,城市4号示例路144号,2026-01-04 10:03:00,active
4945,姜安禾,13900004945,customer4945@example.com,城市5号示例路145号,2026-01-05 10:04:00,active
4946,赵景远,13900004946,customer4946@example.com,城市6号示例路146号,2026-01-06 10:05:00,active
4947,钱明欣,13900004947,customer4947@example.com,城市7号示例路147号,2026-01-07 10:06:00,active
4948,孙语宁,13900004948,customer4948@example.com,城市8号示例路148号,2026-01-08 10:07:00,active
4949,李沐墨,13900004949,customer4949@example.com,城市9号示例路149号,2026-01-09 10:08:00,active
4950,周亦然,13900004950,customer4950@example.com,城市10号示例路150号,2026-01-10 10:09:00,active
4951,吴可行,13900004951,customer4951@example.com,城市11号示例路151号,2026-01-11 10:10:00,active
4952,郑书桐,13900004952,customer4952@example.com,城市12号示例路152号,2026-01-12 10:11:00,active
4953,王星阳,13900004953,customer4953@example.com,城市13号示例路153号,2026-01-13 10:12:00,active
4954,冯晨辰,13900004954,customer4954@example.com,城市14号示例路154号,2026-01-14 10:13:00,active
4955,陈清彤,13900004955,customer4955@example.com,城市15号示例路155号,2026-01-15 10:14:00,active
4956,褚雨轩,13900004956,customer4956@example.com,城市16号示例路156号,2026-01-16 10:15:00,active
4957,卫知雯,13900004957,customer4957@example.com,城市17号示例路157号,2026-01-17 10:16:00,active
4958,蒋向航,13900004958,customer4958@example.com,城市18号示例路158号,2026-01-18 10:17:00,active
4959,沈承悦,13900004959,customer4959@example.com,城市19号示例路159号,2026-01-19 10:18:00,active
4960,韩泽言,13900004960,customer4960@example.com,城市20号示例路160号,2026-01-20 10:19:00,active
4961,杨逸哲,13900004961,customer4961@example.com,城市21号示例路161号,2026-01-21 10:20:00,inactive
4962,朱思然,13900004962,customer4962@example.com,城市22号示例路162号,2026-01-22 10:21:00,active
4963,秦若涵,13900004963,customer4963@example.com,城市23号示例路163号,2026-01-23 10:22:00,active
4964,许嘉禾,13900004964,customer4964@example.com,城市24号示例路164号,2026-01-24 10:23:00,active
4965,何子远,13900004965,customer4965@example.com,城市25号示例路165号,2026-01-25 10:24:00,active
4966,吕安欣,13900004966,customer4966@example.com,城市26号示例路166号,2026-01-26 10:25:00,active
4967,施景宁,13900004967,customer4967@example.com,城市27号示例路167号,2026-01-27 10:26:00,active
4968,张明墨,13900004968,customer4968@example.com,城市28号示例路168号,2026-01-28 10:27:00,active
4969,孔语然,13900004969,customer4969@example.com,城市29号示例路169号,2026-01-01 10:28:00,active
4970,曹沐行,13900004970,customer4970@example.com,城市30号示例路170号,2026-01-02 10:29:00,active
4971,严亦桐,13900004971,customer4971@example.com,城市1号示例路171号,2026-01-03 10:30:00,active
4972,华可阳,13900004972,customer4972@example.com,城市2号示例路172号,2026-01-04 10:31:00,active
4973,金书辰,13900004973,customer4973@example.com,城市3号示例路173号,2026-01-05 10:32:00,active
4974,魏星彤,13900004974,customer4974@example.com,城市4号示例路174号,2026-01-06 10:33:00,active
4975,陶晨轩,13900004975,customer4975@example.com,城市5号示例路175号,2026-01-07 10:34:00,active
4976,姜清雯,13900004976,customer4976@example.com,城市6号示例路176号,2026-01-08 10:35:00,active
4977,赵雨航,13900004977,customer4977@example.com,城市7号示例路177号,2026-01-09 10:36:00,active
4978,钱知悦,13900004978,customer4978@example.com,城市8号示例路178号,2026-01-10 10:37:00,active
4979,孙向言,13900004979,customer4979@example.com,城市9号示例路179号,2026-01-11 10:38:00,active
4980,李承哲,13900004980,customer4980@example.com,城市10号示例路180号,2026-01-12 10:39:00,active
4981,周泽然,13900004981,customer4981@example.com,城市11号示例路181号,2026-01-13 10:40:00,inactive
4982,吴逸涵,13900004982,customer4982@example.com,城市12号示例路182号,2026-01-14 10:41:00,active
4983,郑思禾,13900004983,customer4983@example.com,城市13号示例路183号,2026-01-15 10:42:00,active
4984,王若远,13900004984,customer4984@example.com,城市14号示例路184号,2026-01-16 10:43:00,active
4985,冯嘉欣,13900004985,customer4985@example.com,城市15号示例路185号,2026-01-17 10:44:00,active
4986,陈子宁,13900004986,customer4986@example.com,城市16号示例路186号,2026-01-18 10:45:00,active
4987,褚安墨,13900004987,customer4987@example.com,城市17号示例路187号,2026-01-19 10:46:00,active
4988,卫景然,13900004988,customer4988@example.com,城市18号示例路188号,2026-01-20 10:47:00,active
4989,蒋明行,13900004989,customer4989@example.com,城市19号示例路189号,2026-01-21 10:48:00,active
4990,沈语桐,13900004990,customer4990@example.com,城市20号示例路190号,2026-01-22 10:49:00,active
4991,韩沐阳,13900004991,customer4991@example.com,城市21号示例路191号,2026-01-23 10:50:00,active
4992,杨亦辰,13900004992,customer4992@example.com,城市22号示例路192号,2026-01-24 10:51:00,active
4993,朱可彤,13900004993,customer4993@example.com,城市23号示例路193号,2026-01-25 10:52:00,active
4994,秦书轩,13900004994,customer4994@example.com,城市24号示例路194号,2026-01-26 10:53:00,active
4995,许星雯,13900004995,customer4995@example.com,城市25号示例路195号,2026-01-27 10:54:00,active
4996,何晨航,13900004996,customer4996@example.com,城市26号示例路196号,2026-01-28 10:55:00,active
4997,吕清悦,13900004997,customer4997@example.com,城市27号示例路197号,2026-01-01 10:56:00,active
4998,施雨言,13900004998,customer4998@example.com,城市28号示例路198号,2026-01-02 10:57:00,active
4999,张知哲,13900004999,customer4999@example.com,城市29号示例路199号,2026-01-03 10:58:00,active
5000,孔向然,13900005000,customer5000@example.com,城市30号示例路200号,2026-01-04 10:59:00,active
