product_id,product_name,category_id,unit,unit_price,cost_price,barcode,status
1,数据库系统概论（第6版）,5,本,88.00,55.00,9787111000001,onsale
2,深入理解计算机系统,10,本,129.00,80.00,9787111000002,onsale
3,百年孤独,2,本,59.00,35.00,9787111000003,onsale
4,黑色中性笔,20,支,3.50,1.20,690123450001,onsale
5,A4笔记本,21,本,12.00,6.00,690123450002,offsale
6,Database system concepts,5,本,100.00,65.00,9780072283631,onsale
7,Fundamentals of database systems,5,本,108.00,70.20,9780321369574,onsale
8,A first course in database systems,5,本,90.00,58.50,9780131225206,onsale
9,Database systems,5,本,106.00,68.90,9780357673034,onsale
10,Principles of distributed database systems,5,本,94.00,61.10,9783030262532,onsale
11,An introduction to database systems,5,本,133.00,86.45,9780201144710,onsale
12,Database Systems,5,本,96.00,62.40,9781403916013,onsale
13,Database systems,5,本,102.00,66.30,9780760049044,onsale
14,Database systems,5,本,102.00,66.30,9780131873254,onsale
15,Database system concepts,5,本,94.00,61.10,9780071217620,onsale
16,Database systems,5,本,92.00,59.80,9780321210258,onsale
17,Database Systems Concepts,5,本,120.00,78.00,9780072958867,onsale
18,Fundamentals of database systems,5,本,102.00,66.30,9780136086208,onsale
19,"Database System Concepts, 3rd",5,本,98.00,63.70,9780071148108,onsale
20,Fundamentals of database systems,5,本,96.00,62.40,9780321415066,onsale
21,Database systems,5,本,100.00,65.00,9780321228383,onsale
22,An introduction to database systems,5,本,102.00,66.30,9780201684193,onsale
23,Database systems,5,本,98.00,63.70,9780132943260,onsale
24,Principles of database systems,5,本,108.00,70.20,9780914894131,onsale
25,Computer system architecture,17,本,56.00,36.40,9781405825160,onsale
26,Computer systems,10,本,99.00,64.35,9780134123837,onsale
27,Computer systems design and architecture,10,本,97.00,63.05,9780130484406,onsale
28,Computer system architecture,3,本,100.00,65.00,9780131757387,onsale
29,Computer systems,10,本,113.00,73.45,9780763771447,onsale
30,Computer systems architecture,10,本,109.00,70.85,9780716780328,onsale
31,Computer Systems: A Programmer's Perspective (3rd Edition),10,本,107.00,69.55,9780134092669,onsale
32,Understanding computer systems,10,本,111.00,72.15,9789173723336,onsale
33,Elements of Computing Systems,3,本,100.00,65.00,9780262640688,onsale
34,The art of computer systems performance analysis,10,本,113.00,73.45,9781118858356,onsale
35,Computer Systems Organization and Architecture,10,本,132.00,85.80,9780201612530,onsale
36,The Elements of Computing Systems,3,本,92.00,59.80,9780262140874,onsale
37,Racing the Beam,3,本,90.00,58.50,9780262012577,onsale
38,Design of real time computer systems,10,本,130.00,84.50,9780132014007,onsale
39,Computer Systems Architecture,10,本,103.00,66.95,9781482231069,onsale
40,Simulating computer systems,10,本,103.00,66.95,9780262132299,onsale
41,Computer System Design,3,本,96.00,62.40,9781118009918,onsale
42,Programming real-time computer systems,10,本,93.00,60.45,9780137305070,onsale
43,Core Python Programming,6,本,102.00,66.30,9789390457151,onsale
44,Black Hat Python,6,本,106.00,68.90,9781593275907,onsale
45,Core Python programming,6,本,96.00,62.40,9780132269933,onsale
46,Python Programming,6,本,116.00,75.40,9789354973765,onsale
47,Python programming,6,本,112.00,72.80,9781887902991,onsale
48,Learning Python,6,本,108.00,70.20,9788173667381,onsale
49,Python Programming Crash Course,6,本,120.00,78.00,9798846955790,onsale
50,Python Programming,6,本,106.00,68.90,9781951339944,onsale
51,Python Programming,6,本,108.00,70.20,9781542988940,onsale
52,Python,6,本,90.00,58.50,9781543252217,onsale
53,Python Programming,6,本,108.00,70.20,9789332585348,onsale
54,Introduction to Python Programming,6,本,100.00,65.00,9780815394372,onsale
55,Python programming in context,6,本,100.00,65.00,9781284175554,onsale
56,Python Programming,6,本,88.00,57.20,9781032028491,onsale
57,Murach's Python Programming (2nd Edition),6,本,112.00,72.80,9781943872749,onsale
58,Python for Beginners : 2 Books in 1,6,本,100.00,65.00,9798722827302,onsale
59,Programming Python,6,本,100.00,65.00,9789350232873,onsale
60,Python Programming For Beginners,6,本,84.00,54.60,9781521432341,onsale
61,Murach's Python Programming,6,本,114.00,74.10,9781890774974,onsale
62,The Norton book of classical literature,2,本,52.00,33.80,9780393034264,onsale
63,The Book of Five Rings,2,本,66.00,42.90,9781548127596,onsale
64,Idiot,2,本,54.00,35.10,9781539004950,onsale
65,The Secret Garden,2,本,60.00,39.00,9781977930231,onsale
66,Treasure Island,2,本,72.00,46.80,9781497354975,onsale
67,Orlando,2,本,78.00,50.70,9798681983439,onsale
68,White Fang,2,本,64.00,41.60,9781847498014,onsale
69,The Moon Pool,2,本,58.00,37.70,9798461321680,onsale
70,Ethan Frome,2,本,68.00,44.20,9781507585559,onsale
71,The Scarlet Letter,2,本,62.00,40.30,9798463083326,onsale
72,Heidi,2,本,62.00,40.30,9782070586646,onsale
73,The Oxford companion to classical literature,2,本,58.00,37.70,9780198600817,onsale
74,Pollyanna,2,本,48.00,31.20,9781070647005,onsale
75,Harper's dictionary of classical literature and antiquities,2,本,56.00,36.40,9780815401766,onsale
76,Utilitarianism,2,本,48.00,31.20,9781512151275,onsale
77,The Oxford companion to classical literature,2,本,52.00,33.80,9780198661030,onsale
78,Professor,2,本,74.00,48.10,9781975717766,onsale
79,Classical Literature,2,本,68.00,44.20,9781136736599,onsale
80,The reluctant dragon,2,本,52.00,33.80,9798442512304,onsale
81,The Norton Anthology of World Literature,2,本,54.00,35.10,9780393656022,onsale
82,The Norton anthology of world literature,14,本,71.00,46.15,9780393152494,onsale
83,The Norton anthology of world literature,2,本,60.00,39.00,9780393913347,onsale
84,The Bedford anthology of world literature,2,本,42.00,27.30,9780312402624,onsale
85,World literature -- revised edition,2,本,48.00,31.20,9780030514098,onsale
86,75 Short Masterpieces,2,本,68.00,44.20,9789994911233,onsale
87,Brave New World,2,本,58.00,37.70,9781521308578,onsale
88,World Literature 1999,2,本,64.00,41.60,9780785418283,onsale
89,What is world literature?,2,本,64.00,41.60,9780691049854,onsale
90,The War of the Worlds,2,本,46.00,29.90,9783257201710,onsale
91,The Norton anthology of world literature,14,本,85.00,55.25,9780393977592,onsale
92,World Literature Instructor's Manual,2,本,58.00,37.70,9780844254814,onsale
93,"The Norton Anthology of World Literature, Vol. F",14,本,67.00,43.55,9780393924510,onsale
94,World Literature,2,本,56.00,36.40,9780844254821,onsale
95,Guide to modern world literature,2,本,54.00,35.10,9780333427941,onsale
96,"Prentice Hall Literature--Timeless Voices, Timeless Themes--World Literature",2,本,46.00,29.90,9780130508362,onsale
97,Masterpieces of world literature in digest form,2,本,44.00,28.60,9780060037505,onsale
98,Essentials of British and World Literature,2,本,60.00,39.00,9780030791796,onsale
99,The Lost World,2,本,68.00,44.20,9798696445403,onsale
100,November 9,2,本,70.00,45.50,9781508284987,onsale
101,Confess,2,本,68.00,44.20,9781476791456,onsale
102,The Hating Game,2,本,64.00,41.60,9780062439598,onsale
103,Drama,2,本,68.00,44.20,9788417108588,onsale
104,The Spanish Love Deception,2,本,74.00,48.10,9798705893843,onsale
105,Haunted,2,本,82.00,53.30,9788497934893,onsale
106,Maurice,2,本,54.00,35.10,9782264012739,onsale
107,Icebreaker,2,本,39.00,25.35,9788466679299,onsale
108,Infinite Jest,2,本,70.00,45.50,9783499249570,onsale
109,Middlesex,2,本,58.00,37.70,9788467202281,onsale
110,Push,2,本,70.00,45.50,9781784877361,onsale
111,Post office,2,本,52.00,33.80,9780061492570,onsale
112,Eleven Minutes,2,本,58.00,37.70,9780061835575,onsale
113,Uprooted,2,本,54.00,35.10,9780804179034,onsale
114,Insomnia,2,本,62.00,40.30,9785170178285,onsale
115,Ugly Love,2,本,56.00,36.40,9788501105738,onsale
116,Little Fires Everywhere,2,本,48.00,31.20,9783423147231,onsale
117,Daemon,2,本,54.00,35.10,9780525951117,onsale
118,Making Money,2,本,47.00,30.55,9788499899657,onsale
119,Purple Hibiscus,2,本,64.00,41.60,9788535918502,onsale
120,Discrete Mathematics with Applications,9,本,110.00,71.50,9781337694193,onsale
121,The Difference Engine,3,本,90.00,58.50,9782221082492,onsale
122,2001,3,本,92.00,59.80,9788835720010,discontinued
123,Hackers,3,本,84.00,54.60,9780385312103,onsale
124,Hacking for Dummies,3,本,100.00,65.00,9781119485544,offsale
125,Code,3,本,88.00,57.20,9780137909100,onsale
126,The player of games,3,本,102.00,66.30,9781841490953,onsale
127,Eloquent Javascript,6,本,98.00,63.70,9781593272821,onsale
128,Systems Analysis and Design,7,本,87.00,56.55,9781119030263,onsale
129,Structure and Interpretation of Computer Programs (SICP),3,本,88.00,57.20,9783540423423,onsale
130,Mathematical structures for computer science,3,本,104.00,67.60,9781464193828,onsale
131,Programming in ANSI C,6,本,94.00,61.10,9780070534773,onsale
132,Player Piano,2,本,60.00,39.00,9780795302565,offsale
133,Superintelligence,3,本,102.00,66.30,9780199678112,onsale
134,Snow Crash,3,本,108.00,70.20,9780593599730,onsale
135,Diaspora,3,本,98.00,63.70,9783453161818,onsale
136,Transactions on Engineering Technologies,12,本,84.00,54.60,9789811568503,onsale
137,Computer Science,17,本,78.00,50.70,9781873981962,onsale
138,Invitation to Computer Science,12,本,88.00,57.20,9780324788594,onsale
139,2061,3,本,100.00,65.00,9780517169049,offsale
140,Computer Confluence,3,本,98.00,63.70,9780130767097,onsale
141,Data Structures and Algorithms Made Easy,9,本,106.00,68.90,9780615459813,offsale
142,Computer Concepts,12,本,78.00,50.70,9781418860363,onsale
143,Mona Lisa Overdrive,3,本,106.00,68.90,9783453038868,onsale
144,Fundamentals of Data Structures in C++ 2nd Edition,9,本,110.00,71.50,9780929306377,onsale
145,The Book of Why,3,本,104.00,67.60,9780465097609,onsale
146,Gray Hat Hacking,3,本,108.00,70.20,9781264268948,onsale
147,Les Robots,2,本,62.00,40.30,9780553294385,onsale
148,In the Beginning...Was the Command Line,3,本,98.00,63.70,9783442151776,onsale
149,Computer Science Distilled,3,本,100.00,65.00,9780997316025,offsale
150,C++,3,本,106.00,68.90,9780273752769,onsale
151,Discrete Mathematics and Its Applications,9,本,96.00,62.40,9780073229720,onsale
152,Physics for Computer Science Students,12,本,96.00,62.40,9780387955759,onsale
153,Game Programming Patterns,6,本,108.00,70.20,9780990582908,onsale
154,Object-Oriented Software Engineering,7,本,85.00,55.25,9780201403473,onsale
155,Computer science,3,本,82.00,53.30,9780321524034,onsale
156,JavaScript,6,本,102.00,66.30,9783897214910,onsale
157,Object-oriented Programming with C++,6,本,86.00,55.90,9780071072830,onsale
158,Discrete mathematics,9,本,104.00,67.60,9780131176867,onsale
159,"Advances in Computers, Volume 49 (Advances in Computers)",12,本,70.00,45.50,9780080490281,onsale
160,Java how to program--early objects,6,本,94.00,61.10,9780132577632,onsale
161,Python Cookbook,6,本,112.00,72.80,9788173664793,onsale
162,The Linux Command Line,10,本,121.00,78.65,9781593273897,onsale
163,Refactoring,3,本,98.00,63.70,9780201485677,onsale
164,Discrete Mathematical Structures,3,本,94.00,61.10,9780132297516,onsale
165,How computers work,3,本,98.00,63.70,9781562763640,onsale
166,Steve Jobs,3,本,104.00,67.60,9781442346949,onsale
167,Rogue Protocol,3,本,116.00,75.40,9788576577652,onsale
168,Quantum Computing Since Democritus,3,本,104.00,67.60,9780521199568,onsale
169,Stand on Zanzibar,3,本,122.00,79.30,9781857988369,offsale
170,An introduction to data structures with applications,9,本,88.00,57.20,9780070651500,onsale
171,Domain-Driven Design,3,本,82.00,53.30,9780321125217,onsale
172,Cryptonomicon,3,本,102.00,66.30,9780060575489,onsale
173,Natural language processing and information retrieval,3,本,102.00,66.30,9780195692327,onsale
174,The Innovators,3,本,108.00,70.20,9781471138799,onsale
175,Discrete mathematics,9,本,110.00,71.50,9780198507178,onsale
176,The Basics of Hacking and Penetration Testing,12,本,64.00,41.60,9780124116443,onsale
177,Systems analysis and design,7,本,91.00,59.15,9780131273238,onsale
178,BTEC National for IT Practitioners,3,本,84.00,54.60,9781136443220,onsale
179,Programming Perl,6,本,106.00,68.90,9781565928282,onsale
180,Introduction to Java Programming,6,本,119.00,77.35,9780131201170,onsale
181,Cyber Security,3,本,92.00,59.80,9783319183015,discontinued
182,Objects first with Java,6,本,90.00,58.50,9780132835541,onsale
183,Advanced Computing and Systems for Security,3,本,104.00,67.60,9789811389610,onsale
184,Fluent Python,6,本,100.00,65.00,9781491946008,offsale
185,Technology in action,12,本,80.00,52.00,9780131878860,offsale
186,Freedom™,3,本,96.00,62.40,9780451231895,onsale
187,Java Concurrency in Practice,6,本,98.00,63.70,9780321467836,onsale
188,Armada,3,本,114.00,74.10,9788490705797,onsale
189,All Systems Red,3,本,104.00,67.60,9786191933365,onsale
190,Deep Learning,8,本,105.00,68.25,9780262337434,discontinued
191,Technology for Success,12,本,74.00,48.10,9780357124833,onsale
192,Encyclopedia of Computer Science and Technology,12,本,70.00,45.50,9781000719383,onsale
193,Discrete mathematics with graph theory,9,本,110.00,71.50,9780131679955,onsale
194,Python for Everybody,6,本,121.00,78.65,9781530051120,onsale
195,The art of doing science and engineering,12,本,82.00,53.30,9781953953315,onsale
196,Design Patterns,3,本,104.00,67.60,9783826697005,onsale
197,Dealers of Lightning,3,本,90.00,58.50,9780694521302,onsale
198,Secrets and Lies,3,本,88.00,57.20,9783527500215,onsale
199,Crafting Interpreters,3,本,108.00,70.20,9780990582953,onsale
200,Data structures and algorithm analysis in C,9,本,92.00,59.80,9780201498400,onsale
201,The Code Book,3,本,92.00,59.80,9783423621670,discontinued
202,Applying UML and patterns,17,本,45.00,29.25,9788177589795,onsale
203,97 Things Every Programmer Should Know,3,本,116.00,75.40,9781449388966,onsale
204,Cloud computing,3,本,90.00,58.50,9781118124536,onsale
205,Crypto,3,本,102.00,66.30,9780786521951,onsale
206,Discrete mathematical structures,3,本,94.00,61.10,9781292024844,onsale
207,Computer science,12,本,80.00,52.00,9780534374808,offsale
208,Advances in Computers,3,本,119.00,77.35,9780120121342,onsale
209,Linear Algebra with Applications,11,本,100.00,65.00,9780697268518,onsale
210,Data structures,9,本,104.00,67.60,9780534951238,onsale
211,Quantum computation and quantum information,3,本,104.00,67.60,9787302072898,onsale
212,Computer organization and design,10,本,95.00,61.75,9780080502571,onsale
213,Artificial Condition,3,本,110.00,71.50,9782367935188,onsale
214,Artificial Intelligence and Soft Computing,8,本,95.00,61.75,9783031425042,onsale
215,Java software solutions,6,本,90.00,58.50,9780321189035,onsale
216,Practical Malware Analysis,3,本,102.00,66.30,9781593272906,onsale
217,Ready Player One,3,本,104.00,67.60,9780307887436,onsale
218,Computer science illuminated,3,本,100.00,65.00,9780763717605,offsale
219,"Java, Java, Java",6,本,86.00,55.90,9780131218048,onsale
220,The Hacker Crackdown,3,本,102.00,66.30,9783849523244,onsale
221,The Hundred-Page Machine Learning Book,8,本,133.00,86.45,9781999579517,onsale
222,UML,3,本,84.00,54.60,9780072224603,onsale
223,Data structures using C and C++,9,本,94.00,61.10,9788120311770,onsale
224,Data Structures and Algorithms in Python,9,本,108.00,70.20,9781118549186,onsale
225,High Wizardry (digest),3,本,92.00,59.80,9780547540306,discontinued
226,Computational Linguistics and Intelligent Text Processing,3,本,92.00,59.80,9783319771120,discontinued
227,Machines That Think,3,本,92.00,59.80,9780140071948,discontinued
228,Schaum's outline of theory and problems of data structures,9,本,129.00,83.85,9780070380011,offsale
229,"Data structures, algorithms, and software principles in C",9,本,98.00,63.70,9780201591187,discontinued
230,Data Structures Using C,9,本,125.00,81.25,9780132004114,onsale
231,Systems programming,6,本,86.00,55.90,9780070176034,onsale
232,The (new) turing omnibus,3,本,98.00,63.70,9780716782711,onsale
233,Cyberpunk,3,本,108.00,70.20,9780684818627,onsale
234,Transformers for Natural Language Processing,3,本,96.00,62.40,9781800568631,onsale
235,The Psychology of Everyday Things,16,本,64.00,41.60,9781452654126,onsale
236,Deep Learning for Coders with Fastai and Pytorch,8,本,115.00,74.75,9781492045496,onsale
237,Exit Strategy,3,本,114.00,74.10,9781501999994,onsale
238,Computer science,3,本,102.00,66.30,9780132774659,onsale
239,Cybercrime and Digital Forensics,3,本,100.00,65.00,9781322983059,offsale
240,Computer Science,17,本,54.00,35.10,9780134076423,onsale
241,Terraform : Up & Running,3,本,112.00,72.80,9781491977088,onsale
242,Artificial Intelligence and Intelligent Systems,8,本,113.00,73.45,9780195671544,offsale
243,Data structures and algorithms in C++,9,本,116.00,75.40,9780534949747,onsale
244,Horizons in computer science research,3,本,94.00,61.10,9781614704553,onsale
245,Artificial Intelligence Applications and Innovations,8,本,105.00,68.25,9783030491635,discontinued
246,Discrete mathematics,9,本,92.00,59.80,9780132157162,onsale
247,The Elements of Statistical Learning,17,本,62.00,40.30,9780387216065,onsale
248,Cryptography and network security,10,本,101.00,65.65,9780134444284,discontinued
249,Algorithms + data structures=programs,9,本,92.00,59.80,9780130224187,onsale
250,Discovering Computers 2018,12,本,68.00,44.20,9781337285100,onsale
251,Hands on Hacking,3,本,98.00,63.70,9781119561484,onsale
252,Data structures and algorithms,9,本,118.00,76.70,9788177588262,onsale
253,Discrete and combinatorial mathematics,11,本,76.00,49.40,9780201726343,onsale
254,Sketching User Experiences,3,本,90.00,58.50,9780123819611,onsale
255,Software Engineering,7,本,101.00,65.65,9781478632306,onsale
256,Understanding computers,17,本,50.00,32.50,9781133190035,onsale
257,Cybersecurity Essentials,3,本,98.00,63.70,9781119362395,onsale
258,Deep Learning with Python,8,本,107.00,69.55,9781638352044,onsale
259,Data Structure and Algorithmic Thinking with Python: Data Structure and Algorithmic Puzzles,9,本,108.00,70.20,9788192107592,onsale
260,Neuromancer,3,本,108.00,70.20,9788758804118,onsale
261,Java how to program--late objects version,6,本,94.00,61.10,9780134763507,onsale
262,C++ Black Book,3,本,104.00,67.60,9781576107775,onsale
263,An Introduction to Computer Studies,3,本,90.00,58.50,9780521337533,onsale
264,Effective C++,3,本,98.00,63.70,9780201924886,onsale
265,The pattern on the stone,3,本,96.00,62.40,9780753812624,onsale
266,Data structures and algorithms in Java,9,本,106.00,68.90,9780471407829,offsale
267,Starting out with Java,6,本,94.00,61.10,9780134038179,onsale
268,Java how to program,6,本,102.00,66.30,9789332563292,onsale
269,Advanced data structures,9,本,102.00,66.30,9780521880374,onsale
270,Understanding operating systems,10,本,99.00,64.35,9780534151805,onsale
271,Storytelling with Data,3,本,92.00,59.80,9781119621508,discontinued
272,Python machine learning,8,本,109.00,70.85,9781783555130,onsale
273,"Introduction to automata theory, languages, and computation",3,本,94.00,61.10,9783827370204,onsale
274,Purely functional data structures,9,本,102.00,66.30,9781283870801,onsale
275,Understanding Computers Today and Tomorrow,3,本,96.00,62.40,9781337251853,onsale
276,Fundamentals of data structures in C,9,本,112.00,72.80,9780716782926,onsale
277,Cryptography and Network Security,10,本,97.00,63.05,9780137056323,onsale
278,Cult of the Dead Cow,3,本,96.00,62.40,9781549126208,onsale
279,Advances in Computers,3,本,88.00,57.20,9780128051580,onsale
280,"Computing Information Directory, 1996",3,本,82.00,53.30,9780933113022,onsale
281,For the Win,3,本,123.00,79.95,9780007352012,offsale
282,Computers!,3,本,90.00,58.50,9780070653092,onsale
283,The Definitive Guide to DAX,3,本,104.00,67.60,9780134865874,onsale
284,Classical and object-oriented software engineering,7,本,101.00,65.65,9780072865516,onsale
285,Countdown to Zero Day: Stuxnet and the Launch of the World's First Digital Weapon,3,本,102.00,66.30,9780770436179,onsale
286,Foundations of Computer Science,17,本,68.00,44.20,9781473787322,onsale
287,Halting State,3,本,86.00,55.90,9780441016075,onsale
288,Python in a Nutshell,6,本,106.00,68.90,9781306809696,onsale
289,Python for Kids,6,本,100.00,65.00,9788301183684,offsale
290,Reamde,3,本,104.00,67.60,9780061977961,onsale
291,Data Structures and Algorithms Made Easy in Java,9,本,96.00,62.40,9781466304161,onsale
292,Ethical Hacking and Penetration Testing Guide,3,本,94.00,61.10,9781351381338,onsale
293,Data structures,9,本,96.00,62.40,9780131990432,onsale
294,Artificial Intelligence,8,本,103.00,66.95,9781250758040,onsale
295,C how to program,3,本,98.00,63.70,9780131596825,onsale
296,"Growing object-oriented software, guided by tests",7,本,89.00,57.85,9780321503626,onsale
297,The Ruby programming language,6,本,90.00,58.50,9780596101244,onsale
298,Don't Make Me Think,3,本,104.00,67.60,9780789723109,onsale
299,Pro Git,3,本,86.00,55.90,9781430216803,onsale
300,Essentials of oceanography,3,本,106.00,68.90,9780534392598,onsale
301,"Learning PHP, MySQL & JavaScript",5,本,122.00,79.30,9781491949467,onsale
302,Cooking for Geeks,3,本,106.00,68.90,9781491928059,onsale
303,SPSS Explained,3,本,106.00,68.90,9781134479757,onsale
304,Computer Architecture,10,本,109.00,70.85,9781718502864,offsale
305,On intelligence,3,本,96.00,62.40,9781429900454,onsale
306,Learn Java for Android Development,6,本,92.00,59.80,9781430231578,discontinued
307,Beginning Python,6,本,90.00,58.50,9781118057315,onsale
308,Bitcoin and cryptocurrency technologies,3,本,94.00,61.10,9781400884155,onsale
309,Data mining,8,本,107.00,69.55,9783319141428,onsale
310,Designing with the Mind in Mind,12,本,66.00,42.90,9780128182024,onsale
311,C++ primer plus,3,本,114.00,74.10,9788178088952,onsale
312,A new kind of science,3,本,106.00,68.90,9781579550196,onsale
313,Data structures and program design in C,9,本,120.00,78.00,9780137689958,onsale
314,Network Security Assessment,10,本,109.00,70.85,9788441517516,offsale
315,Discovering computers,12,本,82.00,53.30,9781133598176,onsale
316,Functional Programming In Scala,6,本,102.00,66.30,9781617290657,onsale
317,Data modeling essentials,3,本,102.00,66.30,9781850328773,onsale
318,Foundations of Python network programming,10,本,89.00,57.85,9781430273110,onsale
319,Expert systems,8,本,107.00,69.55,9780133486407,onsale
320,Introduction To Computation And Programming Using Python,6,本,96.00,62.40,9780262529624,onsale
321,Serious Cryptography,3,本,102.00,66.30,9781718503847,onsale
322,The Bromeliad,3,本,106.00,68.90,9783492285186,onsale
323,CompTIA IT Fundamentals Study Guide,3,本,86.00,55.90,9781119513124,onsale
324,Data science from scratch,3,本,106.00,68.90,9781491904398,onsale
325,Intelligent Robotics and Applications,3,本,110.00,71.50,9783319652887,onsale
326,Human Compatible,3,本,86.00,55.90,9780241335208,onsale
327,When HARLIE Was One,3,本,96.00,62.40,9780345028853,onsale
328,Student Solutions Guide for Discrete Mathematics and Its Applications,9,本,102.00,66.30,9780070539662,onsale
329,The game production handbook,3,本,92.00,59.80,9781584504160,discontinued
330,Cambridge International AS and a Level Computer Science,17,本,62.00,40.30,9781510457591,onsale
331,Computers,3,本,108.00,70.20,9780763812959,onsale
332,Data-structures and programming,6,本,100.00,65.00,9780673059642,offsale
333,Starting Out with Java,6,本,84.00,54.60,9780321393050,onsale
334,Applied numerical methods for engineers and scientists,3,本,100.00,65.00,9780130894809,offsale
335,Things a Computer Scientist Rarely Talks About,3,本,108.00,70.20,9781575863276,onsale
336,UML distilled,3,本,92.00,59.80,9780321193681,discontinued
337,"Martha Stewart's gardening, month by month",3,本,96.00,62.40,9780091770068,onsale
338,Neural Information Processing,8,本,113.00,73.45,9783319265544,offsale
339,Inside COM,3,本,94.00,61.10,9781572313491,onsale
340,Introductory discrete mathematics,9,本,108.00,70.20,9780134786780,onsale
341,Digital Design and Computer Architecture,10,本,95.00,61.75,9780128009116,onsale
342,Advances in Computers,12,本,82.00,53.30,9780123964694,onsale
343,Introduction to expert systems,8,本,105.00,68.25,9780201175783,discontinued
344,Apprendre !,3,本,100.00,65.00,9780241366479,offsale
345,Advances in Swarm Intelligence,3,本,92.00,59.80,9783030263539,discontinued
346,"Emerging Research in Computing, Information, Communication and Applications",3,本,90.00,58.50,9788132225522,onsale
347,Head First Python,6,本,108.00,70.20,9781449358754,onsale
348,Data structures & algorithms in Java,9,本,108.00,70.20,9780768662603,onsale
349,The Human Use of Human Beings,3,本,98.00,63.70,9780380506828,onsale
350,Being Geek,3,本,112.00,72.80,9781449395865,onsale
351,Computer organization and design,10,本,97.00,63.05,9780123747501,onsale
352,Enhanced Discovering Computers ©2017,17,本,68.00,44.20,9781305657458,onsale
353,Neural Networks and Deep Learning,8,本,103.00,66.95,9783031296413,onsale
354,C++ Programming,6,本,88.00,57.20,9781423902225,onsale
355,Computer Confluence,3,本,106.00,68.90,9780131968677,onsale
356,Computer concepts basics,12,本,76.00,49.40,9781423904618,onsale
357,Concrete mathematics,11,本,86.00,55.90,9788131708415,onsale
358,Intelligent Computing,3,本,86.00,55.90,9783031104664,onsale
359,Discovering Computer Science,3,本,86.00,55.90,9781003037149,onsale
360,Diggers,8,本,105.00,68.25,9782081646421,discontinued
361,Broad Band,3,本,98.00,63.70,9780735211759,onsale
362,Space demons,3,本,90.00,58.50,9780749704100,onsale
363,Java Cookbook,6,本,94.00,61.10,9780596518110,onsale
364,Foundations of computer science,3,本,104.00,67.60,9780716782339,onsale
365,The Illuminati,3,本,112.00,72.80,9780785275299,onsale
366,Distributed Systems,10,本,95.00,61.75,9781292025520,onsale
367,Learning Perl,6,本,98.00,63.70,9781565928220,onsale
368,The Shallows,3,本,122.00,79.30,9781848878839,offsale
369,IoT,3,本,80.00,52.00,9781000058611,onsale
370,Parallel Processing and Applied Mathematics,11,本,80.00,52.00,9783540681113,onsale
371,"Agile Software Development, Principles, Patterns, and Practices",7,本,95.00,61.75,9781292025940,discontinued
372,Perceptrons,3,本,90.00,58.50,9780262343930,onsale
373,Cambridge International AS and A Level Computer Science,3,本,98.00,63.70,9781108733755,onsale
374,Usability Engineering (Interactive Technologies),12,本,74.00,48.10,9780125184069,onsale
375,Algorithms of Oppression,9,本,94.00,61.10,9781721307234,onsale
376,Python for Data Science for Dummies,6,本,100.00,65.00,9781119547662,offsale
377,Kotlin in Action,6,本,98.00,63.70,9781617293290,onsale
378,The Alignment Problem,3,本,106.00,68.90,9781786494306,onsale
379,Linux,10,本,113.00,73.45,9782841773923,onsale
380,New perspectives on computer concepts,12,本,64.00,41.60,9781423906100,onsale
381,Object-oriented software development using Java,6,本,86.00,55.90,9780321210739,onsale
382,Artemis Fowl and the Eternity Code,3,本,102.00,66.30,9789047500469,onsale
383,Introduction to machine learning,8,本,136.00,88.40,9780262012430,offsale
384,Object-oriented systems analysis and design using UML,7,本,105.00,68.25,9780077098643,onsale
385,Computing,3,本,100.00,65.00,9780262517676,offsale
386,Theory of computation,3,本,86.00,55.90,9780471603511,onsale
387,Wizard's Bane,3,本,102.00,66.30,9780671698034,onsale
388,Patterns,3,本,104.00,67.60,9780738495910,onsale
389,Probability and Statistics for Data Science,11,本,88.00,57.20,9780367260934,onsale
390,Fundamentals of Computing,3,本,106.00,68.90,9780757543593,onsale
391,Linux Command Line and Shell Scripting Bible,10,本,113.00,73.45,9781118087794,onsale
392,Data structures,9,本,106.00,68.90,9780534952167,offsale
393,A Balanced Introduction to Computer Science,3,本,98.00,63.70,9780131277748,onsale
394,Introductory combinatorics,3,本,94.00,61.10,9780131814882,onsale
395,An introduction to object-oriented programming,6,本,86.00,55.90,9780321210289,onsale
396,C pointers and dynamic memory management,13,本,81.00,52.65,9780894354731,onsale
397,True Names,3,本,102.00,66.30,9780671653637,onsale
398,Computer science,3,本,94.00,61.10,9780131659452,onsale
399,Artificial Intelligence,8,本,105.00,68.25,9781283334136,discontinued
400,Learning Deep Learning,8,本,109.00,70.85,9780137470259,onsale
401,High Performance MySQL,5,本,100.00,65.00,9781449332501,onsale
402,Fugitive Telemetry,3,本,98.00,63.70,9781250765383,onsale
403,A guide to expert systems,8,本,136.00,88.40,9780201083132,offsale
404,Smalltalk best practice patterns,3,本,84.00,54.60,9780132852104,onsale
405,An introduction to computer science,3,本,98.00,63.70,9780070651678,onsale
406,Clojure programming,6,本,96.00,62.40,9781449335342,onsale
407,Applied Computational Thinking with Python,6,本,104.00,67.60,9781839219436,onsale
408,The Computational Beauty of Nature,3,本,92.00,59.80,9780262561273,discontinued
409,Life in code,3,本,88.00,57.20,9780374711412,onsale
410,Ender's Shadow,3,本,120.00,78.00,9788498725919,onsale
411,Beginning C,3,本,88.00,57.20,9781430243625,onsale
412,Discrete mathematics,9,本,90.00,58.50,9780321079121,onsale
413,Effective Java,6,本,100.00,65.00,9783827319333,offsale
414,The Object-Oriented Thought Process,7,本,87.00,56.55,9780135182123,onsale
415,The Art of Seo,3,本,92.00,59.80,9781098102616,discontinued
416,Make your own neural network,8,本,107.00,69.55,9781530826605,onsale
417,Physics for computer science students,12,本,62.00,40.30,9780471011019,onsale
418,Introduction to algorithms,9,本,125.00,81.25,9780201120370,onsale
419,GRE Computer Science (REA) 5th Ed. - The Best Test Prep for the GRE,17,本,68.00,44.20,9780878914340,onsale
420,C++ program design,3,本,82.00,53.30,9780070121355,onsale
421,Cell,3,本,88.00,57.20,9785170401192,onsale
422,Thinking in complexity,3,本,84.00,54.60,9783540002390,onsale
423,Software (Ware Tetralogy #1),3,本,94.00,61.10,9780380701773,onsale
424,Programming abstractions in C,6,本,88.00,57.20,9780201545418,onsale
425,Discrete mathematics for computer science,9,本,120.00,78.00,9798688691351,onsale
426,Computer science,3,本,100.00,65.00,9780198733461,offsale
427,An introduction to discrete mathematics,9,本,90.00,58.50,9780030640193,onsale
428,Understanding Computation,3,本,92.00,59.80,9781449330118,discontinued
429,Informática básica,3,本,112.00,72.80,9788469239841,onsale
430,Wings,3,本,92.00,59.80,9781407042664,discontinued
431,The Little Typer,3,本,80.00,52.00,9780262351003,onsale
432,Advances in Information Systems Science,3,本,104.00,67.60,9781461590569,onsale
433,Practical Object Oriented Design In Ruby,6,本,84.00,54.60,9780321721334,onsale
434,C++ plus data structures,9,本,112.00,72.80,9780763741587,onsale
435,Systems Analysis and Design: An Object-Oriented Approach with UML,7,本,101.00,65.65,9781118804674,onsale
436,The DevOps handbook,7,本,95.00,61.75,9781950508402,discontinued
437,C/C + + for Expert Systems,8,本,117.00,76.05,9780943518862,onsale
438,Practical Natural Language Processing,3,本,92.00,59.80,9781492054054,discontinued
439,Cosmonaut Keep,3,本,102.00,66.30,9784444408295,onsale
440,Advanced Informatics for Computing Research,3,本,102.00,66.30,9789811636523,onsale
441,The New Hacker's Dictionary,3,本,98.00,63.70,9780262680790,onsale
442,Advances in Computing and Data Sciences,3,本,92.00,59.80,9783030882433,discontinued
443,Algorithm design,9,本,116.00,75.40,9788126509867,onsale
444,CompTIA Security+ Study Guide,3,本,96.00,62.40,9781119736271,onsale
445,Let Us Python,6,本,112.00,72.80,9789388511568,onsale
446,Refactoring Databases,5,本,100.00,65.00,9780321630179,onsale
447,Automata and Formal Languages,3,本,108.00,70.20,9780134977775,onsale
448,Software testing,3,本,110.00,71.50,9780849373459,onsale
449,Data structures and algorithms,9,本,112.00,72.80,9789812791245,onsale
450,"Data structures, algorithms, and object-oriented programming",9,本,90.00,58.50,9780071143226,onsale
451,Foundation Mathematics for Computer Science,11,本,76.00,49.40,9783030420772,onsale
452,Natural Language Processing and Information Systems,3,本,104.00,67.60,9783319919461,onsale
453,Programming in Prolog,6,本,82.00,53.30,9783540150114,onsale
454,A people's history of computing in the United States,14,本,87.00,56.55,9780674970977,onsale
455,Discrete Mathematics,9,本,110.00,71.50,9780321964687,onsale
456,Computer Forensics,3,本,96.00,62.40,9781584500186,onsale
457,Blockchain Basics,3,本,90.00,58.50,9781484226032,onsale
458,Digital image processing,3,本,88.00,57.20,9780201180756,onsale
459,AI superpowers,8,本,123.00,79.95,9781978632844,onsale
460,Linked,3,本,104.00,67.60,9780738206677,onsale
461,Joe Celko's SQL for Smarties,5,本,90.00,58.50,9780128008300,onsale
462,Mastering Regular Expressions,3,本,92.00,59.80,9787121046841,discontinued
463,Starting out with Visual C#,3,本,94.00,61.10,9780135183519,onsale
464,Functional JavaScript,6,本,100.00,65.00,9781449360726,offsale
465,Python scripts for Abaqus,6,本,88.00,57.20,9780615520506,onsale
466,Introduction to graph theory,9,本,104.00,67.60,9780582447622,onsale
467,Refactoring,3,本,108.00,70.20,9780134757599,onsale
468,Observing the user experience,3,本,102.00,66.30,9780128189276,onsale
469,Data structures and algorithms in C++,9,本,102.00,66.30,9780470415566,onsale
470,Analysis Patterns,3,本,90.00,58.50,9780134186054,onsale
471,Guide to computer forensics and investigations,12,本,66.00,42.90,9781285060033,onsale
472,Programming in Python 3,6,本,94.00,61.10,9780321606594,onsale
473,The art of Prolog,3,本,98.00,63.70,9780262691635,onsale
474,Explorations in computing,3,本,100.00,65.00,9781439895030,offsale
475,Exploration seismology,3,本,100.00,65.00,9780521468268,offsale
476,Go! All in One,6,本,96.00,62.40,9780134505749,onsale
477,Swift programming,6,本,90.00,58.50,9780134398013,onsale
478,Neuro-fuzzy and soft computing,17,本,62.00,40.30,9780132874670,onsale
479,Atlas of AI,8,本,95.00,61.75,9780300264630,onsale
480,Principles of computer science,3,本,102.00,66.30,9780137097593,onsale
481,The analytical engine,12,本,80.00,52.00,9780534953652,offsale
482,Introduction to artificial intelligence and expert systems,8,本,117.00,76.05,9780134829289,onsale
483,RESTful Web Services,6,本,100.00,65.00,9780596515218,offsale
484,PGP source code and internals,3,本,86.00,55.90,9780262240390,onsale
485,Guide To Computer Forensics and Investigations - Standalone Book,17,本,74.00,48.10,9781337568944,onsale
486,AI and Machine Learning for Coders,8,本,119.00,77.35,9781492078197,onsale
487,Seven Concurrency Models In Seven Weeks,3,本,118.00,76.70,9781937785659,onsale
488,Simulated Multiverse,3,本,98.00,63.70,9781954872004,onsale
489,"Computergraphik, Computerkunst",3,本,94.00,61.10,9783540151494,onsale
490,Mathematics for Machine Learning,8,本,109.00,70.85,9781108569323,onsale
491,This Is How They Tell Me the World Ends,3,本,100.00,65.00,9781635576054,offsale
492,A bug hunter's diary,3,本,110.00,71.50,9781593273859,onsale
493,Data structures using PASCAL,9,本,104.00,67.60,9780131966680,onsale
494,The Internet book,3,本,88.00,57.20,9781138330290,onsale
495,Algorithms and data structures,9,本,94.00,61.10,9783540405450,onsale
496,Only You Can Save Mankind,3,本,98.00,63.70,9780061376764,onsale
497,Superminds,16,本,72.00,46.80,9781786074713,onsale
498,Decoding the Universe,3,本,96.00,62.40,9781429526180,onsale
499,Data Structures with C++ Using STL,9,本,98.00,63.70,9780130858504,discontinued
500,User Story Mapping,3,本,110.00,71.50,9781491904879,onsale
501,Algorithms and data structures,9,本,110.00,71.50,9780134894287,onsale
502,Computer algorithms/C++,9,本,104.00,67.60,9780716783152,onsale
503,Synners,3,本,98.00,63.70,9780575119543,onsale
504,Discovering Statistics Using Ibm Spss Statistics,11,本,92.00,59.80,9781526436566,onsale
505,Learn Programming,6,本,96.00,62.40,9781722834920,onsale
506,Dataclysm,3,本,112.00,72.80,9780553397499,onsale
507,Pandas for Everyone,17,本,56.00,36.40,9780137891030,onsale
508,Practical Common Lisp,3,本,84.00,54.60,9781430200178,onsale
509,System Collapse,3,本,82.00,53.30,9781705041024,onsale
510,Algorithms and data structures,9,本,94.00,61.10,9780201403749,onsale
511,Introduction to computer science,3,本,88.00,57.20,9780314045652,onsale
512,Dream Park,3,本,86.00,55.90,9780441167302,onsale
513,Introduction to computational science,3,本,100.00,65.00,9780691125657,offsale
514,Inside OLE 2,3,本,98.00,63.70,9781556156182,onsale
515,Connectionist modeling and brain function,3,本,104.00,67.60,9780585359335,onsale
516,Discrete mathematics for computer scientists,9,本,88.00,57.20,9780201360615,onsale
517,Discrete mathematics,9,本,116.00,75.40,9780673980397,onsale
518,Kill It with Fire,3,本,98.00,63.70,9781718501188,onsale
519,Object-Oriented Systems Analysis and Design Using UML,7,本,95.00,61.75,9780077125363,discontinued
520,Logic and discrete mathematics,9,本,129.00,83.85,9780135012062,offsale
521,Cryptography for dummies,3,本,100.00,65.00,9780764568312,offsale
522,Reinforcement Learning,17,本,62.00,40.30,9780585024455,onsale
523,The nature of computation,3,本,90.00,58.50,9780199233212,onsale
524,Data Structures And Algorithms With Javascript,9,本,112.00,72.80,9781449373962,onsale
525,Embedded Systems,3,本,98.00,63.70,9780470471548,onsale
526,Design Patterns,3,本,98.00,63.70,9781405837309,onsale
527,Data Structures Using C Oxford Higher Education,9,本,110.00,71.50,9780198065449,onsale
528,Object-oriented programming,6,本,84.00,54.60,9780130326164,onsale
529,Bioinformatics for dummies,3,本,94.00,61.10,9781118055069,onsale
530,Windows PowerShell cookbook,10,本,117.00,76.05,9780596528492,onsale
531,Introduction to computer science,3,本,102.00,66.30,9780314649683,onsale
532,IBM SPSS for Introductory Statistics,11,本,72.00,46.80,9780203127315,onsale
533,Python 3 object oriented programming,6,本,96.00,62.40,9781849511261,onsale
534,TCP/IP,3,本,104.00,67.60,9780596002978,onsale
535,All of Statistics,11,本,94.00,61.10,9780387217369,onsale
536,Data Structures and Algorithms in Java,9,本,100.00,65.00,9781118771334,onsale
537,Discrete mathematics through applications,9,本,104.00,67.60,9780716736523,onsale
538,Linux System Programming,10,本,119.00,77.35,9780596517892,onsale
539,The unified software development process,7,本,93.00,60.45,9780201571691,onsale
540,Foundations of genetic programming,6,本,88.00,57.20,9783540424512,onsale
541,The science of computers,3,本,96.00,62.40,9780750292139,onsale
542,An Introduction to Object-Oriented Programming With Java,6,本,92.00,59.80,9780073193335,discontinued
543,Saturn's race,3,本,96.00,62.40,9780312867263,onsale
544,Data structures and algorithms,9,本,104.00,67.60,9783540760474,onsale
545,Cracking Codes with Python,6,本,106.00,68.90,9781593278229,onsale
546,Principles of artificial neural networks,8,本,99.00,64.35,9789811201240,onsale
547,The art of software testing,3,本,94.00,61.10,9780470355336,onsale
548,"Night Moves (Tom Clancy's Net Force, No. 3)",3,本,102.00,66.30,9780425174777,onsale
549,Ethical and social issues in the information age,3,本,106.00,68.90,9781849960380,onsale
550,Daiyon kampyoki,3,本,88.00,57.20,9780425021187,onsale
551,Computer networks,10,本,107.00,69.55,9781558605145,onsale
552,Cryptography engineering,12,本,72.00,46.80,9780470474242,discontinued
553,Dictionary of computing,3,本,94.00,61.10,9781408198131,onsale
554,Test-Driven Development with Python,6,本,106.00,68.90,9781491958704,onsale
555,Edexcel GCSE Computer Science,17,本,70.00,45.50,9781471837357,onsale
556,Data structures using C++,9,本,92.00,59.80,9780324782011,onsale
557,Computer Architecture,10,本,119.00,77.35,9781498772716,onsale
558,Elixir in action,3,本,96.00,62.40,9781617292019,onsale
559,Mind Over Machine,16,本,54.00,35.10,9780029080610,onsale
560,Schaum's outline of discrete mathematics,9,本,98.00,63.70,9780071615860,discontinued
561,Digital Forensics Explained,3,本,80.00,52.00,9781000350661,onsale
562,Data structures & problem solving using Java,9,本,92.00,59.80,9780321312556,onsale
563,HTML,3,本,104.00,67.60,9780596527273,onsale
564,The Eye of Minds,16,本,66.00,42.90,9780375990014,onsale
565,Logic and Discrete Mathematics,9,本,94.00,61.10,9781119000099,onsale
566,Programming PHP,6,本,84.00,54.60,9789351102113,onsale
567,The object-oriented thought process,7,本,121.00,78.65,9780768678666,onsale
568,Understanding Computers,3,本,94.00,61.10,9780314879301,onsale
569,"Hacker, Hoaxer, Whistleblower, Spy",3,本,114.00,74.10,9781781685839,onsale
570,Computer science,3,本,98.00,63.70,9780314918383,onsale
571,SQL QuickStart Guide,5,本,108.00,70.20,9781945051753,onsale
572,Introduction to computer theory,3,本,92.00,59.80,9780471843160,discontinued
573,Beginning JSON,3,本,88.00,57.20,9781484202036,onsale
574,VHDL,3,本,92.00,59.80,9780071409544,discontinued
575,Essential COM,3,本,88.00,57.20,9780201634464,onsale
576,AP Computer Science Principles,3,本,86.00,55.90,9781506272023,onsale
577,Algorithms and data structures,9,本,108.00,70.20,9780195174809,onsale
578,Constructing the user interface with statecharts,3,本,94.00,61.10,9780201342789,onsale
579,System software,3,本,92.00,59.80,9780201509458,discontinued
580,Data structures using C and C++,9,本,102.00,66.30,9780130369970,onsale
581,C++ Plus Data Structures,9,本,112.00,72.80,9781284089196,onsale
582,Linux command line and shell scripting bible,10,本,103.00,66.95,9780470251287,onsale
583,"Linux Command Line and Shell Scripting Bible, 3rd Edition",10,本,113.00,73.45,9781118983843,onsale
584,Warcross,3,本,116.00,75.40,9780399547966,onsale
585,Program or be Programmed,3,本,106.00,68.90,9781935928164,onsale
586,Design patterns explained,3,本,90.00,58.50,9780321247148,onsale
587,Network Effect,10,本,115.00,74.75,9781664475915,onsale
588,Computers and intractability,3,本,94.00,61.10,9780716710455,onsale
589,UML 2.0,3,本,108.00,70.20,9780596529086,onsale
590,Discrete mathematical structures for computer science,3,本,90.00,58.50,9780132159227,onsale
591,Introduction to discrete mathematics,9,本,129.00,83.85,9780071002028,offsale
592,Cambridge IGCSE® Computer Science Coursebook,14,本,77.00,50.05,9781107518698,onsale
593,The art of the metaobject protocol,3,本,88.00,57.20,9780262111584,onsale
594,Blockchain,3,本,98.00,63.70,9781491920473,onsale
595,Who Was Steve Jobs?,3,本,88.00,57.20,9780448462110,onsale
596,Effective Java,6,本,123.00,79.95,9780137150021,offsale
597,AQA A-Level Computer Science,17,本,72.00,46.80,9781471839528,onsale
598,The art of agile development,7,本,101.00,65.65,9781492080664,onsale
599,SPSS Survival Manual,3,本,84.00,54.60,9781000256192,onsale
600,Probability models for computer science,11,本,90.00,58.50,9780080514888,offsale
601,The Singularity Is Near,3,本,102.00,66.30,9780593163269,onsale
602,SPSS For Dummies,3,本,114.00,74.10,9780470599976,onsale
603,Data Structures and Algorithms Made Easy,9,本,112.00,72.80,9781468108866,onsale
604,Tribe of Hackers Security Leaders,3,本,100.00,65.00,9781119643791,offsale
605,Computer Engineering and Technology,12,本,88.00,57.20,9783642358982,onsale
606,Digital planet,3,本,123.00,79.95,9780133000931,offsale
607,Algorithms and data structures,9,本,100.00,65.00,9780130219992,onsale
608,Object-oriented software construction,7,本,101.00,65.65,9780136291558,onsale
609,Ruby cookbook,6,本,92.00,59.80,9781336225633,discontinued
610,Computational Intelligence,3,本,84.00,54.60,9780470035610,onsale
611,Discrete mathematics,9,本,92.00,59.80,9780340610473,onsale
612,Elements of artificial neural networks,8,本,117.00,76.05,9780585037981,onsale
613,Implementation patterns,3,本,90.00,58.50,9780321543851,onsale
614,The mind tool,16,本,54.00,35.10,9780314222732,onsale
615,Foundations and Practice of Security,3,本,92.00,59.80,9783319053028,discontinued
616,Tom Clancy's Net Force,3,本,102.00,66.30,9782253171959,onsale
617,How computers work,17,本,70.00,45.50,9780789730336,onsale
618,Object-oriented methods,7,本,91.00,59.15,9780201565218,onsale
619,The basics of information security,3,本,84.00,54.60,9780128007440,onsale
620,Requirements Engineering,12,本,72.00,46.80,9781118363713,discontinued
621,Computational Thinking,3,本,92.00,59.80,9780262353427,discontinued
622,Understanding virtual reality,3,本,100.00,65.00,9780128183991,offsale
623,Starting Out with Java,6,本,94.00,61.10,9780135307359,onsale
624,F# for Scientists,3,本,86.00,55.90,9780470242117,onsale
625,Discrete Maths for Computing,3,本,82.00,53.30,9780201730470,onsale
626,Computing essentials 2008,3,本,98.00,63.70,9780073294681,onsale
627,UML bible,3,本,94.00,61.10,9780470361672,onsale
628,Visualizing Technology Complete,12,本,62.00,40.30,9780133460520,onsale
629,Star Fraction,3,本,104.00,67.60,9780099558712,onsale
630,Advances in artificial intelligence,8,本,109.00,70.85,9783540688211,onsale
631,The Joy of Clojure,3,本,98.00,63.70,9781935182641,onsale
632,Effective JavaScript,6,本,90.00,58.50,9780321812186,onsale
633,Java How to Program with an Introduction to Visual J++;,6,本,123.00,79.95,9780130106711,offsale
634,"Discrete structures, logic, and computability",17,本,58.00,37.70,9781284070408,discontinued
635,101 Things To Do With Your Computer,3,本,100.00,65.00,9780613744737,offsale
636,Pinterest For Dummies,3,本,104.00,67.60,9781280768095,onsale
637,Data structures and algorithms in Java,9,本,108.00,70.20,9780470934395,onsale
638,Software and Data Technologies,3,本,92.00,59.80,9783642454042,discontinued
639,Google hacking for penetration testers,3,本,90.00,58.50,9780128029640,onsale
640,How to Design Programs,3,本,112.00,72.80,9780585392967,onsale
641,Computers as Components,12,本,74.00,48.10,9780080886213,onsale
642,BUNDLE : Field,3,本,112.00,72.80,9781483375779,onsale
643,A first course in computational physics and object-oriented programming with C++,6,本,100.00,65.00,9780521827782,offsale
644,Data Structures and Algorithms with Python,9,本,102.00,66.30,9783319130729,onsale
645,Advances in Computational Intelligence,3,本,108.00,70.20,9783319591469,onsale
646,Isolation,3,本,118.00,76.70,9780439979559,onsale
647,Practical data structures using C/C++,9,本,102.00,66.30,9780132808439,onsale
648,Artificial intelligence for games,8,本,105.00,68.25,9781282285231,discontinued
649,Red Hat RHCSA 8 Cert Guide,3,本,98.00,63.70,9780135938164,onsale
650,Image Analysis and Recognition,3,本,94.00,61.10,9783642137730,onsale
651,Sams teach yourself SQL in 10 minutes,5,本,106.00,68.90,9780672325670,onsale
652,Computing Fundamentals,3,本,106.00,68.90,9781118974728,onsale
653,Log on to IT,17,本,72.00,46.80,9781510459977,onsale
654,The Waite Group's object-oriented programming in C++,6,本,116.00,75.40,9781878739735,onsale
655,Haskell,3,本,90.00,58.50,9780201342758,onsale
656,Introduction to Probability and Statistics,11,本,80.00,52.00,9780070426238,onsale
657,Catalogue of artificial intelligence tools,8,本,123.00,79.95,9780387168937,onsale
658,Rise of the Rocket Girls,3,本,92.00,59.80,9781549114441,discontinued
659,Probability and statistics for computer science,11,本,86.00,55.90,9781283274029,onsale
660,Serious Games,3,本,82.00,53.30,9783031153242,onsale
661,The Rhesus Chart,3,本,92.00,59.80,9780356502526,discontinued
662,The essence of artificial intelligence,8,本,111.00,72.15,9780135717790,onsale
663,Data Science,3,本,106.00,68.90,9789811659423,onsale
664,Data structures using Java,9,本,112.00,72.80,9781449628086,onsale
665,Object models,3,本,90.00,58.50,9780138401177,onsale
666,Data Structures Using C Second Edition,9,本,110.00,71.50,9780198099307,onsale
667,Garbage Collection Handbook,3,本,86.00,55.90,9781032218038,onsale
668,"Computer organization and design : the hardware, software interface - 5. ed.",10,本,99.00,64.35,9780124077263,onsale
669,A/AS Level Computer Science for WJEC/Eduqas Student Book,3,本,92.00,59.80,9781108412728,discontinued
670,Connecting with computer science,12,本,80.00,52.00,9780538475730,offsale
671,A Dictionary of Computer Science,3,本,120.00,78.00,9780199688975,onsale
672,Modeling with UML,3,本,104.00,67.60,9783319816357,onsale
673,Ruthless.com,3,本,86.00,55.90,9780753161005,onsale
674,Data Structures and Abstractions with Java,9,本,94.00,61.10,9781282651302,onsale
675,C++ how to program,3,本,100.00,65.00,9780131857575,offsale
676,Tools And Weapons,3,本,110.00,71.50,9781984877710,onsale
677,The object primer,3,本,96.00,62.40,9780132424967,onsale
678,Great ideas in computer science,3,本,123.00,79.95,9780262023023,offsale
679,Learning Scientific Programming with Python,6,本,90.00,58.50,9781107428225,onsale
680,Introduction to computer science,3,本,123.00,79.95,9780700224203,offsale
681,Software modeling and design,3,本,90.00,58.50,9781139040662,onsale
682,Data Analytics,3,本,116.00,75.40,9783834825889,onsale
683,Deep Learning,8,本,103.00,66.95,9783110670905,onsale
684,The One Device,3,本,98.00,63.70,9780316546249,onsale
685,Distributed Computer and Communication Networks,10,本,93.00,60.45,9783030366131,onsale
686,Python in Easy Steps,6,本,114.00,74.10,9781840785968,onsale
687,Spaceland,3,本,102.00,66.30,9781429980074,onsale
688,Object-Oriented Programming in C++,6,本,98.00,63.70,9780672323089,onsale
689,The Cassini Division,3,本,96.00,62.40,9781405519427,onsale
690,Computing Fundamentals,3,本,90.00,58.50,9781322436821,onsale
691,Cambridge ICT Starters,3,本,100.00,65.00,9781107624993,offsale
692,Foundations of Data Science,3,本,98.00,63.70,9781108485067,onsale
693,Machine Learning,8,本,103.00,66.95,9781315335353,onsale
694,Discrete and combinatorial mathematics,11,本,82.00,53.30,9780536271334,discontinued
695,Computers as components,3,本,102.00,66.30,9780123743978,onsale
696,Learning Java,6,本,102.00,66.30,9781098145538,onsale
697,Introduction to Computing Using Python,6,本,94.00,61.10,9781118213568,onsale
698,"Mathematics for computer science, COMP 232",11,本,86.00,55.90,9781259260247,onsale
699,Great Principles of Computing,3,本,90.00,58.50,9780262527125,onsale
700,Understanding Computer Science for Advanced Level,3,本,102.00,66.30,9780748761470,onsale
701,Discrete mathematics,9,本,94.00,61.10,9780314285034,onsale
702,Calculus&Mathematica,11,本,78.00,50.70,9780201581508,onsale
703,Introduction to Computing Systems,17,本,52.00,33.80,9780070595002,onsale
704,Objective-C,3,本,122.00,79.30,9783868993738,offsale
705,The rule of thoughts,3,本,98.00,63.70,9780552571159,onsale
706,Python for bioinformatics,6,本,98.00,63.70,9781315268743,onsale
707,Storage networks,10,本,101.00,65.65,9780072224764,discontinued
708,Data Science and Big Data Analytics,17,本,60.00,39.00,9781118876220,onsale
709,Learning Processing,17,本,52.00,33.80,9780123736024,onsale
710,Intelligent Computing Theories and Application,3,本,108.00,70.20,9783319959290,onsale
711,Logic and information,3,本,123.00,79.95,9780521410304,offsale
712,Patterns of software,3,本,98.00,63.70,9780195102697,onsale
713,Procedural Generation in Game Design,3,本,90.00,58.50,9781351642910,onsale
714,Chaos and fractals,3,本,98.00,63.70,9780387202297,onsale
715,Metaprogramming Ruby,6,本,100.00,65.00,9781934356470,offsale
716,DOS internals,3,本,92.00,59.80,9780201608359,discontinued
717,UML 2 for dummies,3,本,108.00,70.20,9780764544866,onsale
718,Using MPI,3,本,92.00,59.80,9780262571326,discontinued
719,Discrete mathematics for computing,9,本,104.00,67.60,9780321439369,onsale
720,Learning JavaScript Design Pattern,6,本,106.00,68.90,9781098139872,onsale
721,An introduction to computer science using Java,6,本,88.00,57.20,9780070342248,onsale
722,Power Pivot and Power Bi,3,本,98.00,63.70,9781615470754,onsale
723,Life 3.0,3,本,98.00,63.70,9780451485076,onsale
724,Elements of computer science,3,本,86.00,55.90,9780273013327,onsale
725,Bases de datos,3,本,102.00,66.30,9788469301463,onsale
726,Object Oriented Design and Patterns,7,本,103.00,66.95,9780471319665,offsale
727,Tensor Calculus,11,本,94.00,61.10,9781842654484,onsale
728,Digital Forensics Workbook,3,本,96.00,62.40,9781517713607,onsale
729,Introduction to computer science,3,本,92.00,59.80,9780314933065,discontinued
730,Advances in visual computing,3,本,100.00,65.00,9783030645588,offsale
731,Computer Algebra in Scientific Computing,11,本,94.00,61.10,9783642329746,onsale
732,The garbage collection handbook,3,本,92.00,59.80,9781420082791,discontinued
733,Python Programming for the Absolute Beginner,6,本,94.00,61.10,9781435455009,onsale
734,Discrete Mathematical Structures,12,本,80.00,52.00,9780619212858,offsale
735,Introduction to Scientific Computing,3,本,100.00,65.00,9780139491573,offsale
736,Radical Technologies: The Design of Everyday Life,3,本,102.00,66.30,9781784780432,onsale
737,A Brief History of Computing,14,本,65.00,42.25,9783030666019,discontinued
738,Advanced Computational Methods for Knowledge Engineering,12,本,92.00,59.80,9783319179957,onsale
739,Microsoft Excel 2019 Data Analysis and Business Modeling,13,本,85.00,55.25,9781509305889,onsale
740,Encyclopedia of computers and computer history,14,本,59.00,38.35,9781315063126,onsale
741,Computer architecture,10,本,93.00,60.45,9780123704900,onsale
742,Technology In Action Introductory,12,本,70.00,45.50,9780131391581,onsale
743,IBM SPSS Statistics 25 Step by Step,11,本,82.00,53.30,9781351033909,discontinued
744,Discrete Math with Proof,3,本,98.00,63.70,9780130669483,onsale
745,Fundamentals of computer science,3,本,86.00,55.90,9780205047154,onsale
746,Computer science,3,本,92.00,59.80,9780471311980,discontinued
747,Ruby in a nutshell,6,本,100.00,65.00,9781306809528,offsale
748,Applied Computing & Information Technology,12,本,94.00,61.10,9783319799483,onsale
749,Higher national computing,3,本,114.00,74.10,9781136398988,onsale
750,Hacking Connected Cars,3,本,96.00,62.40,9781119491804,onsale
751,Digital Design,3,本,108.00,70.20,9780134549897,onsale
752,Discrete Mathematics by Example,9,本,106.00,68.90,9780077098407,offsale
753,Computational Thinking for the Modern Problem Solver,3,本,118.00,76.70,9781466587779,onsale
754,Monte Carlo Statistical Methods,3,本,98.00,63.70,9781475741452,onsale
755,Algorithms and Programming,9,本,112.00,72.80,9780817638474,onsale
756,Cryptography and network security,10,本,99.00,64.35,9780130914293,onsale
757,Everybody lies,3,本,108.00,70.20,9780062497499,onsale
758,Pthreads programming,6,本,106.00,68.90,9781449364755,onsale
759,Digital Sci-Fi Art,3,本,90.00,58.50,9780060724337,onsale
760,Understanding Augmented Reality,12,本,72.00,46.80,9780240824086,discontinued
761,Beginning Arduino,13,本,61.00,39.65,9781430232414,onsale
762,The Creativity Code,3,本,90.00,58.50,9780008288150,onsale
763,OCR a Level Computer Science,17,本,72.00,46.80,9781471839771,onsale
764,What every programmer should know about object-oriented design,7,本,97.00,63.05,9780932633316,onsale
765,"JavaScript, ¡inspírate!",6,本,108.00,70.20,9788461774166,onsale
766,Discrete mathematics,9,本,98.00,63.70,9780471476023,discontinued
767,Fundamental concepts in computer science,3,本,102.00,66.30,9781848162914,onsale
768,Mathematics for computer technology,11,本,80.00,52.00,9780135621905,onsale
769,Debugging with GDB,3,本,106.00,68.90,9781882114887,onsale
770,Computer science,3,本,96.00,62.40,9780905435138,onsale
771,Signals and Systems,3,本,98.00,63.70,9780138097318,onsale
772,Hands-on introduction to LabVIEW for scientists and engineers,3,本,98.00,63.70,9780190853068,onsale
773,Recoding gender,3,本,96.00,62.40,9780262306379,onsale
774,Data Mining for Association Rules and Sequential Patterns,8,本,103.00,66.95,9781461300854,onsale
775,Parallel algorithms for regular architectures,9,本,96.00,62.40,9780262515542,onsale
776,Mazes for programmers,3,本,92.00,59.80,9781680500554,discontinued
777,Multilingual natural language processing,3,本,92.00,59.80,9780137151448,discontinued
778,New understanding computer science for advanced level,3,本,106.00,68.90,9780748740468,onsale
779,AQA GCSE Computer Science,3,本,94.00,61.10,9781408521618,onsale
780,Understanding the Digital World,3,本,100.00,65.00,9780691176543,offsale
781,UML Explained,3,本,90.00,58.50,9780201721829,onsale
782,101 design methods,3,本,98.00,63.70,9781118083468,onsale
783,The Book of F#,3,本,102.00,66.30,9781593275822,onsale
784,UNIX for the impatient,10,本,105.00,68.25,9780201823769,onsale
785,Advances in Computer Science and Ubiquitous Computing,3,本,104.00,67.60,9789811393426,onsale
786,George's Secret Key to the Universe,3,本,102.00,66.30,9781407047867,onsale
787,An introduction to programming and object-oriented design using JAVA,6,本,96.00,62.40,9780470136539,onsale
788,Digital media tools,3,本,104.00,67.60,9781118949931,onsale
789,The Art of Memory Forensics,3,本,104.00,67.60,9781118824993,onsale
790,Handbook of Theoretical Computer Science,3,本,98.00,63.70,9780444880741,onsale
791,Theoretical Computer Science,3,本,110.00,71.50,9789811618765,onsale
792,The basics of digital forensics,12,本,88.00,57.20,9781597496612,onsale
793,Regular Expressions Cookbook,3,本,102.00,66.30,9781449327491,onsale
794,Computer architecture,10,本,109.00,70.85,9780123838728,offsale
795,Solutions manual for Fundamentals of data structures in C++,9,本,114.00,74.10,9780716782964,onsale
796,The Infinite Machine,3,本,100.00,65.00,9781094167725,offsale
797,Windows Powershell 2 For Dummies,10,本,111.00,72.15,9780470371985,onsale
798,Electronic Voting,3,本,96.00,62.40,9783031437557,onsale
799,Computer forensics,3,本,94.00,61.10,9780201707199,onsale
800,Mobile Networks and Management,10,本,111.00,72.15,9783319162928,onsale
801,"Computer Vision, Imaging and Computer Graphics - Theory and Applications",3,本,108.00,70.20,9783319299716,onsale
802,Encyclopedia of computer science,3,本,106.00,68.90,9781561592487,onsale
803,AP computer science A,3,本,86.00,55.90,9781438001524,onsale
804,Raspberry Pi Cookbook,3,本,90.00,58.50,9781492043225,onsale
805,Buying a computer for dummies,3,本,98.00,63.70,9780471784630,onsale
806,Cloud Computing and Security,3,本,102.00,66.30,9783319486703,onsale
807,Programming Language Pragmatics,6,本,104.00,67.60,9780080922997,onsale
808,Imitation of Life,3,本,82.00,53.30,9780262062411,onsale
809,Discrete mathematics,9,本,114.00,74.10,9781577667308,onsale
810,Physically Based Rendering,12,本,74.00,48.10,9780123750792,onsale
811,Internet of Things,3,本,84.00,54.60,9781315155005,onsale
812,Architectural Approach to Level Design,3,本,92.00,59.80,9781315270753,discontinued
813,Edge Computing,3,本,82.00,53.30,9781032138213,onsale
814,Cloud Computing Security,3,本,92.00,59.80,9780367560331,discontinued
815,Information security and cryptology,3,本,106.00,68.90,9789819709410,onsale
816,I choose you!,3,本,102.00,66.30,9780606195683,onsale
817,NUMERICAL RECIPES IN C,3,本,92.00,59.80,9780521354653,discontinued
818,Thinking Functionally with Haskell,3,本,84.00,54.60,9781107087200,onsale
819,Pattern Recognition,3,本,100.00,65.00,9783319192635,offsale
820,3D math primer for graphics and game development,3,本,120.00,78.00,9781498759892,onsale
821,Cybersecurity and Cyberwar: What Everyone Needs to Know®,3,本,110.00,71.50,9780199918096,onsale
822,Introduction to artificial neural systems,8,本,105.00,68.25,9780314933911,discontinued
823,Activity-Centered Design,3,本,98.00,63.70,9780262072489,onsale
824,Java software structures,6,本,80.00,52.00,9780321225313,onsale
825,Mastering Go,6,本,94.00,61.10,9781805122647,onsale
826,Swarm Intelligence Algorithms,9,本,100.00,65.00,9780429422607,onsale
827,Demon in the Machine,3,本,100.00,65.00,9780241309599,offsale
828,"Sets, Logic and Maths for Computing",3,本,104.00,67.60,9781848822481,onsale
829,Real-World Web Hacking,3,本,108.00,70.20,9781593278618,onsale
830,Windows Server 2012 Unleashed,10,本,103.00,66.95,9780133115994,onsale
831,A practical guide to adopting the Universal Verification Methodology (UVM),3,本,108.00,70.20,9780578059556,onsale
832,"Data structures, algorithms, and applications in C++",9,本,100.00,65.00,9780071092197,onsale
833,The UX Book,3,本,84.00,54.60,9780123852410,onsale
834,SPSS demystified,3,本,92.00,59.80,9780205735822,discontinued
835,OCR GCSE 9-1 Computer Science All-In-One Complete Revision and Practice,3,本,88.00,57.20,9780008227470,onsale
836,Introductory Computer Mathematics,11,本,84.00,54.60,9780130452894,onsale
837,The B-Book,3,本,86.00,55.90,9780511624162,onsale
838,Parallel Programming in C with MPI and OpenMP,6,本,88.00,57.20,9780071232654,onsale
839,Linguaggio C e C++,3,本,110.00,71.50,9788849407426,onsale
840,The poetical works of Bret Harte,3,本,96.00,62.40,9780932062772,onsale
841,An introduction to functional programming through Lambda calculus,6,本,114.00,74.10,9780486478838,onsale
842,Pascal user manual and report,6,本,94.00,61.10,9785882010057,onsale
843,"Cooperative Design, Visualization, and Engineering",12,本,72.00,46.80,9783319241326,discontinued
844,Performing Data Analysis Using IBM SPSS,14,本,69.00,44.85,9781118363591,onsale
845,The Nature of Code,3,本,90.00,58.50,9781718503700,onsale
846,The unified modeling language user guide,3,本,94.00,61.10,9780134852157,onsale
847,"Handbook of Theoretical Computer Science, Vol. B",3,本,86.00,55.90,9780262220392,onsale
848,Avogadro Corp,3,本,110.00,71.50,9780984755707,onsale
849,Counterterrorism and Cybersecurity,3,本,100.00,65.00,9783319172439,offsale
850,Design Patterns,3,本,94.00,61.10,9780201634983,onsale
851,Selected papers on fun and games,3,本,110.00,71.50,9781575865843,onsale
852,Writing for Computer Science,3,本,100.00,65.00,9789813083226,offsale
853,100 science experiments,3,本,114.00,74.10,9780746075999,onsale
854,Computer Forensics,12,本,76.00,49.40,9781305883505,onsale
855,Computational Science and Its Applications -- ICCSA 2015,3,本,96.00,62.40,9783319214078,onsale
856,Erebos,3,本,110.00,71.50,9783785573617,onsale
857,Breakdown,3,本,108.00,70.20,9780606329699,onsale
858,Data structures and algorithms in Java,9,本,108.00,70.20,9789814239233,onsale
859,The Haskell School of Expression,3,本,92.00,59.80,9780511818073,discontinued
860,Computer programming with C++,6,本,102.00,66.30,9781316534489,onsale
861,Data Model Patterns,3,本,110.00,71.50,9780120887989,onsale
862,Object thinking,3,本,104.00,67.60,9780735619654,onsale
863,"Design, User Experience, and Usability",3,本,104.00,67.60,9783319586335,onsale
864,Interpretable Machine Learning with Python,8,本,101.00,65.65,9781800206571,onsale
865,Mathematics for computer graphics,11,本,88.00,57.20,9781846280344,onsale
866,The art and science of digital compositing,3,本,94.00,61.10,9780080499321,onsale
867,Fundamentals of multimedia,3,本,108.00,70.20,9783319346786,onsale
868,Hadoop,3,本,98.00,63.70,9781491901717,onsale
869,Computer Vision,3,本,84.00,54.60,9783030343712,onsale
870,The art of multiprocessor programming,6,本,90.00,58.50,9780123705914,onsale
871,Data Science at the Command Line,3,本,108.00,70.20,9781491947852,onsale
872,Natural Language Processing with PyTorch,3,本,106.00,68.90,9781491978207,onsale
873,Computer Science And Quantum Computing,3,本,82.00,53.30,9781600212345,onsale
874,Essential Java for scientists and engineers,6,本,96.00,62.40,9780750654227,onsale
875,PDF Explained,3,本,90.00,58.50,9781449310028,onsale
876,Gregg College Keyboarding and Document Processing,3,本,86.00,55.90,9780078305122,onsale
877,Computer Science,17,本,74.00,48.10,9781471839764,onsale
878,Affective Computing,3,本,90.00,58.50,9780585003191,onsale
879,Business intelligence,13,本,75.00,48.75,9781119560609,onsale
880,Introduction to functional programming,6,本,98.00,63.70,9780134841892,onsale
881,The complete idiot's guide to computer basics,3,本,102.00,66.30,9781592571680,onsale
882,Computers,3,本,106.00,68.90,9780763861728,onsale
883,Understanding the Digital World,3,本,100.00,65.00,9780691218960,offsale
884,Dictionary of computer terms,17,本,60.00,39.00,9780764134173,onsale
885,Virtually Perfect,3,本,104.00,67.60,9780786823444,onsale
886,Program development in Java,6,本,118.00,76.70,9780768685299,onsale
887,sed & awk,3,本,92.00,59.80,9780596003524,discontinued
888,Language and computers,3,本,92.00,59.80,9781118323168,discontinued
889,Patterns in Java,6,本,98.00,63.70,9780471258391,onsale
890,Selected Papers on Computer Science,3,本,108.00,70.20,9781881526919,onsale
891,Introduction to Computer Science,3,本,98.00,63.70,9781635630565,onsale
892,Vorkurs Informatik,3,本,90.00,58.50,9783658081010,onsale
893,GNU Bash Reference Manual,3,本,102.00,66.30,9780954161774,onsale
894,Parallel And Concurrent Programming In Haskell,6,本,106.00,68.90,9781449335946,onsale
895,UML for Java programmers,6,本,94.00,61.10,9780131428485,onsale
896,Discovering Computers ©2018,12,本,86.00,55.90,9781337388528,onsale
897,WWW,3,本,96.00,62.40,9781937007362,onsale
898,Generative design,3,本,106.00,68.90,9781616890773,onsale
899,Applied discrete structures for computer science,3,本,100.00,65.00,9780574187505,offsale
900,Learn Windows PowerShell in a Month of Lunches,10,本,111.00,72.15,9781617294167,onsale
901,99 Bottles of OOP,3,本,102.00,66.30,9781944823085,onsale
902,Encyclopedia of computer science and technology,12,本,78.00,50.70,9780816063826,onsale
903,Malware forensics,12,本,76.00,49.40,9780080560199,onsale
904,The mathematica book,3,本,90.00,58.50,9780521643146,onsale
905,Computational Linguistics and Intelligent Text Processing,3,本,86.00,55.90,9783540245230,onsale
906,Model-Based System Architecture,3,本,104.00,67.60,9781119746683,onsale
907,A Common-Sense Guide to Data Structures and Algorithms,9,本,96.00,62.40,9781680502442,onsale
908,The Usborne Complete Book of Astronomy and Space (Complete Books Series),12,本,86.00,55.90,9780746048658,onsale
909,Cambridge Igcse Computer Science,17,本,68.00,44.20,9781471809347,onsale
910,R for Data Science,3,本,104.00,67.60,9781491910399,onsale
911,Introduction to Computing,3,本,106.00,68.90,9781463687472,onsale
912,Mathematical methods for physicists,3,本,90.00,58.50,9780120598205,onsale
913,Data structure techniques,9,本,90.00,58.50,9780201072563,onsale
914,Distributed Systems,10,本,113.00,73.45,9780367659127,onsale
915,Object-oriented programming with ANSI and Turbo C++,6,本,92.00,59.80,9788131703830,discontinued
916,Data structures and algorithms using Python,9,本,106.00,68.90,9780470618295,offsale
917,Windows 10 Troubleshooting,10,本,107.00,69.55,9781484209264,onsale
918,SPSS for Windows step by step,10,本,97.00,63.05,9780205452453,onsale
919,"Dependency Injection Principles, Practices, and Patterns",3,本,98.00,63.70,9781617294730,onsale
920,Object oriented programming in Java,6,本,110.00,71.50,9781571690869,onsale
921,The design of Rijndael,3,本,94.00,61.10,9783662047224,onsale
922,Concise encyclopedia of computer science,3,本,102.00,66.30,9780470090978,onsale
923,Construction management jumpstart,13,本,79.00,51.35,9780470768082,offsale
924,Developing Software with UML,3,本,96.00,62.40,9780201398267,onsale
925,Computers,3,本,110.00,71.50,9780763812997,onsale
926,Spreadsheet modeling and decision analysis,3,本,84.00,54.60,9780324312560,onsale
927,Better than life,3,本,86.00,55.90,9780140124385,onsale
928,Effective awk Programming,6,本,92.00,59.80,9780596000707,discontinued
929,A logical approach to discrete math,3,本,96.00,62.40,9783540941156,onsale
930,Intro stats,3,本,123.00,79.95,9780201709100,offsale
931,Krondor,3,本,100.00,65.00,9789022532577,offsale
932,Modern computer algebra,11,本,74.00,48.10,9781107039032,onsale
933,Virtual reality,3,本,112.00,72.80,9780749308896,onsale
934,Expert Systems for Experts,8,本,101.00,65.65,9780471607212,onsale
935,SAS(R) 9.1.3 Intelligence Platform,3,本,116.00,75.40,9781599942865,onsale
936,"Data Structures, Algorithms and Applications in Java",9,本,108.00,70.20,9780929306339,onsale
937,Mastering algorithms with C,9,本,102.00,66.30,9780596150723,onsale
938,Debugging Teams,3,本,98.00,63.70,9781491932506,onsale
939,Dependency injection,17,本,84.00,54.60,9781933988559,onsale
940,The Wiki way,3,本,100.00,65.00,9780201714999,offsale
941,Quantifying the user experience,3,本,106.00,68.90,9780123849687,onsale
942,Connecting with computer science,12,本,70.00,45.50,9780619212902,onsale
943,Tron,3,本,102.00,66.30,9780671445584,onsale
944,Learning Regular Expressions,17,本,60.00,39.00,9780134757063,onsale
945,Compressed Image File Formats,3,本,92.00,59.80,9780201616576,discontinued
946,Data structures and algorithm analysis in Java,9,本,104.00,67.60,9780132576277,onsale
947,Developing Java software,6,本,106.00,68.90,9780471976554,onsale
948,Pearls of functional algorithm design,9,本,100.00,65.00,9780521513388,onsale
949,Functional Reactive Programming,6,本,98.00,63.70,9781638353416,onsale
950,Hadoop 2 Quick-Start Guide,17,本,64.00,41.60,9780134049946,onsale
951,Coding for beginners in easy steps,6,本,100.00,65.00,9781840786422,offsale
952,SPSS Basics,3,本,110.00,71.50,9789575264284,onsale
953,Visual thinking for design,12,本,76.00,49.40,9780080558417,onsale
954,The Myth of Artifical Intelligence,3,本,110.00,71.50,9780674983519,onsale
955,Neural Networks in C++,8,本,103.00,66.95,9780471552017,onsale
956,Algorithm design,9,本,90.00,58.50,9780132131087,onsale
957,Computer science,3,本,88.00,57.20,9780853800132,onsale
958,Foundations of computer science,3,本,104.00,67.60,9780534379681,onsale
959,Pearson Revise Edexcel GCSE Computer Science Revision Guide : For the 9-1 Exams,17,本,52.00,33.80,9781292131207,onsale
960,Computer Science : An Overview,17,本,58.00,37.70,9780321544285,discontinued
961,Cambridge IGCSE Computer Science Workbook,17,本,74.00,48.10,9781471868672,onsale
962,Introduction to theoretical computer science,3,本,98.00,63.70,9789810201937,onsale
963,Foundations of computer science,12,本,70.00,45.50,9780534391430,onsale
964,Fundamentals of computing I,3,本,90.00,58.50,9780070655072,onsale
965,The Beauty of Mathematics in Computer Science,11,本,84.00,54.60,9781138049604,onsale
966,Object-Oriented Modeling and Design with UML,7,本,87.00,56.55,9780130159205,onsale
967,Problem solving with algorithms and data structures using Python,9,本,102.00,66.30,9781590282830,onsale
968,Kiss and Tell,3,本,100.00,65.00,9780345494085,offsale
969,Prey,3,本,100.00,65.00,9780060536985,offsale
970,Designing object-oriented software,7,本,97.00,63.05,9780136298250,onsale
971,Computing with Java,6,本,104.00,67.60,9781576760239,onsale
972,Troubleshooting your PC for Dummies,3,本,110.00,71.50,9780764518867,onsale
973,Recent Advances in Computer Science and Information Engineering,12,本,86.00,55.90,9783642257667,onsale
974,Talking nets,3,本,92.00,59.80,9780262011679,discontinued
975,Trends in Future Informatics and Emerging Technologies,3,本,79.00,51.35,9789814998468,onsale
976,Probability and Statistics for Data Science,11,本,88.00,57.20,9780429687112,onsale
977,Foundations of Computer Vision,3,本,98.00,63.70,9780262048972,onsale
978,Beginning Database Design,5,本,94.00,61.10,9781430242109,onsale
979,Regular Expression,3,本,102.00,66.30,9783897215351,onsale
980,Formal Methods in Computer Science,3,本,94.00,61.10,9780367225704,onsale
981,Data and Reality,3,本,92.00,59.80,9781935504214,discontinued
982,IPv6 Essentials,3,本,94.00,61.10,9780596100582,onsale
983,Wikipatterns,3,本,104.00,67.60,9781118079829,onsale
984,Elektrotechnik für Ingenieure - Formelsammlung,3,本,106.00,68.90,9783658090890,onsale
985,Natural Language Processing in Action,3,本,116.00,75.40,9781638356899,onsale
986,Discrete mathematics for computing[electronic resource],9,本,108.00,70.20,9781280250989,onsale
987,Introduction to Discrete Mathematics,9,本,106.00,68.90,9780534983109,offsale
988,Data structures,9,本,102.00,66.30,9780470574065,onsale
989,VSAM,3,本,102.00,66.30,9780894353147,onsale
990,UML in a nutshell,3,本,104.00,67.60,9781565924482,onsale
991,History of Cryptography and Cryptanalysis,14,本,75.00,48.75,9783319904429,onsale
992,Learn Data Structures and Algorithms with Golang,9,本,110.00,71.50,9781789618501,onsale
993,Computing tomorrow,3,本,98.00,63.70,9780521460859,onsale
994,(ISC)2 CISSP Certified Information Systems Security Professional Official Study Guide,3,本,104.00,67.60,9781119475873,onsale
995,Computer science,3,本,92.00,59.80,9780531047644,discontinued
996,SOA patterns,3,本,96.00,62.40,9781638355007,onsale
997,Parallel Computing Technologies,3,本,108.00,70.20,9783540483878,onsale
998,Handbook of Game-Based Learning,17,本,60.00,39.00,9780262356534,onsale
999,Generic programming and the STL,6,本,84.00,54.60,9780201309560,onsale
1000,Object-Oriented Analysis and Design with Applications,7,本,97.00,63.05,9780321509376,onsale
1001,Parallel programming,6,本,102.00,66.30,9781282650398,onsale
1002,Production-Ready Microservices,3,本,118.00,76.70,9781491965979,onsale
1003,Object-oriented analysis,7,本,87.00,56.55,9780136291220,onsale
1004,Fundamentals of neural networks,8,本,95.00,61.75,9780130422507,onsale
1005,Java Structures,6,本,92.00,59.80,9780072519082,discontinued
1006,Computer Fundamentals and Programming in C,6,本,110.00,71.50,9780195676846,onsale
1007,Scala in depth,3,本,96.00,62.40,9781935182702,onsale
1008,Refactoring,17,本,58.00,37.70,9780133065268,discontinued
1009,Pattern classification and scene analysis,3,本,84.00,54.60,9780471223610,onsale
1010,Press On,3,本,84.00,54.60,9780262514231,onsale
1011,Object oriented systems development,7,本,87.00,56.55,9780071160902,onsale
1012,Multilevel and longitudinal modeling with IBM SPSS,3,本,102.00,66.30,9781136996306,onsale
1013,Writing scientific software,3,本,98.00,63.70,9780511617973,onsale
1014,Instructional design,3,本,98.00,63.70,9780471393535,onsale
1015,Managing Kubernetes: Operating Kubernetes Clusters in the Real World,3,本,92.00,59.80,9781492033912,discontinued
1016,Practical Monitoring,3,本,108.00,70.20,9781491957356,onsale
1017,Fundamentals of data structures in C,9,本,110.00,71.50,9788173716058,onsale
1018,Introduction to probability and statistics,11,本,90.00,58.50,9780071198592,offsale
1019,Introduction to modern cryptography,3,本,84.00,54.60,9781351133036,onsale
1020,The art & science of Java,6,本,92.00,59.80,9780321486127,discontinued
1021,Brain-Computer Interface Research,3,本,100.00,65.00,9783642547065,offsale
1022,Technologies and Innovation,3,本,88.00,57.20,9783031757013,onsale
1023,A Beginner's Guide to Discrete Mathematics,9,本,116.00,75.40,9780817682866,onsale
1024,Hybrid Architectures for Intelligent Systems,3,本,88.00,57.20,9781003068075,onsale
1025,Debugging,3,本,98.00,63.70,9780814474570,onsale
1026,Java 8 in Action,6,本,112.00,72.80,9781617291999,onsale
1027,Innovations in Computer Science and Engineering,12,本,78.00,50.70,9789811004179,onsale
1028,An introduction to bioinformatics algorithms,9,本,88.00,57.20,9780262101066,onsale
1029,File structures,3,本,90.00,58.50,9780201557138,onsale
1030,Introduction to computers & information systems,3,本,90.00,58.50,9780132732284,onsale
1031,Computer Sciences,17,本,56.00,36.40,9780028662206,onsale
1032,"Java, Java, Java!",6,本,117.00,76.05,9780130113320,onsale
1033,Introduction to bioinformatics,3,本,88.00,57.20,9781420010886,onsale
1034,"Approximation, Randomization, and Combinatorial Optimization. Algorithms and Techniques",9,本,98.00,63.70,9783540742081,discontinued
1035,The elements of UML style,3,本,88.00,57.20,9780511074264,onsale
1036,Mastering Object-oriented Python,6,本,108.00,70.20,9781789531367,onsale
1037,Java in a Nutshell,6,本,123.00,79.95,9781600330025,offsale
1038,Computational science and its applications - ICCSA 2005,3,本,94.00,61.10,9783540258612,onsale
1039,Design of digital computers,3,本,106.00,68.90,9780387069159,onsale
1040,Python and algorithmic thinking for the complete beginner,9,本,100.00,65.00,9781514802168,onsale
1041,A Primer on Scientific Programming with Python (Texts in Computational Science and Engineering),6,本,112.00,72.80,9783642549588,onsale
1042,Uncanny Valley,3,本,108.00,70.20,9788417977610,onsale
1043,Game Development Essentials,3,本,98.00,63.70,9781401878641,onsale
1044,Histories of Computing,2,本,60.00,39.00,9780674055681,offsale
1045,Making Games with Python & PyGame,6,本,100.00,65.00,9781469901732,offsale
1046,Principles of transaction processing,12,本,78.00,50.70,9781558606234,onsale
1047,Patterns for parallel programming,6,本,84.00,54.60,9780321228116,onsale
1048,Games As Texts,3,本,98.00,63.70,9780367354282,onsale
1049,Oxford Illustrated Computer Dictionary,3,本,100.00,65.00,9780199116393,offsale
1050,Why's (Poignant) Guide to Ruby,6,本,92.00,59.80,9781512212938,discontinued
1051,Cryptography,17,本,64.00,41.60,9781622750368,onsale
1052,Lost in math,3,本,110.00,71.50,9781978643383,onsale
1053,Windows PowerShell,10,本,121.00,78.65,9780977659722,onsale
1054,Statistical Methods for Recommender Systems,3,本,106.00,68.90,9781316566497,onsale
1055,Introduction to Computing Systems,12,本,70.00,45.50,9780072440393,onsale
1056,Mobile computing principles,3,本,92.00,59.80,9780511263484,discontinued
1057,Computer Networks,10,本,113.00,73.45,9783319194196,onsale
1058,The Schemer's guide,3,本,110.00,71.50,9780962874529,onsale
1059,Geometric Algebra for Computer Science,11,本,86.00,55.90,9780123694652,onsale
1060,Soft computing and intelligent systems design,3,本,88.00,57.20,9780321116178,onsale
1061,Bioinformatics,3,本,86.00,55.90,9780262025065,onsale
1062,Student Solutions Manual and Study Guide for Epps Discrete Mathematics,9,本,114.00,74.10,9780495826187,onsale
1063,Nine algorithms that changed the future,9,本,104.00,67.60,9780691147147,onsale
1064,Python 3 for absolute beginners,6,本,92.00,59.80,9781430216674,discontinued
1065,Artificial Neural Networks,8,本,119.00,77.35,9780818644719,onsale
1066,Programming the Amibios,6,本,84.00,54.60,9780070015616,onsale
1067,Genetic and Evolutionary Computing,3,本,106.00,68.90,9783319017969,onsale
1068,Algorithms and Theory of Computation Handbook - 2 Volume Set,9,本,102.00,66.30,9780429526442,onsale
1069,Constraint networks,10,本,115.00,74.75,9781282684089,onsale
1070,Windows PowerShell,10,本,111.00,72.15,9780596551841,onsale
1071,Practical 3D Printers,3,本,96.00,62.40,9781430243939,onsale
1072,Structured Object-Oriented Formal Language and Method,7,本,107.00,69.55,9783319577074,onsale
1073,Programming in Haskell,6,本,102.00,66.30,9780521692694,onsale
1074,Excel Power Pivot & Power Query for dummies,3,本,84.00,54.60,9781119210641,onsale
1075,Software Engineering with UML,7,本,93.00,60.45,9781351235174,onsale
1076,The hacker and the ants,3,本,88.00,57.20,9781281606204,onsale
1077,Fundamentals of data structures,9,本,110.00,71.50,9780914894209,onsale
1078,Centauri dawn,3,本,92.00,59.80,9780671040772,discontinued
1079,Information visualization,12,本,72.00,46.80,9780123814654,discontinued
1080,Deep learning with keras,8,本,113.00,73.45,9781787128422,offsale
1081,Eingebettete Systeme,3,本,86.00,55.90,9783110703139,onsale
1082,Software Technologies,3,本,102.00,66.30,9783319255781,onsale
1083,Practical Neural Network Recipes in C++,8,本,107.00,69.55,9780127848204,onsale
1084,Informatik,3,本,96.00,62.40,9783110495690,onsale
1085,A New Kind Of Science,3,本,96.00,62.40,9780713991161,onsale
1086,Basic game design & creation,3,本,102.00,66.30,9781584504467,onsale
1087,Programming in Haskell,6,本,88.00,57.20,9781316626221,onsale
1088,C++,3,本,96.00,62.40,9780023887253,onsale
1089,"ADTs, data structures, and problem solving with C++",9,本,96.00,62.40,9780131409095,onsale
1090,The essentials of computer science I,17,本,72.00,46.80,9780878916702,onsale
1091,Computers,3,本,110.00,71.50,9780763839277,onsale
1092,Natural Language Processing and Chinese Computing,3,本,98.00,63.70,9783642416446,onsale
1093,Systems programming for Windows 95,10,本,119.00,77.35,9781556159497,onsale
1094,Scripting with objects,3,本,100.00,65.00,9780470179239,offsale
1095,Responsive Web Design,3,本,84.00,54.60,9782212008227,onsale
1096,Readings in Human-Computer Interaction,3,本,100.00,65.00,9781558602465,offsale
1097,Industrial Applications of High-Performance Computing,3,本,90.00,58.50,9781040071496,onsale
1098,Pro Spring Security,3,本,108.00,70.20,9798868800344,onsale
1099,Data Structures & Algorithm Analysis in C++,9,本,106.00,68.90,9780132847377,offsale
1100,Computers,17,本,68.00,44.20,9780256098617,onsale
1101,Programming in objective-C,6,本,110.00,71.50,9780768662863,onsale
1102,"Microsoft Visual C# : an Introduction to Object-Oriented Programming, 7th Edition",6,本,121.00,78.65,9781337102100,onsale
1103,Photoshop CC,3,本,88.00,57.20,9780133434750,onsale
1104,Cross-Cultural Design,3,本,84.00,54.60,9783031609121,onsale
1105,Discrete Mathematics and Applications,9,本,110.00,71.50,9781032476896,onsale
1106,Autodesk Maya 2022 Basics Guide,3,本,94.00,61.10,9781630574505,onsale
1107,Computer science,3,本,98.00,63.70,9780816074419,onsale
1108,Programming and problem solving with C++,6,本,100.00,65.00,9780763771515,offsale
1109,How to Use Spss,3,本,104.00,67.60,9780367355692,onsale
1110,Understanding algorithms and data structures,9,本,98.00,63.70,9780077091415,discontinued
1111,Systems Analysis and Design with UML,7,本,97.00,63.05,9780470089071,onsale
1112,Attribute-Based Access Control,3,本,86.00,55.90,9781630811341,onsale
1113,George and the Unbreakable Code,3,本,106.00,68.90,9781481466288,onsale
1114,Technology In Action Complete,12,本,76.00,49.40,9780134508962,onsale
1115,Category Theory for the Sciences,3,本,80.00,52.00,9780262320511,onsale
1116,Hands-On Convolutional Neural Networks with TensorFlow: Solve computer vision problems with modeling in TensorFlow and Python,8,本,107.00,69.55,9781789130331,onsale
1117,Discrete mathematics for computer science,9,本,104.00,67.60,9780039228538,onsale
1118,Frontiers of Computing Systems Research,3,本,98.00,63.70,9781461570349,onsale
1119,Computing Universe,3,本,94.00,61.10,9781316130858,onsale
1120,Computer Science Education,17,本,68.00,44.20,9781350296909,onsale
1121,"Systems Science in Engineering for Advanced Modelling, Simulation, Control and Optimization",12,本,76.00,49.40,9781138712348,onsale
1122,Computing,3,本,90.00,58.50,9781482227420,onsale
1123,The Closed World,3,本,92.00,59.80,9780262550284,discontinued
1124,Revel for Introduction to Java Programming and Data Structures -- Access Card,9,本,108.00,70.20,9780135945476,onsale
1125,Artificial Intelligence,8,本,99.00,64.35,9781000462708,onsale
1126,Pattern recognition and image analysis,3,本,90.00,58.50,9780132364157,onsale
1127,CfE higher computing science,3,本,100.00,65.00,9781906736910,offsale
1128,Knowledge-based systems,3,本,108.00,70.20,9780763776473,onsale
1129,Visual programming,6,本,82.00,53.30,9780442011642,onsale
1130,Encyclopedia of computer science,3,本,108.00,70.20,9780442276799,onsale
1131,Data mining,8,本,109.00,70.85,9780128043578,onsale
1132,A short course in computational science and engineering,12,本,78.00,50.70,9781280773471,onsale
1133,Introduction to information retrieval,3,本,90.00,58.50,9780511809071,onsale
1134,"Learning JavaScript Data Structures and Algorithms: Write complex and powerful JavaScript code using the latest ECMAScript, 3rd Edition",9,本,116.00,75.40,9781788623872,onsale
1135,Combinatorial Optimization,3,本,94.00,61.10,9783642321474,onsale
1136,Digital Forensics and Incident Response: A practical guide to deploying digital forensic techniques in response to cyber security incidents,3,本,116.00,75.40,9781787288683,onsale
1137,Multicore Processors and Systems,3,本,94.00,61.10,9781441902627,onsale
1138,Testing Object-Oriented Systems,7,本,93.00,60.45,9780201809381,onsale
1139,"Knowledge Discovery, Knowledge Engineering and Knowledge Management",12,本,78.00,50.70,9783642371851,onsale
1140,Computer Systems Architecture,10,本,95.00,61.75,9781482231052,onsale
1141,Essence of logic,3,本,100.00,65.00,9780133963755,offsale
1142,Industrial Network Security,10,本,91.00,59.15,9780124201149,onsale
1143,Computational Neuroscience,3,本,94.00,61.10,9783319033068,onsale
1144,Webster's new world computer dictionary,3,本,104.00,67.60,9780764524783,onsale
1145,Essential Statistics for the Behavioral Sciences,11,本,80.00,52.00,9781506386300,onsale
1146,Rule 34,3,本,98.00,63.70,9780748116355,onsale
1147,A Brief History of the Future,14,本,69.00,44.85,9781585670321,onsale
1148,Beginning Java objects,6,本,100.00,65.00,9781484290590,offsale
1149,Python Machine Learning by Example,8,本,115.00,74.75,9781783553129,onsale
1150,BTEC First ICT practitioners curriculum support pack,17,本,66.00,42.90,9781136425479,offsale
1151,This & object prototypes,6,本,94.00,61.10,9781491904152,onsale
1152,Understanding your users,3,本,123.00,79.95,9780128002322,offsale
1153,Wikis for dummies,3,本,100.00,65.00,9780470189832,offsale
1154,As/400,3,本,102.00,66.30,9780078530678,onsale
1155,Visions,3,本,100.00,65.00,9788483061237,offsale
1156,Malware Forensics Field Guide for Linux Systems,10,本,121.00,78.65,9781597494717,onsale
1157,Neural network design,8,本,109.00,70.85,9780534943325,onsale
1158,SystemVerilog for Verification,3,本,94.00,61.10,9781461407157,onsale
1159,Adventures in social research,3,本,94.00,61.10,9781412982450,onsale
1160,PGP,3,本,112.00,72.80,9781565920989,onsale
1161,Quantitative approaches to management,13,本,79.00,51.35,9780079091871,offsale
1162,CSS Cookbook,3,本,100.00,65.00,9780596005764,offsale
1163,Practical Cyber Forensics,3,本,102.00,66.30,9781484244593,onsale
1164,"CompTIA IT Fundamentals+ All-In-One Exam Guide, Second Edition (Exam FC0-U61)",17,本,58.00,37.70,9781260441871,discontinued
1165,Understanding Computers in a Changing Society,12,本,66.00,42.90,9781133191117,onsale
1166,Crash course in artificial intelligence and expert systems,8,本,101.00,65.65,9780672224430,onsale
1167,Chatbots,3,本,106.00,68.90,9783631670859,onsale
1168,Intelligence-Driven Incident Response,3,本,102.00,66.30,9781098120689,onsale
1169,Quantitative and statistical research methods,3,本,98.00,63.70,9780470631829,onsale
1170,Metaprogramming Ruby 2: Program Like the Ruby Pros (Facets of Ruby),6,本,88.00,57.20,9781941222126,onsale
1171,Hashing in Computer Science,3,本,96.00,62.40,9780470344736,onsale
1172,UML in Practice,6,本,102.00,66.30,9780470848319,onsale
1173,A first course in fuzzy logic,3,本,114.00,74.10,9781584885269,onsale
1174,Digital design and computer architecture,10,本,101.00,65.65,9780123944245,discontinued
1175,"Data Management, Analytics and Innovation",5,本,118.00,76.70,9789811629365,onsale
1176,UML for the IT business analyst,12,本,68.00,44.20,9781592009121,onsale
1177,Object-oriented programming in C++,6,本,106.00,68.90,9780470843994,onsale
1178,Object Oriented Programming Through Java,6,本,96.00,62.40,9781420047929,onsale
1179,Discovering statistics using SPSS,11,本,104.00,67.60,9781847879066,onsale
1180,Feynman lectures on computation,3,本,92.00,59.80,9780201489910,discontinued
1181,Data structures and algorithm analysis,9,本,96.00,62.40,9780805390520,onsale
1182,Programming in Haskell,6,本,106.00,68.90,9781316784099,onsale
1183,Grasshopper,3,本,96.00,62.40,9780831194444,onsale
1184,Digital Economy. Emerging Technologies and Business Innovation,13,本,75.00,48.75,9783030929084,onsale
1185,Computing Handbook,3,本,92.00,59.80,9780429542152,discontinued
1186,Implementing Domaindriven Design,3,本,100.00,65.00,9780133039887,offsale
1187,Power Query for Power BI and Excel,3,本,94.00,61.10,9781430266914,onsale
1188,Entzifferte Geheimnisse,3,本,108.00,70.20,9783642975806,onsale
1189,Digital Forensics and Watermarking,3,本,108.00,70.20,9783662438855,onsale
1190,Introduction to high performance computing for scientists and engineers,3,本,106.00,68.90,9781138470897,onsale
1191,Z,3,本,102.00,66.30,9780471924890,onsale
1192,Data Structures and Algorithms,9,本,102.00,66.30,9780387136424,onsale
1193,Compact Data Structures,9,本,110.00,71.50,9781316792926,onsale
1194,Discrete mathematics,9,本,86.00,55.90,9780321305152,onsale
1195,Talking with Computers,3,本,92.00,59.80,9780521834254,discontinued
1196,Scratch and Python: the basics (Coding Unlocked),6,本,96.00,62.40,9781407159416,onsale
1197,Fundamentals of computing,3,本,92.00,59.80,9780070655065,discontinued
1198,Mathematical foundations of computer science,3,本,108.00,70.20,9780387974507,onsale
1199,Mathematics of Discrete Structures for Computer Science,11,本,98.00,63.70,9783642298394,onsale
1200,Java for programmers,6,本,88.00,57.20,9780132821544,onsale
1201,Essentials of Cloud Computing,3,本,92.00,59.80,9781482205435,discontinued
1202,Prometheus: Up & Running: Infrastructure and Application Performance Monitoring,3,本,94.00,61.10,9781492034148,onsale
1203,Enhanced Discovering Computers,17,本,62.00,40.30,9781285845500,onsale
1204,Programming Massively Parallel Processors,6,本,92.00,59.80,9780124159921,discontinued
1205,Virtual clothing,6,本,104.00,67.60,9783642572791,onsale
1206,Glut,3,本,94.00,61.10,9780801475092,onsale
1207,Oracle Sql Recipes A Problemsolution Approach,5,本,100.00,65.00,9781430225096,onsale
1208,File organization and processing,3,本,92.00,59.80,9780471605218,discontinued
1209,Mathematics,11,本,90.00,58.50,9780534356385,offsale
1210,The Architecture of Computer Hardware and System Software,3,本,96.00,62.40,9781118141984,onsale
1211,Everybody Lies,3,本,92.00,59.80,9780062390851,discontinued
1212,Math companion for computer science,3,本,114.00,74.10,9780835942997,onsale
1213,Python Programming Fundamentals,6,本,118.00,76.70,9781849965378,onsale
1214,Neural Information Processing,8,本,125.00,81.25,9789819916443,onsale
1215,Cryptography and Network Security: Principles and Practice (6th Edition),10,本,101.00,65.65,9780133354690,discontinued
1216,Expert Oracle Database Architecture,5,本,108.00,70.20,9781430262985,onsale
1217,More Python Programming For The Absolute Beginner,6,本,106.00,68.90,9781435459809,onsale
1218,Computers and Games,3,本,100.00,65.00,9783319091655,offsale
1219,Computer Games,3,本,100.00,65.00,9783319759302,offsale
1220,Computer Vision -- ECCV 2014,3,本,88.00,57.20,9783319106052,onsale
1221,"Text, speech, and dialogue",3,本,123.00,79.95,9783540301202,offsale
1222,Bio-inspired Computing : Theories and Applications,3,本,116.00,75.40,9789819915484,onsale
1223,Total recall,3,本,98.00,63.70,9780525951346,onsale
1224,Technische Informatik 1,3,本,104.00,67.60,9780387547183,onsale
1225,Neural networks,8,本,99.00,64.35,9783540602071,onsale
1226,Kingdom of Lies,3,本,106.00,68.90,9781786076373,onsale
1227,Modeling in event-b,3,本,88.00,57.20,9780511731228,onsale
1228,Fundamentals of data structures in Pascal,9,本,114.00,74.10,9780881751659,onsale
1229,Blockchain,3,本,102.00,66.30,9781119365594,onsale
1230,Reverse Design,3,本,96.00,62.40,9780429834431,onsale
1231,Discovering Computers 2016,17,本,66.00,42.90,9781305391857,offsale
1232,A mathematical introduction to logic,3,本,92.00,59.80,9780122384509,discontinued
1233,Windows PowerShell Step by Step,10,本,99.00,64.35,9781509300464,onsale
1234,Java network programming,10,本,109.00,70.85,9781565922273,offsale
1235,What Is Artificial Intelligence?,8,本,113.00,73.45,9781644933138,offsale
1236,Computational Biology,12,本,72.00,46.80,9781280654206,discontinued
1237,Computers,3,本,102.00,66.30,9781432974077,onsale
1238,Malware Data Science: Attack Detection and Attribution,3,本,112.00,72.80,9781593278595,onsale
1239,Algorithms and data structures,9,本,96.00,62.40,9783662170250,onsale
1240,Handbook of digital forensics and investigation,3,本,90.00,58.50,9780080921471,onsale
1241,Usability testing essentials,3,本,100.00,65.00,9780128169438,offsale
1242,Number theory for computing,11,本,86.00,55.90,9783662040539,onsale
1243,Archangel protocol,3,本,102.00,66.30,9780451458278,onsale
1244,Computer science and computing,3,本,98.00,63.70,9781591581604,onsale
1245,Head first JavaScript,6,本,110.00,71.50,9780596527747,onsale
1246,Introduction to bioinformatics,3,本,104.00,67.60,9780199251964,onsale
1247,Data Structures Using C++,9,本,100.00,65.00,9780198066231,onsale
1248,Computational Science – ICCS 2020,3,本,92.00,59.80,9783030504199,discontinued
1249,Classical FORTRAN,6,本,94.00,61.10,9780824744250,onsale
1250,Clinical Image-Based Procedures. Translational Research in Medical Imaging,15,本,86.00,55.90,9783319056654,offsale
1251,Discrete mathematics,9,本,94.00,61.10,9780023483325,onsale
1252,Practical text mining with Perl,6,本,96.00,62.40,9780470382851,onsale
1253,Stuck in the shallow end,3,本,92.00,59.80,9780262266604,discontinued
1254,Steps in Scala,3,本,92.00,59.80,9780511900549,discontinued
1255,Practical File System Design with the Be File System,3,本,104.00,67.60,9781558604971,onsale
1256,Fundamentals of User-Centered Design,3,本,88.00,57.20,9781315200927,onsale
1257,NET FORCE HIDDEN AGENDAS,3,本,94.00,61.10,9780425171394,onsale
1258,Elements of computer science,3,本,96.00,62.40,9780063826328,onsale
1259,Absolute beginner's guide to computer basics,3,本,110.00,71.50,9780789742537,onsale
1260,Handbook of Discrete and Combinatorial Mathematics,11,本,86.00,55.90,9780849301490,onsale
1261,Real-world functional programming,6,本,114.00,74.10,9781933988924,onsale
1262,Introduction to data structures and algorithm analysis,9,本,102.00,66.30,9780314933096,onsale
1263,Handbook of Data and Networks Security,10,本,111.00,72.15,9780387680255,onsale
1264,UML 2.0 in a nutshell,3,本,108.00,70.20,9780596518295,onsale
1265,An introduction to object-oriented analysis,7,本,91.00,59.15,9780471204435,onsale
1266,International GCSE Computer Science for Oxford International AQA Examinations,3,本,96.00,62.40,9780198417323,onsale
1267,Computer science,3,本,104.00,67.60,9780471266785,onsale
1268,Security information and event management (SIEM) implementation,13,本,71.00,46.15,9780071701099,discontinued
1269,Pattern Recognition,3,本,90.00,58.50,9783031781063,onsale
1270,Game Audio Programming 3,6,本,92.00,59.80,9781000169638,discontinued
1271,Visual Basic 2005 for dummies,3,本,108.00,70.20,9780764577284,onsale
1272,Object oriented system analysis and design,7,本,97.00,63.05,9780131824089,onsale
1273,Building a Scalable Data Warehouse with Data Vault 2. 0,12,本,66.00,42.90,9780128025109,onsale
1274,Data structures using C,9,本,108.00,70.20,9788131755662,onsale
1275,Debugging,3,本,102.00,66.30,9780814471685,onsale
1276,Introduction to computer science,3,本,110.00,71.50,9780898743715,onsale
1277,Concurrent programming,6,本,92.00,59.80,9781139163613,discontinued
1278,Introductory theory of computer science,3,本,96.00,62.40,9780333365816,onsale
1279,Supercomputer architecture,10,本,119.00,77.35,9781461579595,onsale
1280,Principles of constraint programming,6,本,94.00,61.10,9780521825832,onsale
1281,"Agile Principles, Patterns, and Practices in C#",7,本,97.00,63.05,9780131857254,onsale
1282,Advances in Software Science and Technology,12,本,62.00,40.30,9780120371037,onsale
1283,Android forensics,3,本,106.00,68.90,9781597496520,onsale
1284,International Conference on Innovative Computing and Communications,3,本,114.00,74.10,9789811347689,onsale
1285,A primer on memory consistency and cache coherence,3,本,88.00,57.20,9783031017339,onsale
1286,Game level design,3,本,108.00,70.20,9781584503699,onsale
1287,SPSS survival manual,3,本,104.00,67.60,9781742373928,onsale
1288,Star Wars the Old Republic encyclopedia,3,本,114.00,74.10,9780756698393,onsale
1289,UML 2 toolkit,3,本,94.00,61.10,9781118082393,onsale
1290,Computer Arithmetic,3,本,94.00,61.10,9780471060765,onsale
1291,Instructor's resource guide to accompany discrete mathematics and its applications,9,本,94.00,61.10,9780073107813,onsale
1292,Virtual reality,3,本,112.00,72.80,9780671778972,onsale
1293,Advanced Computing in Industrial Mathematics,11,本,84.00,54.60,9783030073299,onsale
1294,Computational Science and Engineering,12,本,78.00,50.70,9781315349329,onsale
1295,FastCARD,3,本,104.00,67.60,9781418861629,onsale
1296,Reachability Problems,3,本,86.00,55.90,9783030002497,onsale
1297,Java Performance Tuning,6,本,106.00,68.90,9780596516970,onsale
1298,Object-oriented software engineering,7,本,85.00,55.25,9780136061250,onsale
1299,Object-oriented software engineering : an agile unified methodology,7,本,101.00,65.65,9780073376257,onsale
1300,Design Integration Using Autodesk Revit 2023,3,本,100.00,65.00,9781630567491,offsale
1301,Neural Network Projects with Python,8,本,117.00,76.05,9781789138900,onsale
1302,Scientific discovery,3,本,92.00,59.80,9780262620529,discontinued
1303,Memory Dump Analysis Anthology,3,本,108.00,70.20,9781906717964,onsale
1304,My Revision Notes Edexcel GCSE Computer Science,17,本,60.00,39.00,9781336206168,onsale
1305,Computational Science/Intelligence & Applied Informatics,3,本,82.00,53.30,9783030252243,onsale
1306,C+ C++,3,本,96.00,62.40,9780070296626,onsale
1307,Introduction to knowledge systems,3,本,102.00,66.30,9781558601666,onsale
1308,Troubleshooting with the Windows Sysinternals Tools (2nd Edition),10,本,115.00,74.75,9780735684447,onsale
1309,Methods in Algorithmic Analysis,9,本,92.00,59.80,9781138118041,onsale
1310,CEH v10 Certified Ethical Hacker Study Guide,3,本,90.00,58.50,9781119533252,onsale
1311,ActionScript 3.0 bible,3,本,86.00,55.90,9781118082331,onsale
1312,Decision support systems and intelligent systems,3,本,100.00,65.00,9780130894656,offsale
1313,Software Defined Radio,3,本,88.00,57.20,9780470846001,onsale
1314,Static and dynamic neural networks,8,本,111.00,72.15,9780470303788,onsale
1315,Turing's cathedral,3,本,100.00,65.00,9780375422775,offsale
1316,Click here to kill everybody,3,本,108.00,70.20,9780393608885,onsale
1317,2000 Solved Problems in Discrete Mathematics,9,本,94.00,61.10,9780070380318,onsale
1318,The Elements of Content Strategy,3,本,110.00,71.50,9781952616877,onsale
1319,The Atrocity Archives,3,本,98.00,63.70,9781930846234,onsale
1320,Fundamentals of Python,6,本,94.00,61.10,9780357122754,onsale
1321,Java in a Nutshell,6,本,100.00,65.00,9781565922624,offsale
1322,Neural smithing,8,本,115.00,74.75,9780585078380,onsale
1323,My Revision Notes OCR a Level Computer Science,17,本,68.00,44.20,9781471865831,onsale
1324,Support-Vector Machines,3,本,102.00,66.30,9781536187571,onsale
1325,Wireless Sensor Networks,10,本,117.00,76.05,9781536187793,onsale
1326,Temporal Verification of Reactive Systems,3,本,96.00,62.40,9781461287018,onsale
1327,Introduction to the History of Computing,14,本,71.00,46.15,9783319331386,onsale
1328,BASIC programs for scientists and engineers,3,本,110.00,71.50,9780895880734,onsale
1329,Head first object-oriented analysis and design,7,本,105.00,68.25,9780596008673,onsale
1330,Foundations of Discrete Mathematics with Algorithms and Programming,9,本,94.00,61.10,9781351019118,onsale
1331,SPSS survival manual,17,本,64.00,41.60,9780335242399,onsale
1332,Advanced Data Structures,9,本,120.00,78.00,9780429949838,onsale
1333,The well-grounded Rubyist,3,本,118.00,76.70,9781933988658,onsale
1334,Computer forensics and investigations,3,本,90.00,58.50,9781592003822,onsale
1335,Level designs for games,3,本,96.00,62.40,9780321375971,onsale
1336,JavaScript Data Structures and Algorithms: An Introduction to Understanding and Implementing Core Data Structure and Algorithm Fundamentals,9,本,112.00,72.80,9781484239872,onsale
1337,Python Scripting for Computational Science,6,本,98.00,63.70,9783540312697,onsale
1338,The complete reference star schema,3,本,90.00,58.50,9780071744324,onsale
1339,Tableau your data!,3,本,92.00,59.80,9781118612194,discontinued
1340,Graph theory,9,本,98.00,63.70,9780131423848,discontinued
1341,Windows programmer's guide to DLLs and memory management,10,本,103.00,66.95,9780672302367,onsale
1342,Mathematics and Computing,11,本,86.00,55.90,9789811320941,onsale
1343,The Object of Data Abstraction and Structures (using Java),6,本,92.00,59.80,9780201713596,discontinued
1344,Data structures with abstract data types and Pascal,9,本,98.00,63.70,9780534092641,discontinued
1345,The psychology of human-computer interaction,16,本,64.00,41.60,9781351409445,onsale
1346,Fuzzy expert systems and fuzzy reasoning,8,本,119.00,77.35,9780471388593,onsale
1347,Computer Organisation and Architecture,3,本,121.00,78.65,9781000190403,onsale
1348,Discovering computers,17,本,64.00,41.60,9780789513007,onsale
1349,SOA Principles of Service Design,3,本,100.00,65.00,9780134695518,offsale
1350,ObjectiveC Programming for Dummies,6,本,106.00,68.90,9781283645775,onsale
1351,The art of software testing,3,本,94.00,61.10,9780471043287,onsale
1352,Numerical recipes,3,本,104.00,67.60,9780521880688,onsale
1353,The Official CompTIA IT Fundamentals (ITF+) Student Guide (Exam FC0-U61),3,本,98.00,63.70,9781642742725,onsale
1354,Annual Review of Scalable Computing,3,本,108.00,70.20,9781299609518,onsale
1355,The Principles of Object-Oriented JavaScript,6,本,104.00,67.60,9781593275761,onsale
1356,"Analytics, Data Science, & Artificial Intelligence",8,本,99.00,64.35,9780135192016,onsale
1357,Designing The Internet Of Things,3,本,88.00,57.20,9781118430651,onsale
1358,Data structures using Java,9,本,96.00,62.40,9780130477217,onsale
1359,Virtual Music,3,本,80.00,52.00,9780262251013,onsale
1360,Bioinformatics Challenges at the Interface of Biology and Computer Science,12,本,66.00,42.90,9780470035504,onsale
1361,Structures and Abstractions,3,本,102.00,66.30,9780256126679,onsale
1362,The Go programming language phrasebook,6,本,88.00,57.20,9780132919005,onsale
1363,Notes on introductory combinatorics,3,本,102.00,66.30,9780817649531,onsale
1364,Knowledge-based information systems,3,本,96.00,62.40,9780077076245,onsale
1365,Object-oriented systems development,7,本,101.00,65.65,9780077095444,onsale
1366,Handbook of mathematics and computational science,11,本,100.00,65.00,9780387947464,onsale
1367,Genealogy online,3,本,88.00,57.20,9780071740371,onsale
1368,Omnitopia dawn,3,本,104.00,67.60,9780756406783,onsale
1369,Data structures with Java,9,本,98.00,63.70,9780131236288,discontinued
1370,Applications of Cloud Computing,3,本,98.00,63.70,9780367904128,onsale
1371,The road to the unified software development process,7,本,103.00,66.95,9780521787741,offsale
1372,"Computer Science Illuminated, 5th Edition",17,本,72.00,46.80,9781449672843,onsale
1373,Theory and Formal Methods of Computing 94,3,本,92.00,59.80,9781860940033,discontinued
1374,Discrete mathematics DeMYSTified,9,本,106.00,68.90,9780071549493,offsale
1375,Bold Visions,3,本,121.00,78.65,9781600610202,onsale
1376,Computational complexity,9,本,106.00,68.90,9789027721464,offsale
1377,Differential equations,17,本,58.00,37.70,9780134996011,discontinued
1378,Engineering Applications of Neural Networks,8,本,95.00,61.75,9783642410130,onsale
1379,Information Computing and Applications,3,本,96.00,62.40,9783642537035,onsale
1380,Innovations for Community Services,3,本,92.00,59.80,9783031066672,discontinued
1381,Digital Forensics and Cyber Crime,3,本,88.00,57.20,9783030054861,onsale
1382,Everyday Cryptography Fundamental Principles And Applications,3,本,112.00,72.80,9780199695591,onsale
1383,Mathematics for machine technology,11,本,86.00,55.90,9780827321069,onsale
1384,The Tao of objects,3,本,96.00,62.40,9781558511552,onsale
1385,Adobe Illustrator Classroom in a Book (2022 Release),17,本,54.00,35.10,9780137622306,onsale
1386,GDB,3,本,100.00,65.00,9781306815666,offsale
1387,Mathematical theory of computation,3,本,100.00,65.00,9780486152097,offsale
1388,Cloud enterprise architecture,3,本,98.00,63.70,9781138374652,onsale
1389,Operations Research and Enterprise Systems,3,本,108.00,70.20,9783319947662,onsale
1390,Discrete Mathematics with Applications,9,本,86.00,55.90,9780124211803,onsale
1391,Quantum Neural Computation,8,本,109.00,70.85,9789048133505,onsale
1392,Learning UML 2.0,17,本,68.00,44.20,9780596519117,onsale
1393,Bayesian artificial intelligence,8,本,105.00,68.25,9780203491294,discontinued
1394,Compiler Design,7,本,101.00,65.65,9783642149092,onsale
1395,Handbook of data structures and applications,9,本,104.00,67.60,9781351645645,onsale
1396,Introduction to Python for Science and Engineering,6,本,94.00,61.10,9781032673905,onsale
1397,Eiffel,7,本,101.00,65.65,9780132479257,onsale
1398,C# programming,6,本,92.00,59.80,9781423901464,discontinued
1399,Epic,3,本,94.00,61.10,9780142411599,onsale
1400,Wiley Encyclopedia Of Computer Science And Engineering,12,本,78.00,50.70,9780471383932,onsale
1401,Desarrollo de aplicaciones web,3,本,112.00,72.80,9788497881180,onsale
1402,A New History of Modern Computing,14,本,67.00,43.55,9780262542906,onsale
1403,Learn to Program,3,本,108.00,70.20,9780976694045,onsale
1404,Matrix Computing for 11-14,3,本,112.00,72.80,9780198395577,onsale
1405,Natural language processing for online applications,3,本,102.00,66.30,9789027292445,onsale
1406,Natural Language Processing With Python,6,本,92.00,59.80,9781491913420,discontinued
1407,Constraint Processing,12,本,70.00,45.50,9780080502953,onsale
1408,Machine Learning,8,本,105.00,68.25,9781461294061,discontinued
1409,The essence of neural networks,8,本,109.00,70.85,9780139087325,onsale
1410,Software visualization,3,本,100.00,65.00,9780262193955,offsale
1411,Cloud Computing and Services Science,3,本,96.00,62.40,9783031681646,onsale
1412,The Information Diet,3,本,100.00,65.00,9781449304683,offsale
1413,Software Visualization,3,本,86.00,55.90,9783540433231,onsale
1414,Bio-inspired artificial intelligence,8,本,99.00,64.35,9780262332910,onsale
1415,JavaScript for Absolute Beginners,6,本,100.00,65.00,9781430269557,offsale
1416,Evernote For Dummies,3,本,84.00,54.60,9781118224106,onsale
1417,Discovering Computers Complete,12,本,62.00,40.30,9781111530327,onsale
1418,Parallel programming,6,本,86.00,55.90,9780321531346,onsale
1419,Models of the Mind,16,本,78.00,50.70,9781472966438,onsale
1420,Computer forensics,17,本,64.00,41.60,9780071817745,onsale
1421,Discovering computers 2010,12,本,80.00,52.00,9780324786453,offsale
1422,History of Cyber Security Attacks,14,本,85.00,55.25,9780367657857,onsale
1423,Embedded systems firmware demystified,3,本,102.00,66.30,9781578200993,onsale
1424,A First Course in Discrete Mathematics,9,本,106.00,68.90,9780857293152,offsale
1425,Learning computer graphics,17,本,60.00,39.00,9781461385035,onsale
1426,Make it so,3,本,110.00,71.50,9781933820989,onsale
1427,C# programming,6,本,96.00,62.40,9780538453028,onsale
1428,Practical Text Analytics,3,本,88.00,57.20,9783030070809,onsale
1429,Computer sciences,3,本,98.00,63.70,9780028655680,onsale
1430,Elements of Data Compression,17,本,70.00,45.50,9780534384487,onsale
1431,Decision support and expert systems,8,本,97.00,63.05,9780024216632,onsale
1432,Handbook of Biometric Anti-Spoofing,3,本,114.00,74.10,9789811952876,onsale
1433,Geometry and Discrete Mathematics,9,本,86.00,55.90,9783110521450,onsale
1434,Pyramidal neural networks,8,本,111.00,72.15,9781317717058,onsale
1435,Physical computing,3,本,92.00,59.80,9781592003464,discontinued
1436,Constraint Processing (The Morgan Kaufmann Series in Artificial Intelligence),8,本,113.00,73.45,9781558608900,offsale
1437,C⁺⁺,3,本,92.00,59.80,9780023694028,discontinued
1438,Practical Discrete Mathematics,9,本,116.00,75.40,9781838983147,onsale
1439,Understanding Big Data. Analytics for Enterprise Class Hadoop and Streaming Data,3,本,96.00,62.40,9780071790536,onsale
1440,Research directions in computer science,3,本,88.00,57.20,9780262132572,onsale
1441,Introduction To Evolutionary Computing,3,本,110.00,71.50,9783662448748,onsale
1442,Tools for structured and object-oriented design,7,本,97.00,63.05,9780131194458,onsale
1443,C++ Data Structures and Algorithms: Learn how to write efficient code to build scalable and robust applications in C++,9,本,110.00,71.50,9781788835213,onsale
1444,Histoire d'algorithmes,9,本,94.00,61.10,9782701155180,onsale
1445,The Internet for scientists and engineers,12,本,82.00,53.30,9780819421487,onsale
1446,Developing multi-agent systems with jade,3,本,88.00,57.20,9780470058411,onsale
1447,The Essential Distributed Objects Survival Guide,3,本,100.00,65.00,9780471129936,offsale
1448,Sams teach yourself PHP in 24 hours,6,本,102.00,66.30,9780768660470,onsale
1449,Business @ the speed of thought,13,本,79.00,51.35,9788401376337,offsale
1450,Programming massively parallel processors hands-on with CUDA,6,本,88.00,57.20,9780123814722,onsale
1451,Fundamentals of information studies,3,本,106.00,68.90,9781555705947,onsale
1452,Beautiful data,3,本,100.00,65.00,9781449392055,offsale
1453,Advances in Visual Computing,3,本,82.00,53.30,9783030038007,onsale
1454,Mathematics for computer students,11,本,92.00,59.80,9781855541672,onsale
1455,PHP,6,本,90.00,58.50,9780596004026,onsale
1456,Functional Thinking: Paradigm Over Syntax,3,本,102.00,66.30,9781449365516,onsale
1457,Enterprise patterns and MDA,17,本,68.00,44.20,9780321648686,onsale
1458,Design of computer data files,3,本,80.00,52.00,9780273012412,onsale
1459,The Way of Z,3,本,106.00,68.90,9780521559768,onsale
1460,The computer and the mind,16,本,72.00,46.80,9780674156159,onsale
1461,Fundamentals of OOP and Data Structures in Java,9,本,100.00,65.00,9780511807176,onsale
1462,Computing,13,本,83.00,53.95,9781901888218,onsale
1463,Elektrotechnik für Ingenieure 3,3,本,106.00,68.90,9783658218249,onsale
1464,Chaos-Based Cryptography,3,本,96.00,62.40,9783642205439,onsale
1465,Network Programmability and Automation,10,本,109.00,70.85,9781491931257,offsale
1466,Biometrics,3,本,84.00,54.60,9780072222272,onsale
1467,Advanced object-oriented analysis and design using UML,7,本,103.00,66.95,9780521648196,offsale
1468,Data structures with C[plus plus],9,本,98.00,63.70,9780024209719,discontinued
1469,Intertwingled,3,本,104.00,67.60,9783319169248,onsale
1470,Discovering Statistics Using IBM SPSS Statistics,11,本,94.00,61.10,9781446274576,onsale
1471,A student guide to SPSS,3,本,112.00,72.80,9780757586484,onsale
1472,ABAP to the Future,3,本,92.00,59.80,9781493221561,discontinued
1473,No Fear Coding,6,本,106.00,68.90,9781564846266,onsale
1474,Programming Ruby,6,本,98.00,63.70,9781934356081,onsale
1475,Advanced engineering fluid mechanics,12,本,76.00,49.40,9781842659120,onsale
1476,Microsoft Project 2019 Step by Step,3,本,94.00,61.10,9781509307470,onsale
1477,Neural network learning and expert systems,8,本,99.00,64.35,9780262071451,onsale
1478,The art of concurrency,3,本,116.00,75.40,9780596555788,onsale
1479,"Numerical methods for computer science, engineering, and mathematics",11,本,90.00,58.50,9780136265658,offsale
1480,Charts for Prediction and Chance,3,本,108.00,70.20,9781281867575,onsale
1481,Open source GIS,3,本,110.00,71.50,9780387357676,onsale
1482,Introduction to Neural and Cognitive Modeling,8,本,97.00,63.05,9781410605504,onsale
1483,The information society,14,本,59.00,38.35,9780930242152,onsale
1484,Beginning Progressive Web App Development: Creating a Native App Experience on the Web,3,本,100.00,65.00,9781484230893,offsale
1485,Developer's Workshop to COM and ATL 3.0,3,本,92.00,59.80,9781556227042,discontinued
1486,Human.4,3,本,96.00,62.40,9780545515832,onsale
1487,Discovering Computers 2009,12,本,78.00,50.70,9781423911982,onsale
1488,Understanding cryptography,3,本,82.00,53.30,9783642041013,onsale
1489,Discovering computers 2011,12,本,82.00,53.30,9781439079263,onsale
1490,Business Intelligence Guidebook,12,本,64.00,41.60,9780124114616,onsale
1491,Game Analytics,3,本,108.00,70.20,9781447147688,onsale
1492,Blackout,3,本,100.00,65.00,9781408851456,offsale
1493,Introduction to computer science,3,本,88.00,57.20,9780064601931,onsale
1494,Computers,3,本,96.00,62.40,9780763837310,onsale
1495,Computers,3,本,102.00,66.30,9780763837280,onsale
1496,Graphical Programming,6,本,90.00,58.50,9780133628234,onsale
1497,Contemporary High Performance Computing,3,本,108.00,70.20,9780367729547,onsale
1498,The labyrinth key,3,本,102.00,66.30,9780345455963,onsale
1499,Essential discrete mathematics,9,本,94.00,61.10,9780130186614,onsale
1500,Concurrency,3,本,108.00,70.20,9780470338889,onsale
1501,Pro Python,6,本,98.00,63.70,9781430227588,onsale
1502,A mind at play,16,本,78.00,50.70,9781476766706,onsale
1503,Beginning COBOL for Programmers,3,本,86.00,55.90,9781430262541,onsale
1504,Exploring the science of computing,3,本,84.00,54.60,9780534154202,onsale
1505,Absolute Beginners Guide to Computing,3,本,98.00,63.70,9781484222881,onsale
1506,Bitwise,3,本,92.00,59.80,9781101871294,discontinued
1507,The Rule of Thoughts (The Mortality Doctrine),3,本,94.00,61.10,9780385741422,onsale
1508,Security in Computing and Communications,3,本,100.00,65.00,9783319229157,offsale
1509,Deep Learning: A Practitioner's Approach,8,本,107.00,69.55,9781491914250,onsale
1510,Advances in Computer Science and Ubiquitous Computing,3,本,86.00,55.90,9789811030222,onsale
1511,Pro Python System Administration,6,本,86.00,55.90,9781430226055,onsale
1512,Natural Language Processing for Social Media,3,本,102.00,66.30,9781681736129,onsale
1513,Mathematics for computer science,11,本,80.00,52.00,9780132347174,onsale
1514,Discrete mathematics for computer science,9,本,94.00,61.10,9780314285133,onsale
1515,The concise computer dictionary,3,本,102.00,66.30,9781532768606,onsale
1516,Computer science,3,本,90.00,58.50,9780321434456,onsale
1517,Bases de datos avanzadas,3,本,120.00,78.00,9788469567692,onsale
1518,Computer science source book,3,本,94.00,61.10,9780070455078,onsale
1519,The essence of discrete mathematics,9,本,98.00,63.70,9780133459432,discontinued
1520,Grundkurs JAVA,6,本,108.00,70.20,9783322928696,onsale
1521,Tried & true object development,3,本,84.00,54.60,9780521645300,onsale
1522,Neural network and fuzzy logic applications in C/C++,8,本,109.00,70.85,9780471309734,onsale
1523,Introductory time series with R,3,本,122.00,79.30,9780387886978,offsale
1524,Discovering Computers 2007,12,本,90.00,58.50,9781418859565,onsale
1525,To be a machine,3,本,92.00,59.80,9780385540414,discontinued
1526,Executable UML,3,本,92.00,59.80,9780201748048,discontinued
1527,Statistics for Research,11,本,98.00,63.70,9781849205948,onsale
1528,Operational Amplifiers,13,本,81.00,52.65,9781475733419,onsale
1529,Computing in the Information Age,3,本,92.00,59.80,9780471141259,discontinued
1530,Cybernetics,12,本,103.00,66.95,9781610272001,offsale
1531,Teaching Computing in Secondary Schools,17,本,62.00,40.30,9781315298207,onsale
1532,Current trends in theoretical computer science,3,本,114.00,74.10,9789812387837,onsale
1533,Internet Security,3,本,106.00,68.90,9780470852859,onsale
1534,Revel for Automotive Technology,12,本,72.00,46.80,9780135580066,discontinued
1535,Designing object-oriented C++ applications using the Booch method,7,本,97.00,63.05,9780132038379,onsale
1536,Modeling Enterprise Architecture with TOGAF,12,本,78.00,50.70,9780124199842,onsale
1537,Encyclopedia of computer science,3,本,98.00,63.70,9780470864128,onsale
1538,Adobe Photoshop Classroom in a Book (2022 Release),17,本,52.00,33.80,9780137621170,onsale
1539,Convolutional Neural Networks in Visual Computing,8,本,99.00,64.35,9781351640800,onsale
1540,LikeWar,3,本,112.00,72.80,9781328695758,onsale
1541,Wiley encyclopedia of computer science and engineering,12,本,68.00,44.20,9780470050149,onsale
1542,Java Performance Companion,6,本,112.00,72.80,9780133796889,onsale
1543,Maths for the mystified,3,本,98.00,63.70,9781905237814,onsale
1544,Adventures in social research,3,本,102.00,66.30,9780761985242,onsale
1545,Ada Lovelace,3,本,100.00,65.00,9788491345008,offsale
1546,Programming entity framework,6,本,104.00,67.60,9781449331849,onsale
1547,Algorithms and Models for the Web Graph,9,本,98.00,63.70,9783319131238,discontinued
1548,Mastering Unreal technology,12,本,84.00,54.60,9780672326929,onsale
1549,An introduction to mathematical cryptography,3,本,98.00,63.70,9781493917105,onsale
1550,Microsoft Visual C♯ 2012,12,本,84.00,54.60,9781285096339,onsale
1551,Computing unbound,3,本,116.00,75.40,9780393956689,onsale
1552,Live work work work die,3,本,102.00,66.30,9781911617747,onsale
1553,Hash crack,3,本,102.00,66.30,9781540444967,onsale
1554,MySQL and mSQL,5,本,112.00,72.80,9780596150747,onsale
1555,Artificial Intelligence for Knowledge Management,8,本,121.00,78.65,9783319288673,onsale
1556,Computing Essentials,3,本,96.00,62.40,9780071198660,onsale
1557,SOLIDWORKS 2022 and Engineering Graphics,12,本,72.00,46.80,9781630574710,discontinued
1558,Discrete mathematics,9,本,98.00,63.70,9789332503441,discontinued
1559,International AS and a Level Computer Science Revision Guide,3,本,96.00,62.40,9781108737326,onsale
1560,The power of computational thinking,3,本,106.00,68.90,9781786341846,onsale
1561,Windows PowerShell Cookbook: The Complete Guide to Scripting Microsoft's Command Shell,10,本,107.00,69.55,9781449320683,onsale
1562,Principles of object-oriented programming in Java 1.1,6,本,96.00,62.40,9781566045308,onsale
1563,Advances in neural information processing systems,8,本,97.00,63.05,9780262201049,onsale
1564,Building your own compiler with C [plus plus],7,本,87.00,56.55,9780131821064,onsale
1565,Your Office,3,本,100.00,65.00,9780134483559,offsale
1566,CryptoSchool,3,本,94.00,61.10,9783662501436,onsale
1567,Handbook of Artificial Intelligence and Robotic Process Automation,8,本,123.00,79.95,9781785274954,onsale
1568,The Usborne Internet-linked science encyclopedia,3,本,106.00,68.90,9781580863377,onsale
1569,Discrete mathematics,9,本,122.00,79.30,9780387955858,onsale
1570,Computer Science - An Overview,17,本,52.00,33.80,9781292061160,onsale
1571,Fundamentals of digital image processing,3,本,96.00,62.40,9780470844731,onsale
1572,Cambridge IGCSE ICT coursebook,3,本,94.00,61.10,9780521179119,onsale
1573,Object design,3,本,90.00,58.50,9780201379433,onsale
1574,Data structures,9,本,98.00,63.70,9780155168206,discontinued
1575,Collaboration Technologies and Social Computing,3,本,106.00,68.90,9783319630878,onsale
1576,Violent Python,6,本,116.00,75.40,9781597499644,onsale
1577,Cybercriminalité,3,本,104.00,67.60,9781956768220,onsale
1578,Computer Math Problem Solving for Information Technology,12,本,68.00,44.20,9780130613196,onsale
1579,Object-oriented modeling and design,7,本,95.00,61.75,9780136298410,discontinued
1580,Concurrent Programming in Java(TM),6,本,121.00,78.65,9780201310092,onsale
1581,Programming data structures in Java,9,本,104.00,67.60,9780921598312,onsale
1582,Professional Linux programming,10,本,132.00,85.80,9781861003010,offsale
1583,File structures using Pascal,6,本,100.00,65.00,9780805370829,offsale
1584,Understanding object-oriented programming with Java,6,本,88.00,57.20,9780201612738,onsale
1585,Frontier Computing,3,本,96.00,62.40,9789811031861,onsale
1586,Solaris 10 ZFS essentials,3,本,119.00,77.35,9780137000104,onsale
1587,Multiple Access Communications,3,本,92.00,59.80,9783319102627,discontinued
1588,Malware detection,3,本,94.00,61.10,9780387327204,onsale
1589,Software design,7,本,93.00,60.45,9780471429203,onsale
1590,Dawn of the new everything,3,本,94.00,61.10,9781250097408,onsale
1591,Introduction to Cryptography,3,本,104.00,67.60,9783642871276,onsale
1592,Data Structures Outside-In with Java,9,本,102.00,66.30,9780131986190,onsale
1593,Data structures and algorithms with object-oriented design patterns in Java,9,本,98.00,63.70,9780471346135,discontinued
1594,Object-oriented programming in Python,6,本,80.00,52.00,9780136150312,onsale
1595,Innovations in Bio-Inspired Computing and Applications,3,本,94.00,61.10,9783030166809,onsale
1596,A short course in discrete mathematics,9,本,112.00,72.80,9780486138657,onsale
1597,How to diagnose and fix everything electronic,3,本,106.00,68.90,9780071848299,onsale
1598,How smart machines think,3,本,102.00,66.30,9780262347938,onsale
1599,Debugging Java,6,本,90.00,58.50,9780072125627,onsale
1600,Using CATIA V5,17,本,62.00,40.30,9781401819941,onsale
1601,The geek feminist revolution,3,本,96.00,62.40,9781622319824,onsale
1602,File formats for popular PC software,3,本,98.00,63.70,9780471528067,onsale
1603,Data structures in Java,9,本,104.00,67.60,9780321392794,onsale
1604,Software solutions for engineers and scientists,3,本,104.00,67.60,9781351835893,onsale
1605,Introduction to data technologies,3,本,90.00,58.50,9781420065176,onsale
1606,Dependency injection in .NET,3,本,96.00,62.40,9781935182504,onsale
1607,Letting go of the words,6,本,92.00,59.80,9780123859303,discontinued
1608,Quantitative Social Science,3,本,98.00,63.70,9780691222288,onsale
1609,Computer vision,3,本,102.00,66.30,9789813083714,onsale
1610,Fundamentals of Deep Learning,8,本,113.00,73.45,9781491925614,offsale
1611,Head First C♯,3,本,104.00,67.60,9781449391249,onsale
1612,Using UML,3,本,106.00,68.90,9780582832695,onsale
1613,Linux universe,10,本,113.00,73.45,9780387945064,onsale
1614,Scratch Cookbook,3,本,108.00,70.20,9781849518437,onsale
1615,Student's Solutions Guide for Discrete Mathematics and Its Applications,9,本,100.00,65.00,9780077353506,onsale
1616,The student's guide to VHDL,3,本,110.00,71.50,9781558608658,onsale
1617,Data Structures and Algorithm Analysis in C++,9,本,90.00,58.50,9780321441461,onsale
1618,Garbage collection,3,本,100.00,65.00,9780471941484,offsale
1619,e-Business and Telecommunications,13,本,79.00,51.35,9783319259154,offsale
1620,"Preventing Ransomware: Understand, prevent, and remediate ransomware attacks",3,本,100.00,65.00,9781788620604,offsale
1621,Introduction to scientific computing,17,本,52.00,33.80,9780130097224,onsale
1622,Data structures & their algorithms,9,本,110.00,71.50,9780673397362,onsale
1623,Data structures and abstraction using C,9,本,112.00,72.80,9780534947385,onsale
1624,Honeypot Frameworks and Their Applications,3,本,110.00,71.50,9789811077388,onsale
1625,Advances in Data Mining. Applications and Theoretical Aspects,8,本,109.00,70.85,9783319627007,onsale
1626,"Swarm, Evolutionary, and Memetic Computing",3,本,96.00,62.40,9783319202945,onsale
1627,Guide to Discrete Mathematics,9,本,102.00,66.30,9783319830803,onsale
1628,Tomorrow's technology and you,12,本,66.00,42.90,9780135045046,onsale
1629,Was ist Informatik? Eine allgemeinverständliche Einführung,3,本,98.00,63.70,9783446213197,onsale
1630,Software-Architektur kompakt,3,本,108.00,70.20,9783827428349,onsale
1631,Concrete abstractions,3,本,90.00,58.50,9780534952112,onsale
1632,Linux in Action,10,本,117.00,76.05,9781617294938,onsale
1633,Learning Android,17,本,68.00,44.20,9781306811897,onsale
1634,Computer ethics,16,本,72.00,46.80,9780585345383,onsale
1635,Evolutionary computation,3,本,102.00,66.30,9781423774556,onsale
1636,ABAP development for materials management in SAP,13,本,83.00,53.95,9781592293735,onsale
1637,ICT Education,17,本,68.00,44.20,9783319476803,onsale
1638,Understanding the Role of Artificial Intelligence and Its Future Social Impact,8,本,129.00,83.85,9781799857075,onsale
1639,Real-Time Multi-Chip Neural Network for Cognitive Systems,8,本,111.00,72.15,9788770220347,onsale
1640,Bits to bitcoin,3,本,98.00,63.70,9780262037938,onsale
1641,Why programs fail,3,本,92.00,59.80,9780123745156,discontinued
1642,Computer Forensics,3,本,106.00,68.90,9781299634077,onsale
1643,Architecture Patterns with Python,6,本,86.00,55.90,9781492052203,onsale
1644,How to Pass National 5 Computing Science,17,本,60.00,39.00,9781444182057,onsale
1645,Solidworks 2013 Bible,3,本,102.00,66.30,9781118508398,onsale
1646,Object-oriented programming with C++,6,本,86.00,55.90,9780122329333,onsale
1647,Regular expression recipes,3,本,100.00,65.00,9781590594414,offsale
1648,Evolutionary computation,12,本,74.00,48.10,9780750306645,onsale
1649,Network Tutorial,10,本,99.00,64.35,9781578203024,onsale
1650,Debugging the development process,3,本,94.00,61.10,9781556156502,onsale
1651,Springer handbook of robotics,3,本,100.00,65.00,9783540239574,offsale
1652,The little SAS book,3,本,98.00,63.70,9781642956160,onsale
1653,Discrete mathematics with proof,9,本,104.00,67.60,9780470457931,onsale
1654,Discrete Mathematical Structures,3,本,100.00,65.00,9780155176836,offsale
1655,Computer and Information Science,3,本,80.00,52.00,9783030252151,onsale
1656,"Distributed, Ambient, and Pervasive Interactions",3,本,108.00,70.20,9783319398617,onsale
1657,A dictionary of computing,3,本,90.00,58.50,9780199234004,onsale
1658,"New Perspectives Computer Concepts 2016 Enhanced, Comprehensive",17,本,64.00,41.60,9781305656284,onsale
1659,Learning DCOM,17,本,70.00,45.50,9781449308872,onsale
1660,Computers Helping People with Special Needs,3,本,90.00,58.50,9783031628450,onsale
1661,The domain theory,3,本,92.00,59.80,9781135644307,discontinued
1662,Microsoft computer dictionary,3,本,100.00,65.00,9780735606159,offsale
1663,Elements Of Quantum Computation And Quantum Communication,3,本,108.00,70.20,9781466517929,onsale
1664,Genetic Programming,6,本,84.00,54.60,9783030440930,onsale
1665,Introduction to computer numerical control,3,本,86.00,55.90,9780130142962,onsale
1666,Harnessing green IT,3,本,92.00,59.80,9781118306536,discontinued
1667,Discovering computers,12,本,66.00,42.90,9781111530457,onsale
1668,The I²C bus,3,本,108.00,70.20,9780471962687,onsale
1669,Software Defined Networking,10,本,109.00,70.85,9780429174384,offsale
1670,Design and Analysis of Algorithms,9,本,106.00,68.90,9783642348624,offsale
1671,"Tomorrow's Technology and You, Complete",12,本,74.00,48.10,9780135039069,onsale
1672,The language complexity game,3,本,96.00,62.40,9780262519373,onsale
1673,Computer science made simple,3,本,84.00,54.60,9780307433015,onsale
1674,Introduction to genetic algorithms,9,本,100.00,65.00,9783642092244,onsale
1675,Data structures,9,本,94.00,61.10,9780120935505,onsale
1676,Neuro-fuzzy architectures and hybrid learning,17,本,72.00,46.80,9783790814385,onsale
1677,PostgreSQL,5,本,110.00,71.50,9781449326319,offsale
1678,Data Privacy and Security,3,本,94.00,61.10,9781441918161,onsale
1679,Intelligence and Security Informatics,3,本,104.00,67.60,9783319184548,onsale
1680,UML weekend crash course,16,本,70.00,45.50,9780764549106,offsale
1681,Essentials of Computer Architecture,10,本,105.00,68.25,9781032727196,onsale
1682,Using OpenMP,3,本,90.00,58.50,9780262303934,onsale
1683,Handbook of Floating-Point Arithmetic,3,本,82.00,53.30,9783030095130,onsale
1684,Protecting Information Assets and It Infrastructure in the Cloud,3,本,80.00,52.00,9781032605104,onsale
1685,Operating systems programming,10,本,115.00,74.75,9780195095784,onsale
1686,Insight into Theoretical and Applied Informatics,3,本,100.00,65.00,9783110469882,offsale
1687,Data structures and software development in an object-oriented domain,9,本,110.00,71.50,9780137879533,onsale
1688,Computational Intelligence and Intelligent Systems,3,本,94.00,61.10,9789811003554,onsale
1689,Computers As Assistants,3,本,106.00,68.90,9780805821888,onsale
1690,"Foundation Website Creation with HTML5, CSS3, and JavaScript",6,本,92.00,59.80,9781430237914,discontinued
1691,CSS3 Solutions,3,本,90.00,58.50,9781430243366,onsale
1692,Malware forensics field guide for Windows systems,10,本,117.00,76.05,9781597494731,onsale
1693,Data Structures in C,9,本,116.00,75.40,9780669349474,onsale
1694,First Course in Control System Design,3,本,92.00,59.80,9781000794427,discontinued
1695,In Real Life,3,本,102.00,66.30,9780606382199,onsale
1696,Introduction to Reliable and Secure Distributed Programming,6,本,88.00,57.20,9783642152610,onsale
1697,ClojureScript,3,本,88.00,57.20,9781306813143,onsale
1698,Hardware Verification With SystemVerilog,3,本,98.00,63.70,9781441944085,onsale
1699,Beginning Perl for bioinformatics,6,本,86.00,55.90,9781600330285,onsale
1700,Enciclopedia didáctica de computación,3,本,112.00,72.80,9788449406973,onsale
1701,Information and communication technology,12,本,82.00,53.30,9781901888225,onsale
1702,Portable document format reference manual,3,本,90.00,58.50,9780201626285,onsale
1703,The essence of professional issues in computing,3,本,90.00,58.50,9780139087400,onsale
1704,The System,3,本,92.00,59.80,9781526607232,discontinued
1705,Face detection and recognition,3,本,121.00,78.65,9781040071113,onsale
1706,Sams teach yourself SAP in 24 hours,3,本,90.00,58.50,9780672328220,onsale
1707,"Security, Privacy and Digital Forensics in the Cloud",17,本,60.00,39.00,9781119053286,onsale
1708,Future X Network,10,本,105.00,68.25,9780367575014,onsale
1709,How to Pass Higher Computing Science,3,本,100.00,65.00,9781471836039,offsale
1710,Hands-On Introduction to Data Science,3,本,98.00,63.70,9781108472449,onsale
1711,Automatic generation of neural network architecture using evolutionary computation,8,本,121.00,78.65,9781299663824,onsale
1712,Java Examples in a Nutshell,6,本,96.00,62.40,9780613911863,onsale
1713,Object-Oriented Software Engineering,7,本,95.00,61.75,9780071259415,discontinued
1714,Communicating embedded systems,3,本,86.00,55.90,9781118600092,onsale
1715,Modelling and simulation methodology,3,本,98.00,63.70,9780444880444,onsale
1716,Fundamental structures of computer science,3,本,86.00,55.90,9780201087253,onsale
1717,JavaScript for impatient programmers,6,本,88.00,57.20,9781091210097,onsale
1718,Unlocking the clubhouse,3,本,104.00,67.60,9780585448381,onsale
1719,"Computing Essentials 2004 Complete with PowerWeb, Interactive Companion CD, and O'Leary Expansion CD",3,本,102.00,66.30,9780072966176,onsale
1720,Handbook of algorithms and data structures,9,本,129.00,83.85,9780201142181,offsale
1721,Discrete mathematics,9,本,88.00,57.20,9781000157307,onsale
1722,Technology,12,本,68.00,44.20,9781619303232,onsale
1723,The Four,3,本,94.00,61.10,9780735213654,onsale
1724,The visualization toolkit,3,本,92.00,59.80,9781930934122,discontinued
1725,Fundamentals of natural computing,3,本,108.00,70.20,9781584886433,onsale
1726,Data structures and algorithms in C++,9,本,106.00,68.90,9780470383278,offsale
1727,Serial Port Complete,3,本,104.00,67.60,9781931448079,onsale
1728,SPSS,3,本,94.00,61.10,9780470809143,onsale
1729,Data structures & algorithm analysis in Java,9,本,104.00,67.60,9788131760635,onsale
1730,Python developer's handbook,6,本,104.00,67.60,9780672319945,onsale
1731,The Java tutorial continued,6,本,96.00,62.40,9780201485585,onsale
1732,Beginning ASP.NET 1.1 with VB.NET 2003,3,本,112.00,72.80,9780764568855,onsale
1733,Starting Out with Visual C# 2010,17,本,46.00,29.90,9780132612142,onsale
1734,Distributed algorithms,9,本,110.00,71.50,9781558603486,onsale
1735,Programming for Computations - Python,6,本,98.00,63.70,9783030168766,onsale
1736,Information security architecture,3,本,88.00,57.20,9781280651205,onsale
1737,Processing,3,本,92.00,59.80,9781430244646,discontinued
1738,Large-scale software architecture,3,本,106.00,68.90,9780470848494,onsale
1739,How to build a digital library,3,本,102.00,66.30,9780123748577,onsale
1740,Practical Object-Oriented Design: An Agile Primer Using Ruby (2nd Edition),6,本,100.00,65.00,9780134456478,offsale
1741,Microsoft Visual C# Step by Step (9th Edition) (Developer Reference),3,本,96.00,62.40,9781509307760,onsale
1742,The game of lives,3,本,96.00,62.40,9780552571166,onsale
1743,Rechnerarchitektur,3,本,114.00,74.10,9783868942385,onsale
1744,Object Oriented Programming Using C++,6,本,100.00,65.00,9780849324192,offsale
1745,Python for Scientists,6,本,100.00,65.00,9781139950671,offsale
1746,Computational Fluid Dynamics For Sport Simulation,3,本,98.00,63.70,9783642044656,onsale
1747,Performance solutions,3,本,84.00,54.60,9780201722291,onsale
1748,Origins of cyberspace,14,本,69.00,44.85,9780930405854,onsale
1749,Think Stats,3,本,102.00,66.30,9781491907337,onsale
1750,"Proceedings of 3rd International Conference on Advanced Computing, Networking and Informatics",10,本,105.00,68.25,9788132234609,onsale
1751,Windows Powershell For Developers,10,本,111.00,72.15,9781306812887,onsale
1752,Object Lessons,3,本,104.00,67.60,9780962747731,onsale
1753,Algorithm Design and Applications,9,本,104.00,67.60,9781118335918,onsale
1754,Blockchain and the law,14,本,75.00,48.75,9780674241596,onsale
1755,Digital Forensics and Cyber Crime,3,本,92.00,59.80,9783642355141,discontinued
1756,Serious Games Development and Applications,3,本,98.00,63.70,9783642238345,onsale
1757,Introduction to computer science,3,本,92.00,59.80,9780060451288,discontinued
1758,Simply Scheme,3,本,92.00,59.80,9780262581325,discontinued
1759,Data Analysis in Power BI,3,本,102.00,66.30,9781484293706,onsale
1760,Introduction to Computer Science,17,本,60.00,39.00,9788131760307,onsale
1761,Theory of Computer Science,3,本,100.00,65.00,9788120329683,offsale
1762,Pearson Custom computer science,3,本,98.00,63.70,9780558462703,onsale
1763,Beginning JSON,3,本,90.00,58.50,9781484202029,onsale
1764,"Testing Java Microservices: Using Arquillian, Hoverfly, AssertJ, JUnit, Selenium, and Mockito",6,本,110.00,71.50,9781617292897,onsale
1765,Introductory computer science,3,本,108.00,70.20,9780716782865,onsale
1766,National 4 Computing Science Study Guide,3,本,106.00,68.90,9781906736484,onsale
1767,Cambridge International AS and a Level Computer Science Coursebook,3,本,100.00,65.00,9781107546738,offsale
1768,Edexcel GCSE Computer Science,17,本,68.00,44.20,9781292125886,onsale
1769,International GCSE Computer Science,3,本,100.00,65.00,9780198417354,offsale
1770,Computer science,3,本,108.00,70.20,9780669144758,onsale
1771,Principles of computer science,3,本,116.00,75.40,9780914894797,onsale
1772,Explorations in computer science,3,本,104.00,67.60,9780763738327,onsale
1773,Practical Linux with Raspberry Pi OS,10,本,109.00,70.85,9781484265093,offsale
1774,Computer vision,3,本,98.00,63.70,9780367383091,onsale
1775,Coding the Matrix,6,本,104.00,67.60,9780615880990,onsale
1776,Cyber crime investigations,3,本,92.00,59.80,9780080553634,discontinued
1777,The computer,3,本,96.00,62.40,9780912675206,onsale
1778,Grid and cloud database management,5,本,102.00,66.30,9783642200458,discontinued
1779,The Manga Guide to Databases,5,本,118.00,76.70,9783834809834,onsale
1780,Securing biometrics applications,3,本,110.00,71.50,9780387699325,onsale
1781,Theory and Practice of Uncertain Programming,6,本,104.00,67.60,9783790817812,onsale
1782,Beginning jQuery,3,本,86.00,55.90,9781430249320,onsale
1783,Mobile computing,3,本,110.00,71.50,9780792396970,onsale
1784,C memory management techniques,13,本,75.00,48.75,9780830640584,onsale
1785,Requirements Engineering,12,本,94.00,61.10,9783319869971,onsale
1786,Learning UML,17,本,64.00,41.60,9780596003449,onsale
1787,Discrete Mathematics for Computer Science,9,本,100.00,65.00,9781000296648,onsale
1788,Multiple-base number system,3,本,102.00,66.30,9781439830475,onsale
1789,Willful machines,3,本,96.00,62.40,9781481432771,onsale
1790,Possible Minds,16,本,68.00,44.20,9780525558019,onsale
1791,Grundkurs Mobile Kommunikationssysteme,3,本,96.00,62.40,9783658083410,onsale
1792,Applied Informatics,3,本,92.00,59.80,9783031196461,discontinued
1793,Telematics and Computing,3,本,102.00,66.30,9783031772894,onsale
1794,Ruby programming for the absolute beginner,6,本,118.00,76.70,9781598633979,onsale
1795,"Discovering genomics, proteomics, and bioinformatics",3,本,96.00,62.40,9780805347227,onsale
1796,Self-organizing maps,3,本,94.00,61.10,9783540586005,onsale
1797,A simple guide to SPSS for Windows,10,本,93.00,60.45,9780534610043,onsale
1798,Advanced Applications of Computational Mathematics,11,本,78.00,50.70,9781000793208,onsale
1799,Computational Science and Its Applications - ICCSA 2004,3,本,102.00,66.30,9783540247685,onsale
1800,Systems Program & Operation,17,本,72.00,46.80,9780074635797,onsale
1801,Soft computing applications,3,本,102.00,66.30,9783790815443,onsale
1802,Ruby best practices,6,本,94.00,61.10,9780596551230,onsale
1803,Information technology,12,本,76.00,49.40,9780273017981,onsale
1804,Parameterized Algorithms,9,本,100.00,65.00,9783319212753,onsale
1805,Intelligent Human Computer Interaction,3,本,102.00,66.30,9783319720388,onsale
1806,Head First Learn to Code: A Learner's Guide to Coding and Computational Thinking,6,本,114.00,74.10,9781491958865,onsale
1807,Sliding Window Algorithm for Mobile Communication Networks,9,本,104.00,67.60,9789811084720,onsale
1808,Basic Java programming,6,本,106.00,68.90,9781887902670,onsale
1809,Genetic programming,6,本,84.00,54.60,9780262111706,onsale
1810,The Unified Process for Practitioners,3,本,98.00,63.70,9781852332754,onsale
1811,Time series analysis and its applications,3,本,90.00,58.50,9787510004384,onsale
1812,Secure data management,5,本,106.00,68.90,9783319068107,onsale
1813,Minitab handbook,3,本,86.00,55.90,9780534212407,onsale
1814,"Dictionary of Computer Science, Engineering and Technology",12,本,66.00,42.90,9781315214740,onsale
1815,Computational Science and Its Applications – ICCSA 2017,3,本,106.00,68.90,9783319623948,onsale
1816,Ambient Communications and Computer Systems,10,本,113.00,73.45,9789811073854,onsale
1817,Computer Aided Verification,3,本,98.00,63.70,9783319961422,onsale
1818,Readings in natural language processing,12,本,74.00,48.10,9780934613118,onsale
1819,First Encyclopedia of Science (First Encyclopedias),3,本,84.00,54.60,9780746042021,onsale
1820,Modern Compiler Design,7,本,91.00,59.15,9780470309322,onsale
1821,"Data Privacy Management, Cryptocurrencies and Blockchain Technology",12,本,72.00,46.80,9783030661717,discontinued
1822,"Modelling Organs, Tissues, Cells and Devices",3,本,90.00,58.50,9783642548000,onsale
1823,Object-oriented methods,7,本,107.00,69.55,9780906774823,onsale
1824,Use Case Driven Object Modeling with UMLTheory and Practice,3,本,121.00,78.65,9781430221500,onsale
1825,Fundamental proof methods in computer science,3,本,92.00,59.80,9780262035538,discontinued
1826,10 minute guide to memory management,13,本,79.00,51.35,9781567612356,offsale
1827,Computer simulation in physical geography,3,本,106.00,68.90,9780471935469,onsale
1828,Ruby Pocket Reference,6,本,114.00,74.10,9781491925997,onsale
1829,Applications and Usability of Interactive TV,3,本,104.00,67.60,9783319389073,onsale
1830,Pro Drupal development,3,本,106.00,68.90,9781590597552,onsale
1831,Handbook of data compression,3,本,102.00,66.30,9781848829022,onsale
1832,Oracle SQL*Plus,5,本,110.00,71.50,9780596150358,offsale
1833,Integer and combinatorial optimization,3,本,96.00,62.40,9780471359432,onsale
1834,C++ Data Structures,9,本,112.00,72.80,9780763755645,onsale
1835,Starting out with Visual C# (4th Edition),3,本,94.00,61.10,9780134382609,onsale
1836,Neural networks,8,本,103.00,66.95,9783540523802,onsale
1837,CISSP Study Guide,3,本,114.00,74.10,9781597495646,onsale
1838,"Internet of Things, Smart Spaces, and Next Generation Networks and Systems",10,本,103.00,66.95,9783319231266,onsale
1839,Internet activities using scientific data,3,本,88.00,57.20,9780160455414,onsale
1840,Sams Teach Yourself Go in 24 Hours: Next Generation Systems Programming with Golang: Next Generation Systems Programming with Golang,6,本,98.00,63.70,9780672338038,onsale
1841,Advanced compiler design and implementation,7,本,93.00,60.45,9781558603202,onsale
1842,Rapid software development with smalltalk,7,本,101.00,65.65,9781884842122,onsale
1843,Adobe Acrobat X Pdf Bible,3,本,86.00,55.90,9781118019061,onsale
1844,Data abstraction and problem solving with Java,6,本,80.00,52.00,9780201713305,onsale
1845,Multiple-Criteria decision making,3,本,108.00,70.20,9781468483970,onsale
1846,Java,6,本,106.00,68.90,9783642958533,onsale
1847,Combinatorial Image Analysis,3,本,96.00,62.40,9783319071473,onsale
1848,CLR via C#,3,本,108.00,70.20,9780735667457,onsale
1849,Extending Ourselves,3,本,90.00,58.50,9780198036005,onsale
1850,Managing RAID on Linux,10,本,109.00,70.85,9780596555610,offsale
1851,Wirtschaftsinformatik Für Dummies,3,本,98.00,63.70,9783527709151,onsale
1852,A computer science reader,3,本,106.00,68.90,9781441987266,onsale
1853,Object-oriented implementation of numerical methods,7,本,109.00,70.85,9781558606791,onsale
1854,Cybercrime Investigations,3,本,123.00,79.95,9781000062236,offsale
1855,ACM/IEEE present MobiCom '99,10,本,93.00,60.45,9781581131420,onsale
1856,Bcs Glossary Of Computing And Ict,17,本,54.00,35.10,9781780171500,onsale
1857,MVS power programming,6,本,88.00,57.20,9780070407633,onsale
1858,Adaptive Resource Management and Scheduling for Cloud Computing,13,本,75.00,48.75,9783319134635,onsale
1859,"Integrated Networking, Caching, and Computing",10,本,111.00,72.15,9780367571528,onsale
1860,Computational Science and Its Applications - ICCSA 2014,3,本,94.00,61.10,9783319091433,onsale
1861,Object-oriented programming with C++,6,本,104.00,67.60,9780195681529,onsale
1862,Evaluation of Novel Approaches to Software Engineering,7,本,97.00,63.05,9783642233913,onsale
1863,Pearson REVISE BTEC National Computing Revision Guide,17,本,54.00,35.10,9781292150208,onsale
1864,Tree-Based Convolutional Neural Networks,8,本,123.00,79.95,9789811318696,onsale
1865,Digital watermarking and steganography,3,本,104.00,67.60,9781351826983,onsale
1866,Practical UML statecharts in C/C++,3,本,102.00,66.30,9781498717700,onsale
1867,Python scripting for computational science,6,本,92.00,59.80,9783540435082,discontinued
1868,Paper prototyping,3,本,100.00,65.00,9781558608702,offsale
1869,Truth Machine,3,本,123.00,79.95,9781250114600,offsale
1870,Encyclopedia of computer science and technology,12,本,76.00,49.40,9780816043736,onsale
1871,Java persistence with Hibernate,6,本,112.00,72.80,9781932394887,onsale
1872,Interactive Collaborative Robotics,3,本,100.00,65.00,9783030877248,offsale
1873,Ada,3,本,117.00,76.05,9780130040114,onsale
1874,Open Query File magic!,3,本,108.00,70.20,9781883884055,onsale
1875,Code Generation With Templates,3,本,106.00,68.90,9789491216565,onsale
1876,Basic category theory for computer scientists,3,本,94.00,61.10,9780262660716,onsale
1877,Oracle PL/SQL Programming,5,本,106.00,68.90,9781449324452,onsale
1878,Digital evidence and computer crime,3,本,84.00,54.60,9780121631048,onsale
1879,The Data Revolution,3,本,106.00,68.90,9781446287484,onsale
1880,Artificial general intelligence,3,本,84.00,54.60,9783030521516,onsale
1881,Objective-C for dummies,3,本,94.00,61.10,9780470561355,onsale
1882,Future Information Engineering and Manufacturing Science,12,本,82.00,53.30,9781315760759,onsale
1883,Data Preprocessing in Data Mining,8,本,105.00,68.25,9783319102474,discontinued
1884,Discrete mathematics,9,本,108.00,70.20,9780521384759,onsale
1885,Selected Papers on Discrete Mathematics,9,本,112.00,72.80,9781575862491,onsale
1886,Data Privacy Games,3,本,96.00,62.40,9783030085865,onsale
1887,The aesthetics of computing,3,本,112.00,72.80,9780297818694,onsale
1888,UML Demystified,3,本,86.00,55.90,9780072261820,onsale
1889,Essential discrete mathematics,9,本,88.00,57.20,9780023606304,onsale
1890,Operating System Forensics,10,本,101.00,65.65,9780128019634,discontinued
1891,Principles of quantum computation and information,3,本,112.00,72.80,9789812388582,onsale
1892,Information Technology,12,本,66.00,42.90,9780075613213,onsale
1893,Fundamental statistics for the behavioral sciences,11,本,84.00,54.60,9780871508430,onsale
1894,MATLAB programming for engineers,6,本,92.00,59.80,9780534951511,discontinued
1895,Membrane Computing,3,本,102.00,66.30,9783319284743,onsale
1896,Engineering Psychology and Cognitive Ergonomics,12,本,74.00,48.10,9783540733317,onsale
1897,First principles of discrete systems and digital signal processing,3,本,84.00,54.60,9780201095180,onsale
1898,Probabilistic networks and expert systems,8,本,131.00,85.15,9780387987675,onsale
1899,Data classification,3,本,98.00,63.70,9781322635675,onsale
1900,Delete,3,本,96.00,62.40,9781400838455,onsale
1901,Artificial life,3,本,106.00,68.90,9780679407744,onsale
1902,Java Security,6,本,94.00,61.10,9781565924031,onsale
1903,Programming Embedded Systems in C and C ++,6,本,106.00,68.90,9781565929227,onsale
1904,Smart environments,3,本,104.00,67.60,9780471686590,onsale
1905,Principles of Digital Image Processing,3,本,108.00,70.20,9781848829190,onsale
1906,Introduction to computer science and data processing,3,本,94.00,61.10,9780030835926,onsale
1907,Fundamentals of multicore software development,7,本,107.00,69.55,9781439812747,onsale
1908,Chinese Computational Linguistics and Natural Language Processing Based on Naturally Annotated Big Data,3,本,106.00,68.90,9783319476735,onsale
1909,Discrete Mathematical Structures,3,本,108.00,70.20,9780367779443,onsale
1910,Discovering Computers 2014,17,本,62.00,40.30,9781285161761,onsale
1911,Electronic Engineering and Information Science,12,本,84.00,54.60,9781317428893,onsale
1912,Machine Vision,3,本,92.00,59.80,9780080473246,discontinued
1913,The Limits of Mathematics,11,本,96.00,62.40,9789813083592,onsale
1914,Computability and complexity theory,3,本,114.00,74.10,9781489989710,onsale
1915,Semantic web for the working ontologist,3,本,100.00,65.00,9780123859662,offsale
1916,Artificial Intelligence and Soft Computing,8,本,103.00,66.95,9781420049138,onsale
1917,Programming Arduino,6,本,96.00,62.40,9781259641640,onsale
1918,Image and Video Compression Standards,3,本,92.00,59.80,9781461562009,discontinued
1919,Lab Manual for Schneider and Gersting's an Invitation to Computer Science,12,本,76.00,49.40,9780534954161,onsale
1920,Getting into VSAM,3,本,106.00,68.90,9780471632979,onsale
1921,Virtualization For Dummies,3,本,100.00,65.00,9780470277195,offsale
1922,Calculus for Cognitive Scientists,11,本,69.00,44.85,9789812878779,onsale
1923,Computational physics,12,本,84.00,54.60,9783527618842,onsale
1924,An Introduction to Statistical Learning,17,本,60.00,39.00,9783031387470,onsale
1925,The Unified modeling language,3,本,98.00,63.70,9783790811056,onsale
1926,The data model resource book,3,本,94.00,61.10,9780471153672,onsale
1927,Object-oriented programming using C++,6,本,106.00,68.90,9781418836269,onsale
1928,Electronic Dreams,3,本,92.00,59.80,9781522642282,discontinued
1929,Head first software development,7,本,111.00,72.15,9781449368159,onsale
1930,A first course in scientific computing,3,本,92.00,59.80,9780691121833,discontinued
1931,Principal Component Analysis Networks and Algorithms,9,本,102.00,66.30,9789811029134,onsale
1932,Visualizing Technology Introductory,12,本,70.00,45.50,9780134816432,onsale
1933,Quantum Cryptography and Secret-Key Distillation,3,本,88.00,57.20,9780511280139,onsale
1934,Component software,17,本,48.00,31.20,9780321753021,onsale
1935,Algorithms and parallel computing,9,本,100.00,65.00,9780470934630,onsale
1936,Watermarking systems engineering,12,本,80.00,52.00,9780429223938,offsale
1937,"Coloured Petri Nets, Vol. 1",3,本,110.00,71.50,9780387555973,onsale
1938,How Debuggers work,3,本,104.00,67.60,9780471149668,onsale
1939,Combinations of Intelligent Methods and Applications,3,本,92.00,59.80,9783319800271,discontinued
1940,Artificial Intelligence in the Age of Neural Networks and Brain Computing,8,本,103.00,66.95,9780128162507,onsale
1941,Artificial intelligence,8,本,107.00,69.55,9781351109574,onsale
1942,Mathematics in Computing,11,本,82.00,53.30,9781447145332,discontinued
1943,Design Patterns : Elements of Reusable Object-Oriented Software with Applying Uml and Patterns : An Introduction to Object-Oriented Analysis and Design and the Unified Process : Elements of Reusable O,7,本,99.00,64.35,9780582844421,onsale
1944,Quantum communications and cryptography,3,本,102.00,66.30,9780367391744,onsale
1945,Exploring Neural Networks with C#,8,本,125.00,81.25,9781498760379,onsale
1946,IBM,3,本,92.00,59.80,9780262039444,discontinued
1947,MATLAB Programming,6,本,94.00,61.10,9783110663709,onsale
1948,"Pattern languages of program design, 2",3,本,100.00,65.00,9780201895278,offsale
1949,Introduction to Computing Using Python: An Application Development Focus,6,本,102.00,66.30,9781118890943,onsale
1950,Impact of Science on Society,14,本,63.00,40.95,9781410224378,onsale
1951,Principles of Cyber-Physical Systems,3,本,94.00,61.10,9780262328463,onsale
1952,Smart Machines Ibms Watson And The Era Of Cognitive Computing,3,本,94.00,61.10,9780231168564,onsale
1953,Foundations of discrete mathematics,9,本,86.00,55.90,9788122401202,onsale
1954,IBMI/O architecture and virtual storage concepts,3,本,86.00,55.90,9780471801412,onsale
1955,ARM system developer's guide,12,本,82.00,53.30,9781558608740,onsale
1956,Foundational Python for Data Science,6,本,94.00,61.10,9780136624356,onsale
1957,Incident response,3,本,104.00,67.60,9780764526367,onsale
1958,Software systems and their development,3,本,110.00,71.50,9780749257873,onsale
1959,Exploring computer science with Scheme,3,本,106.00,68.90,9781441928559,onsale
1960,"Equations, models and programs",3,本,96.00,62.40,9780132832847,onsale
1961,Methods of IT project management,13,本,77.00,50.05,9781612499161,onsale
1962,Spoken English on Computer,3,本,88.00,57.20,9780582250215,onsale
1963,Cloud computing networking,10,本,107.00,69.55,9781482254815,onsale
1964,Doomed,3,本,94.00,61.10,9780802723734,onsale
1965,Hacker and the State,3,本,96.00,62.40,9780674271029,onsale
1966,Object-oriented systems analysis,7,本,87.00,56.55,9780136290230,onsale
1967,The art of C programming,6,本,106.00,68.90,9780387963921,onsale
1968,Guide to Convolutional Neural Networks,8,本,117.00,76.05,9783319575490,onsale
1969,Post-Silicon Validation and Debug,3,本,92.00,59.80,9783030074548,discontinued
1970,Neural Networks and Learning Machines,8,本,109.00,70.85,9781282645820,onsale
1971,AP computer science A,17,本,60.00,39.00,9780764143731,onsale
1972,An introduction to neural computing,8,本,111.00,72.15,9780412377808,onsale
1973,Encyclopedia of computer science and technology,12,本,74.00,48.10,9780824722920,onsale
1974,Complete Maya Programming,6,本,100.00,65.00,9781558608351,offsale
1975,Classical and object-oriented software engineering with UML and Java,6,本,84.00,54.60,9780072302264,onsale
1976,"Data structures, algorithms, and program style using C",9,本,104.00,67.60,9780871500991,onsale
1977,An introduction to functional programming systems using Haskell,6,本,86.00,55.90,9780521258302,onsale
1978,The dreams of reason,3,本,90.00,58.50,9780553347104,onsale
1979,Coarsetofine Natural Language Processing,3,本,106.00,68.90,9783642427497,onsale
1980,Schaum's Outline of Data Structures with Java,9,本,98.00,63.70,9780071361286,discontinued
1981,Distributed Tracing in Practice,3,本,102.00,66.30,9781492056638,onsale
1982,Universal algebra and applications in theoretical computer science,11,本,94.00,61.10,9781584882541,onsale
1983,Physics for engineers and scientists,12,本,92.00,59.80,9780977858217,onsale
1984,Essential UML fast,3,本,88.00,57.20,9781852334130,onsale
1985,The handbook of computational linguistics and natural language processing,3,本,86.00,55.90,9781444324051,onsale
1986,Steganography in Digital Media,3,本,86.00,55.90,9780521190190,onsale
1987,Design patterns in C#,12,本,80.00,52.00,9780321718938,offsale
1988,The book of Ruby,6,本,104.00,67.60,9781593272944,onsale
1989,Decrypted Secrets,3,本,96.00,62.40,9783662047361,onsale
1990,Algorithms for Computational Biology,9,本,114.00,74.10,9783319388267,onsale
1991,Guide to cloud computing for business and technology managers,12,本,76.00,49.40,9781482219227,onsale
1992,The Kimball Group Reader,3,本,108.00,70.20,9781119238799,onsale
1993,Real-time UML,3,本,92.00,59.80,9780321160768,discontinued
1994,The Global Cyber-Vulnerability Report,3,本,94.00,61.10,9783319257600,onsale
1995,Deep Learning from the Basics : Python and Deep Learning,8,本,99.00,64.35,9781800206137,onsale
1996,Web Development and Design Foundations with HTML5,7,本,95.00,61.75,9780136681540,discontinued
1997,Artificial life,3,本,118.00,76.70,9780679743897,onsale
1998,Data Structures for Game Programmers (Premier Press Game Development),9,本,112.00,72.80,9781931841948,onsale
1999,Introducing Go,6,本,96.00,62.40,9781491942017,onsale
2000,Cost-Based Oracle Fundamentals,5,本,94.00,61.10,9781430213642,onsale
2001,Quantum Computing with Silq Programming,6,本,84.00,54.60,9781800561212,onsale
2002,On the Foundations of Computing,3,本,106.00,68.90,9780198835653,onsale
2003,History of Computing : Learning from the Past,14,本,77.00,50.05,9783642151996,onsale
2004,Computer science and engineering,12,本,90.00,58.50,9781848266773,onsale
2005,The Usborne Computer Dictionary (Computer Guides),3,本,98.00,63.70,9781580863216,onsale
2006,Software Specification Methods,3,本,102.00,66.30,9781847045843,onsale
2007,Microsoft Visual C# 2015,17,本,66.00,42.90,9781285860237,offsale
2008,Schaum's Outline of Data Structures with C++,9,本,100.00,65.00,9780071353458,onsale
2009,Collected Papers of Stephen Smale,3,本,112.00,72.80,9781299609747,onsale
2010,Trends in constraint programming,6,本,90.00,58.50,9780470612309,onsale
2011,Neural Information Processing,8,本,109.00,70.85,9783319701356,onsale
2012,Neural Networks and Statistical Learning,8,本,111.00,72.15,9781447174516,onsale
2013,Guide to Teaching Computer Science,17,本,66.00,42.90,9781447160694,offsale
2014,Multimedia semantics,3,本,94.00,61.10,9781119970620,onsale
2015,"AP® Computer Science Principles Crash Course, for the 2021 Exam, 2nd Ed. , Book + Online",17,本,64.00,41.60,9780738612652,onsale
2016,Neural networks and machine learning,8,本,113.00,73.45,9783540649281,offsale
2017,Instructor's resource guide for discrete mathematics and its applications,9,本,96.00,62.40,9780072474800,onsale
2018,All the troubles of the world,17,本,64.00,41.60,9780886822330,onsale
2019,Nine Algorithms That Changed the Future,9,本,104.00,67.60,9780691209067,onsale
2020,Blueprints Visual Scripting for Unreal Engine,3,本,110.00,71.50,9781789347067,onsale
2021,Industrial Networks and Intelligent Systems,10,本,97.00,63.05,9783030058722,onsale
2022,Algorithms on Strings,9,本,102.00,66.30,9780511287329,onsale
2023,Creating the Coding Generation in Primary Schools,6,本,102.00,66.30,9781134797813,onsale
2024,Beauty Is Our Business,13,本,85.00,55.25,9783540972990,onsale
2025,"Garbage In, Gorgeous Out",3,本,98.00,63.70,9780070228894,onsale
2026,JUnit recipes,3,本,102.00,66.30,9781932394238,onsale
2027,Simply Windows 7,10,本,111.00,72.15,9780470970638,onsale
2028,Measuring The User Experience Collecting Analyzing And Presenting Usability Metrics,12,本,68.00,44.20,9780124157811,onsale
2029,Human Language Technology. Challenges for Computer Science and Linguistics,12,本,88.00,57.20,9783319937816,onsale
2030,Text Analytics with Python: A Practical Real-World Approach to Gaining Actionable Insights from your Data,6,本,98.00,63.70,9781484223871,onsale
2031,Rapid application development with Visual Basic 6,3,本,88.00,57.20,9780071354226,onsale
2032,Essential introduction to computers and how to purchase a personal computer,12,本,72.00,46.80,9781423912354,discontinued
2033,Design Patterns in . NET Core 3. 0,3,本,108.00,70.20,9781484261798,onsale
2034,Mathematik für Informatiker,3,本,108.00,70.20,9783642379727,onsale
2035,Cambridge illustrated thesaurus of computer science,3,本,84.00,54.60,9780521262071,onsale
2036,Bioinformatics,3,本,110.00,71.50,9781439814895,onsale
2037,Analysis Of Boolean Functions,3,本,102.00,66.30,9781139814782,onsale
2038,Introduction to evolutionary algorithms,9,本,120.00,78.00,9781849961288,onsale
2039,SQL Server 2012 Query Performance Tuning,5,本,133.00,86.45,9781430242031,offsale
2040,Generative Adversarial Networks Cookbook,10,本,125.00,81.25,9781789139587,onsale
2041,Web Application Security,3,本,96.00,62.40,9781098143930,onsale
2042,Principles of Security and Trust,3,本,108.00,70.20,9783319897226,onsale
2043,Android malware and analysis,3,本,96.00,62.40,9781482252194,onsale
2044,The Wizardry Quested,3,本,110.00,71.50,9780671877088,onsale
2045,Explorations in Computer Science,3,本,100.00,65.00,9780763722654,offsale
2046,School of Niklaus Wirth,3,本,96.00,62.40,9781558607231,onsale
2047,intelligence Artificielle en Images,3,本,110.00,71.50,9782759819515,onsale
2048,Computer Skills for the Information Age,3,本,94.00,61.10,9781465208910,onsale
2049,Twenty Years of a New Kind of Science,3,本,102.00,66.30,9781579550516,onsale
2050,The Cambridge Handbook of Computing Education Research,17,本,64.00,41.60,9781108654555,onsale
2051,One Jump Ahead,3,本,106.00,68.90,9781475727357,onsale
2052,International Communities of Invention and Innovation,3,本,102.00,66.30,9783319494623,onsale
2053,Computational Science – ICCS 2018,3,本,96.00,62.40,9783319937120,onsale
2054,Essentials of Computing and Communication Technologies,17,本,72.00,46.80,9781449670818,onsale
2055,Programming Languages,6,本,110.00,71.50,9780716780779,onsale
2056,"Digitalisation, Innovation, and Transformation",3,本,92.00,59.80,9783030068707,discontinued
2057,"Handbook of Theoretical Computer Science, Vol. A",3,本,88.00,57.20,9780262220385,onsale
2058,The art and craft of computing,3,本,106.00,68.90,9780201876987,onsale
2059,Doing Data Science,3,本,108.00,70.20,9781449358655,onsale
2060,Speaking JavaScript,6,本,98.00,63.70,9781306810579,onsale
2061,Data Structures and Algorithms Using C#,9,本,112.00,72.80,9780521876919,onsale
2062,Hard disk drive servo systems,3,本,98.00,63.70,9781447137139,onsale
2063,Introduction to Programming Using Java,6,本,80.00,52.00,9780321200068,onsale
2064,High Performance Computing,3,本,88.00,57.20,9781322619033,onsale
2065,Smart Things,12,本,88.00,57.20,9780123748997,onsale
2066,Reflections on the History of Computers in Education,14,本,75.00,48.75,9783662525708,onsale
2067,Computers & information systems,3,本,82.00,53.30,9780805311006,onsale
2068,The Art of Objects,3,本,82.00,53.30,9780201711615,onsale
2069,Intelligence and artificial intelligence,8,本,113.00,73.45,9783540637806,offsale
2070,Delphi in a nutshell,3,本,102.00,66.30,9781306809818,onsale
2071,Probability and Statistics for Computer Science,11,本,94.00,61.10,9783319644097,onsale
2072,Principles of data integration,12,本,82.00,53.30,9780123914798,onsale
2073,Files and databases,5,本,92.00,59.80,9780201107463,onsale
2074,OOPSLA 92 Addendum,6,本,102.00,66.30,9780897916103,onsale
2075,Packaging handbook,3,本,96.00,62.40,9781555122089,onsale
2076,Job Scheduling Strategies for Parallel Processing,3,本,84.00,54.60,9783030631703,onsale
2077,UML,3,本,100.00,65.00,9780596004972,offsale
2078,Data structures,9,本,100.00,65.00,9780131988132,onsale
2079,UML @ Classroom: An Introduction to Object-Oriented Modeling (Undergraduate Topics in Computer Science),7,本,97.00,63.05,9783319127415,onsale
2080,The art of parallel programming,6,本,92.00,59.80,9780130459237,discontinued
2081,How to write parallel programs,3,本,84.00,54.60,9780262031714,onsale
2082,A practical guide to neural nets,8,本,99.00,64.35,9780201563092,onsale
2083,Data structures demystified,9,本,104.00,67.60,9780072253597,onsale
2084,Haskell,3,本,100.00,65.00,9780201882957,offsale
2085,Text compression,3,本,92.00,59.80,9780139119910,discontinued
2086,Scaffolding,3,本,104.00,67.60,9780805895353,onsale
2087,Keine Angst vor Linux/Unix,10,本,103.00,66.95,9783642320781,onsale
2088,The definitive guide to how computers do math,3,本,98.00,63.70,9780471741961,onsale
2089,Engineering haptic devices,12,本,74.00,48.10,9781447165170,onsale
2090,The Python workbook,6,本,104.00,67.60,9783319385617,onsale
2091,Personas User Focused Design,3,本,94.00,61.10,9781447159032,onsale
2092,Tom Clancy's Net Force - Gameprey,3,本,123.00,79.95,9781101005057,offsale
2093,Information Processing and Management of Uncertainty in Knowledge-Based Systems,13,本,81.00,52.65,9783319405964,onsale
2094,Computer science handbook,3,本,94.00,61.10,9781135440558,onsale
2095,Artificial Intelligence Applications and Innovations,8,本,121.00,78.65,9783319831688,onsale
2096,Unsupervised learning,17,本,58.00,37.70,9780262288033,discontinued
2097,Grace Hopper and the invention of the information age,3,本,96.00,62.40,9780262258562,onsale
2098,Communities of Computing,3,本,92.00,59.80,9781970001853,discontinued
2099,The Haskell School of Music,3,本,94.00,61.10,9781108271493,onsale
2100,"Emerging Trends in Computing, Informatics, Systems Sciences, and Engineering",12,本,82.00,53.30,9781493953271,onsale
2101,Open Data Structures,9,本,116.00,75.40,9781299794641,onsale
2102,Artificial neural networks,8,本,123.00,79.95,9780387594880,onsale
2103,Einführung in die Programmiersprache COBOL,3,本,98.00,63.70,9783528333355,onsale
2104,Grid computing,3,本,96.00,62.40,9783834800336,onsale
2105,Social statistics for a diverse society,11,本,78.00,50.70,9781506347202,onsale
2106,Alan Turing,14,本,79.00,51.35,9780750999243,onsale
2107,Algorithmic learning theory,9,本,108.00,70.20,9783540455837,onsale
2108,Digitized,3,本,116.00,75.40,9780199693795,onsale
2109,Deployment Guide Series,3,本,110.00,71.50,9780738497068,onsale
2110,Darwin among the machines,3,本,96.00,62.40,9780713992052,onsale
2111,Advanced Penetration Testing with Kali Linux,10,本,127.00,82.55,9789355519887,onsale
2112,Programming Massively Parallel Processors,6,本,94.00,61.10,9780123914187,onsale
2113,Audit and trace log management,13,本,75.00,48.75,9781280653193,onsale
2114,Taming the tiger,3,本,92.00,59.80,9781461247180,discontinued
2115,Smart Cyber Physical Systems,3,本,119.00,77.35,9781000225204,onsale
2116,Computer and Information Sciences,3,本,118.00,76.70,9789048197958,onsale
2117,Artificial evolution,3,本,90.00,58.50,9783540435440,onsale
2118,LabVIEW advanced programming techniques,6,本,98.00,63.70,9780849320491,onsale
2119,Intelligent systems for engineers and scientists,3,本,92.00,59.80,9781439821213,discontinued
2120,The origins of digital computers,3,本,104.00,67.60,9780387061696,onsale
2121,Computers (Careers in Focus),3,本,114.00,74.10,9780894342899,onsale
2122,Model And Data Engineering,12,本,68.00,44.20,9783642336102,onsale
2123,Algorithms on Trees and Graphs,9,本,98.00,63.70,9783662049211,discontinued
2124,"Design by contract, by example",3,本,80.00,52.00,9780201634600,onsale
2125,Discrete mathematics using a computer,9,本,108.00,70.20,9781447136576,onsale
2126,Computational modeling and problem solving in the networked world,10,本,103.00,66.95,9781402072956,onsale
2127,"Algorithms in Java, Part 5",9,本,94.00,61.10,9780134190075,onsale
2128,Simulation engineering,12,本,70.00,45.50,9781138436411,onsale
2129,Computer telephony encyclopedia,3,本,100.00,65.00,9780429079542,offsale
2130,Applications Of Functional Programming,6,本,114.00,74.10,9781857283778,onsale
2131,Functional Programming in C#: How to write better C# code,6,本,106.00,68.90,9781617293955,onsale
2132,File structures using C++,3,本,96.00,62.40,9780070704695,onsale
2133,Perl Debugger,6,本,86.00,55.90,9780596005030,onsale
2134,Categories and computer science,3,本,108.00,70.20,9781875399017,onsale
2135,Apache,3,本,92.00,59.80,9780596002039,discontinued
2136,Computer forensics,3,本,108.00,70.20,9781584503897,onsale
2137,Applied Network Security Monitoring Using Open Source Tools,10,本,93.00,60.45,9780124172081,onsale
2138,Constraint logic programming using ECLiPSe,6,本,94.00,61.10,9780511347771,onsale
2139,Spiking neuron models,3,本,86.00,55.90,9780511075063,onsale
2140,Dizionario di informatica,3,本,106.00,68.90,9788885134614,onsale
2141,Enterprise Model Patterns Describing The World Uml Version,3,本,94.00,61.10,9781935504054,onsale
2142,Principles of Object-Oriented Modeling and Simulation with Modelica 3.3,7,本,91.00,59.15,9781322566023,onsale
2143,Digital deli,3,本,104.00,67.60,9780894805912,onsale
2144,Cyber Defense Mechanisms,3,本,88.00,57.20,9781000171983,onsale
2145,Object-Oriented Programming for Graphics,6,本,104.00,67.60,9783642791932,onsale
2146,Interaktive Systeme,3,本,84.00,54.60,9783642054020,onsale
2147,Model checking,3,本,84.00,54.60,9780262032704,onsale
2148,Using SPSS for the Windows and Macintosh,10,本,97.00,63.05,9780130990044,onsale
2149,Java modeling in color with UML,6,本,117.00,76.05,9780130115102,onsale
2150,Data Abstraction & Problem Solving with C++: Walls and Mirrors (6th Edition),3,本,96.00,62.40,9780132923729,onsale
2151,Gender codes,14,本,77.00,50.05,9780470619919,onsale
2152,Data structures and algorithms in Java,9,本,98.00,63.70,9780470383261,discontinued
2153,DISCOVERING STATISTICS USING R.,11,本,92.00,59.80,9781446289136,onsale
2154,Head first HTML with CSS & XHTML,3,本,104.00,67.60,9780596101978,onsale
2155,Engineering and scientific computing with Scilab,12,本,78.00,50.70,9783764340094,onsale
2156,Hacking Cyberspace,3,本,106.00,68.90,9780429968631,onsale
2157,Intelligent Computer Mathematics,11,本,82.00,53.30,9783642393211,discontinued
2158,Wireless Network Security,10,本,105.00,68.25,9783642365126,onsale
2159,Enterprise computing with objects,3,本,92.00,59.80,9780201325669,discontinued
2160,"Beginning JSP, JSF and Tomcat",3,本,90.00,58.50,9781430246237,onsale
2161,The IDA Pro book,3,本,108.00,70.20,9781593271787,onsale
2162,Object Modeling and User Interface Design,3,本,96.00,62.40,9780201657890,onsale
2163,Data structures via C++,9,本,104.00,67.60,9780195108439,onsale
2164,Neural Information Processing,8,本,103.00,66.95,9783642420542,onsale
2165,Professional Ruby On Rails,6,本,100.00,65.00,9780470223888,offsale
2166,Discovering Smalltalk,3,本,90.00,58.50,9780805327205,onsale
2167,Fundamentals of OOP and data structures in Java,9,本,96.00,62.40,9780521662208,onsale
2168,Object-oriented assembly language,7,本,93.00,60.45,9780830676200,onsale
2169,Magill's survey of science,3,本,104.00,67.60,9780893566180,onsale
2170,Interdisciplinary Applications of Kinematics,3,本,88.00,57.20,9783319344201,onsale
2171,Thin Clients Clearly Explained,3,本,98.00,63.70,9780126455359,onsale
2172,A Practical Guide To Computer Forensics Investigations,3,本,108.00,70.20,9780789741158,onsale
2173,Starting Out with Java,6,本,100.00,65.00,9780273774426,offsale
2174,Natural language understanding,3,本,90.00,58.50,9780805303346,onsale
2175,Writing secure code,3,本,98.00,63.70,9780735637405,onsale
2176,Object-oriented programming in Java,6,本,94.00,61.10,9780321245748,onsale
2177,Algorithmic logic,9,本,116.00,75.40,9789027719287,onsale
2178,CompTIA security+ study guide,3,本,102.00,66.30,9781119416876,onsale
2179,"Information and Communication Technologies in Education, Research, and Industrial Applications",17,本,68.00,44.20,9783030775919,onsale
2180,Learning to Program with MATLAB,17,本,64.00,41.60,9780470936443,onsale
2181,Accel World,3,本,86.00,55.90,9783842011540,onsale
2182,Using Samba,3,本,96.00,62.40,9780596002565,onsale
2183,Mapping Scientific Frontiers,3,本,86.00,55.90,9781447100515,onsale
2184,Bioinformatics and Functional Genomics,3,本,96.00,62.40,9780471459170,onsale
2185,Python Digital Forensics Cookbook: Effective Python recipes for digital investigations,6,本,118.00,76.70,9781783987467,onsale
2186,Data Recovery Tips & Solutions,3,本,108.00,70.20,9781931769563,onsale
2187,Computer and Information Science,3,本,106.00,68.90,9783540791874,onsale
2188,Introduction to Lattice Theory with Computer Science Applications,3,本,96.00,62.40,9781119069713,onsale
2189,Hands-On Incident Response and Digital Forensics,17,本,58.00,37.70,9781780174204,discontinued
2190,Handbook of Research on Intrusion Detection Systems,3,本,106.00,68.90,9781799822424,onsale
2191,Fluid Concepts and Creative Analogies,3,本,98.00,63.70,9780713991550,onsale
2192,Fault-tolerant parallel computation,3,本,104.00,67.60,9780792399223,onsale
2193,Practical ray tracing in C,3,本,88.00,57.20,9780471573012,onsale
2194,"Python 3 Object-Oriented Programming: Build robust and maintainable software with object-oriented design patterns in Python 3.8, 3rd Edition",6,本,110.00,71.50,9781789615852,onsale
2195,Visual Basic,3,本,96.00,62.40,9780201648638,onsale
2196,Object-oriented Software Engineering,7,本,93.00,60.45,9780077109080,onsale
2197,Logic for Applications,3,本,88.00,57.20,9781468402131,onsale
2198,Computational Science and Its Applications – ICCSA 2018,3,本,104.00,67.60,9783319951645,onsale
2199,Nanobrain,3,本,108.00,70.20,9781439875490,onsale
2200,Solutions manual,3,本,80.00,52.00,9780023607301,onsale
2201,Advances in informatics,3,本,100.00,65.00,9789810241926,offsale
2202,Task Corso di informatica 3,3,本,114.00,74.10,9788829829910,onsale
2203,Discrete and Combinatorial Mathematics (Classic Version),11,本,76.00,49.40,9780321385024,onsale
2204,Mathematics of Discrete Structures for Computer Science,11,本,94.00,61.10,9783642429880,onsale
2205,Computers are your future,3,本,88.00,57.20,9780132545181,onsale
2206,The Facts On File dictionary of computer science,3,本,94.00,61.10,9780816042852,onsale
2207,Encyclopedia of Computer Science and Technology,12,本,82.00,53.30,9780824722982,onsale
2208,AQA Computer Science,17,本,74.00,48.10,9781471866197,onsale
2209,Discrete Mathematics for Computing,9,本,108.00,70.20,9780333646946,onsale
2210,The perfect weapon,3,本,102.00,66.30,9786057525581,onsale
2211,Computer Annual,3,本,86.00,55.90,9780471811060,onsale
2212,Data analysis with SPSS,3,本,102.00,66.30,9780205483877,onsale
2213,Neuromorphic and brain-based robots,3,本,106.00,68.90,9780511994838,onsale
2214,Apocalypse Nerd,3,本,98.00,63.70,9781593079024,onsale
2215,Guide to Software Development,7,本,109.00,70.85,9781447122999,onsale
2216,Introduction to C++ for Financial Engineers,3,本,98.00,63.70,9781118446096,onsale
2217,ARM Microprocessor Systems,3,本,90.00,58.50,9781315161518,onsale
2218,The Ruby Way,6,本,104.00,67.60,9780768666304,onsale
2219,"The Game of Lives (The Mortality Doctrine, Book Three)",3,本,100.00,65.00,9780385741446,offsale
2220,The Mobile Wave,3,本,92.00,59.80,9781593157210,discontinued
2221,Visual Languages and Applications,3,本,104.00,67.60,9780387682570,onsale
2222,Secret software,3,本,104.00,67.60,9781581600889,onsale
2223,Using computers,3,本,82.00,53.30,9780262640220,onsale
2224,Ant colony optimization and constraint programming,6,本,110.00,71.50,9781118618899,onsale
2225,International e-Conference on Computer Science (IeCCS 2005),3,本,100.00,65.00,9780429545184,offsale
2226,Computer Science Companion,3,本,98.00,63.70,9781465260475,onsale
2227,Location- and Context-Awareness,3,本,90.00,58.50,9783540751601,onsale
2228,Scalable Processing of Spatial-Keyword Queries,3,本,104.00,67.60,9781681734880,onsale
2229,Twin-Win Research,3,本,88.00,57.20,9783031013829,onsale
2230,Flash CS4 Professional Digital Classroom,17,本,54.00,35.10,9781282113633,onsale
2231,Proceedings of the European Computing Conference,3,本,118.00,76.70,9781489979247,onsale
2232,Higher Education Computer Science,17,本,68.00,44.20,9783031293887,onsale
2233,Formal Methods Applied to Complex Systems,3,本,88.00,57.20,9781119002925,onsale
2234,NASA Formal Methods,3,本,90.00,58.50,9783031067723,onsale
2235,Information Systems Security and Privacy,3,本,106.00,68.90,9783030948993,onsale
2236,Data Structures Using C++ (Programming),9,本,110.00,71.50,9780619159078,onsale
2237,Foundation HTML5 canvas,13,本,69.00,44.85,9781430232926,onsale
2238,The design and implementation of concurrentSmalltalk,3,本,112.00,72.80,9781299677265,onsale
2239,Easy computer basics,3,本,102.00,66.30,9780789734204,onsale
2240,Head first Ruby,6,本,114.00,74.10,9780596803988,onsale
2241,Deep Neural Networks,8,本,117.00,76.05,9780429760990,onsale
2242,Recent Advances in Artificial Neural Networks,8,本,115.00,74.75,9780367572464,onsale
2243,iPhone and iOS forensics,3,本,110.00,71.50,9781597496605,onsale
2244,CAN System Engineering,12,本,70.00,45.50,9781447156130,onsale
2245,Computer Simulation,3,本,86.00,55.90,9781315120294,onsale
2246,Elementary Mathematical and Computational Tools for Electrical and Computer Engineers Using MATLAB,3,本,94.00,61.10,9781351831635,onsale
2247,Advanced algorithms for neural networks,8,本,111.00,72.15,9780471105886,onsale
2248,IPhone and iPad apps for absolute beginners,3,本,88.00,57.20,9781430246190,onsale
2249,The Usborne Internet-linked Science Encyclopedia (Internet-linked),3,本,96.00,62.40,9780746053607,onsale
2250,Introducción a la inteligencia artificial,3,本,104.00,67.60,9788483172490,onsale
2251,Wyrm,3,本,108.00,70.20,9780553578089,onsale
2252,Systems analysis and design with UML,7,本,93.00,60.45,9781118092361,onsale
2253,Systems analysis and design,7,本,97.00,63.05,9780136089162,onsale
2254,Practical Cloud Security,3,本,112.00,72.80,9781498729437,onsale
2255,Relational database design and implementation,5,本,106.00,68.90,9780080885018,onsale
2256,Practical Object-oriented Design with UML,7,本,95.00,61.75,9780077103934,discontinued
2257,MPI,3,本,96.00,62.40,9780262691840,onsale
2258,Identity Management,13,本,77.00,50.05,9781583470930,onsale
2259,Trends in Functional Programming,6,本,94.00,61.10,9783319391106,onsale
2260,Great jobs for computer science majors,3,本,92.00,59.80,9780071390392,discontinued
2261,Concurrent programming in Java,6,本,96.00,62.40,9780201695816,onsale
2262,Pro IronPython,3,本,94.00,61.10,9781430219637,onsale
2263,Mobile Web and Intelligent Information Systems,3,本,90.00,58.50,9783032020598,onsale
2264,Discrete mathematics,9,本,92.00,59.80,9780201342925,onsale
2265,An object-oriented introduction to data structures using Eiffel,9,本,108.00,70.20,9780131855885,onsale
2266,UML components,3,本,88.00,57.20,9780201708516,onsale
2267,Bioinformatics basics,3,本,96.00,62.40,9781482292343,onsale
2268,Discrete Mathematics for Computer Science,9,本,100.00,65.00,9781119171096,onsale
2269,Introduction to Scientific Computing and Data Analysis,3,本,82.00,53.30,9783031224324,onsale
2270,"Machines, Computations, and Universality",3,本,106.00,68.90,9783540745938,onsale
2271,Mathematics for Informatics and Computer Science,11,本,98.00,63.70,9781299277373,onsale
2272,Aesthetic computing,3,本,96.00,62.40,9780262309691,onsale
2273,Machine learning with R,8,本,109.00,70.85,9781782162155,onsale
2274,Mathematics in Computing,11,本,90.00,58.50,9781447145349,offsale
2275,Principles of parallel programming,6,本,94.00,61.10,9780321549426,onsale
2276,"Complete UML Training Course, The",3,本,90.00,58.50,9780130870148,onsale
2277,Incident response & computer forensics,3,本,98.00,63.70,9780072226966,onsale
2278,Maths for computing and information technology,12,本,80.00,52.00,9780582236547,offsale
2279,"Neural, novel & hybrid algorithms for time series prediction",8,本,95.00,61.75,9780471130413,onsale
2280,Discrete mathematics,9,本,104.00,67.60,9780805393552,onsale
2281,Introduction to programming with Fortran,6,本,96.00,62.40,9783319755014,onsale
2282,Robots for kids,12,本,92.00,59.80,9781558605978,onsale
2283,SQL Queries for Mere Mortals: A Hands-On Guide to Data Manipulation in SQL (4th Edition),5,本,106.00,68.90,9780134858333,onsale
2284,Engineering Secure Software and Systems,12,本,84.00,54.60,9783319048963,onsale
2285,Ace the technical interview,3,本,88.00,57.20,9780072126228,onsale
2286,Practical debugging in C++,3,本,98.00,63.70,9780130653949,onsale
2287,"Innovations, Algorithms, and Applications in Cognitive Informatics and Natural Intelligence",9,本,114.00,74.10,9781799830382,onsale
2288,Filthy rich clients,3,本,84.00,54.60,9780132413930,onsale
2289,C++ classes and data structures,9,本,94.00,61.10,9781282650411,onsale
2290,Using Openmp - The Next Step,3,本,104.00,67.60,9780262534789,onsale
2291,Elementary logics,3,本,90.00,58.50,9780132583442,onsale
2292,Intelligent databases,5,本,100.00,65.00,9780471503453,onsale
2293,Biological reaction engineering,12,本,74.00,48.10,9783527285112,onsale
2294,Soft computing and its applications,3,本,92.00,59.80,9789810247003,discontinued
2295,Online algorithms,9,本,108.00,70.20,9783540649175,onsale
2296,Dive into Python 3,6,本,80.00,52.00,9781430224150,onsale
2297,Security without Obscurity,3,本,114.00,74.10,9780429884894,onsale
2298,Fast track UML 2.0,3,本,94.00,61.10,9781590593202,onsale
2299,Computer Forensics,3,本,96.00,62.40,9780131547278,onsale
2300,Real-time system design and analysis,3,本,96.00,62.40,9780471228554,onsale
2301,Electronic Expectations,3,本,106.00,68.90,9780789008367,onsale
2302,Higher computing,3,本,106.00,68.90,9781843726746,onsale
2303,Scientific computing with MATLAB and Octave,3,本,102.00,66.30,9783662517581,onsale
2304,Applied computer science,3,本,98.00,63.70,9781461418870,onsale
2305,"Patterns in Java, Volume 2",6,本,94.00,61.10,9780471258414,onsale
2306,Prolog programming,6,本,92.00,59.80,9780201146479,discontinued
2307,Engineering Secure Software and Systems,12,本,78.00,50.70,9783319308067,onsale
2308,Building Hypermedia APIs with HTML5 and Node,3,本,98.00,63.70,9781449306571,onsale
2309,Object-Oriented Design Choices,7,本,85.00,55.25,9781000338126,onsale
2310,Hi tech world,3,本,110.00,71.50,9780778775515,onsale
2311,Human-Computer Interaction,3,本,90.00,58.50,9780124058651,onsale
2312,Information Architecture,3,本,104.00,67.60,9781491911686,onsale
2313,MATLAB,3,本,100.00,65.00,9780750687621,offsale
2314,Grid computing,3,本,86.00,55.90,9781138112254,onsale
2315,Introduction to Statistics with SPSS for Social Science,11,本,88.00,57.20,9781408237618,onsale
2316,Design patterns explained,3,本,88.00,57.20,9780201715941,onsale
2317,Data refinement,3,本,90.00,58.50,9780511836503,onsale
2318,Semantic structures,3,本,92.00,59.80,9781317933502,discontinued
2319,Experimentation in software engineering,7,本,95.00,61.75,9783642432262,discontinued
2320,International e-Conference on Computer Science,3,本,110.00,71.50,9789067644259,onsale
2321,Bayesian Analysis with Python,6,本,106.00,68.90,9781836644835,onsale
2322,Java design,6,本,88.00,57.20,9780201750447,onsale
2323,Object-oriented design heuristics,7,本,95.00,61.75,9780201633856,discontinued
2324,Functional Programming in C++: How to improve your C++ programs using functional techniques,6,本,104.00,67.60,9781617293818,onsale
2325,Algorithms and Bugs,9,本,112.00,72.80,9780750297486,onsale
2326,"Text, Speech, and Dialogue",3,本,92.00,59.80,9783540448051,discontinued
2327,From semantics to computer science,3,本,96.00,62.40,9781282651562,onsale
2328,IT disaster recovery planning for dummies,3,本,96.00,62.40,9780470277218,onsale
2329,Implementing and Administering Cisco Solutions : 200-301 CCNA Exam Guide,3,本,90.00,58.50,9781800208094,onsale
2330,Object-oriented software development,7,本,89.00,57.85,9780442001575,onsale
2331,Learning and computational neuroscience,17,本,48.00,31.20,9780262071024,onsale
2332,Data Modeling Made Simple With Powerdesigner,3,本,96.00,62.40,9780977140091,onsale
2333,Proceedings of the 2015 Chinese Intelligent Systems Conference,3,本,110.00,71.50,9783662483848,onsale
2334,Advances in Neural Networks,8,本,115.00,74.75,9783319181639,onsale
2335,Computation for Humanity,3,本,96.00,62.40,9781351823951,onsale
2336,Advanced Intelligent Computing Theories and Applications,3,本,94.00,61.10,9783540742821,onsale
2337,Definitive guide to Excel VBA,3,本,110.00,71.50,9781893115798,onsale
2338,iOS programming,6,本,102.00,66.30,9780321773777,onsale
2339,"Functional Programming, Glasgow 1993",6,本,118.00,76.70,9780387198798,onsale
2340,Knowledge Representation for Health-Care,15,本,92.00,59.80,9783642276972,onsale
2341,CompTIA PenTest+ Study Guide,3,本,92.00,59.80,9781119823810,discontinued
2342,The complete idiot's guide to computer basics,3,本,90.00,58.50,9780028642307,onsale
2343,Communicating systems with UML2,3,本,104.00,67.60,9781848212992,onsale
2344,Systems programming for small computers,6,本,104.00,67.60,9780138816568,onsale
2345,Introduction to computer science,3,本,82.00,53.30,9780471047100,onsale
2346,Algorithms and Data Structures,9,本,106.00,68.90,9783642096822,offsale
2347,Text algorithhms,3,本,102.00,66.30,9780195086096,onsale
2348,Computer science,3,本,102.00,66.30,9780471585527,onsale
2349,Learning OpenCV,17,本,70.00,45.50,9781784391454,onsale
2350,Introduction to Computing Systems,17,本,54.00,35.10,9781260150537,onsale
2351,9 Algorithms That Changed the Future,9,本,112.00,72.80,9780691158198,onsale
2352,Neural networks,8,本,105.00,68.25,9780201513769,discontinued
2353,Beowulf cluster computing with Windows,10,本,111.00,72.15,9780262692755,onsale
2354,Discovering Computers 2008,12,本,76.00,49.40,9781423912088,onsale
2355,Fundamentals of Digital Switching,3,本,102.00,66.30,9781468444391,onsale
2356,Complexity theory,3,本,84.00,54.60,9780521442206,onsale
2357,Job scheduling strategies for parallel processing,3,本,94.00,61.10,9783642165054,onsale
2358,Object-oriented design with UML and Java,6,本,102.00,66.30,9780080497556,onsale
2359,"Knowledge Representation, Reasoning and Declarative Problem Solving",3,本,90.00,58.50,9780521818025,onsale
2360,DNA computing,3,本,96.00,62.40,9783540420767,onsale
2361,Shell scripting,3,本,88.00,57.20,9781118166321,onsale
2362,Numerical methods for scientists and engineers,3,本,102.00,66.30,9780070258877,onsale
2363,Lazy functional languages,3,本,96.00,62.40,9780273088325,onsale
2364,Defenders of the Earth,3,本,84.00,54.60,9780307055033,onsale
2365,The Essence of Computing Projects,3,本,88.00,57.20,9780130219725,onsale
2366,The First Computers,3,本,120.00,78.00,9782894289983,onsale
2367,Informed watermarking,3,本,94.00,61.10,9781461509523,onsale
2368,"Design, Operation and Evaluation of Mobile Communications",3,本,84.00,54.60,9783031359200,onsale
2369,Computer-Based Instruction in Military Environments,3,本,92.00,59.80,9781461282433,discontinued
2370,Dependable Computing,3,本,108.00,70.20,9783642387890,onsale
2371,Advances in Artificial Life and Evolutionary Computation,3,本,96.00,62.40,9783319127453,onsale
2372,Visual C# 2010 Recipes,3,本,86.00,55.90,9781430225263,onsale
2373,Automating Inequality,3,本,98.00,63.70,9781250215789,onsale
2374,Embedded microprocessor systems,3,本,100.00,65.00,9780750675345,offsale
2375,Practical rendering and computation with Direct3D 11,3,本,116.00,75.40,9781439869765,onsale
2376,Information Security and Cryptology,3,本,94.00,61.10,9783540324249,onsale
2377,Java Programming Fundamentals,6,本,88.00,57.20,9781420065480,onsale
2378,Event-Based Neuromorphic Systems,3,本,100.00,65.00,9781118936283,offsale
2379,Softwaresysteme und ihre Modellierung,3,本,96.00,62.40,9783540292760,onsale
2380,Practical parallel programming,6,本,94.00,61.10,9780080916453,onsale
2381,Deep Learning with R Cookbook,8,本,125.00,81.25,9781789805673,onsale
2382,Pro Website Development and Operations,3,本,102.00,66.30,9781430239697,onsale
2383,The Illusion of Reality,3,本,96.00,62.40,9781461234746,onsale
2384,Excel statistics,11,本,86.00,55.90,9781452257921,onsale
2385,Security Basics for Computer Architects,6,本,100.00,65.00,9781627051569,offsale
2386,How to write Macintosh software,3,本,92.00,59.80,9780810465640,discontinued
2387,Testing Object-Oriented Software,7,本,105.00,68.25,9781461271796,onsale
2388,Guide to Voice and Video over IP,3,本,96.00,62.40,9781447158431,onsale
2389,Qualitätssicherung durch Softwaretests,3,本,106.00,68.90,9783834820686,onsale
2390,Chess skill in man and machine,3,本,102.00,66.30,9780387907901,onsale
2391,Computational Science and Its Applications,3,本,110.00,71.50,9780429288739,onsale
2392,The restoration game,3,本,106.00,68.90,9781841496474,onsale
2393,Subspace learning of neural networks,8,本,119.00,77.35,9781439815359,onsale
2394,C# Complete,3,本,92.00,59.80,9780782142037,discontinued
2395,Machine Learning and Knowledge Extraction,8,本,97.00,63.05,9783031144622,onsale
2396,Designing with Objects,3,本,94.00,61.10,9781118581209,onsale
2397,Hands-On Machine Learning with Scikit-Learn and PyTorch,8,本,119.00,77.35,9798341607972,onsale
2398,Spreadsheet Modeling and Decision Analysis,3,本,96.00,62.40,9780357132098,onsale
2399,Theoretische Informatik - Ganz Praktisch,3,本,84.00,54.60,9783110412086,onsale
2400,Letts GCSE Revision Success - New 2016 Curriculum - GCSE Computer Science,17,本,48.00,31.20,9780008162061,onsale
2401,SAS Graphics for Clinical Trials by Example,15,本,98.00,63.70,9781952365959,onsale
2402,Cybercrime,3,本,112.00,72.80,9781956768237,onsale
2403,Artificial Neural Networks,8,本,113.00,73.45,9783319827513,offsale
2404,Model-Based Systems Engineering with OPM and SysML,12,本,90.00,58.50,9781493932948,onsale
2405,"Wireless Power Transfer Algorithms, Technologies and Applications in Ad Hoc Communication Networks",9,本,116.00,75.40,9783319468099,onsale
2406,History and Philosophy of Computing,14,本,73.00,47.45,9783319472850,offsale
2407,The data compression book,3,本,90.00,58.50,9780132028547,onsale
2408,JUnit in action,3,本,92.00,59.80,9781930110991,discontinued
2409,Data Engineering,12,本,74.00,48.10,9781935504603,onsale
2410,Inside OLE,3,本,104.00,67.60,9781556158438,onsale
2411,Principles of artificial intelligence and expert systems development,8,本,99.00,64.35,9780070536142,onsale
2412,Mathematical methods and algorithms for signal processing,9,本,96.00,62.40,9780201361865,onsale
2413,Holub on Patterns,3,本,108.00,70.20,9781590593882,onsale
2414,Archaeologies of Touch,3,本,100.00,65.00,9781517900595,offsale
2415,Techgnosis,3,本,98.00,63.70,9781852426453,onsale
2416,Schaum's outline of theory and problems of essential computer mathematics,11,本,92.00,59.80,9780070379909,onsale
2417,CUDA for engineers,3,本,96.00,62.40,9780134177519,onsale
2418,Digital cash,3,本,102.00,66.30,9780127887722,onsale
2419,Graph theory and its applications,9,本,108.00,70.20,9780429757082,onsale
2420,Stream Ciphers,3,本,102.00,66.30,9781447150787,onsale
2421,Computational Biology,12,本,84.00,54.60,9783642430978,onsale
2422,Dart,3,本,106.00,68.90,9781449330897,onsale
2423,Shadows of the mind,16,本,74.00,48.10,9782729605582,onsale
2424,Scala for the impatient,3,本,96.00,62.40,9780321774095,onsale
2425,Programming in an object-oriented environment,6,本,106.00,68.90,9781483268682,onsale
2426,Intelligent Computer Mathematics,11,本,96.00,62.40,9783319968117,onsale
2427,Applied combinatorics,3,本,92.00,59.80,9780130796035,discontinued
2428,Limitations and Future Applications of Quantum Cryptography,3,本,81.00,52.65,9781799866787,onsale
2429,"Using SPSS for Windows and Macintosh, Books a la Carte (8th Edition)",10,本,113.00,73.45,9780134319889,onsale
2430,Cambridge International AS and a Level Computer Science Revision Guide,3,本,96.00,62.40,9781107547544,onsale
2431,Diagrammatic Representation and Inference,3,本,96.00,62.40,9783540877301,onsale
2432,Linux file systems,10,本,97.00,63.05,9780072129540,onsale
2433,Sams teach yourself UNIX in 24 hours,10,本,103.00,66.95,9780672321276,onsale
2434,Electronic Government,3,本,86.00,55.90,9783031150852,onsale
2435,The Affinities,3,本,106.00,68.90,9781466800779,onsale
2436,Mathematics and computer science II,11,本,92.00,59.80,9783764369330,onsale
2437,Concurrent Prolog,3,本,98.00,63.70,9780262192675,onsale
2438,Numerical recipes in Fortran 90,6,本,90.00,58.50,9780521430647,onsale
2439,Applied data structures using Pascal,9,本,116.00,75.40,9780669075793,onsale
2440,Careers in computer science and programming,6,本,102.00,66.30,9781448813186,onsale
2441,ChumoÌni sok uÌi memori kwalli =,3,本,110.00,71.50,9788980666621,onsale
2442,Number Theory,11,本,82.00,53.30,9780817631413,discontinued
2443,Software Development with UML,7,本,109.00,70.85,9780333985953,onsale
2444,Mathematical foundations of computer science 2000,3,本,94.00,61.10,9783540679011,onsale
2445,Computer-aided design of user interfaces IV,3,本,86.00,55.90,9781402031458,onsale
2446,How to build a Beowulf,14,本,75.00,48.75,9780262287296,onsale
2447,Complex-Valued Neural Networks,8,本,109.00,70.85,9783642276323,onsale
2448,Graduate mathematical physics,12,本,94.00,61.10,9783527618897,onsale
2449,Automated defect prevention,3,本,92.00,59.80,9780470165164,discontinued
2450,Practical LEGO Technics,3,本,82.00,53.30,9781430246121,onsale
2451,Windows 8 MVVM Patterns Revealed,10,本,101.00,65.65,9781430249092,discontinued
2452,Pro CSS3 Animation,3,本,88.00,57.20,9781430247234,onsale
2453,Beginning C for Arduino,3,本,100.00,65.00,9781430247777,offsale
2454,Integration of Natural Language and Vision Processing,3,本,88.00,57.20,9789401041218,onsale
2455,TCP/IP sockets in C,12,本,68.00,44.20,9780080923215,onsale
2456,"The next wave in computing, optimization, and decision technologies",3,本,104.00,67.60,9780387235288,onsale
2457,Finite and algorithmic model theory,9,本,96.00,62.40,9781139114264,onsale
2458,Geometric Science of Information,3,本,90.00,58.50,9783642400193,onsale
2459,Depth Imaging and Application in Potato Quality Grading,3,本,106.00,68.90,9781957274157,onsale
2460,Scientific computing with MATLAB,3,本,100.00,65.00,9783642593406,offsale
2461,Ground-up Java,6,本,88.00,57.20,9781280522505,onsale
2462,Practical Cybersecurity Architecture,3,本,104.00,67.60,9781837637164,onsale
2463,Natural Language Annotation for Machine Learning,8,本,125.00,81.25,9781449359775,onsale
2464,Our digital world,3,本,102.00,66.30,9780763863029,onsale
2465,Cloud Computing,3,本,98.00,63.70,9783642209185,onsale
2466,The computer book,3,本,94.00,61.10,9781454926221,onsale
2467,Modern differential geometry of curves and surfaces with Mathematica,11,本,94.00,61.10,9781351995283,onsale
2468,Database design,5,本,104.00,67.60,9780134306568,onsale
2469,Electronic design automation,12,本,62.00,40.30,9780080922003,onsale
2470,Introducing Regular Expressions,3,本,108.00,70.20,9781449338909,onsale
2471,Intelligent Mobile Malware Detection,3,本,98.00,63.70,9781000824988,onsale
2472,Windows Powershell 20 Bible,10,本,107.00,69.55,9781118021989,onsale
2473,"Science, computers, and people",14,本,73.00,47.45,9780817632762,offsale
2474,Foundations of Logic and Mathematics,11,本,94.00,61.10,9783764342494,onsale
2475,GPU Parallel Program Development Using CUDA,3,本,106.00,68.90,9781498750752,onsale
2476,Disaster recovery planning,3,本,86.00,55.90,9780130845061,onsale
2477,Clean Coding in Turbo Pascal 6,6,本,94.00,61.10,9781558512306,onsale
2478,Beginning C# 6 Programming with Visual Studio 2015,6,本,108.00,70.20,9781119096689,onsale
2479,CGM and CGI,3,本,102.00,66.30,9783642613784,onsale
2480,Practical Forensic Imaging: Securing Digital Evidence with Linux Tools,10,本,115.00,74.75,9781593277932,onsale
2481,Information Assurance,3,本,94.00,61.10,9781852333263,onsale
2482,System dynamics,3,本,88.00,57.20,9781118152812,onsale
2483,Mastering Unreal 3 technology,12,本,80.00,52.00,9780672329913,offsale
2484,Computer and Information Science,3,本,92.00,59.80,9783319401706,discontinued
2485,Spanish computing dictionary,3,本,112.00,72.80,9780747569862,onsale
2486,Databases In Networked Information Systems,5,本,106.00,68.90,9783319056920,onsale
2487,JavaScript for Macintosh,6,本,100.00,65.00,9781568302782,offsale
2488,The Rational Unified Process,3,本,100.00,65.00,9780201796674,offsale
2489,User interface design and evaluation,3,本,90.00,58.50,9780120884360,onsale
2490,Medical diagnosis using artificial neural networks,8,本,113.00,73.45,9781466661462,offsale
2491,Data structures and algorithm analysis in Ada,9,本,100.00,65.00,9780805390551,onsale
2492,Applications of Evolutionary Computation,3,本,90.00,58.50,9783031568510,onsale
2493,"Vsam, Concepts, Programming and Design",6,本,96.00,62.40,9780029486306,onsale
2494,The Lanczos method,11,本,104.00,67.60,9780898715378,onsale
2495,Computer Basics Absolute Beginners Guide,3,本,98.00,63.70,9780789750013,onsale
2496,Brain Computation as Hierarchical Abstraction,3,本,92.00,59.80,9780262323826,discontinued
2497,Geek Girl Rising,3,本,80.00,52.00,9781250112262,onsale
2498,"Network science, a decade later",10,本,111.00,72.15,9781135663766,onsale
2499,MongoDB,3,本,102.00,66.30,9781449344825,onsale
2500,Making money online,3,本,96.00,62.40,9780719810732,onsale
2501,Fundamentals of Music Processing,3,本,96.00,62.40,9783030698072,onsale
2502,Understanding computers,3,本,92.00,59.80,9780782110609,discontinued
2503,Financial Cryptography and Data Security,3,本,96.00,62.40,9783319428260,onsale
2504,Communication Technologies for Vehicles,3,本,100.00,65.00,9783319066455,offsale
2505,Proofs from the book,3,本,90.00,58.50,9783540404606,onsale
2506,Computational geometry,11,本,80.00,52.00,9783540612704,onsale
2507,Those Amazing Electronic Thinking Machines!,3,本,98.00,63.70,9780531046678,onsale
2508,Excel for Scientists and Engineers,3,本,92.00,59.80,9780470126707,discontinued
2509,How to Build a Mind,16,本,91.00,59.15,9780231120135,onsale
2510,Theory and Practice of Computation : Proceedings of the Workshop on Computation,3,本,104.00,67.60,9780367814656,onsale
2511,An architectural approach to level design,3,本,104.00,67.60,9781466585416,onsale
2512,Linear algebra and probability for computer science applications,11,本,88.00,57.20,9780429067525,onsale
2513,Beginning Database Design,5,本,128.00,83.20,9781590597699,onsale
2514,Tools and Algorithms for the Construction and Analysis of Systems,9,本,126.00,81.90,9783319899596,onsale
2515,Data management and file processing,5,本,114.00,74.10,9780131964778,onsale
2516,Revolution world,3,本,104.00,67.60,9781597802338,onsale
2517,"PHP Objects, Patterns, and Practice",6,本,84.00,54.60,9781430260325,onsale
2518,"The Really, Really, Really Easy Step-By-Step Computer Book",3,本,106.00,68.90,9781868726820,onsale
2519,Choosing a career in computers,3,本,94.00,61.10,9780823922703,onsale
2520,Essential mathematics for games and interactive applications,11,本,84.00,54.60,9780123742971,onsale
2521,Using CADKEY,3,本,110.00,71.50,9780827349469,onsale
2522,Learn cocos2D 2,3,本,88.00,57.20,9781430244165,onsale
2523,Constraining Designs for Synthesis and Timing Analysis,3,本,114.00,74.10,9781489989161,onsale
2524,Foundations of real-world intelligence,3,本,114.00,74.10,9781575863399,onsale
2525,Information Systems and Neuroscience,3,本,82.00,53.30,9783030600723,onsale
2526,DevOps for Developers,7,本,103.00,66.95,9781430245698,offsale
2527,Batch files,3,本,88.00,57.20,9780830625321,onsale
2528,Foundational Java,6,本,104.00,67.60,9781447124788,onsale
2529,Website optimization,3,本,82.00,53.30,9781118240601,onsale
2530,Computer algebra in scientific computing,11,本,82.00,53.30,9783540451822,discontinued
2531,Introduction to computer science with applications in Pascal,6,本,88.00,57.20,9780201043983,onsale
2532,Computational Collective Intelligence,3,本,96.00,62.40,9783030283766,onsale
2533,Windows PowerShell 2.0 best practices,10,本,115.00,74.75,9780735646971,onsale
2534,Operating systems,10,本,105.00,68.25,9783540098126,onsale
2535,Java,6,本,121.00,78.65,9780130142511,onsale
2536,Deep Learning for Natural Language Processing: Creating Neural Networks with Python,8,本,111.00,72.15,9781484236840,onsale
2537,SPSS Statistics for Data Analysis and Visualization,11,本,84.00,54.60,9781119183426,onsale
2538,Mathematical logic for computer science,3,本,94.00,61.10,9789810230913,onsale
2539,Swarm Intelligence for Cloud Computing,3,本,90.00,58.50,9780429020582,onsale
2540,Learn Functional Programming with Elixir,6,本,98.00,63.70,9781680502459,onsale
2541,Cognitive systems,14,本,67.00,43.55,9781282375611,onsale
2542,The Well-grounded Java Developer,6,本,90.00,58.50,9781617290060,onsale
2543,The object constraint language,3,本,94.00,61.10,9780321179364,onsale
2544,Beginning the Linux Command Line,10,本,103.00,66.95,9781430218890,onsale
2545,Programming Language Concepts,6,本,112.00,72.80,9781548919269,onsale
2546,The InfoSec Handbook: An Introduction to Information Security,3,本,88.00,57.20,9781430263821,onsale
2547,Data analysis using SQL and Excel,5,本,106.00,68.90,9780470099513,onsale
2548,Excel® 2010 Power Programming with VBA,6,本,94.00,61.10,9780470625507,onsale
2549,Forensic Computing,3,本,120.00,78.00,9781849965965,onsale
2550,Usability engineering,12,本,78.00,50.70,9781558607125,onsale
2551,Digital forensics,3,本,94.00,61.10,9780470517741,onsale
2552,Technocrime and Criminological Theory,3,本,118.00,76.70,9781498745598,onsale
2553,Scientific Computing with MATLAB,3,本,116.00,75.40,9781498757782,onsale
2554,Dynamic Modeling,3,本,112.00,72.80,9783662259894,onsale
2555,Modellistica Numerica per Problemi Differenziali,3,本,108.00,70.20,9788847057821,onsale
2556,Geometry,11,本,78.00,50.70,9783662047200,onsale
2557,Object-Oriented Programming with Java,6,本,90.00,58.50,9780130869005,onsale
2558,Learn Kotlin Programming,6,本,112.00,72.80,9781789808742,onsale
2559,"Smalltalk, Objects, and Design",3,本,110.00,71.50,9781884777271,onsale
2560,Sound of the Future,3,本,90.00,58.50,9781541702363,onsale
2561,The beginner's guide to OOP using C++,3,本,112.00,72.80,9789575660376,onsale
2562,Alice 3 to Java,6,本,104.00,67.60,9780136156789,onsale
2563,"Objects, Abstraction, Data Structures and Design",9,本,125.00,81.25,9780470120200,onsale
2564,Non-Invasive Data Governance,3,本,102.00,66.30,9781634628419,onsale
2565,Cool careers without college for Web surfers,3,本,98.00,63.70,9781435884502,onsale
2566,Lean-agile software development,7,本,97.00,63.05,9780321532893,onsale
2567,Java,6,本,102.00,66.30,9780138584573,onsale
2568,Excel for Scientists and Engineers,3,本,92.00,59.80,9781932802108,discontinued
2569,"World of Computer Science, Volume 2",3,本,110.00,71.50,9780787650667,onsale
2570,Neural Networks,8,本,115.00,74.75,9781536171884,onsale
2571,Online Social Networks,10,本,109.00,70.85,9781536173871,offsale
2572,Advances in Computer Science for Engineering and Education,12,本,80.00,52.00,9783319910079,offsale
2573,Multilayer Perceptrons,3,本,96.00,62.40,9781536173642,onsale
2574,Introduction to Static Analysis,3,本,80.00,52.00,9780262043410,onsale
2575,The complete guide to wikis,3,本,98.00,63.70,9781601383198,onsale
2576,DISCRETE MATHEMATICS,9,本,98.00,63.70,9780131277670,discontinued
2577,Mathematics and computer science,11,本,88.00,57.20,9783764364304,onsale
2578,Introduction to Discrete Mathematics,9,本,114.00,74.10,9781885978004,onsale
2579,Algorithms and Complexity,9,本,106.00,68.90,9783642382338,offsale
2580,Arithmetic and Logic in Computer Systems,10,本,109.00,70.85,9780471469452,offsale
2581,The dictionary of computer graphics and virtual reality,3,本,98.00,63.70,9780387944050,onsale
2582,Generalized LR parsing,3,本,96.00,62.40,9781461368045,onsale
2583,"Fusion and Integration of Clouds, Edges, and Devices",3,本,80.00,52.00,9781040203651,onsale
2584,Secure Your Network for Free,10,本,113.00,73.45,9781597491235,onsale
2585,Computers in science and mathematics,11,本,90.00,58.50,9780816077571,offsale
2586,"Guided Randomness in Optimization, Volume 1",3,本,96.00,62.40,9781119136439,onsale
2587,Component-Based Software Testing with UML,3,本,92.00,59.80,9783540800743,discontinued
2588,Unconventional computation,3,本,94.00,61.10,9783540735540,onsale
2589,Computational science-- ICCS 2004,3,本,82.00,53.30,9783540221142,onsale
2590,Mining Text Data,3,本,116.00,75.40,9781489989208,onsale
2591,Biomedical Engineering Systems and Technologies,12,本,72.00,46.80,9783030291952,discontinued
2592,Neural Machine Translation,8,本,107.00,69.55,9781108608480,onsale
2593,Human Behavior Understanding,3,本,96.00,62.40,9783319118390,onsale
2594,Essentials of Business Processes and Information Systems,13,本,81.00,52.65,9780470549636,onsale
2595,Language and Automata Theory and Applications,3,本,102.00,66.30,9783319155791,onsale
2596,Practical cryptography for data internetworks,10,本,103.00,66.95,9780818671401,onsale
2597,Transactions on data hiding and multimedia security III,3,本,96.00,62.40,9783540690191,onsale
2598,FPGA Implementations of Neural Networks,8,本,121.00,78.65,9780387284873,onsale
2599,Data abstraction and problem solving with C++,3,本,104.00,67.60,9780273768418,onsale
2600,Fundamentals Of Java,6,本,96.00,62.40,9780619059620,onsale
2601,Computers and thought,3,本,118.00,76.70,9780898741995,onsale
2602,Green Ict And Energy,3,本,117.00,76.05,9780203120231,onsale
2603,JavaScript objects,6,本,96.00,62.40,9781861001894,onsale
2604,Developing Object-Oriented Software,7,本,101.00,65.65,9780137372485,onsale
2605,Science projects with computers,3,本,104.00,67.60,9780668062459,onsale
2606,Computer Studies and Information Technology,12,本,66.00,42.90,9780521545402,onsale
2607,Recent Advances in Natural Computing,3,本,102.00,66.30,9784431554288,onsale
2608,Computational Mathematics,11,本,84.00,54.60,9781482235173,onsale
2609,Cyberspace,3,本,92.00,59.80,9780262521772,discontinued
2610,OpenCL Parallel Programming Development Cookbook,6,本,114.00,74.10,9781849694537,onsale
2611,SIMD Programming Manual for Linux and Windows,10,本,123.00,79.95,9781849969208,onsale
2612,Natural Language Generation in Interactive Systems,3,本,119.00,77.35,9781107010024,onsale
2613,Secret History,14,本,57.00,37.05,9781138061231,onsale
2614,SQL and relational theory,5,本,104.00,67.60,9780596523060,onsale
2615,Machine learning for hackers,8,本,111.00,72.15,9781449330538,onsale
2616,Object Oriented User Interfaces For Personalized Mobile Learning,7,本,103.00,66.95,9783642538506,offsale
2617,"Dynamic, genetic, and chaotic programming",6,本,98.00,63.70,9780471557173,onsale
2618,Embedded Operating Systems,10,本,101.00,65.65,9781447166023,discontinued
2619,AspectJ cookbook,3,本,102.00,66.30,9781306811699,onsale
2620,Mathematical Approaches to Software Quality,3,本,108.00,70.20,9781846284359,onsale
2621,Data Modeling Fundamentals,3,本,123.00,79.95,9780470141021,offsale
2622,Data Structure and Software Engineering,9,本,96.00,62.40,9781322668031,onsale
2623,Neural Networks for Natural Language Processing,8,本,115.00,74.75,9781799811602,onsale
2624,Handbook of standards and resources for spoken language systems,3,本,84.00,54.60,9783110153651,onsale
2625,DTrace,17,本,46.00,29.90,9780132091510,onsale
2626,IBM SPSS for Intermediate Statistics,11,本,80.00,52.00,9780203122778,onsale
2627,Fundamental Statistics for Social Research,11,本,90.00,58.50,9781283546805,offsale
2628,Process algebra,11,本,80.00,52.00,9780511624193,onsale
2629,Rules and Reasoning,3,本,106.00,68.90,9783319999050,onsale
2630,Handbook of Human Computation,3,本,102.00,66.30,9781461488057,onsale
2631,Database and Expert Systems Applications,5,本,116.00,75.40,9783319988115,onsale
2632,Text Processing in Python,6,本,82.00,53.30,9780321112545,onsale
2633,Surviving object-oriented projects,7,本,101.00,65.65,9780201498349,onsale
2634,Refactoring Databases Evolutionary Database Design,5,本,102.00,66.30,9780321774514,discontinued
2635,Data abstraction and problem solving with Java : walls and mirrors,6,本,117.00,76.05,9780201702200,onsale
2636,Computer Organization and Design MIPS Edition,10,本,107.00,69.55,9780124078864,onsale
2637,From Computing to Computational Thinking,3,本,82.00,53.30,9781351630221,onsale
2638,Information and communications security,3,本,80.00,52.00,9783540201502,onsale
2639,Building open source hardware,17,本,54.00,35.10,9780321906045,onsale
2640,Computational fluid dynamics,3,本,123.00,79.95,9780081011270,offsale
2641,Creating Components,3,本,86.00,55.90,9780203491324,onsale
2642,Programming in CoffeeScript,6,本,96.00,62.40,9780132946148,onsale
2643,Evolutionary Design by Computers,3,本,94.00,61.10,9781558606050,onsale
2644,Windows PowerShell 2.0,10,本,105.00,68.25,9780982131428,onsale
2645,Windows PowerShell unleashed,10,本,115.00,74.75,9780672329883,onsale
2646,Large-Scale Scientific Computing,3,本,104.00,67.60,9783540319948,onsale
2647,NUMERICAL RECIPES IN FORTRAN,6,本,96.00,62.40,9780521437196,onsale
2648,Structural Information and Communication Complexity Lecture Notes in Computer Science,3,本,82.00,53.30,9783642311031,onsale
2649,Algorithms and data structures,9,本,100.00,65.00,9783540633075,onsale
2650,The art of multiprocessor programming,6,本,98.00,63.70,9780123973375,onsale
2651,Self-stabilizing systems,3,本,82.00,53.30,9783540321231,onsale
2652,History of Nordic Computing 4,14,本,71.00,46.15,9783319369402,onsale
2653,Women and Underrepresented Minorities in Computing,3,本,104.00,67.60,9783319248097,onsale
2654,High Performance Computing,3,本,96.00,62.40,9783642415913,onsale
2655,Randomness and completeness in computational complexity,9,本,102.00,66.30,9783540414926,onsale
2656,Introduction to data structures,9,本,106.00,68.90,9780314852991,offsale
2657,Community Based System Dynamics,3,本,98.00,63.70,9781461487630,onsale
2658,The Technical Foundations of IoT,3,本,96.00,62.40,9781630814663,onsale
2659,Effective Computation in Physics,12,本,82.00,53.30,9781491901595,onsale
2660,e-Business,13,本,67.00,43.55,9780230304567,onsale
2661,Hands-on introduction to LabVIEW for scientists and engineers,3,本,98.00,63.70,9780190211899,onsale
2662,Disaster Survival Guide for Business Communications Networks,10,本,103.00,66.95,9780080504667,onsale
2663,Object-Oriented and Mixed Programming Paradigms,6,本,98.00,63.70,9783642610639,onsale
2664,Rough-neural computing,8,本,111.00,72.15,9783642188602,onsale
2665,Guide to applying the UML,3,本,104.00,67.60,9780387952093,onsale
2666,Advances in Computer and Computational Sciences,3,本,102.00,66.30,9789811037726,onsale
2667,Discrete structures,3,本,123.00,79.95,9780132152600,offsale
2668,"Data structures, algorithms, and performance",9,本,88.00,57.20,9780201521481,onsale
2669,From natural to artificial neural computation,8,本,117.00,76.05,9783540594970,onsale
2670,Object-Oriented PHP,6,本,102.00,66.30,9781593270773,onsale
2671,DOS 5 : a developer's guide,3,本,108.00,70.20,9781558511798,onsale
2672,Mastering C++,3,本,92.00,59.80,9780471104278,discontinued
2673,Python text processing with NLTK 2.0 cookbook,6,本,112.00,72.80,9781849516389,onsale
2674,"Artificial Intelligence in Music, Sound, Art and Design",8,本,103.00,66.95,9783032243492,onsale
2675,Perl database programming,5,本,102.00,66.30,9780470367322,discontinued
2676,Qualitative Data Analysis with NVivo,3,本,102.00,66.30,9781526449931,onsale
2677,Concise Introduction to Data Structures Using Java,9,本,92.00,59.80,9781482225310,onsale
2678,Data Structures and the Java Collections Framework,9,本,102.00,66.30,9780072823790,onsale
2679,al- Kilani dictionary of computer terminology,3,本,81.00,52.65,9789999955256,onsale
2680,Information Privacy Engineering and Privacy by Design,12,本,80.00,52.00,9780135278376,offsale
2681,Laravel Starter,3,本,98.00,63.70,9781782160915,onsale
2682,Head First Java,6,本,94.00,61.10,9781449331443,onsale
2683,Social Media Communication,3,本,104.00,67.60,9780429514876,onsale
2684,Scratch 14,3,本,114.00,74.10,9781847196767,onsale
2685,Foundations of Object-Oriented Languages,7,本,85.00,55.25,9780262025232,onsale
2686,Cloud computing,3,本,100.00,65.00,9781439806173,offsale
2687,Linux Command Line And Shell Scripting Bible,10,本,93.00,60.45,9781118004425,onsale
2688,Foundations of security,3,本,108.00,70.20,9781590597842,onsale
2689,"Security, Privacy, and Applied Cryptography Engineering",12,本,72.00,46.80,9783319120591,discontinued
2690,"Sams Teach Yourself UML in 24 Hours, Complete Starter Kit",17,本,72.00,46.80,9780768663471,onsale
2691,Intermediate problem solving and data structures,9,本,102.00,66.30,9780805389401,onsale
2692,Visual languages for interactive computing,3,本,108.00,70.20,9781599045368,onsale
2693,Virtualization for dummies,3,本,86.00,55.90,9780470148310,onsale
2694,Data mining,8,本,107.00,69.55,9780123748560,onsale
2695,Big Data,3,本,102.00,66.30,9781351029698,onsale
2696,RDF database systems,5,本,126.00,81.90,9780127999579,onsale
2697,Mentoring Object Technology Projects,12,本,74.00,48.10,9780130347909,onsale
2698,Measuring the user experience,12,本,76.00,49.40,9780080558264,onsale
2699,Using Advanced MPI,3,本,94.00,61.10,9780262326636,onsale
2700,Marketing Research with IBM® SPSS Statistics,11,本,82.00,53.30,9781315525525,discontinued
2701,Data Structures and Algorithms in C++,9,本,110.00,71.50,9780534375973,onsale
2702,Learn Adobe Photoshop CC for Visual Communication,17,本,66.00,42.90,9780134397771,offsale
2703,Level Design,3,本,104.00,67.60,9781138628809,onsale
2704,Handbook of face recognition,3,本,106.00,68.90,9780857299314,onsale
2705,Embedded software development with C,7,本,93.00,60.45,9781441906052,onsale
2706,Debug it!,3,本,108.00,70.20,9781934356289,onsale
2707,The net delusion,3,本,110.00,71.50,9781586488741,onsale
2708,Data virtualization,3,本,104.00,67.60,9780979930423,onsale
2709,Introduction to Level Design for PC Games (Game Development Series),3,本,88.00,57.20,9781584502050,onsale
2710,Windows Virus and Malware Troubleshooting,10,本,103.00,66.95,9781484226063,onsale
2711,The art of software testing,3,本,92.00,59.80,9781118031964,discontinued
2712,Wizards and their wonders,3,本,116.00,75.40,9780897919609,onsale
2713,Requirements engineering,12,本,62.00,40.30,9780470012703,onsale
2714,Analyzing Social Media Networks with NodeXL: Insights from a Connected World,10,本,95.00,61.75,9780123822307,onsale
2715,Parsing Techniques,3,本,100.00,65.00,9780387202488,offsale
2716,1992 Winter Simulation Conference Proceedings/92Ch3202-9,14,本,81.00,52.65,9780780307988,onsale
2717,SOAP,17,本,62.00,40.30,9780130907639,onsale
2718,Information retrieval,3,本,98.00,63.70,9781461555391,onsale
2719,Finite element methods and Navier-Stokes equations,3,本,106.00,68.90,9789027721488,onsale
2720,Fundamentals of Computer Architecture,10,本,117.00,76.05,9780333998663,onsale
2721,Compiler construction,7,本,103.00,66.95,9783662215494,offsale
2722,From science to computational sciences,3,本,96.00,62.40,9783037340936,onsale
2723,"SSH, the Secure Shell",3,本,114.00,74.10,9783897212879,onsale
2724,Formal methods,3,本,110.00,71.50,9781848827356,onsale
2725,Machine Learning,8,本,115.00,74.75,9780387132983,onsale
2726,Building expert systems,8,本,97.00,63.05,9780130862402,onsale
2727,BTEC Nationals Information Technology Student Book + Activebook,12,本,66.00,42.90,9781292140414,onsale
2728,Machine Learning with SAP,8,本,109.00,70.85,9781493219261,onsale
2729,"Neural network fundamentals with graphs, algorithms, and applications",8,本,101.00,65.65,9780070066182,onsale
2730,Expert systems,8,本,115.00,74.75,9780830627387,onsale
2731,Encyclopedia of Computer Science and Technology,12,本,86.00,55.90,9780824722869,onsale
2732,Artificial Neural Networks,8,本,123.00,79.95,9781634859646,onsale
2733,Encyclopedia of Computer Science and Technology,12,本,80.00,52.00,9780824722845,offsale
2734,Use of files,3,本,98.00,63.70,9780444194527,onsale
2735,An introduction to data types,3,本,80.00,52.00,9780201119404,onsale
2736,Computer science project work,3,本,102.00,66.30,9781852333577,onsale
2737,Computer science today,3,本,82.00,53.30,9783540601050,onsale
2738,Embedded Robotics,3,本,104.00,67.60,9783662050996,onsale
2739,Artificial Neural Networks,8,本,113.00,73.45,9783319099026,offsale
2740,Parallel Programming with Python,6,本,114.00,74.10,9781783288397,onsale
2741,Next-Generation Wireless Technologies,3,本,96.00,62.40,9781447151654,onsale
2742,Theoretical and computational research in the 21st century,3,本,110.00,71.50,9781774633489,onsale
2743,Visions of the Future,3,本,94.00,61.10,9780521805384,onsale
2744,From logic to computing,3,本,86.00,55.90,9780534133207,onsale
2745,Redes neuronales artificiales,3,本,120.00,78.00,9788478971558,onsale
2746,PC intern,3,本,94.00,61.10,9781557553041,onsale
2747,Technical Aptitude for Interviews,3,本,90.00,58.50,9788120352902,onsale
2748,Term rewriting and all that,3,本,88.00,57.20,9780521455206,onsale
2749,Data structures,9,本,100.00,65.00,9780534045906,onsale
2750,Kamusi sanifu ya kompyuta,3,本,110.00,71.50,9789987531127,onsale
2751,The Usborne internet-linked mysteries and marvels of science,3,本,100.00,65.00,9780746062494,offsale
2752,Computer Science and Applications,3,本,84.00,54.60,9781138028111,onsale
2753,Algorithms,9,本,98.00,63.70,9780792322108,discontinued
2754,Artificial intelligence,8,本,117.00,76.05,9783540878803,onsale
2755,Vision Chips,3,本,88.00,57.20,9781461374022,onsale
2756,Brilliant Computing for Over-50s,3,本,98.00,63.70,9780131888128,onsale
2757,Turing's Cathedral,3,本,102.00,66.30,9780307969064,onsale
2758,The Dawn of Massively Parallel Processing in Meteorology,3,本,90.00,58.50,9783642840203,onsale
2759,Single neuron computation,12,本,84.00,54.60,9781483296067,onsale
2760,Applications of spatial data structures,9,本,125.00,81.25,9780201503005,onsale
2761,Transdisciplinary digital art,3,本,104.00,67.60,9783540794851,onsale
2762,Computers are your future,3,本,94.00,61.10,9780137146932,onsale
2763,Neural Networks and Analog Computation,8,本,123.00,79.95,9780817639495,onsale
2764,Introduction to computer science with C++,12,本,74.00,48.10,9780314073396,onsale
2765,Introduction to computer graphics,14,本,79.00,51.35,9781846288470,onsale
2766,3D graphics file formats,3,本,96.00,62.40,9780201488357,onsale
2767,How to use objects,3,本,100.00,65.00,9780321995544,offsale
2768,Handbook of financial cryptography and security,3,本,94.00,61.10,9781420059816,onsale
2769,From Java to Ruby,6,本,108.00,70.20,9780976694090,onsale
2770,Artificial neural nets and genetic algorithms,8,本,95.00,61.75,9783211007433,onsale
2771,C# 6.0 Pocket Reference,3,本,102.00,66.30,9781491927434,onsale
2772,Graph Theory with Algorithms and its Applications,9,本,98.00,63.70,9788132217442,discontinued
2773,Intelligent Databases,5,本,104.00,67.60,9781599041223,onsale
2774,Cognitive patterns,3,本,110.00,71.50,9780521649988,onsale
2775,Mathematics for programming computers,6,本,90.00,58.50,9780135631805,onsale
2776,Discrete Mathematics,9,本,106.00,68.90,9789810240882,offsale
2777,Data Science Analytics and Applications,3,本,94.00,61.10,9789811086021,onsale
2778,Advances in Cryptology-CRYPT0' 90,3,本,94.00,61.10,9783540384243,onsale
2779,Discrete mathematics with applications,9,本,104.00,67.60,9780471606727,onsale
2780,XQuery from the Experts,3,本,84.00,54.60,9780321180605,onsale
2781,Essentials of discrete mathematics,9,本,102.00,66.30,9781449604424,onsale
2782,Introductory discrete structures with applications,3,本,92.00,59.80,9780135007945,discontinued
2783,Discrete mathematics,9,本,102.00,66.30,9780198065432,onsale
2784,Object-oriented development,7,本,101.00,65.65,9780471583714,onsale
2785,Research methods in human-computer interaction,3,本,90.00,58.50,9780128053904,onsale
2786,Computational Number Theory and Modern Cryptography,11,本,92.00,59.80,9781118188583,onsale
2787,Deep Learning in Gaming and Animations,8,本,95.00,61.75,9781000504347,onsale
2788,Quantum computing,3,本,92.00,59.80,9781281326164,discontinued
2789,Solving PDEs in C++,11,本,94.00,61.10,9780898716016,onsale
2790,Information Technology Control and Audit,12,本,72.00,46.80,9780849320323,discontinued
2791,Cybersecurity,3,本,106.00,68.90,9781439846643,onsale
2792,Cryptology Unlocked,3,本,92.00,59.80,9781281032089,discontinued
2793,Data abstraction,3,本,100.00,65.00,9780079116918,offsale
2794,Programming Distributed Computing Systems,6,本,86.00,55.90,9780262313353,onsale
2795,Bandit Algorithms for Website Optimization,9,本,102.00,66.30,9781449341336,onsale
2796,Object-oriented programming in C++,6,本,86.00,55.90,9780672228001,onsale
2797,Cloud Computing with e-Science Applications,3,本,102.00,66.30,9781466591165,onsale
2798,Algorithms and theory of computation handbook,9,本,112.00,72.80,9780849326493,onsale
2799,Stepping into virtual reality,3,本,96.00,62.40,9781848001169,onsale
2800,Deep Learning in Practice,8,本,99.00,64.35,9781000483390,onsale
2801,Understanding SOAP,3,本,98.00,63.70,9780672319228,onsale
2802,UML Gota a Gota,3,本,114.00,74.10,9789684443648,onsale
2803,"Discovering Computers, Essentials ©2018, Loose-Leaf Version",12,本,78.00,50.70,9781337388511,onsale
2804,Discovering computers,12,本,66.00,42.90,9780619202224,onsale
2805,Instructor Edition,12,本,78.00,50.70,9781418843731,onsale
2806,Discovering computers 2007,12,本,74.00,48.10,9781418843700,onsale
2807,Programming for Hybrid Multi/Manycore MPP Systems,6,本,108.00,70.20,9781439873717,onsale
2808,Novice Programming Environments,6,本,82.00,53.30,9781351141260,onsale
2809,High-speed range estimation based on intensity gradient analysis,3,本,112.00,72.80,9783540974796,onsale
2810,Cybersecurity What Everyone Needs to Know Paper,3,本,106.00,68.90,9780199918119,onsale
2811,"Signal and Information Processing, Networking and Computers",10,本,105.00,68.25,9789811317323,onsale
2812,Applied Computer Sciences in Engineering,12,本,66.00,42.90,9783030310189,onsale
2813,Modern multithreading,3,本,92.00,59.80,9780471744160,discontinued
2814,Theory of cryptography,3,本,92.00,59.80,9783540327325,discontinued
2815,Systems Engineering mit SysML/UML,12,本,82.00,53.30,9783864900914,onsale
2816,A cryptography primer,3,本,116.00,75.40,9781139898478,onsale
2817,The HP virtual server environment,3,本,94.00,61.10,9780131855229,onsale
2818,Advanced algorithms and operators,9,本,98.00,63.70,9780750306652,discontinued
2819,Connections in Discrete Mathematics,9,本,102.00,66.30,9781316650295,onsale
2820,International Conference on Innovative Computing and Communications,3,本,104.00,67.60,9789811925344,onsale
2821,Cibercrime,3,本,108.00,70.20,9781956768107,onsale
2822,Mathematical Foundations of Computer Science 2015,3,本,100.00,65.00,9783662480571,offsale
2823,Discrete Element Method to Model 3D Continuous Materials,3,本,80.00,52.00,9781119103042,onsale
2824,Visualizing Technology,12,本,78.00,50.70,9780133880953,onsale
2825,Fundamentals of Real Time Systems,3,本,108.00,70.20,9781516554959,onsale
2826,Didaktik der Informatik,3,本,98.00,63.70,9783486720082,onsale
2827,"Proof, language, and interaction",3,本,112.00,72.80,9780585388908,onsale
2828,Image and Video Compression Standards,3,本,100.00,65.00,9781461378426,offsale
2829,Privacy Technologies and Policy,3,本,98.00,63.70,9783030766627,onsale
2830,Intelligent Systems Technologies and Applications,3,本,106.00,68.90,9789811539138,onsale
2831,Abstract Domains in Constraint Programming,6,本,94.00,61.10,9781785480102,onsale
2832,Forensic Investigations and Risk Management in Mobile and Wireless Communications,13,本,87.00,56.55,9781799803850,onsale
2833,Introduction to Programming with Mathematica®,6,本,104.00,67.60,9783662255278,onsale
2834,Artificial Neural Networks,8,本,103.00,66.95,9781351027724,onsale
2835,Expert Systems,8,本,109.00,70.85,9783800941049,onsale
2836,Principles of program analysis,3,本,94.00,61.10,9783662038116,onsale
2837,Genetic programming IV,6,本,88.00,57.20,9781402074462,onsale
2838,Piezoelectric materials and devices,3,本,112.00,72.80,9781299992535,onsale
2839,Introduction to Object-Oriented Analysis and Design,7,本,99.00,64.35,9780072826463,onsale
2840,Ferguson Career Coach,3,本,104.00,67.60,9780816053599,onsale
2841,"VSAM performance, design and fine tuning",3,本,94.00,61.10,9780029486313,onsale
2842,UML and C++,3,本,80.00,52.00,9780130290403,onsale
2843,Mathematics and Computation in Music,11,本,94.00,61.10,9783642215896,onsale
2844,Math Bytes,3,本,86.00,55.90,9781400851423,onsale
2845,Intelligent systems,3,本,92.00,59.80,9781315218427,discontinued
2846,Handbook of visual languages for instructional design,3,本,108.00,70.20,9781599047294,onsale
2847,"A little Java, a few patterns",6,本,86.00,55.90,9780262561150,onsale
2848,Zendegi,3,本,98.00,63.70,9782253195085,onsale
2849,Programs and data structures in C,9,本,104.00,67.60,9780471931249,onsale
2850,Scientific programmer's toolkit,3,本,86.00,55.90,9781000154467,onsale
2851,Cyberfeminism and artificial life,3,本,98.00,63.70,9780203299159,onsale
2852,Introduction to Information Security,3,本,120.00,78.00,9781597499729,onsale
2853,Computational Electromagnetics,3,本,90.00,58.50,9781461453512,onsale
2854,Cybercognition,3,本,90.00,58.50,9781526414441,onsale
2855,Coding theory and cryptography,6,本,84.00,54.60,9781420002638,onsale
2856,Directed Information Measures in Neuroscience,3,本,102.00,66.30,9783642544736,onsale
2857,FORTRAN optimization,6,本,96.00,62.40,9780124924826,onsale
2858,Android Apps Security,3,本,94.00,61.10,9781484216811,onsale
2859,Genetic programming II,6,本,96.00,62.40,9780262111898,onsale
2860,Structural optimisation using sequential linear programming,6,本,98.00,63.70,9788125911814,onsale
2861,Assignment problems,11,本,80.00,52.00,9781611972221,onsale
2862,Topics in stereochemistry,12,本,74.00,48.10,9780470147337,onsale
2863,Make,3,本,112.00,72.80,9781449393984,onsale
2864,An introduction to neural networks,8,本,136.00,88.40,9780262011440,offsale
2865,Reconfigurable and Adaptive Computing,3,本,112.00,72.80,9781498731768,onsale
2866,Practical Approach to Metaheuristics Using LabVIEW and MATLAB®,3,本,121.00,78.65,9781000073430,onsale
2867,Guide to Network Security,10,本,105.00,68.25,9781133279075,onsale
2868,Be Prepared for the AP Computer Science Exam in Java,6,本,110.00,71.50,9780965485357,onsale
2869,Multilog,3,本,96.00,62.40,9781563210587,onsale
2870,Introductory Visualizing Technology,12,本,72.00,46.80,9780132816274,discontinued
2871,Associate Degree Program,3,本,112.00,72.80,9780897916158,onsale
2872,Soft Computing and Intelligent Systems,3,本,90.00,58.50,9780126464900,onsale
2873,Moths to the Flame,3,本,92.00,59.80,9780585002743,discontinued
2874,Deep Learning Applications and Intelligent Decision Making in Engineering,8,本,127.00,82.55,9781799824817,onsale
2875,You'll see this message when it is too late,3,本,92.00,59.80,9780262038850,discontinued
2876,Research Methods in Political Science,14,本,61.00,39.65,9780922914111,onsale
2877,UML for database design,5,本,98.00,63.70,9780201721638,onsale
2878,Persuasive Technology,12,本,78.00,50.70,9781558606432,onsale
2879,Exegesis,3,本,88.00,57.20,9780613068123,onsale
2880,Rendering techniques '95,3,本,96.00,62.40,9783211827338,onsale
2881,"Communication, Management and Information Technology",12,本,76.00,49.40,9781315349633,onsale
2882,Introduction to Public Key Infrastructures,3,本,102.00,66.30,9783642406577,onsale
2883,Future Network Systems and Security,10,本,91.00,59.15,9783030343521,onsale
2884,A practical guide to SysML,12,本,72.00,46.80,9780123852076,discontinued
2885,Assembler language programming,6,本,104.00,67.60,9780471886570,onsale
2886,Graph-Theoretic Concepts in Computer Science,3,本,96.00,62.40,9783319123394,onsale
2887,Maximum likelihood estimation with stata,3,本,106.00,68.90,9781881228837,onsale
2888,Understanding Deep Learning,8,本,107.00,69.55,9780262048644,onsale
2889,Artificial Evolution,3,本,94.00,61.10,9783319116822,onsale
2890,Star Trek The Next Generation - Starfleet Academy - Loyalties,3,本,92.00,59.80,9780671552800,discontinued
2891,An invitation to computer science,12,本,66.00,42.90,9780314046109,onsale
2892,Data Structures and Algorithms in C++,9,本,96.00,62.40,9781133608424,onsale
2893,Data structures and the Java collections framework,9,本,106.00,68.90,9780470482674,offsale
2894,Computational Science -- ICCS 2005,3,本,90.00,58.50,9783540321149,onsale
2895,Teaching Computational Thinking in Primary Education,17,本,52.00,33.80,9781522532026,onsale
2896,Algorithms and Discrete Applied Mathematics,9,本,100.00,65.00,9783319292205,onsale
2897,Computer Science and Its Applications,3,本,100.00,65.00,9783319387161,offsale
2898,Wide Area Surveillance,3,本,100.00,65.00,9783662509623,offsale
2899,Template Matching Techniques in Computer Vision,3,本,96.00,62.40,9780470744048,onsale
2900,Sustained Simulation Performance 2012,3,本,92.00,59.80,9783642324550,discontinued
2901,Software Science and Engineering,12,本,80.00,52.00,9789810207762,offsale
2902,War Play,3,本,88.00,57.20,9780544031562,onsale
2903,BDD in Action: Behavior-driven development for the whole software lifecycle,3,本,100.00,65.00,9781617291654,offsale
2904,Data structures with Java,9,本,96.00,62.40,9780131293373,onsale
2905,"Informatics, Networking and Intelligent Computing",10,本,107.00,69.55,9781315734538,onsale
2906,Data compression,3,本,98.00,63.70,9780471929413,onsale
2907,Scientific Programming,6,本,104.00,67.60,9781299833371,onsale
2908,Managing and using information systems,3,本,90.00,58.50,9781119255215,onsale
2909,Fundamentals of Business Process Management,13,本,85.00,55.25,9783662565087,onsale
2910,Internet of Things Security,3,本,112.00,72.80,9788793609525,onsale
2911,iPad and iPhone Tips and Tricks,3,本,118.00,76.70,9780789758682,onsale
2912,Antibodies,3,本,102.00,66.30,9781884612473,onsale
2913,The Wires of War,3,本,102.00,66.30,9781982144456,onsale
2914,"SQL-99 complete, really",5,本,114.00,74.10,9780879305680,onsale
2915,More Math Into LaTeX,3,本,112.00,72.80,9780387688527,onsale
2916,Using Microsoft Visual studio,3,本,106.00,68.90,9780789712608,onsale
2917,jQuery Mobile,3,本,100.00,65.00,9781449313791,offsale
2918,Advanced MS-D0S Batch File Programming,6,本,96.00,62.40,9780830631971,onsale
2919,"Java, Java, Java Object-Oriented Problem Solving",6,本,82.00,53.30,9780130333704,onsale
2920,Data structures and algorithms in Java,9,本,96.00,62.40,9780131469143,onsale
2921,Computer-aided reasoning,3,本,112.00,72.80,9780792378495,onsale
2922,Guide to computer forensics and investigations,12,本,64.00,41.60,9780619131203,onsale
2923,Mastering SAP ABAP,3,本,114.00,74.10,9781787129498,onsale
2924,Learning Java by Building Android Games,6,本,112.00,72.80,9781784393847,onsale
2925,Hands-On Object-Oriented Programming with C#,6,本,112.00,72.80,9781788296229,onsale
2926,Command line kung fu,3,本,96.00,62.40,9781499222036,onsale
2927,An introduction to neural networks,8,本,111.00,72.15,9781857285031,onsale
2928,VAX/VMS Internals and Data Structures,9,本,108.00,70.20,9781555580087,onsale
2929,Software engineering mathematics,7,本,91.00,59.15,9780273026730,onsale
2930,Foundations of Atlas,3,本,86.00,55.90,9781430201755,onsale
2931,Annual Review of Scalable Computing (Series on Scalable Computing),3,本,110.00,71.50,9789812383693,onsale
2932,Computer Science Theory and Applications,3,本,94.00,61.10,9783319341705,onsale
2933,Didaktik der Informatik,3,本,114.00,74.10,9783486991376,onsale
2934,Open Source Systems,3,本,90.00,58.50,9781013268632,onsale
2935,Edexcel Gcse Computer Science Student Book,17,本,62.00,40.30,9781471836206,onsale
2936,Mobile Platform Security,3,本,100.00,65.00,9781627050975,offsale
2937,Ex Machina,3,本,110.00,71.50,9781947864436,onsale
2938,Dictionary of ICT,3,本,104.00,67.60,9781408198186,onsale
2939,Object-Oriented Programming A Unified Foundation,6,本,94.00,61.10,9781461241386,onsale
2940,Jewels are Forever,3,本,90.00,58.50,9783642643040,onsale
2941,Face Recognition Across the Imaging Spectrum,3,本,96.00,62.40,9783319285016,onsale
2942,Supercomputing,3,本,104.00,67.60,9784431681397,onsale
2943,Parcella '88,3,本,96.00,62.40,9783112528358,onsale
2944,Bloomsbury Curriculum Basics,17,本,56.00,36.40,9781472921024,onsale
2945,Genetic Programming Theory and Practice XIII,6,本,96.00,62.40,9783319342238,onsale
2946,Models of Computation,3,本,116.00,75.40,9783319826899,onsale
2947,"Research and Development in Art, Design and Creativity",3,本,94.00,61.10,9783319330068,onsale
2948,Big Data Applications and Use Cases,3,本,86.00,55.90,9783319301440,onsale
2949,Topics in Theoretical Computer Science,3,本,110.00,71.50,9783319286785,onsale
2950,Computational Kinematics,3,本,96.00,62.40,9789400772144,onsale
2951,Self-Aware Computing Systems,3,本,104.00,67.60,9783319837444,onsale
2952,"Cyber Physical Systems. Design, Modeling, and Evaluation",3,本,94.00,61.10,9783319251417,onsale
2953,Lessons in Teaching Computing in Primary Schools,17,本,62.00,40.30,9781473970403,onsale
2954,Programming in Modula-2,6,本,114.00,74.10,9783642968792,onsale
2955,Computational Science and Its Applications - ICCSA 2016,3,本,92.00,59.80,9783319420912,discontinued
2956,Computing and Philosophy,16,本,80.00,52.00,9783319794655,onsale
2957,Persuasive Technology,12,本,76.00,49.40,9783540685043,onsale
2958,Intelligent Computing and Applications,3,本,96.00,62.40,9788132222675,onsale
2959,Design of relational database benchmarks,5,本,110.00,71.50,9781019359365,offsale
2960,Droid Application Sketch Book,3,本,82.00,53.30,9781430233602,onsale
2961,Handbook of Theoretical Computer Science,3,本,86.00,55.90,9780262720144,onsale
2962,Secure XML,3,本,84.00,54.60,9780201756050,onsale
2963,Data Wrangler's Handbook,3,本,110.00,71.50,9780838919095,onsale
2964,Shelly Cashman Series Discovering Computers & Microsoft Office 365 & Office 2016: A Fundamental Combined Approach,12,本,80.00,52.00,9781305871809,offsale
2965,"Computing essentials, 2000-2001",3,本,90.00,58.50,9780071166119,onsale
2966,Deep Reinforcement Learning with Python,6,本,110.00,71.50,9781839215599,onsale
2967,OpenShift Cookbook,3,本,102.00,66.30,9781783981205,onsale
2968,Fuzzy logic,3,本,102.00,66.30,9780124859654,onsale
2969,Object-Oriented Programming Using C++,6,本,94.00,61.10,9780201895506,onsale
2970,"Intercultural Communication, Identity, and Social Movements in the Digital Age",3,本,102.00,66.30,9781351399517,onsale
2971,Android Apps for Absolute Beginners,3,本,90.00,58.50,9781484200193,onsale
2972,Computer animation,3,本,80.00,52.00,9780080502502,onsale
2973,Using QEMM,3,本,110.00,71.50,9781558283497,onsale
2974,Visual Programming Environments,6,本,110.00,71.50,9780818689741,onsale
2975,Visual object-oriented programming,6,本,102.00,66.30,9781884777011,onsale
2976,Computer Science,3,本,98.00,63.70,9780613912792,onsale
2977,Trust and security in collaborative computing,3,本,104.00,67.60,9789812703682,onsale
2978,Experimentation in Software Engineering,7,本,97.00,63.05,9783642290442,onsale
2979,Data Science Using Python and R,6,本,102.00,66.30,9781119526865,onsale
2980,Data Analytics and Decision Support for Cybersecurity,3,本,106.00,68.90,9783319866246,onsale
2981,Data Hiding Techniques in Windows OS,10,本,105.00,68.25,9780128044964,onsale
2982,MATLAB for Brain and Cognitive Scientists,3,本,94.00,61.10,9780262035828,onsale
2983,Hands-On Neural Networks with TensorFlow 2.0,8,本,129.00,83.85,9781789613797,onsale
2984,Constraint logic programming,6,本,86.00,55.90,9780262023535,onsale
2985,Applied discrete structures for computer science,3,本,96.00,62.40,9780023299346,onsale
2986,Recent trends in data type specification,3,本,94.00,61.10,9783540616290,onsale
2987,Graphs and applications,3,本,100.00,65.00,9781852332594,offsale
2988,Fundamentals of artificial neural networks,8,本,109.00,70.85,9780262082396,onsale
2989,Ten Applications of Graph Theory,9,本,110.00,71.50,9789400971547,onsale
2990,Advances in Communication Networking,10,本,107.00,69.55,9783319134871,onsale
2991,CMPTR,3,本,94.00,61.10,9781111527990,onsale
2992,C# Data Structures and Algorithms: Explore the possibilities of C# for developing a variety of efficient applications,9,本,120.00,78.00,9781788833738,onsale
2993,Computational neuroscience,3,本,118.00,76.70,9780387886299,onsale
2994,Neural network parallel computing,8,本,117.00,76.05,9780792391906,onsale
2995,"Hands-On Data Structures and Algorithms with JavaScript: Write efficient code that is highly performant, scalable, and easily testable using JavaScript",9,本,126.00,81.90,9781788398558,onsale
2996,System Programming with C and Unix,10,本,97.00,63.05,9780131364516,onsale
2997,Introduction à Scilab,3,本,98.00,63.70,9782287252471,onsale
2998,Machine learning in image steganalysis,8,本,115.00,74.75,9781118437964,onsale
2999,Pro JavaScript design patterns,6,本,88.00,57.20,9781430204961,onsale
3000,Mobile interface theory,3,本,104.00,67.60,9780415878913,onsale
3001,Simple guide to understanding user interface design rules,3,本,82.00,53.30,9780123750303,onsale
3002,Starting Out with Java,6,本,92.00,59.80,9781292110783,discontinued
3003,Expert Systems in Engineering Applications,8,本,115.00,74.75,9783642840494,onsale
3004,ANEMONA,3,本,96.00,62.40,9781848003095,onsale
3005,Object-oriented programming and Java,6,本,104.00,67.60,9781846289620,onsale
3006,MIDI sequencing in C,3,本,96.00,62.40,9781558510463,onsale
3007,Intelligent Systems in Science and Information 2014,3,本,102.00,66.30,9783319146539,onsale
3008,"Object-Oriented Analysis, Design and Implementation",7,本,95.00,61.75,9783031712395,discontinued
3009,Mobility Management in LTE Heterogeneous Networks,10,本,109.00,70.85,9789811351167,offsale
3010,Introduction to Natural Language Processing,3,本,86.00,55.90,9780262042840,onsale
3011,Object-Oriented Analysis and Design with Applications,7,本,99.00,64.35,9780321774941,onsale
3012,Ocr Computing For A Level,17,本,78.00,50.70,9780340967898,onsale
3013,Applying data structures with PL/I,9,本,94.00,61.10,9780395240601,onsale
3014,Essentials of Scientific Computing,3,本,104.00,67.60,9781588902436,onsale
3015,"Cybersecurity: Managing Systems, Conducting Testing, and Investigating Intrusions",3,本,98.00,63.70,9781118697115,onsale
3016,Foundations of analog & digital electronic circuits,12,本,82.00,53.30,9781558607354,onsale
3017,Exploitation of linkage learning in evolutionary algorithms,9,本,108.00,70.20,9783642263279,onsale
3018,Computability and logic,3,本,90.00,58.50,9780511366055,onsale
3019,Quick CORBA 3,3,本,100.00,65.00,9780470653296,offsale
3020,Natural Language Processing and Cognitive Science,3,本,84.00,54.60,9781501501319,onsale
3021,Functional programming in C#,6,本,96.00,62.40,9780470971109,onsale
3022,Geektionary,3,本,80.00,52.00,9781440511141,onsale
3023,We Are the Nerds,3,本,98.00,63.70,9780349416373,onsale
3024,MACHINE VISION,3,本,88.00,57.20,9780521830461,onsale
3025,Software Development With C++,7,本,113.00,73.45,9781483265698,onsale
3026,Php Advanced And Objectoriented Programming,6,本,90.00,58.50,9780321832184,onsale
3027,Don't Panic!,3,本,84.00,54.60,9780007190270,onsale
3028,Solutions Architecture,3,本,104.00,67.60,9781484296561,onsale
3029,Set up and Manage Your Virtual Private Server,3,本,110.00,71.50,9781484269657,onsale
3030,Encyclopedia of computer science and technology,12,本,82.00,53.30,9780824722838,onsale
3031,Homi Bhabha and the computer revolution,3,本,96.00,62.40,9780198072461,onsale
3032,Computer network security,10,本,109.00,70.85,9783540407973,offsale
3033,Cybersecurity for Everyone,3,本,117.00,76.05,9781003124030,onsale
3034,Display and interface design,3,本,88.00,57.20,9781420064391,onsale
3035,QGIS for Hydrological Appllications,3,本,92.00,59.80,9781734464320,discontinued
3036,Software prototyping in data and knowledge engineering,12,本,74.00,48.10,9780792360162,onsale
3037,Brain Jack,3,本,110.00,71.50,9780375843679,onsale
3038,Cryptographic and Information Security Approaches for Images and Videos,3,本,92.00,59.80,9781032598024,discontinued
3039,Ontology and the lexicon,3,本,94.00,61.10,9781009342476,onsale
3040,Fuzzy Semirings with Applications to Automata Theory,3,本,92.00,59.80,9783642440038,discontinued
3041,Scienza dei servizi,3,本,100.00,65.00,9788847013650,offsale
3042,C[plus plus] object-oriented data structures,9,本,112.00,72.80,9780387941943,onsale
3043,"Little Book of Object-Oriented Programming, The",6,本,96.00,62.40,9780133963427,onsale
3044,Neural Information Processing,8,本,107.00,69.55,9783030367176,onsale
3045,The unified modeling language reference manual,17,本,62.00,40.30,9780321718952,onsale
3046,Neural Information Processing,8,本,107.00,69.55,9783642106842,onsale
3047,MySQL Cookbook,5,本,100.00,65.00,9780596001452,onsale
3048,Reusable Software Components,3,本,94.00,61.10,9780136136880,onsale
3049,'A' Level Computing ('A' Level Textbooks),17,本,62.00,40.30,9781858051703,onsale
3050,Computing Essentials 2015 Introductory Edition,17,本,54.00,35.10,9781259223150,onsale
3051,The InfoSec Handbook,3,本,96.00,62.40,9781430263838,onsale
3052,Facts on File Dictionary of Computer Science,3,本,102.00,66.30,9780816042869,onsale
3053,Cambridge International AS and a Level Computer Science Teacher's Resource Pack,17,本,60.00,39.00,9781510457652,onsale
3054,OCR a Level Computer Science Student ETextbook,17,本,78.00,50.70,9781471839795,onsale
3055,Trends in Future Informatics and Emerging Technologies,3,本,116.00,75.40,9789814998451,onsale
3056,Вычислительная машина и мозг,3,本,98.00,63.70,9785171480158,onsale
3057,Gcse Computer Science for Aqa Cambridge Elevate-Enhanced Edition (1 Year),3,本,102.00,66.30,9781316609972,onsale
3058,McGraw Hill's National Electrical Safety Code (NESC) 2023 Handbook,17,本,68.00,44.20,9781264257188,onsale
3059,Wireless Network Security,10,本,105.00,68.25,9781773613055,onsale
3060,Computer Science Education,17,本,50.00,32.50,9781350057104,onsale
3061,"Jupyter for Data Science: Exploratory analysis, statistical modeling, machine learning, and data visualization with Jupyter",8,本,115.00,74.75,9781785880070,onsale
3062,"Introduction to Data Science: A Python Approach to Concepts, Techniques and Applications (Undergraduate Topics in Computer Science)",6,本,90.00,58.50,9783319500164,onsale
3063,"CompTIA Security+ Certification Bundle, Second Edition (Exam SY0-401) (Certification Press)",17,本,56.00,36.40,9780071834261,onsale
3064,An Introduction to Computational Science,3,本,90.00,58.50,9783030156770,onsale
3065,Computer Science,3,本,96.00,62.40,9781107696341,onsale
3066,Investigating Technology,12,本,88.00,57.20,9781259765483,onsale
3067,BGE S1-S3 Computing Science,17,本,62.00,40.30,9781398313217,onsale
3068,Complete Computer Science,3,本,100.00,65.00,9780198367215,offsale
3069,Creative Coding,6,本,106.00,68.90,9781564846761,onsale
3070,Mastering Spark for Data Science,3,本,104.00,67.60,9781785882142,onsale
3071,"Enhanced Discovering Computers, Essentials",17,本,66.00,42.90,9781285845531,offsale
3072,"Understanding Vision, Manipulation, Computer Design, Symbol Manipulation",3,本,96.00,62.40,9780262730594,onsale
3073,Dictionary of Computing,3,本,88.00,57.20,9780199234011,onsale
3074,"People, profiles & trust",3,本,92.00,59.80,9781409229421,discontinued
3075,Principles of Computer Science (Principles of Science),3,本,100.00,65.00,9781682171394,offsale
3076,Proceedings of the 15th international conference on Intelligent user interfaces,3,本,98.00,63.70,9781605585154,onsale
3077,Aqa A2 Computing,3,本,118.00,76.70,9780748782987,onsale
3078,Cambridge Igcse Development Studies Students Book,3,本,102.00,66.30,9781107670778,onsale
3079,Cambridge IGCSE Computer Science Study and Revision Guide,17,本,82.00,53.30,9781471868689,onsale
3080,The Fourth Age,3,本,98.00,63.70,9781501158568,onsale
3081,Objects to components with the Java platform,6,本,100.00,65.00,9781576760352,offsale
3082,IBM Smalltalk,3,本,100.00,65.00,9780805309089,offsale
3083,Pattern Languages of Program Design 5,3,本,90.00,58.50,9780321321947,onsale
3084,Java GUI Programmer's Primer,6,本,100.00,65.00,9780139088490,offsale
3085,An introduction to object-oriented programming with Java,6,本,90.00,58.50,9780073523309,onsale
3086,Designing object-oriented user interfaces,7,本,91.00,59.15,9780805353501,onsale
3087,Growing object-oriented software,7,本,93.00,60.45,9780321574442,onsale
3088,JUnit in action,3,本,92.00,59.80,9781935182023,discontinued
3089,Effective Ruby,6,本,102.00,66.30,9780133846973,onsale
3090,A field guide to genetic programming,6,本,88.00,57.20,9781409200734,onsale
3091,Checking C programs with lint,3,本,102.00,66.30,9780937175309,onsale
3092,Decision Gd,3,本,112.00,72.80,9780768906738,onsale
3093,Formal and Adaptive Methods for Automation of Parallel Programs Construction,3,本,100.00,65.00,9781522593843,offsale
3094,Artificial neural networks in pattern recognition,8,本,111.00,72.15,9783540379522,onsale
3095,Keeper of the Kingdom,3,本,108.00,70.20,9781929976034,onsale
3096,The Romanian Language In The Digital Age Limba Romn N Era Digital,3,本,92.00,59.80,9783642307027,discontinued
3097,"Machine learning forensics for law enforcement, security, and intelligence",8,本,109.00,70.85,9781439860700,onsale
3098,Science on the Internet,3,本,102.00,66.30,9780130959188,onsale
3099,Modeling techniques and tools for computer performance evaluation,3,本,84.00,54.60,9781461305330,onsale
3100,The Contrarian,3,本,100.00,65.00,9781526619570,offsale
3101,Computer technology encyclopedia,12,本,72.00,46.80,9781428322363,discontinued
3102,Password Authentication for Web and Mobile Apps,3,本,106.00,68.90,9798649303095,onsale
3103,"Machines, Computations, and Universality",3,本,96.00,62.40,9783540318347,onsale
3104,Understanding computer science,17,本,62.00,40.30,9780895121615,onsale
3105,An information-theoretic approach to neural computing,8,本,125.00,81.25,9780387946665,onsale
3106,Security in Vehicular Networks,10,本,101.00,65.65,9781394172610,discontinued
3107,Troubleshooting Cisco Nexus Switches and NX-OS,17,本,66.00,42.90,9781587145056,offsale
3108,WALCOM : Algorithms and Computation,9,本,102.00,66.30,9783319156118,onsale
3109,"Context-Aware Systems and Applications, and Nature of Computation and Communication",3,本,84.00,54.60,9783030671006,onsale
3110,Culturally Responsive Strategies for Reforming STEM Higher Education,17,本,70.00,45.50,9781787434066,onsale
3111,Grammar System,3,本,94.00,61.10,9781315075617,onsale
3112,Encyclopedia of Computational Neuroscience,3,本,106.00,68.90,9781461466758,onsale
3113,Network Science,10,本,99.00,64.35,9780470400791,onsale
3114,Recoverability As a First-Class Security Objective,12,本,76.00,49.40,9780309483704,onsale
3115,Statistical Learning,17,本,68.00,44.20,9781118573792,onsale
3116,Automating Active Directory Administration with Windows PowerShell 2. 0,10,本,107.00,69.55,9781118118559,onsale
3117,Oracle database administration,5,本,116.00,75.40,9781565925168,onsale
3118,Mastering UML with Rational Rose,3,本,98.00,63.70,9780782124538,onsale
3119,Solaris 7,3,本,100.00,65.00,9783642635625,offsale
3120,A First Course in Complex Analysis With Applications,3,本,106.00,68.90,9780763746582,onsale
3121,The Windows Serial Port Programming Handbook,10,本,109.00,70.85,9781280347764,offsale
3122,Circuits and Systems for Security and Privacy,3,本,94.00,61.10,9781315355733,onsale
3123,Communications and Multimedia Security,3,本,88.00,57.20,9783642132414,onsale
3124,Access database design & programming,5,本,120.00,78.00,9781565922976,onsale
3125,Applied Robotics,3,本,100.00,65.00,9780790611846,offsale
3126,Singularity Hypotheses,3,本,90.00,58.50,9783642325601,onsale
3127,Satellite Networking,10,本,111.00,72.15,9780470870297,onsale
3128,Secure Programming with Static Analysis,6,本,86.00,55.90,9780321520357,onsale
3129,Exploring Bioinformatics,17,本,52.00,33.80,9781284034240,onsale
3130,Pattern languages of program design,3,本,86.00,55.90,9780201607345,onsale
3131,Think Data Structures: Algorithms and Information Retrieval in Java,9,本,116.00,75.40,9781491972397,onsale
3132,"Pascal Plus data structures, algorithms, and advanced programming",9,本,110.00,71.50,9780669152845,onsale
3133,Counter hack reloaded,3,本,86.00,55.90,9780131481046,onsale
3134,Verteilte Systeme,3,本,108.00,70.20,9783642257957,onsale
3135,Java Programming,6,本,96.00,62.40,9780619216085,onsale
3136,Soft-Computing,3,本,90.00,58.50,9783540209720,onsale
3137,Object-oriented compiler construction,7,本,87.00,56.55,9780131920712,onsale
3138,NeXTSTEP programming,6,本,102.00,66.30,9781461392774,onsale
3139,Data structures and program design in Pascal,9,本,102.00,66.30,9780023694653,onsale
3140,Practical applications of parallel computing,3,本,90.00,58.50,9781590335321,onsale
3141,ARITH-15 2001,14,本,75.00,48.75,9780769511528,onsale
3142,Dr. Dobb's Journal of Software Tools,3,本,102.00,66.30,9780934375139,onsale
3143,Oscillations in neural systems,8,本,117.00,76.05,9781135691875,onsale
3144,The Collected Papers of Stephen Smale,3,本,112.00,72.80,9789810249939,onsale
3145,Applications of graph transformations with industrial relevance,3,本,102.00,66.30,9783540890195,onsale
3146,FCST 2008,12,本,78.00,50.70,9780769535401,onsale
3147,Genetic Programming Theory And Practice Vi,6,本,110.00,71.50,9780387876238,onsale
3148,"Mathematical Foundations of Computer Science, 1990",3,本,100.00,65.00,9780387529530,offsale
3149,Anti-Virus Für Dummies,3,本,102.00,66.30,9783527700875,onsale
3150,"Schaum's Outline of Data Structures with Java, Second Edition (Schaum's Outlines)",9,本,98.00,63.70,9780071509930,discontinued
3151,Discovering Computers 2008 complete,3,本,88.00,57.20,9781423927020,onsale
3152,Irresistible,3,本,96.00,62.40,9781594206641,onsale
3153,Scientific programming and computer architecture,10,本,97.00,63.05,9780262036290,onsale
3154,Secret History,14,本,67.00,43.55,9781315162539,onsale
3155,The object-oriented approach,7,本,95.00,61.75,9780619033903,discontinued
3156,Understanding search engines,3,本,106.00,68.90,9780898715811,onsale
3157,Independent component analysis,3,本,102.00,66.30,9780521792981,onsale
3158,The UML profile for framework architectures,3,本,92.00,59.80,9780201675184,discontinued
3159,Selected areas in cryptography,3,本,92.00,59.80,9783540465133,discontinued
3160,Computer vision systems,3,本,94.00,61.10,9783540422853,onsale
3161,Nature of Computation and Communication,3,本,98.00,63.70,9783031594618,onsale
3162,68000 family assembly language,3,本,102.00,66.30,9780534932756,onsale
3163,Introduction to data structures and algorithms with C++,9,本,108.00,70.20,9780135791783,onsale
3164,"Computer Security -- ESORICS 2012: 17th European Symposium on Research in Computer Security, Pisa, Italy, September 10-12, 2012, Proceedings (Lecture Notes in Computer Science)",3,本,96.00,62.40,9783642331664,onsale
3165,Army of none,3,本,98.00,63.70,9781541419681,onsale
3166,If Then,3,本,106.00,68.90,9781529386158,onsale
3167,Intelligent Image Analysis for Plant Phenotyping,3,本,108.00,70.20,9781351709996,onsale
3168,"Gas Turbines Modeling, Simulation, and Control",3,本,102.00,66.30,9781138893443,onsale
3169,Naturally intelligent systems,3,本,94.00,61.10,9780585023472,onsale
3170,Nightworld,3,本,96.00,62.40,9780345276056,onsale
3171,To Infinity and Beyond,3,本,98.00,63.70,9783034861465,onsale
3172,The logic of knowledge bases,3,本,123.00,79.95,9780262122320,offsale
3173,Making the History of Computing Relevant,14,本,63.00,40.95,9783662525210,onsale
3174,Information storage and retrieval systems,3,本,106.00,68.90,9781475783391,onsale
3175,Introductory Statistics with R,11,本,98.00,63.70,9780387954752,onsale
3176,Statistics for the social sciences,11,本,86.00,55.90,9780060468941,onsale
3177,Data structures and algorithms with Modula-2,9,本,114.00,74.10,9780669294248,onsale
3178,"Bioinformatics, biocomputing and Perl",6,本,94.00,61.10,9780470026458,onsale
3179,Large-Scale Machine Learning in the Earth Sciences,8,本,103.00,66.95,9781315335407,onsale
3180,Adobe Illustrator Classroom in a Book (2021 Release),17,本,64.00,41.60,9780136805809,onsale
3181,Python Apps on Visual Studio Code,6,本,108.00,70.20,9789355516169,onsale
3182,Source Code Exploration with Memcached,3,本,112.00,72.80,9789355518873,onsale
3183,Writing Secure Code for Windows Vista™,10,本,103.00,66.95,9780735617223,onsale
3184,Data structures & other objects using C++,9,本,94.00,61.10,9780201702972,onsale
3185,Levine's guide to SPSS for analysis of variance,14,本,75.00,48.75,9781282374539,onsale
3186,The Naïve Bayes Model for Unsupervised Word Sense Disambiguation,3,本,104.00,67.60,9783642336928,onsale
3187,Generative Design,3,本,110.00,71.50,9781616897581,onsale
3188,Introduction to cryptography with mathematical foundations and computer implementations,3,本,106.00,68.90,9781439817636,onsale
3189,Managing Risk and Information Security,3,本,88.00,57.20,9781430251149,onsale
3190,Differential cryptanalysis of the data encryption standard,3,本,96.00,62.40,9781461393146,onsale
3191,Perl,6,本,98.00,63.70,9781306809580,onsale
3192,Smart graphics,3,本,96.00,62.40,9783540362951,onsale
3193,A tutorial introduction to occam programming,6,本,82.00,53.30,9780070506060,onsale
3194,Genetic algorithms + data structures = evolution programs,9,本,104.00,67.60,9783662074183,onsale
3195,Excel 2013 Power Programming with VBA,6,本,102.00,66.30,9781118491829,onsale
3196,Neural Networks and Fuzzy Systems,8,本,101.00,65.65,9780136123347,onsale
3197,Database modeling & design,5,本,114.00,74.10,9781558602946,onsale
3198,Ecological Informatics,3,本,112.00,72.80,9783319599267,onsale
3199,Object-oriented project management with UML,7,本,93.00,60.45,9780471253037,onsale
3200,Computational Intelligence,3,本,104.00,67.60,9781447158493,onsale
3201,Introduction to Simulink with Engineering Applications,12,本,86.00,55.90,9780974423937,onsale
3202,Learning OpenCV 3 Computer Vision with Python - Second Edition,6,本,116.00,75.40,9781785289774,onsale
3203,"Graphs, Networks and Algorithms",9,本,108.00,70.20,9783642322778,onsale
3204,Flex & bison,3,本,92.00,59.80,9781306809412,discontinued
3205,ggplot2,3,本,100.00,65.00,9783319242774,offsale
3206,Bioinformatics Research and Applications,3,本,110.00,71.50,9789819506941,onsale
3207,Computers,3,本,96.00,62.40,9780763820930,onsale
3208,Computer Organization,10,本,123.00,79.95,9781351999748,onsale
3209,Learning to program with Alice,17,本,60.00,39.00,9780131872905,onsale
3210,Lectures on Discrete Mathematics for Computer Science Algebra and Discrete Mathematics,9,本,100.00,65.00,9789814340502,onsale
3211,Nature-Inspired Networking,10,本,111.00,72.15,9781498761512,onsale
3212,Visualization in scientific computing '95,3,本,102.00,66.30,9783709194263,onsale
3213,Text Data Management and Analysis,5,本,104.00,67.60,9781970001198,onsale
3214,Designing personalized user experiences in eCommerce,13,本,93.00,60.45,9789048165995,onsale
3215,Statistical Package for the Social Sciences,17,本,52.00,33.80,9780070465312,onsale
3216,Research directions in concurrent object-oriented programming,6,本,88.00,57.20,9780262011396,onsale
3217,C++ Plus Data Structures,9,本,100.00,65.00,9780763704810,onsale
3218,Computer Science and Communications Dictionary,3,本,98.00,63.70,9780792384250,onsale
3219,Microsoft Visual C# .NET,12,本,78.00,50.70,9780619062736,onsale
3220,Elixir in Action,3,本,98.00,63.70,9781617295027,onsale
3221,Introduction to Parallel Computing,3,本,104.00,67.60,9783319988320,onsale
3222,More file formats for popular PC software,3,本,106.00,68.90,9780471850779,onsale
3223,Embedded systems,3,本,90.00,58.50,9780471721802,onsale
3224,Data structures using C,9,本,96.00,62.40,9780070591028,onsale
3225,Hardware engineer,3,本,100.00,65.00,9780823931187,offsale
3226,Understanding ActiveX and OLE,3,本,92.00,59.80,9781572312166,discontinued
3227,Systems and Computer Technology,12,本,72.00,46.80,9781317310198,discontinued
3228,Lauren Ipsum,3,本,108.00,70.20,9781593275747,onsale
3229,Thermodynamics,3,本,116.00,75.40,9780673996459,onsale
3230,Developing Graphics Frameworks with Python and OpenGL,6,本,90.00,58.50,9781003181378,onsale
3231,Data structures and algorithm analysis in C++,9,本,118.00,76.70,9780486485829,onsale
3232,Computers,3,本,112.00,72.80,9780894343896,onsale
3233,SPSS for dummies,3,本,96.00,62.40,9780470169506,onsale
3234,Career Ideas For Teens In Information Technology (Career Ideas for Teens),12,本,78.00,50.70,9780816052936,onsale
3235,Structures and abstractions,3,本,100.00,65.00,9780256082739,offsale
3236,Histoire Illustrée de L'informatique,3,本,106.00,68.90,9782759824182,onsale
3237,Elementary Functions,3,本,114.00,74.10,9781489979810,onsale
3238,Responsible Use of AI in Military Systems,8,本,99.00,64.35,9781003410379,onsale
3239,Poison Island,3,本,92.00,59.80,9781603127806,discontinued
3240,Computational Logistics,3,本,88.00,57.20,9783642410208,onsale
3241,"Objects, Abstraction, Data Structures and Design",9,本,104.00,67.60,9780470115589,onsale
3242,Conception de bases de données avec UML,3,本,84.00,54.60,9782760515000,onsale
3243,Data Modeling Made Simple With Ca Erwin Data Modeler R8,3,本,96.00,62.40,9781935504092,onsale
3244,SQL Server Query Performance Tuning,5,本,100.00,65.00,9781430267423,onsale
3245,Business Intelligence And Analytics Systems For Decision Support,13,本,63.00,40.95,9780133050905,onsale
3246,Information technology in theory,12,本,64.00,41.60,9781423901402,onsale
3247,Mathematical Aspects of Spin Glasses and Neural Networks (Progress in Probability),8,本,117.00,76.05,9780817638634,onsale
3248,Analyzing Neural Time Series Data,8,本,107.00,69.55,9780262319553,onsale
3249,Machine Learning for Future Wireless Communications,8,本,111.00,72.15,9781119562276,onsale
3250,Constraint-Based Agents,3,本,98.00,63.70,9783540422587,onsale
3251,Problems & solutions in scientific computing,3,本,98.00,63.70,9789812561251,onsale
3252,Human-Computer Systems Interaction,10,本,109.00,70.85,9783319084923,offsale
3253,Higher-Order Perl,6,本,92.00,59.80,9780080478340,discontinued
3254,Windows programming made easy,10,本,107.00,69.55,9780130289773,onsale
3255,Linguistic instruments in requirements engineering,12,本,86.00,55.90,9789051993165,onsale
3256,Computing and Combinatorics,3,本,110.00,71.50,9783319947754,onsale
3257,On intelligence,3,本,100.00,65.00,9780805074567,offsale
3258,Algorithms and complexity,9,本,106.00,68.90,9783540625926,offsale
3259,Database Systems for Advanced Applications,5,本,106.00,68.90,9783030731939,onsale
3260,The Waite Group's C++ primer plus,3,本,108.00,70.20,9781878739025,onsale
3261,Algebraic Informatics,11,本,86.00,55.90,9783642214943,onsale
3262,Industry 4.0: The Industrial Internet of Things,3,本,96.00,62.40,9781484220467,onsale
3263,The neural simulation language,8,本,119.00,77.35,9780262287579,onsale
3264,Adobe Photoshop Forensics,12,本,80.00,52.00,9781598634051,offsale
3265,Essentials of computer data files,3,本,86.00,55.90,9780273020851,onsale
3266,Computer Forensics,3,本,108.00,70.20,9780849392528,onsale
3267,Software specification methods,3,本,98.00,63.70,9781905209347,onsale
3268,Data structures and efficient algorithms,9,本,116.00,75.40,9780387554884,onsale
3269,Introduction to computing systems,3,本,102.00,66.30,9780072376838,onsale
3270,The Design and Analysis of Algorithms,9,本,90.00,58.50,9781461244004,onsale
3271,The computer professional's survival guide,3,本,98.00,63.70,9780070575745,onsale
3272,McGraw-Hill computing essentials,17,本,48.00,31.20,9780071135313,onsale
3273,Evolving intelligent systems,3,本,106.00,68.90,9780470569962,onsale
3274,PHP Certification Study Guide,6,本,98.00,63.70,9780672327094,onsale
3275,Linux All-In-One For Dummies (For Dummies (Computer/Tech)),10,本,105.00,68.25,9781119490463,onsale
3276,D is for digital,3,本,108.00,70.20,9781463733896,onsale
3277,Cyber forensics,3,本,92.00,59.80,9781118285053,discontinued
3278,Readings in model-based diagnosis,3,本,104.00,67.60,9781558602496,onsale
3279,Artificial Neural Networks,8,本,99.00,64.35,9780521455015,onsale
3280,Analytic Information Theory,3,本,94.00,61.10,9781108474443,onsale
3281,Direct Methods for Limit State of Materials and Structures,3,本,84.00,54.60,9783031291241,onsale
3282,Computer Science Project Work,3,本,92.00,59.80,9781447137016,discontinued
3283,Expert MySQL,5,本,96.00,62.40,9781430246602,onsale
3284,"Software Re-use, Utrecht 1989",3,本,98.00,63.70,9783540196525,onsale
3285,"People, Problems, and Proofs : Essays from Gödel's Lost Letter",3,本,94.00,61.10,9783662523018,onsale
3286,Advanced Model-Based Engineering of Embedded Systems,12,本,70.00,45.50,9783319480022,onsale
3287,Direct Methods,3,本,102.00,66.30,9783030488369,onsale
3288,The Essence of Software Engineering,7,本,111.00,72.15,9783319738970,onsale
3289,C++ mit dem Borland C++Builder 2007,6,本,104.00,67.60,9783540697732,onsale
3290,Elements of computation theory,3,本,112.00,72.80,9781848824973,onsale
3291,Keras 2. x Projects,3,本,112.00,72.80,9781789536645,onsale
3292,Computer Disaster Recovery Planning Guide,12,本,80.00,52.00,9780870511479,offsale
3293,The search for simplicity,14,本,87.00,56.55,9780818675669,onsale
3294,Thinking computers and virtual persons,12,本,84.00,54.60,9781483217659,onsale
3295,Find the bug,3,本,84.00,54.60,9780321223913,onsale
3296,Automatic text processing,3,本,80.00,52.00,9780201122275,onsale
3297,Mathematical Foundations of Computer Science 1989 (Symposium on Mathematical Foundations of Computer Science//Mathematical Foundations of Computer Science),3,本,104.00,67.60,9780387514864,onsale
3298,The universal computer,3,本,98.00,63.70,9781466505193,onsale
3299,Touch of Class,3,本,98.00,63.70,9783540921448,onsale
3300,Object-oriented common LISP,7,本,89.00,57.85,9780136059400,onsale
3301,Aspect-Oriented Software Development,7,本,95.00,61.75,9780321219763,discontinued
3302,Embedded systems design,3,本,94.00,61.10,9781578200733,onsale
3303,Foundation Flash CS3 for designers,3,本,102.00,66.30,9781590598610,onsale
3304,Iaeng Transactions on Engineering Sciences,12,本,84.00,54.60,9789813230767,onsale
3305,America's top resumes for America's top jobs,3,本,102.00,66.30,9781563702884,onsale
3306,New ideas in optimization,3,本,94.00,61.10,9780077095062,onsale
3307,Modelling and Implementation of Complex Systems,3,本,86.00,55.90,9783031185151,onsale
3308,Computational Science and Its Applications -- ICCSA 2013,3,本,104.00,67.60,9783642396472,onsale
3309,Provable Security,3,本,108.00,70.20,9783540889328,onsale
3310,Codecharts,3,本,117.00,76.05,9781118110010,onsale
3311,For the Love of Cybernetics,3,本,96.00,62.40,9781032838922,onsale
3312,Functional Programming Using F#,6,本,90.00,58.50,9781107057722,onsale
3313,Implementing SSL / TLS Using Cryptography and PKI,3,本,104.00,67.60,9781118255797,onsale
3314,Molecular Modelling for Beginners,3,本,92.00,59.80,9781280308741,discontinued
3315,Maya studio projects,3,本,96.00,62.40,9780470593271,onsale
3316,Introduction to numerical analysis and scientific computing,3,本,108.00,70.20,9781466589506,onsale
3317,Qualitative Methods for Reasoning under Uncertainty,3,本,94.00,61.10,9780262528740,onsale
3318,Parallel Programming for Modern High Performance Computing Systems,6,本,104.00,67.60,9781351385794,onsale
3319,Introduction to geometric computing,3,本,88.00,57.20,9781848001152,onsale
3320,Graph-theoretic concepts in computer science,3,本,92.00,59.80,9783540305590,discontinued
3321,MPLS,3,本,100.00,65.00,9780080558295,offsale
3322,What every engineer should know about Excel,3,本,82.00,53.30,9781138035300,onsale
3323,Publishing Challenge for Independent Videogame Developers,3,本,119.00,77.35,9781000032604,onsale
3324,Post-Quantum Cryptography,3,本,120.00,78.00,9783319598789,onsale
3325,Structured development of parallel programs,3,本,102.00,66.30,9780748407590,onsale
3326,The AI workbench BABYLON,8,本,115.00,74.75,9783893191550,onsale
3327,Proofs from THE BOOK,3,本,96.00,62.40,9788847004511,onsale
3328,Computational and Corpus-Based Phraseology,3,本,106.00,68.90,9783319698045,onsale
3329,"Fast, efficient, and predictable memory accesses",3,本,98.00,63.70,9789048172009,onsale
3330,Recommender Systems Handbook,13,本,99.00,64.35,9781489977809,onsale
3331,Optimal design of experiments,3,本,102.00,66.30,9781119976172,onsale
3332,National 5 Computing Science Success Guide,3,本,94.00,61.10,9780007504848,onsale
3333,UML for developing knowledge management systems,13,本,71.00,46.15,9781280290237,discontinued
3334,Knowledge-based tutoring,3,本,80.00,52.00,9780262031233,onsale
3335,MCSE,3,本,94.00,61.10,9780782150193,onsale
3336,Professionell Präsentieren,3,本,92.00,59.80,9783527412235,discontinued
3337,Modeling and Analysis of Communicating Systems,3,本,121.00,78.65,9780262321020,onsale
3338,Principles of computer system design,3,本,100.00,65.00,9780123749574,offsale
3339,Programming in Mathematica,6,本,98.00,63.70,9780201854497,onsale
3340,Graph Databases,5,本,112.00,72.80,9781491930854,onsale
3341,Concurrent constraint programming,6,本,98.00,63.70,9780262192972,onsale
3342,Formal methods for components and objects,3,本,96.00,62.40,9783642406157,onsale
3343,C++ Programming,6,本,108.00,70.20,9780538798082,onsale
3344,Computer networks,10,本,101.00,65.65,9780123850591,discontinued
3345,Plasma physics via computer simulation,12,本,88.00,57.20,9781351994378,onsale
3346,Designing Robot Behavior in Human-Robot Interactions,3,本,100.00,65.00,9780429602856,offsale
3347,An Introduction to Statistics with Python: With Applications in the Life Sciences (Statistics and Computing),6,本,102.00,66.30,9783319283159,onsale
3348,Trusted recovery and defensive information warfare,3,本,102.00,66.30,9780792375722,onsale
3349,Natural Language Processing - IJCNLP 2005,3,本,96.00,62.40,9783540291725,onsale
3350,Advances in Neural Networks - ISNN 2007,8,本,115.00,74.75,9783540723929,onsale
3351,Digital design and computer architecture,10,本,99.00,64.35,9788131215173,onsale
3352,Perspectives on computer science,3,本,92.00,59.80,9780123894502,discontinued
3353,Implementing Ssltls Using Cryptography And Pki,3,本,86.00,55.90,9780470920411,onsale
3354,Fundamentals of Program Design and Data Structures with C++,9,本,98.00,63.70,9780314204929,discontinued
3355,Knowledge and Systems Sciences,3,本,100.00,65.00,9789811028571,offsale
3356,Static analysis of software,3,本,92.00,59.80,9781118602843,discontinued
3357,CompTIA Network+ N10-006 Cert Guide,10,本,115.00,74.75,9780789756510,onsale
3358,Opportunities in computer science careers,3,本,106.00,68.90,9780844285818,onsale
3359,Artificial Intelligence by Example,8,本,115.00,74.75,9781839212819,onsale
3360,Information systems,3,本,100.00,65.00,9780333963906,offsale
3361,Complexity and Approximation,3,本,102.00,66.30,9783642584138,onsale
3362,Wisdom of the gurus,3,本,112.00,72.80,9780134998497,onsale
3363,R for Political Data Science,14,本,55.00,35.75,9781000204476,onsale
3364,Solutions manual for data structures and algorithm analysis in C++,9,本,104.00,67.60,9780805354447,onsale
3365,Programming Massively Parallel Processors: A Hands-on Approach,6,本,94.00,61.10,9780128119860,onsale
3366,pytest Quick Start Guide: Write better Python code with simple and maintainable tests,6,本,110.00,71.50,9781789347562,onsale
3367,Graduate record examination,3,本,92.00,59.80,9780133635652,discontinued
3368,Artificial intelligence & robotics,8,本,121.00,78.65,9780899342276,onsale
3369,Cyber Warfare,3,本,92.00,59.80,9783319360072,discontinued
3370,Neural networks and artificial intelligence for biomedical engineering,8,本,105.00,68.25,9780780334045,discontinued
3371,"Mobile SmartLife Via Sensing, Localization, and Cloud Ecosystems",3,本,104.00,67.60,9781498732345,onsale
3372,Oracle Database 10g,5,本,94.00,61.10,9780072253511,onsale
3373,Algorithms and complexity,9,本,94.00,61.10,9783030752415,onsale
3374,Parallel programming in OpenMP,6,本,92.00,59.80,9780080513539,discontinued
3375,Collaborative Information Seeking,3,本,110.00,71.50,9783319371979,onsale
3376,Computers Are Your Future Complete,17,本,48.00,31.20,9781292034300,onsale
3377,File system forensic analysis,3,本,92.00,59.80,9780321268174,discontinued
3378,Pro DNS and BIND 10,3,本,90.00,58.50,9781430230496,onsale
3379,Software Forensics,3,本,84.00,54.60,9780071428040,onsale
3380,Plasma Simulations by Example,3,本,96.00,62.40,9780429801068,onsale
3381,Tree-based graph partitioning constraint,3,本,92.00,59.80,9781118604472,discontinued
3382,Discrete algorithmic mathematics,9,本,106.00,68.90,9780429064791,offsale
3383,"Ready, set, go!",6,本,90.00,58.50,9780767412131,onsale
3384,Foundations of knowledge acquisition,3,本,98.00,63.70,9781461531739,onsale
3385,Objective-C phrasebook,3,本,92.00,59.80,9780321743626,discontinued
3386,Agent-Based Modelling and Geographical Information Systems,3,本,112.00,72.80,9781473958647,onsale
3387,Speech and language processing,17,本,56.00,36.40,9780131873216,onsale
3388,"Ethical, Legal and Professional Issues in Computing",3,本,112.00,72.80,9781844807499,onsale
3389,Programming AutoCAD 2000 using ObjectARX,6,本,104.00,67.60,9780766806436,onsale
3390,Object-oriented applications,7,本,95.00,61.75,9780130137982,discontinued
3391,Milestones in Computer Science and Information Technology,12,本,82.00,53.30,9781573565219,onsale
3392,Software engineering,7,本,93.00,60.45,9780471322085,onsale
3393,A theory of computer semiotics,3,本,96.00,62.40,9780521448680,onsale
3394,Algoritmos,3,本,112.00,72.80,9789899153226,onsale
3395,Fractals,3,本,104.00,67.60,9781558512559,onsale
3396,Mathematical Modeling In Epidemiology,3,本,110.00,71.50,9783642677953,onsale
3397,Matematica Numerica,3,本,108.00,70.20,9788847056435,onsale
3398,Introduction to computational science and mathematics,11,本,90.00,58.50,9780867204735,offsale
3399,Doing data analysis with SPSS version 16,17,本,64.00,41.60,9780495556510,onsale
3400,Artificial Intelligence in Education,8,本,117.00,76.05,9783319938424,onsale
3401,Process-driven SOA,3,本,108.00,70.20,9781439889305,onsale
3402,"Third workshop on neural networks : from biology to high energy physics, Isola d'Elba, Italy, September 26-30, 1994",8,本,109.00,70.85,9789810224912,onsale
3403,Object-oriented technology,7,本,111.00,72.15,9783540239888,onsale
3404,Data structures & algorithms in Java,9,本,108.00,70.20,9781571690951,onsale
3405,Structures de données et méthodes formelles,3,本,108.00,70.20,9782817801995,onsale
3406,Pattern Recognition An Algorithmic Approach,9,本,116.00,75.40,9780857294944,onsale
3407,Concurrent programming on Windows,10,本,95.00,61.75,9780321434821,onsale
3408,Event-Based Programming,6,本,90.00,58.50,9781430211938,onsale
3409,Practical Introduction to Data Structures and Algorithm Analysis,9,本,94.00,61.10,9780131907522,onsale
3410,Reactive systems,3,本,98.00,63.70,9780521875462,onsale
3411,Functional programming,6,本,104.00,67.60,9783540196099,onsale
3412,Data structures and program design,9,本,104.00,67.60,9780131960497,onsale
3413,Object Oriented Perl,6,本,116.00,75.40,9781884777790,onsale
3414,"Internet of Things, for Things, and by Things",3,本,90.00,58.50,9781138710443,onsale
3415,Web Development with jQuery,7,本,101.00,65.65,9781118866009,onsale
3416,Recent trends in algebraic development techniques,11,本,98.00,63.70,9783540719984,onsale
3417,From whirlwind to MITRE,3,本,80.00,52.00,9780262182010,onsale
3418,Data Compression,3,本,110.00,71.50,9780387406978,onsale
3419,Computer Animation,3,本,100.00,65.00,9784431681069,offsale
3420,Parallel computing,3,本,104.00,67.60,9781860949630,onsale
3421,Information and Communication Technology,12,本,72.00,46.80,9783642550324,discontinued
3422,"Pro .NET Memory Management: For Better Code, Performance, and Scalability",13,本,75.00,48.75,9781484240267,onsale
3423,Cloud Computing,3,本,92.00,59.80,9783319105291,discontinued
3424,Guide to High Performance Distributed Computing,3,本,106.00,68.90,9783319134987,onsale
3425,Building object applications that work,3,本,110.00,71.50,9781884842566,onsale
3426,C# Data Security Handbook,3,本,88.00,57.20,9781861008015,onsale
3427,Hierarchical annotated action diagrams,3,本,98.00,63.70,9780792383017,onsale
3428,Embedded multiprocessors,3,本,94.00,61.10,9781351835640,onsale
3429,System i Disaster Recovery Planning,3,本,98.00,63.70,9781583475133,onsale
3430,Object-Oriented Development,7,本,99.00,64.35,9780133388237,onsale
3431,Learn C on the Mac,3,本,94.00,61.10,9781430218098,onsale
3432,Maximum RPM,3,本,88.00,57.20,9780672311055,onsale
3433,A science of operations,3,本,104.00,67.60,9781848825550,onsale
3434,The invention of the computer,3,本,102.00,66.30,9781515798422,onsale
3435,It Skills for E-quals Level 2 (E-Quals Suite of It Qualifications),17,本,60.00,39.00,9780340846308,onsale
3436,Fast-Track Guide to VXLAN BGP EVPN Fabrics,3,本,112.00,72.80,9781484269299,onsale
3437,Service oriented architecture,3,本,108.00,70.20,9780979930409,onsale
3438,Discrete mathematical structures,12,本,78.00,50.70,9780619215583,onsale
3439,Complete visualizing technology,12,本,62.00,40.30,9780133110708,onsale
3440,The Object-Oriented Thought Process,7,本,97.00,63.05,9780321861276,onsale
3441,Object-oriented programming,6,本,104.00,67.60,9780078816826,onsale
3442,Computational materials science,3,本,96.00,62.40,9781586033354,onsale
3443,Learn HTML5 and JavaScript for Android,6,本,94.00,61.10,9781430243496,onsale
3444,SynDEVS Co-Design Flow,3,本,104.00,67.60,9783658003975,onsale
3445,BizTalk 2010 EDI for Health Care,15,本,107.00,69.55,9781430250210,onsale
3446,BlackBerry Application Sketch Book,3,本,86.00,55.90,9781430242390,onsale
3447,The Definitive Guide to Grails 2,3,本,96.00,62.40,9781430243786,onsale
3448,Arduino Adventures,3,本,84.00,54.60,9781430246060,onsale
3449,Perception and Machine Intelligence,3,本,102.00,66.30,9783642273872,onsale
3450,Android Application Sketch Book,3,本,84.00,54.60,9781430242307,onsale
3451,Pro HTML5 Games,3,本,92.00,59.80,9781484252512,discontinued
3452,Pro .NET Performance,3,本,92.00,59.80,9781430244592,discontinued
3453,Pro SharePoint Migration,3,本,92.00,59.80,9781430244844,discontinued
3454,Pro SQL Server 2012 Integration Services,5,本,100.00,65.00,9781430236931,onsale
3455,Simulation of dynamic systems with MATLAB and Simulink,3,本,88.00,57.20,9781420044195,onsale
3456,Universal Artificial Intelligence,8,本,105.00,68.25,9783540802075,discontinued
3457,Atlas for computing mathematical functions,3,本,90.00,58.50,9780471181712,onsale
3458,Open Modeling with UML,3,本,84.00,54.60,9780201675122,onsale
3459,Adobe Acrobat 6 PDF for Dummies,3,本,88.00,57.20,9781280353413,onsale
3460,The best of Booch,3,本,94.00,61.10,9780137396160,onsale
3461,Cybersex,3,本,110.00,71.50,9780786703678,onsale
3462,Visualization of Time-Oriented Data,3,本,100.00,65.00,9781447175292,offsale
3463,Data abstraction and structures using C⁺⁺,3,本,116.00,75.40,9780669349498,onsale
3464,Object-oriented programming using SOM and DSOM,6,本,86.00,55.90,9780471131236,onsale
3465,Understanding DESQview,3,本,114.00,74.10,9780895886651,onsale
3466,Labtutor,3,本,94.00,61.10,9780195091632,onsale
3467,Smart Learning Objects for Smart Education in Computer Science,17,本,64.00,41.60,9783319169125,onsale
3468,Advances in Computer Communication and Computational Sciences,3,本,88.00,57.20,9789811303401,onsale
3469,Quasi-Dimensional Simulation of Spark Ignition Engines,3,本,98.00,63.70,9781447152880,onsale
3470,Solutions on Embedded Systems,3,本,100.00,65.00,9789400706385,offsale
3471,Scaling a Software Business,13,本,69.00,44.85,9783319531151,onsale
3472,Validation of Evolving Software,3,本,92.00,59.80,9783319382005,discontinued
3473,Computational science and its applications,3,本,88.00,57.20,9783540220572,onsale
3474,Head first PHP & MySQL,5,本,120.00,78.00,9780596157739,onsale
3475,The Usborne little encyclopedia of space,3,本,98.00,63.70,9780746067307,onsale
3476,Data management and file structures,5,本,106.00,68.90,9780131983427,onsale
3477,Sams teach yourself Ruby in 21 days,6,本,104.00,67.60,9780768659122,onsale
3478,Schaum's outline of theory and problems of fundamentals of computing with C [plus plus],3,本,98.00,63.70,9780070308688,onsale
3479,Computational Modeling of Narrative,3,本,80.00,52.00,9783031010194,onsale
3480,Beyond Legacy Code,3,本,94.00,61.10,9781680500790,onsale
3481,Communication and Computing Systems,3,本,90.00,58.50,9781138029521,onsale
3482,Grundkurs Datenbankentwicklung,3,本,108.00,70.20,9783658015886,onsale
3483,Bayesian networks,10,本,99.00,64.35,9780470684030,onsale
3484,Wireshark & Ethereal network protocol analyzer toolkit,10,本,89.00,57.85,9780080506012,onsale
3485,Simple Guide to IBM SPSS Statistics - Version 23. 0,11,本,96.00,62.40,9781305877719,onsale
3486,"Cryptography and Network Security: Principles and Practice, Global Edition",10,本,115.00,74.75,9781292158587,onsale
3487,Interaction between Compilers and Computer Architectures,10,本,117.00,76.05,9781475733389,onsale
3488,Practical IPv6 for Windows administrators,10,本,101.00,65.65,9781430263708,discontinued
3489,Introduction to Programming Concepts with Case Studies in Python,6,本,100.00,65.00,9783709117446,offsale
3490,The Unix System guidebook,10,本,115.00,74.75,9780387909066,onsale
3491,Computer Vision,3,本,108.00,70.20,9781848829343,onsale
3492,Automatic Quantum Computer Programming,6,本,102.00,66.30,9781402078958,onsale
3493,Cryptology,3,本,96.00,62.40,9781351692533,onsale
3494,Product-Focused Software Process Improvement,3,本,100.00,65.00,9783031492686,offsale
3495,The Photoshop workbook,17,本,54.00,35.10,9780134008509,onsale
3496,Numerical recipes,3,本,82.00,53.30,9780521308113,onsale
3497,Memory Management,13,本,73.00,47.45,9781556223471,onsale
3498,Security Standardisation Research,3,本,92.00,59.80,9783319140544,discontinued
3499,OS X Incident Response,12,本,76.00,49.40,9780128044568,onsale
3500,RAM-based neural networks,8,本,115.00,74.75,9781299620285,onsale
3501,Automatic parallelization for a class of regular computations,3,本,118.00,76.70,9789812819949,onsale
3502,Discrete mathematics for new technology,9,本,88.00,57.20,9780750301350,onsale
3503,Primer on Compression in the Memory Hierarchy,3,本,80.00,52.00,9783031006234,onsale
3504,Cryptology Transmitted Message Protection,3,本,88.00,57.20,9783319301235,onsale
3505,Introduction to Communication and Artificial Intelligence,8,本,113.00,73.45,9781509533169,offsale
3506,Radial basis fucntion networks 1,10,本,119.00,77.35,9783790813678,onsale
3507,UML for systems engineering,12,本,80.00,52.00,9780852961056,offsale
3508,Artificial immune systems,3,本,104.00,67.60,9781852335946,onsale
3509,System design from provably correct constructs,3,本,94.00,61.10,9780138814830,onsale
3510,Object Oriented Programming With C++,6,本,104.00,67.60,9780826454287,onsale
3511,Fundamentals of Discrete Math for Computer Science Undergraduate Topics in Computer Science,3,本,102.00,66.30,9781447140689,onsale
3512,Data structures,9,本,102.00,66.30,9780201569537,onsale
3513,Visual languages and visual programming,6,本,88.00,57.20,9780306434280,onsale
3514,"Microcognition : philosophy, cognitive science and parallel distributed processing",16,本,68.00,44.20,9780262530958,onsale
3515,Hands-On Java Deep Learning for Computer Vision,8,本,115.00,74.75,9781838552138,onsale
3516,Computability,3,本,112.00,72.80,9783642699672,onsale
3517,Computers,3,本,100.00,65.00,9780816072774,offsale
3518,Machine Nature,3,本,88.00,57.20,9780071387040,onsale
3519,Parallel algorithms for knapsack type problems,9,本,90.00,58.50,9789810221201,onsale
3520,Pascal by example,6,本,92.00,59.80,9780155681620,discontinued
3521,SAS guide to VSAM processing,3,本,92.00,59.80,9781555445041,discontinued
3522,Verification and Validation for Quality of UML 2.0 Models,3,本,102.00,66.30,9780471727835,onsale
3523,Mathematics for computing,11,本,78.00,50.70,9780333291702,onsale
3524,Cyberwar and Revolution,3,本,104.00,67.60,9781452960487,onsale
3525,C++: Effective Object-Oriented Software Construction,7,本,109.00,70.85,9780130867698,onsale
3526,Applications of Soft Computing for the Web,3,本,102.00,66.30,9789811070990,onsale
3527,Careers for tech girls in computer science,3,本,100.00,65.00,9781499461053,offsale
3528,Virtual humans,13,本,73.00,47.45,9780814472217,onsale
3529,Peer-to-Peer Computing,3,本,108.00,70.20,9781846283819,onsale
3530,Our Digital World,3,本,104.00,67.60,9780763868314,onsale
3531,Control Engineering and Information Systems,12,本,78.00,50.70,9781317530794,onsale
3532,Cocoa programming,6,本,108.00,70.20,9780768662276,onsale
3533,Object-oriented C++ data structures for real programmers,9,本,102.00,66.30,9780123264299,onsale
3534,Computational Vision and Medical Image Processing,15,本,72.00,46.80,9789400700116,onsale
3535,Modeling and Simulation of Functional Nanomaterials for Forensic Investigation,3,本,108.00,70.20,9781668483275,onsale
3536,Model-Based Reasoning in Science and Technology,12,本,92.00,59.80,9783319389837,onsale
3537,"Innovation in Design, Communication and Engineering",12,本,80.00,52.00,9781317418665,offsale
3538,Smart Innovations in Communication and Computational Sciences,3,本,90.00,58.50,9789811324130,onsale
3539,Handbook of Small Data Sets,3,本,106.00,68.90,9780429246579,onsale
3540,Proceedings of the International Workshop on Applications of Neural Networks to Telecommunications,8,本,115.00,74.75,9781134786176,onsale
3541,"Text, Speech, and Dialogue",3,本,98.00,63.70,9783031404979,onsale
3542,Qualified Types,3,本,94.00,61.10,9780511663086,onsale
3543,Logic programming,6,本,88.00,57.20,9780262610544,onsale
3544,Mastering Unity Scripting,3,本,104.00,67.60,9781784390563,onsale
3545,Improving the User Experience Through Practical Data Analytics,12,本,78.00,50.70,9780128006788,onsale
3546,"Machine learning, neural and statistical classification",8,本,136.00,88.40,9780131063600,offsale
3547,1001 Computer Hints and Tips,3,本,104.00,67.60,9780276427909,onsale
3548,Beginning ATL COM programming,6,本,84.00,54.60,9781861000118,onsale
3549,"Foundations of Multithreaded, Parallel, and Distributed",3,本,86.00,55.90,9780201357523,onsale
3550,The Mysterious Affair at Olivetti,3,本,96.00,62.40,9780451493651,onsale
3551,Algebra for computer science,11,本,102.00,66.30,9780387967806,onsale
3552,Enterprise Java with UML,6,本,84.00,54.60,9780470300732,onsale
3553,Computer psychotherapy systems,3,本,94.00,61.10,9781351062909,onsale
3554,Digital circuit design for computer science students,3,本,110.00,71.50,9783642577819,onsale
3555,CouchDB,3,本,104.00,67.60,9780596158156,onsale
3556,Cyber Security and Privacy,3,本,100.00,65.00,9783319125756,offsale
3557,Object-Oriented Analysis and Design,7,本,97.00,63.05,9781118363706,onsale
3558,Teaching Computing,17,本,74.00,48.10,9781138549784,onsale
3559,Biometric Recognition,3,本,94.00,61.10,9783319124841,onsale
3560,SAS(R) Information Map Studio 3.1,3,本,106.00,68.90,9781599940038,onsale
3561,Information Sciences and Systems 2015,3,本,98.00,63.70,9783319226347,onsale
3562,Smashing CoffeeScript,3,本,94.00,61.10,9781118454930,onsale
3563,Feasible mathematics II,11,本,88.00,57.20,9781461225676,onsale
3564,STACS 88,3,本,108.00,70.20,9780387188348,onsale
3565,Mathematics of Program Construction,11,本,84.00,54.60,9783540356325,onsale
3566,Computational Thinking Meets Student Learning,12,本,84.00,54.60,9781564847614,onsale
3567,Rapid Testing,3,本,94.00,61.10,9780130912947,onsale
3568,Analysis of Cache Performance for Operating Systems and Multiprogramming,10,本,121.00,78.65,9781461288978,onsale
3569,Solution Manual to Discrete Mathematics from Computer Science,9,本,100.00,65.00,9780805370454,onsale
3570,The Big Nine,3,本,102.00,66.30,9781541773745,onsale
3571,The Bit and the Pendulum,3,本,104.00,67.60,9780471399742,onsale
3572,Systems Analysis and Design with UML Version 2.0,7,本,95.00,61.75,9780471348061,discontinued
3573,Access 2013 Absolute Beginners Guide,17,本,78.00,50.70,9780789748713,onsale
3574,End-User Development,3,本,96.00,62.40,9783642387050,onsale
3575,SSH Mastery,3,本,94.00,61.10,9781470069711,onsale
3576,Computational Intelligence for Machine Learning and Healthcare Informatics,8,本,109.00,70.85,9783110648195,onsale
3577,Excel 2016 Power Programming with VBA,6,本,98.00,63.70,9781119067627,onsale
3578,SAMS teach yourself UML in 24 hours,3,本,100.00,65.00,9780768658002,offsale
3579,Beginning GTK+ and GNOME,3,本,88.00,57.20,9781861003812,onsale
3580,Visual modeling technique,3,本,96.00,62.40,9780805325744,onsale
3581,Conference record of the ACM Symposium on LISP and Functional Programming,6,本,108.00,70.20,9780897911429,onsale
3582,Introduction to computing systems,17,本,52.00,33.80,9780071215039,onsale
3583,Python scripting for computational science,6,本,102.00,66.30,9783540739166,onsale
3584,Design Methods for Reactive Systems,3,本,88.00,57.20,9780080503950,onsale
3585,MyLab IT with Pearson EText -- Access Card -- for GO! 2019 with Technology in Action,6,本,94.00,61.10,9780136903437,onsale
3586,Practical Smalltalk,3,本,112.00,72.80,9780387973944,onsale
3587,"Systems, Software and Services Process Improvement",3,本,90.00,58.50,9783031155581,onsale
3588,Biological and artificial computation,8,本,103.00,66.95,9783540630470,onsale
3589,Computer forensics,3,本,96.00,62.40,9781849280402,onsale
3590,C# Programming: From Problem Analysis to Program Design,6,本,98.00,63.70,9781285096261,onsale
3591,Object-oriented programming with C++ and OSF/Motif,6,本,80.00,52.00,9780136302520,onsale
3592,Struktury danych,3,本,100.00,65.00,9783112579077,offsale
3593,Expert Systems,8,本,125.00,81.25,9781439893098,onsale
3594,Shared-Memory Synchronization,3,本,94.00,61.10,9783031386831,onsale
3595,Softwareentwicklung kompakt und verständlich,3,本,96.00,62.40,9783658306304,onsale
3596,Artificial Neural Network Applications for Software Reliability Prediction,8,本,107.00,69.55,9781119223962,onsale
3597,Data compression,3,本,98.00,63.70,9781846286032,onsale
3598,The future of software engineering,7,本,101.00,65.65,9783642151873,onsale
3599,Alan Turing and his contemporaries,3,本,96.00,62.40,9781780171067,onsale
3600,Expert Systems,8,本,103.00,66.95,9780412262807,onsale
3601,Software exorcism,3,本,84.00,54.60,9781430254232,onsale
3602,Computer Confluence IT Edition,3,本,90.00,58.50,9780130661852,onsale
3603,Computer science and operations research,12,本,92.00,59.80,9781483297866,onsale
3604,World Yearbook of Education 2014 : Governing Knowledge,17,本,62.00,40.30,9781317814580,onsale
3605,Handbook of Internet Computing,3,本,94.00,61.10,9781351089531,onsale
3606,Theory of Cryptography,3,本,110.00,71.50,9783662464984,onsale
3607,"Essential math, science, and computer terms for college freshmen",3,本,96.00,62.40,9780671184353,onsale
3608,SPSS for Research Methods,3,本,104.00,67.60,9780393938821,onsale
3609,Distributed Context-Aware Systems,3,本,102.00,66.30,9783319048826,onsale
3610,Advanced Methods in Computer Graphics,3,本,88.00,57.20,9781447160700,onsale
3611,Programming in Prolog,6,本,98.00,63.70,9783540006787,onsale
3612,Fundamentals of data structures in Turbo Pascal,9,本,104.00,67.60,9780716781523,onsale
3613,The Algorithmic Beauty of Sea Shells,9,本,102.00,66.30,9783662052914,onsale
3614,Patterns for parallel software design,7,本,105.00,68.25,9780470697344,onsale
3615,Nonnegative matrix and tensor factorizations,3,本,104.00,67.60,9780470747278,onsale
3616,Advanced Signal Processing Technology by Softcomputing,12,本,76.00,49.40,9789810244613,onsale
3617,Cognitive computing and big data analytics,3,本,104.00,67.60,9781118896624,onsale
3618,Designing and building parallel programs,3,本,92.00,59.80,9780201575941,discontinued
3619,Category theory for computer science,3,本,96.00,62.40,9780133238099,onsale
3620,Artificial neural networks,8,本,107.00,69.55,9780132953535,onsale
3621,Data Compression,3,本,100.00,65.00,9783540780861,offsale
3622,Talend Open Studio Cookbook,3,本,104.00,67.60,9781782167266,onsale
3623,Principles of Artificial Neural Networks (3Rd Edition),8,本,113.00,73.45,9789814522731,offsale
3624,File systems,3,本,90.00,58.50,9780133147094,onsale
3625,Relational mathematics,11,本,92.00,59.80,9780521762687,onsale
3626,Algebraic combinatorics and computer science,11,本,90.00,58.50,9788847000780,offsale
3627,Neural networks in a softcomputing framework,8,本,109.00,70.85,9781846283024,onsale
3628,Discrete Mathmatics,3,本,112.00,72.80,9780199452798,onsale
3629,Handbook of Computer Crime Investigation,3,本,100.00,65.00,9780080488905,offsale
3630,Neural and adaptive systems,8,本,107.00,69.55,9780471351672,onsale
3631,Kohonen maps,12,本,68.00,44.20,9780444502704,onsale
3632,Digital forensics with open source tools,3,本,120.00,78.00,9781597495868,onsale
3633,Hack Attacks Denied,3,本,92.00,59.80,9780471232834,discontinued
3634,Mathematics and Computing 2013,11,本,82.00,53.30,9788132219521,discontinued
3635,Hard Questions,3,本,98.00,63.70,9780759207370,onsale
3636,Collaborative Cyber Threat Intelligence,3,本,102.00,66.30,9781315397870,onsale
3637,Agile Software Development with SCRUM,7,本,95.00,61.75,9780130676344,discontinued
3638,Fundamentals of object-oriented design in UML,7,本,101.00,65.65,9780201699463,onsale
3639,The C# player's guide,3,本,100.00,65.00,9780985580124,offsale
3640,Android Arcade Game App,3,本,96.00,62.40,9781430245469,onsale
3641,Fieldbus and Networking in Process Automation,10,本,91.00,59.15,9781000380453,onsale
3642,LINQ for Visual C# 2005,3,本,92.00,59.80,9781430214649,discontinued
3643,Programmieren mit JAVA,6,本,100.00,65.00,9783663123279,offsale
3644,Fundamentals of Discrete Math for Computer Science,3,本,88.00,57.20,9781447140702,onsale
3645,Computer Mathematics,11,本,102.00,66.30,9783662437995,onsale
3646,Visual Basic 2005,17,本,62.00,40.30,9780132279581,onsale
3647,Global Software and IT,14,本,69.00,44.85,9781118135099,onsale
3648,Algorithms and Computation,9,本,106.00,68.90,9783642450297,offsale
3649,Circuit complexity and neural networks,8,本,107.00,69.55,9780262281249,onsale
3650,Connectionist Approaches to Natural Language Processing,3,本,88.00,57.20,9781138640061,onsale
3651,The Feynman processor,3,本,102.00,66.30,9781864486223,onsale
3652,Numerical solution of integral equations,3,本,108.00,70.20,9781489925930,onsale
3653,M Is for Monkey,3,本,90.00,58.50,9781615470341,onsale
3654,"7th International Work-Conference on Artificial and Natural Neural Networks, IWANN 2003, Maó, Menorca, Spain, June 3-6, 2003",8,本,95.00,61.75,9783540402114,onsale
3655,Smalltalk V,3,本,94.00,61.10,9780138140397,onsale
3656,Information literacy,3,本,94.00,61.10,9781586830212,onsale
3657,Algorithms and Architectures for Parallel Processing,9,本,100.00,65.00,9783319111971,onsale
3658,Autodesk Maya 2014 Essentials,3,本,98.00,63.70,9781118744437,onsale
3659,Data structures & problem solving using Java,9,本,96.00,62.40,9780321546227,onsale
3660,The backup book,3,本,102.00,66.30,9780972903905,onsale
3661,The Rails way,3,本,94.00,61.10,9780321497109,onsale
3662,Distributed Algorithms for Message-Passing Systems,9,本,98.00,63.70,9783642381232,discontinued
3663,Advances in Cryptology - CRYPTO 2013,3,本,92.00,59.80,9783642400834,discontinued
3664,Rsa Security's Official Guide to Cryptography,3,本,96.00,62.40,9780072254945,onsale
3665,Information Sciences and Systems 2014,3,本,104.00,67.60,9783319094656,onsale
3666,Developing With Pdf,3,本,106.00,68.90,9781449327873,onsale
3667,Language Grounding in Robots,3,本,90.00,58.50,9781461430643,onsale
3668,The Little Book On Coffeescript,3,本,104.00,67.60,9781449325558,onsale
3669,SRv6 Network Programming,10,本,130.00,84.50,9781000400175,onsale
3670,"Mobile and Ubiquitous Systems : Computing, Networking, and Services",10,本,111.00,72.15,9783319115696,onsale
3671,Automatic Algorithm Selection For Complex Simulation Problems,9,本,114.00,74.10,9783834881519,onsale
3672,A Practical Guide to TPM 2.0,3,本,100.00,65.00,9781430265849,offsale
3673,Model-driven testing,3,本,98.00,63.70,9783540725626,onsale
3674,Swarm Intelligence,3,本,90.00,58.50,9783030603755,onsale
3675,Java Programming,6,本,88.00,57.20,9780760010709,onsale
3676,Object Oriented Programming (Computing Programming Textbooks),6,本,100.00,65.00,9781858052328,offsale
3677,Objects First with Java,6,本,100.00,65.00,9780135045879,offsale
3678,Karel J Robot,3,本,106.00,68.90,9780970579515,onsale
3679,Introduction to Formal Hardware Verification,3,本,104.00,67.60,9783642084775,onsale
3680,"C++, a practical introduction",3,本,102.00,66.30,9781855543256,onsale
3681,"Interactive C#: Fundamentals, Core Concepts and Patterns",13,本,75.00,48.75,9781484233382,onsale
3682,Java SE8 for Programmers,6,本,100.00,65.00,9780133891386,offsale
3683,Practical Cryptography in Python,6,本,114.00,74.10,9781484248997,onsale
3684,Computational category theory,3,本,96.00,62.40,9780131627369,onsale
3685,"Artificial intelligence, expert systems, computer vision, and natural language processing",8,本,115.00,74.75,9780815509943,onsale
3686,Advanced system programmer's guide for the Amiga,3,本,104.00,67.60,9781557550477,onsale
3687,The Penguin concise dictionary of computing,3,本,82.00,53.30,9780140514360,onsale
3688,Java Programming,6,本,90.00,58.50,9781423901624,onsale
3689,"Cognition, Communication and Interaction",3,本,114.00,74.10,9781846289279,onsale
3690,Human-Computer Interaction,12,本,78.00,50.70,9780443140969,onsale
3691,Discrete Mathematics,9,本,106.00,68.90,9780429942624,offsale
3692,Multiple classifier systems,3,本,96.00,62.40,9783540438182,onsale
3693,Progress in Neural Networks,8,本,107.00,69.55,9781841500539,onsale
3694,Exploring technology,12,本,88.00,57.20,9780818688119,onsale
3695,Assignment problems,11,本,100.00,65.00,9780898716634,onsale
3696,The data modeling handbook,3,本,94.00,61.10,9780470346525,onsale
3697,Cloud Computing in Libraries,3,本,92.00,59.80,9783110608915,discontinued
3698,Neurotechnology for biomimetic robots,12,本,86.00,55.90,9780585437484,onsale
3699,Dynamic modeling of environmental systems,3,本,92.00,59.80,9781461270850,discontinued
3700,Understanding Neural Networks and Fuzzy Logic,8,本,113.00,73.45,9780470546826,offsale
3701,Expert systems,8,本,103.00,66.95,9781854230423,onsale
3702,Pitfalls of object-oriented development,7,本,111.00,72.15,9781558513976,onsale
3703,Mobile Payment,3,本,90.00,58.50,9783658032500,onsale
3704,Problem solving in C++ including breadth and laboratories,3,本,106.00,68.90,9780534951399,onsale
3705,Cool Careers for Girls in Cybersecurity and National Safety,3,本,90.00,58.50,9781570232084,onsale
3706,Computer Vision – ECCV 2012,3,本,94.00,61.10,9783642337116,onsale
3707,E-commerce and intelligent methods,13,本,93.00,60.45,9783790814996,onsale
3708,Qualitative Analysis Using NVivo,3,本,100.00,65.00,9781351722858,offsale
3709,Labnet,3,本,90.00,58.50,9781283712224,onsale
3710,Discrete Mathematics with Ducks,9,本,102.00,66.30,9781315167671,onsale
3711,Self-Organization in Continuous Adaptive Networks,10,本,107.00,69.55,9781000794397,onsale
3712,"Quantitative Data Analysis with IBM SPSS 17, 18 And 19",3,本,112.00,72.80,9781136588877,onsale
3713,Charts for prediction and chance,3,本,102.00,66.30,9781860948350,onsale
3714,Theoretical Foundations of Computer Graphics and CAD,3,本,98.00,63.70,9783642835414,onsale
3715,Our digital world,3,本,98.00,63.70,9780763837501,onsale
3716,The Fractal Structure of Data Reference:,3,本,94.00,61.10,9780306470349,onsale
3717,A knowledge-based approach to program understanding,3,本,104.00,67.60,9780792396055,onsale
3718,Robotics,3,本,100.00,65.00,9781846286421,offsale
3719,XQuery,3,本,98.00,63.70,9781491915127,onsale
3720,Windows PowerShell 2.0,10,本,111.00,72.15,9780735625952,onsale
3721,Green and Sustainable Computing,12,本,72.00,46.80,9780124078291,discontinued
3722,Strand,3,本,100.00,65.00,9780138505875,offsale
3723,Text Mining,3,本,112.00,72.80,9781483399782,onsale
3724,Applied cryptanalysis,3,本,94.00,61.10,9780470114865,onsale
3725,Geometric Constraint Solving and Applications,3,本,98.00,63.70,9783642637810,onsale
3726,Discovering statistics using R,11,本,76.00,49.40,9781446200452,onsale
3727,"The Object of Java, BlueJ Edition",6,本,92.00,59.80,9780321331588,discontinued
3728,NFS Illustrated (Addison-Wesley Professional Computing Series),3,本,84.00,54.60,9780201325706,onsale
3729,Programming Ruby 3. 2,6,本,100.00,65.00,9781680509823,offsale
3730,Functional C,3,本,84.00,54.60,9780201419504,onsale
3731,Probability Theory and Computer Science (International lecture series in computer science),11,本,80.00,52.00,9780124558205,onsale
3732,Debugging,13,本,81.00,52.65,9780814426784,onsale
3733,"Guide to HTML, JavaScript and PHP",6,本,112.00,72.80,9780857294487,onsale
3734,Introduction to expert systems,8,本,125.00,81.25,9780079097859,onsale
3735,Introduction to Lattice Algebra,11,本,74.00,48.10,9781000412567,onsale
3736,Pro ASP.NET MVC 4,3,本,90.00,58.50,9781430242376,onsale
3737,Information security and privacy,3,本,108.00,70.20,9783540657569,onsale
3738,Filing and database systems,5,本,104.00,67.60,9780070614819,onsale
3739,A conceptual guide to statistics using SPSS,11,本,88.00,57.20,9781412974066,onsale
3740,Computers and the social sciences,3,本,100.00,65.00,9780091169718,offsale
3741,Hard Disc Management (Quick Reference),13,本,77.00,50.05,9781556153518,onsale
3742,Nonlinear physics with Maple for scientists and engineers,12,本,76.00,49.40,9781461270935,onsale
3743,Netzwerk- und Datensicherheit,3,本,98.00,63.70,9783658161262,onsale
3744,From Usenet to CoWebs,3,本,98.00,63.70,9781852335328,onsale
3745,Application debugging,3,本,96.00,62.40,9780130393487,onsale
3746,Graph-Theoretic Concepts in Computer Science,3,本,92.00,59.80,9783642450433,discontinued
3747,Software Process Improvement and Capability Determination,3,本,110.00,71.50,9783319389790,onsale
3748,Evolutionary Computation in Combinatorial Optimization,3,本,98.00,63.70,9783319164670,onsale
3749,Mastering ENVY/Developer,3,本,110.00,71.50,9780511893988,onsale
3750,Simulated evolution and learning,17,本,56.00,36.40,9783540473312,onsale
3751,UML and the unified process,3,本,86.00,55.90,9780201770605,onsale
3752,Algebra and coalgebra in computer science,11,本,80.00,52.00,9783540286202,onsale
3753,Evolutionary computation,3,本,94.00,61.10,9780471749202,onsale
3754,Computational Thinking and Coding for Every Student,6,本,94.00,61.10,9781506341286,onsale
3755,Handbook on securing cyber-physical critical infrastructure,3,本,88.00,57.20,9780124158153,onsale
3756,Listening In,3,本,84.00,54.60,9780300244427,onsale
3757,Security for Telecommunications Networks,10,本,109.00,70.85,9780387724416,offsale
3758,Statistics for social research,11,本,74.00,48.10,9780333730232,onsale
3759,Social Network Analysis,10,本,109.00,70.85,9781473952119,offsale
3760,Policies and Research in Identity Management,13,本,75.00,48.75,9783642431159,onsale
3761,Media law,14,本,69.00,44.85,9780070296473,onsale
3762,Mastering React Test-Driven Development,3,本,86.00,55.90,9781803247120,onsale
3763,Thread time,3,本,92.00,59.80,9780131900677,discontinued
3764,The Concurrent C programming language,6,本,88.00,57.20,9780929306001,onsale
3765,Delphi GUI Programming with FireMonkey,6,本,108.00,70.20,9781788624176,onsale
3766,Handbook of Research on Modern Cryptographic Solutions for Computer and Cyber Security,3,本,88.00,57.20,9781522501077,onsale
3767,Learning F# Functional Data Structures and Algorithms,9,本,118.00,76.70,9781783558476,onsale
3768,Haskell Design Patterns,3,本,112.00,72.80,9781783988730,onsale
3769,Service Orchestration As Organization,12,本,72.00,46.80,9780128009383,discontinued
3770,Debugging C++,3,本,86.00,55.90,9780072125191,onsale
3771,Advanced programming and data structures usingPASCAL,9,本,102.00,66.30,9780534920357,onsale
3772,Statistics and neural networks,8,本,113.00,73.45,9780198524229,offsale
3773,The Essence of Data Structures Using C,9,本,114.00,74.10,9780139488863,onsale
3774,Art and Science of Game Design,3,本,100.00,65.00,9780367556532,offsale
3775,Data structures and algorithm analysis in Java,9,本,110.00,71.50,9780486485812,onsale
3776,"""Is this thing on?""",3,本,96.00,62.40,9780761146193,onsale
3777,Introductory programming with object-oriented C++,6,本,96.00,62.40,9780471163718,onsale
3778,Simulating Social Complexity,3,本,96.00,62.40,9783540938132,onsale
3779,Network monitoring and analysis,10,本,101.00,65.65,9780130264954,discontinued
3780,Object-Oriented Javascript,6,本,102.00,66.30,9781847194145,onsale
3781,Speech and Computer,3,本,94.00,61.10,9783030878016,onsale
3782,Combinatorial Optimization and Applications,3,本,96.00,62.40,9783319126913,onsale
3783,Quantum Cryptography and the Future of Cyber Security,3,本,104.00,67.60,9781799822530,onsale
3784,Implementing Computational Intelligence Techniques for Security Systems Design,3,本,118.00,76.70,9781799828457,onsale
3785,Introduction to Natural Language Processing Through PROLOG,3,本,108.00,70.20,9781317898337,onsale
3786,Foundations of Systems Biology,12,本,70.00,45.50,9780262112666,onsale
3787,Object-oriented design in Java,6,本,102.00,66.30,9781571691347,onsale
3788,Recommender Systems,3,本,106.00,68.90,9783319806198,onsale
3789,Digital Forensics and Investigations,3,本,88.00,57.20,9781351762212,onsale
3790,Inside Windows debugging,10,本,111.00,72.15,9780735662780,onsale
3791,Leveraging Blockchain Technology,12,本,66.00,42.90,9781040165263,onsale
3792,Blockchain for Dummies,3,本,104.00,67.60,9781394159680,onsale
3793,Artificial Neural Networks,8,本,123.00,79.95,9780818648557,onsale
3794,Practical Statecharts in C/C++,3,本,98.00,63.70,9781482280807,onsale
3795,UML by Example (SIGS: Advances in Object Technology),12,本,68.00,44.20,9780521008815,onsale
3796,Mathematics ofdata fusion,11,本,96.00,62.40,9780792346746,onsale
3797,Post-Quantum Cryptography,3,本,94.00,61.10,9783540887010,onsale
3798,Frontiers in Algorithmics,9,本,112.00,72.80,9783319196466,onsale
3799,Attack of the Prehistoric Pokémon,3,本,114.00,74.10,9789706432889,onsale
3800,Haptic Teleoperation Systems,3,本,106.00,68.90,9783319195575,onsale
3801,Semantics of Probabilistic Processes,3,本,108.00,70.20,9783662451977,onsale
3802,Schoonheid in Water,3,本,84.00,54.60,9781282402133,onsale
3803,Jockey on the Horse - a Creative's Guide to AI,8,本,129.00,83.85,9798989595310,onsale
3804,Relations and graphs,3,本,118.00,76.70,9783642779688,onsale
3805,Discrete Harmonic Analysis,3,本,102.00,66.30,9781316856383,onsale
3806,Three-Dimensional Design Methodologies for Tree-based FPGA Architecture,3,本,102.00,66.30,9783319191737,onsale
3807,Innovations in Computer Science and Engineering,12,本,80.00,52.00,9789813345423,offsale
3808,Vector Generalized Linear and Additive Models,3,本,102.00,66.30,9781493928170,onsale
3809,Development of a Methodology for the Evaluation of Active Safety using the Example of Preventive Pedestrian Protection,3,本,96.00,62.40,9783319385204,onsale
3810,The Incomputable,3,本,108.00,70.20,9783319436678,onsale
3811,Mathematical Problems in Data Science,3,本,116.00,75.40,9783319797397,onsale
3812,Special Topics in Mathematics for Computer Scientists,11,本,96.00,62.40,9783319227498,onsale
3813,Feistel Ciphers,3,本,108.00,70.20,9783319495286,onsale
3814,Handbook of Big Data Analytics,3,本,98.00,63.70,9783319182841,onsale
3815,Digital Literacy Unpacked,3,本,106.00,68.90,9781783301997,onsale
3816,Theoretical computer science,3,本,92.00,59.80,9783662208502,discontinued
3817,Complex Sciences,3,本,96.00,62.40,9783642024665,onsale
3818,Studies in computer science,3,本,90.00,58.50,9781461357230,onsale
3819,Metainformatics,3,本,100.00,65.00,9783540812937,offsale
3820,STACS 91,3,本,102.00,66.30,9780387537092,onsale
3821,Advances in computing science - ASIAN 2000,3,本,94.00,61.10,9783540414285,onsale
3822,STACS 94,3,本,110.00,71.50,9780387577852,onsale
3823,Developing Web Applications,3,本,98.00,63.70,9780470028964,onsale
3824,Proceedings of Ciit,3,本,102.00,66.30,9781467522458,onsale
3825,Unity Virtual Reality Projects,3,本,114.00,74.10,9781788477185,onsale
3826,Google BigQuery Analytics,3,本,98.00,63.70,9781118824825,onsale
3827,Communication networking,10,本,105.00,68.25,9780124287518,onsale
3828,Multimedia Programming with Pure Data,6,本,104.00,67.60,9781782164647,onsale
3829,Introduction to artificial intelligence,8,本,105.00,68.25,9783658431013,discontinued
3830,Applying RCS and SCCS,3,本,102.00,66.30,9781565921177,onsale
3831,Programming Ruby,6,本,88.00,57.20,9780201710892,onsale
3832,Highly parallel computing,3,本,90.00,58.50,9780805304435,onsale
3833,Hackers,3,本,86.00,55.90,9780441003754,onsale
3834,Normally-Off Computing,3,本,98.00,63.70,9784431565048,onsale
3835,Social Statistics for a Diverse Society,11,本,84.00,54.60,9781412973090,onsale
3836,VSAM demystified,3,本,106.00,68.90,9780738437439,onsale
3837,REALbasic,3,本,90.00,58.50,9781306810760,onsale
3838,The book of GENESIS,3,本,112.00,72.80,9780387949383,onsale
3839,Data Structures and Algorithms in C++,9,本,100.00,65.00,9780470075616,onsale
3840,Descriptional Complexity of Formal Systems,3,本,98.00,63.70,9783319192246,onsale
3841,A visual guide to Stata graphics,3,本,104.00,67.60,9781597181068,onsale
3842,Web Social Science,3,本,84.00,54.60,9781446270011,onsale
3843,Learn Raspberry Pi 2 with Linux and Windows 10,10,本,99.00,64.35,9781484211632,onsale
3844,The Crowd and the Cosmos,3,本,98.00,63.70,9780198842224,onsale
3845,Autodesk 3ds Max 2016 Essentials,3,本,98.00,63.70,9781119059905,onsale
3846,Integral Methods in Science and Engineering,12,本,70.00,45.50,9781000724486,onsale
3847,Embedded System Design,3,本,96.00,62.40,9781402076909,onsale
3848,New Perspectives on Computer Concepts 2012,12,本,72.00,46.80,9781111529086,discontinued
3849,Connectionism and the mind,16,本,52.00,33.80,9780631207122,onsale
3850,Applications and Techniques in Information Security,3,本,108.00,70.20,9783662486825,onsale
3851,Model Construction with GPSS-FORTRAN Version 3,6,本,102.00,66.30,9781461247487,onsale
3852,"Systems, Software and Services Process Improvement",3,本,84.00,54.60,9783032042903,onsale
3853,Fearless Change,17,本,54.00,35.10,9780132702546,onsale
3854,Advances in Embedded Computer Vision,3,本,104.00,67.60,9783319093864,onsale
3855,"Computer systems, support, and technology",10,本,109.00,70.85,9781611227598,offsale
3856,Routledge Handbook of Crime Science,3,本,96.00,62.40,9780367580414,onsale
3857,Emerging Security Algorithms and Techniques,9,本,98.00,63.70,9781351021678,discontinued
3858,Developing visual programming applications using Smalltalk,6,本,100.00,65.00,9780135692295,offsale
3859,iPhone User Interface Design Projects,3,本,92.00,59.80,9781430222569,discontinued
3860,R for Programmers,3,本,88.00,57.20,9781315352541,onsale
3861,Theory and Practice of Natural Computing,3,本,90.00,58.50,9783030040697,onsale
3862,Augmented Reality Art,3,本,94.00,61.10,9783319381206,onsale
3863,Quantum Interaction,3,本,102.00,66.30,9783319522883,onsale
3864,"Computer, Intelligent Computing and Education Technology",12,本,70.00,45.50,9781306568012,onsale
3865,Self-adaptive heuristics for evolutionary computation,3,本,100.00,65.00,9783540692805,offsale
3866,Conquering Complexity,3,本,102.00,66.30,9781447122968,onsale
3867,Verification and Validation of Rule-Based Expert Systems,8,本,121.00,78.65,9781498719353,onsale
3868,Formalizing Natural Languages,3,本,94.00,61.10,9781848219021,onsale
3869,Automatic Natural Language Parsing,3,本,90.00,58.50,9780470201657,onsale
3870,Scalable Input/Output,3,本,86.00,55.90,9780262182331,onsale
3871,Parallel programming using C++,6,本,96.00,62.40,9780262731188,onsale
3872,Information retrieval,3,本,102.00,66.30,9780134638379,onsale
3873,"SCSS, a user's guide to the SCSS conversational system",3,本,92.00,59.80,9780070465381,discontinued
3874,Security of Block Ciphers,3,本,88.00,57.20,9781118660034,onsale
3875,Runtime verification,3,本,104.00,67.60,9783540892465,onsale
3876,Meta Math!,3,本,102.00,66.30,9780307488176,onsale
3877,Exascale Scientific Applications,3,本,98.00,63.70,9781138197541,onsale
3878,Encyclopedia of computer science and technology,12,本,76.00,49.40,9780824722517,onsale
3879,UML 2 Toolkit,3,本,100.00,65.00,9780764555190,offsale
3880,Environmental and ecological statistics with R,11,本,104.00,67.60,9781498728737,onsale
3881,Parallel system interconnections and communications,3,本,88.00,57.20,9781351830621,onsale
3882,Accumulo,3,本,108.00,70.20,9781491946916,onsale
3883,Windows command-line administration instant reference,10,本,101.00,65.65,9780470650462,discontinued
3884,Rigorous methods for software construction and analysis,3,本,94.00,61.10,9783642114465,onsale
3885,Pro jQuery,3,本,88.00,57.20,9781430240952,onsale
3886,Recent Progress in Computational Sciences and Engineering (2 Vols),12,本,88.00,57.20,9780429527876,onsale
3887,Computational Methods in Stochastic Dynamics,3,本,92.00,59.80,9789400734340,discontinued
3888,Formal Methods : Foundations and Applications,3,本,88.00,57.20,9783642410703,onsale
3889,Computer-related Mathematics and Statistics (NCC Diploma/threshold Text Series),11,本,86.00,55.90,9780850126655,onsale
3890,24th Australasian Computer Science Conference (Acsc 2001),14,本,77.00,50.05,9780769509631,onsale
3891,Standard grade computing studies,3,本,94.00,61.10,9780340885017,onsale
3892,Fundamentals of discrete structures,17,本,82.00,53.30,9780558837976,onsale
3893,Quantum GIS Training Manual,3,本,104.00,67.60,9780989421706,onsale
3894,"Computer Arithmetic, Principles, Architecture and Design",3,本,82.00,53.30,9780471052005,onsale
3895,Applications of Continuous Mathematics to Computer Science,11,本,92.00,59.80,9789048149018,onsale
3896,Mathematical Methods for Digital Computers,3,本,98.00,63.70,9780471706861,onsale
3897,Introduction to computer mathematics,11,本,80.00,52.00,9780673182050,onsale
3898,Sistemi di elaborazione e trasmissione delle informazioni 3,3,本,110.00,71.50,9788820334789,onsale
3899,Maths Skills for GCSE Computer Science,3,本,108.00,70.20,9780198437918,onsale
3900,Year of the Geek,3,本,100.00,65.00,9781781316924,offsale
3901,Discrete Mathematics (Classic Version),9,本,108.00,70.20,9780134689562,onsale
3902,Principles of Data Science,3,本,98.00,63.70,9781961584600,onsale
3903,Discrete mathematics,9,本,98.00,63.70,9780070701694,discontinued
3904,Introduction to discrete mathematics,9,本,88.00,57.20,9785030005263,onsale
3905,It Began With Babbage The Genesis Of Computer Science,3,本,96.00,62.40,9780199309412,onsale
3906,Straley's guide to object-oriented programming with CA-Visual Objects,6,本,84.00,54.60,9780201409451,onsale
3907,Analogia,3,本,94.00,61.10,9780374104863,onsale
3908,Object-Oriented Analysis and Design for Information Systems,7,本,89.00,57.85,9780443137402,onsale
3909,Multicore Systems On-Chip,3,本,106.00,68.90,9789491216916,onsale
3910,The computer animation dictionary,3,本,98.00,63.70,9781461236719,onsale
3911,Object-Oriented Systems Analysis and Design with UML,7,本,89.00,57.85,9780131434066,onsale
3912,Bioinformatics,3,本,108.00,70.20,9781584888116,onsale
3913,Virus Bioinformatics,3,本,102.00,66.30,9780367564193,onsale
3914,Sams Teach Yourself XSLT in 21 Days,3,本,98.00,63.70,9780672323188,onsale
3915,Scheme and the art of programming,6,本,96.00,62.40,9780262192880,onsale
3916,PROC SQL by example,5,本,112.00,72.80,9781642956245,onsale
3917,The human computer,3,本,100.00,65.00,9780751528473,offsale
3918,Developing quality computer systems,10,本,103.00,66.95,9781855542501,onsale
3919,The design of data structures and algorithms,9,本,112.00,72.80,9780131999367,onsale
3920,Java the UML way,6,本,102.00,66.30,9780470843864,onsale
3921,The Art of Software Testing,3,本,96.00,62.40,9780471469124,onsale
3922,PDF Hacks,3,本,90.00,58.50,9781306810661,onsale
3923,Programming Your GPU with OpenMP,6,本,102.00,66.30,9780262377737,onsale
3924,Discrete mathematics,9,本,96.00,62.40,9780763722104,onsale
3925,Mathematics for large scale computing,11,本,82.00,53.30,9781138413283,discontinued
3926,Automatic Performance Prediction of Parallel Programs,3,本,92.00,59.80,9781461313717,discontinued
3927,A primer of discrete mathematics,9,本,104.00,67.60,9780716718154,onsale
3928,Discrete mathematics with algorithms,9,本,104.00,67.60,9780471849025,onsale
3929,Pillars of computer science,3,本,98.00,63.70,9783540781264,onsale
3930,Applications of discrete mathematics,9,本,92.00,59.80,9780070418233,onsale
3931,Verilog Quickstart,3,本,114.00,74.10,9780792399278,onsale
3932,Color Theory and Its Application in Art and Design,3,本,98.00,63.70,9783540347347,onsale
3933,Multilevel models,3,本,92.00,59.80,9783110267716,discontinued
3934,Improving Computer Science Education,17,本,68.00,44.20,9780415645379,onsale
3935,Probability and statistics with R,11,本,108.00,70.20,9781584888918,onsale
3936,Guide to Java,6,本,98.00,63.70,9781447163176,onsale
3937,The Essential Guide to HTML5,3,本,88.00,57.20,9781430272533,onsale
3938,Mastering JavaScript Premium Edition,6,本,98.00,63.70,9780782128192,onsale
3939,Wörterbuch Computerenglisch,3,本,98.00,63.70,9783589240531,onsale
3940,"Sentiment analysis : mining opinions, sentiments, and emotions - 1. edición",3,本,96.00,62.40,9781107017894,onsale
3941,Functional and Object Oriented Analysis and Design,7,本,103.00,66.95,9781599042039,offsale
3942,Neural Network Methods in Natural Language Processing,8,本,113.00,73.45,9781627052955,offsale
3943,Discrete Mathematics of Neural Networks,8,本,129.00,83.85,9780898718539,onsale
3944,Knowledge Management and Acquisition for Smart Systems and Services,13,本,71.00,46.15,9783319133317,discontinued
3945,Trends in functional programming,6,本,100.00,65.00,9781841509563,offsale
3946,New concepts in natural language generation,3,本,94.00,61.10,9781474246422,onsale
3947,Formal methods and software engineering,7,本,105.00,68.25,9783540881933,onsale
3948,Grading knowledge,3,本,98.00,63.70,9783540669340,onsale
3949,Computing and intelligent systems,3,本,96.00,62.40,9780074621936,onsale
3950,Knowledge-based systems and neural networks,8,本,93.00,60.45,9780444016102,onsale
3951,Wireless Sensor Networks,10,本,99.00,64.35,9780429324611,onsale
3952,Neuronal Network Research Horizons,10,本,95.00,61.75,9781600214851,onsale
3953,Siri For Dummies,3,本,100.00,65.00,9781118299272,offsale
3954,Classical and quantum computing,3,本,94.00,61.10,9783764366100,onsale
3955,Java Coding Guidelines,6,本,92.00,59.80,9780321933157,discontinued
3956,Object-oriented Turbo Pascal,6,本,86.00,55.90,9780070255333,onsale
3957,Metamodeling,3,本,88.00,57.20,9780262511445,onsale
3958,Data analysis using SAS Enterprise Guide,14,本,71.00,46.15,9780511804786,onsale
3959,Object-oriented systems analysis and design,7,本,91.00,59.15,9780132335706,onsale
3960,In the image of the brain,3,本,100.00,65.00,9780316475556,offsale
3961,Practical management science,13,本,67.00,43.55,9780324662511,onsale
3962,Object-oriented metrics in practice,7,本,105.00,68.25,9783642063749,onsale
3963,Tabletops - Horizontal Interactive Displays,3,本,106.00,68.90,9781849961127,onsale
3964,Principles of Computer Graphics,3,本,108.00,70.20,9780387955049,onsale
3965,Moving from C to C++,3,本,90.00,58.50,9780672300806,onsale
3966,O pioneer!,3,本,100.00,65.00,9780812545449,offsale
3967,Numerical Methods in Matrix Computations,3,本,96.00,62.40,9783319050881,onsale
3968,Visual interfaces to digital libraries,3,本,92.00,59.80,9783540362227,discontinued
3969,Frontiers in Computer Education,17,本,70.00,45.50,9781138027978,onsale
3970,Applied power analysis for the behavioral sciences,3,本,92.00,59.80,9781138044562,discontinued
3971,Recent advances in intrusion detection,3,本,98.00,63.70,9783540452485,onsale
3972,ML with Concurrency,3,本,98.00,63.70,9781461274834,onsale
3973,Applications of process algebra,11,本,88.00,57.20,9780511878442,onsale
3974,Neuro-computers,3,本,96.00,62.40,9781842650615,onsale
3975,Adaptive processing of sequences and data structures,9,本,102.00,66.30,9783540643418,onsale
3976,From Java to C#,6,本,123.00,79.95,9780321136220,offsale
3977,Collins dictionary computing,3,本,82.00,53.30,9780004725123,onsale
3978,Wiki,3,本,96.00,62.40,9783540681731,onsale
3979,Security with noisy data,3,本,112.00,72.80,9781846289835,onsale
3980,IBM OS assembler language,3,本,88.00,57.20,9780471801351,onsale
3981,Foundations of wavelet networks and applications,10,本,107.00,69.55,9781351990165,onsale
3982,Advanced Memory Optimization Techniques for Low-Power Embedded Processors,3,本,102.00,66.30,9789048174713,onsale
3983,Kill All Normies,3,本,96.00,62.40,9781541465336,onsale
3984,Encyclopedia of Distances,3,本,110.00,71.50,9783662518687,onsale
3985,Cyber Security Management a Governance Risk and Compliance Framework,13,本,69.00,44.85,9781472432117,onsale
3986,Programming microcontrollers in C,6,本,112.00,72.80,9781878707574,onsale
3987,Design science research methods and patterns,3,本,90.00,58.50,9780429172205,onsale
3988,Apex Design Patterns,3,本,104.00,67.60,9781782173656,onsale
3989,"Computer science, a first course",3,本,98.00,63.70,9780471266815,onsale
3990,Edge Computing,3,本,84.00,54.60,9783030020828,onsale
3991,Computational science,3,本,110.00,71.50,9780977858224,onsale
3992,ALGOL-like languages,3,本,100.00,65.00,9780817638801,offsale
3993,C# 4.0 in a nutshell,3,本,106.00,68.90,9780596800956,onsale
3994,Data structures and problem solving with Turbo Pascal,9,本,92.00,59.80,9780805312171,onsale
3995,IT essentials,10,本,105.00,68.25,9781587130922,onsale
3996,Considering Computer Contracting?,12,本,72.00,46.80,9780080502946,discontinued
3997,Mapping,3,本,104.00,67.60,9781444356748,onsale
3998,Ausnahmebehandlung in objektorientierten Programmiersprachen,3,本,94.00,61.10,9783540524670,onsale
3999,Computational Science for the 21st Century,3,本,108.00,70.20,9780471972983,onsale
4000,Design of Web APIs,3,本,96.00,62.40,9781638351191,onsale
4001,DevOps Automation Cookbook,7,本,115.00,74.75,9781784398392,onsale
4002,Computation and the Humanities,3,本,98.00,63.70,9783319201696,onsale
4003,Imaginary Mathematics for Computer Science,11,本,100.00,65.00,9783319946368,onsale
4004,Agile Methods,7,本,105.00,68.25,9783319559063,onsale
4005,Mobile Robots,3,本,90.00,58.50,9783642080630,onsale
4006,Analysis of neural network applications,8,本,115.00,74.75,9780897914321,onsale
4007,ESEC '91,7,本,101.00,65.65,9783540547426,onsale
4008,Principles of object-oriented analysis and design,7,本,107.00,69.55,9780906774670,onsale
4009,Category theory for computing science,3,本,88.00,57.20,9782921120319,onsale
4010,Mathematiques pour l'informatique,3,本,100.00,65.00,9782225829192,offsale
4011,Knowledge based computer systems,10,本,99.00,64.35,9783540528500,onsale
4012,Fundamentals of spatial information systems,12,本,74.00,48.10,9780124383807,onsale
4013,Intelligent Information and Database Systems,5,本,112.00,72.80,9783319754192,onsale
4014,Applied cryptography and network security,10,本,107.00,69.55,9783030578077,onsale
4015,Advances in Brain Inspired Cognitive Systems,3,本,84.00,54.60,9783030005627,onsale
4016,Parameterized and Exact Computation,3,本,92.00,59.80,9783319135243,discontinued
4017,VisualAge Smalltalk distributed,3,本,94.00,61.10,9780135708057,onsale
4018,Programming Scala,6,本,104.00,67.60,9780596801908,onsale
4019,Financial Cryptography and Data Security,3,本,102.00,66.30,9783642149924,onsale
4020,Object modeling and design strategies,3,本,100.00,65.00,9781884842610,offsale
4021,"Analysis of Images, Social Networks and Texts",10,本,128.00,83.20,9783030110260,onsale
4022,Codeless Deep Learning with KNIME,8,本,107.00,69.55,9781800566613,onsale
4023,The Labyrinth Key,3,本,100.00,65.00,9780345455970,offsale
4024,Topology and category theory in computer science,3,本,98.00,63.70,9780198537601,onsale
4025,"Designing Concurrent, Distributed, and Real-Time Applications with UML",3,本,98.00,63.70,9780201657937,onsale
4026,New developments in artificial neural networks research,8,本,109.00,70.85,9781613242865,onsale
4027,Visual programming technology,6,本,92.00,59.80,9780070116856,discontinued
4028,Wavelet Neural Networks,8,本,109.00,70.85,9781118595503,onsale
4029,Neural networks and sea time series,8,本,119.00,77.35,9780817643478,onsale
4030,Smart Collaborative Identifier Network,10,本,121.00,78.65,9783662569863,onsale
4031,Decision and Game Theory for Security,3,本,96.00,62.40,9783319687100,onsale
4032,Macintosh Troubleshooting,3,本,110.00,71.50,9780596528782,onsale
4033,Hypercomputation,3,本,108.00,70.20,9780387499703,onsale
4034,System software programming,6,本,100.00,65.00,9780134905587,offsale
4035,Network Programming,10,本,107.00,69.55,9780136154938,onsale
4036,"Design, Specification and Verification of Interactive Systems '95",3,本,110.00,71.50,9783709194379,onsale
4037,Computer literacy,3,本,100.00,65.00,9780894552342,offsale
4038,Windows registry forensics,10,本,99.00,64.35,9780128032916,onsale
4039,Programming Arduino,6,本,90.00,58.50,9780071784221,onsale
4040,Team BFF (Girls Who Code),3,本,104.00,67.60,9788468345512,onsale
4041,LyX - eine Schnelle Einführung,3,本,84.00,54.60,9783110441444,onsale
4042,Applications and Techniques in Information Security,3,本,100.00,65.00,9789811911651,offsale
4043,Algebraic Specification of Communication Protocols,11,本,78.00,50.70,9780511721625,onsale
4044,Advances in Neural Networks - ISNN 2005,8,本,109.00,70.85,9783540320678,onsale
4045,Algorithmic Strategies for Solving Complex Problems in Cryptography,9,本,102.00,66.30,9781522529156,onsale
4046,Logic in Computer Science,3,本,84.00,54.60,9780511264016,onsale
4047,Simulation diskreter Prozesse,3,本,102.00,66.30,9783642348716,onsale
4048,Security in Network Coding,10,本,101.00,65.65,9783319310824,discontinued
4049,"Languages, Design Methods, and Tools for Electronic System Design",3,本,96.00,62.40,9783319244570,onsale
4050,Contemporary Evolution Strategies,3,本,98.00,63.70,9783662514085,onsale
4051,Computational Modeling of Neural Activities for Statistical Inference,8,本,109.00,70.85,9783319812434,onsale
4052,Evolutionary Algorithms and Neural Networks,8,本,109.00,70.85,9783319930244,onsale
4053,Trends and Advances in Information Systems and Technologies,3,本,118.00,76.70,9783319776996,onsale
4054,Exploring Memory Hierarchy Design with Emerging Memory Technologies,3,本,90.00,58.50,9783319006802,onsale
4055,100 Ideas for Primary Teachers,3,本,98.00,63.70,9781472951380,onsale
4056,Autonomous Control for a Reliable Internet of Services,3,本,96.00,62.40,9783319904153,onsale
4057,Programming Languages and Systems,6,本,114.00,74.10,9783319898834,onsale
4058,Information Security Applications,3,本,100.00,65.00,9783319318752,offsale
4059,Vectorization of computer programs with applications to computational fluid dynamics,3,本,104.00,67.60,9783322878625,onsale
4060,Pattern matching algorithms,9,本,102.00,66.30,9781280453915,onsale
4061,Mastering Microservices with Java,6,本,104.00,67.60,9781785285172,onsale
4062,Graphics file formats,3,本,86.00,55.90,9780133034059,onsale
4063,Vector Computing,3,本,108.00,70.20,9780970846907,onsale
4064,A Primer for Disaster Recovery Planning in an IT Environment,3,本,98.00,63.70,9781930708723,onsale
4065,Advances in Electronics and Electron Physics (Advances in Imaging and Electron Physics),12,本,68.00,44.20,9780120146826,onsale
4066,Mechanizing Proof,3,本,94.00,61.10,9780262133937,onsale
4067,Introduction to Modeling Convection in Planets and Stars,3,本,86.00,55.90,9781306046107,onsale
4068,"Microsoft SQL Server 2016 Reporting Services, Fifth Edition",5,本,104.00,67.60,9781259641503,onsale
4069,Qualitative data analysis,3,本,90.00,58.50,9781134931415,onsale
4070,Textual information access,3,本,96.00,62.40,9781848213227,onsale
4071,The Power of Events,3,本,90.00,58.50,9780321951830,onsale
4072,Gamification by design,3,本,116.00,75.40,9781449397678,onsale
4073,The Hash Function BLAKE,3,本,108.00,70.20,9783662447567,onsale
4074,Neural networks for vision and image processing,8,本,103.00,66.95,9780262531085,onsale
4075,Windows PowerShell in Action,10,本,107.00,69.55,9781932394900,onsale
4076,Women in computer science careers,3,本,100.00,65.00,9780736803168,offsale
4077,Perl in 21 Days,6,本,90.00,58.50,9780672320354,onsale
4078,Developing Web Pages With Jquery,12,本,86.00,55.90,9781435460799,onsale
4079,Digital Skills,3,本,106.00,68.90,9781349493708,onsale
4080,Vector Games Math Processors (Wordware Game Math Library),3,本,94.00,61.10,9781556229213,onsale
4081,Mathematics for the digital age and programming in Python,6,本,104.00,67.60,9780982477540,onsale
4082,Operational quantum physics,12,本,86.00,55.90,9783540492399,onsale
4083,IKEv2 IPsec Virtual Private Networks,10,本,111.00,72.15,9781587144608,onsale
4084,Oracle data guard 11g handbook,5,本,90.00,58.50,9780071621113,onsale
4085,Advances In Computer Communication Control And Automation,3,本,98.00,63.70,9783642441097,onsale
4086,Functional programming for java developers,6,本,106.00,68.90,9781449315993,onsale
4087,STL,3,本,106.00,68.90,9783897212664,onsale
4088,Object-oriented artificial intelligence using C[plus plus],8,本,115.00,74.75,9780716782940,onsale
4089,Connectionist-Symbolic Integration,3,本,90.00,58.50,9781134802067,onsale
4090,"Intelligent Computing, Communication and Devices",3,本,88.00,57.20,9788132220084,onsale
4091,Network Forensics,10,本,103.00,66.95,9781119329190,onsale
4092,Introduction to Parallel and Vector Scientific Computation,3,本,90.00,58.50,9780511244933,onsale
4093,Building expert systems in Prolog,8,本,111.00,72.15,9781461389125,onsale
4094,Introduction to Neural and Electronic Networks,8,本,115.00,74.75,9780127818818,onsale
4095,Proceedings of the Symposium on Application and Assessment of Automated Tools for Software Development,7,本,101.00,65.65,9780818605048,onsale
4096,Pro/ENGINEER tutorial release 2001,3,本,94.00,61.10,9781585030293,onsale
4097,MPI--the complete reference,3,本,90.00,58.50,9780262571234,onsale
4098,Computational neuroscience,3,本,100.00,65.00,9780849320682,offsale
4099,Machine Learning and Data Mining in Pattern Recognition,8,本,111.00,72.15,9783540269236,onsale
4100,Concise Guide to Computation Theory,3,本,104.00,67.60,9780857295361,onsale
4101,Parallel Architectures and Neural Networks,8,本,105.00,68.25,9789810201463,discontinued
4102,Careers for computer buffs & other technological types,3,本,98.00,63.70,9780844247083,onsale
4103,Mobile ad hoc networks,10,本,103.00,66.95,9781466513136,onsale
4104,Decoding liberation,3,本,108.00,70.20,9780415978934,onsale
4105,Practical Clojure,3,本,102.00,66.30,9781430269694,onsale
4106,Generic object recognition using form & function,3,本,114.00,74.10,9789812797841,onsale
4107,Objects Have Class,12,本,64.00,41.60,9780072505016,onsale
4108,The data handbook,3,本,106.00,68.90,9780387945057,onsale
4109,Discrete mathematics with computer science applications,9,本,102.00,66.30,9780805370447,onsale
4110,The Complete Idiot's Guide to Troubleshooting Your PC,3,本,90.00,58.50,9780130456328,onsale
4111,Introducing Delphi Programming,6,本,108.00,70.20,9780195789119,onsale
4112,Clojure Cookbook Recipes For Functional Programming,6,本,108.00,70.20,9781449366179,onsale
4113,TypeScript Revealed,6,本,94.00,61.10,9781430257257,onsale
4114,Practical API Design,3,本,82.00,53.30,9781430211723,onsale
4115,Visual Languages and Applications,3,本,90.00,58.50,9781461305705,onsale
4116,Law of electronic commercial transactions,14,本,59.00,38.35,9781134115228,onsale
4117,The Unified Process Construction Phase,3,本,114.00,74.10,9781929629909,onsale
4118,Sword Art Online: Aincrad - manga (Sword Art Online Manga),3,本,84.00,54.60,9780316371230,onsale
4119,Embedded Multimedia Security Systems,3,本,104.00,67.60,9781447159186,onsale
4120,Multi-disciplinary Trends in Artificial Intelligence,8,本,113.00,73.45,9783642354564,offsale
4121,EnCase Computer Forensics--The Official EnCE,3,本,104.00,67.60,9781118058985,onsale
4122,A Guide to MATLAB Object-Oriented Programming,6,本,104.00,67.60,9781584889120,onsale
4123,Fourth IFIP International Conference on Theoretical Computer Science - TCS 2006,3,本,100.00,65.00,9780387346335,offsale
4124,Delphi programming explorer,6,本,108.00,70.20,9781883577551,onsale
4125,The Policy Driven Data Center with ACI,3,本,108.00,70.20,9780133589498,onsale
4126,Cybersecurity,3,本,106.00,68.90,9781498743273,onsale
4127,Bibliography on Abstract Data Types,3,本,98.00,63.70,9783642690334,onsale
4128,Routledge Handbook of the Computational Mind,16,本,64.00,41.60,9781315643670,onsale
4129,Stochastic Relations,3,本,82.00,53.30,9781040209035,onsale
4130,Essential linear algebra with applications,11,本,100.00,65.00,9781493938537,onsale
4131,High-performance communication networks,10,本,107.00,69.55,9781558603417,onsale
4132,CUDA by example,17,本,68.00,44.20,9781548845117,onsale
4133,Inside radio,3,本,96.00,62.40,9789811341533,onsale
4134,Knowledge-based simulation,3,本,112.00,72.80,9780387973746,onsale
4135,Understanding Statistics for the Social Sciences with IBM SPSS,11,本,80.00,52.00,9781351725224,onsale
4136,Cambridge Igcse Computer Studies Coursebook,3,本,88.00,57.20,9780521170635,onsale
4137,Applied Information Security,3,本,98.00,63.70,9783642244735,onsale
4138,Shellcoder's Programming Uncovered,6,本,108.00,70.20,9781931769464,onsale
4139,Complete A-Z ICT and computing handbook,3,本,94.00,61.10,9780340872642,onsale
4140,Konrad Zuse und die Schweiz (German Edition),3,本,106.00,68.90,9783486713664,onsale
4141,"Program style, design, efficiency, debugging, and testing",3,本,104.00,67.60,9780137299393,onsale
4142,Hands on C++ Laboratory Manual (UNIX/GNU C++ Version),10,本,103.00,66.95,9780133594560,onsale
4143,Hacker Debugging Uncovered,3,本,100.00,65.00,9781931769402,offsale
4144,Mathematics and Physics for Programmers (Game Development Series),11,本,86.00,55.90,9781584503309,onsale
4145,Software Engineering,7,本,107.00,69.55,9789462390058,onsale
4146,Spatial Computing,3,本,100.00,65.00,9789810229245,offsale
4147,Introduction to program design and data structures,9,本,104.00,67.60,9780314933089,onsale
4148,Advanced methods in neural computing,8,本,95.00,61.75,9780442004613,onsale
4149,Introduction to the Internet,3,本,123.00,79.95,9780130110374,offsale
4150,Formal Techniques in Real-Time and Fault-Tolerant Systems,3,本,82.00,53.30,9781461532200,onsale
4151,Trends in theoretical computer science,3,本,102.00,66.30,9780881750843,onsale
4152,All About Chess and Computers,3,本,100.00,65.00,9783642855405,offsale
4153,Trajectories through Knowledge Space,14,本,65.00,42.25,9781461527800,discontinued
4154,Crafting knowledge-based systems,3,本,96.00,62.40,9780471624806,onsale
4155,Performance improvement of virtual memory systems,3,本,102.00,66.30,9780835713665,onsale
4156,Design theory and computer science,3,本,88.00,57.20,9780521390217,onsale
4157,A Practical Introduction to Data Structures and Algorithm Analysis,9,本,96.00,62.40,9780130284464,onsale
4158,Talking Nets,3,本,84.00,54.60,9780262511117,onsale
4159,Scientific simulations with special-purpose computers,3,本,108.00,70.20,9780471969464,onsale
4160,McGraw-Hill Computing Essentials (McGraw-Hill Series in Electrical Engineering),12,本,80.00,52.00,9780070488366,offsale
4161,Adobe Acrobat 7 Tips and Tricks,3,本,80.00,52.00,9780321305305,onsale
4162,Data Structures and Algorithms In C#,9,本,106.00,68.90,9780511284489,offsale
4163,Studies in computer science,3,本,98.00,63.70,9780883851241,onsale
4164,Identity-Based Encryption,3,本,100.00,65.00,9781441993830,offsale
4165,A Computational Introduction to Number Theory and Algebra,11,本,90.00,58.50,9780511197765,offsale
4166,Professional unified communications development with Microsoft Lync server 2010,3,本,94.00,61.10,9780470939031,onsale
4167,Cognitive and Computational Aspects of Face Recognition,3,本,106.00,68.90,9781315516998,onsale
4168,Algorithms and data structures in C++,9,本,108.00,70.20,9780471963554,onsale
4169,Object-oriented programming in Common LISP,6,本,100.00,65.00,9780201175899,offsale
4170,Cryptography and Secure Communication,3,本,92.00,59.80,9781139013673,discontinued
4171,"Parle '93, parallel architectures and languages Europe",3,本,100.00,65.00,9783662184165,offsale
4172,Theory and applications of models of computation,3,本,88.00,57.20,9783540340218,onsale
4173,"X/Open Transport Interface (Xti), Version 2 (Xti, Version 2)",3,本,98.00,63.70,9780133534597,onsale
4174,Optimization theory,3,本,100.00,65.00,9781402080999,offsale
4175,Introduction to evolutionary computing,3,本,116.00,75.40,9783662499856,onsale
4176,Disaster Recovery Planning,3,本,90.00,58.50,9780133157192,onsale
4177,"Multimedia Communications, Services and Security",3,本,104.00,67.60,9783642385582,onsale
4178,Proceedings of the 1995 World Congress on Neural Networks,8,本,121.00,78.65,9781315789385,onsale
4179,The Teradata Database,5,本,114.00,74.10,9780966549331,onsale
4180,Small memory software,3,本,94.00,61.10,9780201596076,onsale
4181,A first course in discrete mathematics,9,本,94.00,61.10,9780534053109,onsale
4182,Foundations of neuro-fuzzy systems,3,本,94.00,61.10,9780471971511,onsale
4183,Practical Convolutional Neural Networks: Implement advanced deep learning models using Python,8,本,115.00,74.75,9781788392303,onsale
4184,Cracking the AP computer science A exam 2018 edition,3,本,82.00,53.30,9781524710040,onsale
4185,Knowledge based problem solving,3,本,100.00,65.00,9780135165768,offsale
4186,Type theory and functional programming,6,本,86.00,55.90,9780201416671,onsale
4187,Discrete Mathematics with Graph Theory (Classic Version),9,本,110.00,71.50,9780134689555,onsale
4188,Systems Programming,6,本,106.00,68.90,9780198070887,onsale
4189,"Bytes, Bombs, and Spies",3,本,100.00,65.00,9780815735472,offsale
4190,Recursive neural networks for associative memory,8,本,123.00,79.95,9780471928669,onsale
4191,Fuzzy Logic and Neural Networks,8,本,113.00,73.45,9788122428735,offsale
4192,Intelligent Systems And Control Principles And Applications,3,本,96.00,62.40,9780198063155,onsale
4193,The Usborne internet-linked mysteries and marvels of science,3,本,100.00,65.00,9780794509224,offsale
4194,Boost.Asio C++ Network Programming,10,本,109.00,70.85,9781782163275,offsale
4195,JQuery UI,3,本,94.00,61.10,9781449325206,onsale
4196,Enterprise Data Workflows with Cascading,3,本,104.00,67.60,9781449359614,onsale
4197,Science and the Internet,3,本,92.00,59.80,9781315231099,discontinued
4198,Strategic Cyber Deterrence,3,本,104.00,67.60,9781538104897,onsale
4199,Concurrent and real-time programming in Ada 2005,6,本,104.00,67.60,9780521866972,onsale
4200,Logic and Its Applications,3,本,108.00,70.20,9783662458259,onsale
4201,Use case driven object modeling with UML,3,本,90.00,58.50,9780201432893,onsale
4202,Simulating the mind,16,本,54.00,35.10,9783211094501,onsale
4203,Encyclopedia of computer science and engineering,12,本,78.00,50.70,9780442244965,onsale
4204,Subsystems of Second Order Arithmetic,3,本,92.00,59.80,9780511580680,discontinued
4205,Designing user studies in informatics,3,本,104.00,67.60,9781447126966,onsale
4206,Pattern Language for Game Design,3,本,104.00,67.60,9780367367725,onsale
4207,Intelligent Multimedia Technologies for Financial Risk Management,12,本,86.00,55.90,9781839536625,onsale
4208,Formal Aspects of Component Software,3,本,88.00,57.20,9783030906351,onsale
4209,Tree-Structure based Hybrid Computational Intelligence,3,本,90.00,58.50,9783642261206,onsale
4210,Applications of Computing and Communication Technologies,3,本,92.00,59.80,9789811320361,discontinued
4211,Technological Innovation for Resilient Systems,3,本,112.00,72.80,9783319785738,onsale
4212,Crossbar-Based Interconnection Networks,10,本,99.00,64.35,9783030087074,onsale
4213,Computer Continuum,3,本,100.00,65.00,9781580760591,offsale
4214,Modeling in Computer Graphics,3,本,102.00,66.30,9783642781148,onsale
4215,Communicating with Virtual Worlds,3,本,102.00,66.30,9784431684572,onsale
4216,"Integration, Coordination and Control of Multi-Sensor Robot Systems",3,本,92.00,59.80,9781461320098,discontinued
4217,Connected Computing Environment,12,本,62.00,40.30,9780124081116,onsale
4218,Finite Difference Computing with Exponential Decay Models,3,本,104.00,67.60,9783319294384,onsale
4219,Encyclopedia of Computer Science,3,本,86.00,55.90,9781850328001,onsale
4220,Using OpenCL,3,本,100.00,65.00,9781614990291,offsale
4221,Ultimate zero and one,3,本,92.00,59.80,9781461204961,discontinued
4222,Auditing and GRC Automation in SAP,3,本,96.00,62.40,9783642434525,onsale
4223,Hands-On Functional Programming with TypeScript: Explore functional and reactive programming to create robust and testable TypeScript applications,6,本,108.00,70.20,9781788831437,onsale
4224,Windows 2000 systems programming black book,10,本,97.00,63.05,9781576102800,onsale
4225,Evolutionary and Biologically Inspired Music Sound Art and Design Lecture Notes in Computer Science Theoretical Computer Sci,3,本,98.00,63.70,9783642291418,onsale
4226,Brute force,3,本,106.00,68.90,9781441918956,onsale
4227,Data Structure Practice,9,本,94.00,61.10,9781482215403,onsale
4228,The essence of chaos,3,本,100.00,65.00,9780295972701,offsale
4229,Applications of Artificial Intelligence for Smart Technology,8,本,125.00,81.25,9781799833383,onsale
4230,The Wikipedia Revolution,3,本,98.00,63.70,9781401393892,onsale
4231,Spoken dialogue systems technology and design,12,本,88.00,57.20,9781441979339,onsale
4232,The Future of the Mind,16,本,70.00,45.50,9780385530828,offsale
4233,Knowledge Engineering,12,本,70.00,45.50,9781107122567,onsale
4234,Estimating Spoken Dialog System Quality With User Models,3,本,98.00,63.70,9783642315916,onsale
4235,Starting Out with Java 5,6,本,106.00,68.90,9781576761717,onsale
4236,Quantitative data analysis,3,本,92.00,59.80,9781118512609,discontinued
4237,Visual Basic 6,3,本,100.00,65.00,9780074636664,offsale
4238,Artificial neuronal networks,10,本,103.00,66.95,9783540669210,onsale
4239,Power computing,3,本,94.00,61.10,9780553345308,onsale
4240,The O'Leary Series,17,本,58.00,37.70,9780072472462,discontinued
4241,Pro VB 2005 and the .NET 2.0 Platform,3,本,82.00,53.30,9781430213253,onsale
4242,BTEC Nationals - IT Practitioners,3,本,92.00,59.80,9780080524573,discontinued
4243,Great Papers in Computer Science,12,本,62.00,40.30,9780780311121,onsale
4244,Making of a New Science,3,本,110.00,71.50,9783319626796,onsale
4245,National 5 Computing Science,3,本,98.00,63.70,9781510426948,onsale
4246,Introduction to Theoretical Computer Science,3,本,114.00,74.10,9789814368179,onsale
4247,Theory and Applications of Image Analysis II,3,本,110.00,71.50,9789812830579,onsale
4248,Tools and Algorithms for the Construction and Analysis of Systems,9,本,88.00,57.20,9783031308222,onsale
4249,Intelligent Techniques and Soft Computing in Nuclear Science and Engineering,12,本,78.00,50.70,9789810243562,onsale
4250,MobiSys'13,3,本,92.00,59.80,9781450322881,discontinued
4251,Advances in Neutrosophic and Plithogenic Sets for Engineering and Sciences,12,本,76.00,49.40,9781734020687,onsale
4252,Siguccs '12,3,本,88.00,57.20,9781450314930,onsale
4253,C and C'11,3,本,98.00,63.70,9781450313995,onsale
4254,GECCO' 12,3,本,88.00,57.20,9781450315128,onsale
4255,Dancing with Data,17,本,56.00,36.40,9781524933050,onsale
4256,ICT Performance and Robustness Investigations,3,本,100.00,65.00,9781536149166,offsale
4257,Fundamental Computer Skills,3,本,112.00,72.80,9780757549755,onsale
4258,Pro Power BI Theme Creation,3,本,102.00,66.30,9781484296325,onsale
4259,Horizons in Computer Science Research. Volume 20,3,本,94.00,61.10,9781536191073,onsale
4260,Tensor Networks for Dimensionality Reduction and Large-Scale Optimization,10,本,109.00,70.85,9781680832761,offsale
4261,Computational Science and High Performance Computing,3,本,92.00,59.80,9783540323761,discontinued
4262,Fundamental Problems in Computing,3,本,104.00,67.60,9789048181834,onsale
4263,List of Successes That Can Change the World,3,本,96.00,62.40,9783319309361,onsale
4264,"Construction and Analysis of Safe, Secure, and Interoperable Smart Devices",3,本,102.00,66.30,9783540305699,onsale
4265,Theory and Practice of Formal Methods,3,本,96.00,62.40,9783319307336,onsale
4266,Information Technology and Intelligent Transportation Systems,12,本,78.00,50.70,9781643680606,onsale
4267,Issues with Facial Recognition Technology,12,本,70.00,45.50,9781536190007,onsale
4268,Jakarta Struts Cookbook,3,本,92.00,59.80,9781306816441,discontinued
4269,Dancing with Data,17,本,60.00,39.00,9781465291233,onsale
4270,Innovative Trends in Personalized Software Engineering and Information Systems,7,本,109.00,70.85,9781643680965,onsale
4271,National 4 and 5 Computing Science,17,本,68.00,44.20,9781306549790,onsale
4272,Survey of Operating Systems,10,本,93.00,60.45,9781260096002,onsale
4273,Biological Modeling,3,本,112.00,72.80,9798986819211,onsale
4274,Advances in Edge Computing,3,本,102.00,66.30,9781643680637,onsale
4275,Computer Science Companion,3,本,100.00,65.00,9781524992613,offsale
4276,Finite Difference Computing with PDEs,3,本,102.00,66.30,9783319554563,onsale
4277,Computers in Education,17,本,60.00,39.00,9781536186123,onsale
4278,Angewandte Automatentheorie,3,本,104.00,67.60,9783112567678,onsale
4279,Frontiers of Computational Science,3,本,102.00,66.30,9783540463757,onsale
4280,Graph Transformation,3,本,96.00,62.40,9783319405292,onsale
4281,Memory Performance of Prolog Architectures,3,本,86.00,55.90,9781461320173,onsale
4282,A Systolic Array Parallelizing Compiler,7,本,105.00,68.25,9781461315599,onsale
4283,A Practical Introduction to Pascal,6,本,104.00,67.60,9781475716771,onsale
4284,A Guide to Modula-2,3,本,100.00,65.00,9781461248934,offsale
4285,Scientific Computing,3,本,90.00,58.50,9783030099152,onsale
4286,Computation and its Limits,3,本,106.00,68.90,9780198729129,onsale
4287,Computer Science 2,3,本,104.00,67.60,9781475798050,onsale
4288,New Advances in Information Systems and Technologies,3,本,88.00,57.20,9783319313061,onsale
4289,Computational Science and Its Applications – ICCSA 2016,3,本,88.00,57.20,9783319421070,onsale
4290,Hardware Architectures for Deep Learning,8,本,121.00,78.65,9781785617690,onsale
4291,Transactions on Computational Science XXVI,3,本,108.00,70.20,9783662492468,onsale
4292,Software Architecture,3,本,108.00,70.20,9781475765366,onsale
4293,Location Science,3,本,88.00,57.20,9783030321765,onsale
4294,"Algorithms, Probability, Networks, and Games",9,本,96.00,62.40,9783319240244,onsale
4295,Computational Science/Intelligence & Applied Informatics,3,本,86.00,55.90,9783030252274,onsale
4296,Computational Artifacts,3,本,114.00,74.10,9783662585597,onsale
4297,Introduction to Morphogenetic Computing,3,本,106.00,68.90,9783319862088,onsale
4298,Adventures in Computer Science,3,本,116.00,75.40,9783319878775,onsale
4299,Applied Computer Science for GGOS Observatories,3,本,98.00,63.70,9783319401379,onsale
4300,Formal Methods : Foundations and Applications,3,本,104.00,67.60,9783319294735,onsale
4301,Nature Inspired Computing,3,本,104.00,67.60,9789811067464,onsale
4302,Support Vector Machines and Perceptrons,3,本,90.00,58.50,9783319410623,onsale
4303,LATIN 2016 : Theoretical Informatics,3,本,106.00,68.90,9783662495292,onsale
4304,Insight to Computers,3,本,110.00,71.50,9781536149869,onsale
4305,Computer Science Advances,3,本,96.00,62.40,9781536148442,onsale
4306,"Smart Energy Research. At the Crossroads of Engineering, Economics, and Computer Science",12,本,86.00,55.90,9783319665528,onsale
4307,Cognitive Multi-agent Systems,3,本,112.00,72.80,9783319936857,onsale
4308,Pursuit of the Universal,3,本,96.00,62.40,9783319401881,onsale
4309,Chemical Information 2,3,本,106.00,68.90,9783540531999,onsale
4310,Computer Animation '90,3,本,108.00,70.20,9784431682967,onsale
4311,Computer and Information Science 2011,3,本,98.00,63.70,9783642213793,onsale
4312,Matrix and Tensor Factorization Techniques for Recommender Systems,3,本,94.00,61.10,9783319413570,onsale
4313,"Interactive Dynamic-System Simulation, Second Edition",3,本,104.00,67.60,9781322615998,onsale
4314,Mac OSX Snow Leopard for Power Users,3,本,96.00,62.40,9781430272946,onsale
4315,MooTools Essentials,3,本,92.00,59.80,9781430209843,discontinued
4316,Virtualizing Hadoop,3,本,82.00,53.30,9780133811025,onsale
4317,Products of Automata,3,本,90.00,58.50,9783642616112,onsale
4318,"Logic, language, and computation",3,本,106.00,68.90,9780387579351,onsale
4319,Theoretical computer science,3,本,94.00,61.10,9783540328803,onsale
4320,Mathematical methods for curves and surfaces,3,本,116.00,75.40,9783319678849,onsale
4321,"Minds, brains, and science",16,本,68.00,44.20,9780563202868,onsale
4322,Approximation and Online Algorithms,9,本,106.00,68.90,9783030808785,offsale
4323,Machines that walk,3,本,94.00,61.10,9780262192743,onsale
4324,Process plant simulation,3,本,104.00,67.60,9780195668056,onsale
4325,Design Patterns for Embedded Systems in C,12,本,88.00,57.20,9781856177078,onsale
4326,Advanced router architectures,3,本,98.00,63.70,9781280653483,onsale
4327,Advances of DNA Computing in Cryptography,3,本,98.00,63.70,9780815385325,onsale
4328,Practical studies in e-government,3,本,104.00,67.60,9781441975348,onsale
4329,A Guide to Data Compression Methods,3,本,102.00,66.30,9780387952604,onsale
4330,Compression and coding algorithms,9,本,102.00,66.30,9781461509363,onsale
4331,Powershell In Depth An Administrators Guide,3,本,102.00,66.30,9781617290558,onsale
4332,Algorithmic learning theory,9,本,96.00,62.40,9783540412373,onsale
4333,Next Generation Sequencing in Forensic Science,3,本,94.00,61.10,9781000449198,onsale
4334,Advanced information systems engineering,12,本,76.00,49.40,9783540612926,onsale
4335,AQA GCSE Computer Science,3,本,92.00,59.80,9781910523094,discontinued
4336,Programming Collective Intelligence,6,本,100.00,65.00,9780596529321,offsale
4337,Memory-Based Language Processing,3,本,86.00,55.90,9780521114455,onsale
4338,Computational Collective Intelligence,3,本,100.00,65.00,9783319240695,offsale
4339,Emerging Trends and Applications in Cognitive Computing,3,本,104.00,67.60,9781522557937,onsale
4340,Applied Approach to Privacy and Security for the Internet of Things,3,本,114.00,74.10,9781799824466,onsale
4341,Machine Learning Applications in Non-Conventional Machining Processes,8,本,127.00,82.55,9781799837084,onsale
4342,'C' Programming in an Open Source Paradigm,6,本,88.00,57.20,9781000791471,onsale
4343,The science of computing,3,本,94.00,61.10,9781138413924,onsale
4344,Security and Privacy in Communication Networks,10,本,117.00,76.05,9783319788128,onsale
4345,The numerical treatment of differential equations,3,本,92.00,59.80,9783662055007,discontinued
4346,Essential software testing,3,本,96.00,62.40,9781322627762,onsale
4347,Video Text Detection,3,本,98.00,63.70,9781447165156,onsale
4348,The new Penguin dictionary of computing,3,本,86.00,55.90,9780141884011,onsale
4349,RoboCup-99,3,本,82.00,53.30,9783540410430,onsale
4350,Fundamentals of Parallel Multicore Architecture,3,本,88.00,57.20,9781482211191,onsale
4351,Practical Ruby Gems,6,本,102.00,66.30,9781590598115,onsale
4352,Standard Grade General Credit,3,本,100.00,65.00,9781843721925,offsale
4353,Proceedings of the 1994 ACM Conference on LISP and Functional Programming,6,本,106.00,68.90,9780897916431,onsale
4354,Evolvable Systems : from Biology to Hardware,12,本,74.00,48.10,9783540365532,onsale
4355,Distributed Medium Access Control in Wireless Networks,10,本,101.00,65.65,9781461466024,discontinued
4356,Swarm Intelligence,3,本,100.00,65.00,9783642326493,offsale
4357,Natural language generation in artificial intelligence and computational linguistics,8,本,123.00,79.95,9780792390985,onsale
4358,EUFIT'96,3,本,110.00,71.50,9783896531872,onsale
4359,Functional programming,6,本,86.00,55.90,9780201137446,onsale
4360,"Handbook of Computational Social Science, Volume 2",3,本,96.00,62.40,9781000448597,onsale
4361,Power systems and SOA synergy,3,本,106.00,68.90,9780738485355,onsale
4362,Concise Computer Vision,3,本,92.00,59.80,9781447174141,discontinued
4363,Algorithms - ESA 2015,9,本,104.00,67.60,9783662483503,onsale
4364,Mathematics of program construction,11,本,96.00,62.40,9783540677277,onsale
4365,Focus on Scientific Visualization,3,本,108.00,70.20,9783642771668,onsale
4366,Computational science and high performance computing,3,本,80.00,52.00,9783540241201,onsale
4367,Mathematics of program construction,11,本,92.00,59.80,9780387566252,onsale
4368,How we became posthuman,3,本,90.00,58.50,9780226321394,onsale
4369,Hierarchical Bayesian Optimization Algorithm,9,本,106.00,68.90,9783540237747,offsale
4370,Generating Plans from Proofs,3,本,88.00,57.20,9783031007286,onsale
4371,Executing SOA,3,本,98.00,63.70,9780137149780,onsale
4372,Hands-On Neural Networks with Keras,8,本,121.00,78.65,9781789533347,onsale
4373,Fuzzy Logic and Neuro Fuzzy Applications Explained,3,本,94.00,61.10,9780133684650,onsale
4374,Blockchain with Hyperledger Fabric,3,本,102.00,66.30,9781839218750,onsale
4375,Generative Adversarial Networks Projects,10,本,113.00,73.45,9781789134193,onsale
4376,Cloud Computing for Science and Engineering,12,本,78.00,50.70,9780262343992,onsale
4377,Stata programming,6,本,106.00,68.90,9781881228738,onsale
4378,Designing software product lines with UML,3,本,96.00,62.40,9780201775952,onsale
4379,Cybersecurity Awareness among Students and Faculty,3,本,94.00,61.10,9780429625305,onsale
4380,Programming entity framework,6,本,108.00,70.20,9781449317867,onsale
4381,Mind and mechanism,16,本,62.00,40.30,9780262256650,discontinued
4382,"Data Analysis Using SQL and Excel, 2nd Edition",5,本,98.00,63.70,9781119021438,onsale
4383,More About Software Requirements,3,本,100.00,65.00,9780735635319,offsale
4384,Advancement in Computational Methods for Life Systems Modelling and Simulation : Advances in Biomedical Engineering Applications,12,本,92.00,59.80,9789819601875,onsale
4385,Advanced Control and Intelligent Computing Applications : Advanced Control Applications,3,本,108.00,70.20,9789819602933,onsale
4386,Robotics and Autonomous Systems and Engineering Applications of Computational Intelligence,12,本,78.00,50.70,9789819603121,onsale
4387,Algorithms and programming,9,本,110.00,71.50,9781441917478,onsale
4388,Probability with R,11,本,98.00,63.70,9781119536987,onsale
4389,Computationalism,3,本,88.00,57.20,9780262283106,onsale
4390,Master Data Management in Practice,5,本,108.00,70.20,9781283176255,onsale
4391,Optimality in biological and artificial networks?,10,本,103.00,66.95,9780203773833,onsale
4392,Opportunities and Challenges for Blockchain Technology in Autonomous Vehicles,12,本,94.00,61.10,9781799832980,onsale
4393,Nature Inspired Cooperative Strategies for Optimization,3,本,94.00,61.10,9783642260346,onsale
4394,H. 264 Advanced Video Compression Standard,3,本,96.00,62.40,9781119965312,onsale
4395,A structured programming approach to data,6,本,88.00,57.20,9780333219423,onsale
4396,Learning agile,7,本,101.00,65.65,9781449331924,onsale
4397,Data Protection,3,本,82.00,53.30,9781000062519,onsale
4398,"Computer Applications for Security, Control and System Engineering",12,本,80.00,52.00,9783642352638,offsale
4399,Enhanced Discovering Computers and Microsoft Office 2013,17,本,52.00,33.80,9781305409033,onsale
4400,Crafting the InfoSec playbook,3,本,104.00,67.60,9781491949405,onsale
4401,Developing Applications with Java and UML,6,本,123.00,79.95,9780201702521,offsale
4402,Introduction to C++ Programming and Graphics,6,本,110.00,71.50,9780387689920,onsale
4403,Student Handbook for Discrete Mathematics with Ducks,9,本,106.00,68.90,9781498714044,offsale
4404,Artificial Intelligence Frontiers in Statistics,8,本,109.00,70.85,9781003059875,onsale
4405,Cold cases,3,本,80.00,52.00,9781040082034,onsale
4406,Graph-Theoretic Concepts in Computer Science,3,本,104.00,67.60,9783540398905,onsale
4407,Getting Started with R,3,本,94.00,61.10,9780199601622,onsale
4408,Designing data-intensive Web applications,3,本,92.00,59.80,9780080503936,discontinued
4409,"C, a software engineering approach",7,本,117.00,76.05,9780387946757,onsale
4410,Face Detection and Recognition on Mobile Devices,12,本,64.00,41.60,9780124170452,onsale
4411,Curve e superfici,3,本,104.00,67.60,9788847005365,onsale
4412,Data structures,9,本,106.00,68.90,9780697114167,offsale
4413,Proceedings of the First NASA/DoD Workshop on Evolvable Hardware,14,本,75.00,48.75,9780769502564,onsale
4414,Object-Oriented Software Design and Construction with Java,6,本,80.00,52.00,9780130112644,onsale
4415,C,3,本,94.00,61.10,9780137758005,onsale
4416,An introduction to programming in Prolog,6,本,106.00,68.90,9780387971445,onsale
4417,Object oriented programming with C++ and OSF/Motif,6,本,90.00,58.50,9780132092555,onsale
4418,Applied predictive modeling,3,本,106.00,68.90,9781461468486,onsale
4419,The dream machine,3,本,110.00,71.50,9780563369929,onsale
4420,Computer Jobs With the Growing Information Technology Professional Services Sector 2008,12,本,84.00,54.60,9781933639345,onsale
4421,Pervasive Computing Paradigms for Mental Health,15,本,90.00,58.50,9783319322698,onsale
4422,Programming with Alice & Java,6,本,84.00,54.60,9780321512093,onsale
4423,Implementing MLOps in the Enterprise,3,本,100.00,65.00,9781098136581,offsale
4424,Expert systems applications in engineering and manufacturing,8,本,111.00,72.15,9780132782197,onsale
4425,Adaptive Cryptographic Access Control,3,本,92.00,59.80,9781461426424,discontinued
4426,Practical Computer Data Communications,3,本,104.00,67.60,9781468451665,onsale
4427,"Functional Web Development with Elixir, OTP, and Phoenix: Rethink the Modern Web App",7,本,95.00,61.75,9781680502435,discontinued
4428,Classic Shell Scripting,3,本,100.00,65.00,9780596517441,offsale
4429,Handbook of e-Business Security,13,本,81.00,52.65,9780429468254,onsale
4430,Algorithmic Combinatorics on Partial Words,9,本,100.00,65.00,9781040207949,onsale
4431,Electronic Government and the Information Systems Perspective,3,本,102.00,66.30,9783642229619,onsale
4432,Cyber Enigma,3,本,100.00,65.00,9780367322649,offsale
4433,Human Work Interaction Design. Work Analysis and HCI,3,本,96.00,62.40,9783642411458,onsale
4434,Data mining using grammar based genetic programming and applications,8,本,123.00,79.95,9780792377467,onsale
4435,Learning to Program with Alice W CD ROM,17,本,50.00,32.50,9780132122474,onsale
4436,Hibernate Search by Example,3,本,100.00,65.00,9781849519212,offsale
4437,Aspect-oriented programming using AspectJ,6,本,92.00,59.80,9780672324109,discontinued
4438,Mastering object-oriented design in C++,7,本,103.00,66.95,9780471594840,offsale
4439,"Objects, components, and frameworks with UML",3,本,115.00,74.75,9780201310122,onsale
4440,Multiparadigm programming in Leda,6,本,84.00,54.60,9780201820805,onsale
4441,Petri nets for systems engineering,12,本,70.00,45.50,9783540412175,onsale
4442,Getting started with netbooks,3,本,121.00,78.65,9781430225010,onsale
4443,Working with NHibernate 3.0,3,本,92.00,59.80,9781282253551,discontinued
4444,Interpreting Quantitative Data with SPSS,3,本,104.00,67.60,9781849209328,onsale
4445,"Cloud Foundry: The Definitive Guide: Develop, Deploy, and Scale",3,本,102.00,66.30,9781491932438,onsale
4446,CLR via C#,3,本,100.00,65.00,9780735627048,offsale
4447,Data Structures in Java,9,本,102.00,66.30,9780585451091,onsale
4448,Pro Javascript For Web Apps,6,本,86.00,55.90,9781430244622,onsale
4449,Graph Drawing,3,本,102.00,66.30,9783662458037,onsale
4450,Visual programming with HP VEE,6,本,86.00,55.90,9780130960054,onsale
4451,Evolvable hardware,3,本,102.00,66.30,9780387243863,onsale
4452,The Psychology of the Internet,16,本,62.00,40.30,9780521632942,discontinued
4453,Multiagent System Technologies,3,本,96.00,62.40,9783540287414,onsale
4454,Wireless communications,3,本,120.00,78.00,9781489989239,onsale
4455,AI and cognitive science '91,8,本,121.00,78.65,9780387197852,onsale
4456,Digest of papers,14,本,87.00,56.55,9780818688287,onsale
4457,Flexible neuro-fuzzy systems,3,本,108.00,70.20,9781475779325,onsale
4458,Abstract data types,3,本,90.00,58.50,9780669400007,onsale
4459,OMT Insights,3,本,108.00,70.20,9780138469658,onsale
4460,ANZIIS 96,12,本,82.00,53.30,9780780336674,onsale
4461,Mathematical Foundations of Computer Science 2014,3,本,100.00,65.00,9783662445228,offsale
4462,Soft Computing Applications and Techniques in Healthcare,15,本,109.00,70.85,9781000191080,offsale
4463,Techniques of Event History Modeling,14,本,71.00,46.15,9781135639129,onsale
4464,Expert Systems in Developing Countries,8,本,111.00,72.15,9780429735325,onsale
4465,Computational neuroscience,3,本,90.00,58.50,9781102154549,onsale
4466,PVM--parallel virtual machine,3,本,100.00,65.00,9780585309606,offsale
4467,Becoming Functional: Steps for Transforming Into a Functional Programmer,3,本,104.00,67.60,9781449368173,onsale
4468,Modelling and Simulation of Diffusive Processes,3,本,106.00,68.90,9783319056579,onsale
4469,Object-oriented programming in Microsoft C++,6,本,116.00,75.40,9781878739087,onsale
4470,"Computer Safety, Reliability, and Security",3,本,100.00,65.00,9783642407925,offsale
4471,Quantum information science,3,本,98.00,63.70,9781281372772,onsale
4472,De Novo Molecular Design,3,本,94.00,61.10,9783527334612,onsale
4473,Trends in Computational Nanomechanics,13,本,79.00,51.35,9781402098369,offsale
4474,Distributed Object Technology,12,本,86.00,55.90,9780133489965,onsale
4475,Object-Oriented Systems Design,7,本,95.00,61.75,9780136363255,discontinued
4476,Practical Approach on CD-ROM,3,本,106.00,68.90,9780192683694,onsale
4477,Central European Functional Programming School,6,本,96.00,62.40,9783540468431,onsale
4478,Computer Science Teacher,17,本,76.00,49.40,9781780173979,onsale
4479,Advances in Cryptology -- CRYPTO 2015,3,本,118.00,76.70,9783662479995,onsale
4480,Theory of Cryptography,3,本,106.00,68.90,9783662490990,onsale
4481,Application of Graph Rewriting to Natural Language Processing,3,本,106.00,68.90,9781119428589,onsale
4482,Deep Learning in Natural Language Processing,8,本,111.00,72.15,9789811052095,onsale
4483,Theoretical Issues in Natural Language Processing,3,本,100.00,65.00,9781317717546,offsale
4484,Intelligent systems,3,本,92.00,59.80,9780134659312,discontinued
4485,Intelligent information systems,14,本,79.00,51.35,9780818682186,onsale
4486,Introduction to Biometrics,3,本,102.00,66.30,9780387773261,onsale
4487,Advances in Social Media Analysis,3,本,106.00,68.90,9783319184586,onsale
4488,The e-policy handbook,3,本,90.00,58.50,9780814410653,onsale
4489,Crowdsourcing,3,本,122.00,79.30,9781299848788,offsale
4490,RPG TnT,3,本,114.00,74.10,9781583476796,onsale
4491,Job scheduling strategies for parallel processing,3,本,98.00,63.70,9783540428176,onsale
4492,Computational modeling,3,本,100.00,65.00,9781412983716,offsale
4493,Advances in Cryptology -- CRYPTO 2014,3,本,96.00,62.40,9783662443811,onsale
4494,Programming Clojure,6,本,98.00,63.70,9781934356333,onsale
4495,Discrete mathematics and functional programming,9,本,98.00,63.70,9781590282601,discontinued
4496,Generic programming,6,本,88.00,57.20,9783540410904,onsale
4497,Advances in theory and formal methods of computing,3,本,96.00,62.40,9781860940316,onsale
4498,Future and Emergent Trends in Language Technology,12,本,66.00,42.90,9783319335001,onsale
4499,Pro SQL Server 2012 Relational Database Design and Implementation,5,本,112.00,72.80,9781430236979,onsale
4500,2007 Japan-China Joint Workshop on Frontier of Computer Science and Technology,12,本,86.00,55.90,9780769530369,onsale
4501,Dynamic faces,3,本,84.00,54.60,9780262014533,onsale
4502,Computer mathematics,11,本,102.00,66.30,9789810244989,onsale
4503,The Mathematical revolution inspired by computing,3,本,104.00,67.60,9780198536581,onsale
4504,Constructivity in computer science,3,本,100.00,65.00,9780387556314,offsale
4505,Learn to Program with Visual Basic 6,3,本,96.00,62.40,9781590591512,onsale
4506,.NET Domain-Driven Design with C#,3,本,88.00,57.20,9780470384022,onsale
4507,Android Apps for Absolute Beginners,3,本,98.00,63.70,9781430247883,onsale
4508,Straley's guide to CA-Visual objects for Clipper and xBase programmers,3,本,88.00,57.20,9780201409437,onsale
4509,The CS Detective,3,本,108.00,70.20,9781593277871,onsale
4510,Revival,3,本,86.00,55.90,9781138105324,onsale
4511,Emergent Web intelligence,3,本,100.00,65.00,9781447125495,offsale
4512,Computer architecture,10,本,107.00,69.55,9781351827355,onsale
4513,Internet environments for science education,14,本,65.00,42.25,9781135631833,discontinued
4514,"Network analysis, architecture, and design",10,本,103.00,66.95,9780080512488,onsale
4515,Advances of soft computing in engineering,12,本,78.00,50.70,9783211997710,onsale
4516,Surveillance or security?,3,本,106.00,68.90,9781299284265,onsale
4517,Knowledge systems and Prolog,3,本,84.00,54.60,9780201524246,onsale
4518,Object-oriented software,7,本,103.00,66.95,9789810227319,offsale
4519,Everyday Scripting with Ruby,6,本,110.00,71.50,9780977616619,onsale
4520,Building scalable database applications,5,本,133.00,86.45,9780201310139,offsale
4521,Effective Enterprise Java (Effective Software Development Series),6,本,119.00,77.35,9780321130006,onsale
4522,Network management with smart systems,10,本,128.00,83.20,9780070036000,onsale
4523,Documenting a complete Java application using OPEN,6,本,86.00,55.90,9780201342772,onsale
4524,Topics in the theory of computation,3,本,110.00,71.50,9780444876478,onsale
4525,Crowd Assisted Networking and Computing,10,本,105.00,68.25,9780429453731,onsale
4526,Computer Security - ESORICS 2014,14,本,55.00,35.75,9783319112121,onsale
4527,Fortran 2018 with Parallel Programming,6,本,100.00,65.00,9780429326097,offsale
4528,Formal specification and design,3,本,94.00,61.10,9780521435925,onsale
4529,Fundamentals of distributed object systems,3,本,90.00,58.50,9780470240519,onsale
4530,Reliable object-oriented software,7,本,109.00,70.85,9781884842184,onsale
4531,Writing Ole Controls,3,本,92.00,59.80,9780132549622,discontinued
4532,Object-oriented environments,7,本,91.00,59.15,9780130092915,onsale
4533,The Demon Headmaster and the Prime Minister's Brain,3,本,102.00,66.30,9780192714893,onsale
4534,Computational Methods in Earthquake Engineering,12,本,80.00,52.00,9789400797123,offsale
4535,Internet research methods,3,本,100.00,65.00,9781473944046,offsale
4536,"Come, let's play",3,本,94.00,61.10,9783642190308,onsale
4537,Geek wisdom,3,本,102.00,66.30,9781594745270,onsale
4538,Sams teach yourself TCP/IP in 24 hours,3,本,110.00,71.50,9780672329968,onsale
4539,Lifting the barriers,3,本,96.00,62.40,9781930690073,onsale
4540,Client-Side Data Storage,3,本,106.00,68.90,9781491935088,onsale
4541,Bounded queries in recursion theory,3,本,106.00,68.90,9780817639662,onsale
4542,Porting to Win32,3,本,94.00,61.10,9781461207276,onsale
4543,Numerical analysis in modern scientific computing,3,本,98.00,63.70,9780387954103,onsale
4544,Parallel computing in quantum chemistry,12,本,74.00,48.10,9780429149412,onsale
4545,Computer Science Education Research,17,本,78.00,50.70,9789026519697,onsale
4546,Mathematics for Computer Graphics Applications,11,本,113.00,73.45,9780831131111,offsale
4547,Computing Information Technology,12,本,80.00,52.00,9781931777520,offsale
4548,Data file programming in BASIC,6,本,94.00,61.10,9780471083337,onsale
4549,SPSS statistics for dummies,11,本,88.00,57.20,9781118989012,onsale
4550,Autocad 2013 And Autocad Lt 2013 No Experience Required,3,本,92.00,59.80,9781118281741,discontinued
4551,Java Persistence With Hibernate,6,本,102.00,66.30,9781617290459,onsale
4552,Pro Oracle SQL,5,本,92.00,59.80,9781430262213,onsale
4553,J2EE best practices,3,本,96.00,62.40,9780471228851,onsale
4554,Neural Networks for Applied Sciences and Engineering,8,本,134.00,87.10,9781420013061,onsale
4555,Slaves of the Machine,3,本,98.00,63.70,9780262181839,onsale
4556,Starting Out with Alice,17,本,56.00,36.40,9780134361581,onsale
4557,Computers and their role in the physical sciences,3,本,94.00,61.10,9780677140308,onsale
4558,Administering Vmware Site Recovery Manager 50,3,本,100.00,65.00,9780321799920,offsale
4559,Combining artificial neural nets,8,本,97.00,63.05,9781852330040,onsale
4560,Mathematics of neural networks,8,本,125.00,81.25,9780792399339,onsale
4561,Fuzzy learning and applications,17,本,70.00,45.50,9781482274486,onsale
4562,Construction of data processing software,3,本,100.00,65.00,9780131686755,offsale
4563,Smalltalk in brief,3,本,92.00,59.80,9780314205568,discontinued
4564,Alice 3 in Action,12,本,80.00,52.00,9781133589228,offsale
4565,Scene of the cybercrime,3,本,116.00,75.40,9781597492768,onsale
4566,Coding games in Python,6,本,100.00,65.00,9781465473615,offsale
4567,Intelligent Virtual Agents,3,本,98.00,63.70,9783540854821,onsale
4568,Mathematics and Computer Science III,11,本,94.00,61.10,9783034879156,onsale
4569,Java 2 by example,6,本,114.00,74.10,9780789722669,onsale
4570,Python Forensics: A Workbench for Inventing and Sharing Digital Forensic Technology,6,本,100.00,65.00,9780124186767,offsale
4571,Spreadsheet Implementation Technology,12,本,78.00,50.70,9780262526647,onsale
4572,Talking to Siri,3,本,98.00,63.70,9780133056976,onsale
4573,Object-oriented software,7,本,87.00,56.55,9780201507362,onsale
4574,Linear-fractional programming,6,本,94.00,61.10,9781402076268,onsale
4575,Data sharing using a common data architecture,3,本,96.00,62.40,9780471309932,onsale
4576,A course in fuzzy systems and control,3,本,96.00,62.40,9780135408827,onsale
4577,An object-oriented environment,7,本,95.00,61.75,9780132455077,discontinued
4578,Encyclopedia of computer science,3,本,96.00,62.40,9780884053217,onsale
4579,Object-oriented programming for dummies,6,本,100.00,65.00,9781568843322,offsale
4580,Hierarchical object-oriented design,7,本,101.00,65.65,9780133908169,onsale
4581,Designing object systems,3,本,88.00,57.20,9780132038607,onsale
4582,OOP demystified,3,本,90.00,58.50,9780072253634,onsale
4583,Expert system software,8,本,99.00,64.35,9781612091143,onsale
4584,1999 IEEE Symposium on Visual Languages,14,本,71.00,46.15,9780769502182,onsale
4585,Decision Support and Business Intelligence Systems,13,本,69.00,44.85,9780131580176,onsale
4586,Chinese remainder theorem,3,本,112.00,72.80,9789812779380,onsale
4587,Datenschutz und Datensicherung,3,本,112.00,72.80,9783486993219,onsale
4588,Die EDV Mitgestalten,3,本,106.00,68.90,9783486243819,onsale
4589,EDV Personalführung,3,本,96.00,62.40,9783486203714,onsale
4590,Solving Optimization Problems with Matlab,3,本,96.00,62.40,9783110663648,onsale
4591,Computer-Generated Images,3,本,96.00,62.40,9784431680345,onsale
4592,The story of computing,3,本,98.00,63.70,9781788280303,onsale
4593,Advances in Unconventional Computing : Volume 2,3,本,100.00,65.00,9783319816326,offsale
4594,Verification and Evaluation of Computer and Communication Systems,3,本,108.00,70.20,9783319661759,onsale
4595,Scientific Visualization,3,本,106.00,68.90,9783642769443,onsale
4596,Recent Advances in the Message Passing Interface,3,本,96.00,62.40,9783642335174,onsale
4597,Transactions on Computational Science X,3,本,108.00,70.20,9783642174995,onsale
4598,UNIX hints & hacks,10,本,117.00,76.05,9780789719270,onsale
4599,Computer systems development,10,本,105.00,68.25,9780471931850,onsale
4600,Text Processing and Document Manipulation,14,本,69.00,44.85,9780521325929,onsale
4601,Object-oriented data structures using Java,9,本,110.00,71.50,9781449613549,onsale
4602,Programming entity framework,6,本,110.00,71.50,9780596807269,onsale
4603,Adaptive intelligent systems,6,本,114.00,74.10,9780444898388,onsale
4604,High Level Structures for Quantum Computing,14,本,75.00,48.75,9781608458516,onsale
4605,An APL compiler,7,本,111.00,72.15,9780387966434,onsale
4606,Inside Macintosh,3,本,86.00,55.90,9780201632446,onsale
4607,Advances in Computers,12,本,78.00,50.70,9780123965257,onsale
4608,Graph-based natural language processing and information retrieval,3,本,96.00,62.40,9781139064491,onsale
4609,Guideline for implementing cryptography in the federal government,12,本,86.00,55.90,9781494952518,onsale
4610,Computational Science and Technology,12,本,92.00,59.80,9789811356957,onsale
4611,Writing effective business rules,12,本,68.00,44.20,9780123850515,onsale
4612,Computer Aided Verification,3,本,84.00,54.60,9783030532901,onsale
4613,ICT for You,3,本,108.00,70.20,9780748774166,onsale
4614,Parallel Computing Technologies,3,本,96.00,62.40,9783540633716,onsale
4615,Computational Immunology,3,本,94.00,61.10,9781351023498,onsale
4616,Mastering Bitcoin: Programming the Open Blockchain,6,本,108.00,70.20,9781491954386,onsale
4617,IT-Sicherheitsmanagement nach ISO 27001 und Grundschutz,13,本,83.00,53.95,9783834894250,onsale
4618,Multimodal usability,3,本,94.00,61.10,9781447125174,onsale
4619,East of the Sun and West of the Moon,3,本,98.00,63.70,9781416520597,onsale
4620,Encyclopedia of computer science,3,本,88.00,57.20,9780442803216,onsale
4621,Applied Deep Learning and Computer Vision for Self-Driving Cars,8,本,111.00,72.15,9781838646301,onsale
4622,Active Java,6,本,121.00,78.65,9780201403701,onsale
4623,Critical Information Infrastructures Security,3,本,98.00,63.70,9783642414862,onsale
4624,Investigating Windows Systems,10,本,95.00,61.75,9780128114155,onsale
4625,"The art of debugging with GDB, DDD, and Eclipse",3,本,92.00,59.80,9781593270025,discontinued
4626,Neural Preprocessing and Control of Reactive Walking Machines,8,本,115.00,74.75,9783540688037,onsale
4627,Neural Networks in Finance,8,本,111.00,72.15,9780080479651,onsale
4628,Clojure Recipes,3,本,119.00,77.35,9780133430110,onsale
4629,Big data computing,3,本,114.00,74.10,9781466578388,onsale
4630,Autocad Civil 3d 2013 Essentials,3,本,92.00,59.80,9781118330449,discontinued
4631,Aspen Plus,3,本,94.00,61.10,9781119293613,onsale
4632,Data structures and algorithms,9,本,98.00,63.70,9780471241348,discontinued
4633,Network Science,10,本,115.00,74.75,9780309653886,onsale
4634,Expert C# 2008 business objects,13,本,61.00,39.65,9781430220183,onsale
4635,Guide to assembly language,3,本,102.00,66.30,9780857292704,onsale
4636,E-Research,3,本,94.00,61.10,9781135855062,onsale
4637,Recent Trends in Computer Networks and Distributed Systems Security,10,本,99.00,64.35,9783642341342,onsale
4638,Guide to Medical Image Analysis,15,本,80.00,52.00,9781447174035,onsale
4639,Evolutionary computation,3,本,98.00,63.70,9781466519008,onsale
4640,Elements of functional programming,6,本,80.00,52.00,9780201129151,onsale
4641,Theory and Applications of Ordered Fuzzy Numbers,3,本,102.00,66.30,9783319596143,onsale
4642,Mathematical Aspects of Computer and Information Sciences,3,本,96.00,62.40,9783319724522,onsale
4643,"Representations, Analysis and Recognition of Shape and Motion from Imaging Data",3,本,90.00,58.50,9783030198152,onsale
4644,Performance Analysis of Computer Networks,10,本,107.00,69.55,9783319016467,onsale
4645,High Performance Memory Systems,3,本,118.00,76.70,9781441989888,onsale
4646,Network-based parallel computing,10,本,119.00,77.35,9783540678793,onsale
4647,Datacenter Connectivity Technologies,3,本,100.00,65.00,9781000794939,offsale
4648,Multivariate public key cryptosystems,3,本,104.00,67.60,9781071609859,onsale
4649,Ensemble Machine Learning,8,本,109.00,70.85,9781441993250,onsale
4650,Mobile Speech And Advanced Natural Language Solutions,3,本,92.00,59.80,9781461460183,discontinued
4651,Co-design for system acceleration,3,本,86.00,55.90,9781402055461,onsale
4652,Grid computing,3,本,84.00,54.60,9780131456600,onsale
4653,"New Perspectives on Computer Concepts 2016, Comprehensive - Standalone book",17,本,56.00,36.40,9781305271616,onsale
4654,Programming concurrency on the JVM,6,本,102.00,66.30,9781934356760,onsale
4655,CORBA fundamentals and programming,6,本,86.00,55.90,9780471121480,onsale
4656,CORBA for dummies,3,本,96.00,62.40,9780764503085,onsale
4657,Managing software engineering knowledge,7,本,83.00,53.95,9783540003700,onsale
4658,Recent Trends in Algebraic Development Techniques Lecture Notes in Computer Science,11,本,82.00,53.30,9783642284113,discontinued
4659,Elements of Computer Security,3,本,96.00,62.40,9780857290052,onsale
4660,Beyond deep blue,3,本,100.00,65.00,9780857293404,offsale
4661,Formal Specification Using Z (Computer Science),3,本,90.00,58.50,9780333544082,onsale
4662,Blockchain revolution,3,本,102.00,66.30,9780399564062,onsale
4663,Applied Predictive Modeling,3,本,104.00,67.60,9781461468493,onsale
4664,Parallel and High Performance Computing,3,本,100.00,65.00,9781638350385,offsale
4665,Java Foundations,6,本,92.00,59.80,9780135206638,discontinued
4666,Decompiling Android,3,本,96.00,62.40,9781430242499,onsale
4667,Healthcare Information Privacy and Security,15,本,88.00,57.20,9781430266778,onsale
4668,Answering questions with statistics,11,本,90.00,58.50,9781452274287,offsale
4669,Probabilistic Methods in Discrete Mathematics,9,本,110.00,71.50,9789067642453,onsale
4670,"Computer Safety, Reliability, and Security",3,本,98.00,63.70,9783642156526,onsale
4671,Go! with,6,本,88.00,57.20,9780132448161,onsale
4672,Metaheuristic Computation with MATLAB®,3,本,119.00,77.35,9781003006312,onsale
4673,Implementing SSH,3,本,104.00,67.60,9780764557255,onsale
4674,"COOP 2014 - Proceedings of the 11th International Conference on the Design of Cooperative Systems, 27-30 May 2014, Nice (France)",3,本,100.00,65.00,9783319064970,offsale
4675,Introduction to computer science,3,本,92.00,59.80,9780030675256,discontinued
4676,Earth science resources in the electronic age,3,本,84.00,54.60,9780313059032,onsale
4677,Statistical analysis quick reference guidebook,3,本,110.00,71.50,9781412985949,onsale
4678,Rigid Body Dynamics of Mechanisms,3,本,104.00,67.60,9783642056956,onsale
4679,"E-Learning, E-Education, and Online Training",17,本,66.00,42.90,9783319132938,offsale
4680,Biologically inspired cooperative computing,3,本,102.00,66.30,9780387346328,onsale
4681,"Handbook of Computational Social Science, Volume 1",3,本,84.00,54.60,9781003024583,onsale
4682,A Guide to SPSS/PC+,3,本,108.00,70.20,9781349097098,onsale
4683,"Computing, Control, Information and Education Engineering",12,本,66.00,42.90,9781138028005,onsale
4684,Guide to Web Development with Java,6,本,96.00,62.40,9781447162193,onsale
4685,Current topics in artificial intelligence,8,本,105.00,68.25,9783540222187,discontinued
4686,Production Grids in Asia,3,本,86.00,55.90,9781441901026,onsale
4687,SAS and R,3,本,98.00,63.70,9781466584501,onsale
4688,Neural information processing,8,本,111.00,72.15,9783540464815,onsale
4689,"Neural Networks with R: Smart models using CNN, RNN, deep learning, and artificial intelligence principles",8,本,131.00,85.15,9781788397872,onsale
4690,MyLab IT with Pearson EText -- Access Card -- for Exploring Microsoft Office 2019,17,本,56.00,36.40,9780135402467,onsale
4691,Programming in Visual C# 2008,6,本,90.00,58.50,9780073517216,onsale
4692,Extremal Combinatorics,3,本,108.00,70.20,9783642085598,onsale
4693,MediaWiki,3,本,100.00,65.00,9780596156541,offsale
4694,Unsolved!,3,本,106.00,68.90,9781400884797,onsale
4695,Graph-Based Representations in Pattern Recognition,3,本,92.00,59.80,9783642382222,discontinued
4696,Machine Learning and Knowledge Discovery in Databases,5,本,110.00,71.50,9783642409905,offsale
4697,Recent advances in intelligent paradigms and applications,3,本,104.00,67.60,9783790815382,onsale
4698,Longitudinal data analysis for the behavioral sciences using R,3,本,108.00,70.20,9781412982689,onsale
4699,"Programming Spiders, Bots, and Aggregators in Java",6,本,98.00,63.70,9781280652493,onsale
4700,Digital radiography and PACS,3,本,96.00,62.40,9780323547581,onsale
4701,Cyber warfare,3,本,102.00,66.30,9781440872792,onsale
4702,Designing Pascal solutions,6,本,100.00,65.00,9780716782605,offsale
4703,UX Research Methods for Media and Communication Studies,3,本,80.00,52.00,9781000532425,onsale
4704,International encyclopedia of information and library science,3,本,98.00,63.70,9780415862905,onsale
4705,The Invisible Rainbow,3,本,80.00,52.00,9781645020103,onsale
4706,IBM statistics 21 step by step,11,本,90.00,58.50,9780205985517,offsale
4707,Hacking exposed computer forensics,3,本,100.00,65.00,9780072256758,offsale
4708,Algorithms 2,9,本,102.00,66.30,9780471924173,onsale
4709,Programming with Threads,6,本,96.00,62.40,9780131723894,onsale
4710,Advanced Microprocessor and Peripherals,3,本,94.00,61.10,9781259051265,onsale
4711,A Discipline of Multiprogramming,6,本,100.00,65.00,9781461264279,offsale
4712,VLSI for Artificial Intelligence and Neural Networks,8,本,109.00,70.85,9781461366713,onsale
4713,Computing for ordinary mortals,3,本,108.00,70.20,9780199775309,onsale
4714,Discovering Computers 2011 Living In A Digital World Introductory,12,本,82.00,53.30,9781439079416,onsale
4715,Monitoring systems and tool interoperability,3,本,112.00,72.80,9781590338889,onsale
4716,Advances in security technology,12,本,72.00,46.80,9783642102394,discontinued
4717,Object-oriented programming using C++,6,本,94.00,61.10,9780805353822,onsale
4718,UML-B Specification for Proven Embedded Systems Design,3,本,96.00,62.40,9781441952561,onsale
4719,Tools for High Performance Computing 2013,3,本,94.00,61.10,9783319081434,onsale
4720,Making Grids Work,3,本,116.00,75.40,9780387784489,onsale
4721,Emergent neural computational architectures based on neuroscience,8,本,117.00,76.05,9783540445975,onsale
4722,Learn Git in a month of lunches,3,本,102.00,66.30,9781638353492,onsale
4723,Object-Oriented Programming with Php5,6,本,110.00,71.50,9781847192578,onsale
4724,Object-oriented programming in Pascal,6,本,96.00,62.40,9780201628838,onsale
4725,Statistics for censored environmental data using Minitab and R,11,本,80.00,52.00,9781118304419,onsale
4726,Essential PowerShell,3,本,110.00,71.50,9780768684391,onsale
4727,Soft Errors,3,本,108.00,70.20,9781466590847,onsale
4728,Internet of Things,3,本,96.00,62.40,9781032339719,onsale
4729,Spotting and discovering terms through natural language processing,3,本,86.00,55.90,9780262100854,onsale
4730,Artificial neural networks,8,本,121.00,78.65,9780792392972,onsale
4731,SQL:1999,5,本,116.00,75.40,9781558604568,onsale
4732,Computer aided design,3,本,94.00,61.10,9781842651261,onsale
4733,The Internet compendium,3,本,82.00,53.30,9780720123036,onsale
4734,"Computer Organization and Design, Revised Printing, Third Edition, Third Edition",10,本,97.00,63.05,9780123706065,onsale
4735,Expert Visual C++/CLI,3,本,114.00,74.10,9781590597569,onsale
4736,An Introduction to Object-Oriented Programming With Java,6,本,102.00,66.30,9780072518849,onsale
4737,Intermediate 2,3,本,96.00,62.40,9781843724216,onsale
4738,Computational Psycholinguistics,3,本,92.00,59.80,9789400916005,discontinued
4739,Refinement in Z and Object-Z,3,本,98.00,63.70,9781447102588,onsale
4740,Basic statistics using SAS,11,本,86.00,55.90,9780314347367,onsale
4741,Modern Cryptanalysis,3,本,98.00,63.70,9781118428627,onsale
4742,Remoting Patterns,3,本,100.00,65.00,9781280270598,offsale
4743,Domain-Sensitive Temporal Tagging,3,本,123.00,79.95,9783031010354,offsale
4744,Dynamic Memory Management for Embedded Systems,13,本,75.00,48.75,9783319105727,onsale
4745,Verification of Sequential and Concurrent Programs,3,本,92.00,59.80,9781447125136,discontinued
4746,Automatic Processing of Natural-Language Electronic Texts with NooJ,3,本,90.00,58.50,9783319550015,onsale
4747,Modeling and Simulating Command and Control,3,本,92.00,59.80,9781447150381,discontinued
4748,Computational Sustainability,3,本,98.00,63.70,9783319318561,onsale
4749,Health Monitoring and Personalized Feedback using Multimedia Data,15,本,94.00,61.10,9783319179629,onsale
4750,"Technology in Action, Introductory",12,本,74.00,48.10,9780133827354,onsale
4751,VCP5-DCV VMware Certified Professional-Data Center Virtualization on VSphere 5. 5 Study Guide,3,本,94.00,61.10,9781118919231,onsale
4752,Joy of Debugging,17,本,70.00,45.50,9780134578729,onsale
4753,Generating natural language descriptions with integrated text and examples,3,本,98.00,63.70,9780805824148,onsale
4754,"Advanced Computing, Networking and Informatics- Volume 1",10,本,101.00,65.65,9783319073521,discontinued
4755,Expert systems for software engineers and managers,8,本,136.00,88.40,9780412014710,offsale
4756,Genetic programming,6,本,104.00,67.60,9783540319894,onsale
4757,Perspectives of systems informatics,3,本,104.00,67.60,9783662468227,onsale
4758,Report Of A Workshop On The Scope And Nature Of Computational Thinking,3,本,104.00,67.60,9780309149587,onsale
4759,"Language, Cohesion and Form",3,本,98.00,63.70,9780511486609,onsale
4760,New trends in neural computation,8,本,127.00,82.55,9780387567983,onsale
4761,Foundations of software science and computation structures,3,本,100.00,65.00,9783540253884,offsale
4762,Scientific Pascal,6,本,106.00,68.90,9780835969314,onsale
4763,Design patterns for dummies,3,本,108.00,70.20,9780471798545,onsale
4764,Computer simulation in materials science,3,本,106.00,68.90,9780871702968,onsale
4765,The History of Visual Magic in Computers,14,本,67.00,43.55,9781447149330,onsale
4766,Programming Delphi custom components,6,本,106.00,68.90,9781558514577,onsale
4767,Basic methods of cryptography,3,本,98.00,63.70,9780521555593,onsale
4768,API design for C++,12,本,62.00,40.30,9780123850041,onsale
4769,CONCUR 2004--concurrency theory,3,本,94.00,61.10,9783540229407,onsale
4770,Advances In Objectoriented Graphics I,3,本,100.00,65.00,9783642763038,offsale
4771,Software engineering,7,本,95.00,61.75,9783540083641,discontinued
4772,Handbook of bioinspired algorithms and applications,9,本,92.00,59.80,9781040219713,onsale
4773,Artificial neural networks,8,本,101.00,65.65,9780070571181,onsale
4774,Leda,3,本,92.00,59.80,9780521563291,discontinued
4775,Intelligent Systems,3,本,86.00,55.90,9783642210037,onsale
4776,Practical FPGA programming in C,6,本,92.00,59.80,9780131543188,discontinued
4777,OS X and IOS Kernel Programming,6,本,86.00,55.90,9781430235361,onsale
4778,Visual C++ .NET Bible,3,本,108.00,70.20,9780764548376,onsale
4779,Structured and object-oriented problem solving using C++,7,本,93.00,60.45,9780130284518,onsale
4780,Functional Programming in Java,6,本,106.00,68.90,9781680509793,onsale
4781,Top secret data encryption techniques,3,本,90.00,58.50,9780672302930,onsale
4782,The Waite Group's object-oriented programming in Turbo C++,6,本,110.00,71.50,9781878739063,onsale
4783,Counting,3,本,102.00,66.30,9780387952253,onsale
4784,Debugging applications,3,本,104.00,67.60,9780735608863,onsale
4785,Big Java Late Objects 2nd Edition Enhanced EPUB,6,本,84.00,54.60,9781119321071,onsale
4786,MESA and trading market cycles,3,本,102.00,66.30,9780471549437,onsale
4787,Agile Kaizen,7,本,111.00,72.15,9783642549908,onsale
4788,Cryptography,3,本,108.00,70.20,9788793609143,onsale
4789,Cellular Neural Networks and Visual Computing,8,本,97.00,63.05,9780521018630,onsale
4790,Advances in Natural Computation Pt. 1,3,本,98.00,63.70,9783540318583,onsale
4791,Blind Equalization in Neural Networks,8,本,99.00,64.35,9783110450293,onsale
4792,Shifting Paradigms in Software Engineering,7,本,105.00,68.25,9783709192580,onsale
4793,The clausal theory of types,3,本,94.00,61.10,9780521395380,onsale
4794,Manager's Guide to the Design and Conduct of Clinical Trials,15,本,82.00,53.30,9781280448218,onsale
4795,"Advanced Digital Image Steganography Using LSB, PVD, and EMD",3,本,92.00,59.80,9781522575160,discontinued
4796,Reactive Internet Programming,6,本,90.00,58.50,9781970001761,onsale
4797,Space-Time Computing with Temporal Neural Networks,8,本,111.00,72.15,9781627058902,onsale
4798,Verified Functional Programming in Agda,6,本,84.00,54.60,9781970001242,onsale
4799,Assessing and Responding to the Growth of Computer Science Undergraduate Enrollments,12,本,72.00,46.80,9780309467032,discontinued
4800,Upc,3,本,102.00,66.30,9780471722489,onsale
4801,Knowledge Based System Usage,3,本,100.00,65.00,9780077090487,offsale
4802,Zhang Functions and Various Models,3,本,102.00,66.30,9783662473337,onsale
4803,Artificial Neural Network Modelling,8,本,107.00,69.55,9783319803630,onsale
4804,Open Problems in Mathematics and Computational Science,11,本,94.00,61.10,9783319364971,onsale
4805,Responsive Computing,14,本,81.00,52.65,9781461527879,onsale
4806,OpenACC for Programmers,17,本,64.00,41.60,9780134694283,onsale
4807,Constraint Programming,6,本,114.00,74.10,9783642859847,onsale
4808,Discrete Fractional Calculus,11,本,88.00,57.20,9783319255606,onsale
4809,Advanced Models of Neural Networks,8,本,117.00,76.05,9783662437636,onsale
4810,Emerging Trends in Computing and Communication,3,本,96.00,62.40,9788132235149,onsale
4811,Deep Learning and Convolutional Neural Networks for Medical Image Computing,8,本,109.00,70.85,9783319827131,onsale
4812,"Neurotechnology, Electronics, and Informatics",12,本,88.00,57.20,9783319159973,onsale
4813,Formal Aspects of Component Software,3,本,102.00,66.30,9783319289342,onsale
4814,Computational Neuroscience,3,本,86.00,55.90,9783031084423,onsale
4815,Advances in Computing Applications,3,本,106.00,68.90,9789811096716,onsale
4816,Frontiers in Computational Fluid-Structure Interaction and Flow Simulation,3,本,96.00,62.40,9783031369445,onsale
4817,Fundamental Approaches to Software Engineering,7,本,107.00,69.55,9783319893631,onsale
4818,"Intelligent Computing, Networked Control, and Their Engineering Applications",10,本,109.00,70.85,9789811672125,offsale
4819,Ear Biometrics in 2D and 3D,3,本,94.00,61.10,9789811013805,onsale
4820,Basic Concepts in Data Structures,9,本,104.00,67.60,9781316676226,onsale
4821,Visual Inspection Technology in the Hard Disk Drive Industry,12,本,74.00,48.10,9781119058731,onsale
4822,Data Structures Based on Linear Relations,9,本,96.00,62.40,9783110593181,onsale
4823,Photonic Reservoir Computing,3,本,98.00,63.70,9783110583496,onsale
4824,"Analysis of Messy Data, Volume III",3,本,106.00,68.90,9780429128967,onsale
4825,Computing in Nonlinear Media and Automata Collectives,3,本,94.00,61.10,9781280650680,onsale
4826,Discrete Fractional Calculus,11,本,104.00,67.60,9789814725668,onsale
4827,Compression-Based Methods of Statistical Analysis and Prediction of Time Series,3,本,94.00,61.10,9783319812342,onsale
4828,Information and Computation,3,本,110.00,71.50,9789814295482,onsale
4829,Fundamentals of Software Culture,3,本,100.00,65.00,9789811344831,offsale
4830,Analysis and Design of Information Systems,3,本,104.00,67.60,9781846286551,onsale
4831,Modula-2,3,本,96.00,62.40,9783540132974,onsale
4832,Neural Nets WIRN VIETRI-97,8,本,101.00,65.65,9781447115205,onsale
4833,Neural Nets WIRN VIETRI-98,8,本,101.00,65.65,9781447112082,onsale
4834,Mixed Raster Content,3,本,106.00,68.90,9789811028298,onsale
4835,Constructive Neural Networks,8,本,107.00,69.55,9783642261084,onsale
4836,"Computer Confluence, Introductory and Student",3,本,96.00,62.40,9780131298149,onsale
4837,Neural Nets and Chaotic Carriers,8,本,107.00,69.55,9780470860182,onsale
4838,Introduction to software process improvement,3,本,108.00,70.20,9780857291738,onsale
4839,Grundkurs Codierung,3,本,102.00,66.30,9783834816740,onsale
4840,Grundkurs Computergrafik mit Java,6,本,92.00,59.80,9783834812230,discontinued
4841,Neural Networks,8,本,113.00,73.45,9783642061875,offsale
4842,Neural networks,8,本,117.00,76.05,9780138958633,onsale
4843,Actes du 4e Colloque africain sur la recherche en informatique,3,本,92.00,59.80,9782726111338,discontinued
4844,Data Compression,3,本,86.00,55.90,9781850322160,onsale
4845,Applying Neural Networks,8,本,107.00,69.55,9780080572185,onsale
4846,Neural networks,8,本,103.00,66.95,9780136125167,onsale
4847,Mathematical foundations of computer science 1988,3,本,84.00,54.60,9783540501107,onsale
4848,The Abel Prize 2008-2012,3,本,106.00,68.90,9783642394485,onsale
4849,Operational expert system applications in the United States,8,本,103.00,66.95,9780080414294,onsale
4850,Foundations of Parallel Programming,6,本,102.00,66.30,9780818656910,onsale
4851,FUN OF PROGRAMMING; ED. BY JEREMY GIBBONS,6,本,102.00,66.30,9780333992852,onsale
4852,Flood Forecasting Using Artificial Neural Networks,8,本,111.00,72.15,9781466544604,onsale
4853,Theory of matrices,3,本,90.00,58.50,9780124355606,onsale
4854,Introduction to Crime and Crime Causation,3,本,102.00,66.30,9781466597105,onsale
4855,Inside DOS,3,本,112.00,72.80,9780895887108,onsale
4856,SOA?,3,本,94.00,61.10,9783540718710,onsale
4857,Software Engineering for Resilient Systems,7,本,89.00,57.85,9783319122403,onsale
4858,Numerical Derivatives and Nonlinear Analysis,3,本,102.00,66.30,9781468450583,onsale
4859,Engineering evolutionary intelligent systems,12,本,86.00,55.90,9783540753957,onsale
4860,Designing evolutionary algorithms for dynamic environments,9,本,92.00,59.80,9783540212317,onsale
4861,Object-Oriented ActionScript for Flash 8,7,本,113.00,73.45,9781590596197,onsale
4862,Combinatorial optimization and theoretical computer science,3,本,94.00,61.10,9780470611098,onsale
4863,Handbook of information and communication security,3,本,92.00,59.80,9783642041167,discontinued
4864,Rewriting Techniques and Applications,3,本,114.00,74.10,9783540677789,onsale
4865,Estimation of distribution algorithms,9,本,112.00,72.80,9780792374664,onsale
4866,"Parallel Program Development for Cluster Computing: Methodology, Tools and Integrated Environments (In Advances in Computation: Theory and Practice)",3,本,106.00,68.90,9781560728658,onsale
4867,Objectoriented Software Engineering Using UML Patterns and Java,6,本,80.00,52.00,9781292024011,onsale
4868,Event processing in action,3,本,94.00,61.10,9781935182214,onsale
4869,Intelligent Systems and Applications,3,本,98.00,63.70,9783319333861,onsale
4870,Autodesk Maya 2018,3,本,116.00,75.40,9781942689973,onsale
4871,Computer concepts 2014,12,本,92.00,59.80,9781285097688,onsale
4872,Fundamental Algorithms for Computer Graphics,9,本,108.00,70.20,9783642845741,onsale
4873,Professional MEL solutions for production,3,本,104.00,67.60,9781598220667,onsale
4874,Advanced Concepts for Intelligent Vision Systems,3,本,114.00,74.10,9783319486796,onsale
4875,Computer Security -- ESORICS 2013,3,本,86.00,55.90,9783642402043,onsale
4876,Microsoft Manual of Style,3,本,104.00,67.60,9780735648715,onsale
4877,MATLAB supplement to Fuzzy and neural approaches in engineering,8,本,109.00,70.85,9780471192473,onsale
4878,Computer Vision Systems,3,本,90.00,58.50,9783642394010,onsale
4879,Source code optimization techniques for data flow dominated embedded software,3,本,94.00,61.10,9781402028298,onsale
4880,Image-Based Geometric Modeling and Mesh Generation,3,本,94.00,61.10,9789400742550,onsale
4881,SPSS essentials,3,本,100.00,65.00,9781118488416,offsale
4882,Recent advances in memetic algorithms,9,本,102.00,66.30,9783540229049,onsale
4883,Fourth Generation Data,3,本,90.00,58.50,9780724804313,onsale
4884,Concept data analysis,3,本,108.00,70.20,9780470299685,onsale
4885,Scientific computing in electrical engineering,12,本,76.00,49.40,9783642069413,onsale
4886,Advances in Parallel and Distributed Computing and Ubiquitous Services,3,本,96.00,62.40,9789811000676,onsale
4887,Frontier and Innovation in Future Computing and Communications,3,本,84.00,54.60,9789402403121,onsale
4888,Tractability,3,本,96.00,62.40,9781139177801,onsale
4889,IEEE standards for local and metropolitan area networks,10,本,109.00,70.85,9781559372541,offsale
4890,Smart Card Research and Advanced Applications,3,本,102.00,66.30,9780387355283,onsale
4891,Tor and the deep web:,3,本,108.00,70.20,9781549727627,onsale
4892,Herobrine-- birth of a monster,3,本,102.00,66.30,9781495270925,onsale
4893,The Wikipedia Revolution,3,本,94.00,61.10,9781845134730,onsale
4894,E-Commerce 2021,13,本,81.00,52.65,9780136931768,onsale
4895,Fundamentals of Data Structures,9,本,106.00,68.90,9780716780427,offsale
4896,Digital literacy,3,本,92.00,59.80,9781433101687,discontinued
4897,Caffeine,3,本,96.00,62.40,9781927154144,onsale
4898,The computer science and engineering handbook,12,本,90.00,58.50,9780849329098,onsale
4899,Practical Guide to Azure Cognitive Services,3,本,92.00,59.80,9781801810609,discontinued
4900,Virtual world,3,本,108.00,70.20,9780670875467,onsale
4901,Modelling Enterprise Architectures,12,本,84.00,54.60,9781849190770,onsale
4902,A.D.A.M. Interactive Anatomy student lab guide,15,本,80.00,52.00,9780805359114,onsale
4903,Next Generation Sequencing Data Analysis,3,本,92.00,59.80,9781000897234,discontinued
4904,The IEEE 802.11 handbook,3,本,86.00,55.90,9781118128114,onsale
4905,Information security and privacy,3,本,98.00,63.70,9783540223795,onsale
4906,Algorithms and complexity,9,本,96.00,62.40,9783642130724,onsale
4907,Learn AppleScript,3,本,88.00,57.20,9781430223627,onsale
4908,Business engineering with object technology,12,本,64.00,41.60,9780471045212,onsale
4909,Fundamentals of Smart Contract Security,3,本,110.00,71.50,9781949449372,onsale
4910,Encyclopedia of Social Network Analysis and Mining,10,本,107.00,69.55,9781461461692,onsale
4911,Configuring Internal Controls for Software as a Service,3,本,102.00,66.30,9780367657109,onsale
4912,Fundamentals of Digital Logic with VHDL Design with CD-ROM (McGraw-Hill Series in Electrical and Computer Engineering),12,本,84.00,54.60,9780072499384,onsale
4913,Philosophy of Computing and Information,16,本,66.00,42.90,9780631229186,onsale
4914,Hack proofing your wireless network,10,本,129.00,83.85,9781928994596,onsale
4915,Crypto-Politics,14,本,81.00,52.65,9780367785185,onsale
4916,Adobe Photoshop Classroom in a Book (2020 Release),17,本,56.00,36.40,9780136177241,onsale
4917,Boost. Asio C++ Network Programming Cookbook,10,本,121.00,78.65,9781783986552,onsale
4918,CompTIA CySA+ Study Guide,3,本,100.00,65.00,9781119349914,offsale
4919,Continued Rise of the Cloud,3,本,98.00,63.70,9781447164517,onsale
4920,Understanding Ada,3,本,82.00,53.30,9780060461331,onsale
4921,Out of their minds,16,本,84.00,54.60,9780387979922,onsale
4922,Instant Jsoup How-To,3,本,108.00,70.20,9781782167990,onsale
4923,"Applications and science of neural networks, fuzzy systems, and evolutionary computation V",8,本,115.00,74.75,9780819445544,onsale
4924,The essential CORBA,3,本,80.00,52.00,9780471106111,onsale
4925,Foundations of intelligent systems,3,本,96.00,62.40,9783540457640,onsale
4926,Artificial Intelligence,8,本,105.00,68.25,9789380027050,discontinued
4927,Elementary linear programming with applications,6,本,86.00,55.90,9780124179103,onsale
4928,Formal methods for open object-based distributed systems,10,本,91.00,59.15,9780412820403,onsale
4929,Transactions On Data Hiding And Multimedia Security Iv,3,本,96.00,62.40,9783642017582,onsale
4930,Grey information,3,本,118.00,76.70,9781849969932,onsale
4931,Text and graphics in the electronic age,3,本,108.00,70.20,9783527285198,onsale
4932,Computational Discrete Mathematics,9,本,102.00,66.30,9783540455066,onsale
4933,Fuzzy graphs and fuzzy hypergraphs,3,本,106.00,68.90,9783790818543,onsale
4934,Variants Of Evolutionary Algorithms For Realworld Applications,9,本,100.00,65.00,9783642234255,onsale
4935,A+ guide to managing and maintaining your PC,12,本,66.00,42.90,9780619213060,onsale
4936,Java Enterprise design patterns,6,本,84.00,54.60,9781280314070,onsale
4937,Encyclopedia of Cryptography and Security,3,本,96.00,62.40,9780387234731,onsale
4938,Locative Media,3,本,106.00,68.90,9781134588657,onsale
4939,Neural Networks and Psychopathology,8,本,107.00,69.55,9781280161674,onsale
4940,Combinatorial Search,3,本,98.00,63.70,9783642414817,onsale
4941,CompTIA Security+ Study Guide,3,本,92.00,59.80,9781118075029,discontinued
4942,Domain Architectures,3,本,98.00,63.70,9780470848333,onsale
4943,Trustworthy Reconfigurable Systems,3,本,96.00,62.40,9783658070045,onsale
4944,Grids and Service-Oriented Architectures for Service Level Agreements,13,本,73.00,47.45,9781441973214,onsale
4945,"ICCI '93, Fifth International Conference on Computing and Information, May 27-29, 1993, Sudbury, Ontario, Canada",14,本,71.00,46.15,9780818642128,onsale
4946,Approximation algorithms for combinatorial optimization,9,本,104.00,67.60,9783540457534,onsale
4947,The JR programming language,6,本,96.00,62.40,9781402080869,onsale
4948,Informatik als Schlüssel zur Qualifikation,3,本,100.00,65.00,9783540572565,offsale
4949,Optimization Techniques. Modeling and Optimization in the Service of Man 1,3,本,90.00,58.50,9783540076223,onsale
4950,Product Focused Software Process Improvement,3,本,102.00,66.30,9783540246596,onsale
4951,Introduction to data compression,3,本,98.00,63.70,9781558603462,onsale
4952,Moving Targets,3,本,112.00,72.80,9781848829329,onsale
4953,Unified modeling language,3,本,92.00,59.80,9781930708051,discontinued
4954,Saga,3,本,82.00,53.30,9780142414224,onsale
4955,Spatially Structured Evolutionary Algorithms,9,本,106.00,68.90,9783540806394,offsale
4956,Recent trends in data type specification,3,本,90.00,58.50,9783540503255,onsale
4957,Introduction to cryptography with mathematical foundations and computer implementations,3,本,100.00,65.00,9780429246609,offsale
4958,DOS VSAM for application programmers,3,本,86.00,55.90,9780830632510,onsale
4959,New classes of codes for cryptologists and computer scientists,3,本,110.00,71.50,9781599730288,onsale
4960,Computers,3,本,112.00,72.80,9780768902679,onsale
4961,UNIX System Programming for System VR4,10,本,109.00,70.85,9781565921634,offsale
4962,Mathematics of Software Construction,11,本,90.00,58.50,9780135633885,offsale
4963,Logical derivation of computer programs,3,本,106.00,68.90,9781871516982,onsale
4964,The Handbook of Computational Linguistics and Natural Language Processing,3,本,100.00,65.00,9781118347188,offsale
4965,"Methodologies for the conception, design, and application of intelligent systems",3,本,100.00,65.00,9789810228453,offsale
4966,Top 20 Essential Skills for ArcGIS Pro,3,本,110.00,71.50,9781589487505,onsale
4967,Practical VSAM for today's programmers,3,本,94.00,61.10,9780471851073,onsale
4968,Introduction to IBM direct access storage devices,3,本,90.00,58.50,9780574211408,onsale
4969,Data Structures and Algorithms for GATE,9,本,112.00,72.80,9781468152975,onsale
4970,Game architecture and design,3,本,94.00,61.10,9781576104255,onsale
4971,ICSA guide to cryptography,3,本,102.00,66.30,9780079137593,onsale
4972,Unity 3.x Game Development Essentials,3,本,106.00,68.90,9781849691451,onsale
4973,Ruan jian ce shi de yi shu =,3,本,98.00,63.70,9787111173199,onsale
4974,Oracle Solaris and Veritas Cluster : An Easy-build Guide,5,本,108.00,70.20,9781484218327,onsale
4975,Ocr Computing For Gcse,17,本,70.00,45.50,9781444193848,onsale
4976,Computer Technology Innovators,12,本,82.00,53.30,9781429838054,onsale
4977,Panic! UNIX system crash dump analysis,10,本,107.00,69.55,9780131493865,onsale
4978,Nonmonotonic Context-Dependent Reasonings,3,本,116.00,75.40,9780387976891,onsale
4979,Security matters,3,本,96.00,62.40,9780321424778,onsale
4980,Win32 System Programming,6,本,92.00,59.80,9780201309478,discontinued
4981,Personal computers for scientists,14,本,94.00,61.10,9780841210011,onsale
4982,Safety nets,3,本,106.00,68.90,9781885065087,onsale
4983,Numerical simulations in the environmental and earth sciences,3,本,92.00,59.80,9780521580472,discontinued
4984,A Beginner's Guide to R,3,本,120.00,78.00,9780387939995,onsale
4985,Just Spring,3,本,96.00,62.40,9781306813853,onsale
4986,Information security fundamentals,3,本,104.00,67.60,9781138436893,onsale
4987,Adventures in Python,6,本,106.00,68.90,9781118951859,onsale
4988,Event-driven architecture,3,本,119.00,77.35,9780321322111,onsale
4989,Technology In Action Complete,12,本,68.00,44.20,9781292025414,onsale
4990,Developing a Cybersecurity Immune System for Industry 4. 0,3,本,94.00,61.10,9781003337874,onsale
4991,Genetic and Evolutionary Computation,3,本,92.00,59.80,9781282822900,discontinued
4992,Knowledge-Based Systems for Multiple Environments,3,本,100.00,65.00,9780429761850,offsale
4993,LINQ,3,本,98.00,63.70,9780596521714,onsale
4994,Object Oriented Systems Analysis/Design,7,本,122.00,79.30,9780077110000,onsale
4995,Notes on set theory,3,本,100.00,65.00,9780387287232,offsale
4996,The thrilling adventures of Lovelace and Babbage,3,本,90.00,58.50,9780141981512,onsale
4997,Concepts of object-oriented programming,6,本,100.00,65.00,9780070591776,offsale
4998,Next Generation Network Services,10,本,111.00,72.15,9780470858561,onsale
4999,Grundkurs Verteilte Systeme,3,本,100.00,65.00,9783834821508,offsale
5000,Expert systems,8,本,107.00,69.55,9780132956352,onsale
5001,Concurrent program structures,3,本,100.00,65.00,9780131672895,offsale
5002,Neural Networks and Natural Intelligence (Bradford Books),8,本,109.00,70.85,9780262570916,onsale
5003,Foundations of Parallel Programming (Cambridge International Series on Parallel Computation),6,本,88.00,57.20,9780521018562,onsale
5004,Barron's AP computer science,17,本,70.00,45.50,9780764137099,onsale
5005,Discrete Mathematics and Its Applications,9,本,108.00,70.20,9788173197314,onsale
5006,Elements of Finite Model Theory (Texts in Theoretical Computer Science. An EATCS Series),3,本,84.00,54.60,9783540212027,onsale
5007,Data Structures,9,本,114.00,74.10,9780471439769,onsale
5008,Expert Systems,8,本,123.00,79.95,9780898060966,onsale
5009,"Barron's AP Computer Science, 2007-2008",17,本,70.00,45.50,9780764134876,onsale
5010,Dizionario basico di informatica applicata,3,本,106.00,68.90,9788885134515,onsale
5011,Solutions manual to accompany Edward M. Reingold and Wilfred J. Hansen's Data structures,9,本,106.00,68.90,9780316739634,offsale
5012,The art of parallel programming,6,本,108.00,70.20,9781595408396,onsale
5013,Cambridge IGCSE® ICT Coursebook,3,本,98.00,63.70,9781108698061,onsale
5014,Complete Rust Programming Reference Guide,6,本,100.00,65.00,9781838828103,offsale
5015,Advances in Neural Information Processing Systems,8,本,101.00,65.65,9780262194501,onsale
5016,The B-method (Cornerstones of Computing),3,本,98.00,63.70,9780333792841,onsale
5017,Parallel programming with MPI,6,本,102.00,66.30,9781558603394,onsale
5018,Analiza systemów informatycznych,3,本,98.00,63.70,9788370175207,onsale
5019,"Actes du 2e Colloque africain sur la recherche en informatique, Ouagadougou, Burkina Faso, du 12 au 18 octobre 1994",3,本,96.00,62.40,9782709912242,onsale
5020,Building neural networks,8,本,103.00,66.95,9780201539219,onsale
5021,Analysis and applications of artificial neural networks,8,本,111.00,72.15,9780134898322,onsale
5022,Associative Memory Using Artificial Neural Networks (Neural Networks Engineering),8,本,107.00,69.55,9789810215811,onsale
5023,Learn Azure Administration,3,本,100.00,65.00,9781838551452,offsale
5024,Functional Thinking,3,本,82.00,53.30,9781322124513,onsale
5025,Data Structures,9,本,122.00,79.30,9789384588922,onsale
5026,Formalism in AI and computer science,8,本,105.00,68.25,9780133255492,discontinued
5027,Digital Triage Forensics,12,本,98.00,63.70,9781597495974,onsale
5028,Models of computation,3,本,96.00,62.40,9780201895391,onsale
5029,Learn Linux Quickly,10,本,95.00,61.75,9781800566002,onsale
5030,Parallel programming,6,本,98.00,63.70,9780133368277,onsale
5031,Selected topics in discrete mathematics,9,本,108.00,70.20,9780821875094,onsale
5032,An Introduction to Neural Information Retrieval,8,本,115.00,74.75,9781680835328,onsale
5033,Beginning DAX with Power BI: The SQL Pro’s Guide to Better Business Intelligence,5,本,108.00,70.20,9781484234761,onsale
5034,Effective Debugging: 66 Specific Ways to Debug Software and Systems (Effective Software Development Series),7,本,105.00,68.25,9780134394794,onsale
5035,Recurrent neural networks,8,本,123.00,79.95,9789537619084,onsale
5036,Automata Theory and its Applications,3,本,100.00,65.00,9781461266457,offsale
5037,DBA Transformations,3,本,90.00,58.50,9781484232422,onsale
5038,Principles of expert systems,8,本,107.00,69.55,9780879422202,onsale
5039,The essentials of math for computer applications,17,本,70.00,45.50,9780878913145,onsale
5040,Neural networks,8,本,97.00,63.05,9780124670501,onsale
5041,Information-based complexity,3,本,98.00,63.70,9780126975451,onsale
5042,Electronic Engineering and Computing Technology,12,本,78.00,50.70,9789400732384,onsale
5043,Encyclopedia of computer science and technology,12,本,76.00,49.40,9780824722814,onsale
5044,Cambridge IGCSE ICT,3,本,88.00,57.20,9781316500743,onsale
5045,Parallel Programming Patterns,6,本,106.00,68.90,9780321685995,onsale
5046,Advances in Artificial Intelligence,8,本,101.00,65.65,9783319600413,onsale
5047,Neural networks,8,本,107.00,69.55,9788178083001,onsale
5048,R Data Structures and Algorithms,9,本,110.00,71.50,9781786465153,onsale
5049,"Encyclopedia of Computer Science and Technology Vol. 32, No. 17",12,本,78.00,50.70,9780824722852,onsale
5050,Encyclopedia of computer science and technology,12,本,74.00,48.10,9780824722821,onsale
5051,'A' Level Computing,3,本,102.00,66.30,9781904467526,onsale
5052,Introduction Functional Programming,6,本,100.00,65.00,9780134843469,offsale
5053,File structures,3,本,88.00,57.20,9780133146912,onsale
5054,An introduction to expert systems,8,本,107.00,69.55,9780070841574,onsale
5055,Knowledge-based systems,3,本,90.00,58.50,9780745801520,onsale
5056,Be prepared for the AP computer science exam,3,本,108.00,70.20,9780965485364,onsale
5057,"Data structures, algorithms, and program style",9,本,112.00,72.80,9780871509369,onsale
5058,Visual basic programming,6,本,104.00,67.60,9780134892955,onsale
5059,"Neural networks theory, technology,and applications",8,本,113.00,73.45,9780780325647,offsale
5060,Multi-valued and universal binary neurons,3,本,102.00,66.30,9780792378242,onsale
5061,Informatique,3,本,100.00,65.00,9782916913353,offsale
5062,Expert system applications,8,本,117.00,76.05,9780387187228,onsale
5063,Que's guide to data recovery,3,本,88.00,57.20,9780880225410,onsale
5064,Discrete mathematics,9,本,106.00,68.90,9788190254571,offsale
5065,Btec Level 3 National It 2 Student Book,17,本,72.00,46.80,9781846909290,onsale
5066,Knowledge engineering,12,本,60.00,39.00,9780070003552,onsale
5067,The science of debugging,3,本,100.00,65.00,9781576109175,offsale
5068,Parallel program design,3,本,92.00,59.80,9780201058666,discontinued
5069,Computer data structures,9,本,104.00,67.60,9780070497436,onsale
5070,Persistent Systems Architecture: January 1992,3,本,98.00,63.70,9780387197401,onsale
5071,Concurrent programming,6,本,92.00,59.80,9780805300864,discontinued
5072,An IBM® SPSS® Companion to Political Analysis,14,本,77.00,50.05,9781506379654,onsale
5073,Cálculo Científico,3,本,108.00,70.20,9788847007178,onsale
5074,Discrete Structures With Contemporary Applications,3,本,106.00,68.90,9781439817681,onsale
5075,Advances in Image and Graphics Technologies,3,本,112.00,72.80,9783662454978,onsale
5076,Integrated design and simulation of chemical processes,3,本,100.00,65.00,9780444627087,offsale
5077,Ethnography for the Internet,3,本,114.00,74.10,9780857857637,onsale
5078,Computational methods for large systems,3,本,96.00,62.40,9780470934722,onsale
5079,CIMOSA,3,本,100.00,65.00,9783540562566,offsale
5080,Java 7,6,本,112.00,72.80,9780980839647,onsale
5081,Tallinn Manual on the International Law Applicable to Cyber Warfare,14,本,79.00,51.35,9781139169288,onsale
5082,CompTIA Network+ Review Guide,10,本,93.00,60.45,9781119432302,onsale
5083,Troubleshooting Virtual Private Networks (VPN) (Networking Technology),10,本,101.00,65.65,9781587051043,discontinued
5084,Flood forecasting using artificial neural networks,8,本,121.00,78.65,9789058096319,onsale
5085,Object structures,3,本,90.00,58.50,9780201634808,onsale
5086,Essential Guide to Object Monitors,3,本,100.00,65.00,9780471319719,offsale
5087,MediaWiki 1.1 Beginner's Guide,3,本,98.00,63.70,9781847196040,onsale
5088,Mathematical Morphology and Its Applications to Signal and Image Processing,3,本,106.00,68.90,9783642382956,onsale
5089,Programming in mathematica,6,本,98.00,63.70,9780201548785,onsale
5090,Knowledge-based software engineering,7,本,103.00,66.95,9781586036409,offsale
5091,Analysis and Design of Parallel Algorithms,9,本,96.00,62.40,9780070361393,onsale
5092,Learn AI-Assisted Python Programming,8,本,117.00,76.05,9781633437784,onsale
5093,Beginning Haskell,3,本,84.00,54.60,9781430262503,onsale
5094,Unified Communications Forensics,12,本,64.00,41.60,9780124046054,onsale
5095,Tutorial Guide to AutoCAD 2021,3,本,100.00,65.00,9781630573638,offsale
5096,PyTorch Recipes,3,本,102.00,66.30,9781484289242,onsale
5097,Logic of the Digital,3,本,104.00,67.60,9781472566744,onsale
5098,Prolog and expert systems,8,本,97.00,63.05,9780071008433,onsale
5099,The Unified Process Elaboration Phase,3,本,104.00,67.60,9781929629053,onsale
5100,Open source SOA,3,本,110.00,71.50,9781638354697,onsale
5101,Autodesk Maya 2019 Basics Guide,3,本,104.00,67.60,9781630571788,onsale
5102,Mathematics and CAD,11,本,84.00,54.60,9780262070973,onsale
5103,Systèmes répartis et réseaux,3,本,106.00,68.90,9780946536276,onsale
5104,Expert systems programming in Turbo Prolog,8,本,111.00,72.15,9780132958417,onsale
5105,OOPSLA '95,3,本,108.00,70.20,9780897917216,onsale
5106,Programming the Win32 API and UNIX system services,10,本,103.00,66.95,9780130259691,onsale
5107,Vvedenie v teorii︠u︡ massovogo obsluzhivanii︠a︡,3,本,92.00,59.80,9780817634230,discontinued
5108,Information and communications security,3,本,96.00,62.40,9783319027265,onsale
5109,Cyber Crime Security And Digital Intelligence,3,本,104.00,67.60,9781409454496,onsale
5110,Neural networks for modelling and control of dynamic systems,8,本,107.00,69.55,9781852332273,onsale
5111,Artificial intelligence and statistics,8,本,103.00,66.95,9780201115697,onsale
5112,Delphi nuts & bolts,3,本,90.00,58.50,9780078822032,onsale
5113,Specification and Analysis of Concurrent Systems,3,本,108.00,70.20,9783642773396,onsale
5114,Object modeling with the OCL,3,本,98.00,63.70,9783540431695,onsale
5115,"Linear-Fractional Programming Theory, Methods, Applications and Software",6,本,100.00,65.00,9781441991751,offsale
5116,Logging and Log Management,13,本,87.00,56.55,9781597496360,onsale
5117,Formal aspects of security,3,本,94.00,61.10,9783540206934,onsale
5118,Engineering Informatics,12,本,92.00,59.80,9781299648456,onsale
5119,Steve Jobs,3,本,100.00,65.00,9786070731549,offsale
5120,Internet,3,本,112.00,72.80,9783540579687,onsale
5121,Knowledge based bioinformatics,3,本,110.00,71.50,9781119995845,onsale
5122,Foundations of security analysis and design,3,本,96.00,62.40,9783540748106,onsale
5123,Getting started with MATLAB,3,本,92.00,59.80,9780195150148,discontinued
5124,Recent trends in algebraic development techniques,11,本,113.00,73.45,9783540400202,offsale
5125,Agents and Artificial Intelligence,8,本,113.00,73.45,9783642118197,offsale
5126,Introduction to Precise Numerical Methods,3,本,98.00,63.70,9780123738592,onsale
5127,ECOOP 2005 - Object-Oriented Programming,6,本,90.00,58.50,9783540813521,onsale
5128,Formal methods and software engineering,7,本,95.00,61.75,9783540204619,discontinued
5129,Open Multithreaded Transactions,3,本,88.00,57.20,9789401701044,onsale
5130,SOFSEM 2007,3,本,102.00,66.30,9783540695066,onsale
5131,EDV Für Klein- und Mittelbetriebe,3,本,114.00,74.10,9783486993257,onsale
5132,Computer Information Systems and Industrial Management,13,本,81.00,52.65,9783030476786,onsale
5133,The computer revolution in philosophy,16,本,56.00,36.40,9780391008304,onsale
5134,Regular Expression Puzzles and AI Coding Assistants,8,本,111.00,72.15,9781633437814,onsale
5135,Smart Information and Knowledge Management,13,本,77.00,50.05,9783642045844,onsale
5136,Matrix polynomials,3,本,88.00,57.20,9780122871603,onsale
5137,AP® Computer Science Principles Crash Course,17,本,66.00,42.90,9780738612348,offsale
5138,"Statistical Modelling and Machine Learning Principles for Bioinformatics Techniques, Tools, and Applications",8,本,117.00,76.05,9789811524448,onsale
5139,Computer Science,3,本,100.00,65.00,9780198417309,offsale
5140,Integrating symbolic mathematical computation and artificial intelligence,8,本,103.00,66.95,9783540601562,onsale
5141,Modellistica Numerica per Problemi Differenziali (UNITEXT / La Matematica per il 3+2),3,本,96.00,62.40,9788847002036,onsale
5142,Computation and Intelligence,3,本,82.00,53.30,9780262621014,onsale
5143,Digital Video Compression,12,本,76.00,49.40,9780071424875,onsale
5144,"Detection of Intrusions and Malware, and Vulnerability Assessment",3,本,100.00,65.00,9783642029196,offsale
5145,Trustworthy Computing and Services,3,本,106.00,68.90,9783642357954,onsale
5146,"Discovering Computers, Essentials ©2016",17,本,60.00,39.00,9781305392076,onsale
5147,Deep Learning with R,8,本,117.00,76.05,9781617295546,onsale
5148,Database and Expert Systems Applications,5,本,102.00,66.30,9783642401725,discontinued
5149,Experiments in the machine interpretation of visual motion,3,本,90.00,58.50,9780262280372,onsale
5150,Cryptography Made Simple,3,本,98.00,63.70,9783319219363,onsale
5151,Illustrated Microsoft Office 365 & Access 2019 Comprehensive,17,本,72.00,46.80,9780357119778,onsale
5152,Algorithms for Next-Generation Sequencing,9,本,98.00,63.70,9781315374352,discontinued
5153,Computerdenken,3,本,104.00,67.60,9788483461174,onsale
5154,The World of Scripting Languages,3,本,110.00,71.50,9780471998860,onsale
5155,Enterprise cloud computing,3,本,102.00,66.30,9780929652290,onsale
5156,"Node Cookbook: Actionable solutions for the full spectrum of Node.js 8 development, 3rd Edition",3,本,110.00,71.50,9781785880087,onsale
5157,Inside the C⁺⁺ object model,3,本,88.00,57.20,9780201834543,onsale
5158,Mastering SoapUI,3,本,104.00,67.60,9781783980802,onsale
5159,Natural analogues in radioactive waste disposal,3,本,106.00,68.90,9789400934658,onsale
5160,Learning and Collaboration Technologies,17,本,58.00,37.70,9783031616716,discontinued
5161,Haptic and Audio Interaction Design,3,本,94.00,61.10,9783540767022,onsale
5162,Computer vision,3,本,104.00,67.60,9783642486760,onsale
5163,Applied Text Analysis with Python,6,本,98.00,63.70,9781491963043,onsale
5164,Secure systems development with UML,3,本,80.00,52.00,9783540007012,onsale
5165,"Internet of Things for Architects: Architecting IoT solutions by implementing sensors, communication infrastructure, edge computing, analytics, and security",3,本,116.00,75.40,9781788470599,onsale
5166,Cyber Victimology,3,本,98.00,63.70,9781315155685,onsale
5167,Beginning Visual Basic 6 objects,3,本,90.00,58.50,9781861001726,onsale
5168,Expert systems,8,本,109.00,70.85,9780534384470,onsale
5169,Fisheries Acoustics,3,本,102.00,66.30,9789401715584,onsale
5170,Mastering data modeling,3,本,94.00,61.10,9780134176536,onsale
5171,UML 2004,3,本,92.00,59.80,9783540233077,discontinued
5172,"Advances in Computers, Volume 56 (Advances in Computers)",3,本,80.00,52.00,9780120121564,onsale
5173,Higher,3,本,98.00,63.70,9781843725541,onsale
5174,TOP500,3,本,104.00,67.60,9781439815960,onsale
5175,Algorithms and Discrete Applied Mathematics,9,本,112.00,72.80,9783319149738,onsale
5176,Computer Science Logic,3,本,98.00,63.70,9783540457930,onsale
5177,Computational science - ICCS 2002,3,本,100.00,65.00,9783540435945,offsale
5178,Computer Graphics and Geometric Modeling,3,本,84.00,54.60,9781461215042,onsale
5179,Interactive Computation,3,本,96.00,62.40,9783540348740,onsale
5180,Parallel Machines: Parallel Machine Languages,3,本,92.00,59.80,9781461315445,discontinued
5181,Self-* and P2P for Network Management,10,本,99.00,64.35,9781447142027,onsale
5182,Mathematics of Program Construction,11,本,104.00,67.60,9783319197968,onsale
5183,Evolving Computability,3,本,94.00,61.10,9783319200279,onsale
5184,Coalgebraic Methods in Computer Science,11,本,78.00,50.70,9783319403700,onsale
5185,e-Business and Telecommunication Networks,10,本,109.00,70.85,9789048108480,offsale
5186,Relational methods for computer science applications,3,本,104.00,67.60,9783790813654,onsale
5187,Lineare Algebra für die Informatik,11,本,96.00,62.40,9783658001889,onsale
5188,CAD Systems Development,3,本,104.00,67.60,9783642607189,onsale
5189,Multi-Microprocessor Systems for Real-Time Applications,3,本,110.00,71.50,9789401088886,onsale
5190,DevOps for Digital Leaders,7,本,101.00,65.65,9781484218426,onsale
5191,Theory and Applications of Models of Computation,3,本,96.00,62.40,9783319171418,onsale
5192,Secure Systems Development with UML,3,本,94.00,61.10,9783642056352,onsale
5193,AdvancED Flash Interface Design,3,本,110.00,71.50,9781590595558,onsale
5194,Computational science and its applications,3,本,84.00,54.60,9783540401612,onsale
5195,"Unconventional models of computation, UMC'2K",3,本,94.00,61.10,9781852334154,onsale
5196,Computer science logic,3,本,98.00,63.70,9783540631729,onsale
5197,Theoretical computer science,3,本,86.00,55.90,9789810200701,onsale
5198,Foundations of software technology and theoretical computer science,12,本,86.00,55.90,9780387562872,onsale
5199,Computers Understanding Technology,12,本,84.00,54.60,9780763829353,onsale
5200,A First Course in Probability,11,本,88.00,57.20,9781842652084,onsale
5201,"Data abstraction, databases, and conceptual modelling",5,本,108.00,70.20,9780461921908,onsale
5202,Conquering the Electron,3,本,108.00,70.20,9781493049929,onsale
5203,"Systems, Software and Services Process Improvement",3,本,110.00,71.50,9783642391798,onsale
5204,Transactions on Computational Science XX,3,本,98.00,63.70,9783642419065,onsale
5205,The JavaScript pocket guide,6,本,92.00,59.80,9780321700957,discontinued
5206,SPSS for Windows made simple,10,本,123.00,79.95,9780863778278,onsale
5207,MCA Modern Desktop Administrator Complete Study Guide,3,本,86.00,55.90,9781119603115,onsale
5208,Interactive Differential Equations,3,本,94.00,61.10,9780201618396,onsale
5209,Code,14,本,89.00,57.85,9788496453388,onsale
5210,Map projection transformation,3,本,88.00,57.20,9781003062738,onsale
5211,Representations for Genetic and Evolutionary Algorithms,9,本,108.00,70.20,9783642880940,onsale
5212,Multiple classifier systems,3,本,98.00,63.70,9783319202488,onsale
5213,Object-oriented modeling and design,7,本,83.00,53.95,9780136300540,onsale
5214,Smashing jQuery,3,本,98.00,63.70,9780470977231,onsale
5215,Enterprise Java Computing,6,本,123.00,79.95,9780511001291,offsale
5216,Security+ training guide,3,本,94.00,61.10,9780768661200,onsale
5217,Grid Computing,3,本,110.00,71.50,9780387784168,onsale
5218,Visual Design Concepts For Mobile Games,3,本,100.00,65.00,9781138806924,offsale
5219,Future Data and Security Engineering,12,本,66.00,42.90,9783030356521,onsale
5220,How to use PASW statistics,11,本,113.00,73.45,9781000106633,offsale
5221,Always War,3,本,106.00,68.90,9781416995265,onsale
5222,Inferred functions of performance and learning,16,本,64.00,41.60,9780805845402,onsale
5223,Grid Generation Methods,3,本,100.00,65.00,9789048129126,offsale
5224,Electronic government,3,本,98.00,63.70,9783540852049,onsale
5225,Advances in Swarm Intelligence for Optimizing Problems in Computer Science,3,本,104.00,67.60,9780429445927,onsale
5226,VMS for alpha platforms internals and data structures,9,本,114.00,74.10,9781555580957,onsale
5227,Advanced Fuzzy Systems Design and Applications,3,本,100.00,65.00,9783790825206,offsale
5228,Software visualization,3,本,94.00,61.10,9781402074486,onsale
5229,Constraint handling rules,3,本,98.00,63.70,9783540922438,onsale
5230,"Wikipedia, 3.5 million articles and counting",3,本,98.00,63.70,9781448856220,onsale
5231,Pattern recognition,12,本,64.00,41.60,9780080513621,onsale
5232,Object oriented data structures using Java,9,本,114.00,74.10,9780763737467,onsale
5233,Pro Django,3,本,82.00,53.30,9781430258100,onsale
5234,Ontology-Driven Software Development,7,本,95.00,61.75,9783642312274,discontinued
5235,Managing your hard disk,3,本,96.00,62.40,9780880222655,onsale
5236,Programming Constraint Services,6,本,90.00,58.50,9783540433712,onsale
5237,Datenintegrität in heterogenen Informationssystemen,3,本,96.00,62.40,9783824401079,onsale
5238,Execution support environment,3,本,92.00,59.80,9789810212551,discontinued
5239,Information Systems -- Creativity and Innovation in Small and Medium-Sized Enterprises,3,本,94.00,61.10,9783642023880,onsale
5240,Digital Watermarking Techniques in Curvelet and Ridgelet Domain,3,本,98.00,63.70,9783319329505,onsale
5241,Security and Privacy in the Age of Uncertainty,3,本,104.00,67.60,9780387356914,onsale
5242,Belief revision,3,本,108.00,70.20,9780511879838,onsale
5243,Second Generation Expert Systems,8,本,129.00,83.85,9783642779299,onsale
5244,Possibility Theory,3,本,110.00,71.50,9781468452877,onsale
5245,Sensitivity Analysis for Neural Networks,8,本,115.00,74.75,9783642261398,onsale
5246,Current Trends in Web Engineering,12,本,70.00,45.50,9783319042442,onsale
5247,Security and the Networked Society,10,本,105.00,68.25,9783319023908,onsale
5248,Functional Programming for Dummies,6,本,104.00,67.60,9781119527497,onsale
5249,Computer Simulations in Science and Engineering,12,本,88.00,57.20,9783319908809,onsale
5250,Algorithmic Aspects in Information and Management,9,本,100.00,65.00,9783030271947,onsale
5251,Handbook of neural computation,8,本,99.00,64.35,9780429540301,onsale
5252,Program Monitoring and Visualization,3,本,98.00,63.70,9781461274384,onsale
5253,Algorithmen und Datenstrukturen,9,本,110.00,71.50,9783834820747,onsale
5254,Knowledge-Based Configuration,12,本,80.00,52.00,9780124158696,offsale
5255,Expertensysteme,3,本,86.00,55.90,9783409131124,onsale
5256,Programmation concurrente,3,本,112.00,72.80,9780946536399,onsale
5257,Expert systems,8,本,136.00,88.40,9780470202005,offsale
5258,Managing expert systems,8,本,123.00,79.95,9781878289117,onsale
5259,Genetic systems programming,6,本,108.00,70.20,9783540298496,onsale
5260,Cellular neural networks,8,本,121.00,78.65,9780792378914,onsale
5261,Images of programming,6,本,104.00,67.60,9780444893383,onsale
5262,Recent Advances in Artificial Neural Networks,8,本,119.00,77.35,9780849322686,onsale
5263,Computer users' data book,3,本,94.00,61.10,9780632011797,onsale
5264,Simulation and the monte carlo method,3,本,88.00,57.20,9781118632161,onsale
5265,Verification and validation in systems engineering,12,本,70.00,45.50,9783642423161,onsale
5266,Playing With The Past,3,本,102.00,66.30,9781849965002,onsale
5267,Proceedings of the 21st International Meshing Roundtable,3,本,96.00,62.40,9783642335723,onsale
5268,Thoughtful Interaction Design,3,本,94.00,61.10,9780262622097,onsale
5269,"Mathematical Principles of the Internet, Volume 1",3,本,116.00,75.40,9780367656799,onsale
5270,"Experimental IR Meets Multilinguality, Multimodality, and Interaction",3,本,92.00,59.80,9783030285760,discontinued
5271,Information Technology and Applications,12,本,76.00,49.40,9781138026773,onsale
5272,Domain oriented systems development,3,本,118.00,76.70,9789056991876,onsale
5273,IBM Totalstorage,3,本,102.00,66.30,9780738490076,onsale
5274,Ole Automation Programmer's Reference,3,本,100.00,65.00,9781572315846,offsale
5275,Case Studies in Veterinary Immunology,3,本,106.00,68.90,9781351677189,onsale
5276,Advances in mobile cloud computing systems,3,本,104.00,67.60,9780429159169,onsale
5277,DOS/VSE,3,本,84.00,54.60,9780471602231,onsale
5278,Virtual Machines,3,本,100.00,65.00,9781846282461,offsale
5279,Guide to Cisco Routers Configuration,3,本,102.00,66.30,9783319546292,onsale
5280,VLSI Design and Test,3,本,90.00,58.50,9783642420245,onsale
5281,Digital libraries in computer science,3,本,100.00,65.00,9783540644934,offsale
5282,CA-visual objects,3,本,100.00,65.00,9781569903513,offsale
5283,Go Standard Library Cookbook,6,本,110.00,71.50,9781788475273,onsale
5284,Mathématiques Informatique Physique,3,本,112.00,72.80,9782287267857,onsale
5285,Artificial Intelligence Business : How You Can Profit from AI,8,本,107.00,69.55,9781800566514,onsale
5286,Parallel Programming,6,本,92.00,59.80,9783642378010,discontinued
5287,Model-based development,17,本,56.00,36.40,9780321774071,onsale
5288,Perl 5,6,本,88.00,57.20,9780596000325,onsale
5289,The darkening web,3,本,102.00,66.30,9781594206665,onsale
5290,3D Discrete Element Workbench for Highly Dynamic Thermo-Mechanical Analysis,3,本,108.00,70.20,9781119239789,onsale
5291,Central European Functional Programming School,6,本,104.00,67.60,9783319159393,onsale
5292,Managing and mining graph data,3,本,94.00,61.10,9781441960443,onsale
5293,Linear Logic in Computer Science,3,本,98.00,63.70,9781299405172,onsale
5294,Encyclopedia of library and information sciences,3,本,108.00,70.20,9780849397127,onsale
5295,Applied Probability and Statistics,11,本,94.00,61.10,9780387284545,onsale
5296,Modeling XML Applications with UML,3,本,88.00,57.20,9780201709155,onsale
5297,Science Encyclopedia,3,本,94.00,61.10,9780794503314,onsale
5298,Computer Science,3,本,102.00,66.30,9781471886621,onsale
5299,Revel for Introduction to Python Programming and Data Structures -- Access Card,9,本,104.00,67.60,9780135187753,onsale
5300,ObjectARX primer,3,本,96.00,62.40,9780766811270,onsale
5301,"MindTap for West's CompTIA Network+ Guide to Networks, 9th Edition [Instant Access], 1 term",10,本,105.00,68.25,9780357508190,onsale
5302,"MindTap for Ciampa's CompTIA Security+ Guide to Network Security Fundamentals, 7th Edition, [Instant Access]",10,本,99.00,64.35,9780357424421,onsale
5303,The Official CompTIA Security+ Student Guide (Exam SY0-601),3,本,104.00,67.60,9781642743289,onsale
5304,Rick Spence's guide to CA-Visual Objects,3,本,104.00,67.60,9780782116687,onsale
5305,Mathematics for computers,11,本,86.00,55.90,9780070096592,onsale
5306,Object-oriented systems analysis,7,本,109.00,70.85,9780136299738,onsale
5307,SAP Mii,3,本,96.00,62.40,9781484228135,onsale
5308,Solving Cybercrime,3,本,106.00,68.90,9780749695026,onsale
5309,Digital Archaeology: The Art and Science of Digital Forensics,3,本,84.00,54.60,9780321803900,onsale
5310,Systemanalyse kompakt,3,本,100.00,65.00,9783642354465,offsale
5311,Discrete mathematical structures,3,本,102.00,66.30,9788122426694,onsale
5312,Statistical mechanics of learning,17,本,72.00,46.80,9780521774796,onsale
5313,Getting Started with Talend Open Studio for Data Integration,3,本,108.00,70.20,9781849514729,onsale
5314,CA-Visual objects,3,本,98.00,63.70,9780672305665,onsale
5315,Philosophical Logic and Artificial Intelligence,8,本,113.00,73.45,9789400924482,offsale
5316,Mathematical methods in artificial intelligence,8,本,105.00,68.25,9780818672002,discontinued
5317,Web services and SOA,17,本,62.00,40.30,9780273732167,onsale
5318,Artificial neural networks and statistical pattern recognition,8,本,113.00,73.45,9780444887412,offsale
5319,Neural networks and fuzzy-logic control on personal computers and workstations,8,本,95.00,61.75,9780262112055,onsale
5320,Probability Models,11,本,88.00,57.20,9781447101697,onsale
5321,Anti-Spam Techniques Based on Artificial Immune System,3,本,90.00,58.50,9781351230476,onsale
5322,Large-Scale Scientific Computing,3,本,123.00,79.95,9783030410315,offsale
5323,Engineering analysis with ANSYS software,12,本,80.00,52.00,9780080469690,offsale
5324,LMF Lexical Markup Framework,3,本,102.00,66.30,9781118577653,onsale
5325,The pattern book,3,本,96.00,62.40,9789810214265,onsale
5326,Sketching user experience,3,本,88.00,57.20,9780123740373,onsale
5327,"Cyber-Security Threats, Actors, and Dynamic Mitigation",3,本,123.00,79.95,9781003006145,offsale
5328,LabTutor,3,本,96.00,62.40,9780195098501,onsale
5329,Mike Meyers' CompTIA network+ guide to managing and troubleshooting networks lab manual,10,本,101.00,65.65,9780071844604,discontinued
5330,Cool careers without college for people who love everything digital,3,本,106.00,68.90,9781435839816,onsale
5331,Cryptography and Security Services,3,本,106.00,68.90,9781599048390,onsale
5332,Innovative Security Solutions for Information Technology and Communications,12,本,88.00,57.20,9783319271798,onsale
5333,System administration guide,3,本,104.00,67.60,9780595352548,onsale
5334,LINUX start-up guide,10,本,109.00,70.85,9783540626763,offsale
5335,Formal Specification Level,3,本,114.00,74.10,9783319086989,onsale
5336,Advances in Cryptology – EUROCRYPT 2018,3,本,100.00,65.00,9783319783710,offsale
5337,Embedded Software Verification and Debugging,3,本,112.00,72.80,9781493979318,onsale
5338,Software Error Detection Through Testing and Analysis,3,本,106.00,68.90,9781282279674,onsale
5339,AI and Cognitive Science '89,8,本,109.00,70.85,9783540196082,onsale
5340,Trust Management IX,13,本,81.00,52.65,9783319184906,onsale
5341,Advances in Cryptology – ASIACRYPT 2018,3,本,82.00,53.30,9783030033255,onsale
5342,Software Systems,3,本,112.00,72.80,9780757557279,onsale
5343,Understanding Digital Signatures,3,本,86.00,55.90,9780070125544,onsale
5344,Computational geosciences with Mathematica,3,本,98.00,63.70,9783642621574,onsale
5345,Intelligent knowledge based systems in electrical power engineering,12,本,68.00,44.20,9780412753206,onsale
5346,Introduction to AutoCAD 2020,17,本,74.00,48.10,9780135576878,onsale
5347,Word Processing and Typing (Text Processing for Modular Awards),17,本,64.00,41.60,9780435453817,onsale
5348,Data Science for Librarians,3,本,88.00,57.20,9781440871221,onsale
5349,The complete idiot's guide to computer basics,3,本,116.00,75.40,9781592578597,onsale
5350,Computer-mediated communications,3,本,104.00,67.60,9780890067574,onsale
5351,Genetic algorithms in engineering and computer science,9,本,120.00,78.00,9780471958598,onsale
5352,Object-Oriented Analysis and Design with the Unified Process,7,本,99.00,64.35,9780619216436,onsale
5353,Electronically stored information,3,本,110.00,71.50,9781439877265,onsale
5354,Enabling Technologies for the Internet of Things,3,本,86.00,55.90,9781003338109,onsale
5355,Computer Crimes and Digital Investigations,3,本,112.00,72.80,9780199290987,onsale
5356,Craft of Model-Based Testing,3,本,96.00,62.40,9781351792622,onsale
5357,Evolutionary Computation,3,本,84.00,54.60,9781315342160,onsale
5358,The Estonian Language In The Digital Age Eesti Keel Digiajastul,3,本,96.00,62.40,9783642307850,onsale
5359,The Italian Language In The Digital Age La Lingua Italiana Nellera Digitale,3,本,96.00,62.40,9783642307751,onsale
5360,Pascal programs for scientists and engineers,6,本,110.00,71.50,9780895880581,onsale
5361,Computational Color Imaging,3,本,84.00,54.60,9783642204050,onsale
5362,Security in the Private Cloud,3,本,100.00,65.00,9781482259551,offsale
5363,EnCase computer forensics,3,本,94.00,61.10,9780782144352,onsale
5364,Applied genetic programming and machine learning,8,本,101.00,65.65,9781040212578,onsale
5365,Introduction to Programming with Greenfoot,6,本,88.00,57.20,9780134054292,onsale
5366,Java and SOAP,6,本,106.00,68.90,9780596515638,onsale
5367,Smartphones as locative media,3,本,96.00,62.40,9780745685021,onsale
5368,Mathematical and Computational Modeling of Tonality,3,本,108.00,70.20,9781461494768,onsale
5369,Microsoft Big Data Solutions,3,本,104.00,67.60,9781118729557,onsale
5370,Objects Unencapsulated,3,本,90.00,58.50,9780130142696,onsale
5371,Extremal combinatorial problems and their applications,3,本,92.00,59.80,9780792336310,discontinued
5372,Learning SPARQL,17,本,72.00,46.80,9781449371487,onsale
5373,Science fiction and computing,2,本,66.00,42.90,9780786445653,onsale
5374,Protocols for Authentication and Key Establishment,3,本,100.00,65.00,9783662581452,offsale
5375,Advances in Computer Graphics V,3,本,96.00,62.40,9783642613418,onsale
5376,Engineering reliable service oriented architecture,12,本,80.00,52.00,9781609604943,offsale
5377,Self-stabilizing systems,3,本,94.00,61.10,9783540454380,onsale
5378,STACS 2002,3,本,100.00,65.00,9783540458418,offsale
5379,Beginning ASP.NET 1.0 with C#,3,本,94.00,61.10,9781861007346,onsale
5380,LogiQL,3,本,98.00,63.70,9781322637754,onsale
5381,packetC Programming,6,本,88.00,57.20,9781430241591,onsale
5382,Linked Data in Linguistics,3,本,98.00,63.70,9783642282508,onsale
5383,AIME 89,8,本,111.00,72.15,9780387515434,onsale
5384,Grid computing,3,本,114.00,74.10,9780857296757,onsale
5385,Digital vertigo,3,本,102.00,66.30,9780312624989,onsale
5386,More process patterns,3,本,96.00,62.40,9780521652629,onsale
5387,Microsoft Windows PowerShell step by step,10,本,115.00,74.75,9780735623958,onsale
5388,Modeldriven Software Development With Uml And Java,6,本,102.00,66.30,9781844809523,onsale
5389,Java Hibernate cookbook,6,本,110.00,71.50,9781784398408,onsale
5390,Adaptive and natural computing algorithms,9,本,100.00,65.00,9783540716181,onsale
5391,Algorithms and Architectures for Parallel Processing,9,本,102.00,66.30,9783319038605,onsale
5392,Haptic rendering,3,本,104.00,67.60,9781568816470,onsale
5393,Neural Networks for Robotics,8,本,123.00,79.95,9780815378686,onsale
5394,Professional Windows PowerShell Programming,10,本,101.00,65.65,9780470173930,discontinued
5395,Computer Vision -- ACCV 2012,3,本,104.00,67.60,9783642374449,onsale
5396,Genetic programming,6,本,102.00,66.30,9783540365990,onsale
5397,Logic in Computer Science,3,本,88.00,57.20,9780521656023,onsale
5398,Guide to R for Social and Behavioral Science Statistics,11,本,82.00,53.30,9781544344027,discontinued
5399,Natural language processing and text mining,3,本,104.00,67.60,9781846281754,onsale
5400,Introductions to IjCSCL,3,本,108.00,70.20,9780557678228,onsale
5401,Computer Communications and Networks,10,本,105.00,68.25,9781461283058,onsale
5402,Testing and Reliable Design of CMOS Circuits,3,本,100.00,65.00,9781461288183,offsale
5403,Probabilistic Analysis of Algorithms,9,本,92.00,59.80,9781461248002,onsale
5404,Advances in High Performance Computing and Computational Sciences,3,本,98.00,63.70,9783642070396,onsale
5405,Hierarchical Modeling for VLSI Circuit Testing,3,本,94.00,61.10,9781461315285,onsale
5406,Empirical foundations of information and software science V,3,本,90.00,58.50,9780306437090,onsale
5407,From Grids To Service And Pervasive Computing,3,本,102.00,66.30,9781441934819,onsale
5408,Multithreaded computer architecture,10,本,123.00,79.95,9780792394778,onsale
5409,Konrad Zuse,3,本,96.00,62.40,9783790003178,onsale
5410,Introduction to Modern Fortran for the Earth System Sciences,6,本,92.00,59.80,9783642370090,discontinued
5411,Chemical Process Design and Simulation,3,本,90.00,58.50,9781119311447,onsale
5412,Digital Forensics and Cyber Crime,3,本,104.00,67.60,9783642398902,onsale
5413,Computer Security,3,本,120.00,78.00,9783319989884,onsale
5414,Computerbasierte Lernumgebungen zur Unterstützung selbstgesteuerter Lernprozesse,3,本,106.00,68.90,9783631518489,onsale
5415,Topics in Cryptology - CT-RSA 2010,3,本,94.00,61.10,9783642119262,onsale
5416,Object-Oriented Application Development Using the Caché Postrelational Database,5,本,106.00,68.90,9783642981050,onsale
5417,Scientific data management,5,本,112.00,72.80,9780367384760,onsale
5418,Artificial Intelligence in Accounting and Auditing,8,本,107.00,69.55,9780910129725,onsale
5419,Software engineering,7,本,97.00,63.05,9783642360534,onsale
5420,The PHP anthology,6,本,112.00,72.80,9780957921849,onsale
5421,Data modeling and database design,5,本,100.00,65.00,9781423900832,onsale
5422,Java 9 Data Structures and Algorithms,9,本,126.00,81.90,9781785889349,onsale
5423,Effective prototyping for software makers,3,本,104.00,67.60,9780120885688,onsale
5424,Ordered Sets,3,本,114.00,74.10,9789400977983,onsale
5425,Finite Automata and Application to Cryptography,3,本,104.00,67.60,9783642096907,onsale
5426,Data structures with STL,9,本,104.00,67.60,9780130289278,onsale
5427,Neural networks for control,8,本,103.00,66.95,9780262132619,onsale
5428,Microsoft Visual C♯ 2008 comprehensive,12,本,78.00,50.70,9780495806431,onsale
5429,An introduction to object-oriented programming and C++,6,本,84.00,54.60,9780201154139,onsale
5430,Learning Google Guice,17,本,74.00,48.10,9781783281893,onsale
5431,SPSS for Windows step by step,10,本,99.00,64.35,9780205480715,onsale
5432,Mr. Bunny's guide to ActiveX,3,本,90.00,58.50,9780201485363,onsale
5433,Fundamentals of Scientific Computing,3,本,108.00,70.20,9783642268649,onsale
5434,Algorithmen und Datenstrukturen,9,本,92.00,59.80,9783519122500,onsale
5435,Fuzzy engineering expert systems with neural network applications,8,本,107.00,69.55,9780471293316,onsale
5436,Intelligent Computing,3,本,104.00,67.60,9780819471529,onsale
5437,Object-oriented systems analysis and design,7,本,95.00,61.75,9780131354791,discontinued
5438,Making use of Ruby,6,本,94.00,61.10,9781280363139,onsale
5439,Connectionist models,3,本,94.00,61.10,9781483214481,onsale
5440,Object-oriented specification case studies,7,本,89.00,57.85,9780130970152,onsale
5441,HOOD reference manual 3.1,3,本,96.00,62.40,9782225828171,onsale
5442,Network and System Security,10,本,115.00,74.75,9783319462974,onsale
5443,Social Science Resources in the Electronic Age [Five Volumes],3,本,116.00,75.40,9781573565899,onsale
5444,Mobile cloud computing,3,本,90.00,58.50,9780429162404,onsale
5445,Speaking code,3,本,88.00,57.20,9780262305228,onsale
5446,Localist connectionist approaches to human cognition,3,本,88.00,57.20,9781138002753,onsale
5447,Building storage networks,10,本,89.00,57.85,9780072130720,onsale
5448,The Computing Universe: A Journey through a Revolution,3,本,88.00,57.20,9780521150187,onsale
5449,Software Reliability Methods (Texts in Computer Science),3,本,102.00,66.30,9780387951065,onsale
5450,The Visual Display of Quantitative Information,3,本,100.00,65.00,9780961392147,offsale
5451,Stochastic Algorithms: Foundations and Applications,9,本,92.00,59.80,9783540322450,onsale
5452,Starting Out with Java,6,本,94.00,61.10,9780321491763,onsale
5453,Social Network Analysis,10,本,107.00,69.55,9781446259450,onsale
5454,Numbers and computers,3,本,96.00,62.40,9783031674815,onsale
5455,Advancements in Instrumentation and Control in Applied System Applications,3,本,114.00,74.10,9781799825852,onsale
5456,Geo-Spatial Knowledge and Intelligence,3,本,106.00,68.90,9789811039683,onsale
5457,Expert Systems and Geographic Information Systems for Impact Assessment,8,本,115.00,74.75,9781134398294,onsale
5458,Artificial Intelligence and Natural Language,8,本,136.00,88.40,9783030012038,offsale
5459,Computational Methods In Catalysis And Materials Science,3,本,106.00,68.90,9783527802678,onsale
5460,Practical data structures in C++,9,本,110.00,71.50,9780471558637,onsale
5461,Data Warehousing and Knowledge Discovery,3,本,92.00,59.80,9783642037306,discontinued
5462,Web application design handbook,3,本,98.00,63.70,9781558607521,onsale
5463,Wiki government,3,本,100.00,65.00,9780815702757,offsale
5464,Computing handbook,3,本,116.00,75.40,9781439898529,onsale
5465,Beginning regular expressions,3,本,110.00,71.50,9780764595745,onsale
5466,Memory dump analysis anthology,3,本,90.00,58.50,9781908043511,onsale
5467,Taking Your Android Tablets to the Max,3,本,86.00,55.90,9781430236900,onsale
5468,Recent Trends in Algebraic Development Techniques,11,本,80.00,52.00,9783319281131,onsale
5469,Genetic Programming Theory And Practice V,6,本,100.00,65.00,9780387763071,offsale
5470,STACS 2001,3,本,96.00,62.40,9783540416951,onsale
5471,STACS 99,3,本,100.00,65.00,9783540656913,offsale
5472,Building an intelligent Web,3,本,98.00,63.70,9780763741372,onsale
5473,Predicate transformer semantics,3,本,86.00,55.90,9780521420365,onsale
5474,Harddisk smarts,3,本,104.00,67.60,9780471638476,onsale
5475,Natural Computing in Computational Finance,13,本,75.00,48.75,9783642139505,onsale
5476,"Proceedings, 1997 IEEE Multi-Chip Module Conference",12,本,94.00,61.10,9780818677892,onsale
5477,Intelligent mathematical software systems,8,本,123.00,79.95,9780444886828,onsale
5478,MS-DOS batch files,3,本,92.00,59.80,9781556152351,discontinued
5479,Proving programs correct,3,本,90.00,58.50,9780471033950,onsale
5480,Principles of data structures and algorithms with Pascal,9,本,100.00,65.00,9780697001238,onsale
5481,Programming with data structures,9,本,106.00,68.90,9780137292387,offsale
5482,Oracle core,5,本,102.00,66.30,9781430239543,discontinued
5483,Learn Unity for Android Game Development,3,本,98.00,63.70,9781484227039,onsale
5484,Beginning Java Data Structures and Algorithms: Sharpen your problem solving skills by learning core computer science concepts in a pain-free manner,9,本,120.00,78.00,9781789537178,onsale
5485,The standard data encryption algorithm,9,本,100.00,65.00,9780894330162,onsale
5486,Object-oriented graphics,7,本,113.00,73.45,9780387528595,onsale
5487,First Course,3,本,108.00,70.20,9780595318964,onsale
5488,Algorithms on Strings,9,本,112.00,72.80,9780521848992,onsale
5489,Linux Allinone For Dummies,10,本,111.00,72.15,9781118844359,onsale
5490,Programming language pragmatics,6,本,94.00,61.10,9780123745149,onsale
5491,Pure Corba,3,本,84.00,54.60,9780132714341,onsale
5492,Information assurance,3,本,110.00,71.50,9781846282669,onsale
5493,Mastering Windows PowerShell scripting,10,本,111.00,72.15,9781782173564,onsale
5494,Information security and employee behaviour,3,本,82.00,53.30,9781000417326,onsale
5495,Qualitative computing,3,本,102.00,66.30,9781859725610,onsale
5496,Virtually human,3,本,90.00,58.50,9781250046635,onsale
5497,Learn Objective-C for Java developers,6,本,82.00,53.30,9781430223702,onsale
5498,Programming with constraints,6,本,88.00,57.20,9780262133418,onsale
5499,VisualAge for Smalltalk and SOMobjects,3,本,88.00,57.20,9780135708132,onsale
5500,A practical guide to SysML,3,本,94.00,61.10,9780123852069,onsale
5501,Virus,3,本,84.00,54.60,9780312960032,onsale
5502,"Models, Algorithms and Technologies for Network Analysis",9,本,102.00,66.30,9783319343525,onsale
5503,Digital Forensics and Watermarking,3,本,100.00,65.00,9783642400995,offsale
5504,Digital Theology,3,本,104.00,67.60,9781839825361,onsale
5505,"Proceedings of the International Conference on Computing, Mathematics and Statistics",11,本,86.00,55.90,9789811027703,onsale
5506,VDM '91,3,本,100.00,65.00,9780387548340,offsale
5507,The Holy Grail of Network Storage Management,10,本,111.00,72.15,9780131489684,onsale
5508,TREAT,3,本,114.00,74.10,9781483258898,onsale
5509,Natural Language Processing in Artificial Intelligence,8,本,95.00,61.75,9781000711509,onsale
5510,Adobe Illustrator CC on Demand,3,本,110.00,71.50,9780789751645,onsale
5511,Patterns of data modeling,3,本,110.00,71.50,9781439819890,onsale
5512,Queuing Theory and Telecommunications,3,本,92.00,59.80,9781461440833,discontinued
5513,Handbook of Biometrics,3,本,90.00,58.50,9780387710402,onsale
5514,"Computers, tools for today",3,本,94.00,61.10,9780314911773,onsale
5515,In-depth analysis of linear programming,6,本,104.00,67.60,9789048158515,onsale
5516,Fun with Algorithms,9,本,102.00,66.30,9783540729143,onsale
5517,Selected areas in cryptography,3,本,92.00,59.80,9783540246541,discontinued
5518,Information Security Applications,3,本,102.00,66.30,9783642108389,onsale
5519,Theoretical aspects of computer science,3,本,106.00,68.90,9783540458784,onsale
5520,Privacy Technologies and Policy,3,本,98.00,63.70,9783642540691,onsale
5521,Real-Time Expert Systems Computer Architecture,8,本,97.00,63.05,9781351101554,onsale
5522,Practical aspects of declarative languages,3,本,100.00,65.00,9783662186343,offsale
5523,NuMega's practical guide to debugging 32-bit Windows applications,10,本,115.00,74.75,9781568848341,onsale
5524,Discrete computational structures,3,本,86.00,55.90,9780124208605,onsale
5525,Identifying and restoring antique furniture,3,本,102.00,66.30,9780835930277,onsale
5526,UML 2 Semantics and Applications,3,本,88.00,57.20,9780470522622,onsale
5527,A primer on scientific programming with Python,6,本,90.00,58.50,9783642024740,onsale
5528,Agents and Data Mining Interaction,8,本,121.00,78.65,9783642362897,onsale
5529,Essential Delphi 2.0 fast,3,本,100.00,65.00,9783540760269,offsale
5530,Fundamentals of computer numerical analysis,3,本,110.00,71.50,9780849386374,onsale
5531,Agile Processes in Software Engineering and Extreme Programming,6,本,104.00,67.60,9783319576336,onsale
5532,"New Perspectives Computer Concepts 2016 Enhanced, Introductory",17,本,62.00,40.30,9781305656291,onsale
5533,Video compression handbook,3,本,94.00,61.10,9780134866215,onsale
5534,Computational Sciences,3,本,98.00,63.70,9783110465488,onsale
5535,Machine Learning,8,本,95.00,61.75,9780412305801,onsale
5536,Spoken natural language dialog systems,3,本,106.00,68.90,9780195091878,onsale
5537,"A Lexicon of psychology, psychiatry, and psychoanalysis",16,本,72.00,46.80,9781317387176,onsale
5538,Practical Approach for Machine Learning and Deep Learning Algorithms,8,本,111.00,72.15,9789388511131,onsale
5539,A Programmer's Introduction to C#,3,本,92.00,59.80,9781430253457,discontinued
5540,Design problem solving,3,本,106.00,68.90,9781483258881,onsale
5541,DBASE IV TM,3,本,94.00,61.10,9783322854810,onsale
5542,Engineering Applications of Neural Networks,8,本,101.00,65.65,9783030202569,onsale
5543,Large-Scale Networks in Engineering and Life Sciences,10,本,109.00,70.85,9783319084374,offsale
5544,IIS 6 administration,3,本,96.00,62.40,9780072194852,onsale
5545,C++ network programming,10,本,105.00,68.25,9780201795257,onsale
5546,PHP object-oriented solutions,6,本,121.00,78.65,9781430210115,onsale
5547,Computerization and Controversy,3,本,84.00,54.60,9780124150409,onsale
5548,Fuzzy Logic and Expert Systems Applications (Neural Network Systems Techniques and Applications),8,本,113.00,73.45,9780124438668,offsale
5549,Practical OCaml,3,本,98.00,63.70,9781590596203,onsale
5550,The Influence of Technology on Social Network Analysis and Mining,10,本,107.00,69.55,9783709117057,onsale
5551,Formal methods for components and objects,3,本,80.00,52.00,9783540203032,onsale
5552,Compressed Data Structures for Strings,9,本,106.00,68.90,9789462390324,offsale
5553,Tools for High Performance Computing 2012,3,本,102.00,66.30,9783662513279,onsale
5554,Graph Theoretic Concepts in Computer Science,3,本,88.00,57.20,9783030307851,onsale
5555,The Bulgarian Language In The Digital Age Blgarskijat Ezik V Digitalnata Epoha,3,本,100.00,65.00,9783642301698,offsale
5556,"Evolutionary and Biologically Inspired Music, Sound, Art and Design",3,本,98.00,63.70,9783662443354,onsale
5557,Combinatorial Materials Science,3,本,123.00,79.95,9781281002204,offsale
5558,Proceedings of the 1993 Connectionist Models Summer School,3,本,100.00,65.00,9781317780519,offsale
5559,The complete IS-IS routing protocol,3,本,94.00,61.10,9781846281051,onsale
5560,Visual Basic .NET all-in-one desk reference for dummies,3,本,110.00,71.50,9780764525797,onsale
5561,Naked objects,3,本,92.00,59.80,9780470844205,discontinued
5562,Straley's guide to programming with CA-realizer,6,本,86.00,55.90,9780201409444,onsale
5563,Introducing Elixir: Getting Started in Functional Programming,6,本,116.00,75.40,9781491956779,onsale
5564,Intelligent Information Processing,3,本,96.00,62.40,9783642163265,onsale
5565,"Natural Language Processing with Java: Techniques for building machine learning and neural network models for NLP, 2nd Edition",8,本,133.00,86.45,9781788993494,onsale
5566,Optical WDM networks,10,本,109.00,70.85,9780387290553,offsale
5567,Computational Exome and Genome Analysis,3,本,120.00,78.00,9781498775984,onsale
5568,Statistical Atlases and Computational Models of the Heart. Imaging and Modelling Challenges,3,本,106.00,68.90,9783642542688,onsale
5569,Embedded Java security,6,本,114.00,74.10,9781849966238,onsale
5570,Smart card application development using Java,6,本,110.00,71.50,9783642559693,onsale
5571,CORBA design patterns,3,本,94.00,61.10,9780471158820,onsale
5572,Java software solutions,6,本,106.00,68.90,9780133594959,onsale
5573,Object-oriented programming for Windows,10,本,103.00,66.95,9780471527541,onsale
5574,Microsoft Visual C 2013 Step By Step,3,本,104.00,67.60,9780735681835,onsale
5575,Memory management for dummies,13,本,89.00,57.85,9781568843629,onsale
5576,Starting out with Java,6,本,92.00,59.80,9780132164764,discontinued
5577,Starting Out with Java: Early Objects (5th Edition),6,本,100.00,65.00,9780133776744,offsale
5578,"Cryptography and Network Security : Principles and Practice, International Edition",10,本,115.00,74.75,9780273793359,onsale
5579,Data structures for personal computers,9,本,96.00,62.40,9780131962217,onsale
5580,Java for Computer Information Systems,6,本,84.00,54.60,9780130108067,onsale
5581,Theoretische Informatik - kurz gefasst (German Edition),3,本,98.00,63.70,9783827418241,onsale
5582,AP* computer science,3,本,84.00,54.60,9780132133517,onsale
5583,The Definitive Guide to SQLite,3,本,82.00,53.30,9781430232261,onsale
5584,Experts in organizations,3,本,96.00,62.40,9783110884517,onsale
5585,Uncertain Fuzzy Preference Relations and Their Applications,3,本,108.00,70.20,9783642284489,onsale
5586,UML toolkit,3,本,90.00,58.50,9780471191612,onsale
5587,Efficient parsing for natural language,3,本,104.00,67.60,9781441951984,onsale
5588,Mobile Context Awareness,3,本,104.00,67.60,9780857296252,onsale
5589,Large-scale scientific computing,3,本,104.00,67.60,9783030975487,onsale
5590,Numerical Analysis of Multiscale Computations,3,本,104.00,67.60,9783642269707,onsale
5591,"Physical Perspectives on Computation, Computational Perspectives on Physics",12,本,90.00,58.50,9781316767399,onsale
5592,Practical Text Mining with Perl,6,本,82.00,53.30,9781118210505,onsale
5593,Wireless communications systems and networks,10,本,115.00,74.75,9781475787504,onsale
5594,Foundations of Software Technology and Theoretical Computer Science,12,本,84.00,54.60,9783540171799,onsale
5595,Data Structures and Algorithms Using Visual Basic.NET,9,本,88.00,57.20,9780511547010,onsale
5596,Ad Hoc Networks,10,本,107.00,69.55,9783030058876,onsale
5597,Automatic verification of sequential infinite-state processes,3,本,106.00,68.90,9783540696780,onsale
5598,Oracle Database 11g R2,5,本,114.00,74.10,9781936930159,onsale
5599,"Dynamic Resource Allocation in Embedded, High-Performance and Cloud Computing",3,本,100.00,65.00,9781003337997,offsale
5600,Numerical Methods and Applications Lecture Notes in Computer Science,3,本,106.00,68.90,9783642184659,onsale
5601,Human-Centered Software Engineering,7,本,101.00,65.65,9783662448106,onsale
5602,Using Microsoft Dynamics AX 2012,3,本,98.00,63.70,9783834821911,onsale
5603,Twitterbots,3,本,92.00,59.80,9780262346443,discontinued
5604,Corporate fraud,3,本,98.00,63.70,9781351948531,onsale
5605,Biomedical signal and image processing,15,本,94.00,61.10,9780849320996,onsale
5606,Performance tuning of scientific applications,3,本,96.00,62.40,9780429149900,onsale
5607,Object-oriented environment in C [plus plus],7,本,109.00,70.85,9781558280397,onsale
5608,Text Databases and Document Management,5,本,112.00,72.80,9780585385730,onsale
5609,PasRo,3,本,98.00,63.70,9783540180937,onsale
5610,Foundations of Computational Mathematics,11,本,100.00,65.00,9781281929884,onsale
5611,Intelligent Systems Design and Applications,3,本,96.00,62.40,9783030166595,onsale
5612,Professional Multicore Programming,6,本,102.00,66.30,9780470417669,onsale
5613,Operational Risk Management,13,本,81.00,52.65,9781119956723,onsale
5614,"Foundations of Computational Mathematics, Santander 2005",11,本,78.00,50.70,9780511721571,onsale
5615,Les fichiers,3,本,80.00,52.00,9782040050290,onsale
5616,The Logic of Typed Feature Structures,3,本,96.00,62.40,9780511881176,onsale
5617,Parallel computing and transputer applications,3,本,112.00,72.80,9788487867132,onsale
5618,The Languages Of Western Tonality,3,本,114.00,74.10,9783642395888,onsale
5619,Intelligent systems,3,本,100.00,65.00,9783642634383,offsale
5620,Average Case Analysis of Algorithms on Sequences,9,本,86.00,55.90,9781118031025,onsale
5621,Composition of Secure Multi-Party Protocols,3,本,80.00,52.00,9783540201052,onsale
5622,SanFrancisco design patterns,3,本,88.00,57.20,9780201616446,onsale
5623,Managing the human side of information technology,12,本,78.00,50.70,9781930708327,onsale
5624,Adobe Acrobat DC Classroom in a Book,17,本,66.00,42.90,9780135495780,offsale
5625,Artificial intelligence,8,本,111.00,72.15,9781608702817,onsale
5626,Artificial Intelligence Studies in Cognitive Systems V 4,8,本,113.00,73.45,9780792305484,offsale
5627,Patent Law for Computer Scientists,14,本,71.00,46.15,9783642426292,onsale
5628,Complete Computer Science for Cambridge IGCSE® and O Level,3,本,104.00,67.60,9780198367246,onsale
5629,Bioinformatics and RNA,3,本,88.00,57.20,9781000428384,onsale
5630,High Performance Computing on Vector Systems 2011,3,本,96.00,62.40,9783662508107,onsale
5631,Speech and Computer,3,本,90.00,58.50,9783319019321,onsale
5632,Search Engine Optimization and Marketing,13,本,85.00,55.25,9780429298509,onsale
5633,Artificial intelligence and the design of expert systems,8,本,107.00,69.55,9780805301397,onsale
5634,The time hackers,3,本,108.00,70.20,9780385908962,onsale
5635,Web Development with Clojure,7,本,113.00,73.45,9781937785642,onsale
5636,Computational statistics handbook with MATLAB,11,本,94.00,61.10,9781466592742,onsale
5637,Mining the Social Web,3,本,110.00,71.50,9781449388348,onsale
5638,Learning Visual Basic .NET,17,本,78.00,50.70,9780596516994,onsale
5639,Apache Wicket cookbook,3,本,98.00,63.70,9781849511605,onsale
5640,Graphics & visualization,3,本,108.00,70.20,9781568812748,onsale
5641,Guide to Understanding and Building Artificial Neural Networks in Python,8,本,115.00,74.75,9781119766841,onsale
5642,Security Solutions and Applied Cryptography in Smart Grid Communications,3,本,102.00,66.30,9781522549079,onsale
5643,"Shared-Memory Parallelism Can Be Simple, Fast, and Scalable",3,本,96.00,62.40,9781970001884,onsale
5644,Aspect-Oriented Security Hardening of UML Design Models,3,本,88.00,57.20,9783319161051,onsale
5645,Living Clojure,3,本,108.00,70.20,9781491909287,onsale
5646,Ad Hoc Networks,10,本,105.00,68.25,9783319133294,onsale
5647,Information and Software Technologies,3,本,106.00,68.90,9783319676418,onsale
5648,Claudio Moraga,3,本,104.00,67.60,9783319483177,onsale
5649,Data Structures and Algorithms in C++,9,本,112.00,72.80,9781683920847,onsale
5650,Intelligent Virtual Agents,3,本,92.00,59.80,9783319674001,discontinued
5651,Patterns for performance and operability,3,本,88.00,57.20,9781420053357,onsale
5652,Imprecise and approximate computation,3,本,102.00,66.30,9781475770094,onsale
5653,"Computation, Cryptography, and Network Security",10,本,105.00,68.25,9783319372631,onsale
5654,Numerical Methods for Grid Equations,3,本,108.00,70.20,9783034899239,onsale
5655,Professional UML Using Visual Studio .Net,3,本,100.00,65.00,9780470327487,offsale
5656,Proceedings of the 2007 International Nooj Conference,3,本,88.00,57.20,9781443800532,onsale
5657,Brain-inspired information technology,12,本,76.00,49.40,9783642265136,onsale
5658,Towards Sustainable Society on Ubiquitous Networks,10,本,105.00,68.25,9781441946720,onsale
5659,"Auctions, Market Mechanisms and Their Applications",14,本,69.00,44.85,9783642309137,onsale
5660,Parallelism and programming in classifier systems,6,本,88.00,57.20,9780080513553,onsale
5661,Genetic programming,6,本,110.00,71.50,9783920993584,onsale
5662,Vth Brazilian Symposium on Neural Networks,8,本,107.00,69.55,9780818646300,onsale
5663,The Essence of COM and ActiveX,3,本,104.00,67.60,9780130799890,onsale
5664,A dictionary of information technology and computer science,12,本,78.00,50.70,9781855543270,onsale
5665,Rekursiv,3,本,102.00,66.30,9780137719655,onsale
5666,Structuring data with Pascal,6,本,84.00,54.60,9780138530600,onsale
5667,Discrete neural computation,8,本,97.00,63.05,9780133007084,onsale
5668,ASN.1 Communication between Heterogeneous Systems,12,本,82.00,53.30,9780080499482,onsale
5669,The computational complexity of equivalence and isomorphism problems,9,本,90.00,58.50,9783540410324,onsale
5670,Challenges for Action Theories,3,本,106.00,68.90,9783540455967,onsale
5671,Metainformatics,3,本,98.00,63.70,9783540448723,onsale
5672,LATIN 2002: Theoretical Informatics,3,本,110.00,71.50,9783540459958,onsale
5673,Computer Science Research Trends,3,本,88.00,57.20,9781600215186,onsale
5674,Computer Science,17,本,74.00,48.10,9781471863578,onsale
5675,Coupled Cluster Theory,3,本,84.00,54.60,9781420084511,onsale
5676,Dynamics of Networks,10,本,117.00,76.05,9781466593916,onsale
5677,Reversible Computation,3,本,92.00,59.80,9783319208602,discontinued
5678,Modeling and Verification Using UML Statecharts,12,本,72.00,46.80,9781493303182,discontinued
5679,Grammars and Automata for String Processing,3,本,102.00,66.30,9780367446833,onsale
5680,Relaxed Abduction,3,本,100.00,65.00,9783658144074,offsale
5681,Current Trends in&nbsp;Computer Science and&nbsp;Mechanical Automation Vol. 2 Vol. 2,3,本,106.00,68.90,9783110584998,onsale
5682,Computer science -- theory and applications,3,本,96.00,62.40,9783540341666,onsale
5683,Fundamentals of Computation Theory,3,本,108.00,70.20,9783540446699,onsale
5684,Advanced Materials and Computer Science II,3,本,86.00,55.90,9783038260042,onsale
5685,Theoretical computer science,3,本,84.00,54.60,9783540140153,onsale
5686,Computer Mathematics,11,本,104.00,67.60,9781281947987,onsale
5687,Graph Theory and Additive Combinatorics,9,本,98.00,63.70,9781009310956,discontinued
5688,Earth Observation Data Analytics Using Machine and Deep Learning,8,本,119.00,77.35,9781839536175,onsale
5689,AI for Defense and Intelligence,8,本,121.00,78.65,9798218351489,onsale
5690,Artificial Intelligence and You,8,本,131.00,85.15,9780967987446,onsale
5691,Introduction to Online Computation,3,本,102.00,66.30,9783319427492,onsale
5692,Advances in Computer Science and Its Applications,3,本,100.00,65.00,9783662524671,offsale
5693,UML Software Design with Visual Studio 2010,7,本,105.00,68.25,9781440490859,onsale
5694,Cybersecurity,3,本,112.00,72.80,9781956768183,onsale
5695,Criminalità Informatica,3,本,120.00,78.00,9781790879885,onsale
5696,2023 Wolfram Summer School Proceedings,3,本,106.00,68.90,9781944183981,onsale
5697,Artificial Intelligence Revolution,8,本,119.00,77.35,9798890480019,onsale
5698,"Hi, AI! How Human Ingenuity and Artificial Intelligence Are Transforming the Marketing Universe",8,本,125.00,81.25,9781964209869,onsale
5699,Computing Methods in Applied Sciences and Engineering,12,本,78.00,50.70,9783540079903,onsale
5700,High-Level Models of Unconventional Computations,3,本,106.00,68.90,9783319917726,onsale
5701,Colored Discrete Spaces,3,本,100.00,65.00,9783319960227,offsale
5702,A Systolic Array Optimizing Compiler,7,本,89.00,57.85,9781461317050,onsale
5703,Testing and Diagnosis of Analog Circuits and Systems,3,本,106.00,68.90,9781461597483,onsale
5704,Reliable Face Recognition Methods,3,本,102.00,66.30,9780387384641,onsale
5705,Blockchain Technology and Applications II,12,本,80.00,52.00,9781536179316,offsale
5706,Linking Game-Theoretical Approaches with Constructive Type Theory,3,本,94.00,61.10,9783319190631,onsale
5707,Analysis for Computer Scientists,3,本,94.00,61.10,9783319911540,onsale
5708,Big Visual Data Analysis,3,本,96.00,62.40,9789811006319,onsale
5709,The Foundations of Computability Theory,3,本,104.00,67.60,9783662448076,onsale
5710,UML Weekend Crash Course,3,本,100.00,65.00,9781118079492,offsale
5711,MyLab IT with Pearson eText -- Access Card -- for Skills 2016 with Visualizing Technology,12,本,72.00,46.80,9780134544625,discontinued
5712,A Journey Through Discrete Mathematics,9,本,108.00,70.20,9783319830629,onsale
5713,Theory of Reversible Computing,3,本,96.00,62.40,9784431568322,onsale
5714,Computer Science -- Theory and Applications,3,本,102.00,66.30,9783319202969,onsale
5715,Data Integration in the Life Sciences,3,本,98.00,63.70,9783319218427,onsale
5716,Separated Representations and PGD-Based Model Reduction,3,本,100.00,65.00,9783709117941,offsale
5717,Geomorphic Reclamation Design,3,本,108.00,70.20,9798992158007,onsale
5718,Mathematics for data processing,11,本,96.00,62.40,9780697067661,onsale
5719,Diskretnai︠a︡ matematika,3,本,90.00,58.50,9785861341400,onsale
5720,Computing the future,3,本,92.00,59.80,9780585120706,discontinued
5721,LATIN '95,3,本,104.00,67.60,9783540591757,onsale
5722,International e-Conference on Computer Science 2006,3,本,96.00,62.40,9789004155923,onsale
5723,Introduction to Geospatial Thinking and Open Source GIS,3,本,98.00,63.70,9781941823354,onsale
5724,Wolfram Summer School Research Reports 2024,3,本,92.00,59.80,9781579551100,discontinued
5725,Mathematics,11,本,82.00,53.30,9780923231095,discontinued
5726,STACS 92,3,本,90.00,58.50,9780387552101,onsale
5727,STACS 98,3,本,90.00,58.50,9783540642305,onsale
5728,"Computer Science Conference, 1980, February 12-14 and SIGCSE Symposium, 1980, February 14-15",3,本,94.00,61.10,9780897910101,onsale
5729,Fundamentals - foundations of computer science,14,本,71.00,46.15,9783854031178,onsale
5730,STACS 95,3,本,92.00,59.80,9783540590422,discontinued
5731,Enabling technologies for computational science,3,本,112.00,72.80,9780792378099,onsale
5732,STACS 93,3,本,98.00,63.70,9780387565033,onsale
5733,The Pi-Calculus,11,本,86.00,55.90,9780521543279,onsale
5734,"Sixth Italian Conference on Theoretical Computer Science, Prato, Italy, November 9-11, 1998",3,本,104.00,67.60,9789810236557,onsale
5735,STACS 90,3,本,98.00,63.70,9783540522829,onsale
5736,STACS 2007,6,本,98.00,63.70,9783540709183,onsale
5737,Millennial perspectives in computer science,3,本,92.00,59.80,9780333922309,discontinued
5738,Conference on System Theoretical Aspects in Computer Science,11,本,88.00,57.20,9789630151726,onsale
5739,Discrete structures,3,本,94.00,61.10,9780156015783,onsale
5740,1991 ACM Computer Science Conference,3,本,114.00,74.10,9780897913829,onsale
5741,Wissenschaftliches Rechnen Eine Einfuehrung in Das Scientific Computing,3,本,94.00,61.10,9783055016943,onsale
5742,Innovation in Design Communication and Engineering,12,本,74.00,48.10,9781138027527,onsale
5743,Advances in neural networks -- ISNN 2007,8,本,111.00,72.15,9783540723943,onsale
5744,Languages and Compilers for Parallel Computing,7,本,105.00,68.25,9783540357674,onsale
5745,Multilevel Modeling Using R,3,本,84.00,54.60,9781351062251,onsale
5746,The Definitive Guide to iReport (Expert's Voice),3,本,106.00,68.90,9781590599280,onsale
5747,Oracle database 12c Oracle RMAN backup and recovery,5,本,110.00,71.50,9780071847438,offsale
5748,Discrete-Event System Simulation,3,本,86.00,55.90,9780132182317,onsale
5749,Objects for OS/2,3,本,90.00,58.50,9780471131267,onsale
5750,Calculus Problem Solutions with Matlab,11,本,80.00,52.00,9783110663624,onsale
5751,"Computers in Art, Design and Animation",3,本,96.00,62.40,9781461245384,onsale
5752,State-of-the-art in Computer Animation,3,本,104.00,67.60,9784431682936,onsale
5753,Illumination and Color in Computer Generated Imagery,3,本,88.00,57.20,9781461281412,onsale
5754,Image Synthesis,3,本,100.00,65.00,9784431680628,offsale
5755,Signals and Systems,3,本,102.00,66.30,9780471988007,onsale
5756,Careers in E-Commerce Security and Encryption (Library of E-Commerce and Internet Careers),13,本,69.00,44.85,9780823934201,onsale
5757,Terrorism Online,3,本,90.00,58.50,9781317908012,onsale
5758,Formal Grammar,3,本,116.00,75.40,9783642399985,onsale
5759,After the flare,3,本,100.00,65.00,9781944700188,offsale
5760,High-Performance Scientific Computing,3,本,96.00,62.40,9781447124375,onsale
5761,Schrödinger's killer app,3,本,100.00,65.00,9781299710436,offsale
5762,Fundamentals of Computer Science using Java,6,本,98.00,63.70,9780763717612,onsale
5763,The revolutions of scientific structure,3,本,106.00,68.90,9789814616256,onsale
5764,"Advanced Research on Electronic Commerce, Web Application, and Communication",13,本,77.00,50.05,9783642203695,onsale
5765,Computer mathematics,11,本,92.00,59.80,9783540878261,onsale
5766,Mining graph data,14,本,65.00,42.25,9780470073049,discontinued
5767,Handbook of natural language processing,3,本,90.00,58.50,9781420085921,onsale
5768,Object lifecycles,3,本,92.00,59.80,9780136299400,discontinued
5769,Analysing systems,3,本,80.00,52.00,9780133014334,onsale
5770,Object-based concurrent computing,3,本,98.00,63.70,9783540556138,onsale
5771,Advances in self-organising maps,3,本,90.00,58.50,9781852335113,onsale
5772,Problem Solving Methods,3,本,106.00,68.90,9783540678168,onsale
5773,Researching Information Systems and Computing,3,本,86.00,55.90,9781412902243,onsale
5774,Cloud Computing Patterns,3,本,98.00,63.70,9783709119532,onsale
5775,Efficient Algorithms for Global Optimization Methods in Computer Vision,9,本,108.00,70.20,9783642547751,onsale
5776,Semantic models for multimedia database searching and browsing,5,本,116.00,75.40,9781475773644,onsale
5777,Economics of Information Security and Privacy III,13,本,79.00,51.35,9781493900367,offsale
5778,Foundations of Computational Linguistics,3,本,92.00,59.80,9783662043370,discontinued
5779,al-Barmajah wa-maṣādir al-maʻlūmāt,3,本,114.00,74.10,9789960194936,onsale
5780,Perspectives on Culture and Agent-based Simulations,3,本,100.00,65.00,9783319019529,offsale
5781,Computer Science and Engineering Technology (Cset 2015) and Medical Science and Biological Engineering (Msbe 2015) - Proceedings of the 2015 International Conference on Cset and Msbe,12,本,76.00,49.40,9789814651004,onsale
5782,Physical Computation,3,本,114.00,74.10,9780199658855,onsale
5783,6th IEEE/ACIS International Conference on Computer and Information Science,14,本,73.00,47.45,9780769528410,offsale
5784,Virtual worlds of precision,3,本,114.00,74.10,9783825867737,onsale
5785,"Computation, information, cognition",3,本,98.00,63.70,9781847180902,onsale
5786,High Performance Computing,3,本,88.00,57.20,9783030680343,onsale
5787,Social Signal Processing,3,本,92.00,59.80,9781316676202,discontinued
5788,Artificial intelligence today,8,本,113.00,73.45,9783540664284,offsale
5789,Object-oriented Information Systems Analysis and Design Using UML,7,本,107.00,69.55,9780077094973,onsale
5790,Towards Smart World,3,本,90.00,58.50,9781000284935,onsale
5791,Component-Based Systems,3,本,82.00,53.30,9781000209228,onsale
5792,Systems and Frameworks for Computational Morphology,3,本,104.00,67.60,9783319239781,onsale
5793,Modern industrial automation software design,7,本,109.00,70.85,9780471776277,onsale
5794,Modelling Computer Systems The Mathematics Of Computer Science,10,本,101.00,65.65,9781848003217,discontinued
5795,Algorithms and complexity,9,本,102.00,66.30,9783540465218,onsale
5796,Neural networks and computing,8,本,121.00,78.65,9781860947582,onsale
5797,VMware VSphere Essentials,3,本,110.00,71.50,9781784398750,onsale
5798,Logic,3,本,82.00,53.30,9780201565140,onsale
5799,Practical Propensity Score Methods Using R,3,本,102.00,66.30,9781483313399,onsale
5800,Mathematics of Fuzzy Sets and Fuzzy Logic,11,本,78.00,50.70,9783642433023,onsale
5801,Microsoft Visual C♯ 2008,12,本,72.00,46.80,9781423902553,discontinued
5802,Microarray Image and Data Analysis,3,本,96.00,62.40,9781315215785,onsale
5803,Finite Element Modeling and Simulation with Ansys Workbench,3,本,98.00,63.70,9781482253726,onsale
5804,"Mathematical Principles of the Internet, Two Volume Set",3,本,92.00,59.80,9781351379212,discontinued
5805,Computer Science in Industrial Application,3,本,96.00,62.40,9780429226175,onsale
5806,Open VMS alpha internals and data structures,9,本,92.00,59.80,9780080513119,onsale
5807,Human-Computer Interaction -- INTERACT 2013,3,本,96.00,62.40,9783642404771,onsale
5808,Computers in science,3,本,92.00,59.80,9780521278072,discontinued
5809,Communications and Networking,10,本,107.00,69.55,9781447143574,onsale
5810,Reliable and autonomous computational science,3,本,96.00,62.40,9781283074742,onsale
5811,Programming many-core chips,6,本,112.00,72.80,9781441997388,onsale
5812,Deterministic Global Optimization,3,本,96.00,62.40,9781461419525,onsale
5813,Algorithms - ESA 2000,9,本,104.00,67.60,9783540452539,onsale
5814,Fundamentals of computation theory,3,本,96.00,62.40,9783540633860,onsale
5815,Programming Logics,6,本,104.00,67.60,9783642376528,onsale
5816,Authentic Assessment in Social Studies,3,本,98.00,63.70,9780367203658,onsale
5817,SimNet XPert Release 4 WebCT Edition Office Suite Plus,12,本,80.00,52.00,9780072256857,offsale
5818,SimNet XPert Release 4 WebCT Edition Office Suite,12,本,76.00,49.40,9780072256727,onsale
5819,SimNet XPert Release 4 WebCT Edition One Module,12,本,76.00,49.40,9780072256871,onsale
5820,Computing Today w/ Student CD & SimNet Concepts,12,本,76.00,49.40,9780072254648,onsale
5821,SimNet XPert Release 4 WebCT Edition Two Modules,12,本,78.00,50.70,9780072256864,onsale
5822,Topics in Cryptology -- CT-RSA 2006,3,本,84.00,54.60,9783540310334,onsale
5823,Topics in Cryptology -- CT-RSA 2005,3,本,94.00,61.10,9783540807063,onsale
5824,Advances in Cryptology - EUROCRYPT 2005,3,本,90.00,58.50,9783540320555,onsale
5825,High Performance Computing and Applications,3,本,96.00,62.40,9783642118418,onsale
5826,Learning Ruby (Learning),6,本,104.00,67.60,9780596516086,onsale
5827,BUNDLE,3,本,86.00,55.90,9781452241234,onsale
5828,Computer and Computing Technologies in Agriculture VII,3,本,90.00,58.50,9783662515013,onsale
5829,Personal computer file compression,3,本,92.00,59.80,9780442017736,discontinued
5830,"Coloured Petri Nets, Vol. 3",3,本,104.00,67.60,9783540628675,onsale
5831,Oracle Data Integrator 11g Cookbook,5,本,118.00,76.70,9781849681742,onsale
5832,Advanced Real-Time Manipulation of Video Streams,3,本,110.00,71.50,9783658058098,onsale
5833,Fundamentals of Computation Theory,3,本,90.00,58.50,9783642401633,onsale
5834,Automated Validation & Verification of UML/OCL Models Using Satisfiability Solvers,3,本,104.00,67.60,9783319892146,onsale
5835,Practical Forensic Imaging,3,本,98.00,63.70,9781593278014,onsale
5836,Advances in Visual Information Systems,3,本,82.00,53.30,9783540400530,onsale
5837,Process Quality Assurance for UML-Based Projects,3,本,88.00,57.20,9780201758214,onsale
5838,TensorFlow Reinforcement Learning Quick Start Guide,17,本,76.00,49.40,9781789533583,onsale
5839,Disappearing Cryptography : Information Hiding,12,本,72.00,46.80,9780080922706,discontinued
5840,Akka in Action,3,本,106.00,68.90,9781638352938,onsale
5841,Pro Asynchronous Programming with .NET,6,本,90.00,58.50,9781430259206,onsale
5842,CyberLaw,14,本,65.00,42.25,9781461240655,discontinued
5843,Pro .NET 2.0 Windows Forms and Custom Controls in C#,10,本,113.00,73.45,9781590594391,onsale
5844,OSS Design Patterns,3,本,98.00,63.70,9783642013966,onsale
5845,Beginning Ruby on Rails e-commerce,6,本,104.00,67.60,9781590597361,onsale
5846,Sql Server 2012 Data Integration Recipes,5,本,102.00,66.30,9781430247913,discontinued
5847,Expedite,3,本,84.00,54.60,9780833034410,onsale
5848,Designing for the user with OVID,3,本,96.00,62.40,9781578701018,onsale
5849,Artificial neural networks for civil engineers,8,本,105.00,68.25,9780784403440,discontinued
5850,Artificial neural networks for civil engineers,8,本,105.00,68.25,9780784402252,discontinued
5851,Event History Analysis with R,14,本,71.00,46.15,9781315362892,onsale
5852,"React Quickly: Painless web apps with React, JSX, Redux, and GraphQL",3,本,98.00,63.70,9781617293344,onsale
5853,Python Data Science Cookbook,6,本,104.00,67.60,9781784396404,onsale
5854,Long-term preservation of digital documents,3,本,88.00,57.20,9783540336402,onsale
5855,Arduino,3,本,88.00,57.20,9781624312038,onsale
5856,Spatial databases,5,本,120.00,78.00,9781558605886,onsale
5857,Success without college,3,本,96.00,62.40,9780764112386,onsale
5858,Hacking Matter,3,本,92.00,59.80,9780465044290,discontinued
5859,The Conversational Interface,3,本,96.00,62.40,9783319814117,onsale
5860,Algorithmic Aspects in Information and Management,9,本,108.00,70.20,9783319079561,onsale
5861,Linux--vom PC zur Workstation,10,本,119.00,77.35,9780387580777,onsale
5862,Pervasive Health,15,本,82.00,53.30,9781447164128,onsale
5863,Understanding IBM SOA foundation suite,3,本,98.00,63.70,9780137033959,onsale
5864,Image analysis and processing II,3,本,100.00,65.00,9781461282891,offsale
5865,Programming the parallel port,6,本,96.00,62.40,9780429153167,onsale
5866,High Performance Computing on Vector Systems 2005,3,本,92.00,59.80,9783662500453,discontinued
5867,Model driven engineering languages and systems,12,本,86.00,55.90,9783540878742,onsale
5868,Oracle8 design using UML object modeling,3,本,104.00,67.60,9780078824746,onsale
5869,Data Access Patterns,3,本,80.00,52.00,9780131401570,onsale
5870,Ferret,3,本,104.00,67.60,9780596519407,onsale
5871,Practical object-oriented development with UML and Java,6,本,92.00,59.80,9780130672384,discontinued
5872,Intelligent systems and signal processing in power engineering,12,本,82.00,53.30,9783540731696,onsale
5873,Beginning Oracle programming,5,本,104.00,67.60,9781861006905,onsale
5874,Understanding Political Science Statistics Using SPSS,11,本,84.00,54.60,9781351538046,onsale
5875,Data Mining,8,本,113.00,73.45,9788847011625,offsale
5876,Building large knowledge-based systems,3,本,82.00,53.30,9780201517521,onsale
5877,Precision Assembly Technologies and Systems,3,本,102.00,66.30,9783642281648,onsale
5878,Expert C# 2005 Business Objects,13,本,102.00,66.30,9781430201441,offsale
5879,The comprehensive Russian computer dictionary,14,本,73.00,47.45,9780769500744,offsale
5880,"Artificial neural networks in cancer diagnosis, prognosis, and patient management",8,本,111.00,72.15,9780429124747,onsale
5881,Integrating Technology into the Science Curriculum,12,本,90.00,58.50,9781576904299,onsale
5882,Practical debugging in Java,6,本,90.00,58.50,9780131427815,onsale
5883,Functional programming with Hope,6,本,90.00,58.50,9780133382372,onsale
5884,UML Xtra-Light,3,本,84.00,54.60,9780511039331,onsale
5885,Information systems development and data modeling,3,本,96.00,62.40,9780521373692,onsale
5886,Learning Design Patterns,17,本,52.00,33.80,9780596102005,onsale
5887,Introducing Systems Development,3,本,102.00,66.30,9780333973691,onsale
5888,ʺCʺ programming with data structures,9,本,100.00,65.00,9788126123643,onsale
5889,Winzip for Beginners,3,本,104.00,67.60,9781557553393,onsale
5890,Concurrent programming in ERLANG,6,本,86.00,55.90,9780135083017,onsale
5891,"VMware vSphere 6.5 Cookbook - Third Edition: Over 140 task-oriented recipes to install, configure, manage, and orchestrate various VMware vSphere 6.5 components",3,本,104.00,67.60,9781787127418,onsale
5892,Computer Engineer,3,本,106.00,68.90,9780736805919,onsale
5893,Systems Programming: Designing and Developing Distributed Applications,6,本,94.00,61.10,9780128007297,onsale
5894,Digital Media: The Future,3,本,122.00,79.30,9781849968577,offsale
5895,Cisco ISP Essentials,3,本,90.00,58.50,9781587050411,onsale
5896,Concurrency,3,本,104.00,67.60,9780471987109,onsale
5897,Object-oriented programming,6,本,120.00,78.00,9780927695978,onsale
5898,Multimedia Systems,3,本,110.00,71.50,9783662088784,onsale
5899,Concurrent programming in ERLANG,6,本,100.00,65.00,9780132857925,offsale
5900,Rust for C++ Programmers,6,本,106.00,68.90,9789355513557,onsale
5901,Data structures in Pascal,9,本,100.00,65.00,9780316739313,onsale
5902,Concurrent Programming in Java(TM),6,本,86.00,55.90,9780321256171,onsale
5903,Object-oriented analysis & design,7,本,83.00,53.95,9780072133141,onsale
5904,Domain-driven design using naked objects,3,本,106.00,68.90,9781934356449,onsale
5905,Real-Time Graphics Rendering Engine,3,本,96.00,62.40,9783642183416,onsale
5906,Handbook of evolutionary computation,12,本,74.00,48.10,9780750303927,onsale
5907,Lauren Ipsum,3,本,102.00,66.30,9781461178187,onsale
5908,Starting Out with Java Gaddis,6,本,94.00,61.10,9780321545862,onsale
5909,"Introduction to functional programming, Haskell 1.3",6,本,96.00,62.40,9780134843384,onsale
5910,Fundamentals of computing II,3,本,88.00,57.20,9780070655034,onsale
5911,PCs All-in-One For Dummies,3,本,92.00,59.80,9780470908006,discontinued
5912,Artificial Intelligence An International Perspective,8,本,105.00,68.25,9783642032257,discontinued
5913,Advanced Topics In C Core Concepts In Data Structures,9,本,86.00,55.90,9781430264002,onsale
5914,Straley's Object-Oriented Clipper Programming,6,本,110.00,71.50,9780679791409,onsale
5915,Functional programming with Hope,6,本,102.00,66.30,9780745803494,onsale
5916,Data abstraction in programming languages,6,本,80.00,52.00,9780201142228,onsale
5917,Reliable data structures in C,9,本,102.00,66.30,9780911537048,onsale
5918,Painter X for Photographers,3,本,94.00,61.10,9781136104893,onsale
5919,Multidisciplinary Design Optimization Supported by Knowledge Based Engineering,12,本,82.00,53.30,9781118897072,onsale
5920,Cracking the Digital Ceiling,3,本,102.00,66.30,9781108497428,onsale
5921,TKE'90,12,本,80.00,52.00,9783886722051,offsale
5922,Getting started with MATLAB,3,本,106.00,68.90,9780198069195,onsale
5923,REST API Design Rulebook,3,本,94.00,61.10,9781306813617,onsale
5924,Bayesian networks and decision graphs,10,本,115.00,74.75,9780387682815,onsale
5925,Formal Techniques for Safety-Critical Systems,3,本,98.00,63.70,9783319175812,onsale
5926,Developing business objects,13,本,93.00,60.45,9780137893898,onsale
5927,Classical and object-oriented software engineering with UML and C[plus plus],7,本,103.00,66.95,9780072901689,offsale
5928,Logic for applications,3,本,114.00,74.10,9780387948935,onsale
5929,Social informatics evolving,3,本,94.00,61.10,9781627054362,onsale
5930,Careers in computers,3,本,96.00,62.40,9780844244822,onsale
5931,Algorithm engineering and experiments,9,本,112.00,72.80,9783540439776,onsale
5932,Computing and combinatorics,3,本,96.00,62.40,9783540450719,onsale
5933,SAP on the Cloud,3,本,108.00,70.20,9783662509487,onsale
5934,MagicNet,3,本,110.00,71.50,9780688127596,onsale
5935,Aqa Gcse Computer Science Computing Fundamentals,17,本,66.00,42.90,9781444193862,offsale
5936,Here be dragons,3,本,98.00,63.70,9781619780170,onsale
5937,The dark temple,3,本,104.00,67.60,9781619780194,onsale
5938,Uberland,3,本,82.00,53.30,9780520324800,onsale
5939,The Power of Algorithms,9,本,110.00,71.50,9783662523667,onsale
5940,Advanced computational methods in science and engineering,12,本,74.00,48.10,9783642033438,onsale
5941,Mathematical Biology,12,本,78.00,50.70,9780387224374,onsale
5942,CSS,3,本,104.00,67.60,9780596802448,onsale
5943,Statisticheskai︠a︡ fizika,3,本,92.00,59.80,9780080230399,discontinued
5944,Numerical Mathematics and Advanced Applications - ENUMATH 2013,11,本,86.00,55.90,9783319107059,onsale
5945,Challenges for action theories,3,本,106.00,68.90,9783540674559,onsale
5946,Design Patterns For Dummies,3,本,106.00,68.90,9780471798651,onsale
5947,Rough sets in knowledge discovery 2,3,本,108.00,70.20,9783790818833,onsale
5948,Principles of expert systems,8,本,93.00,60.45,9780201416404,onsale
5949,Preconditioned iterative methods,3,本,106.00,68.90,9782881249563,onsale
5950,SPSS Version 20.0 for Windows,10,本,117.00,76.05,9781118848838,onsale
5951,Object-oriented software engineering,7,本,93.00,60.45,9780201627671,onsale
5952,Object-oriented application frameworks,7,本,99.00,64.35,9780132139847,onsale
5953,Knowledge Representation and Relation Nets,3,本,88.00,57.20,9781461540540,onsale
5954,Data modeling,3,本,102.00,66.30,9780071623988,onsale
5955,Schaum's Outline of UML,3,本,88.00,57.20,9780077107413,onsale
5956,"Wu jian dao xiang xi tong fen xi yu she ji shi yong UML = Object-Oriented systems Analysis and Design using UML,3e",7,本,107.00,69.55,9789861576121,onsale
5957,Il dizionario enciclopedico di informatica,3,本,104.00,67.60,9788808193513,onsale
5958,Hibernate quickly,3,本,96.00,62.40,9781932394412,onsale
5959,Sams teach yourself Node.js in 24 hours,3,本,100.00,65.00,9780672335952,offsale
5960,Network-on-Chip Architectures,10,本,99.00,64.35,9789048130313,onsale
5961,Packet Analysis with Wireshark,3,本,118.00,76.70,9781785885846,onsale
5962,Attribute-Based Encryption and Access Control,3,本,92.00,59.80,9781032173764,discontinued
5963,Digital Defense,3,本,102.00,66.30,9783319792910,onsale
5964,Expert Oracle database 11g administration,5,本,133.00,86.45,9781430210153,offsale
5965,Machine Learning in Cyber Trust,8,本,123.00,79.95,9780387889504,onsale
5966,J.D. Edwards OneWorld Xe,3,本,92.00,59.80,9780072192544,discontinued
5967,Cross-Cultural Human-Computer Interaction and User Experience Design,3,本,110.00,71.50,9781322998909,onsale
5968,Recommendation Systems in Software Engineering,7,本,101.00,65.65,9783642451348,onsale
5969,Formal methods for components and objects,3,本,108.00,70.20,9783540367499,onsale
5970,Concurrent Zero-Knowledge,3,本,104.00,67.60,9783540329398,onsale
5971,Multiresolution methods in scattered data modelling,3,本,100.00,65.00,9783642187551,offsale
5972,"Digital forensics for network, Internet, and cloud computing",10,本,117.00,76.05,9781597495370,onsale
5973,Molecular modeling and simulation,3,本,94.00,61.10,9780387224640,onsale
5974,"Knowledge based radar detection, tracking, and classification",3,本,100.00,65.00,9780470652459,offsale
5975,The Icelandic Language In The Digital Age Slensk Tunga Stafrnni Ld,3,本,92.00,59.80,9783642301735,discontinued
5976,Network-aware security for group communications,10,本,123.00,79.95,9780387688466,onsale
5977,Object-oriented Turbo Pascal,6,本,98.00,63.70,9780136299325,onsale
5978,Theories of the Mobile Internet,14,本,57.00,37.05,9781317911111,onsale
5979,Computer simulation in management science,13,本,79.00,51.35,9780471910398,offsale
5980,"Detection of Intrusions and Malware, and Vulnerability Assessment",3,本,94.00,61.10,9783642224256,onsale
5981,Openstack Cloud Computing Cookbook,3,本,110.00,71.50,9781782167587,onsale
5982,Functional Programming Patterns In Scala And Clojure Write Lean Programs For The Jvm,6,本,114.00,74.10,9781937785475,onsale
5983,Functional programming for loosely-coupled multi processors,6,本,92.00,59.80,9780262610575,discontinued
5984,Computer Mathematics,11,本,90.00,58.50,9789810215286,offsale
5985,Formal specification,3,本,100.00,65.00,9781447107927,offsale
5986,User Modelling in Text Generation,3,本,98.00,63.70,9781474246507,onsale
5987,Neural Approaches to Conversational AI,8,本,113.00,73.45,9781680835533,offsale
5988,OCUP 2 certification guide,12,本,76.00,49.40,9780128097830,onsale
5989,Neural Representations of Natural Language,8,本,105.00,68.25,9789811300615,discontinued
5990,Advancing the Impact of Design Science : Moving from Theory to Practice,3,本,96.00,62.40,9783319067018,onsale
5991,Advances in Neural Network Research,8,本,103.00,66.95,9780080913803,onsale
5992,Advanced Functional Programming,6,本,92.00,59.80,9783540285403,discontinued
5993,Genetic programming theory and practice II,6,本,100.00,65.00,9780387232539,offsale
5994,Fundamental Data Compression,12,本,62.00,40.30,9780080530260,onsale
5995,Expertensysteme 93,3,本,108.00,70.20,9780387564647,onsale
5996,Research and development in expert systems XV,8,本,113.00,73.45,9781852330866,offsale
5997,Knowledge based systems,3,本,96.00,62.40,9780863530913,onsale
5998,Artificial neural networks,8,本,121.00,78.65,9780444891785,onsale
5999,Research and development in intelligent systems XVII,8,本,101.00,65.65,9781852334031,onsale
6000,The Sixth Workshop on Hot Topics in Operating Systems,10,本,121.00,78.65,9780818678349,onsale
6001,"1995 Second New Zealand International Two-Stream Conference on Artificial Neural Networks and Expert Systems, November 20-23, 1995, Dunedin, New Zealand",8,本,119.00,77.35,9780818671746,onsale
6002,"1993 the First New Zealand International Two-Stream Conference on Artificial Neural Networks and Expert Systems, November 24-26, 1993, Dunedin, New Zealand",8,本,115.00,74.75,9780818642609,onsale
6003,Research and development in intelligent systems XVIII,8,本,115.00,74.75,9781852335359,onsale
6004,The zenith angle,3,本,94.00,61.10,9780345478320,onsale
6005,Artificial Intelligence,8,本,109.00,70.85,9781558605350,onsale
6006,Security And Dependability For Ambient Intelligence,3,本,116.00,75.40,9780387887746,onsale
6007,Engineering principles of combat modeling and distributed simulation,12,本,64.00,41.60,9781118180303,onsale
6008,Intelligent wearable interfaces,3,本,98.00,63.70,9780470652619,onsale
6009,Introduction to Programming Languages,6,本,92.00,59.80,9781138460812,discontinued
6010,Agents for games and simulations,3,本,98.00,63.70,9783642111976,onsale
6011,Object-Oriented Programming,6,本,94.00,61.10,9780262661751,onsale
6012,Pro LINQ,3,本,90.00,58.50,9781430226536,onsale
6013,Advances in Computer Games,3,本,102.00,66.30,9783642318665,onsale
6014,The Norwegian Language in the Digital Age,3,本,94.00,61.10,9783642314346,onsale
6015,Critical issues in user interface systems engineering,12,本,88.00,57.20,9783540199649,onsale
6016,Advanced Topics in Computer Vision,3,本,88.00,57.20,9781447155201,onsale
6017,Rethinking Public Key Infrastructures and Digital Certificates,3,本,86.00,55.90,9780262526302,onsale
6018,Advances in Cryptology – EUROCRYPT 2019,3,本,90.00,58.50,9783030176525,onsale
6019,Software quality and software testing in Internet times,3,本,92.00,59.80,9783540426325,discontinued
6020,A process algebraic approach to software architecture design,11,本,92.00,59.80,9781447157663,onsale
6021,Parallel lisp,3,本,98.00,63.70,9783540527824,onsale
6022,Perspectives of system informatics,3,本,96.00,62.40,9783540620648,onsale
6023,Object-Oriented Metrics,7,本,101.00,65.65,9780132398725,onsale
6024,Transforming the enterprise through COOPERATION,3,本,88.00,57.20,9780130884510,onsale
6025,Application and Multidisciplinary Aspects of Wireless Sensor Networks,10,本,123.00,79.95,9781849965095,onsale
6026,Software and systems traceability,3,本,96.00,62.40,9781447122395,onsale
6027,Self-organising Software,3,本,100.00,65.00,9783642173493,offsale
6028,Interfacing with C++,3,本,98.00,63.70,9783540335818,onsale
6029,Management science,13,本,81.00,52.65,9781118786840,onsale
6030,Intelligent Tutoring Systems,3,本,88.00,57.20,9783319072203,onsale
6031,Algorithm Theory -- SWAT 2014,9,本,104.00,67.60,9783319084039,onsale
6032,Rokkuman Eguze,3,本,96.00,62.40,9781591165613,onsale
6033,Secure IT Systems,3,本,92.00,59.80,9783030036379,discontinued
6034,Transactions on Computational Science XXX,3,本,92.00,59.80,9783662560051,discontinued
6035,Stephen Wozniak and the story of Apple Computer,3,本,100.00,65.00,9781584151098,offsale
6036,An introduction to TCP/IP,3,本,112.00,72.80,9780387966519,onsale
6037,Foundation Flash 8,3,本,106.00,68.90,9781590595428,onsale
6038,Spring Persistence with Hibernate,3,本,94.00,61.10,9781430269830,onsale
6039,CryptoGraphics,3,本,108.00,70.20,9780387341897,onsale
6040,Advances in Mathematics for Industry 4. 0,11,本,84.00,54.60,9780128189061,onsale
6041,Learn C on the Mac,3,本,90.00,58.50,9781430245346,onsale
6042,"Learn GameSalad for iOS: Game Development for iPhone, iPad, and HTML5",3,本,88.00,57.20,9781430243571,onsale
6043,Learn HTML5 and JavaScript for iOS,6,本,90.00,58.50,9781430240396,onsale
6044,Computer Vision – ECCV 2012,3,本,106.00,68.90,9783642337659,onsale
6045,Introducing .NET 4.5,3,本,86.00,55.90,9781430243335,onsale
6046,Metro Revealed,3,本,102.00,66.30,9781430244899,onsale
6047,"Taking Your iPad to the Max, iOS 5 Edition",3,本,90.00,58.50,9781430240693,onsale
6048,Practical AVR Microcontrollers,3,本,96.00,62.40,9781430244479,onsale
6049,Practical Load Balancing,3,本,94.00,61.10,9781430236818,onsale
6050,Java EE 7 Recipes,6,本,88.00,57.20,9781430244264,onsale
6051,JavaScript Programmer’s Reference,6,本,86.00,55.90,9781430246305,onsale
6052,The Essential Guide to HTML5 and CSS3 Web Design,3,本,100.00,65.00,9781430237877,offsale
6053,iOS 5 Recipes,3,本,86.00,55.90,9781430240068,onsale
6054,iOS 6 Recipes,3,本,86.00,55.90,9781430246008,onsale
6055,iPhone 4S Made Simple,3,本,92.00,59.80,9781430235880,discontinued
6056,Samsung Galaxy Tab Application Sketch Book,3,本,88.00,57.20,9781430242284,onsale
6057,The Definitive Guide to NetBeans™ Platform 7,3,本,82.00,53.30,9781430241027,onsale
6058,ISSE 2012 Securing Electronic Business Processes,13,本,71.00,46.15,9783658003333,discontinued
6059,Gamers at Work,3,本,88.00,57.20,9781430233527,onsale
6060,Arduino Wearables,3,本,82.00,53.30,9781430243601,onsale
6061,Foundation Adobe Edge Animate,3,本,90.00,58.50,9781430243519,onsale
6062,Foundation iPhone App Development,3,本,92.00,59.80,9781430243755,discontinued
6063,Foundations of Health Informatics Engineering and Systems,12,本,74.00,48.10,9783642323553,onsale
6064,Foundation Version Control for Web Developers,3,本,94.00,61.10,9781430239734,onsale
6065,Practical Raspberry Pi,3,本,96.00,62.40,9781430249726,onsale
6066,Practical SharePoint 2013 Governance,3,本,96.00,62.40,9781430248880,onsale
6067,Pro Application Lifecycle Management with Visual Studio 2012,13,本,71.00,46.15,9781430243458,discontinued
6068,Problems and Methods of Optimal Structural Design,3,本,102.00,66.30,9781461336785,onsale
6069,Pro Business Applications with Silverlight 5,13,本,65.00,42.25,9781430235019,onsale
6070,Analysis and Correctness of Algebraic Graph and Model Transformations,11,本,106.00,68.90,9783834899347,onsale
6071,Android Apps with Eclipse,3,本,90.00,58.50,9781430244356,onsale
6072,HTML5 Advertising,3,本,90.00,58.50,9781430246039,onsale
6073,HTML5 Programming for ASP.NET Developers,6,本,84.00,54.60,9781430247203,onsale
6074,Building ASP.NET Web Pages with Microsoft WebMatrix,3,本,121.00,78.65,9781430240211,onsale
6075,Building Your Own Electronics Lab,12,本,78.00,50.70,9781430243878,onsale
6076,Pro HTML5 Performance,3,本,88.00,57.20,9781430245254,onsale
6077,"Pro iOS Table Views for iPhone, iPad, and iPod Touch",3,本,94.00,61.10,9781430233497,onsale
6078,Pro JavaScript Performance,6,本,84.00,54.60,9781430247500,onsale
6079,Pro Multithreading and Memory Management for iOS and OS X,13,本,61.00,39.65,9781430241171,onsale
6080,Pro Office 365 Development,3,本,88.00,57.20,9781430240754,onsale
6081,Pro SharePoint 2013 Administration,3,本,96.00,62.40,9781430249429,onsale
6082,Pro SharePoint 2010 Development for Office 365,3,本,90.00,58.50,9781430241836,onsale
6083,Pro SharePoint 2010 Governance,3,本,92.00,59.80,9781430240785,discontinued
6084,Pro SharePoint with jQuery,3,本,90.00,58.50,9781430240990,onsale
6085,Pro Silverlight 5 in C#,3,本,90.00,58.50,9781430234807,onsale
6086,Pro Spring 3,3,本,90.00,58.50,9781430241089,onsale
6087,Pro Visual Studio LightSwitch 2011 Development,3,本,90.00,58.50,9781430240099,onsale
6088,Windows 8 Apps Revealed,10,本,97.00,63.05,9781430250357,onsale
6089,Beginning BlackBerry 7 Development,3,本,86.00,55.90,9781430230168,onsale
6090,Beginning C# Object-Oriented Programming,6,本,98.00,63.70,9781430249368,onsale
6091,Beginning iOS6 Development,3,本,82.00,53.30,9781430245131,onsale
6092,Beginning iOS 5 Development,3,本,84.00,54.60,9781430236061,onsale
6093,Beginning iOS 3D Unreal Games Development,3,本,86.00,55.90,9781430240365,onsale
6094,Beginning Oracle Application Express 4.2,5,本,104.00,67.60,9781430257356,onsale
6095,Beginning Windows Phone App Development,10,本,95.00,61.75,9781430241355,onsale
6096,Beginning Windows 8,10,本,95.00,61.75,9781430244325,onsale
6097,Advanced Android 4 Games,3,本,123.00,79.95,9781430240600,offsale
6098,Illustrated C# 2012,3,本,96.00,62.40,9781430242796,onsale
6099,Agile Oracle Application Express,5,本,94.00,61.10,9781430237600,onsale
6100,Efficient Solving of Large Arithmetic Constraint Systems with Complex Boolean Structure,3,本,106.00,68.90,9783834814944,onsale
6101,ISSE 2012 Securing Electronic Business Processes,13,本,73.00,47.45,9783658003326,onsale
6102,Java Software Solutions,6,本,84.00,54.60,9780201471830,onsale
6103,"Tools diskettes to accompany ""Exploring language with Logo""",3,本,94.00,61.10,9780262570725,onsale
6104,Languages and compilers for parallel computing,7,本,103.00,66.95,9783540693291,offsale
6105,Visualization in Scientific Computing,3,本,108.00,70.20,9783642779039,onsale
6106,Furniture,3,本,104.00,67.60,9780866362924,onsale
6107,Securing your business with CISCO ASA and PIX firewalls,13,本,79.00,51.35,9781587052149,offsale
6108,Beginning C# 2008,3,本,80.00,52.00,9781430210344,onsale
6109,Universality and emergent computation in cellular neural networks,8,本,115.00,74.75,9789812564504,onsale
6110,Issues and challenges of intelligent systems and computational intelligence,3,本,88.00,57.20,9783319032054,onsale
6111,Implementing systems management of IBM PureFlex system,13,本,91.00,59.15,9780738439587,onsale
6112,"Guide to the Unified Process Featuring UML, Java and Design Patterns",6,本,104.00,67.60,9781852338565,onsale
6113,Data structures with Ada,9,本,98.00,63.70,9780201526738,discontinued
6114,Generic Programming,6,本,94.00,61.10,9783540451914,onsale
6115,Transactions on Computational Collective Intelligence XVII,3,本,110.00,71.50,9783662449936,onsale
6116,Information Security and Privacy,3,本,92.00,59.80,9783319600543,discontinued
6117,Learn Lua for iOS Game Development,3,本,90.00,58.50,9781430246633,onsale
6118,Web and Internet Economics,13,本,71.00,46.15,9783319131283,discontinued
6119,Advanced BASIC,3,本,92.00,59.80,9780835901611,discontinued
6120,The linguistic basis of text generation,3,本,96.00,62.40,9780521329385,onsale
6121,Inductive inference for large scale text classification,3,本,90.00,58.50,9783642045332,onsale
6122,Video Mining,3,本,100.00,65.00,9781441953834,offsale
6123,Continuations and Natural Language,3,本,100.00,65.00,9780199575015,offsale
6124,Object-oriented simulation,7,本,89.00,57.85,9780780310612,onsale
6125,ML With Concurrency,3,本,110.00,71.50,9780387948751,onsale
6126,Disaster Proofing Information Systems,3,本,86.00,55.90,9780071409223,onsale
6127,Neural networks in multidimensional domains,8,本,103.00,66.95,9781852330064,onsale
6128,Security And Privacy In Social Networks,10,本,99.00,64.35,9781461441380,onsale
6129,Transition to object-oriented software development,7,本,97.00,63.05,9780471245292,onsale
6130,Network and Parallel Computing,10,本,113.00,73.45,9783662449165,onsale
6131,Computing Meaning,3,本,84.00,54.60,9781402002908,onsale
6132,"Computer, Communication and Electrical Technology",12,本,82.00,53.30,9780367736354,onsale
6133,Green Automation for Sustainable Environment,3,本,80.00,52.00,9781003000792,onsale
6134,Image and Graphics,3,本,94.00,61.10,9783319716060,onsale
6135,C# 10 and .NET 6 – Modern Cross-Platform Development,3,本,104.00,67.60,9781801076968,onsale
6136,ICT Systems Security and Privacy Protection,3,本,100.00,65.00,9783642554148,offsale
6137,Open Source Software : Mobile Open Source Technologies,3,本,100.00,65.00,9783642551277,offsale
6138,Finite-State Methods and Natural Language Processing,3,本,102.00,66.30,9783642146855,onsale
6139,The Data Handbook,3,本,96.00,62.40,9781461225386,onsale
6140,Space-Filling Curves,3,本,88.00,57.20,9783642310461,onsale
6141,Trusted Systems,3,本,100.00,65.00,9783642322983,offsale
6142,Mathematics of Neural Networks,8,本,97.00,63.05,9781461561002,onsale
6143,Motorola MC68851 paged memory management unit user's manual,13,本,87.00,56.55,9780135669938,onsale
6144,Combinatorial Optimization,3,本,92.00,59.80,9783662217115,discontinued
6145,Swift for Programmers,6,本,80.00,52.00,9780134021362,onsale
6146,Compiling for the .NET Common Language Runtime,3,本,96.00,62.40,9780130622969,onsale
6147,Graph Drawing,3,本,96.00,62.40,9783319038407,onsale
6148,Natural language processing,3,本,114.00,74.10,9780792392798,onsale
6149,TCP/IP sockets in C,3,本,92.00,59.80,9780123745408,discontinued
6150,An Introduction to Statistics and Data Analysis Using Stata®,11,本,84.00,54.60,9781506371832,onsale
6151,Fast Software Encryption,3,本,96.00,62.40,9783642340475,onsale
6152,Transforming the law,14,本,79.00,51.35,9780198299226,onsale
6153,Handbook Of Neuroevolution Through Erlang,3,本,96.00,62.40,9781461444626,onsale
6154,Kiss Of The Beast,3,本,104.00,67.60,9780373256587,onsale
6155,Enterprise master data management,5,本,104.00,67.60,9780137149704,onsale
6156,Saibā aidoru Minku,3,本,98.00,63.70,9781415550847,onsale
6157,Detection Of Intrusions And Malware And Vulnerability Assessment 7th International Conference Dimva 2010 Bonn Germany July 89 2010 Proceedings,3,本,92.00,59.80,9783642142147,discontinued
6158,The Finite Element Method Texts in Computational Science and Engineering,12,本,84.00,54.60,9783642332869,onsale
6159,Pervasive Advertising,3,本,98.00,63.70,9780857293510,onsale
6160,Perl,6,本,104.00,67.60,9780764534782,onsale
6161,The windows serial port programming handbook,10,本,105.00,68.25,9780849322136,onsale
6162,"Digital Human Modeling and Applications in Health, Safety, Ergonomics, and Risk Management. Healthcare and Safety of the Environment and Transport",13,本,79.00,51.35,9783642391743,offsale
6163,Advances in Cryptology - CRYPTO 2005,3,本,102.00,66.30,9783540813767,onsale
6164,The Difference Engine,3,本,82.00,53.30,9780142001448,onsale
6165,Object solutions,17,本,62.00,40.30,9780805305944,onsale
6166,SPSS 14 Made Simple,16,本,74.00,48.10,9781841696515,onsale
6167,Practical Guide to Neural Nets,8,本,109.00,70.85,9780201633788,onsale
6168,Handbook of Fingerprint Recognition,3,本,102.00,66.30,9781848822542,onsale
6169,Enterprise Architecture Frameworks Kompendium,3,本,96.00,62.40,9783642129551,onsale
6170,SPSS 12 made simple,16,本,70.00,45.50,9781841695242,offsale
6171,Modular Specification and Verification of Object-Oriented Programs,7,本,95.00,61.75,9783540431671,discontinued
6172,Computer Animation and Simulation '97,3,本,90.00,58.50,9783211830482,onsale
6173,Computer Animation and Simulation '99,3,本,96.00,62.40,9783211833926,onsale
6174,Object oriented software technologies in telecommunications,7,本,99.00,64.35,9780470841860,onsale
6175,Cryptography and Public Key Infrastructure on the Internet,3,本,106.00,68.90,9780470847459,onsale
6176,Foundations and applications of security analysis,3,本,102.00,66.30,9783642034589,onsale
6177,Professional Scala,3,本,88.00,57.20,9781119281313,onsale
6178,Mobile Social Networking,10,本,111.00,72.15,9781461485780,onsale
6179,Computer vision systems,3,本,90.00,58.50,9783030871550,onsale
6180,MindTap Computer Science for Lambert's Fundamentals of Python,6,本,88.00,57.20,9781337560122,onsale
6181,"MindTap Computer Science for Schneider/Gersting's Invitation to Computer Science, 8th Edition [Instant Access], 1 term (6 months)",16,本,72.00,46.80,9781337561945,onsale
6182,Early Childhood Education,17,本,68.00,44.20,9780077421977,onsale
6183,"Stacs 96: 13th Annual Symposium on Theoretical Aspects of Computer Science, Grenoble, France, February 22-24, 1996",3,本,100.00,65.00,9780387609225,offsale
6184,Transaction on Computational Collective Intelligence XIV,3,本,98.00,63.70,9783662445082,onsale
6185,Beginning WebGL for HTML5,3,本,96.00,62.40,9781430239970,onsale
6186,Computing in Russia,3,本,102.00,66.30,9783528057572,onsale
6187,"Mobile Wireless Middleware, Operating Systems, and Applications",10,本,119.00,77.35,9783642366598,onsale
6188,Humane interfaces,3,本,102.00,66.30,9780444828743,onsale
6189,The Netscape programmer's guide,3,本,88.00,57.20,9780521648202,onsale
6190,AutoCAD 2006 VBA,3,本,112.00,72.80,9781590595794,onsale
6191,Evolvable Systems : from Biology to Hardware,12,本,78.00,50.70,9783540464068,onsale
6192,Agent-based evolutionary search,3,本,100.00,65.00,9783642263682,offsale
6193,Visual Basic,3,本,96.00,62.40,9780078825026,onsale
6194,Parallel computers 2,3,本,98.00,63.70,9780852748114,onsale
6195,Computational Science - ICCS 2007,3,本,104.00,67.60,9783540725848,onsale
6196,Ace the technical job,3,本,92.00,59.80,9780071348416,discontinued
6197,Programming multi-agent systems,6,本,96.00,62.40,9783540790433,onsale
6198,Introduction to Neural Engineering for Motor Rehabilitation,8,本,113.00,73.45,9781118628492,offsale
6199,Fundamentals of Business Intelligence,13,本,73.00,47.45,9783662509401,onsale
6200,Here comes everybody,3,本,102.00,66.30,9781846141379,onsale
6201,Windows 8 for the older and wiser,10,本,105.00,68.25,9781119941552,onsale
6202,Advances in randomized parallel computing,3,本,98.00,63.70,9781461332848,onsale
6203,Object-oriented graphics programming in C [plusplus],6,本,102.00,66.30,9780126683189,onsale
6204,MATLAB® and Design Recipes for Earth Sciences,3,本,98.00,63.70,9783642432682,onsale
6205,Improving research through user engagement,3,本,102.00,66.30,9780415461689,onsale
6206,Parallel implementations of backpropagation neural networks on transputers,8,本,119.00,77.35,9781299662490,onsale
6207,One-Dimensional Finite Elements,3,本,102.00,66.30,9783642317972,onsale
6208,Methods in Computational Molecular Physics,12,本,76.00,49.40,9789400972025,onsale
6209,A directory of library and information retrieval software for microcomputers,3,本,96.00,62.40,9780566035319,onsale
6210,Unconventional Computing,3,本,110.00,71.50,9781493968831,onsale
6211,Surfaces in Range Image Understanding,3,本,104.00,67.60,9781461283966,onsale
6212,Parsing Theory,3,本,96.00,62.40,9783662084243,onsale
6213,People and Computers XII,3,本,96.00,62.40,9783540761723,onsale
6214,Fourier Vision,3,本,92.00,59.80,9781461514138,discontinued
6215,Three-Dimensional Object Recognition from Range Images,3,本,92.00,59.80,9784431682141,discontinued
6216,"Secure ICT Service Provisioning for Cloud, Mobile and Beyond : ESARIS",3,本,102.00,66.30,9783658164812,onsale
6217,Technological Innovation for Smart Systems,3,本,100.00,65.00,9783319858203,offsale
6218,Blackberry Curve Made Simple,3,本,80.00,52.00,9781430231233,onsale
6219,Affective Interactions,3,本,88.00,57.20,9783540415206,onsale
6220,The theory of computer science,3,本,100.00,65.00,9780470991039,offsale
6221,SOFSEM'97,3,本,102.00,66.30,9783540637745,onsale
6222,Toward teraflop computing and new grand challenge applications,3,本,94.00,61.10,9781560722472,onsale
6223,新世紀デジタル講義,3,本,94.00,61.10,9784101387246,onsale
6224,Conceptual Spaces,3,本,100.00,65.00,9780585228372,offsale
6225,Introduction to IoT Analytics,3,本,102.00,66.30,9780367686314,onsale
6226,Privacy enhancing technologies,3,本,92.00,59.80,9783642145261,discontinued
6227,Computer Fluency for the Masses,3,本,98.00,63.70,9780757550263,onsale
6228,Advances in Information and Computer Security,3,本,90.00,58.50,9783319224251,onsale
6229,Data Structures and Algorithms 2,9,本,128.00,83.20,9783642698989,offsale
6230,Secure IT Systems,3,本,96.00,62.40,9783319265018,onsale
6231,Computer and information sciences,3,本,90.00,58.50,9783540472421,onsale
6232,ICFP' 13,3,本,96.00,62.40,9781450325684,onsale
6233,"Detection of Intrusions and Malware, and Vulnerability Assessment",3,本,100.00,65.00,9783319406664,offsale
6234,Cryptography and Information Security in the Balkans,3,本,92.00,59.80,9783319213552,discontinued
6235,Solving Software Problems,3,本,102.00,66.30,9781538329733,onsale
6236,Computational Science - ICCS 2020,3,本,90.00,58.50,9783030504359,onsale
6237,Cryptographically relevant contributions to combinational complexity theory,3,本,114.00,74.10,9783891917459,onsale
6238,Formal Aspects of Component Software,3,本,100.00,65.00,9783319153179,offsale
6239,CoffeeScript Application Development Cookbook,3,本,112.00,72.80,9781783289691,onsale
6240,2010 IEEE Congress on Evolutionary Computation,3,本,96.00,62.40,9781424469116,onsale
6241,Fifth World Conference on Information Security Education,17,本,64.00,41.60,9781441944580,onsale
6242,Measurement of Image Velocity,3,本,92.00,59.80,9781461366232,discontinued
6243,Subrecursive Programming Systems,6,本,88.00,57.20,9781461202509,onsale
6244,Memory Storage Patterns in Parallel Processing,3,本,102.00,66.30,9781461291947,onsale
6245,Still Image Compression on Parallel Computer Architectures,10,本,111.00,72.15,9781461549680,onsale
6246,User Interface Evaluation,3,本,92.00,59.80,9781461525370,discontinued
6247,Data Structures and Algorithms 3,9,本,108.00,70.20,9783642699023,onsale
6248,SOFSEM 2015,3,本,100.00,65.00,9783662460771,offsale
6249,Advances in Neural Networks- ISNN 2013,8,本,119.00,77.35,9783642390678,onsale
6250,Multimodal Optimization by Means of Evolutionary Algorithms,9,本,106.00,68.90,9783319074078,offsale
6251,Algorithms and Data Structures,9,本,102.00,66.30,9783319621265,onsale
6252,Security of Networks and Services in an All-Connected World,10,本,107.00,69.55,9783319607740,onsale
6253,Advances in Neural Networks - ISNN 2017,8,本,113.00,73.45,9783319590714,offsale
6254,Frontiers of Evolutionary Computation,3,本,114.00,74.10,9781475784947,onsale
6255,Computer and Information Sciences II,3,本,94.00,61.10,9781447121565,onsale
6256,Multi-Dimensional Summarization in Cyber-Physical Society,12,本,68.00,44.20,9780128034552,onsale
6257,Data Structures and Algorithms 1,9,本,114.00,74.10,9783642696725,onsale
6258,Combinatorial Optimization and Applications,3,本,98.00,63.70,9783319711492,onsale
6259,"Advanced Computational Methods in Energy, Power, Electric Vehicles, and Their Integration",3,本,104.00,67.60,9789811063657,onsale
6260,Knowledge-Based Vision-Guided Robots,3,本,106.00,68.90,9783790817805,onsale
6261,Programming and Meta-Programming in Scheme,6,本,92.00,59.80,9781461272434,discontinued
6262,Multiresolution Image Shape Description,3,本,92.00,59.80,9781461228325,discontinued
6263,Bayesian Modeling of Uncertainty in Low-Level Vision,3,本,96.00,62.40,9781461289043,onsale
6264,Foundations of Software Science and Computation Structures,3,本,114.00,74.10,9783662496299,onsale
6265,Innovations in Neural Information Paradigms and Applications,8,本,111.00,72.15,9783642260971,onsale
6266,Technology and the Intelligence Community,12,本,72.00,46.80,9783319752310,discontinued
6267,Anonymous security systems and applications,3,本,102.00,66.30,9781466616509,onsale
6268,Pirke yesod be-madae ha-mahshev (Sifriyat universitah meshuderet),3,本,98.00,63.70,9789650502454,onsale
6269,A guide to neural computing applications,8,本,113.00,73.45,9780340705896,offsale
6270,Computation and Storage in the Cloud,3,本,102.00,66.30,9780124078796,onsale
6271,Cambridge International As And A Level Computing Coursebook,3,本,98.00,63.70,9780521186629,onsale
6272,Introduction to computer science and programming,6,本,94.00,61.10,9780064671453,onsale
6273,The Computer Hardware Industry,3,本,100.00,65.00,9781582070667,offsale
6274,An introduction to computer science using C,3,本,114.00,74.10,9780534938888,onsale
6275,Graphical models,3,本,82.00,53.30,9780262600422,onsale
6276,Dealing with complexity,3,本,90.00,58.50,9783540761600,onsale
6277,Advances in neural information processing systems 15,8,本,101.00,65.65,9780262025508,onsale
6278,Algorithmic learning for knowledge-based systems,9,本,92.00,59.80,9783540602170,onsale
6279,Introduction To Computer Science Using Java,6,本,96.00,62.40,9780078225932,onsale
6280,Knowledge-based neurocomputing,3,本,86.00,55.90,9780262032742,onsale
6281,Implementing Reproducible Research,3,本,106.00,68.90,9781466561595,onsale
6282,Schaum's outline of introduction to computer science,3,本,92.00,59.80,9780071345545,discontinued
6283,Core J2ME technology & MIDP,12,本,72.00,46.80,9780130669117,discontinued
6284,Data Streams,3,本,96.00,62.40,9781933019147,onsale
6285,The Essential PROC SQL Handbook for SAS Users,5,本,110.00,71.50,9781590475713,offsale
6286,Debugging SAS Programs,3,本,106.00,68.90,9781580259279,onsale
6287,Tor and the dark art of anonymity,3,本,102.00,66.30,9781512049589,onsale
6288,"MyLab IT with Pearson eText -- Access Card -- for Skills for Success with Office 365, 2019 Edition",3,本,100.00,65.00,9780135366585,offsale
6289,Object-oriented programming,6,本,98.00,63.70,9783764339050,onsale
6290,Exploring Microsoft Office 2016 Volume 1,17,本,56.00,36.40,9780134511818,onsale
6291,Linux Forensics,10,本,105.00,68.25,9781515037637,onsale
6292,Software development with Z,7,本,93.00,60.45,9780201627572,onsale
6293,Computer Graphics Programming,6,本,106.00,68.90,9783642967092,onsale
6294,Continuous Delivery in Java: Essential Tools and Best Practices for Deploying Code to Production,6,本,106.00,68.90,9781491986028,onsale
6295,Applications of Soft Computing,3,本,106.00,68.90,9780819425874,onsale
6296,CompTIA IT fundamentals exam guide (exam FC0-U51),3,本,110.00,71.50,9781259837692,onsale
6297,Practical Guide to Computer Simulations,3,本,106.00,68.90,9789812834157,onsale
6298,Level design,3,本,108.00,70.20,9781568813387,onsale
6299,Parallel problem solving from nature,3,本,98.00,63.70,9783540541486,onsale
6300,C [plus plus] network programming,10,本,91.00,59.15,9780201604641,onsale
6301,Applications of Machine Learning in Big-Data Analytics and Cloud Computing,8,本,101.00,65.65,9781000793550,onsale
6302,Data Analysis in Molecular Biology and Evolution,12,本,88.00,57.20,9780792377672,onsale
6303,Data Science with Julia,3,本,84.00,54.60,9781351013642,onsale
6304,Convergence analysis of recurrent neural networks,8,本,111.00,72.15,9781402076947,onsale
6305,Disseminating security updates at Internet scale,3,本,94.00,61.10,9781461353553,onsale
6306,Mathematical logic for computer science,3,本,98.00,63.70,9781852333195,onsale
6307,Biometrics,3,本,92.00,59.80,9780470522356,discontinued
6308,Cloud computing and digital media,3,本,102.00,66.30,9780367378820,onsale
6309,Understanding Statistics Using R,11,本,88.00,57.20,9781461462286,onsale
6310,New trends in fuzzy systems,3,本,92.00,59.80,9789810232450,discontinued
6311,"Minds, brains, computers",16,本,58.00,37.70,9780631212591,onsale
6312,Shared Memory Parallel Programming with Open MP,6,本,90.00,58.50,9783540318323,onsale
6313,OpenMP Shared Memory Parallel Programming,6,本,90.00,58.50,9783540450092,onsale
6314,International e-Conference of Computer Science 2006,3,本,98.00,63.70,9781138412965,onsale
6315,Cellular Automata and Discrete Complex Systems,3,本,98.00,63.70,9783662472217,onsale
6316,Color Image Watermarking,3,本,94.00,61.10,9783110487633,onsale
6317,Building Natural Language Generation Systems,3,本,96.00,62.40,9780511836275,onsale
6318,"Inheritance, Defaults and the Lexicon",3,本,98.00,63.70,9780511881565,onsale
6319,Migrationssteuerung und Konfigurationsverwaltung für verteilte objektorientierte Anwendungen,3,本,100.00,65.00,9780387525426,offsale
6320,Semi-Supervised Learning and Domain Adaptation in Natural Language Processing,17,本,87.00,56.55,9783031010217,onsale
6321,Algebraic Combinatorics,11,本,80.00,52.00,9783110627633,onsale
6322,Digital Fingerprinting,3,本,98.00,63.70,9781493966011,onsale
6323,Modelling Machine Emotions for Realizing Intelligence,3,本,92.00,59.80,9783642126055,discontinued
6324,Fundamentals of Algebraic Specification 1,11,本,100.00,65.00,9783642699634,onsale
6325,Text processing and document manipulation,3,本,84.00,54.60,9780511663130,onsale
6326,Intelligent Systems for Science and Information,3,本,86.00,55.90,9783319047010,onsale
6327,All About Music : The Complete Ontology,3,本,100.00,65.00,9783319473345,offsale
6328,Computing with Memory for Energy-Efficient Robust Systems,3,本,108.00,70.20,9781461477983,onsale
6329,Controlling Synchronization Patterns in Complex Networks,10,本,99.00,64.35,9783319251134,onsale
6330,Advances in Cryptology – CRYPTO 2017,3,本,106.00,68.90,9783319636962,onsale
6331,Map Framework,3,本,102.00,66.30,9783319467641,onsale
6332,Programming Multicore and Many-Core Computing Systems,6,本,100.00,65.00,9781119331995,offsale
6333,Mathematical Modelling of Evolution : Vol. 1,3,本,90.00,58.50,9783110615456,onsale
6334,Foundations of Software Science and Computation Structures,3,本,110.00,71.50,9783319893655,onsale
6335,The 2-tuple Linguistic Model,3,本,96.00,62.40,9783319247144,onsale
6336,Principles and practice of constraint programming,6,本,108.00,70.20,9783540859574,onsale
6337,"The 3rd IET International Conference on Intelligent Environments, IE 07",12,本,78.00,50.70,9780863418532,onsale
6338,Complete Visualizing Technology,12,本,76.00,49.40,9780133802948,onsale
6339,Electromagnetics and Network Theory and their Microwave Technology Applications,10,本,107.00,69.55,9783642183751,onsale
6340,Proceedings,12,本,94.00,61.10,9780769534985,onsale
6341,Creative Blogging,3,本,80.00,52.00,9781430234302,onsale
6342,Advances in interdisciplinary applied discrete mathematics,9,本,114.00,74.10,9789814299152,onsale
6343,"Linux Shell Scripting Cookbook, Second Edition",10,本,107.00,69.55,9781782162742,onsale
6344,Online databases and other Internet resources for earth science,5,本,104.00,67.60,9781843342380,onsale
6345,The object-oriented revolution,7,本,109.00,70.85,9780906774618,onsale
6346,"Object-Oriented Analysis, Design and Testing",7,本,97.00,63.05,9780780323247,onsale
6347,Central European functional programming school,6,本,104.00,67.60,9783540880585,onsale
6348,Computing and combinatorics,3,本,104.00,67.60,9783540486862,onsale
6349,Technology of Object-Oriented Languages and Systems,7,本,95.00,61.75,9780139174360,discontinued
6350,Evaluating natural language processing systems,3,本,90.00,58.50,9783540613091,onsale
6351,Management and processing of complex data structures,8,本,117.00,76.05,9780387578026,onsale
6352,Advances in computing and information--ICCI '90,3,本,96.00,62.40,9780387535043,onsale
6353,Mathematical Foundations of Computer Science 2005,3,本,100.00,65.00,9783540318675,offsale
6354,Objektorientierte Programmierung in Oberon-2,3,本,98.00,63.70,9780387600628,onsale
6355,Understanding CORBA,3,本,100.00,65.00,9780134598840,offsale
6356,Advanced .NET debugging,17,本,66.00,42.90,9780321699183,offsale
6357,Software Process Definition and Management,13,本,73.00,47.45,9783642242922,onsale
6358,Soft Computing,3,本,84.00,54.60,9780131462342,onsale
6359,Digital certificates,3,本,86.00,55.90,9780201309805,onsale
6360,Linear algebra,11,本,94.00,61.10,9780817681951,onsale
6361,Intrusion Detection Systems,3,本,104.00,67.60,9780387772660,onsale
6362,Mathematical Modeling And Signal Processing In Speech And Hearing Sciences,3,本,92.00,59.80,9783319030852,discontinued
6363,Evolutionary Computation in Combinatorial Optimization,3,本,92.00,59.80,9783642291241,discontinued
6364,Social Robotics,3,本,86.00,55.90,9783319700212,onsale
6365,Standard Grade Computing,17,本,58.00,37.70,9780435450076,discontinued
6366,Discovering computers,17,本,64.00,41.60,9781285127194,onsale
6367,Higher National Computing Tutor Resource Pack,3,本,92.00,59.80,9780750654241,discontinued
6368,The essentials of computer science II,17,本,80.00,52.00,9780878916719,onsale
6369,Datacom basics,3,本,102.00,66.30,9780917845109,onsale
6370,Text-Oriented Software,3,本,96.00,62.40,9781450538732,onsale
6371,Encyclopedia of Computer Science and Technology Suppl. 23,12,本,76.00,49.40,9780824722913,onsale
6372,Computers,3,本,104.00,67.60,9780763820947,onsale
6373,Dian zi ji suan ji gai lun,3,本,110.00,71.50,9789576615832,onsale
6374,Order stars,3,本,80.00,52.00,9781000126174,onsale
6375,Dictionnaire bilingue d'informatique,3,本,96.00,62.40,9782501009867,onsale
6376,Mediating science learning through information and communications technology,12,本,76.00,49.40,9781134334919,onsale
6377,"Learning, teaching, and researching on the Internet",17,本,64.00,41.60,9781317882442,onsale
6378,"Verification of systems and circuits using LOTOS, Petri Nets, and CCS",3,本,106.00,68.90,9781281284679,onsale
6379,Object-oriented programming,6,本,86.00,55.90,9780201548341,onsale
6380,SPSS 6.1 guide to data analysis,3,本,90.00,58.50,9780134370545,onsale
6381,SPSS for social scientists,3,本,100.00,65.00,9780333922866,offsale
6382,Anti-fragile ICT Systems,7,本,89.00,57.85,9783319300702,onsale
6383,Distributed objects,14,本,81.00,52.65,9780818671937,onsale
6384,Functional programming,6,本,90.00,58.50,9780133315790,onsale
6385,The Smalltalk developer's guide to VisualWorks,3,本,94.00,61.10,9780134425269,onsale
6386,Switch/Router Architectures,3,本,119.00,77.35,9781000730401,onsale
6387,Cloud Storage Forensics,3,本,96.00,62.40,9780124199705,onsale
6388,Data structures and C programs,9,本,98.00,63.70,9780201539851,discontinued
6389,Program the internet of things with Swift for iOS,6,本,98.00,63.70,9781484211946,onsale
6390,Artificial Intelligence Trends for Data Analytics Using Machine Learning and Deep Learning Approaches,8,本,97.00,63.05,9781000179521,onsale
6391,Enterprise recipes with Ruby and Rails,6,本,98.00,63.70,9781934356234,onsale
6392,Web Design,3,本,123.00,79.95,9781600330124,offsale
6393,Satellite events at the MoDELS 2005 conference,3,本,94.00,61.10,9783540317814,onsale
6394,DESQview,3,本,96.00,62.40,9781558510067,onsale
6395,State of the art in applied cryptography,3,本,98.00,63.70,9783540654742,onsale
6396,Netnography Unlimited,3,本,84.00,54.60,9781000317770,onsale
6397,Computing the Future,3,本,86.00,55.90,9780309047401,onsale
6398,Handbook of neural network signal processing,8,本,103.00,66.95,9781351836302,onsale
6399,Digital system clocking,3,本,96.00,62.40,9780471723707,onsale
6400,Security and Privacy in Communication Networks,10,本,115.00,74.75,9783642368844,onsale
6401,User friendly,3,本,110.00,71.50,9781565926738,onsale
6402,"Agile!: The Good, the Hype and the Ugly",7,本,95.00,61.75,9783319051543,discontinued
6403,"Logic, Mathematics, and Computer Science",11,本,92.00,59.80,9781493932238,onsale
6404,4th of July,3,本,110.00,71.50,9788846208835,onsale
6405,Principles of object-oriented modeling and simulation with Modelica 2.1,7,本,103.00,66.95,9780471471639,offsale
6406,Managing Sucessful Projects with Prince 2,3,本,86.00,55.90,9780113308552,onsale
6407,Introduction to Scientific Programming,6,本,92.00,59.80,9781461223672,discontinued
6408,See MIPS run,3,本,88.00,57.20,9780080525235,onsale
6409,Knowledge and data management in GRIDs,5,本,104.00,67.60,9781441942524,onsale
6410,Adaptive and natural computing algorithms,8,本,105.00,68.25,9783540715900,discontinued
6411,Tools 29,12,本,84.00,54.60,9780769502755,onsale
6412,Databases and Information Systems,5,本,114.00,74.10,9783319975702,onsale
6413,Simulated Evolution and Learning,17,本,74.00,48.10,9783642348587,onsale
6414,Microsoft Windows Server 2003,10,本,125.00,81.25,9780789728494,onsale
6415,Information and communication technology for AQA AS,12,本,78.00,50.70,9781444119466,onsale
6416,Concurrent Patterns and Best Practices,3,本,114.00,74.10,9781788629546,onsale
6417,Artificial Intelligence and Robotics,8,本,105.00,68.25,9781421439730,discontinued
6418,"CCNA 200-301 Official Cert Guide, Volume 2",17,本,56.00,36.40,9780135262733,onsale
6419,CompTIA a+ 220-901 and 220-902 Cert Guide,17,本,52.00,33.80,9780134400556,onsale
6420,MindTap for Wright/Plesniarski's Microsoft 365 Modern Desktop Administrator Guide to Exam MD-100,16,本,62.00,40.30,9780357501832,discontinued
6421,AWS Penetration Testing,3,本,100.00,65.00,9781839213861,offsale
6422,Transfer Learning,12,本,74.00,48.10,9780128035863,onsale
6423,Great careers for people interested in math & computers,3,本,96.00,62.40,9780810393851,onsale
6424,Methoden wissensbasierter Systeme,3,本,104.00,67.60,9783658270834,onsale
6425,Shen ru li jie ji suan ji xi tong,3,本,80.00,52.00,9787111321330,onsale
6426,"E-Life : Web-Enabled Convergence of Commerce, Work, and Social Life",13,本,87.00,56.55,9783642298745,onsale
6427,Sentiment Analysis in Social Networks,10,本,93.00,60.45,9780128044124,onsale
6428,Visual Languages,3,本,92.00,59.80,9781461318064,discontinued
6429,High Performance Computing On Vector Systems 2008,3,本,96.00,62.40,9783642099410,onsale
6430,The design and analysis of parallel algorithms,9,本,88.00,57.20,9780132000567,onsale
6431,SPSS 15.0 Guide to Data Analysis,3,本,100.00,65.00,9780131593893,offsale
6432,Smart systems engineering,8,本,113.00,73.45,9780791802564,offsale
6433,Electronic document management systems,13,本,73.00,47.45,9780070359147,onsale
6434,Selective guide to literature on artificial intelligence and expert systems,8,本,111.00,72.15,9780878231416,onsale
6435,Data warehousing and knowledge discovery,3,本,108.00,70.20,9783540482987,onsale
6436,Schaum's 3000 solved problems in electric circuits,3,本,94.00,61.10,9780070991910,onsale
6437,Play...If You Dare (Tremors),3,本,86.00,55.90,9780750026215,onsale
6438,MATLAB® Recipes for Earth Sciences,3,本,94.00,61.10,9783662462430,onsale
6439,Fast software encryption,3,本,88.00,57.20,9783540221715,onsale
6440,Information and communication security,3,本,96.00,62.40,9783540479420,onsale
6441,User-Centred Engineering,12,本,88.00,57.20,9783662439890,onsale
6442,Cellular Automata,3,本,94.00,61.10,9783642333507,onsale
6443,Introduction To Network Emulation,10,本,117.00,76.05,9789814364096,onsale
6444,Introduction to computers and information systems,3,本,106.00,68.90,9780673189905,onsale
6445,Managing Internet Information Services,3,本,94.00,61.10,9781565920620,onsale
6446,The Greek Language in the Digital Age,3,本,104.00,67.60,9783642289354,onsale
6447,The Hungarian Language in the Digital Age,3,本,94.00,61.10,9783642303807,onsale
6448,Theory Of Fuzzy Computation,3,本,104.00,67.60,9781461483793,onsale
6449,Recent Advances in Intelligent Engineering Systems,12,本,70.00,45.50,9783642270062,onsale
6450,The Polish Language In The Digital Age Jezyk Polski W Erze Cyfrowej,3,本,94.00,61.10,9783642308109,onsale
6451,The Maltese Language In The Digital Age Il Lingwa Maltija Flera Diitali,3,本,96.00,62.40,9783642306815,onsale
6452,Taligent's Guide to Designing Programs,3,本,90.00,58.50,9780201408881,onsale
6453,The Rails Way (Addison-Wesley Professional Ruby Series),6,本,86.00,55.90,9780321445612,onsale
6454,Complex intelligent systems and their applications,3,本,98.00,63.70,9781441916365,onsale
6455,IEEE Nonrigid and Articulated Motion Workshop,12,本,82.00,53.30,9780818680427,onsale
6456,Programming Web services with SOAP,6,本,92.00,59.80,9780596000950,discontinued
6457,Windows 81 Allinone For Dummies,10,本,97.00,63.05,9781118821008,onsale
6458,Compiler optimizations for scalable parallel systems,7,本,103.00,66.95,9783540419457,offsale
6459,An Introduction to Language Processing with Perl and Prolog,6,本,88.00,57.20,9783642064050,onsale
6460,Computation and cognition,3,本,100.00,65.00,9780262660587,offsale
6461,What remains to be discovered,3,本,94.00,61.10,9780333650097,onsale
6462,Networks of New York,10,本,99.00,64.35,9781612195421,onsale
6463,Cloud-computing,3,本,98.00,63.70,9781466507821,onsale
6464,The Man with the bionic brain,3,本,92.00,59.80,9781613740552,discontinued
6465,Privacy Vulnerabilities and Data Security Challenges in the IoT,3,本,96.00,62.40,9780367334390,onsale
6466,Cybersecurity and Privacy in Cyber Physical Systems,3,本,106.00,68.90,9780429558924,onsale
6467,Maya Python for games and film,6,本,108.00,70.20,9781498717571,onsale
6468,Reversible Computation,3,本,106.00,68.90,9783030798369,onsale
6469,"ICCI '92, Fourth International Conference on Computing and Information, May 28-30, 1992, Toronto, Ontario",14,本,69.00,44.85,9780818628122,onsale
6470,Sams Teach Yourself Regular Expressions in 10 Minutes,17,本,64.00,41.60,9780672325663,onsale
6471,Microsoft windows security resource kit,10,本,111.00,72.15,9780735621749,onsale
6472,Database Concurrency Control,5,本,114.00,74.10,9781475724745,onsale
6473,More iOS6 Development,3,本,94.00,61.10,9781430238096,onsale
6474,Domain-specific program generation,3,本,94.00,61.10,9783540259350,onsale
6475,"Stabilization, safety, and security of distributed systems",10,本,101.00,65.65,9783540490180,discontinued
6476,Formal and practical aspects of autonomic computing and networking,10,本,99.00,64.35,9781283320382,onsale
6477,C² compiler concepts,7,本,89.00,57.85,9783211824313,onsale
6478,CORBA security,3,本,84.00,54.60,9780201325652,onsale
6479,Topics in Stereochemistry,12,本,78.00,50.70,9780471237556,onsale
6480,Agent-based manufacturing and control systems,3,本,94.00,61.10,9780429233265,onsale
6481,Introduction to Human-Computer Interaction (Psychology Revivals),16,本,66.00,42.90,9781317820475,onsale
6482,A Multimodal End-2-End Approach to Accessible Computing,3,本,100.00,65.00,9781447170747,offsale
6483,Mathematical Foundations of Computer Science 2012,3,本,102.00,66.30,9783642325892,onsale
6484,Raspberry Pi for Arduino Users: Building IoT and Network Applications and Devices,10,本,103.00,66.95,9781484234136,onsale
6485,Python 3 for absolute beginners,6,本,82.00,53.30,9781430216322,onsale
6486,Prometheus,3,本,96.00,62.40,9781871516135,onsale
6487,Digital citizenship,3,本,98.00,63.70,9780262134859,onsale
6488,Recent Progress in Data Engineering and Internet Technology,12,本,90.00,58.50,9783642287992,onsale
6489,CompTIA Linux+ Certification,10,本,89.00,57.85,9781426022050,onsale
6490,Frontiers in Algorithmics and Algorithmic Aspects in Information and Management,9,本,118.00,76.70,9783642387579,onsale
6491,Advances in natural computation,3,本,98.00,63.70,9783540459019,onsale
6492,Learning and Intelligent Optimization,17,本,62.00,40.30,9783642344138,onsale
6493,Peer participation and software,3,本,100.00,65.00,9780262266567,offsale
6494,Bridging the gap to university mathematics,11,本,86.00,55.90,9781848002906,onsale
6495,System aids in constructing consultation programs,3,本,92.00,59.80,9780835712323,discontinued
6496,Cybercrime,3,本,102.00,66.30,9780791094068,onsale
6497,Debugging techniques in large systems,3,本,92.00,59.80,9780131973190,discontinued
6498,Computing (Promo Active Learning),17,本,64.00,41.60,9781858050805,onsale
6499,"Blogs, Wikis, and Podcasts, Oh, My!",17,本,48.00,31.20,9781425801120,onsale
6500,Mathématiques pour les techniques de l'informatique,3,本,86.00,55.90,9782920210813,onsale
6501,How to pass Higher computing,3,本,86.00,55.90,9780340974001,onsale
6502,Streamlined object modeling,3,本,98.00,63.70,9780130668394,onsale
6503,An introduction to discrete mathematics and formal system specification,9,本,122.00,79.30,9780198596677,onsale
6504,Înregistrările audio și audio-video,3,本,104.00,67.60,9789731157481,onsale
6505,Systems Engineering with SysML/UML,12,本,76.00,49.40,9780080558318,onsale
6506,Basic Input Output System BIOS,3,本,110.00,71.50,9789356029828,onsale
6507,Discrete mathematics,9,本,114.00,74.10,9780787247447,onsale
6508,Understanding A2 level computing for AQA,3,本,106.00,68.90,9780748777044,onsale
6509,Discrete mathematics using Latin squares,9,本,100.00,65.00,9780471240648,onsale
6510,A theory of objects,3,本,112.00,72.80,9780387947754,onsale
6511,Kotlin Standard Library Cookbook: Master the powerful Kotlin standard library through practical code examples,6,本,120.00,78.00,9781788837668,onsale
6512,Calculational system design,3,本,104.00,67.60,9784274902918,onsale
6513,Spoken language processing,3,本,86.00,55.90,9780130226167,onsale
6514,An Introduction to Design Science,3,本,94.00,61.10,9783319361109,onsale
6515,Object-Oriented Design with ABAP,7,本,101.00,65.65,9781484228371,onsale
6516,Prozesse optimieren mit ITIL®,3,本,114.00,74.10,9783834895196,onsale
6517,Applications of neural networks in electromagnetics,8,本,119.00,77.35,9780890068809,onsale
6518,"Computing, Communication and Signal Processing",3,本,90.00,58.50,9789811315121,onsale
6519,Concise Dictionary of Information Technology,12,本,82.00,53.30,9781901657456,onsale
6520,Computer science,3,本,96.00,62.40,9780812045864,onsale
6521,System analysis and computer science,3,本,100.00,65.00,9788385262053,offsale
6522,Mathematical approaches to neural networks,8,本,113.00,73.45,9780444816924,offsale
6523,A Course in Discrete Mathematical Structures,3,本,114.00,74.10,9781848166967,onsale
6524,Applied computer sciences in engineering,12,本,103.00,66.95,9783030003524,offsale
6525,Putting Metaclasses to Work,3,本,121.00,78.65,9780201433050,onsale
6526,Knowledge based computer systems,10,本,105.00,68.25,9788177641103,onsale
6527,Historia de la informática en Latinoamérica y el Caribe,3,本,104.00,67.60,9789506655730,onsale
6528,Artificial neural networks and neural information processing-ICANN/ICONIP 2003,8,本,107.00,69.55,9783540404088,onsale
6529,Finite-state language processing,3,本,90.00,58.50,9780262181822,onsale
6530,Beginning Hibernate,3,本,94.00,61.10,9781430265177,onsale
6531,The Java sourcebook,6,本,100.00,65.00,9780471148593,offsale
6532,Geospatial information technology for emergency response,12,本,86.00,55.90,9781281197856,onsale
6533,Fraud Auditing Using Caatt,3,本,82.00,53.30,9781032401553,onsale
6534,"3D Face Modeling, Analysis and Recognition",3,本,104.00,67.60,9781118592649,onsale
6535,Cryptographic Protocol,3,本,96.00,62.40,9783642240737,onsale
6536,Quantum Attacks on Public-Key Cryptosystems,3,本,102.00,66.30,9781441977236,onsale
6537,Motion Planning in Dynamic Environments,3,本,98.00,63.70,9784431681670,onsale
6538,Critical Information Infrastructures,3,本,102.00,66.30,9780387718613,onsale
6539,Computer science,3,本,90.00,58.50,9780750602525,onsale
6540,Developing with Delphi,3,本,92.00,59.80,9780133781182,discontinued
6541,Collaborative virtual environments,3,本,96.00,62.40,9781447106852,onsale
6542,Dictionary of information technology,12,本,70.00,45.50,9780333348062,onsale
6543,Experimental design,3,本,96.00,62.40,9780429104954,onsale
6544,Computer Security - Esorics 94,3,本,98.00,63.70,9783540586180,onsale
6545,Advances in Neural Networks - ISNN 2010,8,本,105.00,68.25,9783642133183,discontinued
6546,LINQ for Visual C# 2008,3,本,88.00,57.20,9781430215806,onsale
6547,RESTful Java with JAX-RS,6,本,98.00,63.70,9780596809300,onsale
6548,Foundations of generic optimization,3,本,86.00,55.90,9781402036651,onsale
6549,Term rewriting,3,本,100.00,65.00,9783540593409,offsale
6550,Languages and compilers for parallel computing,7,本,95.00,61.75,9783540575023,discontinued
6551,Robot building for beginners,3,本,100.00,65.00,9781893115446,offsale
6552,An Introduction to Object-Oriented Programming in C++,6,本,98.00,63.70,9783540760429,onsale
6553,"Algorithms, software, architecture",9,本,108.00,70.20,9780444897503,onsale
6554,Object-oriented analysis and design,7,本,87.00,56.55,9780136302452,onsale
6555,Mathematics for Electrical Engineering and Computing,11,本,80.00,52.00,9780080473406,onsale
6556,"MindTap for Tilley's Systems Analysis and Design, 12th Edition [Instant Access], 2 terms",7,本,107.00,69.55,9780357117859,onsale
6557,The IB computer science dossier,3,本,112.00,72.80,9781876659813,onsale
6558,Introduction to High Performance Scientific Computing,11,本,92.00,59.80,9781611975635,onsale
6559,Mobile Development Digital Inclusion,3,本,96.00,62.40,9781484258132,onsale
6560,Differential equations and boundary value problems,3,本,92.00,59.80,9780130419637,discontinued
6561,Data modeling made simple : a practical guide for business and IT professionals - 2. ed. compl. rev.,13,本,71.00,46.15,9780977140060,discontinued
6562,Soft-computing in human-related sciences,3,本,104.00,67.60,9780849316357,onsale
6563,Practical Approach to Data Structures and Algorithms,9,本,108.00,70.20,9781906574048,onsale
6564,How to Fix Your PC Problems,3,本,100.00,65.00,9780859347051,offsale
6565,Time-Domain Finite Element Methods for Maxwell's Equations in Metamaterials,3,本,100.00,65.00,9783642435249,offsale
6566,Semantic web,3,本,90.00,58.50,9781441943033,onsale
6567,"Detection of Intrusions and Malware, and Vulnerability Assessment",3,本,96.00,62.40,9783319085081,onsale
6568,Programming Languages,6,本,96.00,62.40,9783642409226,onsale
6569,Phrase Mining from Massive Text and Its Applications,3,本,100.00,65.00,9781627059183,offsale
6570,"Structural, Syntactic, and Statistical Pattern Recognition",3,本,96.00,62.40,9783642149801,onsale
6571,Recent Progress in Multivariate Approximation,3,本,108.00,70.20,9783034894982,onsale
6572,Analyzing Time Interval Data,3,本,104.00,67.60,9783658157272,onsale
6573,Fusion methods for unsupervised learning ensembles,17,本,58.00,37.70,9783642162046,discontinued
6574,Advances in case-based reasoning,3,本,96.00,62.40,9783540619550,onsale
6575,The Cognitive Computer,3,本,90.00,58.50,9780201064469,onsale
6576,Mathematical Methods for Physics,12,本,103.00,66.95,9781000261028,offsale
6577,Chemometrics with R,3,本,96.00,62.40,9783642178412,onsale
6578,Advances in Cryptology - EUROCRYPT '99,3,本,110.00,71.50,9783540658894,onsale
6579,Proceedings of the twenty-first international conference on Machine learning,8,本,111.00,72.15,9781581138382,onsale
6580,"Proceedings of the 1996 ACM SIGPLAN International Conference on Functional Programming (ICFP '96), Philadelphia, Pennsylvania, May 24-26, 1996",6,本,110.00,71.50,9780897917704,onsale
6581,USB complete,3,本,96.00,62.40,9781931448116,onsale
6582,Numerical Approximation Methods,3,本,104.00,67.60,9781441998361,onsale
6583,1991 ACM Ninth Annual International Conference on Systems Documentation,3,本,112.00,72.80,9780897914529,onsale
6584,The AI delusion,8,本,111.00,72.15,9780198824305,onsale
6585,"Research in Attacks, Intrusions and Defenses",3,本,100.00,65.00,9783319263618,offsale
6586,Computer Vision -- ECCV 2002,3,本,106.00,68.90,9783540479673,onsale
6587,Network Science and Cybersecurity,10,本,113.00,73.45,9781461475972,onsale
6588,Moving Target Defense II,3,本,96.00,62.40,9781461454175,onsale
6589,Trust Management VII,13,本,75.00,48.75,9783642383243,onsale
6590,"Functional programming, Glasgow 1991",6,本,102.00,66.30,9781447131977,onsale
6591,"Autonomic Computing: Concepts, Infrastructure, and Applications / Editor(s)",3,本,116.00,75.40,9780849393679,onsale
6592,AI for Cars,8,本,101.00,65.65,9781000417197,onsale
6593,CyberPhysical Systems,3,本,88.00,57.20,9781000791525,onsale
6594,Computer Science Reconsidered,3,本,100.00,65.00,9780470125779,offsale
6595,Machine Learning Applications,8,本,107.00,69.55,9783110777055,onsale
6596,Sustainable Energy for Smart Cities,3,本,98.00,63.70,9783031339783,onsale
6597,Formal semantics and pragmatics for natural language querying,3,本,86.00,55.90,9780521354332,onsale
6598,Ernst Zermelo,3,本,98.00,63.70,9783662500972,onsale
6599,Privacy and Identity Management for Life,13,本,91.00,59.15,9783642267987,onsale
6600,Fundamentals of Database Indexing and Searching,5,本,106.00,68.90,9781138033955,onsale
6601,Emotional Cognitive Neural Algorithms with Engineering Applications,8,本,109.00,70.85,9783642228308,onsale
6602,Concise Guide to Computing Foundations,3,本,106.00,68.90,9783319806945,onsale
6603,Writing Virtual Environments For Software Visualization,3,本,96.00,62.40,9781461417545,onsale
6604,Beginning VB.NET,3,本,88.00,57.20,9781280243325,onsale
6605,Evolutionary computation in combinatorial optimization,3,本,92.00,59.80,9783540716143,discontinued
6606,Hybrid evolutionary algorithms,9,本,112.00,72.80,9783540732969,onsale
6607,Structure Discovery in Natural Language,3,本,96.00,62.40,9783642259241,onsale
6608,"Matematica Numerica Esercizi, Laboratori e Progetti",3,本,102.00,66.30,9788847016415,onsale
6609,"Cellular neural networks, multi-scroll chaos and synchronization",8,本,113.00,73.45,9781281347862,offsale
6610,Genetic Programming Theory And Practice Vii,6,本,100.00,65.00,9781441916259,offsale
6611,Building composite applications,3,本,106.00,68.90,9780738489414,onsale
6612,Language technology for cultural heritage,12,本,88.00,57.20,9783642269882,onsale
6613,New developments in parsing technology,12,本,68.00,44.20,9781402022937,onsale
6614,Advances in Visual Informatics,3,本,88.00,57.20,9783030902346,onsale
6615,Theory of Computation (Texts in Computer Science),3,本,108.00,70.20,9781846282973,onsale
6616,Practical Signcryption,3,本,100.00,65.00,9783540894117,offsale
6617,Security and Trust Management,13,本,73.00,47.45,9783642380037,onsale
6618,Guide to e-science,3,本,112.00,72.80,9780857294388,onsale
6619,Object Orientation with Parallelism and Persistence,3,本,100.00,65.00,9781461286257,offsale
6620,User-centered design of systems,3,本,98.00,63.70,9783540760078,onsale
6621,Practical Approach to Corporate Networks Engineering,10,本,125.00,81.25,9788792982094,onsale
6622,Object-Oriented Design for Temporal Gis,7,本,107.00,69.55,9780429079672,onsale
6623,Optimization of Logistics,3,本,112.00,72.80,9781118569689,onsale
6624,Thinking machines,3,本,92.00,59.80,9780381982201,discontinued
6625,The English Language In The Digital Age,3,本,98.00,63.70,9783642306853,onsale
6626,Neural networks,8,本,105.00,68.25,9783540522553,discontinued
6627,Cryptography and lattices,3,本,104.00,67.60,9783540424888,onsale
6628,Prolog++,3,本,86.00,55.90,9780201565072,onsale
6629,Collection and container classes in C++,3,本,94.00,61.10,9780471143376,onsale
6630,Object-Oriented Programming in C++,6,本,96.00,62.40,9780130158857,onsale
6631,UML 2. 0 in Action,3,本,100.00,65.00,9781904811558,offsale
6632,CCENT/CCNA ICND1 100-105 Official Cert Guide,3,本,98.00,63.70,9781587205804,onsale
6633,Python for Microcontrollers,6,本,102.00,66.30,9781259644535,onsale
6634,Information security,3,本,94.00,61.10,9783540643821,onsale
6635,Data Warehouse Systems,3,本,110.00,71.50,9783662651698,onsale
6636,Entertainment Computing - ICEC 2010,3,本,102.00,66.30,9783642153983,onsale
6637,Multimedia Technology,12,本,68.00,44.20,9780321243492,onsale
6638,Statistics for Research,11,本,94.00,61.10,9781412919487,onsale
6639,Participating in explanatory dialogues,3,本,123.00,79.95,9780262133012,offsale
6640,Analysis and Applications of Lattice-Boltzmann Simulations,12,本,76.00,49.40,9781522547624,onsale
6641,Text mining,3,本,106.00,68.90,9780470689653,onsale
6642,Satellite data compression,3,本,102.00,66.30,9781493902439,onsale
6643,Locally decodable codes and private information retrieval schemes,3,本,102.00,66.30,9783642143588,onsale
6644,Guide to Cloud Computing,3,本,106.00,68.90,9781447158288,onsale
6645,Visual C# 2012 How to Program,3,本,94.00,61.10,9780133379334,onsale
6646,SFML Game Development by Example,3,本,106.00,68.90,9781785287343,onsale
6647,Implementing Digital Forensic Readiness,12,本,80.00,52.00,9781138338951,offsale
6648,Real-Time concepts for embedded systems,3,本,90.00,58.50,9781578201242,onsale
6649,Object-oriented programming with Java,6,本,96.00,62.40,9780763714352,onsale
6650,Introduction to information theory and data compression,3,本,98.00,63.70,9780203998090,onsale
6651,Advances in probabilistic graphical models,3,本,108.00,70.20,9783540689942,onsale
6652,MATLAB,12,本,76.00,49.40,9780123850829,onsale
6653,Beginning Ruby on Rails (Wrox Beginning Guides),6,本,98.00,63.70,9780470069158,onsale
6654,Using CRC cards,3,本,100.00,65.00,9780133746792,offsale
6655,Digital arithmetic,12,本,96.00,62.40,9781558607989,onsale
6656,Scripting your world,3,本,96.00,62.40,9780470339831,onsale
6657,Logical Investigative Methods,3,本,94.00,61.10,9780367870140,onsale
6658,Stochastic Optimization for Large-Scale Machine Learning,8,本,134.00,87.10,9781000505610,onsale
6659,Microgrids,3,本,116.00,75.40,9780367487959,onsale
6660,Evolutionary Computation 1,3,本,108.00,70.20,9781351989428,onsale
6661,Data Clustering in C++,3,本,100.00,65.00,9780429109782,offsale
6662,Intelligence and Security Informatics,3,本,90.00,58.50,9783540333623,onsale
6663,Information Security and Digital Forensics,3,本,84.00,54.60,9783642115301,onsale
6664,Digital geography,3,本,98.00,63.70,9781607527282,onsale
6665,Transactions on computational science XIII,3,本,94.00,61.10,9783642226182,onsale
6666,High performance computing in science and engineering '01,12,本,76.00,49.40,9783540426752,onsale
6667,Next generation SSH2 implementation,3,本,112.00,72.80,9781597492836,onsale
6668,Algorithmic Aspects in Information and Management,9,本,116.00,75.40,9783540728689,onsale
6669,Artificial life models in software,3,本,102.00,66.30,9781447156925,onsale
6670,Network security,10,本,111.00,72.15,9781489990013,onsale
6671,Transactions on Data Hiding and Multimedia Security V,3,本,96.00,62.40,9783642142970,onsale
6672,Algebra und Diskrete Mathematik 1,11,本,88.00,57.20,9783540723646,onsale
6673,New foundations for a science of text and discourse,3,本,104.00,67.60,9781567502794,onsale
6674,C++ Programming Fundamentals,6,本,94.00,61.10,9781584502371,onsale
6675,"Introduction to Visual Computing: Core Concepts in Computer Vision, Graphics, and Image Processing",3,本,98.00,63.70,9781482244915,onsale
6676,Binding time,3,本,110.00,71.50,9780893916916,onsale
6677,Computer forensics,3,本,122.00,79.30,9780763779979,offsale
6678,Discovering computers & Microsoft Office 2007,12,本,86.00,55.90,9780538473927,onsale
6679,R for SAS and SPSS users,3,本,96.00,62.40,9781461406853,onsale
6680,Introduction to Networks v6 Companion Guide,10,本,103.00,66.95,9781587133602,onsale
6681,Biometric systems,3,本,79.00,51.35,9781849968867,onsale
6682,Cloud Computing,3,本,92.00,59.80,9783319055053,discontinued
6683,Probabilistic and statistical methods in computer science,3,本,110.00,71.50,9780792372868,onsale
6684,Zend Studio for eclipse developer's guide,17,本,68.00,44.20,9780768680423,onsale
6685,Ruby under a microscope,6,本,102.00,66.30,9781593275273,onsale
6686,Combinatorial Optimization and Applications,3,本,100.00,65.00,9783319037790,offsale
6687,"New trends in software methodologies, tools, and techniques",3,本,104.00,67.60,9781586034559,onsale
6688,Neural and automata networks,8,本,103.00,66.95,9780792306320,onsale
6689,.NET 2.0 for Delphi Programmers,3,本,88.00,57.20,9781484220108,onsale
6690,Introduction to Reversible Computing,3,本,98.00,63.70,9781439873410,onsale
6691,Beginning ASP.NET 1.1 with Visual C# .NET 2003,3,本,96.00,62.40,9780470367353,onsale
6692,Java Software Solutions,6,本,96.00,62.40,9780273760184,onsale
6693,Getting Started with Oracle Data Integrator 11g,5,本,100.00,65.00,9781502922380,onsale
6694,The art of Lisp programming,6,本,108.00,70.20,9783540195689,onsale
6695,Boolean Functions and Their Applications in Cryptography,3,本,112.00,72.80,9783662488638,onsale
6696,Computer Science and its Applications,3,本,94.00,61.10,9783662454015,onsale
6697,BTEC National IT practitioners,17,本,66.00,42.90,9780435456672,offsale
6698,Programming for Computations - MATLAB/Octave,6,本,104.00,67.60,9783319812892,onsale
6699,Hardware Based Packet Classification for High Speed Internet Routers,3,本,118.00,76.70,9781489999542,onsale
6700,Data Structures and Algorithms in Java,9,本,98.00,63.70,9781292040097,discontinued
6701,Advances in Computer Vision,3,本,112.00,72.80,9783709168677,onsale
6702,Learning RxJava,17,本,62.00,40.30,9781787120426,onsale
6703,Cryptographic Boolean Functions and Applications,12,本,64.00,41.60,9780128111291,onsale
6704,Domains and lambda-calculi,3,本,96.00,62.40,9780521622776,onsale
6705,Visual Basic 2005 Made Simple,3,本,94.00,61.10,9781138436343,onsale
6706,Complex-Valued Neural Networks with Multi-Valued Neurons,8,本,105.00,68.25,9783642203527,discontinued
6707,Developments in language theory,3,本,88.00,57.20,9783540404316,onsale
6708,C++,3,本,86.00,55.90,9780131041189,onsale
6709,Inside the Norton Utilities,3,本,102.00,66.30,9780134678870,onsale
6710,Parallel processing,3,本,96.00,62.40,9780387584300,onsale
6711,Object-oriented languages,7,本,99.00,64.35,9780124773905,onsale
6712,"IJCNN-91-SEATTLE, International Joint Conference on Neural Networks",8,本,107.00,69.55,9780780301665,onsale
6713,Advanced parallel processing technologies,3,本,102.00,66.30,9783540296393,onsale
6714,Theoretical aspects of object-oriented programming,6,本,86.00,55.90,9780262071550,onsale
6715,The object concept,3,本,94.00,61.10,9780534204990,onsale
6716,"Fuzzy logic, neural networks, and evolutionary computation",8,本,123.00,79.95,9783540619888,onsale
6717,"PARLE '92, parallel architectures and languages Europe",3,本,116.00,75.40,9780387555997,onsale
6718,"Programming with VisualAge for Java, version 3.5",6,本,96.00,62.40,9780130664945,onsale
6719,Scaling up Machine Learning,8,本,119.00,77.35,9781280484759,onsale
6720,Contemporary Approaches to Military Operations Research,3,本,114.00,74.10,9781799844068,onsale
6721,Cyber Forensics,3,本,86.00,55.90,9781119203452,onsale
6722,Next Generation Intelligent Environments,3,本,79.00,51.35,9781489988577,onsale
6723,Statistical methods for practice and research,3,本,119.00,77.35,9788132101000,onsale
6724,System Modeling and Optimization,3,本,96.00,62.40,9783662455043,onsale
6725,Behavioural Types,3,本,98.00,63.70,9781000799392,onsale
6726,Internet of Things,3,本,112.00,72.80,9781498789035,onsale
6727,Genetic Programming,6,本,94.00,61.10,9783642372063,onsale
6728,UML and data modeling : a reconciliation,3,本,96.00,62.40,9781935504191,onsale
6729,"Directory of Library Automation Software, Systems & Services (Directory of Library Automation Software)",3,本,112.00,72.80,9780938734659,onsale
6730,Real-time object-oriented modeling,7,本,107.00,69.55,9780471599173,onsale
6731,Database Recovery,5,本,116.00,75.40,9781461556992,onsale
6732,Text mining,3,本,100.00,65.00,9780470749821,offsale
6733,Mathematics and computer science III,11,本,98.00,63.70,9783764371289,onsale
6734,Advances in Production Management Systems : Innovative and Knowledge-Based Production Management in a Global-Local World,13,本,87.00,56.55,9783662447369,onsale
6735,Wireless Crime and Forensic Investigation,3,本,96.00,62.40,9781280744327,onsale
6736,Diagnostic imaging,3,本,90.00,58.50,9781118524244,onsale
6737,Introductory Statistics and Random Phenomena,11,本,76.00,49.40,9781461220282,onsale
6738,Pervasive computing,3,本,86.00,55.90,9783540002185,onsale
6739,Model-Based Software Performance Analysis,3,本,88.00,57.20,9783642136221,onsale
6740,Knowledge spaces,14,本,67.00,43.55,9781135681821,onsale
6741,Creating Intelligent Content with Lightweight DITA,3,本,92.00,59.80,9781351187503,discontinued
6742,Computational Diffusion MRI and Brain Connectivity,3,本,106.00,68.90,9783319376844,onsale
6743,A practical guide to data structures and algorithms using java,9,本,96.00,62.40,9780429147104,onsale
6744,Advanced Deep Learning with Keras,8,本,123.00,79.95,9781788629416,onsale
6745,Standard Grade Computing Studies,3,本,88.00,57.20,9780340605561,onsale
6746,Natural Language Processing with Java and LingPipe Cookbook,6,本,114.00,74.10,9781783284689,onsale
6747,HTML5 Game Development Hotshot,3,本,114.00,74.10,9781849695473,onsale
6748,Machine Learning,8,本,111.00,72.15,9781441990129,onsale
6749,Cloud Capacity Management,13,本,71.00,46.15,9781430249245,discontinued
6750,Intelligent automation and systems engineering,12,本,68.00,44.20,9781461403722,onsale
6751,Integral equations,3,本,108.00,70.20,9783764328719,onsale
6752,Computer Algebra and Differential Equations,11,本,84.00,54.60,9780126962604,onsale
6753,Easy object programming for Windows using Visual C₊₊,10,本,105.00,68.25,9780132913379,onsale
6754,Reusable data structures for C,9,本,98.00,63.70,9780137790340,discontinued
6755,Model-driven Software Development Using a Metamodel-based Extension Mechanism for Uml (Informationstechnologie Und Okonomie),7,本,105.00,68.25,9780820498454,onsale
6756,Foundations and Applications of Intelligent Systems,3,本,106.00,68.90,9783642378294,onsale
6757,NeuralSource,8,本,115.00,74.75,9780442237769,onsale
6758,Predictive Modular Neural Networks,8,本,109.00,70.85,9781461555551,onsale
6759,DDS programming for display and printer files,6,本,102.00,66.30,9781882419227,onsale
6760,Pro SQL Server 2008 Replication,5,本,96.00,62.40,9781430218081,onsale
6761,Advances in multi-objective nature inspired computing,3,本,86.00,55.90,9783642112171,onsale
6762,Programs as data objects,3,本,104.00,67.60,9783540449782,onsale
6763,A Comparative Study of Parallel Programming Languages,6,本,104.00,67.60,9780444881359,onsale
6764,Ada Plus Data Structures,9,本,116.00,75.40,9780669292657,onsale
6765,Dds by Example,3,本,102.00,66.30,9781882419371,onsale
6766,Proceedings of the IEEE/IAFE 1995 Computational Intelligence for Financial Engineering (CIFEr),12,本,76.00,49.40,9780780321458,onsale
6767,Validation and verification of knowledge based systems,3,本,104.00,67.60,9780792386452,onsale
6768,Generative programming and component engineering,6,本,121.00,78.65,9783540201021,onsale
6769,GECCO-99,3,本,92.00,59.80,9781558606111,discontinued
6770,Mathematics of program construction,11,本,76.00,49.40,9783540223801,onsale
6771,A mathematical structure for emergent computation,3,本,86.00,55.90,9780792360100,onsale
6772,Automatic quantum computer programming,6,本,94.00,61.10,9781402078941,onsale
6773,When the machine made art,3,本,96.00,62.40,9781623562724,onsale
6774,Building Blockchain Apps,17,本,68.00,44.20,9780136628774,onsale
6775,On concurrent programming,6,本,86.00,55.90,9781461218302,onsale
6776,Computing for KS3,17,本,64.00,41.60,9781471801846,onsale
6777,Representation and retrieval of visual media in multimedia systems,3,本,110.00,71.50,9780585345499,onsale
6778,Diagnostic problem solving,3,本,98.00,63.70,9780946536511,onsale
6779,Materials handling for the printer,3,本,98.00,63.70,9780883622452,onsale
6780,Regularized radial basis function networks,10,本,105.00,68.25,9780471353492,onsale
6781,Thesis projects,3,本,94.00,61.10,9781848000087,onsale
6782,The Simulation of Human Intelligence,3,本,98.00,63.70,9780631185871,onsale
6783,Everyday innovators,3,本,88.00,57.20,9781402038723,onsale
6784,"The proceedings of the Fifth Biennial International CODATA Conference, June 28-July 1 1976, held at the University of Colorado, Boulder, Colorado, USA, at the invitation of the National Academy of Sci",3,本,86.00,55.90,9780080212906,onsale
6785,"Signs, search and communication",3,本,102.00,66.30,9783111869384,onsale
6786,Hardware/software co-design,3,本,100.00,65.00,9780792380139,offsale
6787,Machine Learning and Data Mining in Pattern Recognition,8,本,111.00,72.15,9783319419190,onsale
6788,Social Network Data Analytics,10,本,107.00,69.55,9781441984630,onsale
6789,Analytics for the Internet of Things (IoT): Intelligent analytics for your intelligent devices,3,本,94.00,61.10,9781787120730,onsale
6790,Protocol Engineering,12,本,80.00,52.00,9783642291456,offsale
6791,Guide to Brain-Computer Music Interfacing,3,本,100.00,65.00,9781447165842,offsale
6792,Essential mathematics for games and interactive applications,11,本,92.00,59.80,9781482282818,onsale
6793,"Data structures, files and databases",5,本,104.00,67.60,9780333436905,onsale
6794,High performance computing,3,本,98.00,63.70,9783540436744,onsale
6795,Algorithms and data structures,9,本,116.00,75.40,9783540779773,onsale
6796,Prime numbers and computer methods for factorization,3,本,114.00,74.10,9780817682996,onsale
6797,"Human-Computer Interaction. Applications and Services: 16th International Conference, HCI International 2014, Heraklion, Crete, Greece, June 22-27, ... Part III (Lecture Notes in Computer Science)",3,本,96.00,62.40,9783319072265,onsale
6798,Final Jeopardy,3,本,96.00,62.40,9780547483160,onsale
6799,Computational and Mathematical Modeling in the Social Sciences,3,本,90.00,58.50,9780521853620,onsale
6800,Securing India in the Cyber Era,3,本,102.00,66.30,9780367548506,onsale
6801,Optical Communication Systems,3,本,100.00,65.00,9780429645624,offsale
6802,Model-based reasoning in science and technology,12,本,80.00,52.00,9783642264672,offsale
6803,ACE the IT Resume,3,本,96.00,62.40,9780071492744,onsale
6804,The Geometry of Information Retrieval,11,本,76.00,49.40,9780511543333,onsale
6805,C++ High Performance,3,本,108.00,70.20,9781787124776,onsale
6806,Future Wireless and Optical Networks,10,本,107.00,69.55,9781447162285,onsale
6807,Being Really Virtual,3,本,102.00,66.30,9783319430768,onsale
6808,C++,3,本,90.00,58.50,9780133691900,onsale
6809,Professional LINQ,12,本,76.00,49.40,9780470285039,onsale
6810,Solaris 10 ZFS essentials,17,本,66.00,42.90,9780137049684,offsale
6811,Biologically motivated computer vision,3,本,96.00,62.40,9783540454823,onsale
6812,Oracle PL/SQL recipes,5,本,96.00,62.40,9781430232094,onsale
6813,Optimization For Computer Vision,3,本,98.00,63.70,9781447170655,onsale
6814,Transactional memory,3,本,88.00,57.20,9783031017285,onsale
6815,Collaborative software engineering,7,本,97.00,63.05,9783642102936,onsale
6816,Ainsi naquit l'informatique,3,本,86.00,55.90,9780262131940,onsale
6817,High-performance computing,3,本,84.00,54.60,9780306460340,onsale
6818,CICS/VS,3,本,94.00,61.10,9780471566601,onsale
6819,Applying soft computing in defining spatial relations,6,本,102.00,66.30,9783790817522,onsale
6820,Networked neighbourhoods,10,本,127.00,82.55,9781849965675,onsale
6821,Spss Base 7.5 Syntax Reference Guide,3,本,100.00,65.00,9780136569435,offsale
6822,Discovering computers 2005,12,本,74.00,48.10,9780619202187,onsale
6823,"Detection of intrusions and malware, and vulnerability assessment",3,本,94.00,61.10,9783540736134,onsale
6824,Explorations Of Mathematical Models In Biology With Maple,12,本,70.00,45.50,9781118552162,onsale
6825,Challenges in ad hoc networking,10,本,103.00,66.95,9780387311715,onsale
6826,Evolution of Communication and Language in Embodied Agents,3,本,94.00,61.10,9783642012495,onsale
6827,GraphTheoretic Concepts in Computer Science Lecture Notes in Computer Science Theoretical Computer Sci,3,本,108.00,70.20,9783642258695,onsale
6828,Learning by playing,17,本,60.00,39.00,9783642033636,onsale
6829,The graph isomorphism problem,3,本,88.00,57.20,9781461203346,onsale
6830,Industrial Applications of Holonic and Multi-Agent Systems,3,本,100.00,65.00,9783319228662,offsale
6831,Computers and design in context,3,本,106.00,68.90,9780585296166,onsale
6832,Fuzzy Model Identification,3,本,106.00,68.90,9783642607677,onsale
6833,An introduction to scientific computation and programming,6,本,94.00,61.10,9780534389130,onsale
6834,Visual Usability Principles And Practices For Designing Digital Applications,12,本,76.00,49.40,9780123985361,onsale
6835,Guide To Cloud Computing Principles And Practice,3,本,92.00,59.80,9781447146025,discontinued
6836,Conceptual spaces,3,本,98.00,63.70,9780262071994,onsale
6837,Linked,3,本,102.00,66.30,9780465085736,onsale
6838,Languages and Compilers for Parallel Computing,7,本,115.00,74.75,9783319099668,onsale
6839,A Framework for Visualizing Information,3,本,104.00,67.60,9789048160099,onsale
6840,End user development,3,本,119.00,77.35,9781402042201,onsale
6841,Graph-Theoretic Concepts in Computer Science,3,本,90.00,58.50,9783540411833,onsale
6842,Fast software encryption,3,本,90.00,58.50,9783540440093,onsale
6843,Context management for distributed and dynamic context-aware computing,13,本,65.00,42.25,9781447140214,onsale
6844,Alice in action,12,本,84.00,54.60,9781418837716,onsale
6845,Neuromorphic Cognitive Systems,3,本,100.00,65.00,9783319553085,offsale
6846,Advanced database query systems,5,本,116.00,75.40,9781609604769,onsale
6847,High Performance Computing for Big Data,3,本,106.00,68.90,9780367572891,onsale
6848,Big Data with Hadoop Mapreduce,3,本,106.00,68.90,9781774634844,onsale
6849,Cellular Automata,3,本,90.00,58.50,9783319115207,onsale
6850,The IBM Totalstorage Ds6000 Series,3,本,98.00,63.70,9780738492025,onsale
6851,Grid and Cloud Computing,3,本,98.00,63.70,9783642425257,onsale
6852,Variable-length Codes for Data Compression,3,本,110.00,71.50,9781846289590,onsale
6853,Integrierte Informationsarchitektur,3,本,108.00,70.20,9783540459569,onsale
6854,Advances in Evolutionary Algorithms,9,本,106.00,68.90,9783540317586,offsale
6855,Nature-inspired methods in chemometrics,3,本,86.00,55.90,9780080522623,onsale
6856,Algorithms and Discrete Applied Mathematics,9,本,96.00,62.40,9783319530062,onsale
6857,Mac OS X core dump analysis accelerated,3,本,92.00,59.80,9781908043405,discontinued
6858,The design and implementation of a log-structured file system,3,本,96.00,62.40,9781461359333,onsale
6859,Fuzzy Logic and Soft Computing,3,本,104.00,67.60,9789812830753,onsale
6860,OI programmer's guide,3,本,80.00,52.00,9780131202481,onsale
6861,Expert Systems Lab Course,8,本,103.00,66.95,9783642743030,onsale
6862,Recurrent neural networks for prediction,8,本,117.00,76.05,9780471495178,onsale
6863,Theory of evolutionary algorithms and application to system synthesis,9,本,100.00,65.00,9783728124333,onsale
6864,Pro NuGet,3,本,84.00,54.60,9781430260028,onsale
6865,Programming Languages and Systems,6,本,98.00,63.70,9783540330967,onsale
6866,Analysis and visualization tools for constraint programming,6,本,86.00,55.90,9783540400165,onsale
6867,Metaheuristic procedures for training neural networks,8,本,113.00,73.45,9780387334158,offsale
6868,Data architecture,12,本,74.00,48.10,9780123851277,onsale
6869,Focus on artificial neural networks,8,本,99.00,64.35,9781619421004,onsale
6870,"Speech, audio, image, and biomedical signal processing using neural networks",8,本,123.00,79.95,9783540753988,onsale
6871,Video on demand systems,3,本,110.00,71.50,9780792399490,onsale
6872,Constraints and databases,5,本,106.00,68.90,9780792380450,onsale
6873,Models of neural networks III,8,本,127.00,82.55,9780387943688,onsale
6874,Explanation-Based Neural Network Learning,8,本,105.00,68.25,9781461313816,discontinued
6875,Trends in Artificial Intelligence,8,本,111.00,72.15,9783540547129,onsale
6876,Object-oriented metamethods,7,本,111.00,72.15,9780387982571,onsale
6877,Knowledge-based software engineering,7,本,117.00,76.05,9780792397892,onsale
6878,MFDBS 91,5,本,106.00,68.90,9780387540092,onsale
6879,Evolutionary computation in combinatorial optimization,3,本,96.00,62.40,9783540246527,onsale
6880,Critical Infrastructure Protection IV,3,本,92.00,59.80,9783642423802,discontinued
6881,Exploring the digital domain,3,本,92.00,59.80,9780534231484,discontinued
6882,Introduction to computing using C++ and object technology,12,本,66.00,42.90,9780132681520,onsale
6883,The complete e-commerce book,13,本,65.00,42.25,9781138412422,onsale
6884,Logical Foundations of Computer Science,3,本,102.00,66.30,9783030930998,onsale
6885,Informatik,3,本,102.00,66.30,9783540068990,onsale
6886,"Grids, P2P and services computing",3,本,102.00,66.30,9781441967930,onsale
6887,Algorithms and computation,9,本,106.00,68.90,9783540456780,offsale
6888,Scientific data analysis using Jython scripting and Java,6,本,116.00,75.40,9781849962865,onsale
6889,Python Parallel Programming Cookbook,6,本,114.00,74.10,9781785289583,onsale
6890,Data structured program design,9,本,104.00,67.60,9780131968417,onsale
6891,The essence of object-oriented programming with Java and UML,6,本,123.00,79.95,9780201734102,offsale
6892,Algorithm design,9,本,92.00,59.80,9780133072525,onsale
6893,Digital Da Vinci,3,本,100.00,65.00,9781493905362,offsale
6894,SIGCSE '08,17,本,76.00,49.40,9781595939470,onsale
6895,"Formal description techniques and protocol specification, testing and verification",10,本,105.00,68.25,9781475752601,onsale
6896,Explanation and Interaction,3,本,90.00,58.50,9780262303484,onsale
6897,Data Mining for Bioinformatics,8,本,107.00,69.55,9781466521506,onsale
6898,Introductory MEMS,3,本,94.00,61.10,9780387095103,onsale
6899,"Sensors, Cloud, and Fog",3,本,121.00,78.65,9781000020717,onsale
6900,Large Eddy Simulation of Turbulent Incompressible Flows,3,本,90.00,58.50,9783540406433,onsale
6901,Comprehensive mathematics for computer scientists,11,本,86.00,55.90,9783540208358,onsale
6902,"Network Algorithmics,",9,本,104.00,67.60,9780120884773,onsale
6903,Cryptanalytic Attacks on RSA,3,本,108.00,70.20,9780387487427,onsale
6904,Programming in C++ for engineering and science,6,本,98.00,63.70,9781439825341,onsale
6905,Inside CORBA,3,本,94.00,61.10,9780201895407,onsale
6906,Multilevel modeling of categorical outcomes using IBM SPSS,3,本,96.00,62.40,9781136672354,onsale
6907,Information theory and the brain,3,本,94.00,61.10,9780511825248,onsale
6908,Guide to Scientific Computing in C++,3,本,102.00,66.30,9781447127369,onsale
6909,Advanced topics in bisimulation and coinduction,3,本,106.00,68.90,9781139153799,onsale
6910,Schaum's outline of UML,3,本,98.00,63.70,9780077096731,onsale
6911,An Introduction to Statistical Modeling of Extreme Values,3,本,104.00,67.60,9781447136767,onsale
6912,Information Technology,12,本,74.00,48.10,9780256218480,onsale
6913,SPSS 14.0 Guide to Data Analysis,3,本,100.00,65.00,9780131995284,offsale
6914,Open Systems Dependability,3,本,104.00,67.60,9780367738174,onsale
6915,Understanding SCA (Service Component Architecture),3,本,102.00,66.30,9780321617897,onsale
6916,Advances in Information Technology,12,本,74.00,48.10,9783642103926,onsale
6917,Computational Collective Intelligence,3,本,98.00,63.70,9783642166921,onsale
6918,Object management in distributed database systems for stationary and mobile computing environments,5,本,96.00,62.40,9781402076008,onsale
6919,Advances in AI and simulation,8,本,103.00,66.95,9780911801507,onsale
6920,A performance monitor for parallel programs,3,本,94.00,61.10,9780125863308,onsale
6921,Fast Software Encryption,3,本,96.00,62.40,9783540204497,onsale
6922,Professional Dcom Programming,6,本,86.00,55.90,9781861000606,onsale
6923,Object-oriented programming,6,本,118.00,76.70,9780766838949,onsale
6924,Object-Oriented Design Using Java,6,本,98.00,63.70,9780072974164,onsale
6925,Java For Artists,6,本,94.00,61.10,9781932504057,onsale
6926,Perl 5 how-to,6,本,104.00,67.60,9781571691187,onsale
6927,Self-organizing map formation,3,本,86.00,55.90,9780262650601,onsale
6928,Object-oriented programming using C++,6,本,90.00,58.50,9780619033613,onsale
6929,Ada 95,3,本,82.00,53.30,9780132303507,onsale
6930,AS/400 data management fundamentals,5,本,114.00,74.10,9780789500458,onsale
6931,C++ object-oriented programming,6,本,102.00,66.30,9780333589373,onsale
6932,Object-oriented programming with smalltalk/V,6,本,86.00,55.90,9780136302940,onsale
6933,The revolutionary guide to OOP using C++,3,本,98.00,63.70,9781874416180,onsale
6934,The Inventor mentor,3,本,90.00,58.50,9780201624953,onsale
6935,ARM Exploitation,3,本,100.00,65.00,9781119745815,offsale
6936,High Performance Python,6,本,102.00,66.30,9780596522087,onsale
6937,Object-Oriented Programming and Java,6,本,112.00,72.80,9781846289637,onsale
6938,Introduction to programming using Java,6,本,84.00,54.60,9780201311846,onsale
6939,Reengineering COBOL with objects,12,本,78.00,50.70,9780070377745,onsale
6940,The OPEN process specification,3,本,121.00,78.65,9780201331332,onsale
6941,Hands-On Natural Language Processing with Python: A practical guide to applying deep learning architectures to your NLP applications,8,本,127.00,82.55,9781789139495,onsale
6942,Natural Language Processing with TensorFlow: Teach language to machines using Python's deep learning library,8,本,119.00,77.35,9781788478311,onsale
6943,Pattern-Oriented Software Architecture,3,本,94.00,61.10,9780470059029,onsale
6944,PHP CLI: Create Command Line Interface Scripts with PHP,6,本,100.00,65.00,9781484222379,offsale
6945,Natural Language Processing with Java (Community Experience Distilled),6,本,116.00,75.40,9781784391799,onsale
6946,Mastering JavaScript Object-Oriented Programming,6,本,108.00,70.20,9781785889103,onsale
6947,Windows PowerShell Desired State Configuration Revealed,10,本,103.00,66.95,9781484200179,onsale
6948,C++ and object-oriented programming,6,本,96.00,62.40,9780023598524,onsale
6949,Programming with Microsoft Visual Basic 6.0,6,本,86.00,55.90,9780760010761,onsale
6950,Developing Enterprise Chatbots,3,本,88.00,57.20,9783030042981,onsale
6951,Advances in Object-Oriented Metalevel Architectures and Reflection,7,本,111.00,72.15,9780849326639,onsale
6952,Object-Oriented Network Programming in C,10,本,99.00,64.35,9780201633566,onsale
6953,Informática gráfica,3,本,112.00,72.80,9788417429874,onsale
6954,"Advanced Object-Oriented Programming in R: Statistical Programming for Data Science, Analysis and Finance",6,本,104.00,67.60,9781484229187,onsale
6955,File design and programming,6,本,92.00,59.80,9780471823117,discontinued
6956,Mastering AI tools and techniques,8,本,99.00,64.35,9780672226120,onsale
6957,Applied natural language processing,3,本,102.00,66.30,9780894332609,onsale
6958,Data Structures & Algorithms in Java 2nd Edition with Sun Java 2 SDK Sun Forte and Text Pad Set,9,本,100.00,65.00,9780471415077,onsale
6959,Creating Brain-Like Intelligence,3,本,92.00,59.80,9783642006166,discontinued
6960,100 SOA questions,3,本,84.00,54.60,9780137080205,onsale
6961,Use of files,3,本,104.00,67.60,9780444195685,onsale
6962,Interactive Object Oriented Programming in Java: Learn and Test Your Skills,6,本,92.00,59.80,9781484225431,discontinued
6963,Natural language processing,3,本,94.00,61.10,9780894331008,onsale
6964,Java with Object-Oriented Programming,6,本,102.00,66.30,9780534392765,onsale
6965,SPSS made simple,3,本,100.00,65.00,9780534199920,offsale
6966,Information brokering across heterogeneous digital data,3,本,96.00,62.40,9780306470288,onsale
6967,Experimental Algorithms,9,本,98.00,63.70,9783540839002,discontinued
6968,Fast Software Encryption,3,本,106.00,68.90,9783540365976,onsale
6969,The Verilog® Hardware Description Language,3,本,112.00,72.80,9781475775891,onsale
6970,Foundation ActionScript for Flash 8,3,本,82.00,53.30,9781430213505,onsale
6971,Internet of Things,17,本,56.00,36.40,9780071835206,onsale
6972,Building multiservice transport networks,10,本,105.00,68.25,9781587142451,onsale
6973,Hybrid Learning,17,本,68.00,44.20,9783642227639,onsale
6974,Introduction to Topological Quantum Matter and Quantum Computation,3,本,94.00,61.10,9781351722537,onsale
6975,Biomechanical models for soft tissue simulation,3,本,104.00,67.60,9783662035894,onsale
6976,Wikis,3,本,106.00,68.90,9781843341789,onsale
6977,Advances in Digital Forensics VI,3,本,96.00,62.40,9783642423383,onsale
6978,Realm of ghosts,3,本,84.00,54.60,9781669000112,onsale
6979,Multi-objective optimization using evolutionary algorithms,9,本,112.00,72.80,9780471873396,onsale
6980,Text Analysis with R for Students of Literature,2,本,60.00,39.00,9783319349190,offsale
6981,Introduction to Secondary Data Analysis with IBM SPSS Statistics,11,本,94.00,61.10,9781446285763,onsale
6982,Studying and Researching with Social Media,3,本,106.00,68.90,9781446269718,onsale
6983,Globus Toolkit 4,3,本,88.00,57.20,9780123694041,onsale
6984,Advances in information and computer security,3,本,108.00,70.20,9783540476993,onsale
6985,Algorithms Unplugged,9,本,98.00,63.70,9783642153280,discontinued
6986,Provable Security,3,本,94.00,61.10,9783319474212,onsale
6987,Platform Embedded Security Technology Revealed: Safeguarding the Future of Computing with Intel Embedded Security and Management Engine,12,本,76.00,49.40,9781430265719,onsale
6988,Applications of Logic Databases,5,本,98.00,63.70,9781461522072,onsale
6989,Data Structures and Algorithms: A First Course,9,本,88.00,57.20,9781447110231,onsale
6990,An Introduction to Data Structures and Algorithms,9,本,94.00,61.10,9781461266013,onsale
6991,Mathematics for computer programmers,11,本,70.00,45.50,9780135621400,onsale
6992,Simulation,3,本,102.00,66.30,9781280269394,onsale
6993,Ada plus data structures,9,本,118.00,76.70,9780763737948,onsale
6994,Data Structures and Problem Solving Using C++,9,本,100.00,65.00,9780321159915,onsale
6995,Learning Objective-C 2.0,17,本,60.00,39.00,9780133047387,onsale
6996,Artificial Neural Networks for Engineering Applications,8,本,107.00,69.55,9780128182482,onsale
6997,How to run a hard disk PC,3,本,106.00,68.90,9780673380579,onsale
6998,Natural Language Communication with Pictorial Information Systems,3,本,102.00,66.30,9783642822872,onsale
6999,Complexity of Lattice Problems,3,本,106.00,68.90,9781461508977,onsale
7000,INTRODUCTION TO PARALLEL AND VECTOR SCIENTIFIC COMPUTING,3,本,94.00,61.10,9780521683371,onsale
7001,Feasible mathematics,11,本,92.00,59.80,9780817634834,onsale
7002,Graph theoretic concepts in computer science,3,本,106.00,68.90,9783540467847,onsale
7003,Handbook of Applications Development,3,本,90.00,58.50,9780791324141,onsale
7004,Software frameworks and embedded control systems,3,本,98.00,63.70,9783540431893,onsale
7005,Microsoft Windows server 2003 administrator's pocket consultant,10,本,115.00,74.75,9780735691278,onsale
7006,Applications of membrane computing,3,本,88.00,57.20,9783540250173,onsale
7007,Discovering computers,12,本,84.00,54.60,9781439079454,onsale
7008,Java Enterprise best practices,6,本,98.00,63.70,9780596003845,onsale
7009,Algorithms and theory of computation handbook,9,本,112.00,72.80,9781584888222,onsale
7010,Research directions in object-oriented programming,6,本,94.00,61.10,9780262192644,onsale
7011,Building Cocoa applications,3,本,88.00,57.20,9780596002350,onsale
7012,Linked,3,本,100.00,65.00,9780452284395,offsale
7013,Social Understanding,3,本,102.00,66.30,9789400734692,onsale
7014,Statistical methods in bioinformatics,3,本,104.00,67.60,9780387952291,onsale
7015,Intelligent information retrieval,3,本,102.00,66.30,9780792322955,onsale
7016,Genetic programming theory and practice III,6,本,88.00,57.20,9780387281100,onsale
7017,Beginning Math and Physics for Game Programmers (New Riders Games),12,本,74.00,48.10,9780735713901,onsale
7018,Functional Programming in Java: How functional techniques improve your Java programs,6,本,102.00,66.30,9781617292736,onsale
7019,Think Perl 6: How to Think Like a Computer Scientist,6,本,102.00,66.30,9781491980552,onsale
7020,"Building JavaScript Games: for Phones, Tablets, and Desktop",6,本,92.00,59.80,9781430265382,discontinued
7021,Oracle Data Guard 11gR2 Administration Beginner's Guide,5,本,124.00,80.60,9781849687904,onsale
7022,Optical Network Design and Modelling,10,本,121.00,78.65,9781475760897,onsale
7023,PRIMA 2024 : Principles and Practice of Multi-Agent Systems,3,本,96.00,62.40,9783031773662,onsale
7024,Rapid prototyping for object-oriented systems,7,本,85.00,55.25,9780201550245,onsale
7025,Principles of data structures using C and C++,9,本,106.00,68.90,9788122418583,offsale
7026,Oracle Soa Governance 11g Implementation,5,本,124.00,80.60,9781849689083,onsale
7027,Fundamentals of the theory of computation,14,本,73.00,47.45,9781558604742,offsale
7028,Perl debugged,6,本,123.00,79.95,9780201700541,offsale
7029,OpenCL in action,3,本,98.00,63.70,9781617290176,onsale
7030,Artificial Intelligence and Cognitive Science,8,本,107.00,69.55,9783540457503,onsale
7031,Geostatistical case studies,3,本,100.00,65.00,9789400933842,offsale
7032,Qualitative analysis and synthesis of recurrent neural networks,8,本,115.00,74.75,9781482275780,onsale
7033,Grammatical Picture Generation,3,本,96.00,62.40,9783540325079,onsale
7034,Service delivery platforms,3,本,108.00,70.20,9781439800898,onsale
7035,Oracle Database 12c PLSQL Programming,5,本,100.00,65.00,9780071812436,onsale
7036,Virtual decisions,3,本,108.00,70.20,9780805849943,onsale
7037,C&& all-in-one desk reference for dummies,3,本,104.00,67.60,9780764517952,onsale
7038,Textpattern Solutions: PHP-Based Content Management Made Easy,6,本,100.00,65.00,9781590598320,offsale
7039,Discrete mathematics,9,本,102.00,66.30,9780821841518,onsale
7040,Advanced Topics in Term Rewriting,3,本,102.00,66.30,9780387952505,onsale
7041,Introduction to Data Compression Standards (Electrical Engineering),12,本,70.00,45.50,9780442019921,onsale
7042,Kompendium der diskreten Mathematik,3,本,108.00,70.20,9783486781328,onsale
7043,Discrete and computational mathematics,11,本,113.00,73.45,9781600218101,offsale
7044,Discrete mathematics for computer science,9,本,92.00,59.80,9780132122719,onsale
7045,Izbrannye trudy,3,本,86.00,55.90,9785020303447,onsale
7046,A user-friendly introduction to discrete mathematics for computer science,9,本,112.00,72.80,9780869818107,onsale
7047,Applications of continuous mathematics to computer science,11,本,88.00,57.20,9780792347224,onsale
7048,Nondeterminism in algebraic specifications and algebraic programs,11,本,82.00,53.30,9783764337001,discontinued
7049,Discrete mathematics for computing,9,本,94.00,61.10,9780412456503,onsale
7050,Discrete Mathematics 1 (Cambridge Advanced Level Mathematics),9,本,96.00,62.40,9780521786102,onsale
7051,Discrete Mathematics 2 for AQA,9,本,90.00,58.50,9780521006552,onsale
7052,De Motu and the Analyst,3,本,96.00,62.40,9789401125925,onsale
7053,Discrete Mathematics,9,本,102.00,66.30,9780201883367,onsale
7054,DNA Computing and Molecular Programming,6,本,110.00,71.50,9783319439938,onsale
7055,Multicore,3,本,92.00,59.80,9783540731146,discontinued
7056,Advances in Cryptology -- CRYPTO' 89 Proceedings,3,本,102.00,66.30,9780387348056,onsale
7057,Advances in Cryptology -- EUROCRYPT' 87,3,本,92.00,59.80,9783540391180,discontinued
7058,Advances in Cryptology 1981-1997,3,本,112.00,72.80,9783540496779,onsale
7059,Discrete mathematics,9,本,100.00,65.00,9780155176911,onsale
7060,Mathematics for programmers,11,本,76.00,49.40,9780135634042,onsale
7061,Systems programming,6,本,86.00,55.90,9780136067122,onsale
7062,Discrete Structures in Five Chapters,3,本,108.00,70.20,9781449976613,onsale
7063,Elektronische Signaturen in modernen Gescha ftsprozessen,3,本,114.00,74.10,9783834891686,onsale
7064,IT-Sicherheit mit System,3,本,110.00,71.50,9783834894328,onsale
7065,Discrete mathematics,9,本,90.00,58.50,9780030032783,onsale
7066,Medienberufe: Der erfolgreiche Weg zum Ziel,3,本,96.00,62.40,9783540309086,onsale
7067,Discrete mathematics,9,本,116.00,75.40,9780673462879,onsale
7068,Discrete mathematics,9,本,106.00,68.90,9780673181916,offsale
7069,Trading on the Edge,3,本,90.00,58.50,9780470310656,onsale
7070,Topics in parallel computing in mathematical programming,6,本,84.00,54.60,9781880132111,onsale
7071,Fourth International Conference on High Performance Computing,12,本,82.00,53.30,9780818680670,onsale
7072,Understanding Learning In Virtual Worlds,17,本,70.00,45.50,9781447153696,onsale
7073,Probability Companion for Engineering and Computer Science,11,本,88.00,57.20,9781108635349,onsale
7074,Discovering Statistics Using IBM SPSS Statistics,11,本,94.00,61.10,9781526445766,onsale
7075,Knowledge Management Systems for Business,13,本,71.00,46.15,9781567202182,discontinued
7076,Automatic Text Simplification,3,本,110.00,71.50,9781627058698,onsale
7077,Natural Language Processing for the Semantic Web,3,本,96.00,62.40,9781681732343,onsale
7078,Natural Language Data Management and Interfaces,5,本,100.00,65.00,9781681734101,onsale
7079,Your Statistical Consultant,3,本,100.00,65.00,9781506374673,offsale
7080,Introducing LISREL,3,本,90.00,58.50,9781306323338,onsale
7081,Automated Data Analytics,3,本,106.00,68.90,9781394325498,onsale
7082,Proceedings of the Seventh IEEE International Conference on Cognitive Informatics,14,本,73.00,47.45,9781424425389,offsale
7083,Database and expert systems applications,5,本,110.00,71.50,9783642035739,offsale
7084,Intelligent Engineering Systems Through Artificial Neural Networks,8,本,113.00,73.45,9780791800980,offsale
7085,Statistical and Neural Classifiers,8,本,117.00,76.05,9781852332976,onsale
7086,Empirical methods and studies in software engineering,7,本,93.00,60.45,9783540451433,onsale
7087,Industrial used of formal method,3,本,94.00,61.10,9781848213630,onsale
7088,Advanced Rails,3,本,106.00,68.90,9780596555085,onsale
7089,Powershell And Wmi,3,本,100.00,65.00,9781638352617,offsale
7090,Software specification,3,本,90.00,58.50,9781567500332,onsale
7091,Role-based access controls,3,本,96.00,62.40,9781580533706,onsale
7092,Reinforcement Learning for Adaptive Dialogue Systems,17,本,64.00,41.60,9783642249433,onsale
7093,The great interactive dream machine,3,本,88.00,57.20,9781101174357,onsale
7094,Elsevier's dictionary of computer science and mathematics,11,本,88.00,57.20,9780444818164,onsale
7095,Statistical fundamentals,3,本,94.00,61.10,9780991104642,onsale
7096,The Usborne internet-linked library of science,3,本,102.00,66.30,9781580863742,onsale
7097,Visual studio tools for office,3,本,82.00,53.30,9780321468000,onsale
7098,OCA Oracle Database SQL Exam Guide (Exam 1Z0-071),5,本,118.00,76.70,9781259584619,onsale
7099,Learning MIT App Inventor,17,本,64.00,41.60,9780133798630,onsale
7100,Handbook of Iris Recognition,3,本,104.00,67.60,9781447173892,onsale
7101,Learning Pixelmator,17,本,88.00,57.20,9781849694698,offsale
7102,Cognition and personal structure,3,本,104.00,67.60,9780275926069,onsale
7103,Generalized Quantifiers and Computation,3,本,102.00,66.30,9783540465836,onsale
7104,Adobe Illustrator Classroom in a Book (2020 Release),17,本,48.00,31.20,9780136503033,onsale
7105,SCJD Exam with J2SE 5,3,本,82.00,53.30,9781430212713,onsale
7106,Fault tolerant computer architecture,10,本,121.00,78.65,9781598299533,onsale
7107,The Dictionary of Computer Graphics Technology and Applications,12,本,68.00,44.20,9781468404111,onsale
7108,3D Video and Its Applications,3,本,86.00,55.90,9781447141204,onsale
7109,Invasive Tightly Coupled Processor Arrays,3,本,100.00,65.00,9789811093173,offsale
7110,Simulation of Urban Mobility,3,本,108.00,70.20,9783662450789,onsale
7111,Computers Supported Education,17,本,80.00,52.00,9783319946399,onsale
7112,Multimedia Tools and Applications,3,本,90.00,58.50,9781461286004,onsale
7113,Robust Motion Detection in Real-Life Scenarios,3,本,92.00,59.80,9781447142164,discontinued
7114,Proceedings of National Conference on Methods and Models in Computing (NCM2C 2008),3,本,102.00,66.30,9788184244328,onsale
7115,Proceedings of National Conference on Methods and Models in Computing,3,本,98.00,63.70,9798184242712,onsale
7116,The Computer - My Life,3,本,92.00,59.80,9783642081514,discontinued
7117,Intelligent systems,3,本,100.00,65.00,9783642134289,offsale
7118,"Computer, neue Flügel des Geistes?",3,本,88.00,57.20,9783110148084,onsale
7119,Algebraic specification of communication protocols,11,本,86.00,55.90,9780521418836,onsale
7120,The Twofish Encryption Algorithm,9,本,98.00,63.70,9780471353812,discontinued
7121,"Defending Your Digital Assets Against Hackers, Crackers, Spies, and Thieves",3,本,86.00,55.90,9780072130249,onsale
7122,Generic and Energy-Efficient Context-Aware Mobile Sensing,3,本,104.00,67.60,9780429162886,onsale
7123,Radio Resource Management Using Geometric Water-Filling,13,本,75.00,48.75,9783319046372,onsale
7124,"Proceedings of the SIGPLAN'88 Conference on Programming Language Design and Implementation, Atlanta, Georgia, June 22-24, 1988",6,本,112.00,72.80,9780897912693,onsale
7125,Advanced windows debugging,10,本,99.00,64.35,9780321534491,onsale
7126,Illustrated C# 2005,3,本,100.00,65.00,9781590597231,offsale
7127,Data Management Essentials Using SAS and JMP,5,本,96.00,62.40,9781107114562,onsale
7128,Software engineeringin C,7,本,111.00,72.15,9780387965741,onsale
7129,Memory and context for language interpretation,3,本,92.00,59.80,9780521103589,discontinued
7130,Advances in high performance computing and computational sciences,3,本,96.00,62.40,9783540338642,onsale
7131,Object-Oriented Game Development,7,本,95.00,61.75,9780321176608,discontinued
7132,Component-Based Software Testing with UML,3,本,98.00,63.70,9783540208648,onsale
7133,Computer science,3,本,84.00,54.60,9780131642522,onsale
7134,Cryptography and network security,10,本,101.00,65.65,9780136097044,discontinued
7135,Information systems programming with Java,6,本,123.00,79.95,9780131018600,offsale
7136,Ubiquitous and Mobile Learning in the Digital Age,17,本,62.00,40.30,9781461433286,onsale
7137,"Initial computability, algebraic specifications, and partial algebras",11,本,82.00,53.30,9783112573426,discontinued
7138,Spatial data analysis in ecology and agriculture using R,3,本,96.00,62.40,9780367732325,onsale
7139,Ransomware,3,本,112.00,72.80,9781491967881,onsale
7140,Algorithms for Sensor Systems,9,本,110.00,71.50,9783319727509,onsale
7141,Discovering Computers 2009,12,本,72.00,46.80,9781423927006,discontinued
7142,"Discovering Computers, Brief",12,本,82.00,53.30,9781285082387,onsale
7143,Discovering Computers - Complete,12,本,78.00,50.70,9781285082356,onsale
7144,Discovering Computers - Introductory,12,本,76.00,49.40,9781285082363,onsale
7145,"Discovering Computers 2014, Brief",12,本,82.00,53.30,9781285162874,onsale
7146,Aspects of molecular computing,3,本,96.00,62.40,9783540207818,onsale
7147,Study Guide for ShellyVermaats Discovering Computers 2011,12,本,74.00,48.10,9781439080146,onsale
7148,Sofsem 2012 Theory And Practice Of Computer Science 38th Conference On Current Trends In Theory And Practice Of Computer Science Spindleruv Mlyn Czech Republic January 2127 2012 Proceedings,3,本,102.00,66.30,9783642276590,onsale
7149,Discovering Computers 2011 Living In A Digital World,12,本,80.00,52.00,9781439079423,offsale
7150,The silicon jungle,3,本,98.00,63.70,9780691147543,onsale
7151,Integrating CORBA and COM applications,3,本,104.00,67.60,9780471198277,onsale
7152,COM-CORBA interoperability,3,本,98.00,63.70,9780130962775,onsale
7153,Pattern recognition using neural networks,8,本,107.00,69.55,9780195079203,onsale
7154,Trends in Parsing Technology,12,本,82.00,53.30,9789048193523,onsale
7155,The Cgm Handbook,3,本,84.00,54.60,9780125105606,onsale
7156,AI and SWARM,8,本,119.00,77.35,9780429645792,onsale
7157,. Net mobile Web developers guide,3,本,116.00,75.40,9781928994565,onsale
7158,Handbook Of Mobile Ad Hoc Networks For Mobility Models,10,本,101.00,65.65,9781441960504,discontinued
7159,Automating Vision,3,本,115.00,74.75,9781000061031,onsale
7160,Java enterprise in a nutshell,6,本,106.00,68.90,9782841771288,onsale
7161,"Computer Safety, Reliability, and Security",3,本,94.00,61.10,9783030555825,onsale
7162,Curves and Surfaces,3,本,98.00,63.70,9783642274138,onsale
7163,Practical Numerical and Scientific Computing with Matlab and Python,6,本,96.00,62.40,9780429664106,onsale
7164,What should be computed to understand and model brain function?,3,本,100.00,65.00,9789810245184,offsale
7165,Multiobjective problem solving from nature,3,本,98.00,63.70,9783540729631,onsale
7166,Genetic programming theory and practice IV,6,本,102.00,66.30,9780387333755,onsale
7167,Domain-level reasoning for spoken dialogue systems,3,本,104.00,67.60,9781441997272,onsale
7168,Advances in visual information management,5,本,120.00,78.00,9780792378358,onsale
7169,Democratization of Expertise,3,本,114.00,74.10,9780367859459,onsale
7170,The Psychology of Expertise,16,本,82.00,53.30,9781138989771,onsale
7171,Forest growth and yield modeling,3,本,94.00,61.10,9781119971511,onsale
7172,Fundamental Issues in Defense Training and Simulation,3,本,90.00,58.50,9781317131366,onsale
7173,Object-oriented software metrics,7,本,95.00,61.75,9780131792920,discontinued
7174,Random generation of trees,3,本,110.00,71.50,9780792395287,onsale
7175,Compiler Construction,7,本,95.00,61.75,9783540075424,discontinued
7176,Apprendre et Maitriser MATLAB,3,本,104.00,67.60,9783540627739,onsale
7177,Swift Data Structure and Algorithms,9,本,114.00,74.10,9781785884504,onsale
7178,Introduction to evolvable hardware,3,本,96.00,62.40,9780470049716,onsale
7179,VLSI-SoC,3,本,100.00,65.00,9783319370934,offsale
7180,"Security, Privacy and Reliability in Computer Communications and Networks",10,本,131.00,85.15,9788793379909,offsale
7181,Recent Advances in Intrusion Detection,3,本,92.00,59.80,9783642236440,discontinued
7182,Introduction to scientific visualization,3,本,110.00,71.50,9781846284946,onsale
7183,Geometric Modelling,3,本,88.00,57.20,9783211836033,onsale
7184,Creating and Animating the Virtual World,3,本,106.00,68.90,9784431681885,onsale
7185,Graph drawing,3,本,106.00,68.90,9783540458487,onsale
7186,Sectional anatomy for imaging professionals,15,本,82.00,53.30,9780323414876,onsale
7187,Computed synchronization for multimedia applications,3,本,106.00,68.90,9780792385653,onsale
7188,Special edition using Java 2,6,本,116.00,75.40,9780789724687,onsale
7189,Interactive system identification,3,本,96.00,62.40,9783642486203,onsale
7190,Design patterns in object-oriented ABAP,7,本,109.00,70.85,9781592292639,onsale
7191,Algorithms - ESA 2014,9,本,114.00,74.10,9783662447765,onsale
7192,The Definitive Guide to MongoDB,3,本,86.00,55.90,9781430230519,onsale
7193,Beginning DB2,3,本,88.00,57.20,9781430217336,onsale
7194,Java 6 Platform Revealed,6,本,108.00,70.20,9781590596609,onsale
7195,Integration of services into workflow applications,3,本,102.00,66.30,9780429069284,onsale
7196,Professional Parallel Programming with C#,6,本,102.00,66.30,9781118029787,onsale
7197,Intelligent Computer Graphics 2010,3,本,100.00,65.00,9783642156915,offsale
7198,Virtual and augmented reality applications in manufacturing,3,本,106.00,68.90,9781852337964,onsale
7199,Computational Intelligence and Intelligent Systems,3,本,94.00,61.10,9783642049620,onsale
7200,Mathematical Foundations of Information Retrieval,3,本,94.00,61.10,9789401007528,onsale
7201,Advances in Genetic Programming,6,本,100.00,65.00,9780585048444,offsale
7202,Computerexperimente,3,本,118.00,76.70,9783899429862,onsale
7203,Beginning GIMP,3,本,116.00,75.40,9781590595879,onsale
7204,Evil Genius (Genius #1),3,本,88.00,57.20,9780152061852,onsale
7205,Interconnections for Computer Communications and Packet Networks,10,本,101.00,65.65,9781315356037,discontinued
7206,Security protocols,3,本,84.00,54.60,9783540640400,onsale
7207,Applying OMT,3,本,102.00,66.30,9781884842108,onsale
7208,Lost Tribes,3,本,106.00,68.90,9780997051377,onsale
7209,Artificial Intelligence Techniques for Rational Decision Making,8,本,119.00,77.35,9783319382982,onsale
7210,Snap to Grid,3,本,98.00,63.70,9780262621588,onsale
7211,High Performance Computing in Science and Engineering '11,12,本,80.00,52.00,9783642238680,offsale
7212,Algebraic aspects of the Advanced Encryption Standard,11,本,98.00,63.70,9780387368429,onsale
7213,Learn Powershell Toolmaking In A Month Of Lunches,3,本,98.00,63.70,9781617291166,onsale
7214,Drug Design,12,本,82.00,53.30,9780854048168,onsale
7215,Visual modeling with Rational Rose and UML,3,本,117.00,76.05,9780201310160,onsale
7216,Research and development in intelligent systems XXV,8,本,115.00,74.75,9781848821705,onsale
7217,"EXP, the font development kit",3,本,88.00,57.20,9780534133290,onsale
7218,Experimental Algorithms,9,本,104.00,67.60,9783642385261,onsale
7219,Security and Cryptography for Networks,10,本,107.00,69.55,9783319981123,onsale
7220,Build your own database,5,本,112.00,72.80,9780838907504,onsale
7221,Linear and Nonlinear Integral Equations,3,本,94.00,61.10,9783642214509,onsale
7222,Microsoft Visual C#,12,本,70.00,45.50,9798214001906,onsale
7223,Integer Programming and Combinatorial Optimization,6,本,98.00,63.70,9783319075570,onsale
7224,Translational Recurrences,3,本,100.00,65.00,9783319095318,offsale
7225,Information Systems Security,3,本,96.00,62.40,9783642107726,onsale
7226,Handbook of mathematical models in computer vision,3,本,106.00,68.90,9781441938855,onsale
7227,Visual Analysis of Humans,3,本,122.00,79.30,9780857299987,offsale
7228,Text entry systems,12,本,90.00,58.50,9780080489797,onsale
7229,Geometric and engineering drawing,12,本,74.00,48.10,9780367431273,onsale
7230,How to use Evernote for genealogy,3,本,92.00,59.80,9781440343834,discontinued
7231,"Approximation, Randomization, and Combinatorial Optimization. Algorithms and Techniques",9,本,108.00,70.20,9783642229367,onsale
7232,The Social Life of Information,13,本,83.00,53.95,9781578517084,onsale
7233,Mathematical Foundations of Computer Science 2013,3,本,88.00,57.20,9783642403125,onsale
7234,Using Statistics in the Social and Health Sciences with SPSS and Excel,11,本,78.00,50.70,9781119121077,onsale
7235,Intelligent Computing Methodologies,3,本,90.00,58.50,9783030267650,onsale
7236,WALCOM: Algorithms and Computation,9,本,106.00,68.90,9783642280764,offsale
7237,Modeling And Verification Using Uml Statecharts A Working Guide To Reactive System Design Runtime Monitoring And Executionbased Model Checking,3,本,112.00,72.80,9780750679497,onsale
7238,Fast Solvers for Mesh-Based Computations,3,本,100.00,65.00,9780429091629,offsale
7239,Advanced Computer Architecture,10,本,101.00,65.65,9789811324222,discontinued
7240,Usability,3,本,102.00,66.30,9781475769104,onsale
7241,Sparse Grids and Applications,3,本,96.00,62.40,9783642426605,onsale
7242,Theory of Cryptography,3,本,88.00,57.20,9783642118005,onsale
7243,Transactions on Aspect-Oriented Software Development I,7,本,107.00,69.55,9783540329749,onsale
7244,Pairing-based cryptography - Pairing 2008,3,本,94.00,61.10,9783540855033,onsale
7245,High Performance Computing and the Art of Parallel Programming,6,本,100.00,65.00,9780415156929,offsale
7246,Data handling utilities in Microsoft C,3,本,110.00,71.50,9780895884442,onsale
7247,The impact of vector and parallel architectures on the Gaussian elimination algorithm,9,本,88.00,57.20,9780470217030,onsale
7248,Bug patterns in Java,6,本,98.00,63.70,9781590590614,onsale
7249,Check Point Firewall-1 Administration and CCSA Study Guide,17,本,60.00,39.00,9780130938633,onsale
7250,Human-Computer Interaction. Multimodal and Natural Interaction,3,本,88.00,57.20,9783030490614,onsale
7251,Practical Anonymity,12,本,103.00,66.95,9780124104044,offsale
7252,Commodore 64,3,本,98.00,63.70,9780471807346,onsale
7253,A Statistical Approach to Neural Networks for Pattern Recognition,8,本,113.00,73.45,9781280935176,offsale
7254,Perspectives in Computational Complexity,9,本,108.00,70.20,9783319054469,onsale
7255,Information processing by biochemical systems,3,本,98.00,63.70,9780470552674,onsale
7256,SimNet XPert Assessment Standard Edition Release 3.1,17,本,68.00,44.20,9780072944846,onsale
7257,Operational Semantics and Verification of Security Protocols,3,本,108.00,70.20,9783540786368,onsale
7258,Operation and modeling of the MOS transistor,3,本,88.00,57.20,9780070655232,onsale
7259,Concurrent programming,6,本,84.00,54.60,9780195113150,onsale
7260,The Visual mind,16,本,62.00,40.30,9780262050487,discontinued
7261,Enterprise Cloud Computing for Non-Engineers,3,本,86.00,55.90,9781138106215,onsale
7262,Random House concise dictionary of science & computers,3,本,106.00,68.90,9780375720888,onsale
7263,"Pro HTML5 with CSS, JavaScript, and Multimedia: Complete Website Development and Best Practices",6,本,96.00,62.40,9781484224625,onsale
7264,Key Competencies in ICT and Informatics : Implications and Issues for Educational Professionals and Management,13,本,87.00,56.55,9783662457719,onsale
7265,Entertaining the Whole World,3,本,98.00,63.70,9781447164463,onsale
7266,"Automata, Languages, and Programming",6,本,110.00,71.50,9783662476666,onsale
7267,Information security applications,3,本,96.00,62.40,9783540710936,onsale
7268,SAT 2005,3,本,84.00,54.60,9781402045523,onsale
7269,Managing infrastructure with puppet,3,本,94.00,61.10,9781449313821,onsale
7270,Software Process Improvement,3,本,94.00,61.10,9783540302865,onsale
7271,Implementing SOA using Java EE,6,本,94.00,61.10,9780321492159,onsale
7272,Java NIO,6,本,106.00,68.90,9798173665119,onsale
7273,Data Structures for Raster Graphics,9,本,102.00,66.30,9783642710735,onsale
7274,Protocols for High-Speed Networks VI,10,本,107.00,69.55,9780387355801,onsale
7275,Expert VB 2005 Business Objects,13,本,85.00,55.25,9781590596319,onsale
7276,First Steps,3,本,116.00,75.40,9781590598498,onsale
7277,Computer Science and Communications Dictionary,3,本,106.00,68.90,9780387335568,onsale
7278,Understanding expert systems,8,本,115.00,74.75,9780672270659,onsale
7279,Buffering Techniques for Delivery of Compressed Video in Video-On-Demand Systems,3,本,94.00,61.10,9780585314037,onsale
7280,Fast Software Encryption,3,本,108.00,70.20,9783662529935,onsale
7281,Advances in natural language generation,3,本,110.00,71.50,9780893915278,onsale
7282,Instant HTML5 Local Storage How-To,3,本,108.00,70.20,9781849699310,onsale
7283,Quantum Approach to Informatics,3,本,102.00,66.30,9781280277467,onsale
7284,Modern Multithreading,3,本,104.00,67.60,9781280277658,onsale
7285,Couchbase Essentials,3,本,112.00,72.80,9781784397852,onsale
7286,The VTK user's guide,3,本,96.00,62.40,9781930934054,onsale
7287,Computational Methods for Integrating Vision and Language,3,本,94.00,61.10,9781608451128,onsale
7288,Theoretical aspects of neural computation,8,本,117.00,76.05,9789813083707,onsale
7289,Troubleshooting Ubuntu Server,3,本,96.00,62.40,9781782175025,onsale
7290,Data structures and their implementation,9,本,106.00,68.90,9780871504296,offsale
7291,Action semantics,3,本,88.00,57.20,9780521403474,onsale
7292,Internet Video Data Streaming,3,本,96.00,62.40,9789811065224,onsale
7293,Modern multithreading,3,本,92.00,59.80,9780470244562,discontinued
7294,State of the Art in Computer Graphics,3,本,100.00,65.00,9781461287742,offsale
7295,Formal software development,7,本,103.00,66.95,9780333992814,offsale
7296,Persistent object systems,3,本,104.00,67.60,9781558604476,onsale
7297,Unconventional Computation and Natural Computation,3,本,96.00,62.40,9783319218182,onsale
7298,Loop Parallelization,3,本,106.00,68.90,9781475756760,onsale
7299,Homomorphic Signature Schemes,3,本,94.00,61.10,9783319321158,onsale
7300,Computational Intelligence for Engineering Systems,12,本,72.00,46.80,9789400700932,discontinued
7301,Theory and Applications of Models of Computation,3,本,94.00,61.10,9783319559100,onsale
7302,Collaboration Meets Interactive Spaces,3,本,104.00,67.60,9783319458526,onsale
7303,Robust Embedded Intelligence on Cellular Neural Networks,8,本,121.00,78.65,9788770220996,onsale
7304,Smart Machines,3,本,88.00,57.20,9781306314138,onsale
7305,Tools for High Performance Computing 2016,3,本,114.00,74.10,9783319859774,onsale
7306,Analysis für Informatiker,3,本,92.00,59.80,9783540219910,discontinued
7307,Modelling and Analysis in Arms Control,3,本,102.00,66.30,9783642829451,onsale
7308,Programming with Multiple Precision,6,本,96.00,62.40,9783642256721,onsale
7309,Program Transformation and Programming Environments,6,本,106.00,68.90,9783642464928,onsale
7310,The NeWS Book,3,本,88.00,57.20,9781461236061,onsale
7311,Introduction to Security Reduction,3,本,98.00,63.70,9783319930480,onsale
7312,Design Patterns In . NET,3,本,104.00,67.60,9789355517821,onsale
7313,Dialogue and technology,12,本,84.00,54.60,9780387195742,onsale
7314,Combinatorial optimization and theoretical computer science,3,本,100.00,65.00,9780470393673,offsale
7315,Developments in soft computing,3,本,106.00,68.90,9783790818291,onsale
7316,Processor architecture,3,本,108.00,70.20,9783642585890,onsale
7317,Geometric computation,3,本,112.00,72.80,9789812794833,onsale
7318,Applied formal methods--FM-Trends 98,3,本,102.00,66.30,9783540664628,onsale
7319,Ubiquitous convergence technology,12,本,82.00,53.30,9783540717881,onsale
7320,Face processing,12,本,82.00,53.30,9780080488844,onsale
7321,Facets of Virtual Environments,3,本,100.00,65.00,9783642136917,offsale
7322,Real world applications of computational intelligence,3,本,90.00,58.50,9783540250067,onsale
7323,Selected areas in cryptography,3,本,98.00,63.70,9783540364924,onsale
7324,Proceedings of the ACM SIGPLAN Symposium on Principles and Practice of Parallel Programming (PPoPP 2003) and Workshop on Partial Evaluation and Semantics-Based Program Manipulation (PEPM 2003),6,本,104.00,67.60,9781581135886,onsale
7325,Data abstraction and program development using Pascal,6,本,92.00,59.80,9780724803019,discontinued
7326,Mpi,3,本,92.00,59.80,9780262692151,discontinued
7327,Concepts in data structures and software development,9,本,102.00,66.30,9780314774606,onsale
7328,"The proceedings of the Third Australasian Conference on Computer Science Education, July 8-10, 1998, the University of Queensland, Australia",17,本,60.00,39.00,9781581130188,onsale
7329,Algorithms and data structures,9,本,86.00,55.90,9783540602200,onsale
7330,Transferring Data to and from Windows,10,本,105.00,68.25,9781556224355,onsale
7331,Advances in neural information processing systems,8,本,97.00,63.05,9780262100762,onsale
7332,Expert systems,8,本,111.00,72.15,9780412377907,onsale
7333,"Cumulative Subject and Author Indexes for Volumes1-49, Part I, Volume 50 (Advances in Computers)",3,本,117.00,76.05,9780120121502,onsale
7334,A model of project planning and management in complex domains,13,本,89.00,57.85,9783898256056,onsale
7335,The 2nd 2004 IEEE Asia-Pacific Computing Conference,14,本,69.00,44.85,9780769530512,onsale
7336,Methods and Applications of Artificial Intelligence,8,本,103.00,66.95,9783540460145,onsale
7337,2004 Computing Frontier Conference,3,本,94.00,61.10,9781581137415,onsale
7338,Logical aspects of computational linguistics,3,本,88.00,57.20,9783540422730,onsale
7339,Algorithms and data structures,9,本,100.00,65.00,9783540571551,onsale
7340,Mathematics of software construction,11,本,76.00,49.40,9780135633700,onsale
7341,Exsys,3,本,96.00,62.40,9780314089823,onsale
7342,On the nature of authentication protocols,3,本,120.00,78.00,9783896491688,onsale
7343,Practical knowledge-based systems in conceptual design,3,本,100.00,65.00,9780387198231,offsale
7344,Sbornik dokladov,3,本,96.00,62.40,9785880700424,onsale
7345,COTS-based software systems,3,本,86.00,55.90,9783540431008,onsale
7346,COTS-based software systems,3,本,92.00,59.80,9783540005629,discontinued
7347,STACS 97,3,本,100.00,65.00,9783540626169,offsale
7348,BTEC level 3 national in IT,17,本,56.00,36.40,9781444128512,onsale
7349,"Objects, abstraction, data structures, and design using Java, version 5.0",9,本,108.00,70.20,9780471692645,onsale
7350,Adaptive Cryptographic Access Control,3,本,102.00,66.30,9781441966544,onsale
7351,System modelling and optimization,3,本,98.00,63.70,9780412718809,onsale
7352,Digital Electronics and Design with VHDL,12,本,68.00,44.20,9780123742704,onsale
7353,Don't spend a dime,3,本,90.00,58.50,9781430217527,onsale
7354,Debugging Visual Basic,3,本,88.00,57.20,9780072125184,onsale
7355,Machine translation,3,本,98.00,63.70,9781558601284,onsale
7356,Foundations of data organization,3,本,100.00,65.00,9781461318828,offsale
7357,High performance parallel I/O,3,本,94.00,61.10,9781322638263,onsale
7358,"Technology Transfer Between the US, China and Taiwan",12,本,70.00,45.50,9780203080658,onsale
7359,Data Streams,3,本,108.00,70.20,9781461497684,onsale
7360,Professional Hibernate,3,本,88.00,57.20,9780470246412,onsale
7361,Automatic Calibration and Reconstruction for Active Vision Systems,3,本,100.00,65.00,9789400726536,offsale
7362,Computational electromagnetics,3,本,98.00,63.70,9780387261607,onsale
7363,A Modular Calculus for the Average Cost of Data Structuring,11,本,104.00,67.60,9781489999061,onsale
7364,Elementary analysis through examples and exercises,3,本,112.00,72.80,9780792335979,onsale
7365,Take control of iPad networking & security,10,本,103.00,66.95,9781615420926,onsale
7366,Entwicklungsumgebungen für Expertensysteme,3,本,98.00,63.70,9783110857573,onsale
7367,Expertensysteme,3,本,106.00,68.90,9783642955662,onsale
7368,File Management (Essential Computers),13,本,75.00,48.75,9780751364309,onsale
7369,Practical .NET 2.0 Networking Projects,10,本,115.00,74.75,9781590597903,onsale
7370,Topics in Finite and Discrete Mathematics,9,本,106.00,68.90,9780521775717,offsale
7371,Surviving Y2K,3,本,86.00,55.90,9781411634404,onsale
7372,Algebra und Diskrete Mathematik 2,11,本,80.00,52.00,9783642343070,onsale
7373,Informatics,3,本,96.00,62.40,9783540416357,onsale
7374,Primes and the Beauty of Algorithms,9,本,98.00,63.70,9781482286120,discontinued
7375,Tutorial,14,本,81.00,52.65,9780818645792,onsale
7376,Hands-On Neural Networks,8,本,135.00,87.75,9781788992596,offsale
7377,Green Ict and Energy,3,本,98.00,63.70,9781136319907,onsale
7378,Caffe2 Quick Start Guide,3,本,106.00,68.90,9781789137750,onsale
7379,Computational and Statistical Methods in Bioinformatics,3,本,92.00,59.80,9781420070569,discontinued
7380,Data Classification Using Neural Analytics,8,本,127.00,82.55,9781498718684,onsale
7381,Compression Algorithms for Real Programmers,9,本,110.00,71.50,9780127557748,onsale
7382,Graph Transformation,3,本,96.00,62.40,9783319211459,onsale
7383,Tests and Proofs,3,本,94.00,61.10,9783319212159,onsale
7384,Fundamentals of Computation Theory,3,本,102.00,66.30,9783319221779,onsale
7385,Advances in Natural Computation,3,本,96.00,62.40,9783540459026,onsale
7386,Languages and Compilers for Parallel Computing,7,本,105.00,68.25,9783319527086,onsale
7387,Radial basis function neural networks with sequential learning,8,本,113.00,73.45,9789810237714,offsale
7388,Genetic programming III,6,本,88.00,57.20,9780080507262,onsale
7389,Advances in Neural Networks - ISNN 2015,8,本,109.00,70.85,9783319253930,onsale
7390,Recent Advances in Information and Communication Technology 2015,12,本,74.00,48.10,9783319190235,onsale
7391,Introduction to Neural Networks,8,本,101.00,65.65,9781102151784,onsale
7392,Quantum Information and Computation,3,本,108.00,70.20,9781439882627,onsale
7393,Multicore application programming,6,本,86.00,55.90,9780321711373,onsale
7394,Hard drive bible,3,本,86.00,55.90,9780964150300,onsale
7395,Annual Review in Automatic Programming,6,本,88.00,57.20,9780080160078,onsale
7396,Patterns in the Sand,3,本,112.00,72.80,9781864486179,onsale
7397,New Approaches to Knowledge Acquisition,3,本,106.00,68.90,9789812814906,onsale
7398,Generalized Nets,3,本,96.00,62.40,9789812812421,onsale
7399,Supply Chain Analytics,3,本,84.00,54.60,9783031303463,onsale
7400,Knowledge-Based Systems,3,本,114.00,74.10,9789812819918,onsale
7401,"Career Opportunities in Computers and Cyberspace, Third Edition",3,本,108.00,70.20,9780816077984,onsale
7402,Applied Cryptography for Researchers and Practitioners,3,本,81.00,52.65,9798886979336,onsale
7403,Recent Advances in Artificial Neural Networks,8,本,93.00,60.45,9781003040644,onsale
7404,Applied Computing and Information Technology,12,本,72.00,46.80,9783030252199,discontinued
7405,Fast Software Encryption,3,本,100.00,65.00,9783662467053,offsale
7406,Computers and programming,6,本,106.00,68.90,9780816079728,onsale
7407,Self-Organizing Neural Networks,8,本,103.00,66.95,9783662003435,onsale
7408,Education for the 21st Century - Impact of ICT and Digital Resources,17,本,70.00,45.50,9781461497608,onsale
7409,Gene Expression Programming,6,本,96.00,62.40,9783540328490,onsale
7410,Why Cryptography Should Not Rely on Physical Attack Complexity,3,本,98.00,63.70,9789811012990,onsale
7411,Genetic Systems Programming,6,本,96.00,62.40,9783642067532,onsale
7412,Theoretical Information Reuse and Integration,3,本,88.00,57.20,9783319313115,onsale
7413,Transactions on Large-Scale Data- and Knowledge-Centered Systems XIII,3,本,96.00,62.40,9783642544262,onsale
7414,EGrade Plus Stand-alone Access for Objects Abstraction Data Structures and Design,9,本,100.00,65.00,9780471753261,onsale
7415,BTEC National for IT practitioners,3,本,104.00,67.60,9780340968376,onsale
7416,Computational Methods and Data Analysis for Metabolomics,3,本,92.00,59.80,9781071602386,discontinued
7417,Innovations in ART Neural Networks,8,本,123.00,79.95,9783790818574,onsale
7418,Comprehensive Guide to Neural Network Modeling,8,本,113.00,73.45,9781536184662,offsale
7419,Model-Driven Dependability Assessment of Software Systems,3,本,100.00,65.00,9783662509425,offsale
7420,Parallel programming,6,本,96.00,62.40,9780130658555,onsale
7421,Expert systems,8,本,121.00,78.65,9781850913689,onsale
7422,Instant Cassandra Query Language,3,本,102.00,66.30,9781783282715,onsale
7423,Confluent String Rewriting,3,本,94.00,61.10,9783642615504,onsale
7424,Connectionist Approaches to Language Learning,17,本,56.00,36.40,9781461540083,onsale
7425,Object-Oriented Database System,5,本,110.00,71.50,9784431683094,offsale
7426,Interlinking of Computer Networks,10,本,113.00,73.45,9789400994317,onsale
7427,"Non-Cooperative Target Tracking, Fusion and Control",3,本,100.00,65.00,9783319907154,offsale
7428,Languages and Compilers for Parallel Computing,7,本,111.00,72.15,9783319297781,onsale
7429,Testing with F#,3,本,106.00,68.90,9781784394417,onsale
7430,Operational expert system applications in Europe,8,本,105.00,68.25,9780080414386,discontinued
7431,Taking Your iPod touch to the Max,3,本,88.00,57.20,9781430237334,onsale
7432,Social Order in Multiagent Systems,3,本,96.00,62.40,9781461515555,onsale
7433,Database Machines and Knowledge Base Machines,5,本,98.00,63.70,9781461316800,onsale
7434,Universal Subgoaling and Chunking,3,本,100.00,65.00,9781461322788,offsale
7435,Usability Engineering kompakt,12,本,72.00,46.80,9783642348310,discontinued
7436,Deep Fusion of Computational and Symbolic Processing,3,本,92.00,59.80,9783662003725,discontinued
7437,Software-Qualität,3,本,110.00,71.50,9783642356995,onsale
7438,Machine Learning of Inductive Bias,8,本,111.00,72.15,9781461294085,onsale
7439,Machine Learning of Robot Assembly Plans,8,本,119.00,77.35,9781461289548,onsale
7440,Automating Knowledge Acquisition for Expert Systems,8,本,115.00,74.75,9781468471229,onsale
7441,Tools and Environments for Parallel and Distributed Systems,10,本,95.00,61.75,9781461541240,onsale
7442,Adaptive Data Compression,3,本,94.00,61.10,9781461540465,onsale
7443,The New Codebreakers,3,本,96.00,62.40,9783662493014,onsale
7444,Latest Advances in Robot Kinematics,3,本,100.00,65.00,9789400799202,offsale
7445,Recent Advances in Information and Communication Technology,12,本,78.00,50.70,9783319065373,onsale
7446,Principles and Practice of Constraint Programming,6,本,98.00,63.70,9783319232188,onsale
7447,Software Engineering and Formal Methods : SEFM 2015 Collocated Workshops,7,本,105.00,68.25,9783662492246,onsale
7448,Efficient Learning Machines,17,本,68.00,44.20,9781430259893,onsale
7449,Lectures on Runtime Verification,3,本,102.00,66.30,9783319756325,onsale
7450,Neuro-inspired Computing Using Resistive Synaptic Devices,3,本,104.00,67.60,9783319853680,onsale
7451,Network and Parallel Computing,10,本,117.00,76.05,9783319470986,onsale
7452,Lightweight Cryptography for Security and Privacy,3,本,104.00,67.60,9783319290775,onsale
7453,Biological and Artificial Intelligence Environments,8,本,99.00,64.35,9781402034329,onsale
7454,Deep Neural Networks in a Mathematical Framework,8,本,107.00,69.55,9783319753041,onsale
7455,Informatics in the Future,3,本,108.00,70.20,9783319557359,onsale
7456,Hebbian Learning and Negative Feedback Networks,10,本,107.00,69.55,9781846281181,onsale
7457,ICT for Promoting Human Development and Protecting the Environment,3,本,96.00,62.40,9783319830551,onsale
7458,"Leveraging Applications of Formal Methods, Verification and Validation : Discussion, Dissemination, Applications",3,本,106.00,68.90,9783319471686,onsale
7459,Proceedings of International Conference on Computer Science and Information Technology,12,本,84.00,54.60,9788132217589,onsale
7460,Smart Objects and Technologies for Social Good,3,本,96.00,62.40,9783319761107,onsale
7461,"Haptics : Science, Technology, and Applications",12,本,78.00,50.70,9783319934440,onsale
7462,Open Source Systems : Towards Robust Practices,3,本,100.00,65.00,9783319577340,offsale
7463,Cognitive Infocommunications,3,本,104.00,67.60,9783319196077,onsale
7464,VizSEC 2007,3,本,108.00,70.20,9783642096884,onsale
7465,Recurrent Neural Networks for Short-Term Load Forecasting,8,本,111.00,72.15,9783319703374,onsale
7466,Iaeng Transactions on Engineering Technologies Volume 7 - Special Edition of the International Multiconference of Engineers and Computer Scientists 2011,12,本,74.00,48.10,9789814390002,onsale
7467,Kads,12,本,78.00,50.70,9780080509693,onsale
7468,Incremental Software Architecture,3,本,90.00,58.50,9781119213680,onsale
7469,"Handbook of Digital Forensics of Multimedia Data and Devices, Enhanced E-Book",3,本,104.00,67.60,9781118757079,onsale
7470,Getting Started with Mule Cloud Connect,3,本,100.00,65.00,9781306812993,offsale
7471,Neural Networks in a Softcomputing Framework,8,本,127.00,82.55,9781849965743,onsale
7472,Handbook of Neural Computation,8,本,105.00,68.25,9780128113189,discontinued
7473,Handbook of Parallel Constraint Reasoning,3,本,100.00,65.00,9783319635156,offsale
7474,"Privacy, Data Protection and Cybersecurity in Europe",3,本,94.00,61.10,9783319536330,onsale
7475,"Advances in Neural Computation, Machine Learning, and Cognitive Research II",8,本,136.00,88.40,9783030013271,offsale
7476,New CLAIT,3,本,108.00,70.20,9780340846988,onsale
7477,Learning Search Control Knowledge,17,本,54.00,35.10,9781461317043,onsale
7478,Learning with Nested Generalized Exemplars,17,本,58.00,37.70,9781461315490,discontinued
7479,Technology Now,12,本,64.00,41.60,9781305670112,onsale
7480,TRON Project 1987 Open-Architecture Computer Systems,10,本,115.00,74.75,9784431680697,onsale
7481,Prolog by Example,3,本,90.00,58.50,9783642832130,onsale
7482,Prolog Versus You,3,本,100.00,65.00,9783642719226,offsale
7483,Neural Nets WIRN Vietri-01,8,本,109.00,70.85,9781447102199,onsale
7484,Neural Networks,8,本,127.00,82.55,9783642875984,onsale
7485,Human-Machine Interactive Systems,3,本,112.00,72.80,9781468458855,onsale
7486,Communication from an Artificial Intelligence Perspective,8,本,113.00,73.45,9783642581472,offsale
7487,GMR Neural Networks,8,本,111.00,72.15,9781482233476,onsale
7488,Nordic Contributions in IS Research,3,本,98.00,63.70,9783319217833,onsale
7489,Neural Nets WIRN Vietri-99,8,本,105.00,68.25,9781447112266,discontinued
7490,Analysis of Messy Data Volume 1,3,本,119.00,77.35,9781420010152,onsale
7491,String-rewriting systems,3,本,118.00,76.70,9780387979656,onsale
7492,"Computer Confluence, Comprehensive and Student CD",3,本,90.00,58.50,9780131270954,onsale
7493,The Design of Dynamic Data Structures,9,本,92.00,59.80,9780387123301,onsale
7494,Lei shen jing wang lu kong zhi xi tong =,3,本,112.00,72.80,9789861507873,onsale
7495,Knowledge-based systems for multiple environments,3,本,94.00,61.10,9781138386600,onsale
7496,Termersetzungssysteme,3,本,90.00,58.50,9783540511724,onsale
7497,Transdisciplinary advancements in cognitive mechanisms and human information processing,3,本,98.00,63.70,9781609605544,onsale
7498,Cognitive informatics for revealing human cognition,3,本,110.00,71.50,9781466624788,onsale
7499,Handbook of constraint programming,6,本,96.00,62.40,9780444527264,onsale
7500,Practical Recommender Systems,3,本,98.00,63.70,9781617292705,onsale
7501,Computer Systems,10,本,119.00,77.35,9781475780758,onsale
7502,Analysis for Knowledge-Based Systems,3,本,106.00,68.90,9780745806891,onsale
7503,Guide to Expert Systems,8,本,121.00,78.65,9780904933499,onsale
7504,Understanding 99% of Artificial Neural Networks,8,本,121.00,78.65,9780595219964,onsale
7505,Concepts for neural networks,8,本,107.00,69.55,9783540761631,onsale
7506,Specialist computing's computer jargon,3,本,102.00,66.30,9780954618605,onsale
7507,Evaluating Expert System Tools,8,本,109.00,70.85,9780833008664,onsale
7508,Artificial neural networks in real-life applications,8,本,111.00,72.15,9781591409038,onsale
7509,Systems programmer's problem solver,3,本,100.00,65.00,9780471584292,offsale
7510,The data parallel programming model,6,本,98.00,63.70,9783540617365,onsale
7511,Progress in neural networks,8,本,109.00,70.85,9781567500455,onsale
7512,Expert Systems,8,本,113.00,73.45,9780818659041,offsale
7513,Diaper,3,本,96.00,62.40,9780745804514,onsale
7514,"Neural nets, WIRN VIETRI-97",8,本,109.00,70.85,9783540761570,onsale
7515,Advanced debugging methods,3,本,110.00,71.50,9780792378952,onsale
7516,XXII International Conference of the Chilean Computer Science Society,14,本,81.00,52.65,9780769518671,onsale
7517,Logical foundations of functional programming,6,本,86.00,55.90,9780201172348,onsale
7518,Intelligent Assistant Systems,3,本,108.00,70.20,9781591408796,onsale
7519,Computer and information sciences VI,3,本,102.00,66.30,9780444890672,onsale
7520,A science teacher's companion to the BBC Microcomputer,3,本,94.00,61.10,9780333382851,onsale
7521,Computing and philosophy in Asia,16,本,68.00,44.20,9781847181190,onsale
7522,Resources in parallel and concurrent systems,3,本,96.00,62.40,9780897914000,onsale
7523,"The Information Society: Innovation, Legitimacy, Ethics and Democracy In honor of Professor Jacques Berleur s.j",14,本,77.00,50.05,9780387723808,onsale
7524,Advances in neural information processing systems 14 : proceedings of the 2002 conference in 2 volumes / edited by Thomas G. Dietterich ... [et al.],8,本,101.00,65.65,9780262042086,onsale
7525,Expert systems introduced,8,本,111.00,72.15,9789144285412,onsale
7526,"ICANN '94, proceedings of the International Conference on Artificial Neural Networks, Sorrento, Italy, 26-29 May 1994",8,本,117.00,76.05,9783540198871,onsale
7527,Osiris III,14,本,69.00,44.85,9780879441500,onsale
7528,Neuro-Control Systems,3,本,86.00,55.90,9780780310414,onsale
7529,Progress in Neural Networks 6,8,本,117.00,76.05,9781567503289,onsale
7530,Building knowledge-based systems towards a methodology,3,本,96.00,62.40,9780470217566,onsale
7531,AI-Driven Research Innovations in Computing and Information Science,8,本,107.00,69.55,9798260004357,onsale
7532,Mathematics for data processing,11,本,78.00,50.70,9780534027711,onsale
7533,Programmed Algebra,11,本,84.00,54.60,9780840325167,onsale
7534,Data compression techniques and applications,17,本,56.00,36.40,9780534034184,onsale
7535,Implementation Techniques (Neural Network Systems Techniques and Applications),8,本,109.00,70.85,9780124438637,onsale
7536,CARI '96,3,本,96.00,62.40,9782709913331,onsale
7537,Second generation expert systems,8,本,121.00,78.65,9780387561929,onsale
7538,"Neural nets, WIRN Vietri-96",8,本,117.00,76.05,9783540760993,onsale
7539,Learning with Recurrent Neural Networks,8,本,125.00,81.25,9781846285677,onsale
7540,Android Malware,3,本,104.00,67.60,9781461473947,onsale
7541,Distributed and cloud computing,12,本,64.00,41.60,9780128002049,onsale
7542,Discrete mathematics with ducks,9,本,104.00,67.60,9780367570705,onsale
7543,Practical Cryptography,3,本,106.00,68.90,9780367378158,onsale
7544,Knowledge discovery and measures of interest,3,本,108.00,70.20,9781475732849,onsale
7545,Achievements in European research on Grid systems,3,本,100.00,65.00,9780387728124,offsale
7546,Schaum's outline of theory and problems of discrete mathematics,9,本,106.00,68.90,9780070379817,offsale
7547,Extending ArcView GIS 3.x,3,本,98.00,63.70,9781879102057,onsale
7548,Data Privacy Management and Autonomous Spontaneous Security,13,本,81.00,52.65,9783642193484,onsale
7549,Jquery Hotshot,3,本,102.00,66.30,9781849519106,onsale
7550,The Diffuse Interface Approach in Materials Science,3,本,86.00,55.90,9783540004165,onsale
7551,Gender and Security in Digital Space,3,本,96.00,62.40,9781032199580,onsale
7552,Parsing Schemata,3,本,92.00,59.80,9783642605413,discontinued
7553,Source Code China,3,本,100.00,65.00,9781280974533,offsale
7554,The Definitive Guide to HTML5 WebSocket,3,本,92.00,59.80,9781430247418,discontinued
7555,CAD*I database,5,本,104.00,67.60,9783540533832,onsale
7556,Numerical Mathematics and Advanced Applications 2009,11,本,90.00,58.50,9783642117954,offsale
7557,Data structures with abstract data types and Modula-2,9,本,104.00,67.60,9780534982522,onsale
7558,Machine Learning of Natural Language,8,本,113.00,73.45,9783540195573,offsale
7559,Proceedings of the Paralinguistic Information and its Integration in Spoken Dialogue Systems Workshop,13,本,93.00,60.45,9781489987181,onsale
7560,Expert Vb 2008 Business Objects,13,本,69.00,44.85,9781430216384,onsale
7561,Advances in intelligent information systems,3,本,90.00,58.50,9783642051821,onsale
7562,EUROGRAPHICS '91,3,本,104.00,67.60,9780444890962,onsale
7563,Data structures with Modula-2,9,本,98.00,63.70,9780131973442,discontinued
7564,Advances in neural information processing systems 19,8,本,113.00,73.45,9780262195683,offsale
7565,Software specification methods,3,本,100.00,65.00,9781852333539,offsale
7566,Economics of information security and privacy,13,本,91.00,59.15,9781441969668,onsale
7567,Prometheus,3,本,110.00,71.50,9780893917159,onsale
7568,Finite Fields and Applications,3,本,102.00,66.30,9783642567551,onsale
7569,"Spaces, Spatiality and Technology",12,本,68.00,44.20,9781402032738,onsale
7570,"Cisco CCNA/CCENT exam 640-802, 640-822, 640-816 preparation kit",3,本,104.00,67.60,9780080879680,onsale
7571,The social media MBA,3,本,106.00,68.90,9781119967248,onsale
7572,Programming expert systems in PASCAL,8,本,115.00,74.75,9780471842675,onsale
7573,Graph theory,9,本,126.00,81.90,9781846289699,onsale
7574,Practical Arduino,3,本,84.00,54.60,9781430223290,onsale
7575,Information science & technology in China,12,本,72.00,46.80,9783642190711,discontinued
7576,Medical-Surgical Nursing,15,本,86.00,55.90,9780323554596,offsale
7577,Computer Arithmetic,3,本,98.00,63.70,9783642183157,onsale
7578,Learning MCollective,17,本,66.00,42.90,9781491945711,offsale
7579,Network Infrastructure Security,10,本,107.00,69.55,9781441901668,onsale
7580,Transactions On Petri Nets And Other Models Of Concurrency Iv,3,本,88.00,57.20,9783642182211,onsale
7581,Beginning MAC OS X Snow Leopard server,3,本,88.00,57.20,9781430227731,onsale
7582,Advances in Systems Science,3,本,102.00,66.30,9783319018577,onsale
7583,Computer-Aided Verification of Coordinating Processes,3,本,86.00,55.90,9781400864041,onsale
7584,Formulation Tools for Pharmaceutical Development,3,本,90.00,58.50,9781306177115,onsale
7585,"New trends in software methodologies, tools and techniques",3,本,102.00,66.30,9781586039165,onsale
7586,Formal Languages And Compilation,3,本,92.00,59.80,9781447155133,discontinued
7587,Argument Mining,3,本,94.00,61.10,9781119671046,onsale
7588,Beginning Python visualization,6,本,92.00,59.80,9781484200537,discontinued
7589,Applied geostatistics with SGeMS,11,本,80.00,52.00,9780521514149,onsale
7590,The complete idiot's guide to online investing,3,本,112.00,72.80,9780789717627,onsale
7591,Concurrent computations,9,本,100.00,65.00,9781468455120,onsale
7592,Internet and Distributed Computing Systems,3,本,100.00,65.00,9783319232379,offsale
7593,Mathematics for algorithm and systems analysis,9,本,118.00,76.70,9780486788463,onsale
7594,Multiword Expressions Acquisition,3,本,96.00,62.40,9783319092065,onsale
7595,Functional programming and its applications,6,本,86.00,55.90,9780521245036,onsale
7596,Implicit Learning,17,本,70.00,45.50,9781138644298,onsale
7597,Parallel R,3,本,98.00,63.70,9781306813648,onsale
7598,Using Information Technology Complete w/ PowerWeb,12,本,76.00,49.40,9780072255584,onsale
7599,Adaptive neuronale Netze zur Losung von Klassifikationsproblemen im Marketing,13,本,71.00,46.15,9783631324660,discontinued
7600,"CISSP All-in-One Exam Guide, Eighth Edition",17,本,58.00,37.70,9781260142648,discontinued
7601,Object analysis and design,3,本,90.00,58.50,9780471052760,onsale
7602,fastText Quick Start Guide: Get started with Facebook's library for text representation and classification,3,本,112.00,72.80,9781789130997,onsale
7603,Applying use case driven object modeling with UML,3,本,88.00,57.20,9780201730395,onsale
7604,Dragon Professional Individual For Dummies,3,本,86.00,55.90,9781119171034,onsale
7605,Perspectives of System Informatics,3,本,108.00,70.20,9783319415789,onsale
7606,Bioinformatics for Beginners,12,本,64.00,41.60,9780124104716,onsale
7607,Object-Oriented Systems Analysis and Design,7,本,85.00,55.25,9780132279000,onsale
7608,Knowledge representation and reasoning,3,本,94.00,61.10,9780080489322,onsale
7609,Privacy-Preserving Data Mining,8,本,121.00,78.65,9780387709925,onsale
7610,Corba 3 Developer's Guide,3,本,94.00,61.10,9780764532009,onsale
7611,Data access and storage management for embedded programmable processors,13,本,95.00,61.75,9780792376897,onsale
7612,Unmasking The Social Engineer The Human Element Of Security,3,本,110.00,71.50,9781118899564,onsale
7613,Foundations of Probabilistic Logic Programming,6,本,104.00,67.60,9788770227193,onsale
7614,Advances in Information and Computer Security,3,本,102.00,66.30,9783319098425,onsale
7615,Learning Cocoa with Objective-C,17,本,50.00,32.50,9780596003012,onsale
7616,From IT Pro to Cloud Pro Microsoft Office 365 and SharePoint Online,3,本,98.00,63.70,9781509304189,onsale
7617,Object-oriented programming with Turbo Pascal and Object Professional,6,本,82.00,53.30,9780136303107,onsale
7618,Cryptography and Security Systems,3,本,112.00,72.80,9783662448939,onsale
7619,From object-orientation to formal methods,3,本,106.00,68.90,9783540399933,onsale
7620,Gemini Game,3,本,98.00,63.70,9780816742714,onsale
7621,Object-Oriented Modeling,7,本,103.00,66.95,9781461285816,offsale
7622,F# High Performance,3,本,114.00,74.10,9781786468079,onsale
7623,Neural networks,8,本,127.00,82.55,9789971509385,onsale
7624,TICSA TruSecure ICSA certified security associate,3,本,100.00,65.00,9780768661026,offsale
7625,C programmer's toolkit,3,本,110.00,71.50,9780880227889,onsale
7626,Pattern recognition with neural networks in C++,8,本,117.00,76.05,9780849394621,onsale
7627,PowerShell in Depth,3,本,102.00,66.30,9781617292187,onsale
7628,Morphological Modeling of Terrains and Volume Data,3,本,102.00,66.30,9781493921492,onsale
7629,Fete of Combinatorics and Computer Science,3,本,96.00,62.40,9783662506424,onsale
7630,"High Performance Networking, Computing, Communication Systems, and Mathematical Foundations",10,本,107.00,69.55,9783642116179,onsale
7631,Fifth International Conference on Hybrid Intelligent Systems,14,本,79.00,51.35,9780769524573,onsale
7632,Intelligent memory systems,3,本,96.00,62.40,9783540423287,onsale
7633,"Automata, Neural Networks and Parallel Machines",8,本,113.00,73.45,9789810213657,offsale
7634,STACS 2005,3,本,108.00,70.20,9783540249986,onsale
7635,The handbook of applied expert systems,8,本,105.00,68.25,9780849331060,discontinued
7636,Desktop witness,3,本,102.00,66.30,9780471486572,onsale
7637,Beginning SQL Queries,5,本,133.00,86.45,9781430205500,offsale
7638,The functional approach to programming,6,本,90.00,58.50,9781107266360,onsale
7639,Pattern-Oriented Software Architecture,3,本,96.00,62.40,9781118893043,onsale
7640,Professional Swift,6,本,94.00,61.10,9781119148722,onsale
7641,"Proceedings of the third workshop, 2005 IEEE Intelligent Data Acquisition and Advanced Computing Systems, Technology and Applications",12,本,80.00,52.00,9780780394452,offsale
7642,Object-oriented computation in C++ and Java,6,本,100.00,65.00,9780133489248,offsale
7643,Organic Computing A Paradigm Shift For Complex Systems,3,本,80.00,52.00,9783034801300,onsale
7644,The Finnish Language in the Digital Age MetaNet White Paper,3,本,104.00,67.60,9783642272479,onsale
7645,The Swedish Language in the Digital Age White Paper,3,本,90.00,58.50,9783642308321,onsale
7646,The Dutch Language In The Digital Age,3,本,92.00,59.80,9783642313066,discontinued
7647,Trends In Intelligent Systems And Computer Engineering,12,本,92.00,59.80,9780387749358,onsale
7648,Software Evolution,3,本,94.00,61.10,9783540764403,onsale
7649,Ambient intelligence,3,本,108.00,70.20,9783540398639,onsale
7650,Advanced information systems engineering,12,本,78.00,50.70,9783540540595,onsale
7651,Protecting critical infrastructures against cyber-attack,3,本,100.00,65.00,9780198530169,offsale
7652,Biohackers The Politics Of Open Science,14,本,65.00,42.25,9780745332802,discontinued
7653,The complete idiot's guide to buying a computer,3,本,118.00,76.70,9780789717993,onsale
7654,Windows 95 registry troubleshooting,10,本,103.00,66.95,9781562055561,onsale
7655,Fun with Algorithms,9,本,112.00,72.80,9783319078908,onsale
7656,Interactive Data Visualization For The Web,3,本,96.00,62.40,9781449340247,onsale
7657,Digital Communication,3,本,92.00,59.80,9783662515006,discontinued
7658,Innovative and Creative Developments in Multimodal Interaction Systems,3,本,100.00,65.00,9783662525715,offsale
7659,Multimedia signals and systems,3,本,90.00,58.50,9781461502661,onsale
7660,Molecular Computing,3,本,117.00,76.05,9780262300001,onsale
7661,Concurrent scientific computing,3,本,98.00,63.70,9781461208495,onsale
7662,Advanced lectures on networking,10,本,93.00,60.45,9783540001652,onsale
7663,Data Analytics for Protein Crystallization,3,本,98.00,63.70,9783319865140,onsale
7664,Biomedical engineering,12,本,66.00,42.90,9781461401155,onsale
7665,Spiral and multislice computed tomography of the body,15,本,76.00,49.40,9783131607119,onsale
7666,Signal,3,本,86.00,55.90,9780415000369,onsale
7667,The truth machine,3,本,84.00,54.60,9781250114570,onsale
7668,HTML5,3,本,94.00,61.10,9780240813288,onsale
7669,Data structures and algorithms in Java,9,本,106.00,68.90,9780471383673,offsale
7670,Functional networks with applications,10,本,105.00,68.25,9780792383321,onsale
7671,Facebook API Developers Guide,3,本,92.00,59.80,9781430209690,discontinued
7672,An Introduction To Structural Optimization,3,本,96.00,62.40,9781402086656,onsale
7673,Readings in artificial intelligence and databases,5,本,112.00,72.80,9780080886626,onsale
7674,"Proceedings, APCOM 99, computer applications in the minerals industries : 28th International Symposium, October 20-22, 1999, Colorado School of Mines, Golden, Colorado, USA",3,本,90.00,58.50,9780918062123,onsale
7675,Semantics of Concurrent Computation,3,本,94.00,61.10,9783540095118,onsale
7676,What Do You Know About Computer Science (Test Your Knowledge Ser : No. Q-32),17,本,60.00,39.00,9780837370323,onsale
7677,Pocket Computer Dictionary,3,本,104.00,67.60,9780746045848,onsale
7678,Shisutemu-gaku kotohajime,3,本,100.00,65.00,9784492800393,offsale
7679,Apple Computing for Seniors in Easy Steps,3,本,106.00,68.90,9781840787238,onsale
7680,Encyclopedia of Computer Science and Technology,12,本,80.00,52.00,9780824722746,offsale
7681,SOFSEM 2016 : Theory and Practice of Computer Science,3,本,108.00,70.20,9783662491928,onsale
7682,SOFSEM 2006 : Theory and Practice of Computer Science,3,本,92.00,59.80,9783540322177,discontinued
7683,Introduction to networks engineering,10,本,117.00,76.05,9784902774368,onsale
7684,Computational Science and Its Applications - ICCSA 2005 Pt. III,3,本,90.00,58.50,9783540320456,onsale
7685,Computational Science and Its Applications - ICCSA 2005 Pt. II,3,本,84.00,54.60,9783540320432,onsale
7686,Computational Science and Its Applications - ICCSA 2005,3,本,96.00,62.40,9783540323099,onsale
7687,Computational Science and Its Applications - ICCSA 2005 Pt. 1,3,本,92.00,59.80,9783540320449,discontinued
7688,"Computational Visualistics, Media Informatics, and Virtual Communities",3,本,102.00,66.30,9783824445509,onsale
7689,Edinburgh LCF,3,本,94.00,61.10,9783540097242,onsale
7690,Beyond Calculation,3,本,120.00,78.00,9780387985886,onsale
7691,"CCNA Certification Kit, Third Edition (640-801)",3,本,96.00,62.40,9780782143157,onsale
7692,Advances in Computer Science and Engineering,12,本,92.00,59.80,9783540899853,onsale
7693,Computational Science - ICCS 2008 Pt. III,3,本,110.00,71.50,9783540693895,onsale
7694,Computational Science - ICCS 2008 Pt. I,3,本,100.00,65.00,9783540693840,offsale
7695,Computational Science - ICCS 2008 Pt. II,3,本,104.00,67.60,9783540693871,onsale
7696,Computational Science and Its Applications - ICCSA 2007 Pt. II,3,本,100.00,65.00,9783540744771,offsale
7697,Computational Science and Its Applications - ICCSA 2007 Pt. III,3,本,106.00,68.90,9783540744849,onsale
7698,Computational Science and Its Applications - ICCSA 2007 Pt. 1,3,本,100.00,65.00,9783540744726,offsale
7699,Computers Communications and Information Comprehension with PowerWeb,17,本,60.00,39.00,9780072474534,onsale
7700,Methods and Experimental Techniques in Computer Engineering,12,本,74.00,48.10,9783319002729,onsale
7701,BIOS,3,本,104.00,67.60,9785388003676,onsale
7702,Computer Games I,3,本,100.00,65.00,9781461387183,offsale
7703,Computer Graphics for Artists II,3,本,106.00,68.90,9781848824706,onsale
7704,Pro iOS Table Views and Collection Views,3,本,88.00,57.20,9781484212431,onsale
7705,Achieving and Sustaining Secured Business Operations: An Executive’s Guide to Planning and Management,13,本,81.00,52.65,9781484230985,onsale
7706,"Computer Vision Metrics: Survey, Taxonomy, and Analysis",3,本,102.00,66.30,9781430259299,onsale
7707,Mathematik für Informatiker,3,本,90.00,58.50,9783540724520,onsale
7708,Digital Pattern Recognition,3,本,86.00,55.90,9783540102076,onsale
7709,Data Base Techniques for Pictorial Applications,3,本,96.00,62.40,9783540386513,onsale
7710,Scale-Space Theory in Computer Vision,3,本,102.00,66.30,9781441951397,onsale
7711,First European Simulation Congress ESC 83,3,本,94.00,61.10,9783540127239,onsale
7712,Parallel Processing and Parallel Algorithms,9,本,102.00,66.30,9781461270485,onsale
7713,Perceptual Organization for Artificial Vision Systems,3,本,110.00,71.50,9781461369868,onsale
7714,"Proceedings of the 10th Italian Conference on Theoretical Computer Science, ICTS'07",3,本,110.00,71.50,9789812770981,onsale
7715,SOFSEM 2016,3,本,100.00,65.00,9783662491911,offsale
7716,Computer Science and Engineering―Theory and Applications,12,本,80.00,52.00,9783319740591,offsale
7717,International Conference on Advanced Computing Networking and Informatics,10,本,107.00,69.55,9789811326721,onsale
7718,Embedded Firmware Solutions,3,本,86.00,55.90,9781484200711,onsale
7719,Sensing Vehicle Conditions for Detecting Driving Behaviors,3,本,114.00,74.10,9783319897691,onsale
7720,Methods and Experimental Techniques in Computer Engineering,12,本,66.00,42.90,9783319002712,onsale
7721,Transactions on Computational Collective Intelligence XXVIII,3,本,92.00,59.80,9783319783000,discontinued
7722,"Computing, Analytics and Networks",10,本,111.00,72.15,9789811307546,onsale
7723,Digitized,3,本,112.00,72.80,9780199678761,onsale
7724,Graph Transformation,3,本,106.00,68.90,9783319929903,onsale
7725,Learn Raspberry Pi with Linux,10,本,97.00,63.05,9781430248224,onsale
7726,Pyramidal Architectures for Computer Vision,3,本,84.00,54.60,9781461360230,onsale
7727,A Pyramid Framework for Early Vision,3,本,92.00,59.80,9781461362074,discontinued
7728,Quantum Computing verstehen,3,本,112.00,72.80,9783834822789,onsale
7729,Modern Geometric Computing for Visualization,3,本,102.00,66.30,9784431682097,onsale
7730,Robotic Object Recognition Using Vision and Touch,3,本,98.00,63.70,9781461291961,onsale
7731,Advanced Video-Based Surveillance Systems,3,本,96.00,62.40,9781461550853,onsale
7732,"Collaborate Computing : Networking, Applications and Worksharing",10,本,123.00,79.95,9783319592879,onsale
7733,Critical Infrastructure Security and Resilience,3,本,117.00,76.05,9783030000233,onsale
7734,Russian Computer Scientists,3,本,88.00,57.20,9781138065321,onsale
7735,SIGCSE'11,17,本,48.00,31.20,9781450305006,onsale
7736,"Algorithm design, analysis and implementation",9,本,112.00,72.80,9780387279930,onsale
7737,Verifying Concurrent Processes Using Temporal Logic,3,本,80.00,52.00,9783540112051,onsale
7738,L'informatique en France de la Seconde Guerre mondiale au Plan Calcul : L'émergence d'une science,3,本,98.00,63.70,9782840506546,onsale
7739,Sparse Grids and Applications Lecture Notes in Computational Science and Engineering,12,本,72.00,46.80,9783642317026,discontinued
7740,The computer,3,本,112.00,72.80,9780199586592,onsale
7741,The Computer Graphics Manual,3,本,110.00,71.50,9780857298850,onsale
7742,Computational science,3,本,88.00,57.20,9783540422334,onsale
7743,The Coffee Roasting Company (an integrated database and spreadsheet applications project),5,本,94.00,61.10,9780070114814,onsale
7744,Internet & World Wide Web How to Programe Third Ed,3,本,108.00,70.20,9788177582390,onsale
7745,Proceedings of the SCADA Security Scientific Symposium 2007,3,本,98.00,63.70,9780979148002,onsale
7746,Technology mapping for field-programmable gate arrays,12,本,80.00,52.00,9780591415674,offsale
7747,An evolutionary computation approach for developing and optimizing discrete-time forecasting and classification models,3,本,88.00,57.20,9780591416121,onsale
7748,Classification-directed branch predictor design,3,本,106.00,68.90,9780591415599,onsale
7749,Multimedia visual information seeking,3,本,102.00,66.30,9780591415964,onsale
7750,Learning gene linkage to efficiently solve problems of bounded difficulty using genetic algorithms,9,本,108.00,70.20,9780591416657,onsale
7751,Integer-programming-based layout synthesis of two-dimensional CMOS cells,6,本,100.00,65.00,9780591416619,offsale
7752,Hierarchical timing analysis of digital circuits,3,本,94.00,61.10,9780591417180,onsale
7753,Interactive delayed-sharing of computer-supported workspaces via the streaming of re-executable content,3,本,94.00,61.10,9780591308631,onsale
7754,The multi-structured approach to the design of information systems,3,本,106.00,68.90,9780591308679,onsale
7755,Physical memory management for scientific applications,13,本,77.00,50.05,9780591308914,onsale
7756,An explicit semantics for coordinated multiagent plan execution,3,本,98.00,63.70,9780591307474,onsale
7757,A constraint-satisfaction problem computational model for distributed part selection,3,本,104.00,67.60,9780591307597,onsale
7758,Block enlargement optimizations for increasing the instruction fetch rate in block-structured instruction set architectures,3,本,104.00,67.60,9780591307849,onsale
7759,Performance measurement and analytic modeling techniques for client-server distributed systems,10,本,107.00,69.55,9780591307375,onsale
7760,Processor modeling and evaluation techniques for early design stage performance comparison,3,本,110.00,71.50,9780591196597,onsale
7761,Symbolic performance & learning in continuous-valued environments,17,本,60.00,39.00,9780591308334,onsale
7762,A methodology for trading off size and accuracy in sets of classification rules for numerical domains,3,本,100.00,65.00,9780591308358,offsale
7763,Software modeling for reconfigurable machine tool controllers,3,本,102.00,66.30,9780591308099,onsale
7764,Collision-warning using neighboring vehicle information,3,本,92.00,59.80,9780591308044,discontinued
7765,Flexible control of downloaded executable content,3,本,94.00,61.10,9780591307290,onsale
7766,Correlation of cell losses in ATM switches,3,本,106.00,68.90,9780591196467,onsale
7767,Polite rescheduling,3,本,110.00,71.50,9780591196498,onsale
7768,Learning procedural planning knowledge in complex environments,17,本,72.00,46.80,9780591195279,onsale
7769,"Modulo scheduling, machine representations, and register-sensitive algorithms",9,本,120.00,78.00,9780591194999,onsale
7770,BISRAMGEN,3,本,102.00,66.30,9780591308198,onsale
7771,Analytic modeling and measurement methodology for multi-tier client-server systems,3,本,112.00,72.80,9780599083479,onsale
7772,Modeling dual-task performance improvement,3,本,104.00,67.60,9780599083462,onsale
7773,Lifetime validation of digital systems via fault modeling and test generation,3,本,108.00,70.20,9780599083097,onsale
7774,Process improvement using classification decision trees for run-to-run control of a reactive ion etching process,3,本,96.00,62.40,9780591416633,onsale
7775,Enhancing the instruction fetching mechanism using data compression,3,本,104.00,67.60,9780591617719,onsale
7776,Exploring quality-of-service issues in network interface design,10,本,113.00,73.45,9780591618259,onsale
7777,Software-oriented memory-management design,13,本,81.00,52.65,9780591618266,onsale
7778,An architecture for inter-domain network troubleshooting,10,本,107.00,69.55,9780591773071,onsale
7779,Performance aspects of high-bandwidth multi-lateral cache organizations,3,本,108.00,70.20,9780591772685,onsale
7780,Message level fault injection in distributed systems,10,本,111.00,72.15,9780591771527,onsale
7781,Delay modeling for functional timing analysis,3,本,92.00,59.80,9780591771022,discontinued
7782,Query optimization for navigation in geographic information systems,3,本,100.00,65.00,9780591617580,offsale
7783,Structuring host communication software for quality of service guarantees,3,本,108.00,70.20,9780591617993,onsale
7784,Optimizing high performance dynamic branch predictors,3,本,106.00,68.90,9780591772746,onsale
7785,Support for service scalability in video-on-demand end-systems,3,本,104.00,67.60,9780591943726,onsale
7786,Real-time operating system services for networked embedded systems,10,本,109.00,70.85,9780591945270,offsale
7787,Reducing communication cost in scalable shared memory systems,3,本,110.00,71.50,9780591770797,onsale
7788,Optimizing parallel applications,3,本,108.00,70.20,9780591944396,onsale
7789,Active object-oriented databases,5,本,114.00,74.10,9780591943924,onsale
7790,Fast low-cost failure recovery for real-time communication in multi-hop networks,10,本,103.00,66.95,9780591944310,onsale
7791,Computational agents that learn about agents,3,本,94.00,61.10,9780591945102,onsale
7792,Approximate spatial layout processing in the visual system,3,本,110.00,71.50,9780599083783,onsale
7793,Ensuring reasoning consistency in hierarchical architectures,3,本,116.00,75.40,9780599084995,onsale
7794,View-based solutions for schema evolution problems,3,本,112.00,72.80,9780599083974,onsale
7795,An adversary-centric logic of security and authenticity,3,本,92.00,59.80,9780591944020,discontinued
7796,Sams Teach Yourself UML in 24 Hours (Sams Teach Yourself in 24 Hours Series),3,本,96.00,62.40,9780672316364,onsale
7797,It Career Jumpstart An Introduction To Pc Hardware Software And Networking,10,本,99.00,64.35,9781118206157,onsale
7798,Ocr Computing For Gcse,17,本,72.00,46.80,9781444177794,onsale
7799,Public-Key Cryptography,3,本,98.00,63.70,9783540528319,onsale
7800,Model-driven software development,7,本,97.00,63.05,9783540256137,onsale
7801,Resilience Assessment and Evaluation of Computing Systems,3,本,96.00,62.40,9783642290336,onsale
7802,Palm webOS,3,本,100.00,65.00,9780596155254,offsale
7803,Biomedical Simulation,15,本,82.00,53.30,9783319120577,onsale
7804,The Verilog hardware description language,3,本,102.00,66.30,9780792391265,onsale
7805,IBM SPSS statistics 19 made simple,11,本,86.00,55.90,9781138462472,onsale
7806,Advances in information storage systems.,3,本,102.00,66.30,9789810236168,onsale
7807,Cryptology and Network Security,10,本,101.00,65.65,9783642354052,discontinued
7808,The Apprentices of Wonder,3,本,104.00,67.60,9780553349467,onsale
7809,Delay and Disruption Tolerant Networks,10,本,101.00,65.65,9781351984201,discontinued
7810,Intelligent networks,10,本,105.00,68.25,9780849374012,onsale
7811,Server+ certification,3,本,96.00,62.40,9780735710870,onsale
7812,Learning C#,17,本,60.00,39.00,9780596003760,onsale
7813,Murach's C#,3,本,104.00,67.60,9781890774226,onsale
7814,Basic Concepts in Computational Physics,12,本,78.00,50.70,9783319272634,onsale
7815,Pervasive communications handbook,3,本,84.00,54.60,9781420051094,onsale
7816,Expert systems for business,8,本,113.00,73.45,9780877091271,offsale
7817,Molecular modeling,3,本,106.00,68.90,9783527305896,onsale
7818,Affect and Embodied Meaning in Animation,3,本,90.00,58.50,9781351054454,onsale
7819,Hard disk drive,3,本,92.00,59.80,9781351838023,discontinued
7820,Mathematical Perspectives on Neural Networks,8,本,101.00,65.65,9780805812015,onsale
7821,Toward an international virtual observatory,3,本,80.00,52.00,9783540210016,onsale
7822,The Cambridge Quintet,3,本,90.00,58.50,9780316642811,onsale
7823,Learning Scientific Programming with Python,6,本,102.00,66.30,9781108778039,onsale
7824,Advances in Computational Social Science,3,本,98.00,63.70,9784431548461,onsale
7825,Extend Microsoft Access Applications To The Cloud,3,本,92.00,59.80,9780133966213,discontinued
7826,Algorithms and Computation,9,本,102.00,66.30,9783319046570,onsale
7827,Research in Computational Molecular Biology (vol. # 3909),12,本,76.00,49.40,9783540332954,onsale
7828,Neural Networks As Cybernetic Systems,8,本,121.00,78.65,9780865776722,onsale
7829,Clifford Algebras,11,本,98.00,63.70,9783658076177,onsale
7830,Expert systems for scientific computing,8,本,113.00,73.45,9780444892263,offsale
7831,The Electronic Privacy Papers,3,本,96.00,62.40,9780471122975,onsale
7832,Process patterns,3,本,98.00,63.70,9780521645683,onsale
7833,Interactive Companion CD-ROM version 2.0 to accompany Computing Essentials 00-01,17,本,56.00,36.40,9780072460247,onsale
7834,Indian Computer Science (CS) & Information Technology (IT) Academic Reform (Past) Activism Blog Book,12,本,90.00,58.50,9789354063589,onsale
7835,Rewiring Democracy,3,本,102.00,66.30,9780262049948,onsale
7836,An introduction to computational learning theory,17,本,54.00,35.10,9780262111935,onsale
7837,Concepts de programmation en Visual Basic,3,本,118.00,76.70,9782894618967,onsale
7838,Authentication codes and combinatorial designs,3,本,96.00,62.40,9780429146237,onsale
7839,Principles and practices of interconnection networks,10,本,89.00,57.85,9780122007514,onsale
7840,Cognitive Computing Using Green Technologies,3,本,114.00,74.10,9780367487966,onsale
7841,Quantum Computation and Quantum Communication:,3,本,98.00,63.70,9780387244129,onsale
7842,Recent advances in parallel virtual machine and message passing interface,3,本,108.00,70.20,9783540636977,onsale
7843,Geometric Modelling,3,本,112.00,72.80,9783709175859,onsale
7844,"Modeling, Simulation and Optimization of Complex Processes",3,本,104.00,67.60,9783642443695,onsale
7845,Algorithm engineering,9,本,90.00,58.50,9783540425120,onsale
7846,Algorithm engineering,9,本,94.00,61.10,9783540425007,onsale
7847,Hidden Markov models for time series,3,本,100.00,65.00,9781315372488,offsale
7848,"Rough sets, fuzzy sets, data mining, and granular computing",8,本,97.00,63.05,9783540140405,onsale
7849,Engineering for human-computer interaction,12,本,72.00,46.80,9780412721809,discontinued
7850,Practical Ruby Projects,6,本,100.00,65.00,9781590599112,offsale
7851,Mobile agents,3,本,96.00,62.40,9783540429524,onsale
7852,Foundation course in computer science,3,本,88.00,57.20,9780444195210,onsale
7853,Basic Logic And Its Applications in Computer Science,3,本,100.00,65.00,9781842650394,offsale
7854,Automate the Boring Stuff with Python,6,本,114.00,74.10,9781548987824,onsale
7855,Bobby Fischer Teaches Chess,3,本,108.00,70.20,9783499168703,onsale
7856,The Mythical Man-Month,3,本,84.00,54.60,9780132100694,onsale
7857,Structure and Interpretation of Computer Programs (SICP),3,本,80.00,52.00,9780262011532,onsale
7858,The C Programming Language,6,本,88.00,57.20,9780131175327,onsale
7859,C++,3,本,90.00,58.50,9781292153414,onsale
7860,Programming in ANSI C,6,本,98.00,63.70,9780070681828,onsale
7861,Eloquent Javascript,6,本,110.00,71.50,9781548955519,onsale
7862,JavaScript,6,本,94.00,61.10,9781491952023,onsale
7863,C programming,6,本,106.00,68.90,9780393969450,onsale
7864,The C++ programming language,6,本,108.00,70.20,9788478290192,onsale
7865,Think Python,6,本,100.00,65.00,9781449330729,offsale
7866,Java,6,本,92.00,59.80,9780072231892,discontinued
7867,PHP & MySQL,5,本,102.00,66.30,9781119149224,discontinued
7868,Fluent Python,6,本,100.00,65.00,9781491946251,offsale
7869,Managerial Accounting,13,本,75.00,48.75,9780470086490,onsale
7870,Python crash course,6,本,98.00,63.70,9781593276034,onsale
7871,Back to the Batcave,3,本,92.00,59.80,9781584441052,discontinued
7872,Introducing Computers,3,本,92.00,59.80,9780471512257,discontinued
7873,Introduction to Algorithms,9,本,100.00,65.00,9780262259460,onsale
7874,Masters of Doom,3,本,112.00,72.80,9788494458750,onsale
7875,Beginning programming for dummies,6,本,88.00,57.20,9781118055045,onsale
7876,C How to Program,3,本,100.00,65.00,9781292110998,offsale
7877,Java Concurrency in Practice,6,本,92.00,59.80,9780321349606,discontinued
7878,Object-oriented Programming with C++,6,本,104.00,67.60,9781259029936,onsale
7879,Introduction to Java Programming,6,本,80.00,52.00,9780131002258,onsale
7880,Houghton Mifflin Reading Intervention,3,本,98.00,63.70,9780618932542,onsale
7881,Computer science,12,本,78.00,50.70,9780534385255,onsale
7882,Let Us C++,3,本,112.00,72.80,9788176569408,onsale
7883,Programming Pearls,6,本,94.00,61.10,9780134498034,onsale
7884,Let us C,3,本,94.00,61.10,9788183331630,onsale
7885,Learning Python,6,本,94.00,61.10,9780596150280,onsale
7886,You Don't Know JS,3,本,92.00,59.80,9789352134205,discontinued
7887,The art of computer programming,6,本,104.00,67.60,9780201896848,onsale
7888,The Rust Programming Language,6,本,88.00,57.20,9781718500440,onsale
7889,Java how to program--early objects,6,本,96.00,62.40,9781292018195,onsale
7890,Programming with Java,6,本,98.00,63.70,9789353162344,onsale
7891,Coders at Work,3,本,94.00,61.10,9781430219484,onsale
7892,The clean coder,17,本,56.00,36.40,9780132542951,onsale
7893,Friends 'Til the End,3,本,86.00,55.90,9780755313211,onsale
7894,JavaScript and jQuery,6,本,98.00,63.70,9781118871652,onsale
7895,The Go Programming Language,6,本,84.00,54.60,9780134190440,onsale
7896,Head first Java,6,本,102.00,66.30,9788173666025,onsale
7897,JavaScript for dummies,6,本,100.00,65.00,9780764506338,offsale
7898,Desire Never Changes,3,本,94.00,61.10,9780373109463,onsale
7899,C how to program,3,本,84.00,54.60,9780131225435,onsale
7900,Head First design patterns,3,本,79.00,51.35,9789867794529,onsale
7901,Java for dummies,6,本,92.00,59.80,9781119235552,discontinued
7902,The Pragmatic Programmer,17,本,68.00,44.20,9780135956915,onsale
7903,The Waite Group's Turbo C programming for the PC,6,本,90.00,58.50,9780672226601,onsale
7904,"Python, The Complete Reference",6,本,94.00,61.10,9780072127188,onsale
7905,The Making of Star Trek,3,本,88.00,57.20,9780345340191,onsale
7906,Basic materials in music theory,17,本,68.00,44.20,9780205129997,onsale
7907,The psychology of computer programming,6,本,96.00,62.40,9780442207649,onsale
7908,Software engineering,7,本,83.00,53.95,9780321210265,onsale
7909,JavaScript,6,本,96.00,62.40,9787121177408,onsale
7910,Clean Architecture,3,本,94.00,61.10,9780134494326,onsale
7911,C++,17,本,66.00,42.90,9780078812637,offsale
7912,BASIC,3,本,94.00,61.10,9780818502507,onsale
7913,Operating systems,10,本,105.00,68.25,9780138874070,onsale
7914,Introduction to C Programming,6,本,100.00,65.00,9780199452057,offsale
7915,Hackers,3,本,110.00,71.50,9781449388393,onsale
7916,Python,6,本,108.00,70.20,9783955617707,onsale
7917,"Agile Software Development, Principles, Patterns, and Practices",7,本,103.00,66.95,9780135974445,offsale
7918,Objects first with Java,6,本,100.00,65.00,9780132492669,offsale
7919,Teach yourself C++,3,本,100.00,65.00,9780078823923,offsale
7920,Cracking The Coding Interview,6,本,106.00,68.90,9780984782802,onsale
7921,Microprocessors and interfacing,3,本,90.00,58.50,9780070255265,onsale
7922,Grokking Algorithms: An illustrated guide for programmers and other curious people,9,本,98.00,63.70,9781617292231,discontinued
7923,Introduction to Machine Learning with Python,8,本,117.00,76.05,9781449369415,onsale
7924,Python,6,本,102.00,66.30,9781535483834,onsale
7925,SQL for Dummies,5,本,116.00,75.40,9783527810895,onsale
7926,Core Python programming,6,本,94.00,61.10,9780137061594,onsale
7927,The Hunger Games,3,本,102.00,66.30,9780545452397,onsale
7928,Mastering Blockchain,3,本,116.00,75.40,9781788838672,onsale
7929,Computer Science With C++ Class,3,本,92.00,59.80,9788177000245,discontinued
7930,Java Programming,6,本,88.00,57.20,9781423901280,onsale
7931,Python For Data Analysis,6,本,98.00,63.70,9781306813099,onsale
7932,Structured Computer Organization,10,本,115.00,74.75,9788576050674,onsale
7933,Systems analysis and design,7,本,95.00,61.75,9780136466215,discontinued
7934,Effective Python,6,本,96.00,62.40,9780134854571,onsale
7935,Software Engineering,7,本,107.00,69.55,9788563308337,onsale
7936,Fundamentals of data structures in C,9,本,104.00,67.60,9780929306407,onsale
7937,C# in Depth,3,本,98.00,63.70,9781617294532,onsale
7938,Raspberry Pi User Guide,3,本,90.00,58.50,9781322094830,onsale
7939,Effective C++,3,本,98.00,63.70,9780321334879,onsale
7940,JavaScript,6,本,84.00,54.60,9781423901501,onsale
7941,Python for dummies,6,本,96.00,62.40,9780470085950,onsale
7942,Java how to program,6,本,90.00,58.50,9788120345027,onsale
7943,The self-taught programmer,3,本,120.00,78.00,9780999685907,onsale
7944,"Java, Java, Java",6,本,90.00,58.50,9780131474345,onsale
7945,Fundamentals of Programming using Java,6,本,94.00,61.10,9781844804511,onsale
7946,Beautiful Code,3,本,94.00,61.10,9780596510046,onsale
7947,Game Programming Patterns,6,本,86.00,55.90,9781430231509,onsale
7948,Data structures and algorithm analysis in C,9,本,102.00,66.30,9780321189950,onsale
7949,Technology for Success,12,本,72.00,46.80,9780357026380,discontinued
7950,Engineering mathematics,11,本,78.00,50.70,9780333333372,onsale
7951,Let us C,3,本,79.00,51.35,9789389845686,onsale
7952,Code,3,本,92.00,59.80,9780735605053,discontinued
7953,Game engine architecture,3,本,98.00,63.70,9781351974271,onsale
7954,JavaScript bible,6,本,94.00,61.10,9780470952801,onsale
7955,Extreme programming explained,6,本,121.00,78.65,9780134052021,onsale
7956,Starting out with Python,6,本,90.00,58.50,9780321537119,onsale
7957,Invitation to Computer Science,12,本,82.00,53.30,9781439041994,onsale
7958,Big Java,6,本,102.00,66.30,9780471636557,onsale
7959,Beginning programming with Java for dummies,6,本,104.00,67.60,9781280674297,onsale
7960,Feeding Hannibal,3,本,112.00,72.80,9781783297665,onsale
7961,Operating systems,10,本,107.00,69.55,9780070854673,onsale
7962,"Concepts, techniques, and models of computer programming",6,本,96.00,62.40,9780262220699,onsale
7963,QBasic by example,3,本,90.00,58.50,9780131024489,onsale
7964,Python for Kids,6,本,120.00,78.00,9781548987848,onsale
7965,Object-Oriented Software Engineering,7,本,85.00,55.25,9780201544350,onsale
7966,"Microprocessor Architecture, Programming, and Applications with the 8085",6,本,86.00,55.90,9780139012570,onsale
7967,Excel VBA Programming For Dummies,6,本,100.00,65.00,9780470632758,offsale
7968,C++ primer plus,3,本,104.00,67.60,9780672326974,onsale
7969,IBM PC assembly language and programming,6,本,98.00,63.70,9780134489452,onsale
7970,Mockingjay,3,本,100.00,65.00,9788380081536,offsale
7971,Computer Fundamentals and Programming in C,6,本,110.00,71.50,9780198078883,onsale
7972,Computer power and human reason,3,本,88.00,57.20,9780140225358,onsale
7973,IBM PC Apprentice,3,本,92.00,59.80,9780134523682,discontinued
7974,Let us C,3,本,92.00,59.80,9781934015254,discontinued
7975,Starting out with C++,3,本,102.00,66.30,9781576760345,onsale
7976,C For Dummies,3,本,104.00,67.60,9780470196991,onsale
7977,Autobiography of a Yogi,14,本,69.00,44.85,9798705243440,onsale
7978,Advanced C programming by example,6,本,94.00,61.10,9780534951405,onsale
7979,Problem solving with C++,3,本,96.00,62.40,9780805374407,onsale
7980,The Definitive Guide to DAX,3,本,106.00,68.90,9781509306978,onsale
7981,Programming: Principles and Practice Using C++ (2nd Edition),6,本,108.00,70.20,9780321992789,onsale
7982,Solutions Manual for Radar Systems Analysis and Design Using MATLAB,7,本,109.00,70.85,9781584882282,onsale
7983,PHP,6,本,92.00,59.80,9780071508544,discontinued
7984,Python Playground,6,本,104.00,67.60,9781593277345,onsale
7985,"Learning PHP, MySQL & JavaScript",5,本,118.00,76.70,9781491918647,onsale
7986,An introduction to data structures with applications,9,本,104.00,67.60,9780070651579,onsale
7987,Paradigms of Artificial Intelligence,8,本,111.00,72.15,9781558602328,onsale
7988,Intro to Python for Computer Science and Data Science,6,本,96.00,62.40,9781292364902,onsale
7989,Problem solving and program design in C,3,本,92.00,59.80,9780201576535,discontinued
7990,Learn More Python 3 the Hard Way: The Next Step for New Python Programmers (Zed Shaw's Hard Way Series),6,本,90.00,58.50,9780134123486,onsale
7991,প্রোগ্রামিং কনটেস্ট,3,本,106.00,68.90,9789849216414,onsale
7992,Understanding coding with Python,6,本,98.00,63.70,9781508144755,onsale
7993,Introduction To Computation And Programming Using Python,6,本,94.00,61.10,9780262519632,onsale
7994,"Think Like a Programmer, Python Edition",6,本,102.00,66.30,9781593278045,onsale
7995,Modern Full-Stack Development,3,本,100.00,65.00,9781484257371,offsale
7996,C++,3,本,100.00,65.00,9781558282506,offsale
7997,Dive into Python,6,本,102.00,66.30,9781590593561,onsale
7998,Think Complexity: Complexity Science and Computational Modeling,3,本,84.00,54.60,9781306812221,onsale
7999,Software Engineering,7,本,99.00,64.35,9780471734246,onsale
8000,Allen Carr's Easy Way to Stop Smoking,3,本,88.00,57.20,9780141904443,onsale
8001,Intermediate algebra,11,本,74.00,48.10,9780321279200,onsale
8002,Business mathematics,11,本,113.00,73.45,9780321612311,offsale
8003,Python All-in-One For Dummies,6,本,106.00,68.90,9781119787617,onsale
8004,Software testing techniques,3,本,102.00,66.30,9788177222609,onsale
8005,Game of Thrones,3,本,92.00,59.80,9780762457021,discontinued
8006,Doctor Who,3,本,84.00,54.60,9780491030144,onsale
8007,Game Programming With Python (Game Development Series),6,本,102.00,66.30,9781584502586,onsale
8008,Friends,3,本,80.00,52.00,9780451211620,onsale
8009,Introduction to Programming with C++,6,本,90.00,58.50,9780131594180,onsale
8010,The Hitchhiker’s Guide To Python,6,本,102.00,66.30,9781491933176,onsale
8011,Down the rabbit hole,3,本,84.00,54.60,9780062372123,onsale
8012,C Programming Absolute Beginner's Guide,6,本,112.00,72.80,9780789751980,onsale
8013,Introduction to C Programming,6,本,86.00,55.90,9780130608550,onsale
8014,Creating environments for learning,17,本,52.00,33.80,9780134014555,onsale
8015,Free Pascal,6,本,110.00,71.50,9783936546538,onsale
8016,Learn Python 3 the Hard Way,6,本,102.00,66.30,9780134692883,onsale
8017,The AWK programming language,6,本,100.00,65.00,9780138269760,offsale
8018,Thing Of Beauty,3,本,98.00,63.70,9780426194491,onsale
8019,Python programming,6,本,108.00,70.20,9781590282977,onsale
8020,Lazarus - the complete guide,6,本,106.00,68.90,9789490968021,onsale
8021,First course in programming with C.,6,本,96.00,62.40,9788125912118,onsale
8022,Introduction to text linguistics,3,本,106.00,68.90,9780582554856,onsale
8023,Interactive Computing Series,17,本,58.00,37.70,9780072340792,discontinued
8024,Starting Out with C++,17,本,62.00,40.30,9780133957235,onsale
8025,Software Testing,17,本,82.00,53.30,9788177582956,onsale
8026,Core Java,6,本,98.00,63.70,9780132354769,onsale
8027,A grammatical view of logic programming,6,本,92.00,59.80,9780262514446,discontinued
8028,"Compilers, principles, techniques, and tools",7,本,111.00,72.15,9788178080468,onsale
8029,Programming in C,6,本,104.00,67.60,9780199456147,onsale
8030,The Dart Programming Language,6,本,94.00,61.10,9780321927705,onsale
8031,Seven Languages in Seven Weeks,3,本,106.00,68.90,9781934356593,onsale
8032,Learning SQL,5,本,104.00,67.60,9781492057611,onsale
8033,Java,6,本,90.00,58.50,9780134710754,onsale
8034,The Little Schemer,3,本,90.00,58.50,9780262332545,onsale
8035,"Introduction to Computation and Programming Using Python, third edition",6,本,92.00,59.80,9780262542364,discontinued
8036,97 Things Every Programmer Should Know,3,本,112.00,72.80,9780596809485,onsale
8037,Learning Perl,6,本,106.00,68.90,9780596551926,onsale
8038,Pascal,6,本,100.00,65.00,9780314908773,offsale
8039,The spirit of C,3,本,84.00,54.60,9780314285003,onsale
8040,Absolute Java,6,本,94.00,61.10,9781292456034,onsale
8041,French for reading,3,本,80.00,52.00,9780133316032,onsale
8042,C++ programming,6,本,92.00,59.80,9780321287632,discontinued
8043,"Art of Computer Programming, The, Volumes 1-3 Boxed Set (2nd Edition) (The Art of Computer Programming Series)",6,本,90.00,58.50,9780201485417,onsale
8044,A first book of ANSI C,3,本,86.00,55.90,9780314010865,onsale
8045,Gramática estructural de la lengua española,3,本,104.00,67.60,9789685801522,onsale
8046,Advanced 80386 programming techniques,6,本,100.00,65.00,9780078813429,offsale
8047,UNIX System Programming Using C++,10,本,93.00,60.45,9780133315622,onsale
8048,Essentials of accounting,13,本,65.00,42.25,9780137008063,onsale
8049,Programming in Lua,6,本,120.00,78.00,9788590379867,onsale
8050,System Design Interview - an Insider's Guide,3,本,110.00,71.50,9798645383572,onsale
8051,Java,6,本,94.00,61.10,9781265058432,onsale
8052,Introduction to Linear Optimization,3,本,116.00,75.40,9781886529199,onsale
8053,Computer graphics,3,本,84.00,54.60,9780071004725,onsale
8054,Starting Out with Python (4th Edition),6,本,84.00,54.60,9780134444321,onsale
8055,"C, The Complete Reference",3,本,98.00,63.70,9780078813139,onsale
8056,Programming C#,6,本,102.00,66.30,9780596006990,onsale
8057,"Run, Ma, Run",3,本,104.00,67.60,9781559760553,onsale
8058,Learn C++ by making games,3,本,104.00,67.60,9781584504559,onsale
8059,Unlimited power,3,本,114.00,74.10,9780671699765,onsale
8060,Course ILT,12,本,80.00,52.00,9780619161279,offsale
8061,Professional JavaScript for Web developers,6,本,102.00,66.30,9788441519534,onsale
8062,Think like a Programmer,3,本,100.00,65.00,9781593274245,offsale
8063,The seasoned schemer,3,本,92.00,59.80,9780262332484,discontinued
8064,Learn C the hard way,3,本,84.00,54.60,9780133124408,onsale
8065,The Little Typer,3,本,94.00,61.10,9780262350990,onsale
8066,Structured COBOL programming,6,本,92.00,59.80,9780471170662,discontinued
8067,Programming languages: design and implementation,6,本,86.00,55.90,9780137304325,onsale
8068,The Practice of Computing Using Python,6,本,118.00,76.70,9781447963998,onsale
8069,Kotlin in Action,6,本,102.00,66.30,9781638353690,onsale
8070,JavaScript,6,本,82.00,53.30,9780072131406,onsale
8071,C++ program design,3,本,96.00,62.40,9780256197440,onsale
8072,Javascript,6,本,104.00,67.60,9780789562333,onsale
8073,Python Data Science Handbook,6,本,92.00,59.80,9781098121228,discontinued
8074,C++ Primer,3,本,98.00,63.70,9780201548488,onsale
8075,You Don't Know JS Yet,3,本,100.00,65.00,9781647862206,offsale
8076,Learn You a Haskell for Great Good!,3,本,106.00,68.90,9781593272838,onsale
8077,Advanced Roblox Coding Book,6,本,90.00,58.50,9781721400089,onsale
8078,"Java: The Complete Reference, Eleventh Edition",6,本,82.00,53.30,9781260440232,onsale
8079,Assembly language for Intel-based computers,3,本,80.00,52.00,9780130910134,onsale
8080,Change your mind--and keep the change,16,本,66.00,42.90,9780911226287,onsale
8081,Data structures and program design in C,9,本,106.00,68.90,9780137256495,offsale
8082,Problem solving and programming concepts,6,本,102.00,66.30,9780675208673,onsale
8083,A Tour of C++,3,本,90.00,58.50,9780321958310,onsale
8084,Programming languages,6,本,80.00,52.00,9780130291042,onsale
8085,Python in a Nutshell,6,本,92.00,59.80,9781098113551,discontinued
8086,Learn Python The Hard Way A Very Simple Introduction To The Terrifyingly Beautiful World Of Computers And Code,6,本,100.00,65.00,9780321884916,offsale
8087,Principles of everyday behavior analysis,3,本,94.00,61.10,9780818501418,onsale
8088,C++ Programming,6,本,96.00,62.40,9781337696111,onsale
8089,A discipline of programming,6,本,94.00,61.10,9780132158718,onsale
8090,Programming,6,本,102.00,66.30,9780133796735,onsale
8091,The world history of animation,14,本,69.00,44.85,9781845137144,onsale
8092,Essential Maths,3,本,100.00,65.00,9780748727421,offsale
8093,Turbo C/C++,3,本,104.00,67.60,9780078817762,onsale
8094,Purely functional data structures,9,本,92.00,59.80,9780511825132,onsale
8095,Rudiments of music [by] Robert W. Ottman [and] Frank Mainous,3,本,90.00,58.50,9780137067404,onsale
8096,Algorithms,9,本,94.00,61.10,9780321573513,onsale
8097,Learning Angular,17,本,66.00,42.90,9781835081556,offsale
8098,Blues For Mister Charlie,3,本,90.00,58.50,9780440306375,onsale
8099,Swift programming,6,本,94.00,61.10,9780135266328,onsale
8100,Beginning JavaScript,6,本,108.00,70.20,9780764573774,onsale
8101,IEEE standard for information technology,12,本,80.00,52.00,9781559373135,offsale
8102,Karel the Robot,3,本,102.00,66.30,9780471089285,onsale
8103,Java 2,6,本,96.00,62.40,9780072225884,onsale
8104,C++ Black Book,3,本,86.00,55.90,9781932111262,onsale
8105,Coding for dummies,6,本,92.00,59.80,9781322950075,discontinued
8106,DATA MINING FOR BUSINESS ANALYTICS,8,本,113.00,73.45,9781118956632,offsale
8107,"Foundations of Game Engine Development, Volume 2",3,本,106.00,68.90,9780985811754,onsale
8108,Game Development Using Python,6,本,100.00,65.00,9781683921813,offsale
8109,Microprocessor X86 Programming,6,本,102.00,66.30,9788170294580,onsale
8110,Doctor Who,3,本,106.00,68.90,9780762791880,onsale
8111,Invent your Own Computer Games with Python,6,本,96.00,62.40,9781593278120,onsale
8112,C++ for dummies,3,本,104.00,67.60,9780764503894,onsale
8113,I Am Spock,3,本,114.00,74.10,9780786861965,onsale
8114,Richard Bandler's guide to trance-formation,3,本,106.00,68.90,9780757307775,onsale
8115,Functional Programming In Scala,6,本,110.00,71.50,9781638353959,onsale
8116,The Waite Group's C programming using Turbo C++,6,本,106.00,68.90,9780672303999,onsale
8117,The Clockwise Man,3,本,102.00,66.30,9780563486282,onsale
8118,Effective Java,6,本,104.00,67.60,9780134685991,onsale
8119,The Ballad of Songbirds and Snakes,3,本,94.00,61.10,9780702309519,onsale
8120,Storm of the Century,3,本,100.00,65.00,9783453171558,offsale
8121,Introduction to Turbo prolog,3,本,122.00,79.30,9780895883599,offsale
8122,On LISP,3,本,84.00,54.60,9780130305527,onsale
8123,C programming,6,本,112.00,72.80,9780878352975,onsale
8124,QBasic,17,本,87.00,56.55,9780314000712,onsale
8125,Java for dummies,6,本,86.00,55.90,9780764501401,onsale
8126,The art of computer programming,6,本,82.00,53.30,9780201038019,onsale
8127,An introduction to object-oriented programming,6,本,88.00,57.20,9780201824193,onsale
8128,Dreaming in code,3,本,92.00,59.80,9781400082469,discontinued
8129,"Introduction to Java Programming and Data Structures, Comprehensive Version",9,本,94.00,61.10,9780136520238,onsale
8130,C by Dissection,3,本,82.00,53.30,9780805331400,onsale
8131,Teach yourself QBasic in 21 days,3,本,86.00,55.90,9780672303241,onsale
8132,C,3,本,98.00,63.70,9780672226519,onsale
8133,I Am America (And So Can You!),3,本,98.00,63.70,9780446407816,onsale
8134,"The Art of Computer Programming, Volumes 1-4A Boxed Set",6,本,82.00,53.30,9780321751041,onsale
8135,The art of game design,3,本,98.00,63.70,9781351803649,onsale
8136,Land of Lisp,3,本,92.00,59.80,9781593272005,discontinued
8137,Solutions Manual for Signals and Systems Primer with MATLAB,3,本,88.00,57.20,9781420044690,onsale
8138,Programming the 80386,6,本,108.00,70.20,9780895883810,onsale
8139,Python 3,6,本,102.00,66.30,9781683920861,onsale
8140,Problem Solving with C++,3,本,90.00,58.50,9780321288332,onsale
8141,Medical Terminology For Health Professions,15,本,82.00,53.30,9780827330375,onsale
8142,Clojure programming,6,本,106.00,68.90,9781449394707,onsale
8143,"Introduction to Java Programming and Data Structures, Comprehensive Version (11th Edition)",9,本,100.00,65.00,9780134670942,onsale
8144,Head first Java,6,本,94.00,61.10,9780596009205,onsale
8145,Python Algorithms,9,本,94.00,61.10,9781430232384,onsale
8146,Java foundations,6,本,94.00,61.10,9780134285436,onsale
8147,The animator's survival kit,3,本,92.00,59.80,9780571212682,discontinued
8148,Professional WordPress Plugin Development,3,本,86.00,55.90,9781118075302,onsale
8149,The Ruby programming language,6,本,106.00,68.90,9780596516178,onsale
8150,Starting Out with Python,6,本,94.00,61.10,9780133582734,onsale
8151,Talking as fast as I can,3,本,110.00,71.50,9780143788966,onsale
8152,Beginning Game Development with Python and Pygame,6,本,98.00,63.70,9781484209714,onsale
8153,The Legend of Korra,3,本,104.00,67.60,9781683833932,onsale
8154,Java foundations,6,本,102.00,66.30,9781292037974,onsale
8155,Introduction to computer science,3,本,90.00,58.50,9780314933072,onsale
8156,C programming,6,本,88.00,57.20,9780672305610,onsale
8157,Java,6,本,92.00,59.80,9780130316974,discontinued
8158,Game design workshop,3,本,92.00,59.80,9781578202225,discontinued
8159,Masterminds of Programming,6,本,98.00,63.70,9780596515171,onsale
8160,Exercises in Programming Style,6,本,88.00,57.20,9781000165296,onsale
8161,Mastering today's software,3,本,98.00,63.70,9780030988219,onsale
8162,Smalltalk-80,3,本,90.00,58.50,9780201136883,onsale
8163,HTML black book,3,本,104.00,67.60,9788177220865,onsale
8164,C by Discovery,3,本,98.00,63.70,9781576761700,onsale
8165,The physics of Star trek,12,本,80.00,52.00,9780465005598,offsale
8166,Starting Out with Programming Logic and Design,6,本,86.00,55.90,9780134801155,onsale
8167,English 3200,3,本,94.00,61.10,9780155008656,onsale
8168,Smalltalk best practice patterns,3,本,94.00,61.10,9780134769042,onsale
8169,The Secret Diary of Laura Palmer,3,本,86.00,55.90,9780140170870,onsale
8170,Head First Python,6,本,108.00,70.20,9781491919538,onsale
8171,Advanced MS DOS programming,6,本,100.00,65.00,9781556151576,offsale
8172,PHP cookbook,6,本,84.00,54.60,9781322124506,onsale
8173,How Tomcat Works,3,本,100.00,65.00,9780975212844,offsale
8174,Algorithms and data structures,9,本,86.00,55.90,9780201360622,onsale
8175,Programming interviews exposed,6,本,100.00,65.00,9781118169384,offsale
8176,Starting out with Java,6,本,80.00,52.00,9780134462011,onsale
8177,Java how to program--late objects version,6,本,100.00,65.00,9781292019369,offsale
8178,Practical Common Lisp,3,本,84.00,54.60,9781430211617,onsale
8179,SQL,5,本,102.00,66.30,9780072130966,discontinued
8180,Learning PySpark,17,本,78.00,50.70,9781786466259,onsale
8181,Growing up Brady,3,本,106.00,68.90,9780967378503,onsale
8182,NLP,3,本,94.00,61.10,9780722531952,onsale
8183,Full house,3,本,100.00,65.00,9780816730377,offsale
8184,Data structures and program design in C,9,本,88.00,57.20,9780135190005,onsale
8185,The miseducation of Cameron Post,17,本,60.00,39.00,9780141389172,onsale
8186,Concept of programming languages,6,本,86.00,55.90,9780133943023,onsale
8187,Etudes for programmers,3,本,96.00,62.40,9780132918077,onsale
8188,Thinking Forth,3,本,100.00,65.00,9780139175763,offsale
8189,Breathing under water,3,本,94.00,61.10,9781616361570,onsale
8190,Reliable software through composite design,3,本,102.00,66.30,9780884052845,onsale
8191,Python for Finance: Analyze Big Financial Data,6,本,106.00,68.90,9781491945384,onsale
8192,The first affair,3,本,92.00,59.80,9781451643442,discontinued
8193,Perl in a Nutshell,6,本,92.00,59.80,9780596001643,discontinued
8194,PC Intern system programming,6,本,96.00,62.40,9781557551450,onsale
8195,Programming the 6502,6,本,108.00,70.20,9780895880093,onsale
8196,Writing compilers and interpreters,7,本,95.00,61.75,9780471113539,discontinued
8197,The Year Without Pants,3,本,108.00,70.20,9781118728949,onsale
8198,Coding All-in-One For Dummies (For Dummies (Computers)),6,本,90.00,58.50,9781119363026,onsale
8199,Turtles all the way down,3,本,94.00,61.10,9781555520229,onsale
8200,Using Asyncio in Python,6,本,94.00,61.10,9781492075332,onsale
8201,Data Structures Using C,9,本,106.00,68.90,9780131997462,offsale
8202,Overcoming language barriers in television,3,本,112.00,72.80,9780948195198,onsale
8203,Python 3 object oriented programming,6,本,104.00,67.60,9781849511278,onsale
8204,The Boys in the Band,3,本,96.00,62.40,9780573640049,onsale
8205,Algorithms Illuminated,9,本,118.00,76.70,9780999282960,onsale
8206,Lazarus,3,本,110.00,71.50,9783936546637,onsale
8207,Problem Solving with C++,3,本,94.00,61.10,9780133591743,onsale
8208,"Problem solving, abstraction, and design using C++",3,本,106.00,68.90,9780321488787,onsale
8209,The Twilight zone companion,3,本,90.00,58.50,9780553014167,onsale
8210,Programming Perl,6,本,104.00,67.60,9788173662652,onsale
8211,Excel 2019 Bible,3,本,94.00,61.10,9781119514770,onsale
8212,Integer programming,6,本,90.00,58.50,9781118627150,onsale
8213,Programming pearls,6,本,98.00,63.70,9780201657883,onsale
8214,Solutions Manual for Advanced Engineering Mathematics with MATLAB,11,本,104.00,67.60,9781584884279,onsale
8215,JavaScript for Kids,6,本,102.00,66.30,9781593274085,onsale
8216,Secrets of the JavaScript Ninja,6,本,108.00,70.20,9781617292859,onsale
8217,Determinants and matrices,3,本,88.00,57.20,9780050012994,onsale
8218,The reasoned schemer,3,本,86.00,55.90,9780262562140,onsale
8219,Programming language/one,6,本,96.00,62.40,9780137304578,onsale
8220,Programming language concepts,6,本,98.00,63.70,9780471864820,onsale
8221,Concepts of programming languages,6,本,92.00,59.80,9780201385960,discontinued
8222,Conversations with Richard Bandler,15,本,82.00,53.30,9780757313813,onsale
8223,Practical C Programming,6,本,102.00,66.30,9780937175651,onsale
8224,SQL in a Nutshell,5,本,108.00,70.20,9780596523442,onsale
8225,Structured design,3,本,92.00,59.80,9780917072116,discontinued
8226,Learning React,17,本,66.00,42.90,9781491954621,offsale
8227,Building Embedded Linux Systems,10,本,117.00,76.05,9780596516468,onsale
8228,"Kotlin in Action, Second Edition",6,本,104.00,67.60,9781617299605,onsale
8229,Complete ABAP,3,本,90.00,58.50,9781493223053,onsale
8230,Using your brain--for a change,3,本,88.00,57.20,9780911226270,onsale
8231,S.T.A.R. Labs,3,本,104.00,67.60,9781785651274,onsale
8232,WordPress all-in-one for dummies,3,本,96.00,62.40,9781119553229,onsale
8233,Excel formulas & functions for dummies,3,本,98.00,63.70,9781119518266,onsale
8234,Your Office,3,本,88.00,57.20,9780134320809,onsale
8235,Coding - Computer Programming,6,本,100.00,65.00,9781785211188,offsale
8236,Teach yourself game-programming in 21 days,6,本,96.00,62.40,9780672305627,onsale
8237,The Complete book of M.A.S.H,3,本,102.00,66.30,9780862870805,onsale
8238,Beginning Programming with Python for Dummies,6,本,106.00,68.90,9781119913788,onsale
8239,NUMERICAL RECIPES IN C,3,本,90.00,58.50,9780521354660,onsale
8240,Mastering Regular Expressions,3,本,100.00,65.00,9780596002893,offsale
8241,The art of programming,6,本,94.00,61.10,9780534951351,onsale
8242,The Brilliant World of Tom Gates,3,本,88.00,57.20,9781407173214,onsale
8243,Starting out with programming logic & design,6,本,92.00,59.80,9780321471277,discontinued
8244,Data structures,9,本,104.00,67.60,9780534390808,onsale
8245,Doctor Who,3,本,82.00,53.30,9780426203421,onsale
8246,Algorithms in C++,9,本,94.00,61.10,9780201350883,onsale
8247,Practical VIM,3,本,108.00,70.20,9781934356982,onsale
8248,The Art of Readable Code,3,本,104.00,67.60,9780596802295,onsale
8249,Programmed statistics,11,本,88.00,57.20,9788122414585,onsale
8250,Principles of programming languages,6,本,94.00,61.10,9780195105834,onsale
8251,More Effective C++,3,本,88.00,57.20,9780321545190,onsale
8252,The art of Prolog,3,本,94.00,61.10,9780262193382,onsale
8253,Managing Humans,3,本,106.00,68.90,9781590598443,onsale
8254,Developing your own 32-bit operating system,10,本,107.00,69.55,9780672306556,onsale
8255,Medical terminology quick & concise,15,本,78.00,50.70,9781284484120,discontinued
8256,Programming PHP,6,本,96.00,62.40,9781492054139,onsale
8257,Programming in Python 3,6,本,92.00,59.80,9780321680563,discontinued
8258,Programming in JAVA,6,本,104.00,67.60,9780198094852,onsale
8259,Python for Data Science for Dummies,6,本,92.00,59.80,9781394213092,discontinued
8260,Hush,3,本,104.00,67.60,9780329780845,onsale
8261,Medical terminology made easy,15,本,82.00,53.30,9780827381360,onsale
8262,Introduction to Programming Using Microsoft Visual Basic 2008,6,本,102.00,66.30,9780821950685,onsale
8263,Build your own flight sim in C++,3,本,98.00,63.70,9781571690227,onsale
8264,Assembly Language and Computer Architecture Using C++ and Java,10,本,101.00,65.65,9780534405274,discontinued
8265,Doctor Who: Who-ology,3,本,104.00,67.60,9781785943027,onsale
8266,The game production handbook,3,本,92.00,59.80,9781934015407,discontinued
8267,Computer literacy,3,本,92.00,59.80,9780070492462,discontinued
8268,Writing efficient programs,3,本,94.00,61.10,9780139702518,onsale
8269,Literate programming,6,本,96.00,62.40,9780937073810,onsale
8270,The Art and Making of The Flash,3,本,106.00,68.90,9781785651267,onsale
8271,Object-oriented software development using Java,6,本,86.00,55.90,9780201350845,onsale
8272,Game design,3,本,92.00,59.80,9781556229121,discontinued
8273,Java How to Program,6,本,112.00,72.80,9780138993948,onsale
8274,Oracle PL/SQL Language,5,本,128.00,83.20,9781491919989,onsale
8275,Game design,3,本,96.00,62.40,9781592004935,onsale
8276,How to Take Charge of Your Life,3,本,94.00,61.10,9780007555932,onsale
8277,"Introduction to Computation and Programming Using Python, Second Edition",6,本,100.00,65.00,9780262337397,offsale
8278,Let Over Lambda,3,本,94.00,61.10,9781435712751,onsale
8279,Functional JavaScript,6,本,100.00,65.00,9781449360771,offsale
8280,Test-Driven Development with Python,6,本,102.00,66.30,9781449364823,onsale
8281,The Hacker Crackdown,3,本,102.00,66.30,9781535486903,onsale
8282,Design Patterns,3,本,86.00,55.90,9789043002172,onsale
8283,Visual Basic 6 how to program,17,本,56.00,36.40,9780131228177,onsale
8284,Structured reading,3,本,102.00,66.30,9780131887268,onsale
8285,Doctor Who,3,本,108.00,70.20,9781785945335,onsale
8286,Python for Everyone,6,本,100.00,65.00,9781119638292,offsale
8287,Introducción a la programación,3,本,94.00,61.10,9788441511453,onsale
8288,Programming in ANSI C,6,本,106.00,68.90,9780314895639,onsale
8289,Rules of play,3,本,84.00,54.60,9780262240451,onsale
8290,Supernatural,3,本,110.00,71.50,9781845766573,onsale
8291,An Introduction to Object-Oriented Programming With Java,6,本,88.00,57.20,9780072401295,onsale
8292,Programming in C,6,本,86.00,55.90,9780672331411,onsale
8293,The Ultimate Introduction to NLP,3,本,92.00,59.80,9780008347291,discontinued
8294,Python for kids for dummies,6,本,90.00,58.50,9781119093107,onsale
8295,Chemistry,12,本,78.00,50.70,9781119632566,onsale
8296,Absolute C++,3,本,98.00,63.70,9780133970944,onsale
8297,"Algorithms in C, Parts 1-4",9,本,92.00,59.80,9780134190136,onsale
8298,A.B.Guide to Music Theory,3,本,104.00,67.60,9781854724465,onsale
8299,Harlan Ellison's The city on the edge of forever (teleplay),3,本,88.00,57.20,9781623027261,onsale
8300,Hacker's Delight,3,本,94.00,61.10,9780201914658,onsale
8301,The History Boys,14,本,65.00,42.25,9781602830257,discontinued
8302,Mathematics for elementary teachers,11,本,80.00,52.00,9780134800196,onsale
8303,Welding,3,本,88.00,57.20,9780131025783,onsale
8304,Dynamic HTML,3,本,94.00,61.10,9780596003166,onsale
8305,Learning C++,17,本,58.00,37.70,9780071008495,discontinued
8306,Domain Modeling Made Functional,3,本,90.00,58.50,9781680502541,onsale
8307,Beginning Programming with Python For Dummies,6,本,106.00,68.90,9781119457893,onsale
8308,Adventures in Raspberry Pi,3,本,94.00,61.10,9781118751237,onsale
8309,Supercharge Power BI,3,本,100.00,65.00,9781615470846,offsale
8310,C++ for C programmers,3,本,86.00,55.90,9780805309102,onsale
8311,C pointers and dynamic memory management,13,本,69.00,44.85,9780471561521,onsale
8312,National health programs of India,15,本,82.00,53.30,9788188132133,onsale
8313,VBA for modelers,17,本,72.00,46.80,9781439079843,onsale
8314,Software Quality Assurance,3,本,100.00,65.00,9781842657027,offsale
8315,Chemical principles,3,本,118.00,76.70,9780395839959,onsale
8316,The Book of Three (Charmed),3,本,104.00,67.60,9780689861116,onsale
8317,Mastering Oracle SQL,5,本,106.00,68.90,9780596006327,onsale
8318,Python,6,本,102.00,66.30,9780470419595,onsale
8319,Programming in Visual Basic.Net,6,本,94.00,61.10,9780072459036,onsale
8320,Nlp,3,本,84.00,54.60,9780007110377,onsale
8321,Star Trek lives!,3,本,94.00,61.10,9780552099141,onsale
8322,SPSS Explained,3,本,98.00,63.70,9781317753094,onsale
8323,Computer Math and Games in Pascal,6,本,110.00,71.50,9789490968106,onsale
8324,I'll be there for you,3,本,108.00,70.20,9781488098642,onsale
8325,LISP,3,本,86.00,55.90,9780201083293,onsale
8326,Making Embedded Systems,3,本,92.00,59.80,9781449302146,discontinued
8327,Ruminations on C++,3,本,88.00,57.20,9780201423396,onsale
8328,C all-in-one desk reference for dummies,3,本,100.00,65.00,9781283374293,offsale
8329,AAT NVQ,13,本,87.00,56.55,9780748356188,onsale
8330,Introduction to Computation and Programming Using Python,6,本,92.00,59.80,9780262337380,discontinued
8331,Python Cookbook,6,本,104.00,67.60,9780596518264,onsale
8332,Data Visualization,3,本,96.00,62.40,9780691181615,onsale
8333,The little disturbances of man,3,本,98.00,63.70,9780670431793,onsale
8334,Programmers at work,3,本,100.00,65.00,9780914845713,offsale
8335,C programming for embedded systems,6,本,106.00,68.90,9781929629046,onsale
8336,Concepts of Programming Languages,6,本,100.00,65.00,9780132465588,offsale
8337,A new approach to ear training,3,本,106.00,68.90,9780393972177,onsale
8338,Statistics,11,本,78.00,50.70,9780471033912,onsale
8339,"Get Coding! Learn HTML, CSS, and JavaScript and Build a Website, App, and Game",6,本,104.00,67.60,9780763698331,onsale
8340,Pointers on C,3,本,118.00,76.70,9780673999863,onsale
8341,JavaScript,6,本,98.00,63.70,9780596552152,onsale
8342,MFC internals,3,本,121.00,78.65,9780201407211,onsale
8343,Television cartoon shows,3,本,108.00,70.20,9780786420995,onsale
8344,PL/I structured programming,6,本,104.00,67.60,9780471837466,onsale
8345,C/C + + for Expert Systems,8,本,109.00,70.85,9781558280342,onsale
8346,Numerical methods for engineers,12,本,76.00,49.40,9780072918731,onsale
8347,Basic programming,6,本,92.00,59.80,9780471468301,discontinued
8348,Programming the Universe,6,本,84.00,54.60,9781400040926,onsale
8349,Classical and object-oriented software engineering,7,本,91.00,59.15,9780072554502,onsale
8350,Architectural programming,6,本,80.00,52.00,9780442010263,onsale
8351,Fortran,6,本,86.00,55.90,9780201590623,onsale
8352,Java Programming,6,本,112.00,72.80,9780393974379,onsale
8353,The definitive guide to Django,3,本,92.00,59.80,9781430217961,discontinued
8354,Core Java 2.,6,本,96.00,62.40,9780130927385,onsale
8355,Saturday morning fever,3,本,96.00,62.40,9780312169961,onsale
8356,Python for Everybody,6,本,118.00,76.70,9798633985566,onsale
8357,Pragmatic Thinking and Learning,17,本,60.00,39.00,9781934356050,onsale
8358,System software,3,本,80.00,52.00,9780201109504,onsale
8359,MATLAB for dummies,3,本,80.00,52.00,9781118820100,onsale
8360,30 Hour BASIC - Spectrum Edition,3,本,94.00,61.10,9780860823018,onsale
8361,The Waite Group's object-oriented programming in C++,6,本,108.00,70.20,9788175152939,onsale
8362,Calling All Creeps!,14,本,67.00,43.55,9780590112819,onsale
8363,The mathematics of nonlinear programming,6,本,106.00,68.90,9780387966144,onsale
8364,Star Trek 11,3,本,86.00,55.90,9780553114171,onsale
8365,Minecraft Mastery Build Your Own Redstone Contraptions And Mods,17,本,66.00,42.90,9780071839662,offsale
8366,Lean Software Development,7,本,91.00,59.15,9780321150783,onsale
8367,Gravity Falls,3,本,108.00,70.20,9781484746691,onsale
8368,Game Design,3,本,118.00,76.70,9781566869874,onsale
8369,Learn to Program Using Python,6,本,92.00,59.80,9780201709384,discontinued
8370,Scratch Programming Playground,6,本,110.00,71.50,9781593277963,onsale
8371,Introduction to Computing Using Python,6,本,86.00,55.90,9781118327302,onsale
8372,Neuro-linguistic programming for dummies,6,本,96.00,62.40,9780470685440,onsale
8373,Glencoe Keyboarding Connections,17,本,62.00,40.30,9780078748202,onsale
8374,Facts and Fallacies of Software Engineering,7,本,89.00,57.85,9780321117427,onsale
8375,My Life as a 10-Year-Old Boy,3,本,106.00,68.90,9780786184095,onsale
8376,Beginning Laravel,3,本,100.00,65.00,9781484249901,offsale
8377,Supernatural,3,本,110.00,71.50,9781848567382,onsale
8378,Murach's structured COBOL,3,本,108.00,70.20,9781890774059,onsale
8379,Excel Hacks,3,本,108.00,70.20,9780596528348,onsale
8380,Programming the Raspberry Pi,6,本,104.00,67.60,9781259587405,onsale
8381,"The Supernatural book of monsters, spirits, demons and ghouls",3,本,108.00,70.20,9781848562790,onsale
8382,The Hunger Games Trilogy (Hunger Games / Catching Fire / Mockingjay),3,本,108.00,70.20,9788804658245,onsale
8383,Street gang,3,本,104.00,67.60,9781440658747,onsale
8384,Quick calculus,11,本,88.00,57.20,9781119743491,onsale
8385,Frogs into princes,3,本,102.00,66.30,9781870845038,onsale
8386,Java software solutions,6,本,90.00,58.50,9780201571646,onsale
8387,Computer algorithms/C++,9,本,114.00,74.10,9788175152588,onsale
8388,PHP Hacks,6,本,94.00,61.10,9781306815741,onsale
8389,Beginning C,3,本,90.00,58.50,9781430211884,onsale
8390,SAP ABAP handbook,17,本,64.00,41.60,9780763781071,onsale
8391,Data Structures and Algorithms in Python,9,本,108.00,70.20,9781118549582,onsale
8392,Data structures,9,本,112.00,72.80,9780131988477,onsale
8393,Assembly language book for the IBM PC,3,本,92.00,59.80,9780136619017,discontinued
8394,Game Mechanics,3,本,98.00,63.70,9780132946681,onsale
8395,"GO! with Microsoft Office 365, 2019 Edition Introductory",6,本,90.00,58.50,9780135417812,onsale
8396,Business mathematics,11,本,90.00,58.50,9780673389015,offsale
8397,Linkers and loaders,3,本,82.00,53.30,9780080510316,onsale
8398,The Book of Three (Charmed),3,本,116.00,75.40,9780689867095,onsale
8399,Excel 2019 For Dummies,3,本,86.00,55.90,9782412048610,onsale
8400,The girls next door,3,本,92.00,59.80,9781416592402,discontinued
8401,AutoLISP in plain English,3,本,98.00,63.70,9781566040099,onsale
8402,Effective NLP skills,3,本,110.00,71.50,9780749462758,onsale
8403,C# programming,6,本,108.00,70.20,9780768662924,onsale
8404,The Official Prisoner Companion,3,本,102.00,66.30,9780446569262,onsale
8405,Learn to program with C++,3,本,86.00,55.90,9780072222616,onsale
8406,APIs,3,本,98.00,63.70,9781306813594,onsale
8407,Head First Android Development,3,本,104.00,67.60,9781491974056,onsale
8408,C++ Programming: Program Design Including Data Structures,9,本,100.00,65.00,9781337117562,onsale
8409,Python,6,本,112.00,72.80,9781449699390,onsale
8410,Introduction to Computer Science Using Python: A Computational Problem-Solving Focus,6,本,96.00,62.40,9780470555156,onsale
8411,Python Basics,6,本,100.00,65.00,9781683923541,offsale
8412,Numerical methods using MATLAB,3,本,92.00,59.80,9780130652485,discontinued
8413,Starting Out with Java,6,本,84.00,54.60,9780136080206,onsale
8414,Star Trek 8,3,本,92.00,59.80,9780553127317,discontinued
8415,Words that change minds,16,本,84.00,54.60,9780787234799,onsale
8416,The Wiz Biz,3,本,106.00,68.90,9780671932848,onsale
8417,WordPress For Dummies,3,本,94.00,61.10,9780470195406,onsale
8418,Murach's MySQL,5,本,118.00,76.70,9781943872367,onsale
8419,Programming Arduino,6,本,98.00,63.70,9781259641633,onsale
8420,HTTP,3,本,100.00,65.00,9781565925090,offsale
8421,X-files confidential,3,本,94.00,61.10,9780316643580,onsale
8422,Internet & World Wide Web,3,本,98.00,63.70,9780130158796,onsale
8423,C# essentials,3,本,108.00,70.20,9781449391478,onsale
8424,Assembly language for x86 processors,3,本,121.00,78.65,9780136022121,onsale
8425,The art of the metaobject protocol,3,本,88.00,57.20,9780262610742,onsale
8426,C and the 8051,3,本,98.00,63.70,9780137538157,onsale
8427,Programming 2D games,6,本,100.00,65.00,9781466508705,offsale
8428,Introduction to Unreal Engine 4,3,本,112.00,72.80,9781498765428,onsale
8429,Quick & easy medical terminology,15,本,86.00,55.90,9780721656861,offsale
8430,You don't know JS,6,本,96.00,62.40,9781491904244,onsale
8431,Microsoft Excel functions & formulas,17,本,68.00,44.20,9781937585501,onsale
8432,Data structures and algorithms in Java,9,本,98.00,63.70,9780471407812,discontinued
8433,Nmap Network Scanning,10,本,129.00,83.85,9780979958717,onsale
8434,Schaum's Outline of Programming with Java,6,本,123.00,79.95,9780071420402,offsale
8435,Computer Science Distilled,3,本,94.00,61.10,9780997316001,onsale
8436,Developing Java software,6,本,100.00,65.00,9780471606963,offsale
8437,Advanced C,3,本,104.00,67.60,9788476151662,onsale
8438,Marriage at first sight,3,本,82.00,53.30,9781517022150,onsale
8439,NLP,3,本,90.00,58.50,9780062083616,onsale
8440,The Foxpro 2.6 codebook,3,本,106.00,68.90,9788170293828,onsale
8441,C# and Game Programming,6,本,108.00,70.20,9781568816159,onsale
8442,Pathways Through Science (Nuffield Modular Science),17,本,54.00,35.10,9780582212046,onsale
8443,Computer science,3,本,106.00,68.90,9780471266778,onsale
8444,The C# programming language,6,本,90.00,58.50,9780321592262,onsale
8445,Getting Started with Coding,6,本,94.00,61.10,9781119641643,onsale
8446,Breathing under water,3,本,96.00,62.40,9781632533807,onsale
8447,The Scheme programming language,6,本,102.00,66.30,9780137918645,onsale
8448,The art of UNIX programming,10,本,109.00,70.85,9780132465885,offsale
8449,The fashion file,3,本,96.00,62.40,9780446572712,onsale
8450,Simple program design,3,本,86.00,55.90,9780170101837,onsale
8451,Getting Started with SQL,5,本,122.00,79.30,9781491938577,onsale
8452,Inside section one,3,本,108.00,70.20,9780978762506,onsale
8453,Happy Days with the Naked Chef,3,本,121.00,78.65,9780141003405,onsale
8454,Introduction to computer science,3,本,86.00,55.90,9780314632432,onsale
8455,Professional NodeJs,3,本,96.00,62.40,9781118265185,onsale
8456,Fleabag,3,本,100.00,65.00,9781529394801,offsale
8457,Release It!,3,本,100.00,65.00,9781680502398,offsale
8458,Programming Internet Email,6,本,112.00,72.80,9781565924796,onsale
8459,Data structures and algorithms in C++,9,本,106.00,68.90,9780534491826,offsale
8460,Problem Solving Using C,3,本,96.00,62.40,9780256263770,onsale
8461,Understanding ECMAScript 6: The Definitive Guide for JavaScript Developers,6,本,108.00,70.20,9781593277574,onsale
8462,Doctor Who,3,本,106.00,68.90,9780394974156,onsale
8463,An introduction to programming and object-oriented design using JAVA,6,本,102.00,66.30,9780471481676,onsale
8464,COBOL,3,本,82.00,53.30,9780130161147,onsale
8465,Java,6,本,82.00,53.30,9780071606301,onsale
8466,Skills for Success with Microsoft Office 2019 Introductory,3,本,102.00,66.30,9780135366479,onsale
8467,"Python Programming: An Introduction to Computer Science, 3rd Ed.",6,本,102.00,66.30,9781590282755,onsale
8468,Haskell,3,本,82.00,53.30,9780201403572,onsale
8469,Ruby cookbook,6,本,92.00,59.80,9781306815154,discontinued
8470,Archimedes and the door of science,3,本,96.00,62.40,9780851663036,onsale
8471,Introductory algebra for college students,11,本,70.00,45.50,9780130343116,onsale
8472,The 8086 microprocessor,3,本,80.00,52.00,9780314012425,onsale
8473,"Programming Rust: Fast, Safe Systems Development",6,本,102.00,66.30,9781491927281,onsale
8474,Destinos,3,本,102.00,66.30,9780070672598,onsale
8475,Hands-On Software Engineering with Golang,7,本,97.00,63.05,9781838550240,onsale
8476,Deep Learning with Python,8,本,111.00,72.15,9781617294433,onsale
8477,Parallel And Concurrent Programming In Haskell,6,本,104.00,67.60,9781449335908,onsale
8478,Starting Out with Java,6,本,98.00,63.70,9780134543659,onsale
8479,Dangerous Lies,3,本,92.00,59.80,9781481461054,discontinued
8480,Pro MERN Stack,3,本,102.00,66.30,9781484243909,onsale
8481,Wanna cook?,3,本,90.00,58.50,9781770411173,onsale
8482,An introduction to programming with C++,6,本,94.00,61.10,9780619217280,onsale
8483,A Smarter Way to Learn Python,6,本,100.00,65.00,9781974431472,offsale
8484,Pro Spring Boot,3,本,96.00,62.40,9781484214329,onsale
8485,Star Wars - Clone Wars - Character Encyclopedia,3,本,106.00,68.90,9780756663087,onsale
8486,Rust in Action,6,本,100.00,65.00,9781638356226,offsale
8487,#MurderTrending,3,本,82.00,53.30,9781368010023,onsale
8488,Encyclopedia of modern bodybuilding,3,本,88.00,57.20,9780720716313,onsale
8489,Schaum's outline of theory and problems of programming with C,6,本,88.00,57.20,9780070238541,onsale
8490,Java How to Program with an Introduction to Visual J++;,6,本,100.00,65.00,9780136325895,offsale
8491,Introduction to Computer Science Using C++,3,本,114.00,74.10,9780538679459,onsale
8492,One Boss Too Many (Full House Sisters),3,本,84.00,54.60,9780671021504,onsale
8493,Matchmakers (Full House Sisters),3,本,94.00,61.10,9780671040918,onsale
8494,Programming Languages,6,本,106.00,68.90,9780137299881,onsale
8495,Learning OpenCV 3,17,本,76.00,49.40,9781491937990,onsale
8496,Doctor Who,3,本,96.00,62.40,9780491028851,onsale
8497,Statistics in small doses,11,本,82.00,53.30,9780443014918,discontinued
8498,Doctor Who,3,本,110.00,71.50,9781875696802,onsale
8499,Massively Multiplayer Game Development 2 (Game Development),3,本,96.00,62.40,9781584503903,onsale
8500,Secrets of the JavaScript Ninja,6,本,120.00,78.00,9781933988696,onsale
8501,C++ for Dummies,3,本,108.00,70.20,9780764568527,onsale
8502,"Game Programming with Python, Lua, and Ruby (Game Development)",6,本,96.00,62.40,9781592000777,onsale
8503,Modern Compiler Design,7,本,101.00,65.65,9781576761052,onsale
8504,Type-driven Development with Idris,3,本,92.00,59.80,9781617293023,discontinued
8505,Wilson reading system,3,本,108.00,70.20,9781567780529,onsale
8506,CNC programming handbook,6,本,94.00,61.10,9780831131586,onsale
8507,Linear and nonlinear programming,6,本,92.00,59.80,9781402075933,discontinued
8508,Medical terminology,15,本,90.00,58.50,9780827345638,onsale
8509,Game Ai Pro 360,8,本,115.00,74.75,9780429621956,onsale
8510,Star Trek - Log Four,3,本,90.00,58.50,9780345333506,onsale
8511,Introduction to real-time software design,7,本,99.00,64.35,9780387913070,onsale
8512,Learning Go,6,本,96.00,62.40,9781492077206,onsale
8513,MIX,3,本,88.00,57.20,9780201038088,onsale
8514,Pedro and Me,3,本,104.00,67.60,9780805089646,onsale
8515,Game Hacking,3,本,106.00,68.90,9781593276690,onsale
8516,"""Doctor Who"" (Dr Who)",3,本,96.00,62.40,9781846074233,onsale
8517,Instructor's Manual t/a Structure and Interpretation of Computer Programs,3,本,92.00,59.80,9780262692205,discontinued
8518,The Art of Over the Garden Wall,3,本,96.00,62.40,9781506703763,onsale
8519,Applied nonlinear programming,6,本,92.00,59.80,9780070289215,discontinued
8520,Mad Men Unbuttoned,3,本,88.00,57.20,9780061991004,onsale
8521,I Like to Watch,3,本,104.00,67.60,9780525508984,onsale
8522,Good Eats,3,本,114.00,74.10,9781584797951,onsale
8523,Understanding Computation,3,本,84.00,54.60,9781306813112,onsale
8524,Linux device drivers,10,本,121.00,78.65,9788441518896,onsale
8525,The Principles of Object-Oriented JavaScript,6,本,96.00,62.40,9781593275402,onsale
8526,A Comprehensive review of dentistry,3,本,102.00,66.30,9780721618883,onsale
8527,Sherlock,3,本,104.00,67.60,9783864134449,onsale
8528,Lazarus Free Pascal,6,本,92.00,59.80,9782953125160,discontinued
8529,Fundamentals of Signals and Systems Using the Web and Matlab,3,本,104.00,67.60,9781292025988,onsale
8530,The Book of F#,3,本,102.00,66.30,9781593275525,onsale
8531,Adobe Photoshop handbook,3,本,92.00,59.80,9780517192054,discontinued
8532,Advanced Java game programming,6,本,102.00,66.30,9781590591239,onsale
8533,Business Analytics,13,本,65.00,42.25,9781264302802,onsale
8534,Professional C++,3,本,104.00,67.60,9781394193196,onsale
8535,Software tools in Pascal,6,本,123.00,79.95,9780201103427,offsale
8536,Java programming,6,本,100.00,65.00,9781418835408,offsale
8537,Computer Science,12,本,70.00,45.50,9780534491321,onsale
8538,NLP,3,本,102.00,66.30,9780688146191,onsale
8539,LISP 1.5 Programmer's Manual,3,本,96.00,62.40,9780262287722,onsale
8540,Structured systems analysis and design methodology,7,本,99.00,64.35,9780442318277,onsale
8541,Microsoft Excel,3,本,90.00,58.50,9780782140064,onsale
8542,Realm of Racket,3,本,104.00,67.60,9781593274924,onsale
8543,Character Encyclopedia,3,本,96.00,62.40,9781465450913,onsale
8544,Calculus using Mathematica,11,本,88.00,57.20,9780126729733,onsale
8545,"Programming Logic and Design, Comprehensive",6,本,82.00,53.30,9781337102070,onsale
8546,Foundations of Python network programming,10,本,111.00,72.15,9781590593714,onsale
8547,The Stealers of Dreams,3,本,86.00,55.90,9781407023533,onsale
8548,Linear programming,6,本,123.00,79.95,9780201026603,offsale
8549,Web Scraping with Python,6,本,92.00,59.80,9781491910252,discontinued
8550,Doctor Who,3,本,108.00,70.20,9781846077494,onsale
8551,A programmer's guide to sound,3,本,82.00,53.30,9780201309621,onsale
8552,Graphics programming in C,6,本,100.00,65.00,9781558510197,offsale
8553,SAP MM-Functionality and Technical Configuration,3,本,96.00,62.40,9781592291342,onsale
8554,Greetings from witness protection!,3,本,82.00,53.30,9781250107107,onsale
8555,Starting Out with Programming Logic and Design,6,本,102.00,66.30,9780133985078,onsale
8556,Computer programming with C++,6,本,108.00,70.20,9781316758793,onsale
8557,Doctor Who,3,本,98.00,63.70,9781852274443,onsale
8558,Adult Children,3,本,120.00,78.00,9780978979706,onsale
8559,Days of Our Lives,3,本,88.00,57.20,9780525943020,onsale
8560,No Humans Involved,3,本,102.00,66.30,9780748108664,onsale
8561,"Start programming using HTML, CSS, and JavaScript",6,本,100.00,65.00,9780429083457,offsale
8562,C program design for engineers,3,本,88.00,57.20,9780201708714,onsale
8563,NSCA's guide to program design,3,本,92.00,59.80,9780736084024,discontinued
8564,Android Fully Loaded,3,本,84.00,54.60,9781118173022,onsale
8565,Python essential reference,6,本,106.00,68.90,9780672329784,onsale
8566,Windows internals,10,本,89.00,57.85,9780201622171,onsale
8567,Visual Basic 6 bible,3,本,100.00,65.00,9780764532276,offsale
8568,Oracle PL/SQL Programming,5,本,110.00,71.50,9780596522193,offsale
8569,SAP FI/CO,3,本,88.00,57.20,9781934015223,onsale
8570,Linear programming: methods and applications,6,本,104.00,67.60,9780486432847,onsale
8571,Java ist auch eine Insel,6,本,106.00,68.90,9783898425261,onsale
8572,Friend Or Flamingo? (Full House Club: Stephanie),3,本,88.00,57.20,9780671021238,onsale
8573,The Haskell School of Expression,3,本,96.00,62.40,9781107266483,onsale
8574,The Tetris effect,3,本,86.00,55.90,9781610396110,onsale
8575,C#,3,本,94.00,61.10,9781931841306,onsale
8576,Game of Thrones,3,本,100.00,65.00,9781608876051,offsale
8577,A first course in computational physics and object-oriented programming with C++,6,本,88.00,57.20,9780521535045,onsale
8578,Stargate Atlantis,3,本,108.00,70.20,9781845765347,onsale
8579,Objective-C,3,本,88.00,57.20,9780596004231,onsale
8580,C Programming in Easy Steps,6,本,102.00,66.30,9781840782950,onsale
8581,Analog and digital signal processing,3,本,100.00,65.00,9780534954093,offsale
8582,Beginning C,3,本,82.00,53.30,9781861000125,onsale
8583,Coding with JavaScript for dummies,6,本,94.00,61.10,9781119056058,onsale
8584,AI game development,8,本,111.00,72.15,9781592730049,onsale
8585,Node.js in Action,3,本,102.00,66.30,9781638355175,onsale
8586,Murach's PHP and MySQL,5,本,120.00,78.00,9781890774790,onsale
8587,The TeXbook,3,本,84.00,54.60,9780201134483,onsale
8588,Internet & World Wide Web,3,本,90.00,58.50,9788131725221,onsale
8589,How to code,3,本,100.00,65.00,9781784932404,offsale
8590,The C answer book,3,本,94.00,61.10,9780131098770,onsale
8591,The Object-Oriented Thought Process,7,本,101.00,65.65,9780135181966,onsale
8592,Star trek speaks,3,本,100.00,65.00,9780671790912,offsale
8593,New Perspectives Microsoft Office 365 and Access 2019 Comprehensive,12,本,80.00,52.00,9780357025758,offsale
8594,New Perspectives Microsoft Office 365 and Excel 2019 Comprehensive,12,本,78.00,50.70,9780357025765,onsale
8595,Illustrated Microsoft Office 365 and Excel 2019 Comprehensive,12,本,70.00,45.50,9780357025703,onsale
8596,Beginning Programming With Python For Dummies,6,本,98.00,63.70,9781118891452,onsale
8597,Doctor Who,3,本,102.00,66.30,9781785940262,onsale
8598,Introduction to programming in Java,6,本,92.00,59.80,9780321498052,discontinued
8599,Programación lógica,3,本,102.00,66.30,9788471461490,onsale
8600,C++ for Business Programming,6,本,98.00,63.70,9781282650367,onsale
8601,The Quick Python Book,6,本,98.00,63.70,9781617294037,onsale
8602,Python Programming Patterns,6,本,86.00,55.90,9780130409560,onsale
8603,Baby Einstein,3,本,96.00,62.40,9781892309204,onsale
8604,Excel 2013 For Dummies,3,本,112.00,72.80,9781299385269,onsale
8605,Paths to recovery,3,本,88.00,57.20,9780910034319,onsale
8606,Hunger of memory,3,本,108.00,70.20,9780879234188,onsale
8607,Catia V5 Macro Programming With Visual Basic Script,6,本,121.00,78.65,9780071800020,onsale
8608,Star Trek Federation Cassette,3,本,98.00,63.70,9780671894221,onsale
8609,"Introduction to Java Programming, Comprehensive",6,本,86.00,55.90,9780136012672,onsale
8610,Programming languages,6,本,102.00,66.30,9780534947408,onsale
8611,Java Programming 9th Edition,6,本,98.00,63.70,9781337397070,onsale
8612,Applied Computational Thinking with Python,6,本,104.00,67.60,9781839216763,onsale
8613,Beginning Arduino programming,6,本,100.00,65.00,9781430237778,offsale
8614,"V, East Coast Crisis",3,本,96.00,62.40,9780523422596,onsale
8615,Introduction to chemistry for biology students,12,本,74.00,48.10,9780805330755,onsale
8616,Xlib Programming Manual,6,本,100.00,65.00,9780937175118,offsale
8617,Debugging with GDB,3,本,90.00,58.50,9781882114115,onsale
8618,Sams teach yourself C in 24 hours,3,本,92.00,59.80,9780672318610,discontinued
8619,Learning Python With Raspberry Pi,6,本,98.00,63.70,9781118717059,onsale
8620,The Peter Norton PC programmer's bible,3,本,96.00,62.40,9781556155550,onsale
8621,JavaScript Absolute Beginner's Guide,6,本,86.00,55.90,9780136204435,onsale
8622,C++ How to Program--early objects,17,本,62.00,40.30,9780133378733,onsale
8623,Metaprogramming Elixir,6,本,90.00,58.50,9781680500417,onsale
8624,UML distilled,3,本,104.00,67.60,9789332553934,onsale
8625,"Liliom, egy csirkefogó élete és halála",3,本,88.00,57.20,9780344300349,onsale
8626,Learning React Native,17,本,66.00,42.90,9781491929070,offsale
8627,The coming of shadows,3,本,100.00,65.00,9780345424488,offsale
8628,Elisabeth Sladen,3,本,92.00,59.80,9781306401739,discontinued
8629,Elements of programming,6,本,90.00,58.50,9780321635372,onsale
8630,"Python Crash Course, 2nd Edition",6,本,112.00,72.80,9781593279288,onsale
8631,Sex and the city,3,本,96.00,62.40,9780752265056,onsale
8632,Programming with STM32,6,本,82.00,53.30,9781260031317,onsale
8633,Beginning C++ Through Game Programming,6,本,96.00,62.40,9781305109919,onsale
8634,Game Coding Complete,6,本,88.00,57.20,9781932111750,onsale
8635,Not Your Sidekick,3,本,96.00,62.40,9781945053047,onsale
8636,Phonics,3,本,92.00,59.80,9781568220802,discontinued
8637,Language implementation patterns,3,本,104.00,67.60,9781934356456,onsale
8638,Doctor Who -- the doctor's lives and times,3,本,88.00,57.20,9780062293107,onsale
8639,Level Up!,3,本,104.00,67.60,9780470688670,onsale
8640,Math for meds,17,本,64.00,41.60,9780918082039,onsale
8641,Delphi programming for dummies,6,本,96.00,62.40,9781568842004,onsale
8642,Very basic BASIC,3,本,86.00,55.90,9780712604116,onsale
8643,Acide sulfurique,3,本,100.00,65.00,9780571234929,offsale
8644,JavaScript,6,本,92.00,59.80,9780072253573,discontinued
8645,Beginning Node.js,3,本,102.00,66.30,9781484201879,onsale
8646,The promise of a new day,3,本,98.00,63.70,9780062552686,onsale
8647,Discovering Computer Science,3,本,102.00,66.30,9781482254198,onsale
8648,Program development in Java,6,本,98.00,63.70,9780201657685,onsale
8649,The Nice and Accurate Good Omens TV Companion: Your guide to Armageddon and the series based on the bestselling novel by Terry Pratchett and Neil Gaiman,2,本,66.00,42.90,9781472258298,onsale
8650,MATLAB for engineers,17,本,62.00,40.30,9780131872448,onsale
8651,Python hunting,6,本,108.00,70.20,9781535196956,onsale
8652,Shelly Cashman Series Microsoft Office 365 and Office 2019 Introductory,12,本,72.00,46.80,9780357026434,discontinued
8653,Illustrated Microsoft Office 365 and Office 2019 Introductory,17,本,62.00,40.30,9780357025673,onsale
8654,Zero To Production In Rust,6,本,104.00,67.60,9798847211437,onsale
8655,The secret history of Twin Peaks,14,本,65.00,42.25,9781250075581,discontinued
8656,C++ Plus Data Structures,9,本,114.00,74.10,9781284089189,onsale
8657,Java Performance,6,本,108.00,70.20,9781449358457,onsale
8658,Optimization in operations research,3,本,90.00,58.50,9780132858113,onsale
8659,Programming and problem solving with C++,6,本,98.00,63.70,9780763710637,onsale
8660,Harmonic materials in tonal music,3,本,90.00,58.50,9780205281473,onsale
8661,Programming In Lua,6,本,112.00,72.80,9788590379850,onsale
8662,A Computer Science Tapestry,17,本,46.00,29.90,9780072322033,onsale
8663,Learn Java for Android Development,6,本,90.00,58.50,9781430231585,onsale
8664,Chris Crawford on game design,3,本,98.00,63.70,9780131460997,onsale
8665,Foundations of computer science,3,本,102.00,66.30,9780716782841,onsale
8666,Common LISPcraft,3,本,106.00,68.90,9780393955446,onsale
8667,Head First SQL,5,本,116.00,75.40,9780596800857,onsale
8668,Broadcast/cable programming,6,本,92.00,59.80,9780534033538,discontinued
8669,Designing with Javascript,6,本,102.00,66.30,9781565923607,onsale
8670,Front-End Developer,17,本,72.00,46.80,9781780174785,onsale
8671,Perl for dummies,6,本,104.00,67.60,9780764537509,onsale
8672,Spring in action,3,本,96.00,62.40,9781935182351,onsale
8673,The Legend of Korra,3,本,102.00,66.30,9781506708935,onsale
8674,Software manual for the elementary functions,3,本,92.00,59.80,9780138220648,discontinued
8675,SQL antipatterns,5,本,114.00,74.10,9781934356555,onsale
8676,Ruby in a nutshell,6,本,100.00,65.00,9780596516451,offsale
8677,Managing Projects with make,3,本,102.00,66.30,9780937175903,onsale
8678,Real World Haskell,3,本,104.00,67.60,9780596554309,onsale
8679,Welding,17,本,76.00,49.40,9780357377659,onsale
8680,Applied programming techniques in C,6,本,94.00,61.10,9780673180506,onsale
8681,The book of shadows,3,本,98.00,63.70,9780609806524,onsale
8682,Sap Co,17,本,82.00,53.30,9781937585686,onsale
8683,Python,6,本,98.00,63.70,9780321585448,onsale
8684,Comparative programming languages,6,本,94.00,61.10,9780201184839,onsale
8685,The essentials of C programming language,6,本,114.00,74.10,9780878916962,onsale
8686,Doctor Who,3,本,92.00,59.80,9781405331890,discontinued
8687,Parallel Programming in C with MPI and OpenMP,6,本,94.00,61.10,9780072822564,onsale
8688,Scala Cookbook,3,本,88.00,57.20,9781306811910,onsale
8689,Game of Thrones A-Z,3,本,100.00,65.00,9781782191148,offsale
8690,A small matter of programming,6,本,84.00,54.60,9780262280402,onsale
8691,Business Analytics,13,本,65.00,42.25,9780357110065,onsale
8692,Fundamentals of game design,3,本,94.00,61.10,9780321643377,onsale
8693,Dreaming of Castles (Heartsong Presents #330),3,本,106.00,68.90,9781577485551,onsale
8694,Zen of code optimization,3,本,102.00,66.30,9781883577032,onsale
8695,The joy of C,14,本,67.00,43.55,9780471513339,onsale
8696,The Game Localization Handbook,17,本,74.00,48.10,9780763795931,onsale
8697,Get Programming with Go,6,本,98.00,63.70,9781617293092,onsale
8698,Born to Code in C,3,本,106.00,68.90,9780078814686,onsale
8699,Code Craft,3,本,96.00,62.40,9781593271190,onsale
8700,Tcl and the Tk toolkit,17,本,54.00,35.10,9780201633375,onsale
8701,Girlfriend in a coma,3,本,90.00,58.50,9780006385424,onsale
8702,Magic of NLP demystified,3,本,94.00,61.10,9781555520175,onsale
8703,Intermediate Accounting,13,本,85.00,55.25,9780471749592,onsale
8704,Programming in Scala,6,本,92.00,59.80,9780981531601,discontinued
8705,The Crivit Experiment,3,本,100.00,65.00,9780812557329,offsale
8706,The LaTeX companion,17,本,62.00,40.30,9780133387643,onsale
8707,Murach's mainframe COBOL,3,本,100.00,65.00,9781890774240,offsale
8708,Building Java programs,6,本,96.00,62.40,9780135471944,onsale
8709,AutoCAD programming in C/C++,6,本,100.00,65.00,9780471963363,offsale
8710,C by example,3,本,106.00,68.90,9781565290389,onsale
8711,Game Design Workshop,3,本,86.00,55.90,9781281151162,onsale
8712,Michelle's Full House scrapbook,3,本,94.00,61.10,9780590203098,onsale
8713,Python for bioinformatics,6,本,120.00,78.00,9781584889298,onsale
8714,Java programming,6,本,90.00,58.50,9781439040218,onsale
8715,Night of the Living Clay (Bone Chillers),3,本,86.00,55.90,9780061064272,onsale
8716,Beginning game programming,6,本,108.00,70.20,9781598632880,onsale
8717,JavaScript Cookbook,6,本,100.00,65.00,9781492055754,offsale
8718,Statistical computing with R,3,本,116.00,75.40,9781498786591,onsale
8719,Kent Beck's guide to better Smalltalk,3,本,106.00,68.90,9780511574979,onsale
8720,Thinking in C++,3,本,106.00,68.90,9780139798092,onsale
8721,Computer Programming,6,本,96.00,62.40,9781515764243,onsale
8722,GNU Emacs manual,3,本,90.00,58.50,9781882114061,onsale
8723,SQL all-in-one for dummies,5,本,114.00,74.10,9783527847532,onsale
8724,Java Coding Problems,6,本,104.00,67.60,9781837637614,onsale
8725,Java Programming,6,本,80.00,52.00,9781111530532,onsale
8726,Learn Android Studio 4,3,本,108.00,70.20,9781484259368,onsale
8727,Adventure Time - The Official Cookbook,3,本,104.00,67.60,9781608876433,onsale
8728,Psych's guide to crime fighting for the totally unqualified,3,本,94.00,61.10,9781455512850,onsale
8729,Types & grammar,6,本,96.00,62.40,9781491904190,onsale
8730,The Java Programming Language,6,本,92.00,59.80,9780132761680,discontinued
8731,ARM Assembly language,3,本,92.00,59.80,9781439806111,discontinued
8732,Schaum's Outline of Programming with C,6,本,92.00,59.80,9780071142595,discontinued
8733,Awesome algorithms and creative coding,9,本,112.00,72.80,9780778715580,onsale
8734,Computer Fundamentals And Programming In C,6,本,102.00,66.30,9780198084563,onsale
8735,Cher's furiously fit workout,3,本,86.00,55.90,9780671003227,onsale
8736,Seven seasons of Buffy,3,本,84.00,54.60,9781932100082,onsale
8737,World Without End,3,本,106.00,68.90,9781852865382,onsale
8738,The book of Python,6,本,98.00,63.70,9781593271039,onsale
8739,Star Trek The Next Generation Technical Manual,3,本,100.00,65.00,9780671704278,offsale
8740,Schaum's outline of theory and problems of programming with C++,6,本,92.00,59.80,9780071353465,discontinued
8741,3D Game Environments,3,本,94.00,61.10,9781317418146,onsale
8742,Write Great Code,3,本,100.00,65.00,9781718500389,offsale
8743,Accelerated C++,3,本,84.00,54.60,9780201703535,onsale
8744,Mastering Windows Server 2019,10,本,99.00,64.35,9781801078313,onsale
8745,Practical data structures using C/C++,9,本,102.00,66.30,9780130268648,onsale
8746,R for Dummies,3,本,96.00,62.40,9781119963134,onsale
8747,Mastering Visual Basic 6,3,本,94.00,61.10,9780782122725,onsale
8748,The Encyclopedia of American Animated Television Shows,3,本,98.00,63.70,9781538103739,onsale
8749,Minecraft modding with Forge,3,本,108.00,70.20,9781491918890,onsale
8750,Create Your Own Story with Scratch,3,本,86.00,55.90,9781541525122,onsale
8751,Create Computer Games with Scratch,3,本,106.00,68.90,9781445155968,onsale
8752,Mindset Mathematics,11,本,90.00,58.50,9781119358770,offsale
8753,Programming in Visual Basic 6.0 Update Edition with CD,6,本,92.00,59.80,9780072518740,discontinued
8754,Learning FORTH,17,本,72.00,46.80,9780471882459,onsale
8755,Television Culture,3,本,108.00,70.20,9781136868566,onsale
8756,Lisp in Small Pieces,3,本,98.00,63.70,9780521562478,onsale
8757,The C++ programming language,6,本,90.00,58.50,9780201327557,onsale
8758,Merchant of Venice,2,本,68.00,44.20,9798740701967,onsale
8759,Programming challenges,6,本,98.00,63.70,9780387220819,onsale
8760,Legend of Korra : The Art of the Animated Series Book Two,3,本,94.00,61.10,9781506721941,onsale
8761,The Office and Philosophy,16,本,66.00,42.90,9781405175555,onsale
8762,GNU make,3,本,100.00,65.00,9781882114818,offsale
8763,Star Trek - Log Ten,3,本,90.00,58.50,9780345272126,onsale
8764,An introduction to formal languages and automata,3,本,96.00,62.40,9780669173420,onsale
8765,Introduction to Java Programming,6,本,90.00,58.50,9780133592207,onsale
8766,Twelve step sponsorship,3,本,94.00,61.10,9781568381220,onsale
8767,Primordial soup,3,本,102.00,66.30,9780140178869,onsale
8768,Design concepts in programming languages,6,本,92.00,59.80,9780262201759,discontinued
8769,Practical Neural Network Recipes in C++,8,本,105.00,68.25,9780124790407,discontinued
8770,Math in the Garden Hands-On Activities that bring Math to Life,3,本,104.00,67.60,9780915873463,onsale
8771,The Columbo phile,3,本,116.00,75.40,9780892963768,onsale
8772,Dork Diaries 7,3,本,100.00,65.00,9781481428149,offsale
8773,A Fortran coloring book,6,本,84.00,54.60,9780262610261,onsale
8774,Mathematics for Game Developers (Game Development),11,本,84.00,54.60,9781592000388,onsale
8775,Pascal user manual and report,6,本,98.00,63.70,9780387071671,onsale
8776,21st Century C,3,本,92.00,59.80,9781491904411,discontinued
8777,Rapid interpretation of EKG's,3,本,84.00,54.60,9780912912011,onsale
8778,Common Lisp,3,本,90.00,58.50,9780131528444,onsale
8779,The nitpicker's guide for classic trekkers,3,本,94.00,61.10,9780440506836,onsale
8780,Fundamentals of Game Design,3,本,84.00,54.60,9780132104753,onsale
8781,Programming Logic and Design,6,本,90.00,58.50,9780619160234,onsale
8782,C,3,本,88.00,57.20,9781482214512,onsale
8783,Programming in C[plus plus],6,本,98.00,63.70,9780131827189,onsale
8784,Program development and design using C++,12,本,66.00,42.90,9780534371302,onsale
8785,"Worlds Together, Worlds Apart",3,本,94.00,61.10,9780393532029,onsale
8786,OCA: Oracle Certified Associate Java SE 8 Programmer I Study Guide: Exam 1Z0-808,5,本,104.00,67.60,9781118957400,onsale
8787,DK Workbooks : Coding with Scratch Workbook,6,本,98.00,63.70,9781465443922,onsale
8788,Human resource management systems,13,本,91.00,59.15,9780669248784,onsale
8789,C Traps and Pitfalls,3,本,94.00,61.10,9780201179286,onsale
8790,Erlang programming,6,本,110.00,71.50,9780596518189,onsale
8791,Civil and environmental systems engineering,12,本,70.00,45.50,9781292027081,onsale
8792,The Book of JavaScript,6,本,100.00,65.00,9781886411364,offsale
8793,The Art and Making of Hannibal,3,本,108.00,70.20,9781783295753,onsale
8794,Domain-Driven Laravel,3,本,94.00,61.10,9781484260227,onsale
8795,E-business & e-commerce,13,本,81.00,52.65,9780130673879,onsale
8796,Fire & Blood,3,本,116.00,75.40,9788466356893,onsale
8797,PC interrupts,3,本,102.00,66.30,9780201577976,onsale
8798,Perry Mason,3,本,88.00,57.20,9780814331217,onsale
8799,Introduction to Programming in Java,6,本,92.00,59.80,9780321526564,discontinued
8800,Computer Graphics,3,本,90.00,58.50,9780340408193,onsale
8801,Game Development Essentials,3,本,94.00,61.10,9781111642884,onsale
8802,Java,6,本,88.00,57.20,9780071606325,onsale
8803,New Perspectives Microsoft Office 365 & Office 2016,17,本,62.00,40.30,9781337251952,onsale
8804,Java Swing,6,本,92.00,59.80,9780596150242,discontinued
8805,Systematisches Programmieren,3,本,100.00,65.00,9783519123279,offsale
8806,The Go programming language phrasebook,6,本,88.00,57.20,9780321817143,onsale
8807,Pushing electrons,3,本,121.00,78.65,9780030116520,onsale
8808,The Golden Ticket,3,本,104.00,67.60,9780691175782,onsale
8809,Two on the Town (Full House,3,本,96.00,62.40,9780671021498,onsale
8810,Eloquent Ruby,6,本,88.00,57.20,9780321584106,onsale
8811,Using Clipper,3,本,104.00,67.60,9780880228855,onsale
8812,Doctor Who,3,本,98.00,63.70,9780426204589,onsale
8813,Starting Out with C++,17,本,66.00,42.90,9781292119458,offsale
8814,Professional Automated Trading,3,本,102.00,66.30,9781118419298,onsale
8815,Coffee at Luke's,3,本,102.00,66.30,9781933771175,onsale
8816,Software Engineering,7,本,87.00,56.55,9780070570214,onsale
8817,C# cookbook,3,本,98.00,63.70,9780596003395,onsale
8818,Application development without programmers,3,本,94.00,61.10,9780130389435,onsale
8819,Hands-On Web Scraping with Python,6,本,96.00,62.40,9781837636211,onsale
8820,Inside the IBM PC,3,本,96.00,62.40,9780134673257,onsale
8821,"Java: The Complete Reference, Ninth Edition",6,本,94.00,61.10,9780071808552,onsale
8822,"Java: The Complete Reference, Tenth Edition (Complete Reference Series)",6,本,104.00,67.60,9781259589331,onsale
8823,More programming pearls,6,本,94.00,61.10,9780201118896,onsale
8824,Advanced C++,3,本,92.00,59.80,9780672301582,discontinued
8825,An introduction to computer science,3,本,94.00,61.10,9780070651746,onsale
8826,Javascript,6,本,90.00,58.50,9780071435048,onsale
8827,Excel VBA in easy steps,3,本,102.00,66.30,9781840788242,onsale
8828,Girls Who Code,3,本,98.00,63.70,9781536444346,onsale
8829,The television genre book,3,本,102.00,66.30,9780851708492,onsale
8830,BASIC programming,6,本,121.00,78.65,9780155050020,onsale
8831,PHP 5 for dummies,6,本,104.00,67.60,9780764541667,onsale
8832,Contemporary Marketing,13,本,69.00,44.85,9780324317138,onsale
8833,Advanced graphics programming in C and C++,6,本,100.00,65.00,9781558511736,offsale
8834,Algebra I,11,本,102.00,66.30,9780939798018,onsale
8835,The AutoCAD Book,3,本,80.00,52.00,9780130862020,onsale
8836,The Star trek compendium,3,本,110.00,71.50,9781852864729,onsale
8837,C++ how to program,3,本,108.00,70.20,9781282692992,onsale
8838,Laravel,3,本,86.00,55.90,9781492041214,onsale
8839,Using MPI,3,本,88.00,57.20,9780262571340,onsale
8840,An introduction to management science,13,本,102.00,66.30,9780324003215,offsale
8841,Systems Analysis and Design,7,本,113.00,73.45,9781119496489,onsale
8842,Python Web Programming,6,本,90.00,58.50,9780735710900,onsale
8843,Meg,3,本,98.00,63.70,9780765352408,onsale
8844,Previously on X-Men,3,本,110.00,71.50,9780998866321,onsale
8845,Programming Language Explorations,6,本,108.00,70.20,9781498738460,onsale
8846,3D Game Programming with C++,6,本,84.00,54.60,9781576104002,onsale
8847,Java game programming for dummies,6,本,100.00,65.00,9780764501685,offsale
8848,Programming with Python,6,本,94.00,61.10,9780761523345,onsale
8849,The walking dead chronicles,3,本,92.00,59.80,9781419701191,discontinued
8850,The annotated C++ reference manual,3,本,94.00,61.10,9780201514599,onsale
8851,Catching Fire,3,本,110.00,71.50,9788372783950,onsale
8852,Object-Oriented Programming in C++,6,本,106.00,68.90,9780768662337,onsale
8853,Television's second golden age,3,本,88.00,57.20,9780815605041,onsale
8854,Head first C,3,本,114.00,74.10,9781449399917,onsale
8855,Coding Javascript Basics,6,本,98.00,63.70,9781786642141,onsale
8856,The elements of friendly software design,7,本,84.00,54.60,9780895887689,onsale
8857,Star Fraction,3,本,100.00,65.00,9781405519458,offsale
8858,Sanford Meisner on acting,3,本,100.00,65.00,9780394750590,offsale
8859,Unix System V Release 4: Programmer's Guide,10,本,103.00,66.95,9780139318740,onsale
8860,"Gilligan, Maynard & me",3,本,86.00,55.90,9780806514130,onsale
8861,Problem solving and structured programming in FORTRAN 77,6,本,84.00,54.60,9780201512168,onsale
8862,Getting Started with Lazarus IDE,3,本,94.00,61.10,9781782163404,onsale
8863,Programming by design,6,本,92.00,59.80,9780534082444,discontinued
8864,Operations Research,17,本,54.00,35.10,9780135306444,onsale
8865,The circulatory story,3,本,104.00,67.60,9781580892094,onsale
8866,Object-oriented programming with ANSI and Turbo C++,6,本,104.00,67.60,9788131788424,onsale
8867,Real-time system design and analysis,3,本,96.00,62.40,9781118136584,onsale
8868,Regular Expressions Cookbook,3,本,106.00,68.90,9781449396336,onsale
8869,The Small-C handbook,3,本,102.00,66.30,9780835970129,onsale
8870,The Little Elixir & OTP Guidebook,3,本,82.00,53.30,9781633430112,onsale
8871,Modern C,3,本,100.00,65.00,9781617295812,offsale
8872,NLP Made Easy,3,本,86.00,55.90,9780007155460,onsale
8873,Marketing research,13,本,77.00,50.05,9781408272367,onsale
8874,Pinterest For Dummies,3,本,84.00,54.60,9781118328002,onsale
8875,I love Lucy,3,本,92.00,59.80,9780446674201,discontinued
8876,"Game Design Workshop: A Playcentric Approach to Creating Innovative Games, Third Edition",3,本,92.00,59.80,9781482217162,discontinued
8877,Up in the Air,3,本,102.00,66.30,9780385722377,onsale
8878,Adobe Photoshop,3,本,92.00,59.80,9781568300542,discontinued
8879,Domain-specific languages,3,本,90.00,58.50,9780321712943,onsale
8880,Mastering Python Design Patterns,6,本,106.00,68.90,9781837637652,onsale
8881,Casual Game Design,3,本,112.00,72.80,9781498717359,onsale
8882,Assembly Language for X86 Processors,3,本,102.00,66.30,9781282645844,onsale
8883,APL--an interactive approach,3,本,114.00,74.10,9780894646577,onsale
8884,Way of NLP (Thorsons Way of),3,本,123.00,79.95,9780007110209,offsale
8885,The big book of NLP expanded,3,本,114.00,74.10,9789657489161,onsale
8886,Television cartoon shows,3,本,114.00,74.10,9781476665993,onsale
8887,Common Lisp,3,本,92.00,59.80,9780805304923,discontinued
8888,Doctor Who,3,本,108.00,70.20,9781846079870,onsale
8889,Writing Computer Code,3,本,90.00,58.50,9781119177302,onsale
8890,Advanced R,3,本,84.00,54.60,9781032006635,onsale
8891,Faust,3,本,96.00,62.40,9780793534241,onsale
8892,Assembly language for the IBM-PC,3,本,92.00,59.80,9780023596513,discontinued
8893,Starting Out with C++ from Control Structures to Objects (9th Edition),3,本,106.00,68.90,9780134498379,onsale
8894,Artificial intelligence,8,本,101.00,65.65,9780321441942,onsale
8895,Writing An Interpreter In Go,6,本,94.00,61.10,9783982016115,onsale
8896,Gray hat Python,6,本,116.00,75.40,9783898646338,onsale
8897,Java Black Book,6,本,123.00,79.95,9781932111002,offsale
8898,A basic course in American sign language,3,本,102.00,66.30,9780932666246,onsale
8899,The Elements of Harmony,3,本,92.00,59.80,9780316247542,discontinued
8900,You Don't Know JS,3,本,102.00,66.30,9781491924464,onsale
8901,Pascal,6,本,121.00,78.65,9780201527100,onsale
8902,Python Programming Fundamentals,6,本,102.00,66.30,9781447166429,onsale
8903,Writing without teachers,3,本,88.00,57.20,9780195120165,onsale
8904,Basic electricity,3,本,104.00,67.60,9780471747871,onsale
8905,Teach yourself C++ in 21 days,3,本,90.00,58.50,9780672310706,onsale
8906,Invent your own computer games,3,本,88.00,57.20,9780531046371,onsale
8907,Programming Phoenix,6,本,90.00,58.50,9781680501452,onsale
8908,Q's guide to the continuum,3,本,102.00,66.30,9780671019488,onsale
8909,Structured COBOL programming,6,本,98.00,63.70,9780471633709,onsale
8910,Totally Charmed,3,本,80.00,52.00,9781932100600,onsale
8911,Programming with ANSI C++,6,本,106.00,68.90,9780195690378,onsale
8912,Obfuscated C and other mysteries,3,本,100.00,65.00,9780471578055,offsale
8913,Efficient C/C++ programming,6,本,90.00,58.50,9780123390950,onsale
8914,Around the World in Eighty Days,3,本,104.00,67.60,9781474625791,onsale
8915,Computer programming,6,本,98.00,63.70,9781855542433,onsale
8916,Head First Kotlin,6,本,112.00,72.80,9781491996690,onsale
8917,Friends,3,本,102.00,66.30,9780385483292,onsale
8918,The autobiography of FBI special agen Dale Cooper,18,本,57.00,37.05,9780140157147,onsale
8919,Fundamentals of Python: First Programs,6,本,94.00,61.10,9781337560092,onsale
8920,A beginner's guide to coding,6,本,102.00,66.30,9781472928641,onsale
8921,Jamsa's C/C++ programmer's bible,3,本,94.00,61.10,9781884133251,onsale
8922,99 Bottles of OOP,3,本,104.00,67.60,9781944823078,onsale
8923,Structured BASIC,3,本,96.00,62.40,9780538618007,onsale
8924,ObjectiveC Programming for Dummies,6,本,100.00,65.00,9781118228784,offsale
8925,Pragmatic unit testing in Java with JUnit,6,本,96.00,62.40,9780974514017,onsale
8926,Who Was Jim Henson?,3,本,100.00,65.00,9781536417258,offsale
8927,High Performance MySQL,5,本,112.00,72.80,9781449332495,onsale
8928,SPSS For Dummies,3,本,98.00,63.70,9781282471870,onsale
8929,Language Exploration & Awareness,3,本,96.00,62.40,9781135631567,onsale
8930,Get Programming with Haskell,6,本,104.00,67.60,9781617293764,onsale
8931,Coding for Beginners,6,本,98.00,63.70,9781474934152,onsale
8932,Web Development with Django,7,本,87.00,56.55,9781803230603,onsale
8933,Nonlinear Programming,6,本,114.00,74.10,9780882759197,onsale
8934,Perl,6,本,90.00,58.50,9787302057512,onsale
8935,Statistical Rethinking,3,本,94.00,61.10,9781315362618,onsale
8936,Goals! How to Get Everything You Want--Faster Than You Ever Thought Possible,3,本,88.00,57.20,9781605094113,onsale
8937,Teach Like a Champion Field Guide 2.0,3,本,86.00,55.90,9781119254140,onsale
8938,Preparing instructional objectives,3,本,110.00,71.50,9781879618039,onsale
8939,Object models,3,本,84.00,54.60,9780131086142,onsale
8940,Come and knock on our door,3,本,84.00,54.60,9780312168032,onsale
8941,Beginning programming,6,本,94.00,61.10,9781615645053,onsale
8942,Data Structures And Algorithms With Javascript,9,本,114.00,74.10,9781449373955,onsale
8943,The Joy of Clojure,3,本,98.00,63.70,9781617291418,onsale
8944,Programming in Scheme,6,本,94.00,61.10,9780262550178,onsale
8945,Pro ASP.NET Core 3,3,本,102.00,66.30,9781484254394,onsale
8946,NLP in 21 Days,3,本,94.00,61.10,9780749920302,onsale
8947,Game design complete,3,本,98.00,63.70,9781933097008,onsale
8948,"Data structures, algorithms, and applications in C++",9,本,100.00,65.00,9780929306322,onsale
8949,Programming in COBOL/400,6,本,100.00,65.00,9780471418467,offsale
8950,Programming in Clipper,6,本,84.00,54.60,9780201119930,onsale
8951,My Teenage Dream Ended,3,本,102.00,66.30,9781543933475,onsale
8952,HTML5 games,3,本,104.00,67.60,9781118855386,onsale
8953,Evaluation,3,本,90.00,58.50,9780133097252,onsale
8954,Smallville,3,本,102.00,66.30,9781845767150,onsale
8955,Getting a coding job for dummies,6,本,123.00,79.95,9781119121022,offsale
8956,Building RESTful Web services with Go,6,本,114.00,74.10,9781788294287,onsale
8957,OpenGL superbible,17,本,52.00,33.80,9780672326011,onsale
8958,Programming Windows 3.1,10,本,109.00,70.85,9781556153952,offsale
8959,Learning to program in C,17,本,50.00,32.50,9780911537000,onsale
8960,Programming assembler language,6,本,102.00,66.30,9780835956611,onsale
8961,"Truly, madly, deadly",3,本,104.00,67.60,9781554909346,onsale
8962,"Beginning Programming in 24 Hours, Sams Teach Yourself",6,本,94.00,61.10,9780135836712,onsale
8963,Game development tools,3,本,98.00,63.70,9781568814322,onsale
8964,Applied Statistics For Engineers and Scientists Using Microsoft Excel and MINITAB (With CD-ROM),11,本,90.00,58.50,9780134888019,offsale
8965,Create an Animation with Scratch,3,本,90.00,58.50,9781541524361,onsale
8966,Pascal programming,6,本,82.00,53.30,9780521253024,onsale
8967,Cobol,3,本,112.00,72.80,9780877098195,onsale
8968,Programming Embedded Systems in C and C ++,6,本,104.00,67.60,9781565923546,onsale
8969,BASIC computer programs for the home,3,本,90.00,58.50,9780810451544,onsale
8970,Raspberry Pi User Guide,3,本,106.00,68.90,9781118795484,onsale
8971,The Doctor Who technical manual,3,本,104.00,67.60,9780394862149,onsale
8972,"The ""Supernatural"" Book of Monsters, Spirits, Demons, and Ghouls",3,本,94.00,61.10,9780061729065,onsale
8973,Girl code,3,本,92.00,59.80,9780062472472,discontinued
8974,Codependents' guide to the twelve steps,3,本,110.00,71.50,9789683915191,onsale
8975,AMPL,3,本,102.00,66.30,9780534378950,onsale
8976,Excel Workbook For Dummies (For Dummies (Computer/Tech)),3,本,123.00,79.95,9780470044100,offsale
8977,Atala,3,本,86.00,55.90,9782038700305,onsale
8978,Black Hat Go,6,本,110.00,71.50,9781593278656,onsale
8979,Bioinformatics with Python Cookbook,6,本,98.00,63.70,9781782175117,onsale
8980,Instructor's guide and solutions manual to An Introduction to formal languages and automata,3,本,102.00,66.30,9780669173444,onsale
8981,The World of Poldark,3,本,94.00,61.10,9781509813612,onsale
8982,OpenCV Computer Vision with Python,6,本,100.00,65.00,9781506080949,offsale
8983,Microsoft excel 2016 : step by step,3,本,108.00,70.20,9780735697454,onsale
8984,Professional PHP programming,6,本,100.00,65.00,9781861002969,offsale
8985,The Original Hitchhiker Radio Scripts,3,本,104.00,67.60,9786051719863,onsale
8986,Perl Cookbook,6,本,110.00,71.50,9781565929708,onsale
8987,Introductory circuit analysis,3,本,82.00,53.30,9780131730441,onsale
8988,Star trek chronology,3,本,94.00,61.10,9780671536107,onsale
8989,The fundamentals of C/C++ game programming,6,本,114.00,74.10,9781498799126,onsale
8990,Library of Forth routines and utilities,3,本,98.00,63.70,9780452258419,onsale
8991,Randy and the perfect boy,3,本,80.00,52.00,9780307220332,onsale
8992,The little book of Scooby-isms,3,本,94.00,61.10,9781844226702,onsale
8993,The steps we took,3,本,96.00,62.40,9780874831511,onsale
8994,Peter Norton's Introduction to Computers,3,本,88.00,57.20,9780028029900,onsale
8995,MySQL,5,本,96.00,62.40,9780072255133,onsale
8996,Inside Gilligan's Island,3,本,114.00,74.10,9780786463688,onsale
8997,"Prisoners and Pawns (V, Book 6)",3,本,92.00,59.80,9780523424392,discontinued
8998,"Programming Logic and Design, Introductory",6,本,112.00,72.80,9781285845777,onsale
8999,Advanced Java,6,本,96.00,62.40,9780135343487,onsale
9000,The C++ standard library,3,本,94.00,61.10,9780201379266,onsale
9001,"Infants, toddlers, and caregivers",3,本,96.00,62.40,9780073378541,onsale
9002,Web Programming,6,本,94.00,61.10,9780470296134,onsale
9003,Thinking Functionally with Haskell,3,本,88.00,57.20,9781107452640,onsale
9004,Beginning C++ Game Programming,6,本,106.00,68.90,9781838647650,onsale
9005,Doing It Now,3,本,100.00,65.00,9780553278750,offsale
9006,Principles of program design,3,本,92.00,59.80,9780123790507,discontinued
9007,Introduction to mathematical programming,6,本,102.00,66.30,9780534359645,onsale
9008,Illustrated Clipper 5.0,3,本,88.00,57.20,9781556221620,onsale
9009,Doctor Who,3,本,96.00,62.40,9780809580422,onsale
9010,An Introduction to Management Science,13,本,75.00,48.75,9780314631497,onsale
9011,Computing with Java,6,本,112.00,72.80,9781576760598,onsale
9012,Logic programming,6,本,88.00,57.20,9780262620642,onsale
9013,Beginning algebra,11,本,82.00,53.30,9780471222682,discontinued
9014,Doctor Who,3,本,90.00,58.50,9780491034623,onsale
9015,Mr. Robot,3,本,100.00,65.00,9781419724428,offsale
9016,Unity in Action,3,本,94.00,61.10,9781617292323,onsale
9017,C++ programing [i.e. programming],6,本,116.00,75.40,9788189940379,onsale
9018,E-learning uncovered,17,本,84.00,54.60,9781495926969,onsale
9019,Star Trek Adventures - The New Voyages,3,本,86.00,55.90,9780553143232,onsale
9020,Types and Programming Languages,6,本,94.00,61.10,9780262162098,onsale
9021,Applied numerical methods in C,3,本,82.00,53.30,9780130420527,onsale
9022,Environmental science,17,本,56.00,36.40,9780321664037,onsale
9023,Develop your NLP skills,3,本,100.00,65.00,9780749456610,offsale
9024,Visual Basic 5 superbible,3,本,96.00,62.40,9781571691125,onsale
9025,Nim in Action,3,本,100.00,65.00,9781617293436,offsale
9026,Visual C# 2010 How to Program,17,本,60.00,39.00,9780132151788,onsale
9027,Java in a Nutshell,6,本,94.00,61.10,9781565923041,onsale
9028,Slayer,3,本,96.00,62.40,9780753508442,onsale
9029,Fundamentals of game development,17,本,84.00,54.60,9780763778958,onsale
9030,Java Cookbook,6,本,86.00,55.90,9780596007010,onsale
9031,Babylon 5,3,本,90.00,58.50,9780345427205,onsale
9032,Fundamentals of programming languages,6,本,92.00,59.80,9780881750041,discontinued
9033,Python GUI Programming with Tkinter: Develop responsive and powerful GUI applications with Tkinter,6,本,120.00,78.00,9781788835886,onsale
9034,Game design,3,本,108.00,70.20,9781575952574,onsale
9035,Star Wars - Absolutely Everything You Need to Know,3,本,104.00,67.60,9781465437853,onsale
9036,Options,3,本,104.00,67.60,9781577180647,onsale
9037,Catalogue of artificial intelligence tools,8,本,127.00,82.55,9783642968693,onsale
9038,SQL,5,本,106.00,68.90,9780321553577,onsale
9039,Requirements engineering for software and systems,12,本,64.00,41.60,9781315303703,onsale
9040,Finding Lost,3,本,102.00,66.30,9781281942692,onsale
9041,Statistics for managers using Microsoft Excel,11,本,74.00,48.10,9780130621481,onsale
9042,Oh! Pascal!,6,本,100.00,65.00,9780393952056,offsale
9043,It's Saturday Morning!,3,本,100.00,65.00,9780760362945,offsale
9044,Advanced Java 2 platform,6,本,100.00,65.00,9781405813884,offsale
9045,Inside HBO's Game of Thrones,3,本,110.00,71.50,9788425348198,onsale
9046,Microsoft Visual C++,3,本,98.00,63.70,9781556158018,onsale
9047,Team Geek,3,本,92.00,59.80,9781449302443,discontinued
9048,Async & performance,6,本,90.00,58.50,9781491904220,onsale
9049,Absolute C++,3,本,96.00,62.40,9780321468932,onsale
9050,Microservices Patterns,3,本,106.00,68.90,9781617294549,onsale
9051,Basic arrhythmias,3,本,100.00,65.00,9780835953054,offsale
9052,LISP on the BBC Microcomputer,3,本,106.00,68.90,9780907876083,onsale
9053,Beginning programming with C++ for dummies,6,本,98.00,63.70,9781118823934,onsale
9054,Joe Celko's SQL for Smarties,5,本,110.00,71.50,9780123693792,offsale
9055,"Strange and amazing facts about ""Star Trek""",3,本,102.00,66.30,9780671729561,onsale
9056,Good eats 2,3,本,88.00,57.20,9781647001155,onsale
9057,Head first servlets & JSP,3,本,96.00,62.40,9780596522261,onsale
9058,Mastering Object-oriented Python,6,本,104.00,67.60,9781783280971,onsale
9059,ANSI Common Lisp,3,本,94.00,61.10,9780133708752,onsale
9060,Modern Compiler Design,7,本,113.00,73.45,9781493944729,onsale
9061,Advanced programming in the Unix environment,10,本,93.00,60.45,9788131700051,onsale
9062,Neuro-linguistic programming workbook for dummies,6,本,108.00,70.20,9780470723999,onsale
9063,Vue.js in Action,3,本,100.00,65.00,9781617294624,offsale
9064,Computational colour science using MATLAB,3,本,96.00,62.40,9781118337059,onsale
9065,Java Web services,6,本,100.00,65.00,9780596002695,offsale
9066,Shatner,3,本,108.00,70.20,9780441889754,onsale
9067,Real-world functional programming,6,本,112.00,72.80,9781638353799,onsale
9068,Applying PIC18 microcontrollers,3,本,96.00,62.40,9780130885463,onsale
9069,Understanding the Electrocardiogram,15,本,96.00,62.40,9780397445929,onsale
9070,Alpha Teach Yourself Management Skills in 24 Hours,13,本,65.00,42.25,9780028641430,onsale
9071,Game design,3,本,102.00,66.30,9781584504719,onsale
9072,Suspense,3,本,102.00,66.30,9781575026756,onsale
9073,The magic machine,3,本,92.00,59.80,9780716721253,discontinued
9074,Common prayer,3,本,92.00,59.80,9780310326199,discontinued
9075,Dad's army,3,本,84.00,54.60,9780722104064,onsale
9076,5 Steps to a 5,17,本,70.00,45.50,9781260466669,onsale
9077,Monitoring and Evaluation Training,3,本,94.00,61.10,9781483313382,onsale
9078,Introduction to computer programming for chemists,6,本,100.00,65.00,9780205058976,offsale
9079,Exceptional C++,3,本,84.00,54.60,9780201615623,onsale
9080,The definition of standard ML,3,本,104.00,67.60,9780262296991,onsale
9081,Raspberry Pi Projects,3,本,100.00,65.00,9781118555439,offsale
9082,Nutrition and diet therapy,3,本,98.00,63.70,9780763761370,onsale
9083,C programming for engineering and computer science,6,本,106.00,68.90,9780079136787,onsale
9084,Reality TV,3,本,90.00,58.50,9781134507047,onsale
9085,Economic concepts,3,本,92.00,59.80,9780070052956,discontinued
9086,Delphi in a nutshell,3,本,108.00,70.20,9781565926592,onsale
9087,Beginning game programming,6,本,102.00,66.30,9781435454279,onsale
9088,Structured analysis and system specification,3,本,100.00,65.00,9780917072079,offsale
9089,Doctor Who Encyclopedia (Dr Who),3,本,104.00,67.60,9781846072918,onsale
9090,Systematic Program Design,3,本,98.00,63.70,9781107333598,onsale
9091,UNIX shell programming,10,本,99.00,64.35,9780471518204,onsale
9092,"Operations research; and, Introduction to mathematical programming",6,本,92.00,59.80,9780534230494,discontinued
9093,Of muppets & men,3,本,102.00,66.30,9780394520858,onsale
9094,Programming In C,6,本,106.00,68.90,9780198065289,onsale
9095,Programming in objective-C,6,本,98.00,63.70,9780672325861,onsale
9096,Eastenders Handbook,3,本,94.00,61.10,9780563362920,onsale
9097,Python Data Analysis,6,本,106.00,68.90,9781783553358,onsale
9098,Introduction to Pascal and structured design,6,本,108.00,70.20,9780669095708,onsale
9099,Compiler construction,7,本,107.00,69.55,9780534939724,onsale
9100,"Mouse, a language for microcomputers",3,本,90.00,58.50,9780894332012,onsale
9101,Spring Boot Persistence Best Practices,3,本,96.00,62.40,9781484256251,onsale
9102,Principles of Program Design,17,本,50.00,32.50,9781111526504,onsale
9103,Computer Coding Made Easy,6,本,94.00,61.10,9781409349402,onsale
9104,True stories of Law & order,14,本,61.00,39.65,9781429502610,onsale
9105,Implementing Domaindriven Design,3,本,92.00,59.80,9780133039924,discontinued
9106,C++ for programmers,3,本,108.00,70.20,9780471954866,onsale
9107,ANSI C,3,本,106.00,68.90,9789062336586,onsale
9108,Programming the Z80,6,本,118.00,76.70,9780895880697,onsale
9109,Beginning Java objects,6,本,106.00,68.90,9781590591468,onsale
9110,lex & yacc,3,本,88.00,57.20,9781565920002,onsale
9111,SQL for Data Analytics,5,本,104.00,67.60,9781801812870,onsale
9112,Dental Terminology,3,本,104.00,67.60,9780827390683,onsale
9113,The object-oriented thought process,7,本,91.00,59.15,9780672330162,onsale
9114,Downton Abbey,3,本,88.00,57.20,9780007481118,onsale
9115,Recovery,3,本,104.00,67.60,9781509844951,onsale
9116,Flights of fantasy,3,本,116.00,75.40,9781878739186,onsale
9117,Begin to Code with Python,6,本,98.00,63.70,9781509304585,onsale
9118,Teach yourself C in 21 days,3,本,92.00,59.80,9780672310690,discontinued
9119,BASIC computer programming,6,本,86.00,55.90,9780060405175,onsale
9120,"The complete America's test kitchen TV show cookbook, 2001-2010",3,本,100.00,65.00,9781933615554,offsale
9121,Data wrangling with Python,6,本,112.00,72.80,9781491948774,onsale
9122,Microsoft visual C#.NET,3,本,94.00,61.10,9780735615540,onsale
9123,Programming in Pascal,6,本,90.00,58.50,9780669200423,onsale
9124,Javascript,6,本,110.00,71.50,9780538748872,onsale
9125,Java programming for dummies,6,本,106.00,68.90,9780764503887,onsale
9126,On to Java,6,本,90.00,58.50,9780201725933,onsale
9127,Java,6,本,104.00,67.60,9781449390709,onsale
9128,Scripting in Java,6,本,82.00,53.30,9780321321930,onsale
9129,Fractal programming in C,6,本,100.00,65.00,9781558510395,offsale
9130,IBM SPSS Statistics 25 Step by Step,11,本,88.00,57.20,9781138491076,onsale
9131,The revolutionary guide to QBasic,3,本,94.00,61.10,9781874416203,onsale
9132,Artificial intelligence,8,本,97.00,63.05,9780071009324,onsale
9133,Beginning programming,6,本,92.00,59.80,9781280255731,discontinued
9134,CLR via C#,3,本,114.00,74.10,9780735668768,onsale
9135,"Serious Python: Black-Belt Advice on Deployment, Scalability, Testing, and More",6,本,114.00,74.10,9781593278786,onsale
9136,"PHP 7 Data Structures and Algorithms: Implement linked lists, stacks, and queues using PHP",9,本,116.00,75.40,9781786463890,onsale
9137,Algorithms for Dummies,9,本,90.00,58.50,9781119330530,onsale
9138,Instant Word Power,3,本,90.00,58.50,9780451152671,onsale
9139,Learn Java the Easy Way: A Hands-On Introduction to Programming,6,本,100.00,65.00,9781593278052,offsale
9140,Multimedia Making it Work,17,本,66.00,42.90,9780071832885,offsale
9141,Computer Science,3,本,102.00,66.30,9780471266792,onsale
9142,Real-time embedded multithreading,3,本,102.00,66.30,9781856176316,onsale
9143,Programming in Ada,6,本,96.00,62.40,9780201137996,onsale
9144,Applied Numerical Analysis Using MATLAB,3,本,98.00,63.70,9780132397285,onsale
9145,Changing belief systems with NLP,3,本,102.00,66.30,9780916990244,onsale
9146,Professional C#,3,本,104.00,67.60,9780764558641,onsale
9147,Mathematics for Engineers and Scientists,11,本,84.00,54.60,9780471043737,onsale
9148,Java How to Program (early objects) plus MyProgrammingLab,6,本,123.00,79.95,9780134800301,offsale
9149,The Beverly hillbillies,3,本,98.00,63.70,9780809245048,onsale
9150,Advanced C₊₊ programming styles and idioms,6,本,94.00,61.10,9780201548556,onsale
9151,Romeo & Juliet,2,本,70.00,45.50,9781984292674,onsale
9152,Office 365 for Dummies,3,本,90.00,58.50,9781119263531,onsale
9153,Math into LaTeX,3,本,100.00,65.00,9781475724462,offsale
9154,The Encyclopedia of TV Science Fiction,2,本,68.00,44.20,9781852839536,onsale
9155,Reading the Vampire Slayer,3,本,106.00,68.90,9781860647628,onsale
9156,Good eats 3,3,本,104.00,67.60,9781584799030,onsale
9157,Changing Places,3,本,98.00,63.70,9780436256608,onsale
9158,The Washingtonienne,3,本,102.00,66.30,9781401386696,onsale
9159,Contemporary Business,13,本,81.00,52.65,9781119247388,onsale
9160,"Simple Program Design, A Step-by-Step Approach",12,本,70.00,45.50,9781423901327,onsale
9161,Minecraft mods programming,6,本,104.00,67.60,9780789753601,onsale
9162,Think Stats,3,本,100.00,65.00,9781449313692,offsale
9163,Adventure Time,10,本,103.00,66.95,9781419704505,onsale
9164,SPICE,3,本,90.00,58.50,9780134360492,onsale
9165,Patterns of software,3,本,82.00,53.30,9780195121230,onsale
9166,Illustrating BASIC,3,本,82.00,53.30,9780521217033,onsale
9167,Loose parts,3,本,96.00,62.40,9781605542744,onsale
9168,Lifelong kindergarten,3,本,86.00,55.90,9780262344340,onsale
9169,Compiler Design,7,本,99.00,64.35,9783642435911,onsale
9170,River monsters,3,本,98.00,63.70,9780306819544,onsale
9171,Practical programming in Tcl and Tk,6,本,88.00,57.20,9780130385604,onsale
9172,Active Directory,3,本,112.00,72.80,9780596519568,onsale
9173,How computer programming works,6,本,100.00,65.00,9781562761950,offsale
9174,Win32 Programming,6,本,86.00,55.90,9780201634921,onsale
9175,Software engineering economics,7,本,87.00,56.55,9780138221225,onsale
9176,Harmonic materials in tonal music,3,本,88.00,57.20,9780205123179,onsale
9177,Game physics engine development,12,本,82.00,53.30,9781498736411,onsale
9178,Computers,3,本,108.00,70.20,9780673398284,onsale
9179,Game Programming Gems (Game Programming Gems Series),6,本,94.00,61.10,9781584500490,onsale
9180,SAP S/4HANA Finance,13,本,81.00,52.65,9781493223398,onsale
9181,AppleScript for dummies,3,本,112.00,72.80,9780764574948,onsale
9182,Doctor Who,3,本,98.00,63.70,9781844256433,onsale
9183,C/C++ programmerʼs reference,3,本,100.00,65.00,9780078823671,offsale
9184,Programming Windows,10,本,109.00,70.85,9780914845911,offsale
9185,"Visions from ""the Twilight Zone""",3,本,102.00,66.30,9780877017257,onsale
9186,Testable Javascript,6,本,100.00,65.00,9781449323394,offsale
9187,NetBeans,3,本,98.00,63.70,9781449332563,onsale
9188,C# 6.0 in a Nutshell,3,本,102.00,66.30,9781491927038,onsale
9189,Developing games in Java,6,本,96.00,62.40,9781592730056,onsale
9190,Systems engineering and analysis,12,本,78.00,50.70,9780138807580,onsale
9191,Compiler design in C,7,本,83.00,53.95,9780131551510,onsale
9192,Turbo C,3,本,98.00,63.70,9780934375450,onsale
9193,Who's 50,3,本,98.00,63.70,9781770904750,onsale
9194,Your Guide to Not Getting Murdered in a Quaint English Village,3,本,114.00,74.10,9781984859624,onsale
9195,Selected papers on fun and games,3,本,108.00,70.20,9781575865850,onsale
9196,Accounting information systems,13,本,67.00,43.55,9780136015185,onsale
9197,Courage to Change,3,本,92.00,59.80,9780910034791,discontinued
9198,Statistics for managers using Microsoft Excel,11,本,111.00,72.15,9780131272200,onsale
9199,Understanding SQL,5,本,126.00,81.90,9780895886446,onsale
9200,Mathematical programming,6,本,123.00,79.95,9785030005331,offsale
9201,Family nursing,15,本,74.00,48.10,9780130608246,onsale
9202,Star Trek Memories,3,本,96.00,62.40,9780006379706,onsale
9203,The A-Z of Babylon 5,3,本,92.00,59.80,9780440223856,discontinued
9204,Programmed physics,12,本,68.00,44.20,9780471450702,onsale
9205,Illustrated C,3,本,98.00,63.70,9780923667214,onsale
9206,The Late Shift,3,本,98.00,63.70,9781562827540,onsale
9207,Sams teach yourself PHP in 24 hours,6,本,92.00,59.80,9780672323119,discontinued
9208,C++ games programming,6,本,102.00,66.30,9781558514492,onsale
9209,Puzzled programmers,3,本,94.00,61.10,9781556150319,onsale
9210,Classic Concentration,3,本,108.00,70.20,9780806984681,onsale
9211,"Web Design with HTML, CSS, JavaScript and jQuery Set",6,本,96.00,62.40,9781118907443,onsale
9212,Roberto Devereux,3,本,100.00,65.00,9782742715626,offsale
9213,Professional Jquery,3,本,94.00,61.10,9781118260791,onsale
9214,Information Dashboard Design,3,本,102.00,66.30,9781938377006,onsale
9215,Information technology project management,12,本,82.00,53.30,9781118898215,onsale
9216,The Texas Run,3,本,90.00,58.50,9780523424705,onsale
9217,Learning Java Through Games,6,本,106.00,68.90,9781466593329,onsale
9218,Beginning SQL,5,本,110.00,71.50,9780764577321,offsale
9219,Practical Data Science With R,3,本,104.00,67.60,9781638352747,onsale
9220,Basic Montessori,3,本,119.00,77.35,9780312012151,onsale
9221,Core Java,6,本,98.00,63.70,9780135657553,onsale
9222,Heart of the mind,16,本,52.00,33.80,9780911226300,onsale
9223,Python Programming for Arduino,6,本,110.00,71.50,9781783285945,onsale
9224,Hands-On RESTful Web Services with Go,6,本,108.00,70.20,9781838647544,onsale
9225,Magic in action,3,本,102.00,66.30,9780916990145,onsale
9226,The Standard C Library,3,本,90.00,58.50,9780131315099,onsale
9227,Multiplayer Game Programming,6,本,88.00,57.20,9780134034348,onsale
9228,Structured FORTRAN 77 for engineers and scientists,6,本,82.00,53.30,9780805300512,onsale
9229,JavaScript & DHTML Cookbook,6,本,100.00,65.00,9780596004675,offsale
9230,"SQL in 10 Minutes a Day, Sams Teach Yourself",5,本,108.00,70.20,9780135182857,onsale
9231,Operations research,3,本,94.00,61.10,9780130488084,onsale
9232,Zen of Graphics Programming,6,本,120.00,78.00,9781883577896,onsale
9233,Doctor Who Short Trips,3,本,98.00,63.70,9781844350483,onsale
9234,C# programming,6,本,110.00,71.50,9781285856872,onsale
9235,Microsoft Excel 2010,3,本,98.00,63.70,9780763843144,onsale
9236,Learn to Program with Scratch,3,本,100.00,65.00,9781593275433,offsale
9237,Serial communications programming in C and C++,6,本,94.00,61.10,9781558282032,onsale
9238,The Tao of objects,3,本,96.00,62.40,9781558514126,onsale
9239,"Smart Baby, Clever Child",3,本,94.00,61.10,9781470039660,onsale
9240,Assembly language and systems programming for the M68000 family,6,本,114.00,74.10,9780669281996,onsale
9241,The television genre book,3,本,108.00,70.20,9781844575268,onsale
9242,Refactoring Databases,5,本,102.00,66.30,9780321468055,discontinued
9243,"Iolanthe, or, The prince and the peri",3,本,106.00,68.90,9780571531998,onsale
9244,Java servlet programming,6,本,106.00,68.90,9781565927940,onsale
9245,The Reasoned Schemer,3,本,100.00,65.00,9780262294287,offsale
9246,Game of Thrones Mask,3,本,102.00,66.30,9781524799106,onsale
9247,Love You to Death,3,本,106.00,68.90,9781554909780,onsale
9248,Herding Cats,3,本,96.00,62.40,9781590590171,onsale
9249,Object Oriented Programming Through Java,6,本,98.00,63.70,9780203745199,onsale
9250,Undead TV,3,本,84.00,54.60,9780822340430,onsale
9251,Journeys to The Twilight Zone,3,本,94.00,61.10,9781567310931,onsale
9252,Developing Java Web services,6,本,100.00,65.00,9780470238486,offsale
9253,Effective C,3,本,86.00,55.90,9781718501041,onsale
9254,The unofficial Gilligan's Island handbook,3,本,108.00,70.20,9780446386685,onsale
9255,The little MLer,3,本,88.00,57.20,9780262561143,onsale
9256,A Tour of C++ (2nd Edition) (C++ In-Depth Series),3,本,106.00,68.90,9780134997834,onsale
9257,Therapeutic recreation program design,3,本,98.00,63.70,9780321541888,onsale
9258,Effective C#,17,本,60.00,39.00,9780321659118,onsale
9259,Twin Hearts,6,本,86.00,55.90,9780553570120,onsale
9260,Brief NLP therapy,3,本,110.00,71.50,9780761959663,onsale
9261,Getting Acquainted With Your Zx-81,3,本,104.00,67.60,9780916688332,onsale
9262,AutoCad,3,本,104.00,67.60,9781119255796,onsale
9263,Software tools,3,本,90.00,58.50,9780201036695,onsale
9264,Federation,3,本,106.00,68.90,9780671894238,onsale
9265,Microsoft Excel basics,3,本,116.00,75.40,9781786648099,onsale
9266,JDBC developer's resource,3,本,86.00,55.90,9780138423520,onsale
9267,Learn C++ on the PC,3,本,82.00,53.30,9780201626223,onsale
9268,AP computer science A,3,本,100.00,65.00,9781438012896,offsale
9269,Desperate Networks,10,本,103.00,66.95,9780739326114,onsale
9270,Star Trek cookbook,3,本,86.00,55.90,9781471108303,onsale
9271,Java for programmers,6,本,94.00,61.10,9780137018529,onsale
9272,If Hemingway Wrote JavaScript,6,本,106.00,68.90,9781593275853,onsale
9273,Assembly Language Step-by-step,3,本,90.00,58.50,9780470580035,onsale
9274,Wicked cool PHP,6,本,98.00,63.70,9781593271732,onsale
9275,C++ coding standards,6,本,90.00,58.50,9780132654425,onsale
9276,Presentation Zen,17,本,62.00,40.30,9780321525659,onsale
9277,Raspberry Pi Hacking,17,本,72.00,46.80,9780789751560,onsale
9278,Professional Java Development with the Spring Framework,6,本,88.00,57.20,9781281002754,onsale
9279,Javascript,6,本,102.00,66.30,9781840782554,onsale
9280,Highlander,3,本,102.00,66.30,9780446674355,onsale
9281,Learn C on the Macintosh,3,本,96.00,62.40,9780201567854,onsale
9282,Learning JavaScript Design Pattern,6,本,92.00,59.80,9781306812283,discontinued
9283,Beginning Java 8 Games Development,6,本,88.00,57.20,9781484204160,onsale
9284,Informix Guide to SQL,5,本,92.00,59.80,9780131003637,onsale
9285,Learning C# by Developing Games with Unity 2019,17,本,78.00,50.70,9781789536942,onsale
9286,Little Prover,3,本,104.00,67.60,9780262527958,onsale
9287,NLP & health,15,本,82.00,53.30,9780722532881,onsale
9288,Chomp,3,本,110.00,71.50,9780375868276,onsale
9289,Linux network administrator's guide,10,本,109.00,70.85,9782841770076,offsale
9290,Applying UML and patterns,17,本,66.00,42.90,9780137488803,offsale
9291,ClojureScript,3,本,104.00,67.60,9781449327439,onsale
9292,Essential Scrum,3,本,90.00,58.50,9780137043293,onsale
9293,Double exposure,3,本,104.00,67.60,9780752213989,onsale
9294,The big book of NLP techniques,3,本,88.00,57.20,9781475083101,onsale
9295,Computer Programming for Absolute Beginners,6,本,98.00,63.70,9781839212536,onsale
9296,Practical Vim,3,本,96.00,62.40,9781680501278,onsale
9297,Introducing Python,6,本,100.00,65.00,9781098174408,offsale
9298,Building a 3D game engine in C++,3,本,86.00,55.90,9780471123262,onsale
9299,Writing television sitcoms,3,本,108.00,70.20,9780399535376,onsale
9300,Qualitative research and evaluation methods,3,本,100.00,65.00,9780761919711,offsale
9301,High Performance Python: Practical Performant Programming for Humans,6,本,100.00,65.00,9781449361761,offsale
9302,"Algorithms in C, Parts 1-5",9,本,94.00,61.10,9780201756081,onsale
9303,"Dynamic Programming and Optimal Control, Vol. I, 4th Edition",6,本,108.00,70.20,9781886529434,onsale
9304,Language Acquisition Made Practical,3,本,94.00,61.10,9780916636005,onsale
9305,Computer algorithms,9,本,98.00,63.70,9788131702444,discontinued
9306,C# 2008 for dummies,3,本,94.00,61.10,9780470191095,onsale
9307,Introduction to Programming with C++,6,本,100.00,65.00,9780538466523,offsale
9308,SAP R/3 business blueprint,13,本,83.00,53.95,9788131716946,onsale
9309,Introduction to computing,13,本,69.00,44.85,9780023296901,onsale
9310,"Mastering Blockchain: Distributed ledger technology, decentralization, and smart contracts explained, 2nd Edition",12,本,90.00,58.50,9781788839044,onsale
9311,Statistics with R,11,本,88.00,57.20,9781529753530,onsale
9312,Medical Epidemiology,15,本,78.00,50.70,9780071416375,discontinued
9313,An introduction to computer science using Java,6,本,84.00,54.60,9780072323054,onsale
9314,Mostly BASIC,3,本,90.00,58.50,9780672220760,onsale
9315,Java,6,本,98.00,63.70,9780538681018,onsale
9316,Teach Yourself Games Programming,6,本,98.00,63.70,9780071544757,onsale
9317,An introduction to the Intel family of microprocessors,3,本,123.00,79.95,9780023036231,offsale
9318,3D game engine programming,6,本,92.00,59.80,9781592003518,discontinued
9319,Advanced French Coursebook,3,本,98.00,63.70,9780609804490,onsale
9320,ABAP RESTful Programming Model,6,本,92.00,59.80,9781493219032,discontinued
9321,Quantum leap : the beginning,3,本,102.00,66.30,9781852833923,onsale
9322,PHP,6,本,98.00,63.70,9786054205837,onsale
9323,Python for Finance: Mastering Data-Driven Finance,6,本,86.00,55.90,9781492024330,onsale
9324,"Java: A Beginner's Guide, Eighth Edition",6,本,86.00,55.90,9781260440218,onsale
9325,Python 2.1 Bible,6,本,108.00,70.20,9780764548079,onsale
9326,Exploring,3,本,86.00,55.90,9780133412680,onsale
9327,PHP developer's cookbook,6,本,94.00,61.10,9780672323256,onsale
9328,"BCPL, the language and its compiler",7,本,101.00,65.65,9780521286817,onsale
9329,The hacker playbook 2,3,本,92.00,59.80,9781512214567,discontinued
9330,"Jim Henson's ""The Storyteller""",3,本,100.00,65.00,9781852830267,offsale
9331,V,3,本,118.00,76.70,9780859975773,onsale
9332,Scripting with objects,3,本,88.00,57.20,9781118410059,onsale
9333,Tales from a Not-So-Happy Birthday,3,本,100.00,65.00,9781534436565,offsale
9334,The good neighbor,3,本,92.00,59.80,9781640910850,discontinued
9335,Learning PHP and MySQL,5,本,102.00,66.30,9780596514013,discontinued
9336,Designing For Scalability With Erlangotp Implementing Robust Faulttolerant Systems,3,本,98.00,63.70,9781449320737,onsale
9337,The hacker ethic,3,本,104.00,67.60,9780375505669,onsale
9338,Programming Collective Intelligence,6,本,98.00,63.70,9780596517601,onsale
9339,Let's Get Invisible!,14,本,59.00,38.35,9782747001502,onsale
9340,Spring: Microservices with Spring Boot: Build and deploy microservices with Spring Boot,3,本,110.00,71.50,9781789132588,onsale
9341,The Art of C,3,本,88.00,57.20,9780072255126,onsale
9342,Java programming,6,本,90.00,58.50,9781850329220,onsale
9343,The Practice of Programming (Addison-Wesley Professional Computing Series),6,本,96.00,62.40,9780201615869,onsale
9344,Elegant SciPy,3,本,104.00,67.60,9781491922873,onsale
9345,Hands-On Network Programming with C,10,本,125.00,81.25,9781789349863,onsale
9346,Clipper programming guide,6,本,98.00,63.70,9780915391318,onsale
9347,Modern compiler implementation in ML,7,本,105.00,68.25,9780521587754,onsale
9348,Beginning Python,6,本,108.00,70.20,9781590599822,onsale
9349,The Animaniacs get dezanitized,3,本,104.00,67.60,9780590535298,onsale
9350,Practical C++ Programming,6,本,98.00,63.70,9780613911955,onsale
9351,FastCARD,3,本,102.00,66.30,9781423954880,onsale
9352,C++,3,本,84.00,54.60,9780131094710,onsale
9353,A Concise Introduction to Programming in Python (Chapman & Hall/CRC Textbooks in Computing),6,本,120.00,78.00,9781498759694,onsale
9354,Pthreads programming,6,本,94.00,61.10,9781306810647,onsale
9355,Solutions,3,本,96.00,62.40,9780932573018,onsale
9356,Mathematics for 3D game programming and computer graphics,6,本,98.00,63.70,9781584500377,onsale
9357,C,3,本,110.00,71.50,9780716781967,onsale
9358,All Dressed in White,3,本,108.00,70.20,9781594138928,onsale
9359,Programming Elixir,6,本,112.00,72.80,9781937785581,onsale
9360,Programming,6,本,100.00,65.00,9781783267071,offsale
9361,Access 2013 for dummies,3,本,100.00,65.00,9781118568507,offsale
9362,Programming solutions handbook for IBM microcomputers,6,本,102.00,66.30,9780070545977,onsale
9363,Comprehensive structured COBOL,3,本,110.00,71.50,9780878358571,onsale
9364,Artificial intelligence using C,8,本,109.00,70.85,9780078812552,onsale
9365,C++ from the ground up,3,本,114.00,74.10,9780078819698,onsale
9366,Word 2016 for dummies,3,本,104.00,67.60,9781119076957,onsale
9367,Game Development Essentials,17,本,52.00,33.80,9781418042080,onsale
9368,6502 assembly language programming,6,本,94.00,61.10,9780078812163,onsale
9369,Python dla wszystkich,6,本,100.00,65.00,9788396017611,offsale
9370,The Sopranos,3,本,82.00,53.30,9780822344100,onsale
9371,Rugrats blast off!,3,本,102.00,66.30,9780590129459,onsale
9372,The hacker playbook,3,本,102.00,66.30,9781494932633,onsale
9373,Framework design guidelines,3,本,92.00,59.80,9780321545671,discontinued
9374,The Icon programming language,6,本,108.00,70.20,9780134497778,onsale
9375,Introducing Neuro-Linguistic Programming,6,本,108.00,70.20,9781855383449,onsale
9376,Problem with Pen Pals (Full House Michelle),3,本,88.00,57.20,9780671017323,onsale
9377,Life with hope,3,本,112.00,72.80,9780976577904,onsale
9378,Our Town,3,本,98.00,63.70,9780064471756,onsale
9379,C programming guidelines,6,本,94.00,61.10,9780911537109,onsale
9380,Microprocessors and programmed logic,17,本,54.00,35.10,9780135804810,onsale
9381,Batman,3,本,96.00,62.40,9780752209463,onsale
9382,The Schemer's guide,3,本,110.00,71.50,9780962874574,onsale
9383,The Tardis Handbook,3,本,110.00,71.50,9781846079863,onsale
9384,Program or be Programmed,3,本,108.00,70.20,9781935928157,onsale
9385,Star Trek Deep Space Nine Companion,3,本,92.00,59.80,9780671501068,discontinued
9386,Teaching science to children,17,本,50.00,32.50,9780070224551,onsale
9387,Clean Craftsmanship,17,本,64.00,41.60,9780136915744,onsale
9388,Check design and payment process configuration in SAP ERP financials,3,本,106.00,68.90,9781592292738,onsale
9389,Abap,3,本,100.00,65.00,9781493218806,offsale
9390,Software Patents,14,本,81.00,52.65,9780471179597,onsale
9391,Pre-calculus mathematics,11,本,86.00,55.90,9780471417347,onsale
9392,Processing,3,本,106.00,68.90,9781429498722,onsale
9393,Excel 2010 For Dummies,3,本,100.00,65.00,9780470634684,offsale
9394,Developmentally Appropriate Curriculum,17,本,64.00,41.60,9780130496584,onsale
9395,Beginning R,3,本,90.00,58.50,9781118264126,onsale
9396,Core Java,6,本,90.00,58.50,9780135166307,onsale
9397,MySQL and mSQL,5,本,112.00,72.80,9781565924345,onsale
9398,Creative activities for young children,17,本,64.00,41.60,9780827305717,onsale
9399,Learn Html5 and JavaScript for IOS,6,本,92.00,59.80,9781430240389,discontinued
9400,Golden girls forever,3,本,86.00,55.90,9780062422903,onsale
9401,Explorations in computing,3,本,94.00,61.10,9780429101649,onsale
9402,A Practical Guide to Affiliate Marketing,13,本,89.00,57.85,9780979192708,onsale
9403,"Selenium WebDriver 3 Practical Guide: End-to-end automation testing for web and mobile browsers with Selenium WebDriver, 2nd Edition",3,本,79.00,51.35,9781788999762,onsale
9404,Literacy in Grades 4-8,3,本,104.00,67.60,9780415792387,onsale
9405,OpenGL superbible,3,本,92.00,59.80,9780133365085,discontinued
9406,Computer Architecture,10,本,93.00,60.45,9780131626034,onsale
9407,The hour that changes the world,3,本,90.00,58.50,9780801033377,onsale
9408,Today's gourmet,3,本,110.00,71.50,9780563369479,onsale
9409,The Computational Beauty of Nature,3,本,84.00,54.60,9780262062008,onsale
9410,Programming Language Design Concepts,6,本,88.00,57.20,9780470341803,onsale
9411,The Young Indiana Jones chronicles,3,本,92.00,59.80,9780553370065,discontinued
9412,South Park,3,本,94.00,61.10,9780752213385,onsale
9413,Marketing Research,13,本,73.00,47.45,9788131723173,onsale
9414,Physics,12,本,80.00,52.00,9780719543364,offsale
9415,FORTRAN IV,6,本,96.00,62.40,9780256015829,onsale
9416,A Third Testament,3,本,94.00,61.10,9780345305169,onsale
9417,PHP,6,本,98.00,63.70,9780761530558,onsale
9418,The Star Trek Encyclopedia,3,本,110.00,71.50,9780671886844,onsale
9419,Quick arithmetic,3,本,84.00,54.60,9780471151340,onsale
9420,The best of Steptoe and son,3,本,102.00,66.30,9780860518853,onsale
9421,"The Object of Java, BlueJ Edition",6,本,90.00,58.50,9780321168542,onsale
9422,Electrocardiography,3,本,98.00,63.70,9780340167847,onsale
9423,The simplex method of linear programming,6,本,118.00,76.70,9780486796857,onsale
9424,Game Programming Gems 7 (Game Programming Gems Series),6,本,98.00,63.70,9781584505273,onsale
9425,C for engineers and scientists,3,本,90.00,58.50,9780314008169,onsale
9426,Computer Coding for Kids,6,本,98.00,63.70,9785430064495,onsale
9427,PHP,6,本,112.00,72.80,9788575226919,onsale
9428,Pascal,6,本,100.00,65.00,9780136528845,offsale
9429,SQL,5,本,108.00,70.20,9780471545446,onsale
9430,Practical SQL,5,本,100.00,65.00,9780201616385,onsale
9431,Learning to use microcomputer applications,17,本,74.00,48.10,9780877092926,onsale
9432,Saturday night,3,本,102.00,66.30,9780394750538,onsale
9433,SAP SCM,3,本,92.00,59.80,9781465280251,discontinued
9434,Head First C♯,3,本,102.00,66.30,9788184044195,onsale
9435,Ultimate game design,3,本,98.00,63.70,9780072228991,onsale
9436,Programación orientada a objetos C++ y Java,6,本,104.00,67.60,9786074389333,onsale
9437,Very Courageous Decision,3,本,106.00,68.90,9781781315859,onsale
9438,Understanding the constitution,3,本,88.00,57.20,9780030841293,onsale
9439,Erlang and OTP in Action,3,本,122.00,79.30,9781933988788,offsale
9440,Learn You Some Erlang For Great Good!,3,本,98.00,63.70,9781593274351,onsale
9441,The Sopranos on the Couch,3,本,94.00,61.10,9780826415424,onsale
9442,The ultimate guide to video game writing and design,3,本,98.00,63.70,9781580650663,onsale
9443,Apache Cookbook,3,本,110.00,71.50,9781491918388,onsale
9444,The Merchant of Venice,2,本,72.00,46.80,9788121908979,onsale
9445,Lazarus Handbook,3,本,114.00,74.10,9789490968137,onsale
9446,SAP transaction codes,3,本,98.00,63.70,9781493213665,onsale
9447,Beginning Programming with C for Dummies,6,本,90.00,58.50,9781306451246,onsale
9448,Win32 Perl Programming,6,本,104.00,67.60,9781578702169,onsale
9449,Object-oriented programming with C++,6,本,88.00,57.20,9780122329326,onsale
9450,A retargetable C compiler,7,本,95.00,61.75,9780805316704,discontinued
9451,Microsoft Excel 2013,17,本,64.00,41.60,9781285093390,onsale
9452,New Perspectives Microsoft Office 365 & Excel 2016,17,本,58.00,37.70,9781305880405,discontinued
9453,Excel,3,本,98.00,63.70,9780596551711,onsale
9454,Spring Boot in Action,3,本,104.00,67.60,9781638353584,onsale
9455,Learn Python in 7 Days: Begin your journey with Python,6,本,116.00,75.40,9781787288386,onsale
9456,Peter Norton's guide to Visual Basic 6,3,本,92.00,59.80,9780672310546,discontinued
9457,Avatar,3,本,98.00,63.70,9780606398053,onsale
9458,"Robotics, Vision and Control",3,本,90.00,58.50,9783319544120,onsale
9459,"Programming in Visual Basic, version 6.0",6,本,88.00,57.20,9780072311907,onsale
9460,Computers and information processing,3,本,123.00,79.95,9780314321510,offsale
9461,Game Programming In C++,6,本,90.00,58.50,9781584504320,onsale
9462,Beginner's guide to embedded C programming,6,本,98.00,63.70,9781438231594,onsale
9463,COBOL for the 21st century,3,本,88.00,57.20,9780471073215,onsale
9464,The Mathematica programmer II,3,本,102.00,66.30,9780124649927,onsale
9465,Microsoft Office 2013,17,本,58.00,37.70,9781285166032,discontinued
9466,Introduction to SPSS in psychology,16,本,62.00,40.30,9781292000695,discontinued
9467,"Write, Edit, and Print",3,本,98.00,63.70,9780932538604,onsale
9468,Programming with higher-order logic,6,本,96.00,62.40,9781139516570,onsale
9469,An introduction to programed instruction,3,本,106.00,68.90,9781258429935,onsale
9470,South Park : a stickyforms adventure!,3,本,98.00,63.70,9780671025991,onsale
9471,SQL,5,本,106.00,68.90,9780072228854,onsale
9472,A guide to SQL,5,本,116.00,75.40,9780357361689,onsale
9473,Fundamentals of programming,6,本,96.00,62.40,9780697251107,onsale
9474,Tcl/Tk,3,本,102.00,66.30,9780596529062,onsale
9475,Doctor Who,3,本,108.00,70.20,9780863698613,onsale
9476,Microsoft® Office 365 and Access 2016 - Intermediate,12,本,90.00,58.50,9781305877993,onsale
9477,Advanced programming in Clipper with C,6,本,86.00,55.90,9780201517354,onsale
9478,Beginning Game Programming,6,本,100.00,65.00,9780672326592,offsale
9479,Practical Java,6,本,84.00,54.60,9780201616460,onsale
9480,Understanding programming languages,6,本,110.00,71.50,9780471958468,onsale
9481,Introduction to functional programming,6,本,102.00,66.30,9780134841977,onsale
9482,Effective Modern C++: 42 Specific Ways to Improve Your Use of C++11 and C++14,6,本,108.00,70.20,9781491903995,onsale
9483,Essential SQLAlchemy,3,本,108.00,70.20,9781491916568,onsale
9484,La biblia de shaders en Unity,3,本,108.00,70.20,9798818401829,onsale
9485,Object-oriented software construction,7,本,91.00,59.15,9780136290315,onsale
9486,Data structures using C++,9,本,102.00,66.30,9788131518236,onsale
9487,Complete Basic Programming,6,本,92.00,59.80,9780314321695,discontinued
9488,Photoshop 4 WOW! book,3,本,98.00,63.70,9780201688573,onsale
9489,Data structures and algorithms in C++,9,本,94.00,61.10,9780470132067,onsale
9490,The Inbetweeners yearbook,3,本,108.00,70.20,9781846059278,onsale
9491,SQL Fundamentals,5,本,110.00,71.50,9780130669476,offsale
9492,Javascript and jQuery,6,本,102.00,66.30,9781491948620,onsale
9493,Computer programming in the BASIC language,6,本,90.00,58.50,9780153590900,onsale
9494,Computer programming handbook,6,本,94.00,61.10,9780830647521,onsale
9495,Downton Abbey,3,本,106.00,68.90,9781472229687,onsale
9496,Sams teach yourself game programming in 24 hours,6,本,90.00,58.50,9780672324611,onsale
9497,Behind The Scenes At Downton Abbey,3,本,92.00,59.80,9780007523665,discontinued
9498,Family guy and philosophy,16,本,58.00,37.70,9781405163163,onsale
9499,Beginning NetBeans IDE,3,本,98.00,63.70,9781484212585,onsale
9500,The LaTex graphics companion,3,本,98.00,63.70,9780201854695,onsale
9501,Software Testing,14,本,69.00,44.85,9781780170923,onsale
9502,Data science from scratch,3,本,96.00,62.40,9781491901427,onsale
9503,Free-Format RPG IV,3,本,104.00,67.60,9781583474167,onsale
9504,Doctor Who: A History Of The Universe In 100 Objects,14,本,75.00,48.75,9781849904810,onsale
9505,Pocketful of Pinecones: Nature Study With the Gentle Art of Learning,17,本,70.00,45.50,9781889209036,onsale
9506,Beverly Hills 90210,3,本,84.00,54.60,9780061061363,onsale
9507,Horrorshows,3,本,80.00,52.00,9780816010141,onsale
9508,Python and Tkinter Programming,6,本,112.00,72.80,9781884777813,onsale
9509,C++ Programming: From Problem Analysis to Program Design,6,本,104.00,67.60,9781285852744,onsale
9510,Programming With Ansi C,6,本,104.00,67.60,9780198083962,onsale
9511,QuickBASIC programming for scientists and engineers,6,本,100.00,65.00,9780849344343,offsale
9512,The Twin Dilemma,3,本,90.00,58.50,9780426201557,onsale
9513,Linear and integer programming,6,本,104.00,67.60,9780824706739,onsale
9514,MFC Programming in C++ With the Standard Template Libraries,6,本,123.00,79.95,9780130161116,offsale
9515,"Agile Principles, Patterns, and Practices in C#",7,本,101.00,65.65,9780132797146,onsale
9516,Raspberry Pi Cookbook for Python Programmers,6,本,110.00,71.50,9781849696630,onsale
9517,World of Warcraft programming,6,本,90.00,58.50,9780470874011,onsale
9518,Challenges for game designers,12,本,82.00,53.30,9781584505808,onsale
9519,Sherlock,3,本,94.00,61.10,9780062434449,onsale
9520,Danny Goodman's Applescript Handbook,3,本,104.00,67.60,9780679763116,onsale
9521,Intermediate C Programming,6,本,98.00,63.70,9781498711630,onsale
9522,One Life to Live,3,本,118.00,76.70,9780786863679,onsale
9523,The complete Cook's Country TV show cookbook,3,本,96.00,62.40,9781940352176,onsale
9524,Learn to program with Minecraft,3,本,104.00,67.60,9781593276706,onsale
9525,Handbook of algorithms and data structures,9,本,92.00,59.80,9780201416077,onsale
9526,The Art of Ekg Interpretation,3,本,96.00,62.40,9781465275431,onsale
9527,Star Trek - Logs Five and Six,3,本,94.00,61.10,9780345409416,onsale
9528,C++ algorithms for digital signal processing,9,本,88.00,57.20,9780132441513,onsale
9529,Concurrent programming,6,本,96.00,62.40,9780521339933,onsale
9530,Computer programming methodology,6,本,96.00,62.40,9780471260684,onsale
9531,Beginning Lua programming,6,本,96.00,62.40,9781118079119,onsale
9532,Midsomer Murders,3,本,110.00,71.50,9780713487688,onsale
9533,Roswell Pop Quiz,3,本,96.00,62.40,9780613741736,onsale
9534,Head First Java Script Programming,6,本,88.00,57.20,9781449340131,onsale
9535,Head First Html And Css,3,本,98.00,63.70,9781449324490,onsale
9536,Learning C# Programming with Unity 3D Second Edition,6,本,90.00,58.50,9780429810251,onsale
9537,Mastering Unreal technology,12,本,88.00,57.20,9780768689006,onsale
9538,Star Trek The Next Generation - The Dominion War - Behind Enemy Lines,3,本,100.00,65.00,9780671024994,offsale
9539,Tools for structured and object-oriented design,7,本,87.00,56.55,9780138129101,onsale
9540,Introduction to Programming Languages,6,本,104.00,67.60,9780757529740,onsale
9541,Information Technology Project Management,12,本,68.00,44.20,9781337101356,onsale
9542,Creative Activities And Curriculum For Young Children,17,本,70.00,45.50,9781285428178,onsale
9543,The Simpsons and philosophy,16,本,64.00,41.60,9781459601154,onsale
9544,Oracle PL/SQL by example,5,本,100.00,65.00,9780137144228,onsale
9545,Gêneros e formatos na televisão brasileira,3,本,108.00,70.20,9788532308597,onsale
9546,"The ""Simpsons"" Forever",3,本,92.00,59.80,9780006531685,discontinued
9547,Transformers Prime,3,本,94.00,61.10,9780857511126,onsale
9548,Mindstorms,16,本,74.00,48.10,9781634705875,onsale
9549,Tierra,3,本,114.00,74.10,9788466664745,onsale
9550,Buffy the Vampire Slayer,3,本,96.00,62.40,9780743419352,onsale
9551,Life Coaching,3,本,98.00,63.70,9781135480981,onsale
9552,Violent Python A Cookbook For Hackers Forensic Analysts Penetration Testers And Security Engineers,6,本,120.00,78.00,9781597499576,onsale
9553,Teach Y ourself Java,6,本,100.00,65.00,9780078825705,offsale
9554,C primer plus,3,本,98.00,63.70,9780672225826,onsale
9555,TV towns,3,本,88.00,57.20,9781575001272,onsale
9556,Larry Page and Sergey Brin,3,本,108.00,70.20,9780737738636,onsale
9557,Dive into Python 3,6,本,98.00,63.70,9781477493014,onsale
9558,Storytelling with Data,3,本,110.00,71.50,9781978614277,onsale
9559,Programming in ANSI C,6,本,104.00,67.60,9780672484087,onsale
9560,Reading comprehension,3,本,102.00,66.30,9780887246081,onsale
9561,Programming C# 3.0,6,本,86.00,55.90,9781306815130,onsale
9562,Programming in Ada 95,6,本,90.00,58.50,9780201877007,onsale
9563,All I Really Need to Know I Learned from Watching Star Trek,3,本,118.00,76.70,9780517597989,onsale
9564,100 Ways to Motivate Yourself,3,本,104.00,67.60,9789928422712,onsale
9565,Building financial models with Microsoft Excel,3,本,98.00,63.70,9780470481745,onsale
9566,Coding projects in scratch,6,本,106.00,68.90,9781465477347,onsale
9567,Stop stealing sheep & find out how type works,17,本,87.00,56.55,9780131002722,onsale
9568,Learning to use Windows applications,10,本,107.00,69.55,9780877094104,onsale
9569,Basics Of The Us Health Care System,15,本,80.00,52.00,9781284043761,onsale
9570,Professional JavaScript for Web Developers,6,本,104.00,67.60,9781119366577,onsale
9571,Murach's SQL for SQL server,5,本,116.00,75.40,9781890774165,onsale
9572,Neptune Noir,3,本,94.00,61.10,9781935251163,onsale
9573,SEO,3,本,84.00,54.60,9781281222305,onsale
9574,Infants Toddlers and Caregivers,17,本,66.00,42.90,9781260297591,offsale
9575,The Design and Analysis of Computer Algorithms,9,本,123.00,79.95,9780201000290,onsale
9576,Learning the vi and Vim Editors,17,本,70.00,45.50,9780596154646,onsale
9577,"Dependency Injection Principles, Practices, and Patterns",3,本,92.00,59.80,9781638357100,discontinued
9578,Forgotten algebra,11,本,84.00,54.60,9780812024388,onsale
9579,Hardy boys,17,本,64.00,41.60,9780871917034,onsale
9580,SCADA,14,本,71.00,46.15,9781556172526,onsale
9581,How to prove it,3,本,96.00,62.40,9781108424189,onsale
9582,Oracle PL/SQL for dummies,5,本,104.00,67.60,9781280652066,onsale
9583,A guide to SQL,5,本,104.00,67.60,9780619216740,onsale
9584,C# for web programming,6,本,86.00,55.90,9780130661173,onsale
9585,Applied statistics and the SAS programming language,6,本,86.00,55.90,9780135005545,onsale
9586,Beginning Perl,6,本,96.00,62.40,9781118235638,onsale
9587,Black Mirror and Philosophy,16,本,72.00,46.80,9781119578291,onsale
9588,Teach Your Kids to Code,3,本,96.00,62.40,9781593276140,onsale
9589,Advanced C programming for displays,6,本,123.00,79.95,9780130102409,offsale
9590,3D Game Programming for Kids,6,本,110.00,71.50,9781937785444,onsale
9591,Introduction to Modeling and Simulation with MATLAB® and Python,6,本,110.00,71.50,9781498773904,onsale
9592,Electric Circuits,3,本,86.00,55.90,9780131277601,onsale
9593,The Archers,3,本,79.00,51.35,9781854796899,onsale
9594,Programming with MicroPython: Embedded Programming with Microcontrollers and Python,6,本,102.00,66.30,9781491972731,onsale
9595,Illustrated Microsoft Office 365 and Word 2019 Comprehensive,12,本,76.00,49.40,9780357025727,onsale
9596,Small Engine Repair for Dummies,3,本,96.00,62.40,9781118089163,onsale
9597,Hackers and Painters,3,本,100.00,65.00,9780596550660,offsale
9598,The Big bang theory and philosophy,16,本,68.00,44.20,9781118074558,onsale
9599,Friends,3,本,86.00,55.90,9782277250210,onsale
9600,Programming logic and design,6,本,88.00,57.20,9781111823931,onsale
9601,LISP,3,本,94.00,61.10,9780060466572,onsale
9602,Learning and programmed instruction,17,本,48.00,31.20,9780201074307,onsale
9603,New Approach to Ear Training,3,本,100.00,65.00,9780393102789,offsale
9604,R in a nutshell,3,本,94.00,61.10,9781449312084,onsale
9605,Jacques Pépin's kitchen,3,本,102.00,66.30,9780912333878,onsale
9606,Birth,3,本,96.00,62.40,9780690015287,onsale
9607,Getting started with p5.js,3,本,110.00,71.50,9781457186776,onsale
9608,The passionate programmer,3,本,96.00,62.40,9781934356340,onsale
9609,Medical terminology,15,本,84.00,54.60,9780721629391,onsale
9610,Foundational Java,6,本,84.00,54.60,9781447161011,onsale
9611,"Python Programming for Raspberry Pi, Sams Teach Yourself in 24 Hours",6,本,98.00,63.70,9780672337642,onsale
9612,Gaming the System,3,本,92.00,59.80,9780262027816,discontinued
9613,Sams Teach Yourself Java 2 in 24 Hours,6,本,102.00,66.30,9780768660227,onsale
9614,Swing,3,本,88.00,57.20,9780072263145,onsale
9615,PHP Web Services: APIs for the Modern Web,6,本,110.00,71.50,9781449356569,onsale
9616,Understanding object-oriented programming with Java,6,本,82.00,53.30,9780321211743,onsale
9617,Monster Book,3,本,86.00,55.90,9780613633222,onsale
9618,Programmer's Guide to Foxpro 2.6,3,本,92.00,59.80,9780782116090,discontinued
9619,12lead Ecg The Art Of Interpretation,3,本,106.00,68.90,9780763773519,onsale
9620,Mastering JavaScript,6,本,84.00,54.60,9780782120141,onsale
9621,Linear programming and network flows,10,本,119.00,77.35,9780471485995,onsale
9622,The Berenstain Bears' big book of science and nature,3,本,114.00,74.10,9780679886525,onsale
9623,Concurrency,3,本,98.00,63.70,9781118357149,onsale
9624,Data structures,9,本,112.00,72.80,9781118549766,onsale
9625,Software testing,3,本,92.00,59.80,9780470146354,discontinued
9626,High Performance Spark: Best Practices for Scaling and Optimizing Apache Spark,3,本,96.00,62.40,9781491943205,onsale
9627,Functional Reactive Programming,6,本,84.00,54.60,9781633430105,onsale
9628,Assembly Lines,3,本,122.00,79.30,9780927796996,offsale
9629,Public policy,3,本,96.00,62.40,9781568029412,onsale
9630,Hands-On Image Processing with Python,6,本,104.00,67.60,9781789341850,onsale
9631,Twisted Network Programming Essentials,10,本,99.00,64.35,9781449326111,onsale
9632,C++ plus data structures,9,本,116.00,75.40,9780763723699,onsale
9633,Hacking,3,本,98.00,63.70,9781601522689,onsale
9634,Pearson custom computer science,17,本,60.00,39.00,9781269065016,onsale
9635,How to be confident,3,本,98.00,63.70,9780273718093,onsale
9636,Cloud Native programming with Golang,6,本,114.00,74.10,9781787125988,onsale
9637,"Introduction to Java Programming and Data Structures, Comprehensive Version, Global Edition",9,本,106.00,68.90,9781292221878,offsale
9638,Michael Abrash's graphics programming black book,6,本,92.00,59.80,9781576101742,discontinued
9639,Problem solving and program design in C,3,本,88.00,57.20,9780201754902,onsale
9640,Impractical Python Projects: Playful Programming Activities to Make You Smarter,6,本,110.00,71.50,9781593278908,onsale
9641,C programming language,6,本,100.00,65.00,9780471825609,offsale
9642,Programming with C,6,本,108.00,70.20,9780071367998,onsale
9643,PHP & MySQL for dummies,5,本,94.00,61.10,9780470096000,onsale
9644,LabVIEW advanced programming techniques,6,本,100.00,65.00,9780849333255,offsale
9645,Mastering Windows 3.11,10,本,125.00,81.25,9780895888426,onsale
9646,Applications programming in ANSI C,6,本,80.00,52.00,9780023611414,onsale
9647,Ruby Pocket Reference,6,本,98.00,63.70,9781491926017,onsale
9648,Elements of programming interviews in Python,6,本,104.00,67.60,9781537713946,onsale
9649,Excel,3,本,102.00,66.30,9780596006648,onsale
9650,Forensic Science of CSI,3,本,98.00,63.70,9781440673078,onsale
9651,Visual Basic 6 secrets,3,本,98.00,63.70,9780764532238,onsale
9652,Operating system concepts with Java,10,本,115.00,74.75,9780470398791,onsale
9653,Python Machine Learning Cookbook,8,本,127.00,82.55,9781786467683,onsale
9654,Brilliant NLP,3,本,98.00,63.70,9780273714934,onsale
9655,Pro ASP.NET Core Identity,3,本,108.00,70.20,9781484268575,onsale
9656,Breaking Bad,3,本,102.00,66.30,9781454916734,onsale
9657,Get the results you want,3,本,88.00,57.20,9781555520151,onsale
9658,The complete guide to understanding and using NLP,3,本,92.00,59.80,9781601383822,discontinued
9659,NLP,3,本,112.00,72.80,9780688126698,onsale
9660,Time line therapy and the basis of personality,3,本,98.00,63.70,9780916990213,onsale
9661,A review of biostatistics,11,本,88.00,57.20,9780316518529,onsale
9662,The big bang theory,3,本,90.00,58.50,9781501127168,onsale
9663,Java threads,6,本,106.00,68.90,9780596150679,onsale
9664,Cracking the AP biology exam,12,本,80.00,52.00,9780375766404,offsale
9665,Game feel,3,本,98.00,63.70,9781482267334,onsale
9666,Kean,3,本,96.00,62.40,9780343156565,onsale
9667,Key Java,6,本,100.00,65.00,9783540762591,offsale
9668,Dallas,3,本,94.00,61.10,9780385230582,onsale
9669,Algebra programmed,11,本,76.00,49.40,9780130219084,onsale
9670,Mastering Laravel,3,本,104.00,67.60,9781785285028,onsale
9671,Learn C++ for Game Development,3,本,96.00,62.40,9781430264576,onsale
9672,Learn to Program,3,本,102.00,66.30,9781934356364,onsale
9673,MATLAB Kompakt,3,本,94.00,61.10,9783110465853,onsale
9674,Computer programming in BASIC,6,本,98.00,63.70,9780395524336,onsale
9675,Multithreaded programming with Java technology,6,本,123.00,79.95,9780130170071,offsale
9676,Computer programming made simple,6,本,104.00,67.60,9780434984824,onsale
9677,Stranger Things : Worlds Turned Upside Down,3,本,108.00,70.20,9781984819307,onsale
9678,The Scientific Secrets of Doctor Who,3,本,100.00,65.00,9781448142972,offsale
9679,Experimentation in software engineering,7,本,107.00,69.55,9783662693056,onsale
9680,Time for a change,3,本,104.00,67.60,9780916990282,onsale
9681,The World of Ice & Fire,3,本,116.00,75.40,9788371779268,onsale
9682,Microsoft Visual C++,3,本,94.00,61.10,9781556158032,onsale
9683,Dynamic Programming,6,本,86.00,55.90,9781306325530,onsale
9684,The Essential Supernatural,3,本,98.00,63.70,9781608875023,onsale
9685,Computing with mini computers,3,本,90.00,58.50,9780471330059,onsale
9686,Romeo y Julieta (adaptation),2,本,56.00,36.40,9788491055303,onsale
9687,Frak You!,3,本,92.00,59.80,9781554903016,discontinued
9688,Computer Programming for Beginners,6,本,98.00,63.70,9780429842146,onsale
9689,Linear Programming Computation,6,本,102.00,66.30,9789811901492,onsale
9690,Beginning Python,6,本,90.00,58.50,9780471760313,onsale
9691,Visual Basic 2012 How to Program,17,本,70.00,45.50,9780273793564,onsale
9692,Get the Life You Want,15,本,78.00,50.70,9780757314520,discontinued
9693,Programming Python,6,本,92.00,59.80,9780596000851,discontinued
9694,Inside the TARDIS,3,本,96.00,62.40,9781780761404,onsale
9695,How to program your Commodore 64,3,本,100.00,65.00,9780895863102,offsale
9696,Java network programming,10,本,125.00,81.25,9781884777493,onsale
9697,Learning the Korn Shell,17,本,52.00,33.80,9781306810081,onsale
9698,Working with DOS,3,本,100.00,65.00,9780139638282,offsale
9699,MATLAB,3,本,94.00,61.10,9781118506554,onsale
9700,Introduction to C++ for Financial Engineers,3,本,90.00,58.50,9780470015384,onsale
9701,Introduction to Game-Guru,3,本,108.00,70.20,9780429464966,onsale
9702,Business Analytics,13,本,83.00,53.95,9781119329596,onsale
9703,AI for Game Developers,8,本,115.00,74.75,9780596005559,onsale
9704,Macintosh revealed,3,本,98.00,63.70,9780672484018,onsale
9705,Lazy functional languages,3,本,86.00,55.90,9780262521604,onsale
9706,"Six Blind Elephants: Understanding Ourselves and Each Other, Vol. 1",3,本,90.00,58.50,9780911226416,onsale
9707,Kalman filter for beginners with MATLAB examples,3,本,98.00,63.70,9781463648350,onsale
9708,Advanced engineering mathematics,11,本,86.00,55.90,9780831134495,onsale
9709,The giant encyclopedia of preschool activities for four-year-olds,3,本,106.00,68.90,9780876592380,onsale
9710,C++ Crash Course,3,本,114.00,74.10,9781593278885,onsale
9711,"Craft GraphQL APIs in Elixir with Absinthe: Flexible, Robust Services for Queries, Mutations, and Subscriptions",3,本,98.00,63.70,9781680502558,onsale
9712,Employee assistance programs,3,本,112.00,72.80,9780398073978,onsale
9713,Bewitched forever,3,本,98.00,63.70,9781930819405,onsale
9714,Algorithmic Trading,9,本,102.00,66.30,9780578715230,onsale
9715,An Introduction To Statistical Learning With Applications In R,17,本,58.00,37.70,9781461471370,discontinued
9716,Programming the World Wide Web,6,本,96.00,62.40,9780321149459,onsale
9717,Programming in Haskell,6,本,94.00,61.10,9780511292187,onsale
9718,AutoLISP programming,6,本,106.00,68.90,9781566371964,onsale
9719,Computer graphics through openGL,3,本,80.00,52.00,9781032241630,onsale
9720,Ada,3,本,84.00,54.60,9782212084214,onsale
9721,"Evaluation theory, models, and applications",3,本,88.00,57.20,9781118396100,onsale
9722,The D programming language,6,本,92.00,59.80,9780321635365,discontinued
9723,How to program your Commodore 64,3,本,98.00,63.70,9780345316639,onsale
9724,A Smarter Way to Learn JavaScript. The new tech-assisted approach that requires half the effort,6,本,100.00,65.00,9781497408180,offsale
9725,Schaum's outline of theory and problems of programming with Fortran,6,本,104.00,67.60,9780070379848,onsale
9726,Modern C++ Design,3,本,121.00,78.65,9780201704310,onsale
9727,Analyzing Baseball Data With R,3,本,102.00,66.30,9781138464575,onsale
9728,Introduction to linear and nonlinear programming,6,本,80.00,52.00,9780201043471,onsale
9729,Will you be my Valentine?,3,本,94.00,61.10,9780671040864,onsale
9730,CNC Handbook,17,本,74.00,48.10,9780071799485,onsale
9731,Outlook 2013 For Dummies,3,本,96.00,62.40,9781118490464,onsale
9732,Boarding the Enterprise,3,本,106.00,68.90,9781942952169,onsale
9733,Visual Basic 6 from the ground up,3,本,104.00,67.60,9780078825088,onsale
9734,C# in a nutshell,3,本,88.00,57.20,9780596001810,onsale
9735,Unity 3D game development by example,3,本,110.00,71.50,9781849690546,onsale
9736,Pro Python,6,本,92.00,59.80,9781484203354,discontinued
9737,Pascal,6,本,110.00,71.50,9780881751796,onsale
9738,Getting Started with Raspberry Pi,3,本,94.00,61.10,9781449344214,onsale
9739,Hands-On Software Architecture with Golang,3,本,100.00,65.00,9781788625104,offsale
9740,Fundamentals of computer algorithms,9,本,90.00,58.50,9783540120353,onsale
9741,Beginning C# game programming,6,本,96.00,62.40,9781592005178,onsale
9742,Pawnee,3,本,84.00,54.60,9781401310646,onsale
9743,Automated Reasoning,3,本,90.00,58.50,9780130545527,onsale
9744,The Unfair Advantage,3,本,106.00,68.90,9780967916217,onsale
9745,Approximate dynamic programming,6,本,98.00,63.70,9780470182963,onsale
9746,Scratch 14,3,本,112.00,72.80,9781847196774,onsale
9747,Basis Administration for SAP (SAP R/3),3,本,108.00,70.20,9780761518877,onsale
9748,Java Language Reference,6,本,100.00,65.00,9781565923263,offsale
9749,Languages and machines,3,本,82.00,53.30,9780321315342,onsale
9750,Parallel programming,6,本,100.00,65.00,9780131918658,offsale
9751,Two for the seesaw,3,本,98.00,63.70,9782869430440,onsale
9752,The Sopranos and Philosophy,16,本,80.00,52.00,9780812695588,onsale
9753,Pro Git,3,本,86.00,55.90,9781430218333,onsale
9754,Optimizing Java: Practical Techniques for Improving JVM Application Performance,6,本,102.00,66.30,9781492025795,onsale
9755,Programming in Scala,6,本,104.00,67.60,9780981531649,onsale
9756,Coding Basics,6,本,94.00,61.10,9781641855006,onsale
9757,Programming with Python,6,本,100.00,65.00,9789811032783,offsale
9758,Metamodeling for method engineering,12,本,82.00,53.30,9780262259774,onsale
9759,"Brady, Brady, Brady",3,本,98.00,63.70,9780762439621,onsale
9760,Game Design Workshop,3,本,100.00,65.00,9780240809748,offsale
9761,Introduction to programming in Python,6,本,86.00,55.90,9780134076430,onsale
9762,Object-oriented analysis,7,本,85.00,55.25,9780136300137,onsale
9763,Proving Ground,3,本,106.00,68.90,9781538718285,onsale
9764,Teach yourself Internet game programming with Java in 21 days,6,本,92.00,59.80,9781575211480,discontinued
9765,"Like mother, like daughter",3,本,82.00,53.30,9780060510237,onsale
9766,Como Gustéis,2,本,62.00,40.30,9786053607854,onsale
9767,A Small C compiler,7,本,115.00,74.75,9780934375887,onsale
9768,Writing compilers and interpreters,7,本,105.00,68.25,9781118079737,onsale
9769,Swift in Depth,6,本,106.00,68.90,9781617295188,onsale
9770,Calculus with analytic geometry,11,本,96.00,62.40,9780669353358,onsale
9771,Mathematical Modelling with Case Studies,3,本,104.00,67.60,9781482247756,onsale
9772,ActionScript 3.0 bible,3,本,84.00,54.60,9780470135600,onsale
9773,C# how to program,3,本,121.00,78.65,9780130622211,onsale
9774,The Star trek concordance,3,本,88.00,57.20,9780806516103,onsale
9775,The elements of programming style,6,本,82.00,53.30,9780070342071,onsale
9776,MSX made simple,12,本,76.00,49.40,9780434984060,onsale
9777,Managing a programming project,6,本,92.00,59.80,9780135542392,discontinued
9778,Refactoring,17,本,56.00,36.40,9780321604187,onsale
9779,HTML5 cookbook,3,本,96.00,62.40,9781449322076,onsale
9780,Android application development all-in-one for dummies,3,本,104.00,67.60,9781118973844,onsale
9781,Object oriented systems development,7,本,97.00,63.05,9780256253481,onsale
9782,10 PRINT CHR$(205.5+RND(1));:GOTO 10,3,本,82.00,53.30,9780262305501,onsale
9783,Programming.Java,6,本,88.00,57.20,9780534731106,onsale
9784,Financial analysis,3,本,110.00,71.50,9780879092863,onsale
9785,"Study guide and solutions manual, Genetics by Peter J. Russell",3,本,84.00,54.60,9780321004529,onsale
9786,Lärobok i ALGOL,3,本,96.00,62.40,9780196474250,onsale
9787,Excel for Windows 95 bible,10,本,115.00,74.75,9789665060376,onsale
9788,Statistical Analysis with Excel For Dummies,3,本,98.00,63.70,9781282122697,onsale
9789,ABAP to the Future,3,本,100.00,65.00,9781493217618,offsale
9790,Programming Ruby,6,本,98.00,63.70,9780974514055,onsale
9791,Numerical mathematics and computing,11,本,74.00,48.10,9780534201128,onsale
9792,MySQL,5,本,106.00,68.90,9781306817363,onsale
9793,Advanced Game Narrative Toolbox,3,本,110.00,71.50,9781138499638,onsale
9794,Python for Scientists,6,本,102.00,66.30,9781107447875,onsale
9795,Data visualization with Python and JavaScript,6,本,90.00,58.50,9781491920510,onsale
9796,An introduction to linear programming and game theory,6,本,96.00,62.40,9780470232866,onsale
9797,Modern Python Cookbook,6,本,90.00,58.50,9781800207455,onsale
9798,Further engineering mathematics,11,本,92.00,59.80,9780387912806,onsale
9799,Improve your reading ability,3,本,106.00,68.90,9780675085953,onsale
9800,Flamingo Revenge,3,本,94.00,61.10,9780671008284,onsale
9801,Program design with pseudocode,3,本,102.00,66.30,9780534099725,onsale
9802,Windows Batch File Programming,10,本,107.00,69.55,9780079120489,onsale
9803,Teen TV,3,本,110.00,71.50,9780851709994,onsale
9804,Clipper 5.2 power tools,3,本,84.00,54.60,9780553354010,onsale
9805,Avatar - The Last Airbender - Art,3,本,106.00,68.90,9781595825049,onsale
9806,C Primer Plus (6th Edition) (Developer's Library),3,本,98.00,63.70,9780321928429,onsale
9807,Game coding complete,6,本,102.00,66.30,9781133776574,onsale
9808,Javascript The Complete Reference,6,本,80.00,52.00,9780071741200,onsale
9809,Core Java 2.,6,本,102.00,66.30,9788129709332,onsale
9810,Desperate housewives,3,本,84.00,54.60,9781401308261,onsale
9811,Structured programming,6,本,121.00,78.65,9780122005503,onsale
9812,How to meet a superstar,3,本,94.00,61.10,9780671041953,onsale
9813,Hackers & painters,3,本,106.00,68.90,9781449389550,onsale
9814,Danny Goodman's HyperCard developer's guide,3,本,102.00,66.30,9780553345766,onsale
9815,Flowcharting,3,本,92.00,59.80,9780471823315,discontinued
9816,Mission Python: Code a Space Adventure Game!,6,本,106.00,68.90,9781593278571,onsale
9817,The Partridge family album,3,本,90.00,58.50,9780060950750,onsale
9818,Prisoner of Trebekistan,3,本,94.00,61.10,9780307339560,onsale
9819,Spring Microservices,3,本,116.00,75.40,9781786466686,onsale
9820,Engineering a compiler,7,本,85.00,55.25,9780128154120,onsale
9821,Software design,7,本,99.00,64.35,9780471204596,onsale
9822,Management information systems,13,本,63.00,40.95,9780130619600,onsale
9823,Floating-point computation,3,本,92.00,59.80,9780133224955,discontinued
9824,Reining in (Pine Hollow #3),3,本,100.00,65.00,9780553492446,offsale
9825,AI Game Programming Wisdom 4,8,本,109.00,70.85,9781584505235,onsale
9826,Rapid interpretation of EKG's,3,本,86.00,55.90,9780912912004,onsale
9827,Building RESTful Python Web Services,6,本,100.00,65.00,9781786462251,offsale
9828,Java Performance Companion,6,本,104.00,67.60,9780133796872,onsale
9829,Elementary Introduction to the Wolfram Language,3,本,96.00,62.40,9781944183080,onsale
9830,Object-oriented programming using C++,6,本,98.00,63.70,9781423902577,onsale
9831,Object-Oriented Software Engineering,7,本,87.00,56.55,9780073523330,onsale
9832,The Peter Norton Programmer's guide to the IBM PC,3,本,96.00,62.40,9780140871449,onsale
9833,Teach yourself C in 24 hours,3,本,94.00,61.10,9780672318603,onsale
9834,The black art of video game console design,17,本,60.00,39.00,9780672328206,onsale
9835,Absolute beginner's guide to C,3,本,90.00,58.50,9780672305108,onsale
9836,X Files #08 Voltage (X Files Middle Grade),3,本,92.00,59.80,9780064406437,discontinued
9837,Coding interview questions,6,本,98.00,63.70,9788192107516,onsale
9838,Component-based software engineering,7,本,91.00,59.15,9780201704853,onsale
9839,Programming languages,6,本,80.00,52.00,9780070053151,onsale
9840,Good habits for God's kids,3,本,100.00,65.00,9780784712238,offsale
9841,"Creating Games with Unreal Engine, Substance Painter, and Maya",3,本,94.00,61.10,9781000281798,onsale
9842,Starting out with C++,17,本,66.00,42.90,9780558590505,offsale
9843,Watching Dallas,3,本,100.00,65.00,9781138133877,offsale
9844,Essentials of programming languages,6,本,86.00,55.90,9780262304092,onsale
9845,The CIA as organized crime,3,本,92.00,59.80,9781538431504,discontinued
9846,Mastering Bitcoin: Unlocking Digital Cryptocurrencies,3,本,98.00,63.70,9781449374044,onsale
9847,5 Steps to a 5,17,本,70.00,45.50,9781260455779,onsale
9848,GASPING FOR AIRTIME,3,本,80.00,52.00,9781401300067,onsale
9849,Cucumber cookbook,3,本,96.00,62.40,9781785286001,onsale
9850,Go Web Programming,6,本,100.00,65.00,9781638353409,offsale
9851,Starting FORTH,3,本,86.00,55.90,9780317060515,onsale
9852,Literary Lost,3,本,94.00,61.10,9781441171368,onsale
9853,Real-Time Visual Effects for Game Programming,6,本,120.00,78.00,9789812874887,onsale
9854,The Making of Doctor Who,3,本,80.00,52.00,9780330232036,onsale
9855,Introduction to programming and computer science,6,本,110.00,71.50,9780882756196,onsale
9856,Learning Predictive Analytics with Python,6,本,114.00,74.10,9781783983278,onsale
9857,Program specialization,3,本,100.00,65.00,9781118576823,offsale
9858,Advanced logo,14,本,79.00,51.35,9781317766773,onsale
9859,Adventures in Raspberry Pi 2e - Foundation Edition,3,本,108.00,70.20,9781118997536,onsale
9860,The ultimate Rugrats fan book,3,本,98.00,63.70,9780590128384,onsale
9861,The Sopranos,3,本,82.00,53.30,9780451210524,onsale
9862,Visual Studio Code Distilled,3,本,104.00,67.60,9781484294833,onsale
9863,OpenGL,3,本,92.00,59.80,9780321398116,discontinued
9864,Aunt Marie's book of lore,3,本,102.00,66.30,9781783291175,onsale
9865,History of programming languages,6,本,88.00,57.20,9780127450407,onsale
9866,Z,3,本,104.00,67.60,9780471939733,onsale
9867,To Conquer the Throne,3,本,90.00,58.50,9780523424309,onsale
9868,Creative Thinking and Arts-Based Learning,17,本,46.00,29.90,9780134461120,onsale
9869,Hybrid metaheuristics,3,本,104.00,67.60,9783540884392,onsale
9870,Resolving Conflicts with Mathematica,12,本,84.00,54.60,9780080574967,onsale
9871,Csi-The Files,3,本,102.00,66.30,9780753508466,onsale
9872,The Zorro television companion,3,本,100.00,65.00,9780786420582,offsale
9873,I generi televisivi,3,本,108.00,70.20,9788843060849,onsale
9874,"Cartooning with ""The Simpsons""",3,本,104.00,67.60,9781852869502,onsale
9875,Advanced Assembler Language and MVS Interfaces,3,本,96.00,62.40,9780471361763,onsale
9876,Beginning Ethical Hacking with Python,6,本,88.00,57.20,9781484225400,onsale
9877,Dummies 101,3,本,106.00,68.90,9781568846262,onsale
9878,"The TV addict's nostalgia, trivia & quiz book",3,本,102.00,66.30,9780517448366,onsale
9879,The C+ + Programming Language,6,本,98.00,63.70,9780201889543,onsale
9880,Next.js Quick Start Guide: Server-side rendering done right,3,本,116.00,75.40,9781788993661,onsale
9881,Scala In Action,3,本,100.00,65.00,9781638352419,offsale
9882,"Collect, Combine, and Transform Data Using Power Query in Excel and Power BI",17,本,60.00,39.00,9781509308019,onsale
9883,Office 2007 for dummies,3,本,123.00,79.95,9781118044001,offsale
9884,Visual Basic 2005,17,本,56.00,36.40,9780131869004,onsale
9885,5 Steps to a 5,3,本,104.00,67.60,9781259588044,onsale
9886,Data Management,5,本,106.00,68.90,9780471791225,onsale
9887,Photoshop,3,本,88.00,57.20,9780321272256,onsale
9888,Software Quality Assurance,3,本,84.00,54.60,9780131435810,onsale
9889,Linear programming,6,本,98.00,63.70,9780070229686,onsale
9890,The Big Turkey Escape,3,本,108.00,70.20,9780671568368,onsale
9891,Beginning & Intermediate Algebra,11,本,74.00,48.10,9780130173416,onsale
9892,Computers and their applications to chemistry,12,本,78.00,50.70,9780849324208,onsale
9893,"Guide to HTML, JavaScript and PHP",6,本,110.00,71.50,9780857294494,onsale
9894,Java,6,本,104.00,67.60,9780538687072,onsale
9895,Essential Algorithms,9,本,110.00,71.50,9781119575962,onsale
9896,Forces Around Us (It's Science!),3,本,98.00,63.70,9781903597033,onsale
9897,Arduino,3,本,102.00,66.30,9781934356661,onsale
9898,What Are You Laughing At?,3,本,98.00,63.70,9781441162939,onsale
9899,"Computer programming, 1, 2, 3!",6,本,102.00,66.30,9780583306973,onsale
9900,"Python for Probability, Statistics, and Machine Learning",8,本,105.00,68.25,9783319307152,discontinued
9901,T-SQL Fundamentals,5,本,96.00,62.40,9781509302017,onsale
9902,Data structures using PASCAL,9,本,102.00,66.30,9780131966840,onsale
9903,The Star Trek Interview Book,3,本,102.00,66.30,9780671617943,onsale
9904,Practical NLP,3,本,94.00,61.10,9781444140828,onsale
9905,Neuro-linguistic programming,6,本,98.00,63.70,9781445248615,onsale
9906,SCTV,3,本,116.00,75.40,9780788199646,onsale
9907,AppleScript,3,本,96.00,62.40,9780596521622,onsale
9908,Doctor Who,3,本,86.00,55.90,9780312214852,onsale
9909,PHP & MySQL web development all-in-one desk reference for dummies,5,本,116.00,75.40,9780470167779,onsale
9910,Implementation patterns,3,本,84.00,54.60,9780321413093,onsale
9911,Programming in ILE RPG,6,本,110.00,71.50,9781583473795,onsale
9912,Data Science and Analytics with Python,6,本,100.00,65.00,9781351647717,offsale
9913,The Python workbook,6,本,98.00,63.70,9783319142395,onsale
9914,Learning C++,17,本,74.00,48.10,9780534389666,onsale
9915,3D game textures,3,本,104.00,67.60,9781351859752,onsale
9916,Pro PHP Security,6,本,104.00,67.60,9781590595084,onsale
9917,Statistics for Data Science,11,本,104.00,67.60,9781788290678,onsale
9918,SpongeBob's Christmas wish,3,本,104.00,67.60,9780439539715,onsale
9919,PHP & MySQL,5,本,114.00,74.10,9781449355555,onsale
9920,ARM Assembly Language Programming & Architecture,6,本,114.00,74.10,9780997925906,onsale
9921,Practical SQL: A Beginner's Guide to Storytelling with Data,5,本,116.00,75.40,9781593278274,onsale
9922,Python Programming Language,6,本,96.00,62.40,9780763743161,onsale
9923,Learn to Program with Minecraft Plugins,3,本,94.00,61.10,9781941222942,onsale
9924,Street fighter II turbo strategy guide,3,本,100.00,65.00,9781882455027,offsale
9925,Learning React Native: Building Native Mobile Apps with JavaScript,6,本,106.00,68.90,9781491989142,onsale
9926,Make,3,本,94.00,61.10,9781457186202,onsale
9927,"The making of Star trek, Deep Space Nine",3,本,102.00,66.30,9780671874308,onsale
9928,Secrets of the M*A*S*H mess,3,本,108.00,70.20,9781888952414,onsale
9929,C# 7.0 in a Nutshell: The Definitive Reference,3,本,108.00,70.20,9781491987650,onsale
9930,3D game textures,3,本,102.00,66.30,9780080884394,onsale
9931,Anyone Can Code,3,本,102.00,66.30,9780429549335,onsale
9932,Tabletop Game Design for Video Game Designers,3,本,121.00,78.65,9780203102343,onsale
9933,Treks not taken,3,本,100.00,65.00,9781882813056,offsale
9934,Modding Minecraft,3,本,90.00,58.50,9780606403634,onsale
9935,Schools that learn,3,本,100.00,65.00,9780385521864,offsale
9936,Murach's Java servlets and JSP,6,本,110.00,71.50,9781890774448,onsale
9937,Improving leadership effectiveness,3,本,94.00,61.10,9780471258117,onsale
9938,Web Development with Node and Express: Leveraging the JavaScript Stack,6,本,104.00,67.60,9781491949306,onsale
9939,Gondoliers,3,本,96.00,62.40,9781513281476,onsale
9940,Unix System V/386 Release 4,10,本,117.00,76.05,9780139574993,onsale
9941,Saturday night live,3,本,108.00,70.20,9781467747950,onsale
9942,Writing real programs in DCL,3,本,90.00,58.50,9780139402562,onsale
9943,Starting Out with Visual C# 2010,17,本,64.00,41.60,9781292025964,onsale
9944,Perl Hacks,6,本,112.00,72.80,9780596553678,onsale
9945,Becoming a Better Programmer: A Handbook for People Who Care About Code,3,本,108.00,70.20,9781491905579,onsale
9946,Data structures using Java,9,本,114.00,74.10,9781449628079,onsale
9947,Top Gear Story,3,本,98.00,63.70,9781459634206,onsale
9948,Data structures & problem solving using Java,9,本,96.00,62.40,9780201549911,onsale
9949,The Modern RPG IV Language,3,本,106.00,68.90,9781883884314,onsale
9950,The Inside Story,3,本,110.00,71.50,9780563486497,onsale
9951,Dark shadows,3,本,100.00,65.00,9780809581146,offsale
9952,Adventures With the Wife in Space,3,本,96.00,62.40,9780571298105,onsale
9953,Data processing,3,本,88.00,57.20,9780534008055,onsale
9954,iCheck Series,3,本,100.00,65.00,9780078690372,offsale
9955,Computer Games and Software Engineering,7,本,101.00,65.65,9781482226690,onsale
9956,Windows PowerShell,10,本,111.00,72.15,9781449320966,onsale
9957,How to Use Spss,3,本,94.00,61.10,9781032585192,onsale
9958,TCL/TK in a nutshell,3,本,104.00,67.60,9780596551339,onsale
9959,Agile Modeling,7,本,93.00,60.45,9780471271901,onsale
9960,Buffy the Vampire Slayer : Demons of the Hellmouth,3,本,106.00,68.90,9781783293384,onsale
9961,Building the Web of Things: With examples in Node.js and Raspberry Pi,3,本,102.00,66.30,9781617292682,onsale
9962,The Art of Rick and Morty,3,本,102.00,66.30,9781506702698,onsale
9963,GRPC,3,本,98.00,63.70,9781492058335,onsale
9964,Interactive programming environments,6,本,90.00,58.50,9780070038851,onsale
9965,C# Game Programming Cookbook for Unity 3D,6,本,90.00,58.50,9781000359725,onsale
9966,Neural Networks in C++,8,本,117.00,76.05,9780471538486,onsale
9967,Programming in CoffeeScript,6,本,88.00,57.20,9780132946131,onsale
9968,Calidad en el desarrollo de software,3,本,118.00,76.70,9788426717979,onsale
9969,Gene Roddenberry,3,本,96.00,62.40,9780520088429,onsale
9970,Stargate SG-1,3,本,92.00,59.80,9781840236064,discontinued
9971,Build Up Your Chess 1,3,本,92.00,59.80,9781906552015,discontinued
9972,Dynamic programming and optimal control,6,本,100.00,65.00,9781886529120,offsale
9973,Inside Joss' Dollhouse,3,本,110.00,71.50,9781935251989,onsale
9974,Java All-in-One For Dummies,6,本,94.00,61.10,9781119680451,onsale
9975,The complete guide to game audio,3,本,94.00,61.10,9781578200832,onsale
9976,Information power,3,本,106.00,68.90,9780838933527,onsale
9977,Introduction to Computing Systems,17,本,60.00,39.00,9780072467505,onsale
9978,Microsoft Excel 2019 Step by Step,3,本,104.00,67.60,9781509307678,onsale
9979,Preparing Instructional Objectives,3,本,96.00,62.40,9780749402426,onsale
9980,"HTML, CSS, and JavaScript Mobile Development for Dummies",6,本,94.00,61.10,9781118157633,onsale
9981,Basic BASIC,3,本,84.00,54.60,9780810451070,onsale
9982,Building Java programs,6,本,90.00,58.50,9780321382832,onsale
9983,The star trek that almost was (Files magazine),3,本,112.00,72.80,9781556980749,onsale
9984,THE ART OF COMPUTER PROGRAMMING VOLUME 2 SEMINUMERICAL ALGORITHMS,9,本,86.00,55.90,9780201038026,onsale
9985,Mastering FORTH,3,本,102.00,66.30,9780135599570,onsale
9986,Coding in Scratch for Games Made Easy,6,本,86.00,55.90,9780241225165,onsale
9987,"Microsoft® Office 365 and Excel 2016, Intermediate",12,本,70.00,45.50,9781305870710,onsale
9988,Enough rope to shoot yourself in the foot,3,本,102.00,66.30,9780070296893,onsale
9989,Lean Python: Learn Just Enough Python to Build Useful Tools,6,本,94.00,61.10,9781484223840,onsale
9990,"Java: A Beginner's Guide, Sixth Edition",6,本,92.00,59.80,9780071809252,discontinued
9991,Python,6,本,114.00,74.10,9781938549854,onsale
9992,The Star trek sketchbook,3,本,84.00,54.60,9780671002190,onsale
9993,Java Examples in a Nutshell,6,本,100.00,65.00,9781565923713,offsale
9994,Learning C++,17,本,64.00,41.60,9780672227851,onsale
9995,Unity in Action: Multiplatform game development in C#,3,本,112.00,72.80,9781617294969,onsale
9996,Understanding UNIX/LINUX Programming,10,本,115.00,74.75,9780613918398,onsale
9997,Period Drama,2,本,64.00,41.60,9781474462846,onsale
9998,Maverick,3,本,96.00,62.40,9781949802122,onsale
9999,"Modern Java in Action: Lambdas, streams, functional and reactive programming",6,本,104.00,67.60,9781617293566,onsale
10000,5 Steps to a 5,3,本,110.00,71.50,9781265347888,onsale
10001,"The Ultimate Guide: All the fun, facts and magic of My Little Pony",3,本,94.00,61.10,9781408350645,onsale
10002,Ansible,3,本,100.00,65.00,9781098109158,offsale
10003,Making of Outlander : the Series,3,本,86.00,55.90,9780525622222,onsale
10004,C# 3.0 in a Nutshell,3,本,104.00,67.60,9780596155384,onsale
10005,Handbook of NLP,3,本,90.00,58.50,9781315586120,onsale
