purchase_order_id,supplier_id,store_id,created_by,order_time,status,total_amount
1,10,1,2,2025-12-28 10:37:19,received,18609.47
2,8,1,2,2025-12-04 10:39:02,received,24173.16
3,10,1,2,2025-12-07 13:06:28,received,18222.95
4,7,1,2,2025-12-26 10:54:26,submitted,66372.71
5,10,1,2,2025-12-28 14:53:08,received,13796.57
6,8,1,2,2025-12-24 15:00:50,received,28814.51
7,9,1,2,2025-12-05 15:14:16,cancelled,27105.08
8,15,1,2,2025-12-09 13:29:45,received,17533.20
9,8,1,2,2025-12-29 13:17:23,received,39562.80
10,15,1,2,2025-12-06 13:33:30,received,64222.80
11,14,1,2,2025-12-29 15:10:41,received,15814.53
12,10,1,2,2025-12-22 16:10:33,received,8719.98
13,11,1,2,2025-12-02 09:44:30,received,17047.29
14,8,1,2,2025-12-06 15:51:00,received,28231.49
15,12,1,2,2025-12-01 11:43:54,received,10511.33
16,1,2,2,2025-12-12 10:36:24,received,11605.50
17,7,2,2,2025-12-17 15:27:08,received,47975.70
18,7,2,2,2025-12-29 13:18:44,received,30164.27
19,15,2,2,2025-12-09 09:09:34,received,60539.78
20,8,2,2,2025-12-13 13:47:44,received,28095.42
21,7,2,2,2025-12-16 09:14:14,approved,37717.47
22,14,2,2,2025-12-02 14:30:59,received,22687.11
23,12,2,2,2025-12-24 13:56:51,received,24225.29
24,9,2,2,2025-12-08 14:29:16,received,22603.38
25,10,2,2,2025-12-10 10:11:44,received,24469.99
26,15,2,2,2025-12-14 11:31:05,received,18504.87
27,10,2,2,2025-12-27 13:28:10,received,23681.84
28,6,3,2,2025-12-05 09:15:22,received,38083.41
29,8,3,2,2025-12-02 14:12:15,received,35867.01
30,3,3,2,2025-12-16 10:14:42,submitted,19414.20
31,3,3,2,2025-12-22 09:23:06,received,19255.56
32,5,3,2,2025-12-08 10:27:19,received,22817.15
33,7,3,2,2025-12-31 11:55:14,received,43186.06
34,11,4,2,2025-12-13 13:02:30,received,31442.73
35,5,4,2,2025-12-11 16:15:34,received,29882.74
36,7,4,2,2025-12-02 14:09:52,received,51076.66
37,15,4,2,2025-12-12 14:02:38,received,108902.05
38,13,4,2,2025-12-24 09:28:46,received,15339.45
39,2,4,2,2025-12-05 16:48:53,received,34509.64
40,7,5,2,2025-12-05 15:47:13,received,39168.75
41,12,5,2,2025-12-24 16:46:01,received,21997.01
42,13,5,2,2025-12-08 14:25:31,received,16316.37
43,4,5,2,2025-12-03 11:06:49,received,13258.04
44,10,5,2,2025-12-16 10:00:20,received,14698.75
45,4,5,2,2025-12-10 16:09:32,approved,43508.33
46,12,5,2,2025-12-23 11:08:01,received,11617.07
47,13,5,2,2025-12-27 13:11:14,received,7722.26
48,12,5,2,2025-12-27 09:41:06,received,8404.44
49,9,5,2,2025-12-23 11:45:51,received,24262.98
50,10,5,2,2025-12-21 11:21:04,received,25139.36
51,14,5,2,2025-12-01 11:54:59,cancelled,17857.88
52,10,5,2,2025-12-03 16:57:18,received,7236.60
53,13,5,2,2025-12-23 10:37:55,received,8820.73
54,12,5,2,2025-12-17 09:38:30,received,10759.24
55,12,6,2,2025-12-23 16:32:25,received,11662.55
56,10,6,2,2025-12-30 13:12:16,received,42826.93
57,8,6,2,2025-12-15 15:09:17,received,22177.28
58,1,6,2,2025-12-17 11:38:06,received,41420.46
59,11,6,2,2025-12-08 10:27:55,received,5665.94
60,8,6,2,2025-12-16 13:36:14,received,13539.15
61,15,6,2,2025-12-24 10:19:15,received,33987.05
62,13,7,2,2025-12-11 14:41:32,received,8110.49
63,12,7,2,2025-12-09 14:11:26,received,22457.80
64,14,7,2,2025-12-16 14:05:26,received,11224.49
65,9,7,2,2025-12-25 13:32:15,approved,14054.30
66,10,7,2,2025-12-05 13:56:55,received,11862.11
67,15,7,2,2025-12-10 16:38:11,received,49435.80
68,12,8,2,2025-12-02 09:27:07,received,41472.07
69,8,8,2,2025-12-26 13:59:03,received,23958.11
70,12,8,2,2025-12-22 15:16:30,received,13701.38
71,12,8,2,2025-12-10 10:55:19,received,25116.11
72,7,8,2,2025-12-01 15:20:37,submitted,50990.54
73,10,9,2,2025-12-30 13:20:56,received,37536.12
74,15,9,2,2025-12-06 13:08:21,received,73699.52
75,10,9,2,2025-12-30 16:56:52,received,9365.79
76,15,9,2,2025-12-31 11:49:20,received,28968.47
77,7,9,2,2025-12-17 14:01:34,received,23281.06
78,10,9,2,2025-12-18 14:37:11,submitted,14062.35
79,9,9,2,2025-12-22 13:13:52,received,13018.62
80,4,9,2,2025-12-19 10:01:50,received,8855.65
81,8,9,2,2025-12-25 16:17:22,received,25963.54
82,13,9,2,2025-12-05 15:16:07,received,13724.93
83,3,9,2,2025-12-30 15:22:55,submitted,23378.25
84,13,9,2,2025-12-09 11:55:20,received,5972.16
85,10,9,2,2025-12-30 16:52:09,received,19868.83
86,11,9,2,2025-12-28 09:23:30,received,11376.59
87,11,9,2,2025-12-26 14:15:49,received,23635.72
88,4,10,2,2025-12-24 15:06:02,received,17750.35
89,11,10,2,2025-12-17 11:36:43,received,31315.60
90,10,10,2,2025-12-31 11:47:58,received,31220.12
91,9,10,2,2025-12-22 10:32:51,received,37291.04
92,4,10,2,2025-12-27 13:58:40,received,18765.52
93,7,10,2,2025-12-06 15:31:10,received,31787.37
94,15,10,2,2025-12-11 15:14:08,received,76661.02
95,11,10,2,2025-12-08 10:14:14,received,17276.08
96,9,10,2,2025-12-10 15:29:55,received,21434.92
97,1,10,2,2025-12-10 14:25:24,approved,9201.32
98,9,10,2,2025-12-13 13:34:27,received,47807.12
99,15,10,2,2025-12-05 10:01:09,received,37827.81
100,9,10,2,2025-12-11 13:22:43,received,13875.49
101,12,11,2,2025-12-31 14:18:42,received,35245.21
102,11,11,2,2025-12-03 10:49:32,received,39899.33
103,12,11,2,2025-12-05 15:40:28,received,16529.56
104,7,11,2,2025-12-15 14:44:01,received,50460.62
105,5,11,2,2025-12-13 13:01:43,received,37274.09
106,7,11,2,2025-12-02 10:40:06,received,33814.14
107,10,11,2,2025-12-07 10:48:37,received,17418.25
108,9,12,2,2025-12-18 10:50:52,received,12866.81
109,4,12,2,2025-12-26 13:37:30,received,21694.83
110,1,12,2,2025-12-24 10:05:27,received,25421.02
111,13,12,2,2025-12-30 13:26:41,received,6038.38
112,13,12,2,2025-12-03 15:30:10,approved,7694.73
113,15,12,2,2025-12-21 16:45:30,received,19474.66
114,2,13,2,2025-12-09 10:41:46,received,25334.63
115,9,13,2,2025-12-05 11:46:21,received,27240.42
116,5,13,2,2025-12-13 09:04:06,received,31723.51
117,8,13,2,2025-12-31 10:53:11,received,33484.00
118,9,13,2,2025-12-24 15:52:28,received,27295.15
119,1,13,2,2025-12-26 14:55:31,received,28858.09
120,3,13,2,2025-12-05 16:23:28,received,19469.21
121,15,13,2,2025-12-25 16:09:19,received,56817.14
122,12,14,2,2025-12-05 15:38:29,received,27018.04
123,13,14,2,2025-12-06 13:35:25,approved,10213.87
124,15,14,2,2025-12-10 15:48:03,received,60916.55
125,1,14,2,2025-12-09 15:36:21,received,24824.73
126,9,14,2,2025-12-08 10:04:45,received,19952.46
127,12,14,2,2025-12-07 14:24:01,received,14528.72
128,1,14,2,2025-12-14 10:58:12,received,43042.08
129,8,14,2,2025-12-13 09:52:13,received,28093.49
130,8,14,2,2025-12-10 16:10:23,received,27339.49
131,7,14,2,2025-12-08 13:52:19,received,35794.90
132,4,14,2,2025-12-27 14:51:14,received,29807.77
133,10,14,2,2025-12-31 10:44:12,received,23376.15
134,7,14,2,2025-12-26 10:16:43,received,29223.38
135,7,15,2,2025-12-05 14:19:28,received,52257.61
136,5,15,2,2025-12-27 14:03:48,received,8481.22
137,13,15,2,2025-12-16 14:02:58,received,8338.98
138,2,15,2,2025-12-04 11:10:09,received,21232.39
139,10,15,2,2025-12-19 10:47:29,received,16120.90
140,7,15,2,2025-12-17 10:08:07,received,31038.96
141,5,15,2,2025-12-14 09:11:48,received,32514.49
142,10,15,2,2025-12-19 14:21:57,approved,12019.98
143,12,15,2,2025-12-18 16:10:30,received,20461.11
144,5,15,2,2025-12-17 09:50:32,received,10501.72
145,10,15,2,2025-12-23 09:10:54,received,8997.16
146,15,15,2,2025-12-15 10:42:44,received,64445.44
147,2,16,2,2025-12-18 13:03:38,received,54366.09
148,9,16,2,2025-12-15 10:55:50,received,27863.69
149,11,16,2,2025-12-30 11:33:23,received,15587.43
150,9,16,2,2025-12-22 09:27:46,received,12726.72
151,10,16,2,2025-12-15 13:26:52,received,25334.69
152,9,16,2,2025-12-14 10:29:20,received,25990.18
153,7,16,2,2025-12-30 14:06:01,received,17102.75
154,15,16,2,2025-12-04 10:49:02,received,59088.57
155,8,16,2,2025-12-19 13:50:16,received,33168.53
156,15,16,2,2025-12-27 15:33:36,approved,55899.76
157,13,16,2,2025-12-29 15:24:59,received,32134.24
158,1,16,2,2025-12-08 14:45:50,received,28066.14
159,8,16,2,2025-12-29 13:33:41,received,9737.37
160,7,17,2,2025-12-23 10:40:43,received,31523.37
161,12,17,2,2025-12-04 15:26:45,received,13966.92
162,8,17,2,2025-12-06 16:31:04,approved,20330.89
163,11,17,2,2025-12-11 15:55:35,received,18188.26
164,15,17,2,2025-12-25 14:18:27,received,32301.27
165,9,17,2,2025-12-26 16:57:20,received,14498.72
166,8,17,2,2025-12-02 15:18:49,received,38589.89
167,12,17,2,2025-12-10 16:41:10,received,15964.48
168,15,17,2,2025-12-23 10:50:24,submitted,216531.58
169,11,17,2,2025-12-19 09:42:35,received,24325.61
170,12,17,2,2025-12-06 10:18:40,received,7397.05
171,5,17,2,2025-12-30 15:22:29,received,29184.28
172,7,17,2,2025-12-31 11:12:00,received,31598.39
173,11,17,2,2025-12-15 11:06:11,received,8863.25
174,15,17,2,2025-12-17 14:32:11,received,69863.07
175,8,18,2,2025-12-07 14:41:51,received,12502.46
176,9,18,2,2025-12-11 13:14:17,received,19116.65
177,13,18,2,2025-12-24 14:50:59,received,22090.40
178,8,18,2,2025-12-06 13:09:10,received,29338.14
179,7,18,2,2025-12-14 13:38:51,received,23533.14
180,8,18,2,2025-12-09 10:14:03,received,88043.60
181,8,18,2,2025-12-14 09:59:55,received,18823.45
182,7,18,2,2025-12-28 14:31:05,received,21626.67
183,12,19,2,2025-12-18 09:16:40,received,17799.51
184,12,19,2,2025-12-12 09:03:06,received,14307.32
185,8,19,2,2025-12-17 09:03:16,received,21491.82
186,8,19,2,2025-12-21 09:42:26,received,16328.27
187,3,19,2,2025-12-17 09:37:04,received,29670.08
188,12,19,2,2025-12-24 14:44:58,received,30065.32
189,1,19,2,2025-12-07 10:50:49,received,44060.15
190,7,19,2,2025-12-16 14:47:44,received,16385.02
191,10,20,2,2025-12-01 13:15:45,received,8861.31
192,9,20,2,2025-12-18 10:01:37,received,30375.92
193,10,20,2,2025-12-09 13:22:29,received,26432.97
194,7,20,2,2025-12-30 13:09:50,received,46287.73
195,7,20,2,2025-12-12 11:46:32,received,31519.80
196,10,20,2,2025-12-12 16:12:14,received,13236.55
197,15,20,2,2025-12-29 16:00:29,received,39646.63
198,9,20,2,2025-12-02 14:15:52,received,34852.76
199,12,20,2,2025-12-05 15:35:03,received,12802.43
200,9,20,2,2025-12-15 15:52:28,received,13856.37
201,14,20,2,2025-12-25 15:13:13,received,15616.70
202,7,20,2,2025-12-30 10:34:14,received,18263.38
203,13,20,2,2025-12-17 13:20:09,received,9477.02
204,7,20,2,2025-12-26 10:13:34,approved,41083.98
205,8,20,2,2025-12-11 14:44:59,received,38027.54
206,14,20,2,2025-12-24 11:55:31,received,37742.35
207,15,21,2,2025-12-09 13:09:33,received,42210.55
208,7,21,2,2025-12-20 14:26:11,received,59510.89
209,12,21,2,2025-12-01 10:57:21,received,4938.66
210,7,21,2,2025-12-19 16:49:05,received,85916.96
211,15,21,2,2025-12-15 10:58:59,received,103528.46
212,15,21,2,2025-12-15 11:57:31,approved,50534.33
213,13,21,2,2025-12-23 16:19:17,received,13466.38
214,11,21,2,2025-12-06 15:35:51,received,8465.13
215,11,21,2,2025-12-19 11:05:16,received,74670.27
216,12,21,2,2025-12-22 09:45:04,received,8406.10
217,4,21,2,2025-12-07 11:03:53,received,31732.05
218,1,21,2,2025-12-18 10:04:25,received,12564.45
219,9,21,2,2025-12-20 09:45:31,received,21382.87
220,3,21,2,2025-12-17 09:24:05,received,27266.74
221,15,21,2,2025-12-28 09:22:26,received,147401.97
222,3,21,2,2025-12-10 14:03:26,received,16576.56
223,10,22,2,2025-12-13 14:36:46,received,6578.56
224,10,22,2,2025-12-31 16:03:42,received,18682.64
225,11,22,2,2025-12-12 15:25:54,received,15723.49
226,9,22,2,2025-12-25 10:49:28,received,27146.27
227,9,22,2,2025-12-24 15:35:48,received,12039.68
228,9,23,2,2025-12-18 16:31:29,received,12244.64
229,2,23,2,2025-12-01 10:07:56,received,37607.32
230,9,23,2,2025-12-13 14:31:27,received,9705.81
231,3,23,2,2025-12-30 16:01:57,received,25337.93
232,8,23,2,2025-12-04 11:53:06,cancelled,14940.89
233,9,23,2,2025-12-08 14:22:26,received,10542.87
234,8,23,2,2025-12-18 13:11:15,received,12381.89
235,11,23,2,2025-12-26 14:24:53,received,8746.28
236,2,23,2,2025-12-08 10:39:02,received,25025.07
237,12,23,2,2025-12-25 13:02:59,received,8976.23
238,8,23,2,2025-12-03 10:20:23,received,9934.16
239,8,23,2,2025-12-21 14:21:56,received,30100.69
240,9,23,2,2025-12-02 15:49:32,received,25918.00
241,11,24,2,2025-12-06 11:14:28,received,12425.13
242,2,24,2,2025-12-10 13:50:32,received,55165.94
243,13,24,2,2025-12-22 14:54:40,received,4776.25
244,10,24,2,2025-12-14 11:56:35,received,11600.49
245,1,24,2,2025-12-04 14:13:51,received,28818.54
246,9,24,2,2025-12-29 16:11:28,received,17745.04
247,9,24,2,2025-12-11 10:22:53,received,24056.27
248,9,24,2,2025-12-01 16:08:40,received,14849.06
249,10,24,2,2025-12-12 14:42:37,received,9494.36
250,11,24,2,2025-12-21 13:15:21,received,11520.52
251,8,24,2,2025-12-18 14:27:37,received,31367.55
252,11,24,2,2025-12-02 10:38:52,received,28126.55
253,1,25,2,2025-12-12 09:03:04,received,17611.08
254,11,25,2,2025-12-23 10:35:32,received,26529.04
255,15,25,2,2025-12-12 09:45:18,received,25169.30
256,13,25,2,2025-12-26 09:38:24,received,5496.21
257,12,25,2,2025-12-11 11:52:31,received,13039.25
258,5,26,2,2025-12-18 13:29:21,received,29616.33
259,13,26,2,2025-12-11 11:59:12,received,6687.91
260,7,26,2,2025-12-22 15:10:40,received,27629.44
261,15,26,2,2025-12-24 11:40:49,received,32861.86
262,7,26,2,2025-12-01 09:15:23,received,21743.05
263,2,27,2,2025-12-09 15:31:09,received,8147.45
264,9,27,2,2025-12-10 09:01:13,received,15745.71
265,9,27,2,2025-12-25 09:09:32,received,21513.12
266,9,27,2,2025-12-24 14:52:20,received,27237.97
267,4,27,2,2025-12-07 11:29:20,received,30157.79
268,7,27,2,2025-12-31 09:13:50,received,21904.97
269,9,27,2,2025-12-23 14:30:36,received,18537.41
270,15,27,2,2025-12-31 10:22:38,received,48958.55
271,12,27,2,2025-12-08 14:38:44,received,13905.90
272,12,27,2,2025-12-11 09:39:06,approved,13661.59
273,9,27,2,2025-12-06 16:19:13,received,26753.22
274,7,27,2,2025-12-05 11:35:19,received,27382.42
275,13,27,2,2025-12-03 11:26:22,submitted,20633.30
276,10,27,2,2025-12-29 15:36:22,received,7559.68
277,13,28,2,2025-12-27 10:13:40,cancelled,12804.50
278,14,28,2,2025-12-08 14:19:52,received,18243.77
279,5,28,2,2025-12-07 09:48:17,received,49143.46
280,5,28,2,2025-12-29 14:13:04,received,13512.04
281,4,28,2,2025-12-20 14:40:57,received,19910.36
282,13,28,2,2025-12-30 14:26:25,received,14201.89
283,9,28,2,2025-12-07 11:55:19,received,34049.03
284,13,28,2,2025-12-27 10:15:14,approved,10043.49
285,8,29,2,2025-12-23 16:13:17,received,24987.76
286,8,29,2,2025-12-30 09:55:05,received,7556.01
287,15,29,2,2025-12-30 13:38:18,received,25890.73
288,8,29,2,2025-12-14 14:34:30,approved,16105.83
289,1,29,2,2025-12-29 11:04:04,submitted,14017.95
290,8,29,2,2025-12-22 10:47:22,received,25481.53
291,10,29,2,2025-12-10 10:35:45,received,35090.15
292,8,30,2,2025-12-03 13:22:18,received,20182.67
293,1,30,2,2025-12-26 10:11:54,received,13692.50
294,8,30,2,2025-12-30 16:07:07,received,11027.16
295,12,30,2,2025-12-18 13:18:31,received,25787.25
296,12,30,2,2025-12-20 10:01:14,approved,20710.50
297,9,30,2,2025-12-30 15:58:37,received,27915.19
298,11,31,2,2025-12-26 14:03:24,received,10938.98
299,13,31,2,2025-12-06 11:34:49,received,14752.26
300,10,31,2,2025-12-18 10:21:20,received,11475.09
301,9,31,2,2025-12-05 11:03:52,received,44954.64
302,1,31,2,2025-12-01 09:13:28,received,29786.31
303,9,32,2,2025-12-29 11:15:04,received,20470.36
304,11,32,2,2025-12-02 14:27:37,received,7076.66
305,15,32,2,2025-12-30 11:10:49,received,28334.35
306,9,32,2,2025-12-29 10:15:36,approved,15548.83
307,10,32,2,2025-12-04 16:05:46,received,13238.69
308,15,32,2,2025-12-25 11:39:59,received,52199.85
309,11,32,2,2025-12-14 11:03:30,received,6565.32
310,5,32,2,2025-12-31 11:37:35,received,27781.34
311,8,33,2,2025-12-17 14:15:37,received,14790.28
312,3,33,2,2025-12-15 15:50:41,approved,32335.27
313,8,33,2,2025-12-31 16:10:09,received,26906.71
314,5,33,2,2025-12-21 13:21:16,received,17033.88
315,3,33,2,2025-12-19 13:51:15,received,13655.14
316,10,33,2,2025-12-31 16:11:30,cancelled,13166.53
317,9,34,2,2025-12-24 13:20:18,received,33318.77
318,7,34,2,2025-12-28 14:38:58,received,35021.87
319,15,34,2,2025-12-12 11:33:13,submitted,33427.59
320,8,34,2,2025-12-08 13:04:30,received,31400.89
321,9,34,2,2025-12-26 11:55:44,received,18306.68
322,10,34,2,2025-12-08 14:31:15,received,16233.11
323,15,35,2,2025-12-11 11:15:57,received,38396.91
324,8,35,2,2025-12-26 09:54:33,received,25381.16
325,12,35,2,2025-12-27 13:13:07,received,19768.12
326,8,35,2,2025-12-07 09:41:00,received,26078.47
327,10,35,2,2025-12-18 13:56:20,received,20530.19
328,10,35,2,2025-12-08 13:25:14,received,32262.41
329,9,35,2,2025-12-15 14:26:42,received,11547.37
330,10,35,2,2025-12-04 10:58:45,received,29024.04
331,7,35,2,2025-12-10 14:14:17,received,20681.26
332,11,35,2,2025-12-25 13:22:59,cancelled,9342.23
333,4,35,2,2025-12-05 10:28:32,received,11134.52
334,14,35,2,2025-12-30 14:31:30,received,18680.74
335,11,35,2,2025-12-24 11:22:02,received,8924.33
336,9,36,2,2025-12-28 13:34:45,received,14020.02
337,10,36,2,2025-12-26 10:43:03,received,7564.26
338,8,36,2,2025-12-03 14:47:02,received,24231.14
339,14,36,2,2025-12-01 14:14:38,approved,15056.87
340,12,36,2,2025-12-21 09:54:14,received,5431.83
341,12,36,2,2025-12-08 11:26:14,received,9736.19
342,11,37,2,2025-12-18 10:52:01,received,18642.49
343,13,37,2,2025-12-24 15:03:56,received,12297.67
344,9,37,2,2025-12-04 09:02:34,received,26507.61
345,6,37,2,2025-12-30 11:34:07,received,18612.33
346,13,37,2,2025-12-27 09:08:04,approved,6321.83
347,3,37,2,2025-12-27 16:20:03,received,34524.86
348,9,37,2,2025-12-25 11:11:06,received,14554.30
349,11,38,2,2025-12-25 13:15:46,received,8787.61
350,11,38,2,2025-12-10 10:41:01,received,16134.38
351,13,38,2,2025-12-05 15:54:15,received,6033.33
352,9,38,2,2025-12-27 09:02:33,received,20446.14
353,7,38,2,2025-12-29 11:42:47,cancelled,9515.79
354,10,38,2,2025-12-16 15:09:14,received,19981.15
355,3,38,2,2025-12-20 15:15:52,approved,15516.54
356,9,38,2,2025-12-26 15:05:35,received,15770.45
357,15,38,2,2025-12-14 14:35:34,received,72139.41
358,7,38,2,2025-12-06 11:46:33,received,19529.36
359,12,38,2,2025-12-28 13:31:08,received,17731.82
360,11,38,2,2025-12-17 15:11:46,received,13318.26
361,14,38,2,2025-12-27 10:04:00,received,21805.90
362,9,38,2,2025-12-25 10:25:29,received,21009.44
363,7,39,2,2025-12-26 09:24:41,received,40031.96
364,3,39,2,2025-12-17 15:17:38,received,9360.14
365,10,39,2,2025-12-21 14:40:07,received,20269.00
366,12,39,2,2025-12-14 15:54:06,received,11952.22
367,3,39,2,2025-12-22 16:24:20,received,24402.29
368,11,39,2,2025-12-17 16:02:02,received,8244.96
369,10,40,2,2025-12-19 11:49:57,received,9270.79
370,12,40,2,2025-12-14 14:48:30,received,18438.54
371,4,40,2,2025-12-15 16:30:01,received,16272.65
372,10,40,2,2025-12-15 11:16:30,received,48181.29
373,13,40,2,2025-12-19 09:26:43,received,5986.44
374,13,40,2,2025-12-15 15:05:46,received,10637.63
375,15,40,2,2025-12-04 09:46:31,received,49888.33
376,3,40,2,2025-12-21 14:55:00,received,16070.28
377,3,41,2,2025-12-01 14:33:01,received,27656.18
378,8,41,2,2025-12-30 13:14:43,received,25426.28
379,15,41,2,2025-12-26 16:54:24,received,39495.92
380,9,41,2,2025-12-15 15:50:32,received,22758.01
381,3,41,2,2025-12-17 16:57:50,received,18445.60
382,10,42,2,2025-12-30 16:25:44,received,31577.10
383,13,42,2,2025-12-05 15:43:04,received,11092.05
384,1,42,2,2025-12-07 10:03:43,received,19255.09
385,8,42,2,2025-12-29 13:31:38,submitted,40816.68
386,11,42,2,2025-12-14 11:24:25,received,29978.05
387,9,43,2,2025-12-01 10:35:58,received,37556.05
388,1,43,2,2025-12-12 10:38:11,received,37104.74
389,14,43,2,2025-12-14 15:30:03,received,15911.39
390,15,43,2,2025-12-19 15:59:43,received,38183.39
391,15,43,2,2025-12-20 09:08:09,received,49042.69
392,13,43,2,2025-12-09 11:58:50,received,14832.67
393,12,43,2,2025-12-09 13:14:22,received,29588.75
394,9,43,2,2025-12-30 16:50:47,received,36226.97
395,7,44,2,2025-12-25 11:11:21,received,42162.22
396,7,44,2,2025-12-12 10:09:44,received,41250.96
397,12,44,2,2025-12-13 13:33:33,received,19473.30
398,5,44,2,2025-12-06 10:32:21,received,26700.36
399,15,44,2,2025-12-09 09:19:26,received,32380.77
400,12,44,2,2025-12-27 11:43:54,received,12665.95
401,13,45,2,2025-12-07 16:37:30,received,9423.25
402,7,45,2,2025-12-20 15:46:19,received,33093.09
403,7,45,2,2025-12-19 10:03:47,received,22202.59
404,10,45,2,2025-12-21 14:52:31,received,15118.06
405,11,45,2,2025-12-31 11:43:11,received,42854.31
406,12,45,2,2025-12-19 14:04:23,received,16787.23
407,13,45,2,2025-12-02 09:28:20,received,22493.10
408,11,45,2,2025-12-14 15:48:34,received,14331.34
409,8,46,2,2025-12-23 10:54:48,received,27846.95
410,9,46,2,2025-12-11 16:53:13,approved,14475.47
411,10,46,2,2025-12-03 15:26:37,received,14575.42
412,9,46,2,2025-12-09 11:28:03,received,13027.66
413,15,46,2,2025-12-21 10:40:35,received,105809.75
414,10,47,2,2025-12-16 10:13:54,received,13820.63
415,7,47,2,2025-12-28 13:34:24,received,13105.02
416,12,47,2,2025-12-17 13:09:10,received,7972.57
417,15,47,2,2025-12-18 13:59:50,received,71367.26
418,9,47,2,2025-12-23 10:29:26,received,23630.04
419,7,47,2,2025-12-28 11:53:47,received,47254.42
420,7,47,2,2025-12-13 16:27:11,received,30225.45
421,12,47,2,2025-12-26 11:04:06,received,16645.15
422,1,48,2,2025-12-25 11:32:37,received,38611.31
423,11,48,2,2025-12-03 16:57:53,received,11971.79
424,9,48,2,2025-12-07 13:30:43,received,37952.08
425,10,48,2,2025-12-17 11:58:22,received,34567.35
426,11,48,2,2025-12-29 13:19:31,received,17668.72
427,12,48,2,2025-12-09 09:53:51,received,14595.17
428,13,48,2,2025-12-05 13:04:47,received,9889.85
429,1,48,2,2025-12-25 11:31:18,received,24336.45
430,7,49,2,2025-12-04 14:15:40,cancelled,31096.92
431,9,49,2,2025-12-02 10:32:05,received,24144.59
432,3,49,2,2025-12-05 11:02:47,received,22608.72
433,7,49,2,2025-12-06 15:19:52,received,32940.14
434,7,49,2,2025-12-24 14:09:03,received,26646.65
435,13,49,2,2025-12-05 15:37:01,received,10778.81
436,9,49,2,2025-12-15 10:25:52,received,61011.75
437,15,49,2,2025-12-14 13:41:09,received,103829.23
438,15,50,2,2025-12-11 09:03:22,received,26224.94
439,11,50,2,2025-12-22 11:15:10,received,18594.75
440,7,50,2,2025-12-12 10:56:34,received,25628.67
441,9,50,2,2025-12-25 14:36:28,received,33371.17
442,5,50,2,2025-12-06 13:40:22,received,12423.27
443,11,51,2,2025-12-16 16:04:09,received,21183.93
444,14,51,2,2025-12-19 16:06:27,received,35829.98
445,11,51,2,2025-12-11 10:09:50,received,29262.24
446,7,51,2,2025-12-27 09:09:20,received,29240.50
447,9,51,2,2025-12-19 15:50:56,received,19161.66
448,13,52,2,2025-12-25 10:12:23,received,13994.04
449,13,52,2,2025-12-17 16:40:36,received,9385.36
450,9,52,2,2025-12-26 14:22:42,received,23431.25
451,8,52,2,2025-12-28 15:01:51,approved,27578.93
452,12,52,2,2025-12-05 14:55:26,received,8787.94
453,11,52,2,2025-12-28 11:05:20,received,14352.77
454,5,53,2,2025-12-14 10:30:41,received,22923.87
455,11,53,2,2025-12-20 13:48:07,received,19761.94
456,1,53,2,2025-12-30 13:50:24,approved,8613.53
457,12,53,2,2025-12-04 10:24:32,received,13718.32
458,14,53,2,2025-12-07 16:18:44,received,15284.57
459,8,53,2,2025-12-24 16:23:14,received,7278.68
460,9,53,2,2025-12-28 13:09:44,received,13564.16
461,10,54,2,2025-12-10 15:47:02,received,12811.98
462,7,54,2,2025-12-13 11:23:19,received,28179.81
463,8,54,2,2025-12-19 15:25:20,received,9456.83
464,8,54,2,2025-12-25 11:58:52,received,15933.66
465,13,54,2,2025-12-16 14:36:45,received,19176.49
466,13,54,2,2025-12-27 14:42:00,received,11008.85
467,11,54,2,2025-12-13 15:34:08,received,34810.87
468,2,54,2,2025-12-11 13:26:58,received,64550.29
469,15,55,2,2025-12-18 13:29:32,received,42659.75
470,11,55,2,2025-12-28 11:23:48,received,14870.63
471,12,55,2,2025-12-13 09:50:33,received,27235.39
472,15,55,2,2025-12-26 16:01:48,received,57919.43
473,8,55,2,2025-12-23 14:53:26,received,10771.09
474,13,55,2,2025-12-03 10:49:20,received,8078.37
475,13,55,2,2025-12-29 13:46:04,received,7328.93
476,10,55,2,2025-12-21 16:44:21,received,18753.39
477,13,56,2,2025-12-11 11:03:57,received,11361.62
478,12,56,2,2025-12-31 16:55:58,received,20901.81
479,9,56,2,2025-12-20 15:38:31,received,14660.73
480,3,56,2,2025-12-02 10:20:57,received,44494.41
481,11,56,2,2025-12-14 14:50:57,received,12321.37
482,10,56,2,2025-12-01 09:55:23,received,12476.29
483,12,56,2,2025-12-24 15:09:40,approved,6528.23
484,12,57,2,2025-12-15 14:25:11,received,6136.29
485,7,57,2,2025-12-04 11:00:30,received,19944.68
486,11,57,2,2025-12-16 09:00:41,received,10924.10
487,4,57,2,2025-12-20 10:15:59,received,8898.48
488,9,57,2,2025-12-24 16:42:57,approved,28900.92
489,12,57,2,2025-12-04 11:15:41,received,16056.38
490,14,58,2,2025-12-22 09:40:26,received,25111.03
491,13,58,2,2025-12-14 10:36:59,received,21194.27
492,8,58,2,2025-12-14 14:58:59,received,15860.31
493,11,58,2,2025-12-04 10:19:59,received,13218.62
494,8,58,2,2025-12-22 09:49:15,received,15785.92
495,10,58,2,2025-12-22 10:28:34,received,25967.84
496,13,58,2,2025-12-18 13:59:09,received,6159.34
497,11,58,2,2025-12-05 14:13:59,received,24663.37
498,9,1,2,2026-01-21 09:36:21,received,37647.63
499,7,1,2,2026-01-27 15:45:54,received,41940.41
500,6,1,2,2026-01-31 11:37:18,received,70560.81
501,10,1,2,2026-01-01 13:25:22,received,13413.73
502,9,1,2,2026-01-26 16:26:59,received,20419.93
503,10,1,2,2026-01-26 16:16:59,received,14307.32
504,10,1,2,2026-01-05 13:28:12,received,21624.10
505,8,1,2,2026-01-20 09:39:15,received,40767.44
506,1,1,2,2026-01-16 16:32:59,received,21476.48
507,15,1,2,2026-01-05 13:43:16,received,82711.55
508,12,1,2,2026-01-17 16:13:35,approved,33721.66
509,11,1,2,2026-01-08 13:12:54,received,7496.41
510,10,1,2,2026-01-28 14:14:15,received,6070.00
511,11,1,2,2026-01-16 14:56:46,received,11712.62
512,15,1,2,2026-01-17 15:30:48,received,31518.75
513,2,2,2,2026-01-14 11:32:20,submitted,11823.12
514,1,2,2,2026-01-10 11:55:46,received,33425.41
515,12,2,2,2026-01-04 14:45:53,received,24988.81
516,9,2,2,2026-01-04 09:59:09,received,12570.16
517,9,2,2,2026-01-22 09:15:34,approved,24286.96
518,5,2,2,2026-01-04 11:39:50,received,24254.69
519,6,2,2,2026-01-20 15:26:23,received,43520.36
520,9,2,2,2026-01-30 15:17:22,received,31553.83
521,11,2,2,2026-01-13 09:31:30,submitted,12459.62
522,7,2,2,2026-01-13 16:05:55,received,26750.91
523,12,2,2,2026-01-29 15:03:26,received,7758.50
524,10,2,2,2026-01-01 10:32:27,received,33571.66
525,10,3,2,2026-01-17 11:20:32,received,8971.56
526,9,3,2,2026-01-17 13:58:32,received,18628.80
527,7,3,2,2026-01-03 10:10:37,received,51223.07
528,13,3,2,2026-01-27 15:48:46,received,9996.21
529,11,3,2,2026-01-06 15:13:30,received,25743.87
530,7,4,2,2026-01-23 15:04:30,received,19819.56
531,11,4,2,2026-01-28 15:20:25,received,11692.82
532,9,4,2,2026-01-21 10:08:05,received,18268.29
533,11,4,2,2026-01-08 11:54:28,received,13343.28
534,10,5,2,2026-01-19 10:30:26,received,8865.47
535,14,5,2,2026-01-17 11:17:53,received,22329.86
536,3,5,2,2026-01-06 11:28:38,received,15288.61
537,10,5,2,2026-01-16 14:01:21,received,15162.63
538,9,5,2,2026-01-08 11:01:35,received,37295.78
539,9,5,2,2026-01-26 14:24:05,received,24105.02
540,2,5,2,2026-01-16 13:39:48,received,14374.21
541,12,5,2,2026-01-26 16:59:35,received,9063.83
542,10,5,2,2026-01-02 11:12:05,received,11710.08
543,9,5,2,2026-01-11 16:11:02,received,9956.62
544,15,5,2,2026-01-16 13:47:14,received,59257.12
545,7,5,2,2026-01-23 09:35:17,received,30235.11
546,7,5,2,2026-01-24 13:45:04,received,12704.05
547,15,5,2,2026-01-04 09:30:54,received,50225.83
548,7,6,2,2026-01-28 11:11:07,received,37515.30
549,7,6,2,2026-01-05 13:27:51,received,28807.86
550,9,6,2,2026-01-13 10:35:27,received,13081.56
551,13,6,2,2026-01-10 14:39:05,received,8256.31
552,13,6,2,2026-01-26 09:20:14,received,11326.74
553,7,6,2,2026-01-01 10:46:00,received,26986.90
554,11,6,2,2026-01-07 16:34:36,received,13887.48
555,11,6,2,2026-01-07 14:43:29,received,19547.92
556,11,7,2,2026-01-14 13:40:00,received,17598.35
557,9,7,2,2026-01-21 10:04:11,received,34800.68
558,5,7,2,2026-01-16 10:48:02,received,22301.49
559,11,7,2,2026-01-13 15:43:28,received,10527.36
560,12,8,2,2026-01-12 11:24:48,received,40415.06
561,7,8,2,2026-01-19 11:05:49,received,26412.51
562,7,8,2,2026-01-06 09:51:59,submitted,44855.92
563,8,8,2,2026-01-07 10:28:28,received,16421.42
564,11,8,2,2026-01-12 10:50:09,received,24201.18
565,10,8,2,2026-01-02 09:17:33,received,4416.55
566,12,8,2,2026-01-05 14:53:49,received,13192.75
567,7,8,2,2026-01-01 10:48:08,received,28119.57
568,12,9,2,2026-01-28 15:39:00,received,16120.22
569,11,9,2,2026-01-06 09:02:55,received,20970.57
570,12,9,2,2026-01-12 14:24:51,received,21465.93
571,13,9,2,2026-01-05 15:38:53,received,13961.96
572,9,9,2,2026-01-28 16:31:25,received,32627.70
573,9,9,2,2026-01-29 09:15:49,received,16678.80
574,9,9,2,2026-01-24 13:13:21,received,17452.11
575,13,9,2,2026-01-12 14:28:27,received,7418.37
576,9,9,2,2026-01-24 10:56:14,received,32526.69
577,11,9,2,2026-01-04 11:54:17,received,14940.11
578,12,9,2,2026-01-03 11:31:02,received,7614.03
579,15,9,2,2026-01-04 16:10:40,received,41573.30
580,9,9,2,2026-01-12 14:27:51,received,14021.87
581,11,10,2,2026-01-27 11:02:02,received,12833.88
582,12,10,2,2026-01-22 16:22:50,received,26466.82
583,10,10,2,2026-01-25 16:00:16,received,11287.46
584,1,10,2,2026-01-29 11:31:56,received,26008.27
585,13,10,2,2026-01-16 16:35:49,received,4866.36
586,5,10,2,2026-01-04 14:10:52,received,11864.57
587,8,10,2,2026-01-25 16:19:00,received,18678.30
588,9,10,2,2026-01-19 11:20:38,submitted,21722.01
589,2,10,2,2026-01-12 13:22:46,received,27983.51
590,8,10,2,2026-01-19 11:21:12,received,10652.88
591,12,10,2,2026-01-09 11:52:34,received,27911.20
592,7,10,2,2026-01-01 14:03:58,received,26431.37
593,11,10,2,2026-01-27 16:00:02,received,9118.74
594,8,10,2,2026-01-22 09:50:16,received,10710.89
595,2,10,2,2026-01-11 16:32:12,received,25187.85
596,5,11,2,2026-01-15 11:44:23,received,17069.42
597,10,11,2,2026-01-23 10:54:49,received,5773.51
598,8,11,2,2026-01-03 14:56:41,received,31199.96
599,12,11,2,2026-01-17 15:38:05,received,20329.38
600,5,11,2,2026-01-14 16:57:18,received,33416.79
601,10,12,2,2026-01-05 14:39:33,submitted,24855.19
602,11,12,2,2026-01-24 15:11:34,received,14746.83
603,9,12,2,2026-01-09 14:35:56,received,34627.80
604,9,12,2,2026-01-31 11:36:04,received,16452.22
605,8,13,2,2026-01-23 09:37:19,received,9176.39
606,8,13,2,2026-01-22 16:18:57,received,35698.53
607,15,13,2,2026-01-14 11:59:25,received,87660.21
608,6,13,2,2026-01-22 16:49:43,received,19568.96
609,9,13,2,2026-01-29 13:19:07,received,36708.68
610,12,14,2,2026-01-25 10:03:20,submitted,14148.51
611,11,14,2,2026-01-09 13:46:54,received,5694.08
612,9,14,2,2026-01-01 13:11:42,received,20816.44
613,5,14,2,2026-01-20 10:59:28,received,10699.56
614,10,14,2,2026-01-07 10:50:00,received,16529.12
615,11,14,2,2026-01-31 11:08:58,received,8638.89
616,3,14,2,2026-01-03 11:45:58,received,34867.36
617,7,14,2,2026-01-12 14:38:08,received,26605.64
618,7,14,2,2026-01-31 14:36:49,received,16318.04
619,4,14,2,2026-01-24 15:12:58,approved,22669.17
620,12,14,2,2026-01-05 13:38:25,approved,8386.37
621,12,15,2,2026-01-12 16:24:32,received,11470.40
622,2,15,2,2026-01-22 13:03:22,received,26717.25
623,11,15,2,2026-01-25 14:32:12,received,9595.88
624,13,15,2,2026-01-01 14:49:00,received,35241.14
625,7,15,2,2026-01-20 09:24:09,received,29330.76
626,11,15,2,2026-01-29 16:28:23,received,19285.13
627,11,15,2,2026-01-30 10:05:40,received,24065.09
628,13,15,2,2026-01-13 13:29:56,received,16721.38
629,12,15,2,2026-01-17 14:00:24,received,8575.58
630,11,15,2,2026-01-07 14:52:58,received,11092.28
631,10,15,2,2026-01-16 09:28:37,received,44827.66
632,10,15,2,2026-01-25 11:51:11,approved,17329.64
633,15,16,2,2026-01-10 16:50:56,approved,50958.27
634,11,16,2,2026-01-06 09:15:04,received,34307.67
635,10,16,2,2026-01-29 09:09:00,received,16508.42
636,11,16,2,2026-01-07 11:24:53,received,8966.63
637,11,16,2,2026-01-25 14:36:16,received,14556.96
638,11,16,2,2026-01-13 14:37:00,received,21239.32
639,10,16,2,2026-01-09 15:07:04,received,11723.71
640,12,16,2,2026-01-02 13:58:32,received,21294.85
641,7,16,2,2026-01-11 15:13:01,received,36858.19
642,14,16,2,2026-01-21 11:56:05,received,16768.36
643,11,16,2,2026-01-20 14:06:31,received,15877.72
644,14,17,2,2026-01-04 15:11:52,received,22954.71
645,9,17,2,2026-01-30 10:32:38,approved,13314.65
646,9,17,2,2026-01-30 14:57:06,received,42062.52
647,12,17,2,2026-01-31 14:30:03,received,7089.48
648,14,17,2,2026-01-19 11:02:44,received,9964.07
649,9,17,2,2026-01-18 15:47:05,received,17288.79
650,5,17,2,2026-01-14 10:57:48,received,29676.32
651,8,17,2,2026-01-18 09:58:39,received,9942.02
652,11,17,2,2026-01-04 13:07:36,received,19998.14
653,7,17,2,2026-01-18 15:42:02,received,20746.86
654,13,17,2,2026-01-06 16:00:43,received,11384.67
655,3,17,2,2026-01-11 13:03:37,received,4745.42
656,14,17,2,2026-01-27 16:41:02,received,36463.17
657,7,17,2,2026-01-28 15:24:48,received,29400.94
658,8,17,2,2026-01-02 14:59:57,received,26763.58
659,13,18,2,2026-01-18 16:14:30,received,14332.97
660,8,18,2,2026-01-23 13:58:19,received,15460.52
661,8,18,2,2026-01-14 15:13:07,received,20149.91
662,9,18,2,2026-01-02 15:43:11,received,25341.44
663,13,18,2,2026-01-30 16:40:13,received,13876.65
664,7,18,2,2026-01-23 16:53:43,received,21512.13
665,3,19,2,2026-01-11 10:56:09,received,11489.01
666,7,19,2,2026-01-06 13:46:26,received,50942.24
667,13,19,2,2026-01-13 13:34:54,received,4897.34
668,9,19,2,2026-01-14 15:43:35,received,19923.06
669,15,20,2,2026-01-26 09:19:40,received,31719.33
670,12,20,2,2026-01-21 13:27:45,received,19038.04
671,13,20,2,2026-01-14 16:33:13,received,11384.09
672,7,20,2,2026-01-16 13:11:55,received,28501.14
673,7,20,2,2026-01-25 11:01:36,received,8994.84
674,5,20,2,2026-01-16 15:37:16,cancelled,23430.58
675,10,20,2,2026-01-20 16:09:15,received,10957.49
676,4,20,2,2026-01-09 14:08:19,received,17623.09
677,10,20,2,2026-01-02 13:52:36,received,7501.23
678,7,20,2,2026-01-12 15:00:11,received,8683.96
679,12,20,2,2026-01-11 14:58:46,received,10680.52
680,7,20,2,2026-01-18 10:29:47,received,30786.29
681,9,20,2,2026-01-13 14:34:05,received,42938.41
682,11,21,2,2026-01-05 11:10:50,received,34569.57
683,7,21,2,2026-01-07 09:07:41,submitted,83340.04
684,13,21,2,2026-01-24 11:13:49,received,22857.59
685,8,21,2,2026-01-05 16:07:53,approved,18266.33
686,12,21,2,2026-01-30 09:58:50,received,13877.95
687,15,21,2,2026-01-24 10:35:11,received,50867.84
688,9,21,2,2026-01-06 13:06:52,received,28788.96
689,7,21,2,2026-01-13 10:06:43,received,41098.24
690,12,21,2,2026-01-04 11:51:32,received,10089.43
691,7,21,2,2026-01-27 11:25:24,received,47697.63
692,8,21,2,2026-01-19 15:25:27,received,47404.97
693,7,21,2,2026-01-11 16:17:16,received,27875.31
694,9,22,2,2026-01-08 10:56:08,received,29631.58
695,10,22,2,2026-01-28 15:55:06,received,20274.49
696,7,22,2,2026-01-13 09:33:43,received,20399.62
697,7,22,2,2026-01-14 09:18:48,received,37286.32
698,7,23,2,2026-01-22 15:05:15,received,45056.25
699,13,23,2,2026-01-15 09:07:04,received,11850.05
700,8,23,2,2026-01-13 09:03:53,received,28293.24
701,8,23,2,2026-01-05 10:39:14,received,17979.71
702,8,23,2,2026-01-03 16:56:21,received,9551.02
703,5,23,2,2026-01-11 14:00:41,received,9496.99
704,1,23,2,2026-01-17 10:38:28,received,25705.53
705,10,23,2,2026-01-25 14:48:58,received,38783.73
706,15,23,2,2026-01-10 11:39:22,received,70018.03
707,9,23,2,2026-01-24 14:33:01,received,14006.63
708,11,23,2,2026-01-17 15:32:48,received,36159.80
709,7,23,2,2026-01-19 11:33:55,received,18694.86
710,11,24,2,2026-01-18 09:12:07,received,20290.07
711,11,24,2,2026-01-01 13:42:01,received,14970.00
712,11,24,2,2026-01-16 09:13:54,received,24176.55
713,7,24,2,2026-01-28 09:17:28,received,30138.74
714,13,24,2,2026-01-25 10:54:24,received,17856.42
715,7,24,2,2026-01-10 11:18:07,received,41717.17
716,11,24,2,2026-01-22 15:07:46,received,12718.82
717,13,24,2,2026-01-30 13:34:25,received,22709.68
718,5,24,2,2026-01-05 11:31:50,approved,33966.62
719,10,24,2,2026-01-23 13:00:16,received,43512.68
720,5,24,2,2026-01-14 14:28:44,received,35443.25
721,11,24,2,2026-01-01 11:58:10,received,18547.45
722,9,24,2,2026-01-14 11:55:44,received,17174.85
723,5,24,2,2026-01-04 13:09:02,received,33690.36
724,15,24,2,2026-01-07 13:58:14,received,40139.80
725,9,25,2,2026-01-29 11:16:06,received,13661.37
726,7,25,2,2026-01-29 11:18:40,received,20725.53
727,7,25,2,2026-01-15 16:52:51,received,27447.51
728,12,25,2,2026-01-26 14:43:38,received,4991.02
729,14,25,2,2026-01-25 11:50:57,received,31392.63
730,15,25,2,2026-01-18 10:44:06,received,60703.79
731,9,25,2,2026-01-22 11:51:17,cancelled,28416.03
732,8,25,2,2026-01-28 13:36:38,received,19009.40
733,9,26,2,2026-01-30 15:26:53,received,18568.75
734,1,26,2,2026-01-17 10:25:50,approved,12914.17
735,3,26,2,2026-01-04 13:57:59,received,27684.34
736,9,26,2,2026-01-12 14:23:31,received,21048.24
737,13,26,2,2026-01-12 15:03:20,received,16213.01
738,1,26,2,2026-01-22 14:03:26,received,24798.95
739,1,26,2,2026-01-16 13:11:52,approved,26441.46
740,11,26,2,2026-01-20 13:39:09,received,38312.03
741,9,27,2,2026-01-17 09:20:42,received,18658.40
742,12,27,2,2026-01-13 15:00:28,received,23103.77
743,12,27,2,2026-01-16 15:50:30,received,12374.08
744,5,27,2,2026-01-07 16:47:52,received,14057.47
745,12,27,2,2026-01-17 10:44:55,received,18774.35
746,12,27,2,2026-01-07 11:51:50,received,20357.85
747,9,27,2,2026-01-04 10:15:30,received,24879.56
748,7,27,2,2026-01-16 15:49:47,received,27594.94
749,7,27,2,2026-01-03 09:49:14,approved,25256.53
750,11,27,2,2026-01-11 15:52:31,received,17589.35
751,4,27,2,2026-01-11 10:57:45,received,32942.37
752,10,27,2,2026-01-04 14:15:18,received,10429.01
753,7,27,2,2026-01-08 14:23:30,received,16375.08
754,8,27,2,2026-01-10 14:58:02,received,9265.18
755,11,28,2,2026-01-24 16:31:14,received,10310.46
756,12,28,2,2026-01-15 16:32:39,received,24900.16
757,13,28,2,2026-01-14 16:42:00,received,14705.97
758,3,28,2,2026-01-09 11:56:11,received,17489.21
759,9,29,2,2026-01-15 13:20:40,received,30596.80
760,9,29,2,2026-01-05 15:00:51,received,14623.00
761,9,29,2,2026-01-01 09:27:49,received,19861.48
762,10,29,2,2026-01-01 13:13:41,received,15577.86
763,12,30,2,2026-01-28 11:42:14,received,18318.90
764,9,30,2,2026-01-01 16:18:52,received,8867.14
765,7,30,2,2026-01-27 10:03:07,received,111082.36
766,12,30,2,2026-01-06 09:09:45,received,10937.80
767,8,31,2,2026-01-08 15:44:06,received,23549.84
768,7,31,2,2026-01-11 11:34:13,received,33709.95
769,13,31,2,2026-01-03 11:18:56,received,10630.50
770,8,31,2,2026-01-01 14:06:08,received,33188.28
771,12,31,2,2026-01-04 16:18:11,received,25766.28
772,9,31,2,2026-01-08 13:30:03,received,9302.32
773,14,31,2,2026-01-22 13:30:52,received,5921.24
774,7,31,2,2026-01-07 11:26:41,received,29224.76
775,7,32,2,2026-01-19 16:07:24,received,24575.27
776,15,32,2,2026-01-28 10:03:13,received,72044.25
777,1,32,2,2026-01-27 15:46:56,received,14224.38
778,9,32,2,2026-01-20 11:05:21,received,25395.21
779,8,32,2,2026-01-23 10:16:55,received,14877.80
780,9,32,2,2026-01-11 14:12:08,received,25163.94
781,15,32,2,2026-01-19 10:04:33,approved,40783.09
782,12,32,2,2026-01-03 10:25:01,received,17958.49
783,10,33,2,2026-01-13 13:55:51,received,6730.01
784,3,33,2,2026-01-19 11:30:30,received,33400.64
785,11,33,2,2026-01-05 14:04:28,received,5890.57
786,9,33,2,2026-01-21 14:55:34,received,21851.52
787,7,34,2,2026-01-27 14:05:02,received,24533.64
788,12,34,2,2026-01-16 13:16:19,received,15907.59
789,12,34,2,2026-01-28 10:54:09,approved,36384.29
790,10,34,2,2026-01-15 15:43:28,received,21168.52
791,10,34,2,2026-01-26 15:44:48,received,42020.21
792,9,34,2,2026-01-02 14:20:24,received,8440.00
793,7,34,2,2026-01-20 16:49:38,received,12266.44
794,10,34,2,2026-01-08 11:39:48,received,21320.30
795,15,35,2,2026-01-02 15:43:48,received,27476.85
796,12,35,2,2026-01-28 15:03:59,received,16231.92
797,3,35,2,2026-01-12 11:52:00,received,16032.71
798,10,35,2,2026-01-15 14:55:53,received,8344.48
799,7,35,2,2026-01-18 15:20:07,received,37416.86
800,10,35,2,2026-01-31 15:58:33,received,18807.88
801,12,35,2,2026-01-18 15:01:19,received,18488.78
802,11,35,2,2026-01-25 14:25:40,received,48269.05
803,7,35,2,2026-01-02 15:18:16,received,23213.67
804,7,35,2,2026-01-13 10:09:35,received,17265.63
805,8,35,2,2026-01-31 14:17:43,received,38971.74
806,1,35,2,2026-01-18 15:14:36,received,19035.20
807,10,36,2,2026-01-10 13:41:10,received,13282.20
808,15,36,2,2026-01-07 15:40:43,received,90796.13
809,15,36,2,2026-01-31 13:28:42,received,40091.88
810,7,36,2,2026-01-06 16:53:52,received,46862.50
811,9,36,2,2026-01-20 10:13:46,received,15410.66
812,11,37,2,2026-01-25 14:28:08,received,24075.49
813,9,37,2,2026-01-19 11:08:38,received,27706.23
814,12,37,2,2026-01-25 11:43:34,received,25148.22
815,7,37,2,2026-01-10 11:11:32,received,25273.32
816,11,37,2,2026-01-20 15:38:58,received,16512.34
817,15,37,2,2026-01-02 14:43:16,received,54539.89
818,3,38,2,2026-01-17 16:24:02,received,20946.03
819,6,38,2,2026-01-19 11:46:56,received,51885.58
820,8,38,2,2026-01-28 09:31:15,received,24743.12
821,7,38,2,2026-01-13 15:40:00,approved,28897.43
822,15,38,2,2026-01-23 16:36:49,received,37202.35
823,2,38,2,2026-01-30 09:39:42,received,20112.70
824,12,38,2,2026-01-18 13:27:39,received,13669.92
825,11,38,2,2026-01-11 16:11:46,received,25808.39
826,7,38,2,2026-01-13 14:45:27,received,21491.66
827,15,38,2,2026-01-07 09:54:18,received,38689.83
828,1,38,2,2026-01-27 10:47:27,received,28171.79
829,7,38,2,2026-01-23 13:43:19,received,33653.37
830,9,38,2,2026-01-03 09:41:46,received,14292.00
831,7,38,2,2026-01-08 09:29:03,received,27844.19
832,11,39,2,2026-01-30 10:38:30,cancelled,9995.41
833,4,39,2,2026-01-16 10:41:51,received,15970.04
834,9,39,2,2026-01-21 10:07:13,received,15070.07
835,15,39,2,2026-01-22 10:03:42,received,23271.79
836,4,39,2,2026-01-29 11:41:59,received,10573.66
837,11,39,2,2026-01-03 14:40:52,received,18674.99
838,13,39,2,2026-01-08 15:20:40,received,8593.95
839,7,39,2,2026-01-24 09:07:36,received,35880.23
840,8,40,2,2026-01-31 14:33:48,received,27847.65
841,15,40,2,2026-01-22 15:09:50,received,24473.93
842,15,40,2,2026-01-31 11:38:21,received,59129.75
843,12,40,2,2026-01-09 14:32:45,received,34405.89
844,10,40,2,2026-01-01 09:03:23,received,30384.76
845,15,40,2,2026-01-19 10:08:39,received,61174.12
846,3,41,2,2026-01-04 11:33:38,received,42945.28
847,12,41,2,2026-01-25 15:58:59,received,17937.95
848,5,41,2,2026-01-17 16:34:24,received,13041.38
849,15,41,2,2026-01-10 15:58:27,received,54534.88
850,9,41,2,2026-01-25 11:29:48,received,27335.93
851,11,42,2,2026-01-13 11:19:52,received,10826.30
852,9,42,2,2026-01-19 16:51:26,received,21250.49
853,7,42,2,2026-01-16 10:59:32,received,39594.04
854,15,42,2,2026-01-30 09:48:29,received,57868.70
855,8,42,2,2026-01-28 13:54:57,received,21387.41
856,13,42,2,2026-01-09 15:53:29,received,8491.81
857,11,42,2,2026-01-13 10:49:20,received,20104.22
858,13,42,2,2026-01-22 10:09:31,submitted,4841.59
859,15,43,2,2026-01-21 14:22:39,received,82236.06
860,9,43,2,2026-01-08 09:41:02,received,28118.68
861,10,43,2,2026-01-15 11:13:00,received,12028.12
862,7,43,2,2026-01-01 16:31:09,received,32891.15
863,11,43,2,2026-01-07 11:25:11,cancelled,11551.46
864,7,43,2,2026-01-01 10:01:59,received,34379.25
865,3,43,2,2026-01-18 13:59:08,received,11114.81
866,9,43,2,2026-01-14 16:23:09,received,27503.77
867,9,44,2,2026-01-20 10:31:56,received,32867.01
868,2,44,2,2026-01-08 11:09:17,received,22603.70
869,13,44,2,2026-01-10 09:18:42,received,5487.34
870,13,44,2,2026-01-27 15:31:15,received,14787.88
871,4,45,2,2026-01-09 09:32:56,received,35303.64
872,10,45,2,2026-01-10 15:30:24,received,14238.93
873,14,45,2,2026-01-02 10:47:26,received,12399.17
874,13,45,2,2026-01-28 11:43:06,received,4817.95
875,2,45,2,2026-01-19 09:36:52,received,28357.57
876,13,45,2,2026-01-28 13:57:41,approved,8780.42
877,15,45,2,2026-01-03 11:24:38,received,96550.77
878,8,45,2,2026-01-23 11:45:12,received,36769.70
879,7,46,2,2026-01-10 13:32:00,received,15927.50
880,1,46,2,2026-01-03 14:54:41,received,51142.80
881,15,46,2,2026-01-31 14:23:35,received,59668.99
882,11,46,2,2026-01-25 13:42:48,received,11326.54
883,13,46,2,2026-01-01 09:26:03,received,9467.47
884,2,47,2,2026-01-20 09:03:05,received,38965.48
885,11,47,2,2026-01-16 11:46:46,received,18668.94
886,13,47,2,2026-01-17 15:29:31,received,13259.15
887,10,47,2,2026-01-02 14:06:56,received,12188.24
888,10,47,2,2026-01-10 11:23:17,received,11361.28
889,13,47,2,2026-01-22 09:51:14,received,19725.87
890,13,48,2,2026-01-12 10:45:02,received,9284.87
891,13,48,2,2026-01-14 13:59:24,received,21622.34
892,9,48,2,2026-01-01 16:40:13,received,22524.97
893,11,48,2,2026-01-02 15:08:53,received,11150.14
894,11,48,2,2026-01-14 16:35:11,received,5865.09
895,11,48,2,2026-01-13 16:45:50,received,16364.30
896,10,49,2,2026-01-18 13:34:17,received,9403.35
897,5,49,2,2026-01-02 13:11:12,received,26697.28
898,4,49,2,2026-01-24 15:02:35,received,7059.00
899,10,49,2,2026-01-13 13:38:13,submitted,18160.22
900,8,49,2,2026-01-07 11:59:16,received,25855.99
901,12,49,2,2026-01-02 11:18:58,received,7305.43
902,5,50,2,2026-01-07 09:01:41,cancelled,28496.36
903,9,50,2,2026-01-01 15:30:27,received,21539.46
904,13,50,2,2026-01-31 10:38:24,received,14278.90
905,10,50,2,2026-01-20 09:26:17,received,13791.23
906,12,50,2,2026-01-12 15:12:55,received,30841.07
907,2,51,2,2026-01-04 09:06:26,received,7950.53
908,3,51,2,2026-01-19 10:50:57,received,22400.39
909,11,51,2,2026-01-19 16:19:28,received,18997.23
910,8,51,2,2026-01-24 14:53:46,received,17423.39
911,7,51,2,2026-01-06 14:45:32,received,36509.51
912,8,51,2,2026-01-05 16:59:39,received,44237.21
913,7,52,2,2026-01-18 11:19:54,received,69999.58
914,7,52,2,2026-01-09 13:26:20,received,28980.28
915,2,52,2,2026-01-15 10:26:16,received,18315.39
916,7,52,2,2026-01-09 10:40:03,received,21260.05
917,7,52,2,2026-01-09 15:19:03,received,33274.79
918,10,53,2,2026-01-13 15:50:22,received,22744.96
919,14,53,2,2026-01-30 10:09:14,cancelled,14415.15
920,8,53,2,2026-01-25 11:37:43,received,27139.34
921,7,53,2,2026-01-13 11:05:30,received,22358.75
922,7,53,2,2026-01-02 13:54:57,received,24528.58
923,7,53,2,2026-01-29 13:12:14,received,47993.89
924,7,53,2,2026-01-27 11:38:48,received,22400.62
925,13,53,2,2026-01-21 09:46:57,received,14450.97
926,10,54,2,2026-01-31 14:35:38,received,25755.70
927,15,54,2,2026-01-13 11:03:34,received,41592.57
928,7,54,2,2026-01-01 15:54:25,submitted,40494.49
929,7,54,2,2026-01-27 11:59:27,received,35477.73
930,10,54,2,2026-01-25 09:31:41,approved,16244.69
931,15,54,2,2026-01-09 11:59:13,received,71690.80
932,15,55,2,2026-01-12 11:54:00,received,88192.86
933,9,55,2,2026-01-07 09:23:02,cancelled,32265.90
934,12,55,2,2026-01-03 16:33:23,received,16620.01
935,1,55,2,2026-01-31 15:16:44,received,33523.21
936,7,55,2,2026-01-12 15:26:04,submitted,56724.20
937,12,55,2,2026-01-03 16:24:27,received,17700.45
938,13,55,2,2026-01-28 16:10:48,received,7758.97
939,2,55,2,2026-01-01 14:46:47,received,45331.25
940,15,56,2,2026-01-18 11:51:09,received,39853.86
941,10,56,2,2026-01-14 10:33:54,received,24378.65
942,7,56,2,2026-01-04 16:36:26,received,27119.99
943,12,56,2,2026-01-07 09:27:05,received,22692.59
944,13,57,2,2026-01-29 09:58:17,received,17333.63
945,15,57,2,2026-01-22 13:29:50,received,77351.21
946,9,57,2,2026-01-13 16:51:58,received,15029.08
947,15,57,2,2026-01-09 14:15:31,received,39071.23
948,8,57,2,2026-01-10 16:45:51,received,15354.22
949,10,58,2,2026-01-23 16:36:10,received,15914.13
950,9,58,2,2026-01-09 15:49:32,received,7520.65
951,10,58,2,2026-01-12 09:39:33,received,40612.64
952,14,58,2,2026-01-22 14:55:42,received,12147.80
953,2,58,2,2026-01-31 10:50:12,received,16098.61
954,10,1,2,2026-02-21 13:15:53,received,22046.20
955,10,1,2,2026-02-24 14:07:20,received,11102.30
956,7,1,2,2026-02-01 15:29:32,received,35696.50
957,14,1,2,2026-02-23 09:54:21,received,26300.00
958,2,1,2,2026-02-13 14:13:55,approved,48304.95
959,11,1,2,2026-02-25 15:51:53,received,16919.15
960,12,1,2,2026-02-13 10:36:10,received,16438.75
961,7,1,2,2026-02-22 15:27:54,received,14080.90
962,10,1,2,2026-02-04 10:12:57,received,10383.00
963,1,1,2,2026-02-01 13:00:32,received,25437.12
964,13,2,2,2026-02-21 10:01:36,received,6586.36
965,11,2,2,2026-02-09 09:02:26,cancelled,37982.70
966,7,2,2,2026-02-13 14:21:47,received,14534.20
967,12,2,2,2026-02-28 11:20:55,received,9035.10
968,12,2,2,2026-02-07 16:15:01,received,51263.75
969,7,2,2,2026-02-16 10:31:40,received,24288.00
970,15,2,2,2026-02-25 15:28:55,received,16870.92
971,9,2,2,2026-02-15 14:07:55,received,23955.25
972,12,2,2,2026-02-28 13:31:00,received,20759.54
973,7,2,2,2026-02-01 10:47:36,received,40810.00
974,10,2,2,2026-02-18 14:25:04,received,17635.50
975,9,3,2,2026-02-06 15:44:23,received,20471.85
976,8,3,2,2026-02-03 15:13:33,received,10740.40
977,13,3,2,2026-02-09 13:26:29,received,31757.13
978,12,3,2,2026-02-10 13:24:04,received,5123.55
979,7,3,2,2026-02-23 11:14:58,received,22564.00
980,9,4,2,2026-02-06 13:51:47,received,14353.20
981,12,4,2,2026-02-19 13:43:41,received,9296.85
982,3,4,2,2026-02-24 11:51:02,received,18148.30
983,12,4,2,2026-02-19 10:23:22,received,5346.35
984,9,5,2,2026-02-04 09:25:34,received,15486.80
985,12,5,2,2026-02-25 14:25:21,received,10317.30
986,11,5,2,2026-02-13 13:34:14,received,17851.98
987,8,5,2,2026-02-26 15:56:07,approved,27456.70
988,8,5,2,2026-02-17 14:06:23,received,14172.69
989,7,5,2,2026-02-28 15:11:26,approved,22287.40
990,12,5,2,2026-02-27 10:59:44,received,15413.80
991,5,5,2,2026-02-02 11:29:09,received,14889.40
992,4,6,2,2026-02-10 13:20:57,received,10897.60
993,12,6,2,2026-02-17 13:40:27,approved,15859.05
994,11,6,2,2026-02-01 13:14:19,received,8910.35
995,9,6,2,2026-02-21 14:25:05,received,29959.10
996,11,6,2,2026-02-26 09:33:43,received,6173.30
997,15,7,2,2026-02-06 13:10:13,received,50920.92
998,4,7,2,2026-02-02 15:11:28,received,51559.44
999,7,7,2,2026-02-09 15:46:06,received,17363.20
1000,8,8,2,2026-02-07 16:45:36,received,31258.70
1001,14,8,2,2026-02-28 14:08:51,received,44106.55
1002,12,8,2,2026-02-08 14:08:15,received,14403.14
1003,2,8,2,2026-02-08 10:34:50,received,16451.80
1004,15,8,2,2026-02-13 11:33:27,received,37452.00
1005,11,9,2,2026-02-02 10:21:44,received,16135.66
1006,8,9,2,2026-02-09 15:11:02,received,17433.54
1007,9,9,2,2026-02-02 10:26:51,received,36731.40
1008,10,9,2,2026-02-25 15:05:14,received,12066.15
1009,8,9,2,2026-02-04 11:04:00,received,29375.90
1010,10,9,2,2026-02-04 11:54:34,received,17166.35
1011,11,9,2,2026-02-15 11:38:53,received,9755.84
1012,11,9,2,2026-02-22 13:50:30,received,18726.67
1013,13,9,2,2026-02-22 11:52:53,received,11657.15
1014,15,9,2,2026-02-23 09:42:27,received,29700.72
1015,12,9,2,2026-02-13 10:25:27,received,6829.82
1016,8,10,2,2026-02-15 10:15:42,received,18042.30
1017,3,10,2,2026-02-09 13:57:50,received,36035.60
1018,8,10,2,2026-02-18 14:42:54,received,27606.30
1019,7,10,2,2026-02-03 16:23:56,cancelled,8486.20
1020,7,10,2,2026-02-19 10:24:22,received,59121.00
1021,15,10,2,2026-02-21 10:17:04,received,18915.72
1022,9,10,2,2026-02-28 11:43:12,received,7224.45
1023,15,10,2,2026-02-16 09:10:55,received,33358.68
1024,12,10,2,2026-02-20 10:37:51,received,24527.00
1025,3,11,2,2026-02-21 11:10:32,received,23807.55
1026,12,11,2,2026-02-03 11:09:55,received,25748.45
1027,8,11,2,2026-02-08 11:16:59,received,24213.55
1028,3,11,2,2026-02-21 11:45:36,received,19726.35
1029,5,11,2,2026-02-10 15:47:34,received,20225.05
1030,8,12,2,2026-02-28 15:04:21,received,22609.00
1031,15,12,2,2026-02-04 09:53:14,received,33955.08
1032,7,12,2,2026-02-16 10:55:22,received,27186.60
1033,15,12,2,2026-02-19 10:48:34,received,25257.48
1034,7,12,2,2026-02-15 14:37:36,received,19847.60
1035,1,13,2,2026-02-09 09:40:28,received,15822.95
1036,13,13,2,2026-02-05 11:20:20,received,8377.05
1037,11,13,2,2026-02-06 14:51:56,received,5060.50
1038,2,13,2,2026-02-01 14:39:04,received,7719.85
1039,7,13,2,2026-02-05 11:08:23,received,30411.80
1040,10,14,2,2026-02-22 11:19:41,received,4409.85
1041,5,14,2,2026-02-01 13:45:16,received,33467.15
1042,7,14,2,2026-02-26 16:24:49,received,8259.00
1043,10,14,2,2026-02-27 13:40:25,received,6074.40
1044,9,14,2,2026-02-16 16:29:29,received,16437.55
1045,1,14,2,2026-02-07 13:28:33,received,19576.85
1046,11,14,2,2026-02-19 15:44:43,received,14704.17
1047,12,14,2,2026-02-22 14:41:12,received,10601.15
1048,8,14,2,2026-02-16 13:52:52,received,22778.15
1049,9,15,2,2026-02-18 11:01:54,received,25143.30
1050,8,15,2,2026-02-04 15:02:09,received,14586.60
1051,7,15,2,2026-02-05 10:35:58,received,19285.40
1052,8,15,2,2026-02-06 09:27:11,received,8433.90
1053,11,15,2,2026-02-02 16:12:27,received,10976.50
1054,2,15,2,2026-02-16 15:15:01,received,15579.05
1055,13,15,2,2026-02-11 14:28:37,received,20099.37
1056,8,15,2,2026-02-12 09:18:27,received,28280.90
1057,13,15,2,2026-02-28 14:51:34,received,7925.15
1058,10,16,2,2026-02-03 16:18:37,received,13346.65
1059,8,16,2,2026-02-03 15:00:16,received,31150.85
1060,4,16,2,2026-02-21 10:14:43,received,16810.90
1061,9,16,2,2026-02-23 10:03:00,received,30201.65
1062,8,16,2,2026-02-21 13:02:20,received,10367.50
1063,9,16,2,2026-02-05 11:24:37,received,13805.20
1064,8,16,2,2026-02-09 14:46:32,approved,22855.90
1065,15,16,2,2026-02-01 16:14:48,approved,35439.84
1066,9,17,2,2026-02-04 09:45:49,received,10906.21
1067,11,17,2,2026-02-25 13:24:00,received,20436.85
1068,11,17,2,2026-02-24 09:19:14,received,16702.55
1069,11,17,2,2026-02-12 15:59:59,cancelled,10138.80
1070,15,17,2,2026-02-07 11:04:00,received,59381.76
1071,15,17,2,2026-02-28 14:02:43,received,23090.04
1072,10,17,2,2026-02-16 15:16:28,received,20272.97
1073,14,17,2,2026-02-25 13:21:52,approved,29423.05
1074,13,17,2,2026-02-09 10:28:29,received,14866.84
1075,6,17,2,2026-02-18 16:02:33,submitted,22199.17
1076,9,18,2,2026-02-18 14:51:28,received,15376.21
1077,9,18,2,2026-02-26 10:52:31,approved,24686.00
1078,8,18,2,2026-02-18 10:45:52,received,30594.75
1079,15,18,2,2026-02-04 14:03:43,received,29916.84
1080,15,18,2,2026-02-26 15:56:12,received,26855.04
1081,8,19,2,2026-02-06 09:44:54,received,15002.25
1082,4,19,2,2026-02-08 16:29:49,received,30226.55
1083,7,19,2,2026-02-05 16:06:38,received,15532.60
1084,14,19,2,2026-02-12 14:47:36,received,22714.30
1085,11,19,2,2026-02-13 16:26:11,received,14316.20
1086,8,20,2,2026-02-24 10:59:32,approved,24270.50
1087,13,20,2,2026-02-21 10:01:14,received,5321.00
1088,9,20,2,2026-02-27 11:53:57,received,19532.40
1089,8,20,2,2026-02-12 11:35:20,received,37319.85
1090,1,20,2,2026-02-16 14:35:05,received,27938.30
1091,9,20,2,2026-02-09 10:28:51,received,6160.00
1092,3,20,2,2026-02-25 14:04:55,received,27704.35
1093,1,20,2,2026-02-13 11:56:33,received,27619.44
1094,4,20,2,2026-02-08 16:30:39,received,24161.05
1095,8,21,2,2026-02-10 14:24:35,received,23610.90
1096,7,21,2,2026-02-13 13:47:27,received,33080.85
1097,8,21,2,2026-02-21 16:03:12,received,30109.74
1098,9,21,2,2026-02-05 14:39:26,received,23785.40
1099,12,21,2,2026-02-12 16:19:52,received,26100.15
1100,7,21,2,2026-02-25 16:45:08,received,19315.60
1101,12,21,2,2026-02-13 11:21:08,received,16320.74
1102,7,21,2,2026-02-13 13:43:16,received,31259.50
1103,9,21,2,2026-02-06 11:39:59,received,15008.20
1104,11,21,2,2026-02-05 11:30:30,received,6232.66
1105,1,22,2,2026-02-08 11:51:21,submitted,23186.31
1106,15,22,2,2026-02-03 14:58:21,received,57443.88
1107,12,22,2,2026-02-12 13:10:58,received,11547.95
1108,14,22,2,2026-02-05 13:15:18,received,22193.81
1109,8,23,2,2026-02-22 15:12:49,received,33400.65
1110,13,23,2,2026-02-02 15:42:34,received,4940.80
1111,10,23,2,2026-02-10 13:13:25,received,12672.55
1112,9,23,2,2026-02-12 14:49:53,received,26262.10
1113,8,23,2,2026-02-13 15:48:49,received,16402.50
1114,13,23,2,2026-02-25 14:10:17,received,5406.70
1115,9,23,2,2026-02-28 09:23:21,received,8806.50
1116,10,23,2,2026-02-17 13:58:11,approved,11547.60
1117,10,23,2,2026-02-09 15:43:47,received,10381.68
1118,11,23,2,2026-02-07 11:57:36,received,17713.90
1119,1,23,2,2026-02-16 14:04:31,received,25392.75
1120,13,24,2,2026-02-19 15:35:18,received,5819.12
1121,9,24,2,2026-02-22 11:28:58,received,28167.40
1122,6,24,2,2026-02-23 11:59:09,approved,16728.57
1123,12,24,2,2026-02-02 14:32:11,cancelled,4750.80
1124,12,24,2,2026-02-21 10:11:30,received,11926.05
1125,13,24,2,2026-02-07 13:41:22,received,5505.65
1126,6,24,2,2026-02-17 16:21:33,received,9686.65
1127,10,24,2,2026-02-11 11:36:45,received,46030.04
1128,9,25,2,2026-02-01 11:07:33,received,33004.84
1129,10,25,2,2026-02-08 09:53:08,cancelled,19806.98
1130,9,25,2,2026-02-09 13:18:53,received,21833.70
1131,10,25,2,2026-02-11 14:22:09,received,29854.12
1132,5,25,2,2026-02-14 16:37:01,cancelled,41971.80
1133,15,26,2,2026-02-01 11:09:07,received,20287.32
1134,8,26,2,2026-02-11 09:53:52,received,16226.50
1135,13,26,2,2026-02-03 13:07:17,received,7220.55
1136,11,26,2,2026-02-11 10:39:15,received,7063.80
1137,15,26,2,2026-02-14 10:52:22,approved,42767.88
1138,3,27,2,2026-02-14 10:09:51,received,17002.15
1139,14,27,2,2026-02-08 10:46:05,cancelled,17886.80
1140,6,27,2,2026-02-06 15:55:15,received,51362.80
1141,4,27,2,2026-02-20 13:01:51,received,11055.50
1142,2,27,2,2026-02-13 15:59:36,approved,19648.50
1143,10,27,2,2026-02-28 14:45:34,received,14381.41
1144,15,27,2,2026-02-22 14:27:19,received,43677.48
1145,10,27,2,2026-02-06 13:11:28,received,9320.25
1146,5,27,2,2026-02-20 13:26:36,received,37059.15
1147,11,27,2,2026-02-19 16:25:55,received,39701.40
1148,9,28,2,2026-02-06 10:12:26,cancelled,11306.40
1149,11,28,2,2026-02-07 10:22:21,received,31375.10
1150,10,28,2,2026-02-10 11:19:17,received,26044.35
1151,8,28,2,2026-02-28 10:44:56,received,8089.35
1152,8,28,2,2026-02-24 16:32:14,received,35029.55
1153,10,29,2,2026-02-21 16:32:55,received,15170.44
1154,1,29,2,2026-02-24 11:28:38,received,22472.00
1155,5,29,2,2026-02-03 16:24:14,received,31772.40
1156,12,29,2,2026-02-13 15:01:46,received,32259.75
1157,1,30,2,2026-02-19 15:41:46,received,18181.05
1158,8,30,2,2026-02-02 15:39:36,received,10313.80
1159,14,30,2,2026-02-15 11:44:32,received,20562.65
1160,15,31,2,2026-02-24 09:09:18,received,42774.00
1161,7,31,2,2026-02-12 13:10:33,received,15738.60
1162,8,31,2,2026-02-22 16:42:54,received,18266.60
1163,7,31,2,2026-02-12 14:53:49,received,20801.25
1164,8,31,2,2026-02-22 15:44:50,received,15346.33
1165,11,32,2,2026-02-04 14:54:12,received,17100.90
1166,9,32,2,2026-02-07 09:12:11,received,36088.15
1167,15,32,2,2026-02-15 09:26:52,received,27805.32
1168,8,32,2,2026-02-25 11:38:35,received,30127.62
1169,7,32,2,2026-02-27 16:55:21,received,14354.20
1170,3,33,2,2026-02-05 13:58:03,received,13660.85
1171,7,33,2,2026-02-21 13:12:27,received,9177.60
1172,11,33,2,2026-02-15 10:29:00,received,8832.10
1173,13,33,2,2026-02-28 10:46:04,received,12499.45
1174,15,34,2,2026-02-25 10:29:04,received,60723.72
1175,13,34,2,2026-02-01 16:51:29,received,6688.16
1176,7,34,2,2026-02-10 15:15:47,received,37605.60
1177,15,34,2,2026-02-26 13:10:22,received,46093.08
1178,8,35,2,2026-02-24 14:30:43,received,4936.65
1179,13,35,2,2026-02-19 09:15:09,received,14400.74
1180,7,35,2,2026-02-16 15:39:18,received,23767.80
1181,9,35,2,2026-02-04 15:45:12,received,20467.90
1182,7,35,2,2026-02-18 10:54:15,received,28330.40
1183,8,35,2,2026-02-22 15:41:47,received,17731.60
1184,13,35,2,2026-02-14 10:01:26,received,8935.10
1185,6,35,2,2026-02-11 16:30:52,received,26333.41
1186,8,35,2,2026-02-13 10:06:16,received,27027.50
1187,3,36,2,2026-02-17 14:07:00,received,26797.80
1188,2,36,2,2026-02-04 16:18:59,received,17258.10
1189,8,36,2,2026-02-04 10:47:30,received,28241.92
1190,11,36,2,2026-02-04 14:02:39,received,26479.05
1191,15,36,2,2026-02-04 09:59:02,received,44242.44
1192,15,37,2,2026-02-25 09:24:04,received,28248.12
1193,9,37,2,2026-02-23 13:50:34,received,10801.90
1194,7,37,2,2026-02-15 14:02:59,received,26138.20
1195,12,37,2,2026-02-15 14:37:53,received,21582.30
1196,11,37,2,2026-02-06 10:20:06,received,18395.62
1197,10,38,2,2026-02-09 15:08:01,received,8983.60
1198,13,38,2,2026-02-09 16:33:23,received,5442.75
1199,7,38,2,2026-02-18 10:19:12,received,32439.15
1200,8,38,2,2026-02-12 16:11:14,received,31584.65
1201,12,38,2,2026-02-14 10:29:47,received,11574.96
1202,13,38,2,2026-02-04 16:26:35,received,6517.00
1203,7,38,2,2026-02-11 14:10:15,received,17488.20
1204,8,38,2,2026-02-14 14:42:36,received,11988.44
1205,7,38,2,2026-02-26 09:07:42,received,18332.00
1206,7,38,2,2026-02-06 14:40:36,received,22597.00
1207,7,39,2,2026-02-12 14:49:40,received,39911.00
1208,1,39,2,2026-02-15 09:26:40,received,24122.55
1209,7,39,2,2026-02-12 09:53:45,received,15768.80
1210,8,39,2,2026-02-23 14:00:25,received,26618.00
1211,13,39,2,2026-02-22 10:18:47,received,8534.25
1212,11,40,2,2026-02-10 16:15:34,received,23426.20
1213,10,40,2,2026-02-20 14:04:40,received,10655.20
1214,8,40,2,2026-02-19 16:28:57,received,26765.60
1215,10,41,2,2026-02-25 16:03:44,received,28241.15
1216,8,41,2,2026-02-01 11:45:01,received,16382.45
1217,4,41,2,2026-02-11 10:28:55,received,40305.73
1218,10,41,2,2026-02-06 13:10:38,received,14420.98
1219,14,41,2,2026-02-08 14:46:47,received,20494.65
1220,10,42,2,2026-02-07 10:53:06,received,32549.10
1221,12,42,2,2026-02-19 14:43:47,received,10931.85
1222,12,42,2,2026-02-22 15:03:43,received,15605.20
1223,7,43,2,2026-02-25 11:25:44,received,18132.20
1224,9,43,2,2026-02-28 11:30:00,received,27218.85
1225,1,43,2,2026-02-21 13:01:18,received,34127.65
1226,4,43,2,2026-02-18 14:51:02,received,33337.05
1227,15,44,2,2026-02-04 09:42:56,received,14479.44
1228,8,44,2,2026-02-28 11:49:57,received,20489.45
1229,15,44,2,2026-02-01 10:15:02,received,83212.20
1230,10,44,2,2026-02-19 15:36:05,received,25420.77
1231,9,44,2,2026-02-13 16:22:27,received,27710.95
1232,9,45,2,2026-02-21 10:32:27,received,19800.65
1233,7,45,2,2026-02-20 09:57:40,received,28224.20
1234,12,45,2,2026-02-23 14:01:25,received,18618.20
1235,7,45,2,2026-02-17 15:54:50,received,20777.60
1236,10,45,2,2026-02-12 16:53:32,received,21755.88
1237,10,46,2,2026-02-02 16:24:39,received,18107.65
1238,12,46,2,2026-02-08 13:32:49,received,12468.85
1239,10,46,2,2026-02-25 09:38:57,approved,8187.25
1240,13,47,2,2026-02-21 14:13:45,received,22089.50
1241,8,47,2,2026-02-18 16:08:13,received,25307.70
1242,7,47,2,2026-02-08 15:48:10,received,27552.20
1243,10,47,2,2026-02-27 15:59:10,received,29046.00
1244,13,47,2,2026-02-07 10:20:57,received,10753.53
1245,13,48,2,2026-02-23 15:57:23,received,11371.40
1246,3,48,2,2026-02-13 16:51:57,received,18886.80
1247,11,48,2,2026-02-23 13:04:59,received,14584.70
1248,13,49,2,2026-02-09 15:01:40,received,5530.05
1249,7,49,2,2026-02-27 10:27:27,received,9831.40
1250,15,49,2,2026-02-01 11:00:21,received,30672.00
1251,12,50,2,2026-02-05 10:57:56,received,12971.15
1252,11,50,2,2026-02-08 10:50:17,received,24709.60
1253,12,50,2,2026-02-22 09:39:18,received,11053.64
1254,7,51,2,2026-02-26 15:48:43,received,48520.40
1255,11,51,2,2026-02-10 10:33:36,received,11759.39
1256,12,51,2,2026-02-09 14:41:07,received,9175.90
1257,8,52,2,2026-02-20 14:17:52,received,21983.92
1258,10,52,2,2026-02-05 15:52:50,received,10988.54
1259,13,52,2,2026-02-21 10:01:52,received,13779.55
1260,7,52,2,2026-02-21 10:52:58,received,19562.40
1261,15,53,2,2026-02-08 10:12:58,received,30987.00
1262,9,53,2,2026-02-16 14:12:50,submitted,11535.00
1263,11,53,2,2026-02-21 10:27:51,received,5640.20
1264,9,53,2,2026-02-20 13:53:13,received,11002.70
1265,5,53,2,2026-02-07 09:23:47,received,19503.15
1266,9,54,2,2026-02-11 16:17:43,received,34984.55
1267,14,54,2,2026-02-10 15:56:42,received,8417.35
1268,12,54,2,2026-02-12 11:27:51,received,23001.80
1269,3,54,2,2026-02-26 16:08:31,received,30069.95
1270,12,55,2,2026-02-01 09:54:24,received,15799.30
1271,9,55,2,2026-02-10 15:48:56,received,26478.50
1272,9,55,2,2026-02-01 10:11:40,received,15411.80
1273,8,55,2,2026-02-12 13:37:06,received,8205.05
1274,8,55,2,2026-02-27 11:20:14,received,11635.95
1275,11,56,2,2026-02-24 13:04:40,received,17147.95
1276,7,56,2,2026-02-22 14:47:40,received,22392.10
1277,9,56,2,2026-02-09 15:52:58,received,15097.60
1278,11,56,2,2026-02-18 09:48:55,received,4871.15
1279,7,56,2,2026-02-21 10:38:52,received,26482.10
1280,1,57,2,2026-02-08 14:39:52,received,12776.00
1281,9,57,2,2026-02-12 13:02:39,received,16682.90
1282,8,57,2,2026-02-15 14:36:04,received,9391.85
1283,14,57,2,2026-02-23 11:20:39,received,10340.30
1284,7,57,2,2026-02-23 10:31:02,received,9408.40
1285,11,58,2,2026-02-13 16:46:33,received,10314.15
1286,13,58,2,2026-02-16 11:01:11,received,11488.10
1287,4,58,2,2026-02-23 13:42:37,received,17871.20
1288,13,58,2,2026-02-10 15:53:44,received,16133.55
1289,10,58,2,2026-02-08 15:56:51,approved,19168.95
1290,8,1,2,2026-03-02 11:42:18,received,9588.30
1291,11,1,2,2026-03-26 14:48:40,received,11311.85
1292,7,1,2,2026-03-22 16:56:17,received,7757.15
1293,7,1,2,2026-03-07 10:32:12,received,14885.60
1294,9,1,2,2026-03-25 14:48:39,received,16572.70
1295,7,1,2,2026-03-05 16:18:28,received,45448.40
1296,15,1,2,2026-03-14 10:36:31,received,97103.64
1297,13,1,2,2026-03-19 13:46:44,received,13173.57
1298,11,1,2,2026-03-13 15:31:03,received,19200.80
1299,13,1,2,2026-03-03 13:16:35,received,3275.45
1300,15,1,2,2026-03-15 11:38:35,received,58083.12
1301,9,1,2,2026-03-26 14:06:13,received,17617.50
1302,15,2,2,2026-03-09 16:13:15,received,26269.44
1303,8,2,2,2026-03-05 14:24:32,received,17131.50
1304,10,2,2,2026-03-01 13:47:35,received,48742.15
1305,8,2,2,2026-03-14 13:29:22,received,10768.00
1306,8,2,2,2026-03-02 09:51:51,received,35968.13
1307,13,2,2,2026-03-02 13:23:09,received,9081.95
1308,9,2,2,2026-03-22 10:43:57,received,27987.50
1309,7,2,2,2026-03-02 10:52:17,received,38828.00
1310,12,2,2,2026-03-20 09:50:14,received,23009.31
1311,9,2,2,2026-03-15 14:01:55,received,13158.40
1312,2,2,2,2026-03-11 11:51:01,received,25770.45
1313,9,2,2,2026-03-16 16:45:41,received,11622.88
1314,7,2,2,2026-03-31 16:50:47,received,26241.80
1315,7,3,2,2026-03-09 13:21:19,cancelled,43878.60
1316,8,3,2,2026-03-03 16:43:17,received,6999.85
1317,15,3,2,2026-03-05 11:05:19,received,33804.72
1318,13,3,2,2026-03-22 14:19:53,submitted,4939.95
1319,7,3,2,2026-03-12 14:30:51,approved,18613.80
1320,3,3,2,2026-03-27 13:44:09,received,16984.95
1321,11,3,2,2026-03-08 11:01:59,received,13377.95
1322,7,4,2,2026-03-02 13:09:30,received,24313.80
1323,7,4,2,2026-03-15 13:47:36,received,11485.40
1324,14,4,2,2026-03-23 13:52:16,received,30276.90
1325,15,4,2,2026-03-26 11:40:54,received,53454.60
1326,11,4,2,2026-03-15 16:09:57,received,10611.95
1327,9,4,2,2026-03-23 14:06:39,received,15855.00
1328,7,4,2,2026-03-23 15:26:19,received,13468.60
1329,5,5,2,2026-03-28 13:27:19,received,20025.00
1330,13,5,2,2026-03-13 14:45:57,approved,6914.05
1331,15,5,2,2026-03-18 14:43:48,received,21489.24
1332,11,5,2,2026-03-30 10:01:05,received,17819.55
1333,11,5,2,2026-03-11 10:01:45,cancelled,13030.10
1334,9,5,2,2026-03-04 14:22:24,received,20120.05
1335,7,5,2,2026-03-01 13:07:04,received,30342.40
1336,10,5,2,2026-03-13 10:03:07,received,20539.95
1337,8,5,2,2026-03-09 11:11:35,cancelled,9417.05
1338,9,5,2,2026-03-17 09:04:57,received,12647.15
1339,9,5,2,2026-03-15 16:34:43,received,36009.85
1340,12,5,2,2026-03-15 11:41:11,received,15747.40
1341,8,6,2,2026-03-08 14:31:21,received,36979.45
1342,15,6,2,2026-03-27 11:35:30,received,41363.76
1343,12,6,2,2026-03-04 15:49:51,received,24703.55
1344,8,6,2,2026-03-13 13:11:47,received,16209.60
1345,7,6,2,2026-03-07 10:34:56,received,35221.00
1346,5,6,2,2026-03-26 11:38:12,received,15645.95
1347,9,7,2,2026-03-01 09:48:48,cancelled,10082.38
1348,12,7,2,2026-03-28 14:10:16,received,8299.90
1349,10,7,2,2026-03-25 10:16:39,received,25492.80
1350,8,7,2,2026-03-30 16:42:07,received,13318.70
1351,11,7,2,2026-03-20 16:00:56,received,13357.35
1352,7,7,2,2026-03-16 09:10:13,received,19820.60
1353,5,8,2,2026-03-17 11:21:11,received,14638.35
1354,11,8,2,2026-03-21 10:10:11,received,12039.96
1355,4,8,2,2026-03-11 11:49:28,received,15376.20
1356,12,8,2,2026-03-21 16:55:30,received,14466.70
1357,7,8,2,2026-03-13 14:57:13,received,25928.60
1358,12,8,2,2026-03-05 09:51:14,received,28668.13
1359,11,9,2,2026-03-18 11:43:21,received,8005.35
1360,10,9,2,2026-03-21 16:48:56,received,12602.35
1361,12,9,2,2026-03-22 15:49:08,received,5733.10
1362,15,9,2,2026-03-29 15:24:41,received,69323.52
1363,9,9,2,2026-03-11 14:35:17,received,23361.25
1364,8,9,2,2026-03-14 14:12:12,received,28940.45
1365,6,9,2,2026-03-18 10:37:24,received,25832.81
1366,11,9,2,2026-03-01 09:40:41,cancelled,19368.50
1367,2,9,2,2026-03-05 11:53:41,received,35143.30
1368,7,9,2,2026-03-14 13:24:21,received,25709.60
1369,14,9,2,2026-03-11 14:30:19,received,16038.40
1370,11,10,2,2026-03-10 13:53:09,received,14998.40
1371,10,10,2,2026-03-28 09:09:03,received,15630.10
1372,7,10,2,2026-03-24 09:23:17,received,25903.40
1373,11,10,2,2026-03-13 14:18:49,received,13834.20
1374,5,10,2,2026-03-15 11:46:22,received,12855.75
1375,9,10,2,2026-03-02 10:11:39,received,21284.60
1376,12,10,2,2026-03-09 13:53:39,received,19872.75
1377,10,10,2,2026-03-24 10:18:14,received,13596.65
1378,11,10,2,2026-03-17 13:34:28,received,12842.35
1379,14,10,2,2026-03-10 15:20:23,received,9389.50
1380,12,10,2,2026-03-13 10:59:05,received,16171.50
1381,1,10,2,2026-03-16 11:23:17,received,9630.60
1382,12,11,2,2026-03-07 16:56:27,received,14478.55
1383,8,11,2,2026-03-27 14:19:38,received,22460.55
1384,12,11,2,2026-03-06 15:30:07,received,3953.25
1385,9,11,2,2026-03-20 11:38:20,received,17256.20
1386,8,11,2,2026-03-25 09:05:08,received,14524.09
1387,12,11,2,2026-03-27 09:23:53,received,12361.90
1388,4,11,2,2026-03-02 14:36:45,received,20591.50
1389,7,12,2,2026-03-16 13:15:50,received,16763.50
1390,15,12,2,2026-03-15 11:59:40,received,27339.48
1391,12,12,2,2026-03-25 13:24:00,received,17479.91
1392,9,12,2,2026-03-03 16:20:30,received,23872.75
1393,7,13,2,2026-03-20 11:21:39,received,33571.60
1394,7,13,2,2026-03-25 15:19:17,received,15680.80
1395,8,13,2,2026-03-17 15:34:06,received,11147.00
1396,7,13,2,2026-03-02 15:32:03,received,18237.80
1397,8,13,2,2026-03-14 16:27:36,received,24656.60
1398,13,14,2,2026-03-27 15:33:03,received,5965.46
1399,12,14,2,2026-03-04 15:41:05,approved,5983.30
1400,2,14,2,2026-03-18 10:23:27,received,12235.55
1401,11,14,2,2026-03-24 11:36:12,cancelled,7973.30
1402,4,14,2,2026-03-18 16:23:38,received,30096.83
1403,14,14,2,2026-03-06 15:38:44,received,42145.00
1404,5,14,2,2026-03-28 15:58:10,received,9663.50
1405,13,14,2,2026-03-07 11:27:51,received,11465.97
1406,12,14,2,2026-03-08 13:02:55,received,21778.91
1407,8,14,2,2026-03-15 14:48:12,received,15274.15
1408,10,14,2,2026-03-27 10:40:07,received,26970.60
1409,5,15,2,2026-03-05 14:13:37,received,17035.40
1410,4,15,2,2026-03-23 09:53:21,received,19615.70
1411,7,15,2,2026-03-12 15:56:06,received,19374.40
1412,9,15,2,2026-03-03 13:33:56,received,17998.30
1413,9,15,2,2026-03-19 11:56:51,received,5679.00
1414,7,15,2,2026-03-24 09:39:26,received,38731.65
1415,7,15,2,2026-03-18 09:47:59,received,25123.80
1416,1,15,2,2026-03-21 14:21:51,received,7559.80
1417,1,15,2,2026-03-16 15:24:59,received,7638.54
1418,13,15,2,2026-03-08 14:57:59,received,11896.24
1419,7,15,2,2026-03-24 11:23:19,received,20176.40
1420,12,15,2,2026-03-23 11:37:54,received,12579.85
1421,9,15,2,2026-03-08 15:11:27,received,14921.71
1422,10,16,2,2026-03-04 14:26:13,received,19628.85
1423,10,16,2,2026-03-17 13:56:08,received,7585.70
1424,9,16,2,2026-03-18 14:56:13,received,20581.35
1425,10,16,2,2026-03-05 11:55:21,received,16686.62
1426,2,16,2,2026-03-23 09:24:39,received,13678.20
1427,13,16,2,2026-03-27 15:12:19,received,11316.95
1428,7,16,2,2026-03-22 14:01:20,received,9623.20
1429,7,16,2,2026-03-10 09:26:28,approved,30703.80
1430,9,16,2,2026-03-07 15:18:01,received,14808.55
1431,7,16,2,2026-03-31 10:22:41,received,24468.40
1432,13,17,2,2026-03-20 14:16:28,received,34257.05
1433,11,17,2,2026-03-13 11:49:36,received,12252.20
1434,9,17,2,2026-03-19 16:46:53,received,22137.41
1435,8,17,2,2026-03-14 14:14:25,received,33437.99
1436,1,17,2,2026-03-18 16:39:45,received,25815.73
1437,3,17,2,2026-03-18 14:00:59,received,18554.95
1438,12,17,2,2026-03-21 16:43:19,submitted,16128.59
1439,9,17,2,2026-03-25 16:37:01,received,15872.95
1440,9,17,2,2026-03-21 14:59:46,received,22323.70
1441,7,17,2,2026-03-02 09:11:04,received,11129.40
1442,6,17,2,2026-03-13 14:36:43,received,26986.63
1443,7,18,2,2026-03-10 15:33:32,received,24860.90
1444,14,18,2,2026-03-08 15:20:25,received,18242.45
1445,13,18,2,2026-03-30 10:57:30,received,11718.65
1446,10,18,2,2026-03-13 16:56:40,received,10784.30
1447,10,18,2,2026-03-03 10:24:13,approved,8762.65
1448,4,18,2,2026-03-07 14:59:57,received,22290.50
1449,9,19,2,2026-03-20 09:03:04,received,30370.85
1450,5,19,2,2026-03-09 10:17:21,received,20843.90
1451,15,19,2,2026-03-19 10:22:55,received,58713.00
1452,7,19,2,2026-03-19 11:21:24,cancelled,34620.35
1453,14,19,2,2026-03-02 11:53:17,received,13893.80
1454,13,20,2,2026-03-23 14:01:34,received,12402.10
1455,10,20,2,2026-03-12 13:16:18,received,14804.70
1456,11,20,2,2026-03-02 15:22:03,received,11907.70
1457,14,20,2,2026-03-19 14:55:30,received,9882.40
1458,9,20,2,2026-03-27 10:53:06,received,39754.70
1459,10,20,2,2026-03-05 14:28:38,received,30945.95
1460,10,20,2,2026-03-31 11:10:29,received,13065.35
1461,13,20,2,2026-03-24 11:28:27,received,12387.25
1462,12,20,2,2026-03-31 09:21:51,received,19062.60
1463,8,20,2,2026-03-24 15:24:32,received,14981.28
1464,13,20,2,2026-03-10 09:32:35,received,4962.90
1465,15,20,2,2026-03-02 15:49:25,cancelled,32602.32
1466,9,20,2,2026-03-26 09:20:08,received,28817.15
1467,10,21,2,2026-03-26 14:54:33,received,5135.30
1468,15,21,2,2026-03-18 09:43:26,received,87331.80
1469,11,21,2,2026-03-08 14:14:08,received,8804.50
1470,14,21,2,2026-03-10 10:54:48,received,11937.70
1471,9,21,2,2026-03-20 16:46:14,received,24600.35
1472,4,21,2,2026-03-20 16:14:48,received,16368.40
1473,14,21,2,2026-03-11 16:19:47,received,15018.89
1474,7,21,2,2026-03-31 10:14:49,received,15756.80
1475,12,21,2,2026-03-14 11:44:28,submitted,15336.30
1476,5,21,2,2026-03-26 10:35:40,received,17875.65
1477,10,21,2,2026-03-18 13:16:27,received,20686.60
1478,13,21,2,2026-03-05 09:15:08,received,10264.78
1479,4,22,2,2026-03-10 10:22:00,received,15459.46
1480,7,22,2,2026-03-26 14:42:48,received,30398.91
1481,15,22,2,2026-03-22 10:28:13,received,21059.64
1482,2,22,2,2026-03-08 11:12:19,received,33759.10
1483,8,22,2,2026-03-03 11:02:38,received,16591.50
1484,2,23,2,2026-03-30 09:42:44,received,13660.98
1485,10,23,2,2026-03-24 10:45:18,received,24027.85
1486,15,23,2,2026-03-03 15:25:24,received,80784.84
1487,7,23,2,2026-03-24 15:30:07,received,25112.50
1488,1,23,2,2026-03-15 15:43:17,received,19360.90
1489,11,23,2,2026-03-09 15:47:19,received,10535.55
1490,7,23,2,2026-03-20 14:16:02,received,13920.80
1491,10,23,2,2026-03-19 15:13:45,received,25261.71
1492,13,23,2,2026-03-26 11:34:15,approved,7023.02
1493,2,23,2,2026-03-20 09:08:13,received,7218.90
1494,13,23,2,2026-03-05 09:40:26,received,4124.35
1495,8,23,2,2026-03-28 13:39:10,received,16887.30
1496,13,24,2,2026-03-04 14:01:20,received,12839.24
1497,8,24,2,2026-03-16 09:04:17,received,25247.35
1498,9,24,2,2026-03-18 16:36:43,received,21793.35
1499,10,24,2,2026-03-13 13:30:12,received,27287.25
1500,7,24,2,2026-03-08 15:27:33,received,32240.50
1501,4,24,2,2026-03-25 11:58:36,received,35483.30
1502,1,24,2,2026-03-31 10:16:29,received,15738.58
1503,10,24,2,2026-03-21 15:53:38,received,7978.00
1504,12,24,2,2026-03-24 15:57:51,received,22061.05
1505,13,24,2,2026-03-13 09:01:48,received,6990.30
1506,7,24,2,2026-03-31 09:47:23,received,33065.80
1507,8,24,2,2026-03-12 09:20:43,received,24579.45
1508,7,25,2,2026-03-01 13:37:59,received,43074.20
1509,2,25,2,2026-03-06 15:30:05,received,19494.25
1510,10,25,2,2026-03-12 09:08:26,received,10777.40
1511,12,25,2,2026-03-28 15:18:24,received,11542.65
1512,4,26,2,2026-03-27 15:12:35,received,22998.00
1513,10,26,2,2026-03-24 10:16:32,received,11295.50
1514,10,26,2,2026-03-29 14:47:56,cancelled,23014.70
1515,9,26,2,2026-03-07 14:24:35,received,7349.80
1516,14,26,2,2026-03-21 10:41:05,received,12433.48
1517,7,27,2,2026-03-13 13:39:58,received,30072.20
1518,5,27,2,2026-03-24 13:41:13,received,10248.50
1519,6,27,2,2026-03-25 15:29:00,received,15040.05
1520,15,27,2,2026-03-18 09:00:12,received,52197.84
1521,7,27,2,2026-03-27 14:57:21,received,16661.60
1522,8,27,2,2026-03-21 11:12:52,received,28286.35
1523,11,27,2,2026-03-07 09:14:24,received,7472.50
1524,10,27,2,2026-03-30 09:24:45,received,17300.75
1525,7,27,2,2026-03-27 09:03:32,received,23657.60
1526,8,27,2,2026-03-23 10:05:17,received,14470.00
1527,11,28,2,2026-03-26 16:21:48,received,19629.40
1528,13,28,2,2026-03-05 15:11:41,received,8409.05
1529,13,28,2,2026-03-19 15:25:54,received,5029.30
1530,9,28,2,2026-03-19 16:50:29,received,12626.95
1531,10,29,2,2026-03-04 16:31:42,received,6170.15
1532,5,29,2,2026-03-04 10:27:39,approved,30409.25
1533,9,29,2,2026-03-26 15:41:55,received,6240.10
1534,8,29,2,2026-03-31 15:45:18,received,16806.01
1535,10,29,2,2026-03-10 09:55:08,received,23069.55
1536,8,29,2,2026-03-19 15:37:30,received,15286.85
1537,5,29,2,2026-03-20 15:10:53,received,12657.10
1538,11,30,2,2026-03-02 14:42:30,received,12878.45
1539,2,30,2,2026-03-14 16:28:35,received,17749.95
1540,15,30,2,2026-03-31 16:06:05,received,26833.56
1541,11,30,2,2026-03-20 14:14:49,received,5920.20
1542,10,30,2,2026-03-31 14:45:52,approved,15145.20
1543,8,30,2,2026-03-22 11:07:38,received,19717.85
1544,8,30,2,2026-03-03 14:06:56,received,16011.71
1545,10,31,2,2026-03-04 13:00:56,received,19478.68
1546,11,31,2,2026-03-09 14:30:41,received,38499.47
1547,9,31,2,2026-03-13 14:27:29,received,21589.62
1548,9,31,2,2026-03-15 15:46:44,approved,24635.60
1549,9,31,2,2026-03-14 11:26:21,received,30098.35
1550,12,32,2,2026-03-11 16:49:30,received,9206.30
1551,7,32,2,2026-03-24 13:44:40,received,9576.20
1552,8,32,2,2026-03-05 10:57:30,received,21232.98
1553,7,32,2,2026-03-27 14:59:55,received,51856.20
1554,8,32,2,2026-03-03 11:16:56,received,16970.66
1555,7,32,2,2026-03-18 09:44:24,received,7482.95
1556,4,32,2,2026-03-19 14:35:54,received,34218.73
1557,10,33,2,2026-03-19 14:35:33,received,19938.15
1558,8,33,2,2026-03-17 09:58:17,received,20407.55
1559,7,33,2,2026-03-21 14:54:20,received,10490.80
1560,11,33,2,2026-03-25 15:46:45,received,24333.05
1561,10,33,2,2026-03-22 15:30:14,received,23254.76
1562,15,33,2,2026-03-21 14:10:37,received,61378.20
1563,9,34,2,2026-03-04 11:57:24,received,29975.15
1564,15,34,2,2026-03-26 10:05:24,received,20977.44
1565,13,34,2,2026-03-16 16:34:27,received,9378.70
1566,8,34,2,2026-03-21 16:28:02,received,16653.55
1567,8,34,2,2026-03-19 13:06:35,received,28158.85
1568,8,35,2,2026-03-10 14:57:18,received,20328.95
1569,8,35,2,2026-03-01 14:45:56,received,29289.20
1570,12,35,2,2026-03-19 13:21:28,received,5931.65
1571,14,35,2,2026-03-30 13:53:39,received,14541.90
1572,15,35,2,2026-03-27 14:50:17,received,64842.72
1573,14,35,2,2026-03-11 14:04:29,received,12235.55
1574,3,35,2,2026-03-01 16:22:23,received,5652.55
1575,13,35,2,2026-03-03 13:28:30,received,96684.70
1576,10,35,2,2026-03-18 13:56:12,received,22885.10
1577,13,35,2,2026-03-04 09:27:46,received,15043.65
1578,9,36,2,2026-03-19 14:36:32,received,18872.10
1579,8,36,2,2026-03-12 11:25:04,received,20215.15
1580,2,36,2,2026-03-23 10:55:52,received,38435.20
1581,10,36,2,2026-03-30 11:17:33,received,7291.75
1582,10,36,2,2026-03-20 16:54:44,received,12926.65
1583,9,36,2,2026-03-07 14:01:38,received,27851.30
1584,8,37,2,2026-03-04 13:49:12,received,20005.10
1585,12,37,2,2026-03-08 14:44:03,submitted,10963.90
1586,7,37,2,2026-03-01 13:18:16,received,15783.20
1587,11,37,2,2026-03-26 13:14:30,received,6185.25
1588,5,37,2,2026-03-14 16:38:46,received,11104.50
1589,1,38,2,2026-03-06 13:06:18,received,12137.90
1590,8,38,2,2026-03-03 13:26:29,received,7615.90
1591,5,38,2,2026-03-06 14:28:16,received,26108.50
1592,1,38,2,2026-03-15 09:12:50,received,4744.75
1593,13,38,2,2026-03-06 15:41:48,received,4576.63
1594,7,38,2,2026-03-26 11:40:37,received,24091.20
1595,11,38,2,2026-03-05 14:02:04,received,15407.30
1596,9,38,2,2026-03-18 11:34:29,received,15886.01
1597,11,38,2,2026-03-02 16:04:54,received,7843.20
1598,11,38,2,2026-03-17 10:32:11,received,8858.65
1599,7,38,2,2026-03-10 10:56:13,received,27348.60
1600,12,38,2,2026-03-15 10:14:28,received,15510.35
1601,14,39,2,2026-03-20 11:03:12,received,19035.00
1602,13,39,2,2026-03-16 11:10:57,received,5682.50
1603,13,39,2,2026-03-11 15:40:29,received,3932.10
1604,4,39,2,2026-03-15 09:35:17,received,23502.05
1605,9,39,2,2026-03-27 14:34:51,received,19341.50
1606,14,40,2,2026-03-30 11:39:29,received,22711.65
1607,9,40,2,2026-03-31 13:15:33,received,16263.85
1608,10,40,2,2026-03-13 14:42:00,received,9400.55
1609,8,40,2,2026-03-29 14:00:00,received,17212.15
1610,12,40,2,2026-03-10 16:50:43,received,8834.75
1611,15,40,2,2026-03-17 10:28:39,received,31819.20
1612,11,40,2,2026-03-04 13:24:44,received,14220.00
1613,9,41,2,2026-03-28 15:37:43,received,8500.85
1614,11,41,2,2026-03-22 14:32:39,received,13761.20
1615,5,41,2,2026-03-21 14:06:11,received,22812.50
1616,11,41,2,2026-03-18 09:59:03,received,9297.05
1617,10,41,2,2026-03-18 16:53:09,received,16690.79
1618,5,42,2,2026-03-29 11:24:50,received,46575.00
1619,7,42,2,2026-03-23 10:32:53,received,26626.40
1620,11,42,2,2026-03-21 10:19:34,received,11247.59
1621,14,42,2,2026-03-08 13:10:01,received,9993.70
1622,8,42,2,2026-03-08 10:44:41,received,18810.30
1623,9,42,2,2026-03-20 10:44:12,approved,14845.55
1624,14,42,2,2026-03-05 11:53:24,received,28835.35
1625,15,43,2,2026-03-14 11:05:52,approved,28200.48
1626,15,43,2,2026-03-19 10:48:12,received,66872.16
1627,9,43,2,2026-03-29 14:22:38,received,10897.98
1628,7,43,2,2026-03-31 10:12:37,received,15881.00
1629,4,44,2,2026-03-14 10:52:35,received,18432.75
1630,1,44,2,2026-03-01 16:59:40,received,13915.75
1631,9,44,2,2026-03-18 15:52:40,received,23214.60
1632,10,44,2,2026-03-03 15:47:38,received,16488.48
1633,1,45,2,2026-03-30 11:18:44,received,8583.40
1634,8,45,2,2026-03-05 14:53:30,received,25103.50
1635,9,45,2,2026-03-22 14:47:52,received,22416.60
1636,8,45,2,2026-03-16 15:44:13,received,17088.30
1637,7,46,2,2026-03-28 10:27:18,received,28331.80
1638,15,46,2,2026-03-05 09:02:51,approved,20293.32
1639,9,46,2,2026-03-14 10:12:42,received,22174.23
1640,9,46,2,2026-03-21 13:10:03,received,21406.95
1641,7,46,2,2026-03-03 10:43:24,received,32863.90
1642,11,46,2,2026-03-03 10:35:24,received,9952.92
1643,8,46,2,2026-03-29 11:05:49,received,18225.85
1644,11,47,2,2026-03-26 14:58:39,received,11487.84
1645,9,47,2,2026-03-25 16:33:25,received,32385.57
1646,10,47,2,2026-03-11 10:55:32,received,12812.80
1647,15,47,2,2026-03-08 13:17:26,submitted,48431.64
1648,14,48,2,2026-03-06 09:00:34,received,22618.10
1649,5,48,2,2026-03-10 10:57:47,received,16226.25
1650,11,48,2,2026-03-07 10:43:37,approved,9927.35
1651,2,48,2,2026-03-02 10:06:55,submitted,8855.25
1652,7,48,2,2026-03-07 16:40:32,received,24959.35
1653,4,48,2,2026-03-22 10:31:09,received,6965.30
1654,11,48,2,2026-03-29 13:58:13,received,15576.55
1655,10,49,2,2026-03-07 15:17:27,received,9982.60
1656,11,49,2,2026-03-22 10:08:45,received,13059.05
1657,8,49,2,2026-03-21 09:11:20,received,12735.00
1658,13,49,2,2026-03-12 16:59:11,received,6167.60
1659,7,50,2,2026-03-12 13:44:14,cancelled,27053.40
1660,13,50,2,2026-03-14 16:48:55,received,11757.15
1661,7,50,2,2026-03-13 11:50:32,approved,23069.00
1662,10,50,2,2026-03-05 16:33:52,received,18052.65
1663,10,50,2,2026-03-28 14:27:57,received,21486.85
1664,15,50,2,2026-03-21 15:06:26,received,38102.16
1665,11,51,2,2026-03-18 10:13:27,received,8700.85
1666,10,51,2,2026-03-30 13:28:00,received,20920.70
1667,2,51,2,2026-03-30 09:51:45,received,17651.15
1668,7,51,2,2026-03-27 16:49:30,approved,14771.80
1669,12,52,2,2026-03-16 16:56:00,received,27476.30
1670,13,52,2,2026-03-15 14:45:25,received,9570.70
1671,10,52,2,2026-03-13 13:28:37,received,21725.75
1672,12,52,2,2026-03-18 09:53:42,received,7667.55
1673,5,52,2,2026-03-07 14:58:14,received,8760.30
1674,8,52,2,2026-03-24 15:01:39,received,34894.05
1675,9,52,2,2026-03-08 15:38:01,received,21436.95
1676,11,53,2,2026-03-17 13:14:54,received,16354.81
1677,9,53,2,2026-03-12 09:35:50,received,19234.25
1678,13,53,2,2026-03-06 13:28:51,received,6259.32
1679,8,53,2,2026-03-11 11:01:39,received,13181.20
1680,14,53,2,2026-03-19 14:51:14,received,22376.75
1681,7,54,2,2026-03-14 09:54:33,received,26334.60
1682,7,54,2,2026-03-16 16:32:24,received,19898.40
1683,4,54,2,2026-03-29 13:58:07,received,21218.85
1684,12,54,2,2026-03-13 09:42:22,received,26341.99
1685,10,55,2,2026-03-17 16:16:44,received,6830.75
1686,8,55,2,2026-03-08 11:02:06,cancelled,5726.20
1687,8,55,2,2026-03-26 13:36:00,received,25547.65
1688,8,55,2,2026-03-18 15:43:57,cancelled,21360.45
1689,15,55,2,2026-03-24 15:09:28,submitted,23710.56
1690,8,55,2,2026-03-06 10:31:52,submitted,19010.40
1691,9,55,2,2026-03-16 14:41:49,received,10337.70
1692,7,56,2,2026-03-25 11:46:31,received,28303.20
1693,11,56,2,2026-03-18 16:16:41,received,5683.66
1694,6,56,2,2026-03-08 10:52:42,received,17376.00
1695,13,56,2,2026-03-11 13:21:51,received,7671.85
1696,11,56,2,2026-03-18 13:52:29,received,27905.33
1697,11,57,2,2026-03-12 14:05:41,received,13224.78
1698,7,57,2,2026-03-23 09:59:05,received,44947.20
1699,9,57,2,2026-03-02 13:57:27,received,28806.90
1700,12,57,2,2026-03-08 13:08:48,received,27141.29
1701,12,57,2,2026-03-29 13:57:39,received,22064.30
1702,7,57,2,2026-03-03 09:39:34,received,43539.70
1703,7,57,2,2026-03-14 14:34:42,received,29645.80
1704,11,58,2,2026-03-30 16:33:52,received,9892.20
1705,9,58,2,2026-03-07 16:41:50,received,22870.60
1706,11,58,2,2026-03-16 15:28:25,submitted,22907.70
1707,7,58,2,2026-03-06 11:31:41,received,27595.80
1708,12,1,2,2026-04-18 15:34:28,approved,17744.53
1709,12,1,2,2026-04-07 16:03:19,received,4820.40
1710,11,1,2,2026-04-03 10:04:19,received,21783.25
1711,12,1,2,2026-04-06 16:01:05,received,11422.35
1712,15,1,2,2026-04-29 15:03:08,received,79212.48
1713,10,1,2,2026-04-14 09:12:52,received,20222.66
1714,12,1,2,2026-04-17 14:04:04,received,11897.77
1715,7,1,2,2026-04-11 11:36:11,received,31065.60
1716,9,1,2,2026-04-25 14:50:45,received,27850.50
1717,2,1,2,2026-04-29 10:26:07,received,11612.40
1718,7,1,2,2026-04-25 11:54:28,received,19108.30
1719,7,1,2,2026-04-21 11:46:54,received,32155.40
1720,11,1,2,2026-04-03 09:03:00,received,8244.40
1721,12,2,2,2026-04-06 13:54:06,received,18842.95
1722,9,2,2,2026-04-19 11:12:14,cancelled,20724.50
1723,9,2,2,2026-04-30 14:04:22,received,9628.95
1724,15,2,2,2026-04-11 13:38:20,received,18044.64
1725,11,2,2,2026-04-01 13:02:03,received,18812.64
1726,11,2,2,2026-04-04 13:47:45,received,12410.85
1727,9,2,2,2026-04-12 15:26:50,received,30681.23
1728,8,2,2,2026-04-30 13:10:38,received,38844.15
1729,5,2,2,2026-04-01 14:07:19,received,18165.05
1730,11,2,2,2026-04-08 15:03:14,received,11639.50
1731,4,3,2,2026-04-30 15:44:57,received,22305.85
1732,9,3,2,2026-04-26 11:59:25,received,12136.10
1733,15,3,2,2026-04-20 10:26:57,received,73339.08
1734,7,3,2,2026-04-21 16:15:19,approved,26020.80
1735,10,3,2,2026-04-08 10:26:56,received,16179.65
1736,8,3,2,2026-04-01 10:31:15,approved,17309.30
1737,10,4,2,2026-04-20 11:47:25,received,25859.90
1738,7,4,2,2026-04-04 10:59:47,received,25035.80
1739,13,4,2,2026-04-21 13:14:43,received,11010.01
1740,5,4,2,2026-04-16 15:21:07,received,19293.44
1741,15,5,2,2026-04-19 13:48:48,received,29816.28
1742,10,5,2,2026-04-26 14:08:53,received,10067.56
1743,9,5,2,2026-04-18 09:23:08,received,14751.55
1744,15,5,2,2026-04-11 13:18:43,received,22062.00
1745,15,5,2,2026-04-13 11:32:09,received,28612.92
1746,10,5,2,2026-04-18 10:13:18,received,8000.60
1747,11,5,2,2026-04-01 16:55:14,received,12124.40
1748,10,5,2,2026-04-20 14:49:52,received,13757.90
1749,7,5,2,2026-04-30 15:38:16,received,37467.00
1750,13,5,2,2026-04-28 16:38:22,received,7536.63
1751,9,5,2,2026-04-06 13:29:54,approved,18887.20
1752,13,5,2,2026-04-13 15:23:14,received,8860.25
1753,10,6,2,2026-04-30 10:37:30,received,20261.19
1754,12,6,2,2026-04-06 15:03:27,received,20010.20
1755,9,6,2,2026-04-09 11:04:34,received,30032.91
1756,9,6,2,2026-04-24 11:23:00,received,26029.15
1757,10,7,2,2026-04-30 09:19:50,received,6998.45
1758,10,7,2,2026-04-10 14:08:32,received,17349.70
1759,3,7,2,2026-04-05 16:27:49,received,35404.12
1760,8,7,2,2026-04-15 15:46:46,received,21026.60
1761,8,7,2,2026-04-14 13:05:27,received,21773.65
1762,9,7,2,2026-04-13 15:22:14,cancelled,23268.40
1763,4,8,2,2026-04-09 11:44:00,approved,15958.40
1764,13,8,2,2026-04-03 09:31:54,received,11022.25
1765,13,8,2,2026-04-03 10:56:45,approved,8427.70
1766,13,8,2,2026-04-07 11:51:01,received,9556.90
1767,12,8,2,2026-04-13 14:36:34,received,20277.45
1768,9,8,2,2026-04-01 16:18:35,received,25252.13
1769,7,8,2,2026-04-18 09:31:18,received,55731.60
1770,9,9,2,2026-04-05 13:18:02,received,14783.50
1771,9,9,2,2026-04-15 09:42:43,received,25134.65
1772,11,9,2,2026-04-01 09:29:17,received,18876.49
1773,12,9,2,2026-04-20 13:24:48,received,7029.90
1774,15,9,2,2026-04-26 09:38:50,received,84134.76
1775,15,9,2,2026-04-25 14:20:15,submitted,45663.36
1776,9,9,2,2026-04-19 11:31:02,received,24490.60
1777,8,9,2,2026-04-08 11:36:26,received,11545.40
1778,4,9,2,2026-04-08 15:35:52,received,25614.10
1779,10,9,2,2026-04-19 14:48:25,received,12905.15
1780,10,10,2,2026-04-30 15:22:43,received,8894.10
1781,10,10,2,2026-04-21 09:16:23,received,7448.10
1782,10,10,2,2026-04-04 10:29:31,received,19157.05
1783,4,10,2,2026-04-19 11:51:53,received,20682.35
1784,14,10,2,2026-04-03 14:40:44,received,32599.34
1785,11,10,2,2026-04-06 11:52:56,submitted,20659.30
1786,7,10,2,2026-04-14 09:12:49,received,37374.20
1787,9,10,2,2026-04-10 10:14:30,received,18650.12
1788,9,10,2,2026-04-04 10:22:22,received,9272.80
1789,1,10,2,2026-04-04 13:36:55,received,19296.50
1790,7,10,2,2026-04-13 14:53:26,received,27740.80
1791,7,10,2,2026-04-24 16:36:02,received,13665.95
1792,9,10,2,2026-04-24 13:08:38,submitted,9295.20
1793,3,10,2,2026-04-30 10:02:19,received,21120.76
1794,9,11,2,2026-04-04 09:42:15,received,29175.69
1795,9,11,2,2026-04-19 11:26:04,received,10184.80
1796,10,11,2,2026-04-21 13:39:41,received,33237.35
1797,12,11,2,2026-04-14 11:42:01,cancelled,9613.15
1798,9,11,2,2026-04-11 13:15:26,received,14638.45
1799,12,11,2,2026-04-17 11:08:23,received,11326.00
1800,3,12,2,2026-04-07 10:52:12,received,8803.10
1801,9,12,2,2026-04-09 13:37:23,received,19587.40
1802,8,12,2,2026-04-23 10:38:38,received,14148.80
1803,7,12,2,2026-04-19 14:02:52,received,44000.60
1804,14,12,2,2026-04-12 11:49:44,received,5938.89
1805,8,12,2,2026-04-24 10:59:43,received,8416.30
1806,11,12,2,2026-04-15 10:08:28,received,9665.48
1807,10,13,2,2026-04-06 14:22:39,received,16030.95
1808,11,13,2,2026-04-27 09:19:35,received,23330.75
1809,7,13,2,2026-04-25 16:05:38,received,30682.40
1810,2,13,2,2026-04-30 09:49:12,received,25706.74
1811,8,13,2,2026-04-01 14:06:07,approved,11080.25
1812,12,14,2,2026-04-04 11:19:53,received,9116.85
1813,7,14,2,2026-04-07 14:02:42,received,10201.96
1814,13,14,2,2026-04-16 09:40:58,received,21177.82
1815,15,14,2,2026-04-21 09:08:12,received,29609.76
1816,9,14,2,2026-04-07 13:50:12,approved,16559.70
1817,13,14,2,2026-04-01 15:59:36,received,12259.75
1818,7,14,2,2026-04-09 14:18:36,received,40909.20
1819,10,14,2,2026-04-17 13:42:26,received,11005.38
1820,10,14,2,2026-04-12 15:13:44,received,12066.33
1821,8,14,2,2026-04-16 15:07:07,received,29126.50
1822,10,14,2,2026-04-22 16:54:37,received,17863.89
1823,4,14,2,2026-04-28 11:37:15,received,23508.50
1824,12,15,2,2026-04-04 09:40:26,received,9011.65
1825,12,15,2,2026-04-05 13:05:15,received,20296.85
1826,15,15,2,2026-04-26 14:09:21,received,49653.48
1827,7,15,2,2026-04-22 15:06:26,received,18781.80
1828,9,15,2,2026-04-01 10:27:22,received,13210.76
1829,10,15,2,2026-04-09 11:23:27,received,19127.55
1830,11,15,2,2026-04-04 11:11:54,received,12804.30
1831,5,15,2,2026-04-27 10:52:39,received,15950.75
1832,8,15,2,2026-04-21 13:21:43,received,20113.24
1833,9,15,2,2026-04-24 13:04:45,received,11609.00
1834,12,16,2,2026-04-01 15:24:29,received,12635.35
1835,8,16,2,2026-04-11 09:49:01,received,16717.70
1836,15,16,2,2026-04-18 09:21:06,received,43095.60
1837,11,16,2,2026-04-28 15:23:18,received,26329.95
1838,7,16,2,2026-04-02 09:48:53,received,24297.80
1839,7,16,2,2026-04-12 15:47:16,received,23752.60
1840,10,16,2,2026-04-15 10:32:21,received,19850.85
1841,11,16,2,2026-04-15 15:12:12,received,8941.55
1842,13,16,2,2026-04-14 13:14:25,received,8570.40
1843,13,16,2,2026-04-18 10:56:45,received,15556.10
1844,13,16,2,2026-04-03 14:58:10,approved,8387.68
1845,9,16,2,2026-04-22 13:16:22,approved,9709.30
1846,5,16,2,2026-04-19 09:36:47,received,14060.90
1847,11,16,2,2026-04-28 14:32:21,received,8868.85
1848,1,17,2,2026-04-03 09:04:14,received,35834.20
1849,7,17,2,2026-04-11 13:57:19,received,30519.60
1850,10,17,2,2026-04-16 15:51:25,received,15716.65
1851,14,17,2,2026-04-22 09:37:56,received,11905.80
1852,7,17,2,2026-04-16 11:39:29,cancelled,19799.60
1853,10,17,2,2026-04-12 11:48:23,submitted,13475.69
1854,11,17,2,2026-04-07 15:54:04,received,12424.20
1855,2,17,2,2026-04-23 11:58:15,received,31092.95
1856,7,17,2,2026-04-17 16:35:40,received,24696.20
1857,2,17,2,2026-04-20 10:03:39,received,25702.38
1858,10,17,2,2026-04-09 10:30:27,received,12373.95
1859,5,17,2,2026-04-24 10:38:26,received,16413.40
1860,13,18,2,2026-04-02 09:46:01,received,5818.55
1861,5,18,2,2026-04-17 10:22:46,received,20166.25
1862,14,18,2,2026-04-07 09:02:14,received,12491.55
1863,11,18,2,2026-04-24 09:58:46,received,7114.85
1864,15,18,2,2026-04-24 13:00:02,received,46326.48
1865,1,19,2,2026-04-27 15:40:44,received,18926.15
1866,15,19,2,2026-04-05 15:30:21,received,21511.80
1867,3,19,2,2026-04-30 09:30:01,received,31253.65
1868,8,19,2,2026-04-21 11:38:20,received,23710.11
1869,7,20,2,2026-04-11 09:58:25,received,46376.20
1870,7,20,2,2026-04-29 09:32:07,received,14015.00
1871,9,20,2,2026-04-03 15:33:13,received,21041.80
1872,7,20,2,2026-04-14 09:56:35,received,30074.80
1873,15,20,2,2026-04-23 16:29:28,received,51347.04
1874,13,20,2,2026-04-02 11:30:06,received,4198.35
1875,10,20,2,2026-04-20 16:12:19,received,21053.28
1876,6,20,2,2026-04-29 16:38:23,received,34300.10
1877,9,20,2,2026-04-21 16:16:53,received,9798.62
1878,12,20,2,2026-04-17 14:08:06,received,25079.30
1879,15,21,2,2026-04-06 10:42:35,received,31538.76
1880,15,21,2,2026-04-14 14:31:41,received,34073.88
1881,7,21,2,2026-04-09 14:35:35,received,25491.60
1882,8,21,2,2026-04-18 14:21:03,received,62478.70
1883,10,21,2,2026-04-24 14:00:58,received,9528.75
1884,8,21,2,2026-04-08 13:03:48,received,15038.45
1885,9,21,2,2026-04-27 13:16:35,received,18880.60
1886,14,21,2,2026-04-14 14:56:08,received,34149.45
1887,14,21,2,2026-04-24 15:41:06,received,19570.00
1888,1,21,2,2026-04-28 14:40:46,received,11039.00
1889,12,21,2,2026-04-02 16:26:50,received,14700.16
1890,12,21,2,2026-04-12 16:21:18,approved,10013.20
1891,11,21,2,2026-04-10 09:16:46,received,20514.30
1892,15,22,2,2026-04-20 14:48:57,received,30571.56
1893,8,22,2,2026-04-19 11:28:31,received,12040.30
1894,15,22,2,2026-04-20 10:40:31,received,139728.84
1895,12,22,2,2026-04-06 15:20:05,received,11472.80
1896,12,22,2,2026-04-27 13:44:47,received,14390.25
1897,9,22,2,2026-04-28 10:29:24,received,17023.15
1898,9,22,2,2026-04-10 11:38:41,received,13179.79
1899,13,23,2,2026-04-18 10:43:40,received,11138.50
1900,11,23,2,2026-04-29 11:44:43,received,11060.65
1901,10,23,2,2026-04-30 14:21:27,received,24510.45
1902,13,23,2,2026-04-09 15:56:17,submitted,10910.72
1903,11,23,2,2026-04-04 14:44:34,received,11632.87
1904,14,23,2,2026-04-11 10:40:08,received,33080.45
1905,8,23,2,2026-04-15 14:05:01,received,5692.75
1906,12,23,2,2026-04-03 10:27:46,received,20957.24
1907,15,23,2,2026-04-30 14:34:30,received,32199.72
1908,8,23,2,2026-04-17 14:35:14,received,23595.55
1909,8,23,2,2026-04-10 11:56:33,cancelled,14918.10
1910,10,23,2,2026-04-08 10:12:30,received,11519.50
1911,10,24,2,2026-04-12 09:23:22,received,5537.20
1912,12,24,2,2026-04-05 14:07:50,received,9815.75
1913,7,24,2,2026-04-03 13:04:13,received,21497.40
1914,15,24,2,2026-04-08 13:37:06,received,26020.68
1915,9,24,2,2026-04-26 09:37:19,received,13505.15
1916,3,24,2,2026-04-01 13:52:42,received,18038.00
1917,7,24,2,2026-04-30 14:18:21,approved,32854.20
1918,8,24,2,2026-04-25 14:31:20,received,19311.85
1919,4,24,2,2026-04-29 14:48:28,received,22751.10
1920,12,24,2,2026-04-06 15:21:03,received,9917.10
1921,7,24,2,2026-04-30 14:30:45,received,39125.96
1922,10,24,2,2026-04-28 10:55:24,received,64381.39
1923,15,24,2,2026-04-29 14:10:23,submitted,79071.24
1924,9,24,2,2026-04-12 11:56:36,received,19660.35
1925,15,25,2,2026-04-17 16:41:55,received,43350.00
1926,12,25,2,2026-04-17 13:39:46,received,11790.40
1927,7,25,2,2026-04-19 13:07:55,received,28348.00
1928,9,25,2,2026-04-08 13:28:51,received,20451.85
1929,10,25,2,2026-04-01 13:39:02,received,20288.30
1930,15,25,2,2026-04-28 10:58:41,received,44988.60
1931,12,26,2,2026-04-27 10:52:57,received,14175.50
1932,12,26,2,2026-04-09 15:53:22,received,11111.20
1933,15,26,2,2026-04-02 14:27:15,received,28953.36
1934,7,26,2,2026-04-07 11:26:51,received,21144.60
1935,13,26,2,2026-04-09 15:01:00,received,35953.45
1936,9,27,2,2026-04-04 09:10:55,received,27775.25
1937,15,27,2,2026-04-08 15:11:26,received,79573.44
1938,11,27,2,2026-04-29 16:54:17,cancelled,12466.20
1939,10,27,2,2026-04-05 16:08:31,received,18919.24
1940,7,27,2,2026-04-10 15:39:26,received,21061.20
1941,12,27,2,2026-04-12 14:09:54,received,10442.20
1942,3,27,2,2026-04-09 15:00:58,received,9347.10
1943,9,27,2,2026-04-15 11:27:32,received,23716.37
1944,3,27,2,2026-04-28 09:39:32,received,11438.50
1945,13,27,2,2026-04-17 16:59:57,received,11994.80
1946,8,27,2,2026-04-29 16:03:57,received,16865.70
1947,8,27,2,2026-04-06 14:19:31,received,17867.35
1948,9,28,2,2026-04-09 11:33:18,received,7368.60
1949,11,28,2,2026-04-19 14:58:10,received,19004.90
1950,11,28,2,2026-04-20 10:10:39,received,8226.65
1951,7,28,2,2026-04-22 15:37:19,received,18894.00
1952,10,28,2,2026-04-01 10:17:40,received,16267.20
1953,15,29,2,2026-04-27 16:31:06,approved,21029.88
1954,10,29,2,2026-04-16 13:18:50,received,27743.40
1955,9,29,2,2026-04-02 13:05:33,approved,21099.30
1956,7,29,2,2026-04-27 16:03:48,received,11695.20
1957,9,30,2,2026-04-24 15:31:23,received,23419.50
1958,7,30,2,2026-04-16 09:18:44,cancelled,13903.40
1959,9,30,2,2026-04-29 11:40:44,received,16626.90
1960,12,30,2,2026-04-06 11:45:19,received,19207.90
1961,8,30,2,2026-04-10 13:01:56,received,20706.55
1962,9,31,2,2026-04-07 14:36:24,received,22484.15
1963,9,31,2,2026-04-10 14:53:10,received,36018.15
1964,11,31,2,2026-04-15 14:54:23,received,14695.35
1965,11,31,2,2026-04-09 09:37:34,received,10508.62
1966,7,32,2,2026-04-21 11:53:57,received,26522.20
1967,13,32,2,2026-04-04 14:15:50,received,9222.45
1968,11,32,2,2026-04-17 11:21:42,received,12977.80
1969,2,32,2,2026-04-27 14:57:33,cancelled,61825.60
1970,10,32,2,2026-04-08 13:55:43,received,8579.25
1971,10,32,2,2026-04-11 11:40:48,received,20997.20
1972,10,32,2,2026-04-23 13:23:06,received,26489.30
1973,9,33,2,2026-04-03 14:42:36,received,18277.28
1974,8,33,2,2026-04-20 14:58:38,received,23088.70
1975,9,33,2,2026-04-29 11:34:41,received,17404.05
1976,1,33,2,2026-04-13 14:11:37,received,35714.25
1977,15,33,2,2026-04-30 15:09:25,received,19343.04
1978,10,34,2,2026-04-18 13:35:57,approved,24143.70
1979,9,34,2,2026-04-25 14:29:58,received,11610.50
1980,12,34,2,2026-04-20 10:06:20,received,18241.30
1981,11,34,2,2026-04-29 10:31:37,received,17083.39
1982,7,34,2,2026-04-20 11:43:31,received,14643.60
1983,14,35,2,2026-04-28 16:25:06,received,25190.65
1984,12,35,2,2026-04-25 16:51:50,received,11302.55
1985,15,35,2,2026-04-12 10:55:06,received,27213.12
1986,7,35,2,2026-04-13 13:38:58,received,35581.60
1987,8,35,2,2026-04-19 11:08:12,received,9301.35
1988,15,35,2,2026-04-12 11:18:09,received,26849.40
1989,13,35,2,2026-04-21 09:05:26,received,6459.70
1990,9,35,2,2026-04-28 10:50:48,approved,13022.50
1991,11,35,2,2026-04-20 13:10:18,cancelled,9347.70
1992,10,35,2,2026-04-21 10:24:03,received,7654.00
1993,13,35,2,2026-04-23 10:14:29,received,13166.64
1994,13,35,2,2026-04-03 09:46:56,received,6699.30
1995,13,35,2,2026-04-01 10:21:50,received,4448.10
1996,15,36,2,2026-04-03 14:34:13,received,26892.36
1997,12,36,2,2026-04-02 15:21:06,received,10228.04
1998,13,36,2,2026-04-06 11:40:13,received,11784.90
1999,9,36,2,2026-04-14 10:15:24,received,28564.10
2000,1,36,2,2026-04-05 09:35:30,received,21554.35
2001,15,36,2,2026-04-19 13:18:15,received,43188.72
2002,9,36,2,2026-04-30 15:33:41,received,17418.20
2003,8,37,2,2026-04-22 14:04:47,received,27427.09
2004,10,37,2,2026-04-13 13:41:44,received,8882.38
2005,7,37,2,2026-04-19 13:18:56,received,27428.00
2006,7,37,2,2026-04-03 13:57:03,submitted,8145.60
2007,11,37,2,2026-04-22 10:20:34,received,26624.67
2008,14,37,2,2026-04-27 11:16:05,received,18307.30
2009,7,38,2,2026-04-17 14:27:31,received,22422.60
2010,7,38,2,2026-04-29 10:43:05,received,29240.60
2011,12,38,2,2026-04-12 10:46:16,received,22716.49
2012,15,38,2,2026-04-11 10:48:53,received,23785.20
2013,9,38,2,2026-04-06 11:37:43,received,21243.10
2014,14,38,2,2026-04-14 10:13:30,received,9593.75
2015,8,38,2,2026-04-06 09:41:52,received,21329.70
2016,7,38,2,2026-04-07 13:35:56,received,42229.00
2017,4,38,2,2026-04-25 09:40:01,received,12300.05
2018,12,38,2,2026-04-20 10:31:42,cancelled,19086.35
2019,7,38,2,2026-04-15 15:49:25,received,24813.00
2020,7,38,2,2026-04-20 14:59:51,received,37977.20
2021,9,38,2,2026-04-05 14:14:26,received,7917.10
2022,12,39,2,2026-04-28 15:04:47,received,14193.65
2023,10,39,2,2026-04-02 16:54:27,received,18304.50
2024,10,39,2,2026-04-11 10:36:16,received,28089.85
2025,12,39,2,2026-04-19 14:30:28,received,67302.50
2026,11,39,2,2026-04-21 13:01:20,received,14451.25
2027,12,39,2,2026-04-28 09:24:25,received,18896.65
2028,8,40,2,2026-04-13 15:30:46,received,14383.73
2029,13,40,2,2026-04-17 16:25:21,received,9194.65
2030,12,40,2,2026-04-06 13:05:10,received,24732.55
2031,9,40,2,2026-04-17 10:50:31,received,27032.86
2032,9,41,2,2026-04-28 11:27:09,received,29186.70
2033,13,41,2,2026-04-17 09:42:40,received,9901.20
2034,14,41,2,2026-04-03 16:40:30,received,28734.45
2035,10,41,2,2026-04-20 11:19:11,received,11169.80
2036,7,41,2,2026-04-25 13:15:31,received,28706.20
2037,8,41,2,2026-04-26 10:06:26,received,26329.00
2038,7,41,2,2026-04-04 11:34:26,cancelled,6554.40
2039,8,42,2,2026-04-19 15:12:34,received,10413.81
2040,12,42,2,2026-04-25 15:08:27,received,12785.85
2041,10,42,2,2026-04-24 14:29:10,received,20572.80
2042,8,42,2,2026-04-18 15:13:20,received,19628.50
2043,7,42,2,2026-04-01 14:03:15,received,27506.60
2044,9,43,2,2026-04-08 15:09:41,received,10149.60
2045,5,43,2,2026-04-07 15:51:47,received,21305.25
2046,8,43,2,2026-04-01 10:47:24,received,14860.00
2047,8,43,2,2026-04-18 13:50:05,received,16062.15
2048,13,44,2,2026-04-08 14:14:51,received,3601.25
2049,11,44,2,2026-04-24 10:57:35,received,24312.73
2050,4,44,2,2026-04-06 15:16:58,received,36637.66
2051,10,44,2,2026-04-10 13:29:33,received,8819.25
2052,12,44,2,2026-04-11 13:26:09,received,16697.97
2053,13,44,2,2026-04-01 11:41:01,received,10311.55
2054,12,45,2,2026-04-26 09:36:26,received,12997.00
2055,12,45,2,2026-04-12 11:40:01,received,15867.20
2056,8,45,2,2026-04-26 10:45:45,received,22504.35
2057,9,45,2,2026-04-26 09:51:10,received,13907.05
2058,7,45,2,2026-04-29 15:29:03,received,22429.10
2059,15,45,2,2026-04-17 11:11:53,received,28004.64
2060,13,45,2,2026-04-07 10:28:06,received,5724.65
2061,15,46,2,2026-04-06 15:14:20,received,51577.56
2062,15,46,2,2026-04-03 10:11:24,received,35441.52
2063,15,46,2,2026-04-03 15:40:03,received,22983.60
2064,15,46,2,2026-04-12 13:05:42,received,18747.84
2065,8,46,2,2026-04-16 09:42:20,received,10854.25
2066,10,46,2,2026-04-06 13:13:24,received,10032.42
2067,7,46,2,2026-04-04 16:53:55,received,22103.60
2068,4,47,2,2026-04-11 14:17:38,received,19015.55
2069,7,47,2,2026-04-22 13:50:55,received,23277.00
2070,10,47,2,2026-04-09 16:01:14,received,21492.36
2071,12,47,2,2026-04-18 10:45:05,received,14819.04
2072,6,47,2,2026-04-13 13:22:37,received,36058.39
2073,10,48,2,2026-04-01 10:13:45,cancelled,3814.45
2074,15,48,2,2026-04-06 15:36:07,received,60788.52
2075,15,48,2,2026-04-22 15:06:49,received,37320.48
2076,7,48,2,2026-04-11 13:13:51,received,32629.60
2077,13,48,2,2026-04-07 11:07:23,received,17004.15
2078,2,48,2,2026-04-04 10:23:31,received,24594.40
2079,5,48,2,2026-04-16 13:10:35,received,11105.50
2080,3,49,2,2026-04-30 13:37:02,received,28693.50
2081,15,49,2,2026-04-19 13:25:08,received,56422.44
2082,10,49,2,2026-04-16 10:56:35,received,21756.20
2083,15,49,2,2026-04-23 14:21:20,approved,93685.56
2084,9,49,2,2026-04-24 14:55:45,received,38688.70
2085,9,49,2,2026-04-16 16:23:43,received,27703.60
2086,12,49,2,2026-04-09 13:04:42,received,18953.10
2087,10,50,2,2026-04-24 14:53:30,received,12402.30
2088,9,50,2,2026-04-22 10:12:26,received,22857.25
2089,15,50,2,2026-04-08 13:52:51,received,26956.20
2090,1,50,2,2026-04-26 14:45:48,received,16519.48
2091,7,50,2,2026-04-19 11:19:32,received,30506.40
2092,13,50,2,2026-04-03 14:47:31,received,12541.15
2093,12,51,2,2026-04-05 13:58:22,received,20721.20
2094,11,51,2,2026-04-25 11:23:29,received,9286.75
2095,8,51,2,2026-04-13 10:05:30,received,27336.90
2096,7,51,2,2026-04-28 10:48:57,received,20505.80
2097,4,52,2,2026-04-08 16:56:18,received,20888.95
2098,9,52,2,2026-04-02 15:12:23,received,24456.85
2099,13,52,2,2026-04-30 15:39:32,received,9824.30
2100,10,52,2,2026-04-16 14:39:37,received,21697.15
2101,11,52,2,2026-04-23 15:43:42,received,33321.81
2102,3,53,2,2026-04-01 14:04:14,received,12300.90
2103,15,53,2,2026-04-21 10:30:20,received,30300.36
2104,11,53,2,2026-04-04 10:43:41,received,15619.70
2105,8,53,2,2026-04-04 13:15:27,received,26960.00
2106,8,53,2,2026-04-19 16:23:01,received,8886.50
2107,7,53,2,2026-04-27 11:28:59,received,29427.40
2108,15,54,2,2026-04-16 16:23:40,received,24108.12
2109,7,54,2,2026-04-18 13:42:14,received,17437.40
2110,14,54,2,2026-04-21 15:57:29,received,18248.30
2111,15,54,2,2026-04-04 13:00:12,received,57657.60
2112,12,54,2,2026-04-26 13:21:36,received,17640.94
2113,15,54,2,2026-04-02 16:22:39,received,39591.00
2114,9,54,2,2026-04-03 13:34:45,received,18795.20
2115,15,55,2,2026-04-08 13:14:39,received,31027.92
2116,11,55,2,2026-04-25 15:25:28,received,15836.80
2117,9,55,2,2026-04-24 11:40:20,received,16827.58
2118,11,55,2,2026-04-26 10:19:57,received,18624.25
2119,2,55,2,2026-04-24 10:01:44,received,16169.40
2120,5,55,2,2026-04-04 10:58:27,received,29139.40
2121,4,55,2,2026-04-19 10:28:44,received,18041.65
2122,15,56,2,2026-04-28 11:40:49,received,31329.00
2123,2,56,2,2026-04-28 09:47:44,received,20404.30
2124,7,56,2,2026-04-27 13:47:25,received,29956.65
2125,1,56,2,2026-04-13 15:05:45,received,3942.50
2126,12,56,2,2026-04-16 11:29:09,received,26075.89
2127,8,57,2,2026-04-15 15:46:07,received,14903.80
2128,10,57,2,2026-04-29 09:04:54,received,8743.85
2129,11,57,2,2026-04-18 13:21:08,received,25067.73
2130,5,57,2,2026-04-21 16:52:47,received,36837.40
2131,5,57,2,2026-04-05 15:33:56,received,15830.10
2132,13,57,2,2026-04-08 09:04:12,received,13749.40
2133,7,58,2,2026-04-13 14:27:15,received,13170.40
2134,4,58,2,2026-04-05 11:31:49,received,10678.20
2135,8,58,2,2026-04-23 15:50:46,received,18969.45
2136,13,58,2,2026-04-17 15:20:02,submitted,2255.60
2137,15,58,2,2026-04-06 10:12:58,submitted,30075.48
2138,4,58,2,2026-04-07 15:41:49,received,28025.90
2139,9,1,2,2026-05-24 11:12:47,received,12997.75
2140,8,1,2,2026-05-09 10:09:13,received,11743.05
2141,9,1,2,2026-05-13 10:42:31,received,11509.15
2142,8,1,2,2026-05-13 09:27:45,received,31308.08
2143,3,1,2,2026-05-10 16:43:53,approved,29436.85
2144,1,1,2,2026-05-12 13:52:04,approved,16367.20
2145,8,1,2,2026-05-24 13:12:57,submitted,22607.20
2146,1,1,2,2026-05-04 13:31:35,received,14854.64
2147,10,1,2,2026-05-23 14:25:29,received,15079.35
2148,9,1,2,2026-05-04 10:28:11,received,17999.41
2149,9,1,2,2026-05-25 10:42:43,approved,13298.40
2150,12,1,2,2026-05-15 14:18:34,received,5722.20
2151,9,1,2,2026-05-28 14:43:08,received,21351.10
2152,8,1,2,2026-05-01 16:21:16,received,24054.60
2153,7,1,2,2026-05-01 13:22:23,received,31275.00
2154,15,1,2,2026-05-23 13:06:11,received,47849.16
2155,9,2,2,2026-05-17 16:30:47,received,14587.20
2156,8,2,2,2026-05-02 16:47:22,received,6549.75
2157,8,2,2,2026-05-15 13:22:53,received,13776.40
2158,11,2,2,2026-05-23 13:51:54,received,13035.25
2159,10,2,2,2026-05-18 16:27:07,received,13564.70
2160,3,2,2,2026-05-02 15:40:20,submitted,22822.40
2161,12,2,2,2026-05-01 15:43:34,received,9716.50
2162,15,2,2,2026-05-27 15:24:43,received,55215.24
2163,15,2,2,2026-05-08 15:49:11,received,20918.28
2164,10,2,2,2026-05-25 10:08:53,received,10484.35
2165,11,2,2,2026-05-26 15:11:53,received,11258.51
2166,11,3,2,2026-05-21 11:49:18,approved,13132.90
2167,8,3,2,2026-05-30 14:56:06,received,12788.55
2168,13,3,2,2026-05-20 16:18:14,received,8526.80
2169,5,3,2,2026-05-27 15:54:48,received,20377.05
2170,9,3,2,2026-05-04 09:51:23,received,22586.33
2171,1,3,2,2026-05-13 11:59:42,received,22788.93
2172,13,3,2,2026-05-21 15:25:43,approved,12643.36
2173,1,3,2,2026-05-09 14:56:24,received,31769.00
2174,9,4,2,2026-05-28 11:50:45,received,11868.30
2175,10,4,2,2026-05-16 15:12:19,received,39614.30
2176,8,4,2,2026-05-05 13:52:17,received,12208.01
2177,11,4,2,2026-05-30 13:47:30,received,17581.85
2178,7,4,2,2026-05-31 15:32:18,received,33511.60
2179,11,4,2,2026-05-19 15:18:07,received,13659.90
2180,10,5,2,2026-05-03 15:23:18,received,14078.35
2181,7,5,2,2026-05-10 11:02:41,received,8411.15
2182,8,5,2,2026-05-30 10:00:20,received,23871.35
2183,10,5,2,2026-05-12 13:09:53,received,30737.90
2184,9,5,2,2026-05-06 14:01:29,received,20737.60
2185,10,5,2,2026-05-25 10:46:31,received,11976.60
2186,15,5,2,2026-05-10 13:08:20,received,22782.72
2187,7,5,2,2026-05-16 14:38:04,received,22970.30
2188,13,5,2,2026-05-30 13:10:19,received,9445.48
2189,15,5,2,2026-05-14 09:03:41,received,44453.52
2190,9,5,2,2026-05-04 09:48:11,received,30492.25
2191,10,5,2,2026-05-30 16:24:50,received,13142.07
2192,7,6,2,2026-05-31 16:45:17,received,21841.00
2193,11,6,2,2026-05-21 10:22:27,received,9452.95
2194,13,6,2,2026-05-12 13:35:45,received,9541.35
2195,11,6,2,2026-05-05 11:15:42,received,15576.20
2196,7,7,2,2026-05-26 13:19:32,received,13342.34
2197,13,7,2,2026-05-03 10:50:29,received,10164.95
2198,7,7,2,2026-05-07 16:32:19,received,25701.60
2199,15,7,2,2026-05-07 09:20:30,received,39531.00
2200,7,7,2,2026-05-13 16:22:33,received,21938.00
2201,12,7,2,2026-05-31 10:53:27,received,25446.90
2202,4,7,2,2026-05-28 10:39:57,received,21190.55
2203,8,8,2,2026-05-03 10:43:47,received,30816.15
2204,8,8,2,2026-05-03 11:19:38,received,17299.50
2205,14,8,2,2026-05-31 11:57:24,received,12301.55
2206,8,8,2,2026-05-06 15:58:01,submitted,18839.45
2207,11,8,2,2026-05-23 10:32:52,cancelled,14038.45
2208,9,8,2,2026-05-07 14:15:42,received,15475.45
2209,14,8,2,2026-05-12 15:45:08,received,12935.70
2210,8,9,2,2026-05-15 13:00:36,received,16217.25
2211,13,9,2,2026-05-06 15:27:53,received,5481.95
2212,5,9,2,2026-05-13 11:52:34,received,41868.90
2213,9,9,2,2026-05-21 15:05:36,received,16369.55
2214,11,9,2,2026-05-21 14:39:30,received,27814.35
2215,7,9,2,2026-05-07 15:45:50,received,18451.20
2216,15,9,2,2026-05-16 14:17:18,received,73584.12
2217,10,9,2,2026-05-22 13:39:04,received,13977.62
2218,12,9,2,2026-05-05 10:41:54,received,19446.71
2219,12,9,2,2026-05-26 09:41:52,received,19635.59
2220,10,9,2,2026-05-16 15:50:58,approved,22628.07
2221,13,9,2,2026-05-07 11:33:41,received,8783.00
2222,14,9,2,2026-05-01 10:19:02,received,40612.95
2223,12,9,2,2026-05-31 16:58:01,received,8813.00
2224,11,9,2,2026-05-03 14:53:19,received,2226.45
2225,4,9,2,2026-05-29 13:45:31,approved,12835.15
2226,15,10,2,2026-05-29 16:40:02,received,31778.76
2227,8,10,2,2026-05-20 13:56:13,received,19009.35
2228,13,10,2,2026-05-17 13:24:53,cancelled,11656.20
2229,9,10,2,2026-05-09 15:28:40,received,4510.60
2230,7,10,2,2026-05-02 16:49:05,received,42282.20
2231,10,10,2,2026-05-31 15:23:05,received,16255.70
2232,13,10,2,2026-05-06 10:14:50,received,12668.75
2233,13,10,2,2026-05-01 11:11:59,received,15030.10
2234,12,10,2,2026-05-15 09:37:22,received,12622.35
2235,9,10,2,2026-05-02 15:40:33,received,19822.65
2236,11,10,2,2026-05-01 15:53:32,received,6433.38
2237,14,10,2,2026-05-20 15:29:31,received,29340.58
2238,8,10,2,2026-05-14 09:13:23,received,28249.63
2239,12,10,2,2026-05-31 15:12:52,received,7529.20
2240,2,10,2,2026-05-09 16:08:16,received,32938.20
2241,13,10,2,2026-05-02 13:22:59,received,17117.35
2242,9,11,2,2026-05-04 10:14:20,received,16424.35
2243,10,11,2,2026-05-20 11:38:26,received,12776.30
2244,9,11,2,2026-05-07 09:53:07,received,9426.50
2245,10,11,2,2026-05-16 15:03:08,received,19633.35
2246,15,11,2,2026-05-18 13:12:56,received,100426.68
2247,2,11,2,2026-05-03 13:27:16,received,9577.65
2248,12,11,2,2026-05-29 11:02:23,received,22613.82
2249,7,11,2,2026-05-02 13:36:57,received,48513.00
2250,6,12,2,2026-05-08 14:43:27,received,38620.25
2251,7,12,2,2026-05-19 13:23:28,received,26521.00
2252,11,12,2,2026-05-29 16:44:23,received,15011.07
2253,8,12,2,2026-05-13 13:25:25,received,10947.75
2254,12,12,2,2026-05-17 10:54:00,received,13281.34
2255,9,12,2,2026-05-13 10:12:05,received,20770.60
2256,10,12,2,2026-05-23 09:01:14,received,11591.24
2257,9,13,2,2026-05-17 15:04:11,received,10050.45
2258,8,13,2,2026-05-14 13:21:02,received,14579.50
2259,15,13,2,2026-05-17 14:20:35,received,61163.28
2260,10,13,2,2026-05-31 15:24:31,received,19452.27
2261,10,13,2,2026-05-17 13:21:40,received,24339.10
2262,5,13,2,2026-05-10 09:30:21,received,14122.50
2263,15,14,2,2026-05-04 10:13:58,received,80295.00
2264,15,14,2,2026-05-21 16:42:24,received,72873.36
2265,7,14,2,2026-05-23 16:13:16,received,26881.10
2266,9,14,2,2026-05-30 11:49:02,received,24439.10
2267,7,14,2,2026-05-20 10:20:58,received,30099.40
2268,15,14,2,2026-05-20 15:39:10,received,34165.80
2269,9,14,2,2026-05-01 14:08:28,received,22423.05
2270,14,14,2,2026-05-04 15:39:49,received,30937.80
2271,11,14,2,2026-05-29 10:08:01,received,9285.10
2272,14,14,2,2026-05-09 10:59:56,received,14817.95
2273,4,14,2,2026-05-06 09:52:13,received,20900.80
2274,13,14,2,2026-05-10 15:57:52,received,7193.65
2275,14,14,2,2026-05-13 13:47:53,approved,15051.29
2276,8,14,2,2026-05-17 09:45:18,received,14935.50
2277,4,14,2,2026-05-10 11:22:55,received,18616.00
2278,11,15,2,2026-05-23 14:21:52,received,16930.65
2279,8,15,2,2026-05-15 14:22:45,received,18528.85
2280,7,15,2,2026-05-20 10:32:54,submitted,9867.80
2281,7,15,2,2026-05-08 09:04:29,received,34450.20
2282,7,15,2,2026-05-02 15:29:01,received,10912.80
2283,13,15,2,2026-05-08 11:22:31,received,3100.30
2284,3,15,2,2026-05-24 11:51:18,received,17449.25
2285,9,15,2,2026-05-03 09:23:33,received,24506.60
2286,9,15,2,2026-05-04 11:25:52,received,11698.65
2287,8,15,2,2026-05-21 09:49:03,received,14924.70
2288,15,15,2,2026-05-14 09:03:02,received,33331.08
2289,4,15,2,2026-05-19 10:37:14,received,15287.10
2290,10,15,2,2026-05-24 16:53:11,received,5667.20
2291,5,15,2,2026-05-10 09:01:52,received,30972.30
2292,9,15,2,2026-05-17 11:52:02,received,21483.10
2293,6,16,2,2026-05-25 15:58:02,received,56864.60
2294,7,16,2,2026-05-12 15:33:35,received,41590.80
2295,15,16,2,2026-05-12 13:59:27,received,15746.76
2296,8,16,2,2026-05-03 13:25:55,received,30867.40
2297,10,16,2,2026-05-29 11:31:33,received,5796.67
2298,7,16,2,2026-05-15 11:03:58,received,8122.10
2299,9,16,2,2026-05-30 14:34:03,received,20810.50
2300,4,16,2,2026-05-02 10:49:28,received,21868.05
2301,5,16,2,2026-05-18 16:44:23,received,12031.05
2302,15,16,2,2026-05-06 15:44:08,received,45517.56
2303,7,16,2,2026-05-06 15:51:39,submitted,14610.20
2304,12,17,2,2026-05-13 11:04:11,received,14660.15
2305,15,17,2,2026-05-14 16:20:13,approved,25831.20
2306,4,17,2,2026-05-13 13:44:21,received,9219.00
2307,8,17,2,2026-05-19 10:14:26,received,14720.18
2308,11,17,2,2026-05-08 15:48:38,received,22572.25
2309,4,17,2,2026-05-21 15:22:25,received,11367.92
2310,9,17,2,2026-05-26 13:02:18,approved,23753.50
2311,7,17,2,2026-05-15 15:50:26,received,16702.80
2312,10,17,2,2026-05-03 14:49:39,received,37983.09
2313,7,17,2,2026-05-16 09:12:48,received,13653.10
2314,10,17,2,2026-05-21 15:50:09,cancelled,7996.10
2315,10,17,2,2026-05-07 10:04:33,received,23230.56
2316,11,17,2,2026-05-09 16:38:33,received,19106.27
2317,7,17,2,2026-05-22 15:54:07,received,26246.00
2318,13,17,2,2026-05-15 15:54:25,received,8332.43
2319,9,18,2,2026-05-13 15:37:16,received,20316.85
2320,3,18,2,2026-05-31 11:02:25,received,22478.20
2321,12,18,2,2026-05-11 15:38:26,received,19866.10
2322,7,18,2,2026-05-30 09:30:48,received,9395.35
2323,8,18,2,2026-05-23 09:05:25,received,11702.45
2324,11,18,2,2026-05-18 14:29:13,received,20461.60
2325,11,18,2,2026-05-06 16:09:09,received,16977.04
2326,7,19,2,2026-05-19 10:31:17,received,29006.30
2327,15,19,2,2026-05-27 11:05:51,received,66461.76
2328,7,19,2,2026-05-18 14:57:52,received,20169.20
2329,1,19,2,2026-05-19 14:34:35,received,9116.40
2330,3,19,2,2026-05-30 10:14:49,received,16228.95
2331,12,19,2,2026-05-10 14:12:27,received,11326.65
2332,15,20,2,2026-05-19 10:46:32,received,33027.48
2333,9,20,2,2026-05-31 15:26:19,received,11718.18
2334,8,20,2,2026-05-03 10:24:48,received,21227.05
2335,12,20,2,2026-05-01 13:47:13,received,7230.05
2336,7,20,2,2026-05-28 14:02:53,received,29156.60
2337,3,20,2,2026-05-20 10:34:07,received,29696.18
2338,11,20,2,2026-05-12 14:22:13,received,12321.05
2339,8,20,2,2026-05-27 10:23:57,received,9533.88
2340,9,20,2,2026-05-05 16:54:03,received,7482.15
2341,7,20,2,2026-05-20 16:19:21,received,17353.00
2342,8,20,2,2026-05-14 15:39:02,received,18813.55
2343,2,20,2,2026-05-23 14:52:15,received,22371.30
2344,7,20,2,2026-05-11 16:14:53,received,25551.00
2345,11,21,2,2026-05-21 14:43:48,received,13144.10
2346,8,21,2,2026-05-23 09:17:30,received,25052.70
2347,7,21,2,2026-05-16 10:32:52,received,4952.85
2348,12,21,2,2026-05-07 10:18:43,received,9510.15
2349,7,21,2,2026-05-23 10:53:20,received,30374.40
2350,12,21,2,2026-05-30 14:19:38,received,11386.05
2351,7,21,2,2026-05-12 16:50:43,received,30557.20
2352,11,21,2,2026-05-16 10:01:26,received,11141.35
2353,10,21,2,2026-05-11 16:31:35,received,29198.15
2354,8,21,2,2026-05-15 10:20:41,received,17110.75
2355,5,21,2,2026-05-31 14:46:35,received,16969.40
2356,3,22,2,2026-05-23 16:57:59,received,14741.38
2357,9,22,2,2026-05-30 15:10:57,received,15451.25
2358,10,22,2,2026-05-12 13:36:49,received,14320.50
2359,10,22,2,2026-05-13 10:55:28,received,5795.30
2360,12,22,2,2026-05-12 10:35:46,received,22029.54
2361,12,22,2,2026-05-29 13:44:58,approved,21684.60
2362,1,22,2,2026-05-19 10:29:52,cancelled,29862.25
2363,3,22,2,2026-05-08 15:40:19,received,24779.20
2364,1,23,2,2026-05-15 14:39:15,received,15057.20
2365,10,23,2,2026-05-30 15:26:40,received,9929.70
2366,3,23,2,2026-05-07 10:36:59,received,12948.65
2367,9,23,2,2026-05-14 14:22:18,cancelled,15587.20
2368,9,23,2,2026-05-07 13:16:52,received,10490.25
2369,11,23,2,2026-05-10 11:38:15,received,25144.35
2370,7,23,2,2026-05-23 16:22:48,received,54768.30
2371,10,23,2,2026-05-30 13:24:05,received,14638.30
2372,13,23,2,2026-05-25 11:25:28,received,10760.18
2373,15,23,2,2026-05-27 09:15:35,received,32562.72
2374,8,23,2,2026-05-01 11:53:57,received,22126.90
2375,11,23,2,2026-05-15 15:27:18,received,13044.25
2376,14,23,2,2026-05-09 14:34:17,approved,18958.82
2377,10,24,2,2026-05-21 16:51:44,received,21712.20
2378,14,24,2,2026-05-27 16:49:47,submitted,16008.60
2379,13,24,2,2026-05-30 16:55:41,received,13175.98
2380,1,24,2,2026-05-24 11:09:43,received,17729.30
2381,9,24,2,2026-05-15 10:44:52,submitted,6510.25
2382,8,24,2,2026-05-08 14:10:50,received,6573.20
2383,14,24,2,2026-05-14 14:32:25,received,27123.10
2384,3,24,2,2026-05-02 10:06:07,received,21377.75
2385,12,24,2,2026-05-22 13:06:32,received,5349.50
2386,10,24,2,2026-05-08 13:14:49,cancelled,26686.90
2387,10,24,2,2026-05-23 15:32:45,received,18848.55
2388,9,24,2,2026-05-04 14:33:04,received,8807.05
2389,2,24,2,2026-05-10 16:57:00,received,18380.40
2390,12,24,2,2026-05-23 15:38:06,received,6335.17
2391,8,24,2,2026-05-04 15:45:33,received,30595.35
2392,10,25,2,2026-05-09 13:57:38,received,8486.45
2393,14,25,2,2026-05-04 10:28:26,received,43974.77
2394,11,25,2,2026-05-09 09:30:19,received,22982.85
2395,7,25,2,2026-05-08 11:50:04,received,7048.20
2396,13,25,2,2026-05-02 15:42:40,received,4316.30
2397,2,25,2,2026-05-10 13:31:05,received,16954.25
2398,15,25,2,2026-05-04 11:43:44,received,54558.84
2399,8,26,2,2026-05-01 15:04:01,received,17329.10
2400,12,26,2,2026-05-05 15:19:39,received,12554.30
2401,14,26,2,2026-05-03 14:06:30,received,25535.55
2402,10,26,2,2026-05-03 13:09:58,received,20218.35
2403,9,26,2,2026-05-05 14:05:27,received,19918.20
2404,7,26,2,2026-05-21 13:23:47,submitted,21352.20
2405,7,27,2,2026-05-01 14:55:33,received,22943.80
2406,8,27,2,2026-05-09 14:36:43,received,20544.40
2407,7,27,2,2026-05-04 10:20:53,received,7918.40
2408,11,27,2,2026-05-10 10:55:08,received,12321.25
2409,4,27,2,2026-05-11 14:36:56,received,20731.66
2410,9,27,2,2026-05-30 15:49:46,received,22732.70
2411,8,27,2,2026-05-15 11:43:51,received,8967.00
2412,2,27,2,2026-05-17 13:33:15,received,14567.38
2413,13,27,2,2026-05-25 15:03:24,received,6488.40
2414,7,27,2,2026-05-31 15:19:34,received,24450.50
2415,7,27,2,2026-05-28 13:27:10,received,40182.80
2416,12,27,2,2026-05-04 10:53:40,received,24927.80
2417,11,27,2,2026-05-03 09:10:03,received,6080.00
2418,9,27,2,2026-05-04 15:12:18,received,21272.90
2419,8,27,2,2026-05-14 16:33:51,received,15498.65
2420,4,28,2,2026-05-20 09:59:51,received,24321.98
2421,13,28,2,2026-05-03 11:04:38,received,16915.15
2422,9,28,2,2026-05-06 10:25:13,received,20866.40
2423,14,28,2,2026-05-13 14:24:23,received,14421.05
2424,15,28,2,2026-05-12 11:18:46,received,42351.12
2425,12,28,2,2026-05-14 16:20:16,received,24898.88
2426,6,28,2,2026-05-20 16:10:36,received,31271.70
2427,9,29,2,2026-05-08 15:16:37,received,22161.55
2428,9,29,2,2026-05-18 15:02:28,received,21472.00
2429,2,29,2,2026-05-15 15:51:15,received,22331.95
2430,7,29,2,2026-05-12 16:48:54,received,38445.00
2431,10,30,2,2026-05-11 10:39:26,received,12674.31
2432,10,30,2,2026-05-28 09:45:39,received,18410.42
2433,12,30,2,2026-05-28 13:46:37,received,22918.45
2434,5,30,2,2026-05-06 09:25:57,received,40113.80
2435,9,31,2,2026-05-23 14:00:05,received,26396.05
2436,9,31,2,2026-05-13 14:17:56,received,15129.20
2437,13,31,2,2026-05-22 14:07:22,received,35616.55
2438,10,31,2,2026-05-02 14:47:30,received,5443.90
2439,12,31,2,2026-05-08 15:37:32,received,14706.94
2440,10,31,2,2026-05-15 15:10:02,received,9122.40
2441,9,31,2,2026-05-09 11:06:02,received,11095.71
2442,9,31,2,2026-05-05 13:20:49,received,8574.19
2443,11,32,2,2026-05-05 11:16:21,cancelled,15290.05
2444,11,32,2,2026-05-05 15:41:48,received,8838.30
2445,7,32,2,2026-05-13 09:44:48,submitted,33284.00
2446,7,32,2,2026-05-11 14:27:20,received,42195.70
2447,7,33,2,2026-05-07 10:55:32,received,33052.20
2448,15,33,2,2026-05-22 13:49:03,received,18420.00
2449,12,33,2,2026-05-28 14:38:35,received,12091.85
2450,14,33,2,2026-05-23 10:25:04,received,13310.75
2451,10,33,2,2026-05-10 15:17:47,received,10803.75
2452,13,33,2,2026-05-31 10:14:35,received,18894.30
2453,9,33,2,2026-05-07 14:01:21,received,11714.10
2454,9,33,2,2026-05-07 11:12:22,received,18323.85
2455,10,34,2,2026-05-28 11:31:42,received,18955.65
2456,10,34,2,2026-05-26 16:37:05,received,23705.65
2457,7,34,2,2026-05-18 16:02:17,received,19801.60
2458,9,34,2,2026-05-19 15:59:35,received,15409.40
2459,5,34,2,2026-05-26 10:07:29,received,17657.35
2460,2,34,2,2026-05-24 10:42:14,received,21493.00
2461,2,34,2,2026-05-05 16:02:46,received,21183.95
2462,8,34,2,2026-05-29 10:17:57,approved,15272.25
2463,12,35,2,2026-05-09 13:33:03,received,9358.40
2464,7,35,2,2026-05-10 13:00:45,received,15305.60
2465,15,35,2,2026-05-02 16:16:51,received,28068.00
2466,15,35,2,2026-05-30 11:02:58,received,28737.60
2467,7,35,2,2026-05-22 11:25:25,received,8287.60
2468,8,35,2,2026-05-17 16:40:50,received,20945.15
2469,2,35,2,2026-05-28 14:15:42,received,26737.36
2470,11,35,2,2026-05-06 11:39:45,received,14603.60
2471,8,35,2,2026-05-05 14:06:08,received,23239.90
2472,10,35,2,2026-05-17 11:52:22,received,18050.60
2473,1,35,2,2026-05-10 15:54:27,received,14881.25
2474,8,35,2,2026-05-12 09:46:37,received,19761.90
2475,2,35,2,2026-05-04 09:28:17,received,29501.20
2476,15,35,2,2026-05-29 13:18:03,received,25479.00
2477,9,35,2,2026-05-19 11:22:15,received,12314.30
2478,13,35,2,2026-05-16 14:00:04,received,8083.40
2479,14,36,2,2026-05-30 10:42:01,received,48817.26
2480,9,36,2,2026-05-20 16:30:02,received,20691.55
2481,6,36,2,2026-05-06 15:24:29,received,15448.25
2482,15,36,2,2026-05-15 09:16:23,received,25252.32
2483,12,36,2,2026-05-02 11:57:18,received,18130.85
2484,13,36,2,2026-05-27 11:52:20,received,9715.53
2485,9,37,2,2026-05-21 13:45:38,received,22135.91
2486,5,37,2,2026-05-13 11:37:08,received,9253.35
2487,13,37,2,2026-05-25 09:12:21,received,14700.75
2488,11,37,2,2026-05-22 10:02:37,received,10468.60
2489,14,37,2,2026-05-10 14:10:10,received,18225.29
2490,1,37,2,2026-05-23 13:22:48,received,13052.25
2491,7,37,2,2026-05-02 15:01:56,cancelled,30990.00
2492,12,38,2,2026-05-03 15:18:24,received,15167.15
2493,11,38,2,2026-05-24 15:14:14,received,4844.90
2494,11,38,2,2026-05-27 13:24:26,received,8086.05
2495,11,38,2,2026-05-16 09:36:11,received,23638.11
2496,9,38,2,2026-05-14 11:46:50,approved,6437.90
2497,3,38,2,2026-05-12 15:46:49,received,16652.54
2498,7,38,2,2026-05-04 16:04:00,received,31238.00
2499,5,38,2,2026-05-04 16:13:35,received,17656.35
2500,15,38,2,2026-05-22 10:11:18,received,46906.44
2501,11,38,2,2026-05-29 16:46:31,received,13086.75
2502,12,38,2,2026-05-01 15:10:31,received,7659.95
2503,7,38,2,2026-05-27 13:49:29,received,40955.00
2504,1,38,2,2026-05-10 14:02:32,received,30571.60
2505,7,39,2,2026-05-10 15:21:50,received,21317.60
2506,9,39,2,2026-05-10 11:44:02,received,17938.55
2507,8,39,2,2026-05-02 16:19:18,received,16716.25
2508,7,39,2,2026-05-28 10:15:51,received,35394.80
2509,8,39,2,2026-05-29 10:38:40,received,34773.95
2510,12,39,2,2026-05-27 09:46:55,received,49311.60
2511,14,39,2,2026-05-17 09:26:37,received,23817.70
2512,8,39,2,2026-05-28 13:21:22,received,24165.65
2513,11,40,2,2026-05-23 15:18:08,received,14610.05
2514,6,40,2,2026-05-01 14:41:58,received,51002.85
2515,15,40,2,2026-05-13 10:40:51,received,34236.48
2516,5,40,2,2026-05-16 14:46:33,received,5545.70
2517,11,40,2,2026-05-08 15:56:47,received,11315.35
2518,9,40,2,2026-05-15 13:53:14,received,30892.05
2519,14,41,2,2026-05-28 15:22:36,received,24549.95
2520,15,41,2,2026-05-28 09:11:17,received,42124.20
2521,15,41,2,2026-05-24 09:17:39,received,77015.52
2522,13,41,2,2026-05-01 09:41:40,received,9669.05
2523,9,41,2,2026-05-22 14:45:14,received,20803.10
2524,10,41,2,2026-05-23 09:31:48,received,14199.10
2525,2,41,2,2026-05-09 10:25:03,received,24504.10
2526,5,41,2,2026-05-19 16:24:23,received,21787.85
2527,10,42,2,2026-05-06 11:35:37,received,17131.50
2528,11,42,2,2026-05-23 13:48:58,received,15274.65
2529,7,42,2,2026-05-09 13:07:26,received,8399.20
2530,9,42,2,2026-05-21 10:39:34,received,21991.15
2531,13,43,2,2026-05-30 13:17:25,approved,14640.00
2532,7,43,2,2026-05-31 14:00:45,received,33557.60
2533,11,43,2,2026-05-11 14:54:02,received,9816.00
2534,11,43,2,2026-05-13 10:32:02,received,7752.05
2535,11,43,2,2026-05-11 13:24:56,received,10442.20
2536,1,43,2,2026-05-24 16:06:14,received,37242.05
2537,12,43,2,2026-05-23 14:32:24,received,15128.55
2538,8,44,2,2026-05-26 14:21:52,received,8238.70
2539,10,44,2,2026-05-09 15:50:47,received,16086.86
2540,10,44,2,2026-05-02 11:39:45,received,29968.36
2541,11,44,2,2026-05-22 09:40:45,received,28152.30
2542,13,44,2,2026-05-20 13:30:08,received,4348.60
2543,12,44,2,2026-05-30 14:24:53,received,17557.50
2544,1,44,2,2026-05-28 16:05:31,received,21657.55
2545,8,45,2,2026-05-10 14:55:07,received,17158.40
2546,4,45,2,2026-05-11 13:22:30,received,17333.20
2547,13,45,2,2026-05-31 10:54:01,submitted,3194.60
2548,8,45,2,2026-05-13 09:10:33,received,28208.30
2549,14,46,2,2026-05-24 14:49:17,received,16743.85
2550,7,46,2,2026-05-28 13:00:29,received,35986.00
2551,7,46,2,2026-05-17 11:18:17,received,19736.80
2552,8,46,2,2026-05-24 15:26:18,submitted,31312.90
2553,4,46,2,2026-05-20 10:47:40,received,31221.75
2554,9,46,2,2026-05-22 11:44:47,received,8419.60
2555,9,46,2,2026-05-05 14:04:55,received,21265.10
2556,9,47,2,2026-05-06 10:09:53,received,15090.10
2557,14,47,2,2026-05-26 13:56:34,received,7733.25
2558,9,47,2,2026-05-26 11:36:01,received,27538.90
2559,10,47,2,2026-05-12 15:20:34,received,14692.70
2560,11,47,2,2026-05-30 13:23:58,approved,16488.60
2561,7,47,2,2026-05-16 10:47:44,received,28338.60
2562,9,47,2,2026-05-18 10:07:16,received,25243.25
2563,2,47,2,2026-05-28 16:18:32,received,19628.40
2564,1,48,2,2026-05-22 09:02:31,received,45255.60
2565,7,48,2,2026-05-03 11:55:38,received,24988.60
2566,15,48,2,2026-05-05 13:31:29,received,31234.08
2567,7,48,2,2026-05-19 11:31:28,received,22920.00
2568,13,48,2,2026-05-02 10:42:33,received,12417.00
2569,15,48,2,2026-05-25 16:19:48,received,45408.36
2570,15,49,2,2026-05-10 10:31:23,received,31750.68
2571,12,49,2,2026-05-14 11:27:50,received,14196.30
2572,10,49,2,2026-05-17 11:24:43,cancelled,9271.85
2573,15,49,2,2026-05-04 14:34:38,cancelled,26057.40
2574,8,49,2,2026-05-02 11:50:06,received,21526.95
2575,9,49,2,2026-05-24 16:43:10,received,21118.85
2576,13,50,2,2026-05-07 09:07:20,received,15579.90
2577,13,50,2,2026-05-06 16:50:36,received,9728.94
2578,13,50,2,2026-05-24 10:26:38,received,23813.10
2579,8,50,2,2026-05-19 10:08:49,received,7489.40
2580,8,51,2,2026-05-14 14:39:11,received,20570.25
2581,2,51,2,2026-05-16 15:44:35,received,33115.35
2582,13,51,2,2026-05-24 11:59:34,received,9224.17
2583,15,51,2,2026-05-02 14:51:27,received,34070.64
2584,2,52,2,2026-05-28 15:45:40,received,12356.65
2585,12,52,2,2026-05-29 16:24:21,received,16750.05
2586,7,52,2,2026-05-14 14:53:02,received,13429.40
2587,9,52,2,2026-05-30 16:27:19,received,26067.10
2588,11,52,2,2026-05-30 15:12:28,cancelled,15286.80
2589,10,52,2,2026-05-18 14:25:13,received,21225.60
2590,9,52,2,2026-05-16 13:26:25,received,28857.75
2591,2,53,2,2026-05-07 10:16:37,received,30263.55
2592,9,53,2,2026-05-15 10:17:10,received,33016.90
2593,12,53,2,2026-05-26 10:12:45,received,17019.90
2594,15,53,2,2026-05-25 16:24:57,received,40708.08
2595,11,53,2,2026-05-15 16:20:03,received,20343.20
2596,12,53,2,2026-05-19 14:48:20,received,15563.05
2597,8,53,2,2026-05-18 15:47:47,received,15110.80
2598,10,54,2,2026-05-23 13:30:47,received,13966.85
2599,14,54,2,2026-05-17 15:36:49,received,18105.70
2600,10,54,2,2026-05-03 13:47:14,received,18812.70
2601,11,54,2,2026-05-28 13:36:30,approved,13264.10
2602,11,55,2,2026-05-07 13:32:03,received,14822.00
2603,9,55,2,2026-05-27 10:03:15,received,12065.70
2604,12,55,2,2026-05-17 10:05:53,received,9113.60
2605,4,55,2,2026-05-05 13:22:22,received,10684.66
2606,1,56,2,2026-05-07 15:55:43,received,14152.26
2607,2,56,2,2026-05-01 14:15:44,received,34318.43
2608,11,56,2,2026-05-01 16:56:05,received,8311.30
2609,12,56,2,2026-05-02 11:06:15,received,18149.10
2610,12,57,2,2026-05-26 16:36:35,received,27230.65
2611,12,57,2,2026-05-18 10:13:14,received,12842.20
2612,14,57,2,2026-05-26 11:21:58,received,9423.54
2613,8,57,2,2026-05-12 13:16:53,approved,16797.10
2614,13,58,2,2026-05-27 10:25:45,received,5185.65
2615,8,58,2,2026-05-02 10:12:05,received,12369.05
2616,3,58,2,2026-05-24 10:58:39,received,8575.60
2617,13,58,2,2026-05-12 13:08:45,received,10064.50
2618,4,58,2,2026-05-05 16:15:55,received,18372.48
2619,12,58,2,2026-05-20 14:51:24,received,15482.70
2620,10,58,2,2026-05-17 10:48:42,received,8134.25
2621,8,1,2,2026-06-21 15:29:14,received,16054.37
2622,10,1,2,2026-06-06 16:32:46,received,21735.16
2623,7,1,2,2026-06-06 10:31:09,received,32646.66
2624,11,1,2,2026-06-17 13:57:35,received,13719.55
2625,10,1,2,2026-06-05 10:17:10,received,7049.14
2626,4,1,2,2026-06-06 10:01:27,received,20436.00
2627,3,1,2,2026-06-05 14:05:42,received,20510.04
2628,2,1,2,2026-06-21 13:50:48,received,24479.35
2629,3,1,2,2026-06-05 13:05:14,received,27803.21
2630,7,1,2,2026-06-15 09:59:36,received,14490.69
2631,8,1,2,2026-06-18 13:19:08,received,10988.95
2632,7,1,2,2026-06-15 16:13:31,received,59685.69
2633,10,2,2,2026-06-24 11:05:24,received,14864.55
2634,8,2,2,2026-06-21 10:23:30,received,7773.66
2635,11,2,2,2026-06-20 16:02:09,received,27284.05
2636,9,2,2,2026-06-17 09:41:15,received,24776.32
2637,8,2,2,2026-06-10 10:43:50,received,29101.82
2638,13,2,2,2026-06-01 14:03:06,received,22817.92
2639,9,2,2,2026-06-24 09:29:27,approved,15329.43
2640,9,2,2,2026-06-01 15:07:36,received,28059.58
2641,2,2,2,2026-06-05 10:48:25,received,24019.84
2642,9,2,2,2026-06-07 14:56:40,received,10748.67
2643,9,2,2,2026-06-22 11:10:28,received,40728.60
2644,15,2,2,2026-06-15 15:56:43,received,36030.31
2645,9,2,2,2026-06-06 10:17:29,received,26653.20
2646,12,2,2,2026-06-17 09:13:24,received,15056.22
2647,8,2,2,2026-06-11 14:42:37,submitted,26433.23
2648,13,2,2,2026-06-18 13:59:19,received,9399.46
2649,13,2,2,2026-06-23 15:23:32,received,10020.20
2650,7,3,2,2026-06-10 13:27:43,submitted,13426.94
2651,7,3,2,2026-06-04 10:49:40,approved,21613.33
2652,10,3,2,2026-06-19 11:17:13,received,7022.87
2653,15,3,2,2026-06-21 09:03:43,received,37170.13
2654,1,3,2,2026-06-07 16:47:34,received,15647.31
2655,12,3,2,2026-06-08 13:19:03,received,9076.19
2656,8,3,2,2026-06-28 09:06:01,received,33807.75
2657,8,4,2,2026-06-27 13:25:53,received,40648.87
2658,11,4,2,2026-06-24 13:57:17,cancelled,11829.42
2659,8,4,2,2026-06-29 16:48:22,received,24310.87
2660,7,4,2,2026-06-26 13:43:14,approved,44654.04
2661,9,4,2,2026-06-04 09:51:58,received,42314.01
2662,7,4,2,2026-06-17 13:57:02,received,14382.59
2663,10,5,2,2026-06-06 14:48:13,received,6792.63
2664,9,5,2,2026-06-02 14:16:24,submitted,25839.40
2665,7,5,2,2026-06-23 10:39:02,received,34576.87
2666,9,5,2,2026-06-19 16:16:20,received,9988.67
2667,2,5,2,2026-06-08 10:14:41,received,13072.48
2668,8,5,2,2026-06-14 15:28:07,received,19121.79
2669,15,5,2,2026-06-18 13:17:52,received,25153.17
2670,4,5,2,2026-06-03 14:51:32,received,18539.33
2671,15,5,2,2026-06-27 14:24:14,received,52602.25
2672,11,5,2,2026-06-17 13:54:40,received,7781.84
2673,4,5,2,2026-06-27 11:38:39,submitted,30469.14
2674,14,5,2,2026-06-01 10:40:15,received,35715.92
2675,3,5,2,2026-06-06 15:11:23,received,15755.64
2676,11,5,2,2026-06-07 16:22:57,received,18263.13
2677,10,5,2,2026-06-15 13:10:07,received,6783.79
2678,8,5,2,2026-06-09 15:00:18,cancelled,7474.52
2679,9,5,2,2026-06-25 15:54:15,received,16463.91
2680,9,6,2,2026-06-15 13:51:17,received,33589.59
2681,8,6,2,2026-06-01 10:55:26,received,14783.66
2682,8,6,2,2026-06-25 11:30:19,received,18267.91
2683,15,6,2,2026-06-01 13:06:14,received,45180.47
2684,11,6,2,2026-06-25 14:44:30,submitted,14756.68
2685,10,6,2,2026-06-08 14:28:48,received,18018.82
2686,11,7,2,2026-06-12 13:56:28,received,24879.95
2687,10,7,2,2026-06-29 09:18:50,received,13327.69
2688,15,7,2,2026-06-14 13:15:44,received,52648.88
2689,14,7,2,2026-06-19 10:38:17,received,57545.30
2690,8,7,2,2026-06-05 09:58:39,received,11729.19
2691,8,7,2,2026-06-10 13:29:09,received,32100.25
2692,2,8,2,2026-06-19 15:12:14,cancelled,34586.50
2693,3,8,2,2026-06-26 10:16:04,approved,25752.09
2694,11,8,2,2026-06-05 14:29:33,approved,7821.49
2695,7,8,2,2026-06-28 16:31:38,cancelled,32668.36
2696,10,8,2,2026-06-10 13:10:50,received,8808.31
2697,13,8,2,2026-06-19 09:03:03,received,7883.58
2698,9,9,2,2026-06-08 16:25:26,received,21256.38
2699,13,9,2,2026-06-18 10:08:35,received,8414.46
2700,13,9,2,2026-06-01 15:51:09,received,11980.33
2701,12,9,2,2026-06-04 14:47:20,received,13764.31
2702,7,9,2,2026-06-28 10:26:04,received,24100.48
2703,8,9,2,2026-06-09 09:33:22,received,11499.59
2704,7,9,2,2026-06-21 14:07:28,received,9803.29
2705,9,9,2,2026-06-03 15:49:14,received,6247.02
2706,13,9,2,2026-06-02 13:45:28,approved,9866.40
2707,7,9,2,2026-06-01 10:34:41,received,15509.82
2708,11,9,2,2026-06-01 11:32:49,received,22584.84
2709,12,9,2,2026-06-30 15:09:22,approved,28786.27
2710,3,9,2,2026-06-28 15:12:57,approved,45415.33
2711,10,9,2,2026-06-03 11:55:37,cancelled,9753.62
2712,9,9,2,2026-06-16 10:11:22,received,13984.31
2713,13,9,2,2026-06-05 09:12:27,received,8616.81
2714,15,10,2,2026-06-19 10:02:08,received,49165.56
2715,3,10,2,2026-06-19 15:03:28,received,12295.55
2716,12,10,2,2026-06-21 15:45:16,received,7818.64
2717,15,10,2,2026-06-14 11:36:09,received,37956.78
2718,3,10,2,2026-06-14 14:51:45,received,16675.28
2719,4,10,2,2026-06-15 10:01:48,received,25251.73
2720,8,10,2,2026-06-02 15:16:58,received,20917.91
2721,11,10,2,2026-06-23 15:06:00,received,21549.21
2722,11,10,2,2026-06-18 13:38:11,received,34367.85
2723,5,10,2,2026-06-10 13:39:35,received,26221.92
2724,15,10,2,2026-06-10 15:19:31,received,71100.98
2725,10,10,2,2026-06-19 15:59:09,received,10640.90
2726,9,11,2,2026-06-26 15:54:22,received,19826.64
2727,10,11,2,2026-06-23 14:34:04,received,10023.53
2728,13,11,2,2026-06-26 15:43:34,received,85738.85
2729,10,11,2,2026-06-20 10:32:18,received,16143.45
2730,9,11,2,2026-06-13 15:57:40,received,18013.15
2731,8,11,2,2026-06-23 10:11:11,received,11599.11
2732,9,11,2,2026-06-14 15:05:22,approved,26589.79
2733,9,12,2,2026-06-29 15:31:59,received,38049.60
2734,10,12,2,2026-06-10 14:27:06,received,21745.71
2735,11,12,2,2026-06-29 15:57:39,received,26599.87
2736,8,12,2,2026-06-10 15:22:44,received,29675.09
2737,14,12,2,2026-06-16 13:54:18,received,14245.04
2738,7,12,2,2026-06-17 11:41:41,cancelled,19702.49
2739,9,12,2,2026-06-19 16:14:51,received,16737.46
2740,2,13,2,2026-06-22 13:03:50,received,14876.42
2741,7,13,2,2026-06-02 11:07:03,received,17840.41
2742,8,13,2,2026-06-23 14:00:40,received,24372.47
2743,9,13,2,2026-06-03 14:28:21,received,13054.72
2744,1,13,2,2026-06-13 14:05:21,received,8412.47
2745,15,13,2,2026-06-24 11:58:56,approved,51596.55
2746,4,13,2,2026-06-17 15:33:08,received,28035.16
2747,8,13,2,2026-06-25 10:45:14,approved,24508.36
2748,11,13,2,2026-06-10 13:29:23,received,8022.17
2749,8,14,2,2026-06-08 09:20:21,received,23121.18
2750,8,14,2,2026-06-25 13:33:39,received,28408.15
2751,7,14,2,2026-06-15 09:03:02,received,36271.92
2752,12,14,2,2026-06-23 10:32:31,received,18036.60
2753,12,14,2,2026-06-18 13:57:36,received,12771.89
2754,13,14,2,2026-06-17 14:03:44,received,10369.45
2755,2,14,2,2026-06-20 14:17:46,received,15677.81
2756,8,14,2,2026-06-03 11:07:34,received,14095.37
2757,12,14,2,2026-06-02 16:03:45,received,8947.75
2758,10,14,2,2026-06-27 15:36:14,received,13194.10
2759,8,14,2,2026-06-05 09:04:51,received,47589.39
2760,8,14,2,2026-06-10 13:02:38,received,24660.14
2761,12,15,2,2026-06-23 13:27:28,received,16232.70
2762,11,15,2,2026-06-18 14:52:48,received,14824.92
2763,8,15,2,2026-06-11 15:03:23,received,12208.90
2764,2,15,2,2026-06-06 10:09:47,received,25822.64
2765,14,15,2,2026-06-04 11:07:25,received,36330.68
2766,9,15,2,2026-06-25 09:58:44,approved,25063.76
2767,12,15,2,2026-06-04 14:35:33,received,21018.94
2768,12,15,2,2026-06-12 11:11:38,received,9421.01
2769,10,15,2,2026-06-21 15:04:05,received,6133.96
2770,8,15,2,2026-06-20 09:47:20,received,35878.68
2771,8,15,2,2026-06-01 13:46:35,received,35062.43
2772,9,15,2,2026-06-29 14:57:18,received,17912.29
2773,14,16,2,2026-06-04 11:32:20,approved,34967.90
2774,7,16,2,2026-06-20 16:42:41,received,18699.77
2775,12,16,2,2026-06-23 10:16:19,received,21938.20
2776,8,16,2,2026-06-09 11:01:20,received,14423.66
2777,7,16,2,2026-06-11 16:18:49,received,20719.55
2778,7,16,2,2026-06-10 16:00:21,received,41523.97
2779,8,16,2,2026-06-01 14:22:45,received,34112.28
2780,13,16,2,2026-06-29 13:20:09,received,4806.70
2781,12,16,2,2026-06-10 11:44:57,received,29597.63
2782,13,16,2,2026-06-01 10:31:46,received,17274.79
2783,9,16,2,2026-06-23 10:41:43,received,20602.13
2784,1,16,2,2026-06-14 09:43:28,received,14284.02
2785,11,16,2,2026-06-25 09:09:52,approved,15426.83
2786,7,16,2,2026-06-07 09:16:31,received,26849.74
2787,7,17,2,2026-06-24 13:02:55,received,7281.75
2788,12,17,2,2026-06-07 14:13:39,received,13737.17
2789,11,17,2,2026-06-08 15:52:56,received,18355.64
2790,7,17,2,2026-06-28 11:56:16,approved,21434.62
2791,8,17,2,2026-06-23 15:03:31,received,9566.73
2792,7,17,2,2026-06-16 10:23:50,approved,23605.59
2793,12,17,2,2026-06-22 11:05:20,cancelled,4678.55
2794,2,17,2,2026-06-30 15:11:49,received,16144.14
2795,8,17,2,2026-06-21 10:59:12,cancelled,16516.04
2796,11,17,2,2026-06-30 16:34:24,received,6215.31
2797,10,17,2,2026-06-08 15:38:57,received,8746.81
2798,9,17,2,2026-06-12 10:49:39,received,25677.51
2799,8,17,2,2026-06-19 10:29:11,received,30253.77
2800,15,17,2,2026-06-25 15:00:50,approved,63578.63
2801,9,17,2,2026-06-22 16:55:33,received,16146.63
2802,2,17,2,2026-06-01 10:18:57,received,15879.00
2803,7,18,2,2026-06-26 13:07:32,approved,17616.16
2804,7,18,2,2026-06-02 15:39:27,received,44194.96
2805,9,18,2,2026-06-22 10:00:53,received,22770.57
2806,14,18,2,2026-06-13 11:49:37,received,10023.82
2807,8,18,2,2026-06-03 13:27:55,received,18268.61
2808,12,18,2,2026-06-13 15:35:40,received,26286.17
2809,7,19,2,2026-06-01 14:20:09,received,30936.24
2810,9,19,2,2026-06-11 14:29:45,received,12187.59
2811,10,19,2,2026-06-16 10:27:34,received,24873.68
2812,8,19,2,2026-06-13 11:43:35,received,11025.72
2813,10,19,2,2026-06-22 10:03:07,received,18511.06
2814,9,19,2,2026-06-11 15:34:50,received,19514.93
2815,3,20,2,2026-06-02 10:16:57,received,23927.80
2816,13,20,2,2026-06-11 13:07:32,received,14222.11
2817,13,20,2,2026-06-27 13:42:54,received,10853.20
2818,9,20,2,2026-06-12 10:55:01,received,33194.19
2819,9,20,2,2026-06-20 16:02:28,received,33445.77
2820,10,20,2,2026-06-04 14:49:47,received,14335.84
2821,11,20,2,2026-06-09 13:51:13,received,5056.22
2822,15,20,2,2026-06-05 16:42:35,received,23742.00
2823,8,20,2,2026-06-13 11:25:42,received,13193.22
2824,12,20,2,2026-06-07 14:45:51,received,22685.49
2825,12,20,2,2026-06-01 10:07:21,received,4493.96
2826,7,20,2,2026-06-26 10:11:15,cancelled,36605.54
2827,11,20,2,2026-06-10 15:21:31,received,21138.90
2828,9,20,2,2026-06-20 16:42:58,submitted,30421.27
2829,11,21,2,2026-06-20 14:37:30,received,55015.60
2830,10,21,2,2026-06-02 10:42:01,received,31297.15
2831,4,21,2,2026-06-27 13:39:05,received,11409.40
2832,15,21,2,2026-06-21 11:26:59,received,73851.35
2833,12,21,2,2026-06-03 10:27:58,received,16039.50
2834,5,21,2,2026-06-14 14:25:52,received,21578.43
2835,8,21,2,2026-06-27 10:54:58,received,32344.07
2836,9,21,2,2026-06-15 11:41:34,received,23441.85
2837,15,21,2,2026-06-29 14:03:31,approved,33336.81
2838,13,21,2,2026-06-23 11:18:27,received,16005.11
2839,2,21,2,2026-06-21 16:11:10,received,14835.31
2840,15,21,2,2026-06-14 14:47:57,received,53264.41
2841,9,21,2,2026-06-27 11:44:17,approved,27571.41
2842,7,21,2,2026-06-14 10:33:07,received,19156.47
2843,2,21,2,2026-06-07 13:40:00,received,51499.44
2844,9,21,2,2026-06-15 10:46:34,received,45090.99
2845,10,22,2,2026-06-08 16:58:45,received,8597.97
2846,8,22,2,2026-06-26 13:30:20,approved,26316.54
2847,11,22,2,2026-06-22 10:26:33,received,17395.29
2848,3,22,2,2026-06-08 13:44:14,received,26932.20
2849,15,22,2,2026-06-12 13:58:50,received,35614.20
2850,12,22,2,2026-06-25 13:59:52,received,13349.86
2851,7,23,2,2026-06-29 13:26:09,approved,46666.08
2852,1,23,2,2026-06-25 15:36:45,approved,20092.31
2853,12,23,2,2026-06-17 10:22:22,received,33429.19
2854,11,23,2,2026-06-22 14:09:09,received,8063.64
2855,11,23,2,2026-06-02 11:35:34,received,13224.35
2856,14,23,2,2026-06-15 13:26:44,received,39071.53
2857,10,23,2,2026-06-18 10:30:56,received,18739.94
2858,12,23,2,2026-06-03 13:30:13,received,20783.22
2859,9,23,2,2026-06-24 09:19:51,approved,16068.43
2860,8,23,2,2026-06-05 14:22:23,received,17316.34
2861,9,23,2,2026-06-12 15:35:24,received,6396.55
2862,9,23,2,2026-06-28 10:02:10,received,27455.33
2863,10,24,2,2026-06-20 13:56:16,submitted,20445.30
2864,10,24,2,2026-06-20 15:54:48,received,18105.54
2865,5,24,2,2026-06-08 14:46:13,received,31345.77
2866,7,24,2,2026-06-20 09:56:57,received,34185.82
2867,7,24,2,2026-06-29 15:01:07,approved,21046.74
2868,15,24,2,2026-06-29 15:04:27,approved,38995.99
2869,15,24,2,2026-06-25 09:43:24,submitted,47330.09
2870,2,24,2,2026-06-23 11:44:08,received,27164.28
2871,8,24,2,2026-06-28 14:44:37,received,31639.25
2872,10,24,2,2026-06-22 14:05:11,received,25932.48
2873,11,24,2,2026-06-28 15:43:21,received,24480.04
2874,8,24,2,2026-06-09 15:41:58,received,19656.62
2875,7,24,2,2026-06-22 10:51:09,received,33750.43
2876,10,24,2,2026-06-09 15:03:27,received,19290.79
2877,7,25,2,2026-06-12 09:43:49,received,22771.11
2878,7,25,2,2026-06-12 14:18:09,received,32353.25
2879,12,25,2,2026-06-01 11:44:17,received,30584.56
2880,10,25,2,2026-06-19 16:10:56,received,27458.09
2881,9,25,2,2026-06-15 10:05:56,received,25747.35
2882,12,25,2,2026-06-08 16:43:01,received,20017.07
2883,7,25,2,2026-06-28 11:37:22,received,30254.20
2884,11,26,2,2026-06-24 10:13:09,submitted,12286.40
2885,10,26,2,2026-06-03 13:20:56,received,20297.64
2886,7,26,2,2026-06-28 13:22:22,received,14646.86
2887,11,26,2,2026-06-05 11:31:05,received,8701.84
2888,1,26,2,2026-06-04 11:32:26,received,16624.19
2889,11,26,2,2026-06-04 11:48:01,received,10909.88
2890,15,27,2,2026-06-16 11:01:05,received,55577.73
2891,11,27,2,2026-06-23 13:17:27,received,11131.26
2892,11,27,2,2026-06-11 14:04:43,received,4932.98
2893,10,27,2,2026-06-16 14:32:01,received,12927.04
2894,4,27,2,2026-06-07 10:45:21,received,17779.13
2895,9,27,2,2026-06-15 15:48:05,received,38341.72
2896,13,27,2,2026-06-04 11:57:20,received,12832.36
2897,15,27,2,2026-06-28 11:15:51,received,43707.42
2898,8,27,2,2026-06-23 14:11:48,received,12721.24
2899,8,27,2,2026-06-05 13:52:21,received,27652.10
2900,10,27,2,2026-06-17 14:58:09,received,13075.71
2901,1,27,2,2026-06-23 14:55:36,received,23285.89
2902,12,28,2,2026-06-08 10:25:03,received,7521.48
2903,7,28,2,2026-06-13 11:19:10,received,16290.92
2904,15,28,2,2026-06-29 14:56:26,received,60956.59
2905,10,28,2,2026-06-27 10:46:31,submitted,13480.87
2906,9,28,2,2026-06-20 10:01:21,received,12441.96
2907,7,29,2,2026-06-30 10:20:37,received,30977.49
2908,6,29,2,2026-06-11 13:48:54,received,29044.70
2909,5,29,2,2026-06-25 09:34:04,approved,14026.61
2910,11,29,2,2026-06-11 10:31:44,received,19401.04
2911,12,29,2,2026-06-11 15:59:50,received,36877.92
2912,10,29,2,2026-06-02 09:47:42,received,11117.66
2913,10,29,2,2026-06-04 09:20:09,received,33151.63
2914,12,30,2,2026-06-26 15:16:37,received,9836.56
2915,14,30,2,2026-06-18 11:42:49,received,15404.26
2916,7,30,2,2026-06-02 15:23:49,received,27559.14
2917,15,30,2,2026-06-09 14:38:01,received,27926.96
2918,15,30,2,2026-06-05 15:53:32,received,41112.84
2919,7,31,2,2026-06-21 11:43:56,received,33076.07
2920,6,31,2,2026-06-17 14:18:10,submitted,9383.65
2921,10,31,2,2026-06-04 10:57:17,received,3958.22
2922,7,31,2,2026-06-28 13:52:41,received,33526.41
2923,9,31,2,2026-06-15 14:00:08,received,22802.19
2924,8,32,2,2026-06-01 16:30:08,received,39535.99
2925,10,32,2,2026-06-27 13:42:37,received,15620.23
2926,12,32,2,2026-06-20 10:33:42,received,17534.39
2927,15,32,2,2026-06-23 14:59:53,received,47591.67
2928,10,32,2,2026-06-20 10:31:43,received,16594.52
2929,9,33,2,2026-06-08 09:00:43,received,32991.74
2930,8,33,2,2026-06-15 13:21:34,received,19889.25
2931,13,33,2,2026-06-01 09:48:27,received,11281.53
2932,5,33,2,2026-06-09 14:13:12,received,20860.04
2933,10,33,2,2026-06-24 13:25:53,received,18854.29
2934,8,33,2,2026-06-22 13:25:24,received,33031.25
2935,10,33,2,2026-06-20 13:21:39,received,15594.49
2936,4,34,2,2026-06-08 09:45:06,received,14082.66
2937,8,34,2,2026-06-18 11:38:41,received,20775.84
2938,12,34,2,2026-06-11 15:53:03,received,30310.18
2939,8,34,2,2026-06-09 13:28:25,received,19442.57
2940,9,34,2,2026-06-03 14:50:06,received,11452.39
2941,8,35,2,2026-06-06 14:31:22,received,35194.90
2942,14,35,2,2026-06-24 11:17:13,approved,19861.77
2943,5,35,2,2026-06-26 13:00:58,approved,26218.44
2944,9,35,2,2026-06-02 13:59:16,received,27588.35
2945,7,35,2,2026-06-29 14:50:22,received,45976.08
2946,5,35,2,2026-06-05 10:03:32,received,38898.06
2947,7,35,2,2026-06-08 14:56:51,received,27467.98
2948,11,35,2,2026-06-19 11:11:31,received,23343.56
2949,10,35,2,2026-06-11 10:49:09,received,14777.79
2950,15,35,2,2026-06-21 13:43:32,received,49545.17
2951,7,35,2,2026-06-22 16:33:54,received,20371.33
2952,14,35,2,2026-06-20 09:25:53,received,21475.09
2953,8,35,2,2026-06-23 13:48:03,received,11231.41
2954,8,35,2,2026-06-09 16:39:55,received,22716.38
2955,11,35,2,2026-06-12 10:19:48,received,9312.26
2956,5,35,2,2026-06-23 15:49:50,received,25664.98
2957,12,35,2,2026-06-13 15:13:06,received,13726.24
2958,10,36,2,2026-06-12 10:05:33,received,10973.19
2959,12,36,2,2026-06-21 10:21:18,received,46905.61
2960,11,36,2,2026-06-16 10:25:33,received,10980.10
2961,12,36,2,2026-06-18 11:54:22,received,18206.52
2962,13,36,2,2026-06-08 15:45:52,received,7020.39
2963,8,36,2,2026-06-09 14:13:52,received,19832.36
2964,11,36,2,2026-06-06 14:50:34,received,18731.96
2965,11,37,2,2026-06-29 10:18:50,received,13422.33
2966,4,37,2,2026-06-11 15:21:46,cancelled,25599.49
2967,5,37,2,2026-06-02 13:25:47,received,18063.84
2968,10,37,2,2026-06-07 10:51:22,received,18818.49
2969,13,37,2,2026-06-01 09:29:17,received,12810.83
2970,13,37,2,2026-06-26 14:07:36,received,7342.11
2971,11,37,2,2026-06-28 15:55:05,received,14488.45
2972,4,37,2,2026-06-08 10:03:00,received,32369.36
2973,10,37,2,2026-06-06 16:37:38,received,33051.55
2974,15,38,2,2026-06-05 09:40:14,received,102305.26
2975,11,38,2,2026-06-19 09:01:24,approved,19590.84
2976,15,38,2,2026-06-26 16:48:41,received,25673.85
2977,7,38,2,2026-06-04 09:47:07,received,36543.32
2978,9,38,2,2026-06-14 14:42:48,received,27688.83
2979,8,38,2,2026-06-29 13:48:45,approved,27117.38
2980,7,38,2,2026-06-23 13:43:02,received,24109.06
2981,8,38,2,2026-06-07 11:11:21,approved,17053.64
2982,5,38,2,2026-06-01 13:42:13,received,32707.33
2983,9,38,2,2026-06-11 16:27:08,received,21620.28
2984,8,38,2,2026-06-04 15:58:00,received,27829.01
2985,8,38,2,2026-06-15 13:14:06,received,10090.72
2986,9,38,2,2026-06-21 10:39:54,received,7683.55
2987,8,38,2,2026-06-23 10:31:59,received,25334.52
2988,12,39,2,2026-06-15 09:15:46,received,8554.41
2989,7,39,2,2026-06-25 14:47:52,approved,48735.39
2990,4,39,2,2026-06-19 16:56:25,received,34710.40
2991,9,39,2,2026-06-30 14:03:34,received,11963.54
2992,10,39,2,2026-06-04 10:12:56,received,33210.75
2993,9,39,2,2026-06-20 16:18:23,received,27983.84
2994,15,40,2,2026-06-09 15:59:19,received,45027.64
2995,8,40,2,2026-06-30 09:08:30,received,22564.60
2996,11,40,2,2026-06-29 13:22:39,received,26663.95
2997,11,40,2,2026-06-25 14:41:03,received,20282.68
2998,11,40,2,2026-06-24 14:43:39,submitted,8077.88
2999,7,40,2,2026-06-25 14:53:48,received,14265.75
3000,9,40,2,2026-06-05 10:27:03,received,31964.45
3001,9,40,2,2026-06-09 13:58:12,received,14269.97
3002,9,40,2,2026-06-10 11:41:30,received,21828.70
3003,7,41,2,2026-06-11 10:12:17,received,29384.10
3004,11,41,2,2026-06-19 10:43:45,approved,18563.05
3005,8,41,2,2026-06-07 14:12:17,received,9503.56
3006,7,41,2,2026-06-24 15:10:05,received,39416.08
3007,14,41,2,2026-06-23 15:23:41,received,11848.06
3008,2,41,2,2026-06-25 14:45:49,approved,26645.16
3009,11,41,2,2026-06-07 14:40:30,received,21943.85
3010,14,42,2,2026-06-24 16:56:26,received,29022.08
3011,9,42,2,2026-06-15 10:21:45,received,18077.95
3012,12,42,2,2026-06-10 13:37:14,received,13256.71
3013,8,42,2,2026-06-09 16:38:31,received,35295.76
3014,10,42,2,2026-06-01 15:18:34,received,17419.98
3015,15,43,2,2026-06-08 14:03:41,received,44672.52
3016,4,43,2,2026-06-03 09:41:28,received,13592.20
3017,5,43,2,2026-06-12 14:07:03,received,40618.32
3018,15,43,2,2026-06-14 14:18:17,received,32275.14
3019,15,43,2,2026-06-28 14:26:35,received,45022.90
3020,10,44,2,2026-06-21 14:08:42,received,12248.73
3021,15,44,2,2026-06-03 16:51:04,approved,37587.89
3022,7,44,2,2026-06-09 09:57:32,received,55546.61
3023,15,44,2,2026-06-22 13:32:00,received,167185.46
3024,12,44,2,2026-06-14 14:22:08,submitted,18469.27
3025,7,45,2,2026-06-16 16:19:12,received,32143.19
3026,4,45,2,2026-06-05 15:22:33,received,29968.02
3027,8,45,2,2026-06-13 11:30:28,received,24319.18
3028,10,45,2,2026-06-27 15:27:29,submitted,18592.57
3029,2,45,2,2026-06-10 13:56:31,received,10549.71
3030,14,46,2,2026-06-29 15:06:59,approved,28518.26
3031,7,46,2,2026-06-09 13:54:28,submitted,42833.82
3032,10,46,2,2026-06-02 09:00:14,submitted,10771.91
3033,15,46,2,2026-06-29 13:45:41,received,80351.19
3034,12,46,2,2026-06-24 10:35:47,received,22475.03
3035,7,46,2,2026-06-22 10:47:07,received,38444.04
3036,7,47,2,2026-06-09 14:18:16,received,20760.26
3037,1,47,2,2026-06-13 13:41:25,received,38072.74
3038,7,47,2,2026-06-22 14:26:56,received,29149.74
3039,9,47,2,2026-06-13 14:40:16,received,9168.54
3040,3,47,2,2026-06-13 14:51:14,received,22286.37
3041,11,47,2,2026-06-19 09:30:11,approved,14424.29
3042,5,47,2,2026-06-27 13:53:50,received,21564.82
3043,13,47,2,2026-06-19 13:27:20,received,6183.13
3044,11,47,2,2026-06-12 16:13:47,received,15459.45
3045,5,48,2,2026-06-21 15:04:37,received,8093.84
3046,7,48,2,2026-06-26 13:35:34,received,44864.49
3047,13,48,2,2026-06-08 14:35:31,received,72311.72
3048,15,48,2,2026-06-25 13:41:56,received,43212.80
3049,11,48,2,2026-06-14 13:18:22,received,10393.23
3050,13,49,2,2026-06-08 13:33:04,received,11108.18
3051,10,49,2,2026-06-14 15:47:46,received,19128.32
3052,8,49,2,2026-06-25 13:06:40,received,30475.62
3053,15,49,2,2026-06-21 14:21:22,received,81347.78
3054,11,49,2,2026-06-27 15:04:06,received,36675.56
3055,10,49,2,2026-06-07 13:35:51,received,35714.61
3056,7,49,2,2026-06-02 14:24:38,received,36942.83
3057,1,49,2,2026-06-18 16:07:11,received,18278.65
3058,13,49,2,2026-06-25 13:38:54,received,14904.06
3059,9,50,2,2026-06-11 11:35:51,received,12153.48
3060,12,50,2,2026-06-10 14:13:05,received,31589.21
3061,15,50,2,2026-06-05 10:07:03,received,56582.74
3062,8,50,2,2026-06-22 11:38:07,received,23631.91
3063,15,50,2,2026-06-12 16:51:26,received,24262.43
3064,9,50,2,2026-06-30 10:20:07,received,21384.56
3065,13,51,2,2026-06-15 11:12:29,received,13475.36
3066,15,51,2,2026-06-28 11:28:24,received,165338.95
3067,1,51,2,2026-06-16 15:48:04,received,23025.04
3068,11,51,2,2026-06-04 14:27:03,received,9087.30
3069,2,51,2,2026-06-01 13:03:27,received,32155.30
3070,12,51,2,2026-06-23 11:25:55,approved,23110.14
3071,9,51,2,2026-06-21 10:23:22,received,23137.93
3072,10,51,2,2026-06-01 13:03:18,received,18333.12
3073,9,51,2,2026-06-13 10:24:42,received,16606.57
3074,10,52,2,2026-06-03 13:36:11,received,20748.30
3075,14,52,2,2026-06-28 15:27:27,received,23127.50
3076,8,52,2,2026-06-09 14:51:33,submitted,21911.28
3077,8,52,2,2026-06-07 10:02:53,received,29152.04
3078,4,52,2,2026-06-02 15:54:45,received,8194.28
3079,13,52,2,2026-06-09 11:22:49,received,4173.40
3080,13,53,2,2026-06-26 14:22:43,approved,5386.03
3081,9,53,2,2026-06-24 15:54:36,received,19776.15
3082,9,53,2,2026-06-01 13:29:59,submitted,20174.93
3083,6,53,2,2026-06-10 15:22:40,received,30297.59
3084,15,53,2,2026-06-24 11:29:03,received,82874.82
3085,4,54,2,2026-06-23 10:20:02,received,13496.36
3086,12,54,2,2026-06-15 15:12:34,received,11187.10
3087,8,54,2,2026-06-29 15:25:07,received,15316.53
3088,5,54,2,2026-06-15 14:39:14,received,26837.35
3089,1,54,2,2026-06-09 15:47:13,received,28143.98
3090,12,54,2,2026-06-25 09:32:17,received,13315.14
3091,9,54,2,2026-06-06 11:24:13,received,26271.49
3092,11,55,2,2026-06-12 11:38:40,received,13227.81
3093,8,55,2,2026-06-08 16:22:21,approved,34269.98
3094,9,55,2,2026-06-20 11:14:35,received,30234.89
3095,3,55,2,2026-06-10 13:18:03,received,37017.16
3096,10,55,2,2026-06-23 09:50:39,received,21968.10
3097,3,55,2,2026-06-25 16:58:51,approved,12954.07
3098,8,55,2,2026-06-29 09:45:10,approved,7687.46
3099,11,56,2,2026-06-24 13:02:40,submitted,25948.65
3100,10,56,2,2026-06-17 11:35:36,received,12080.31
3101,11,56,2,2026-06-15 09:09:00,received,16485.30
3102,5,56,2,2026-06-12 10:04:49,received,16062.05
3103,10,56,2,2026-06-19 10:30:33,received,9234.56
3104,8,56,2,2026-06-25 10:47:34,cancelled,9499.20
3105,10,57,2,2026-06-29 09:34:36,received,18085.67
3106,10,57,2,2026-06-17 11:24:01,received,15141.76
3107,12,57,2,2026-06-28 15:24:38,submitted,9154.24
3108,12,57,2,2026-06-08 13:52:18,received,32395.27
3109,7,57,2,2026-06-17 09:59:08,submitted,11137.96
3110,4,57,2,2026-06-10 11:02:42,received,7461.05
3111,2,57,2,2026-06-06 14:22:48,received,34568.51
3112,8,58,2,2026-06-03 11:09:58,received,16225.14
3113,9,58,2,2026-06-03 09:18:24,received,30917.40
3114,11,58,2,2026-06-07 11:55:30,received,12082.33
3115,9,58,2,2026-06-03 13:59:26,received,17032.11
3116,11,58,2,2026-06-19 11:06:20,received,22716.36
3117,14,58,2,2026-06-27 14:51:22,received,24501.92
