purchase_order_id,line_no,product_id,quantity,purchase_price,line_amount
1,1,1,20,54.00,1080.00
2,1,2,30,78.00,2340.00
20001,1,120,16,47.4,758.4
20001,2,121,20,48.98,979.6
20001,3,122,24,50.56,1213.44
20001,4,123,28,45.82,1282.96
20001,5,124,32,47.4,1516.8
20001,6,125,12,48.98,587.76
20001,7,126,16,50.56,808.96
20001,8,127,20,45.82,916.4
20001,9,128,24,47.4,1137.6
20001,10,129,28,48.98,1371.44
20002,1,130,17,47.4,805.8
20002,2,131,21,48.98,1028.58
20002,3,132,25,50.56,1264.0
20002,4,133,29,45.82,1328.78
20002,5,134,33,47.4,1564.2
20002,6,135,13,48.98,636.74
20002,7,136,17,50.56,859.52
20002,8,137,21,45.82,962.22
20002,9,138,25,47.4,1185.0
20002,10,139,29,48.98,1420.42
20003,1,140,18,47.4,853.2
20003,2,141,22,48.98,1077.56
20003,3,142,26,50.56,1314.56
20003,4,143,30,45.82,1374.6
20003,5,144,34,47.4,1611.6
20003,6,145,14,48.98,685.72
20003,7,146,18,50.56,910.08
20003,8,147,22,45.82,1008.04
20003,9,148,26,47.4,1232.4
20003,10,149,30,48.98,1469.4
20004,1,150,19,47.4,900.6
20004,2,151,23,48.98,1126.54
20004,3,152,27,50.56,1365.12
20004,4,153,31,45.82,1420.42
20004,5,154,35,47.4,1659.0
20004,6,155,15,48.98,734.7
20004,7,156,19,50.56,960.64
20004,8,157,23,45.82,1053.86
20004,9,158,27,47.4,1279.8
20004,10,159,31,48.98,1518.38
20005,1,160,20,47.4,948.0
20005,2,161,24,48.98,1175.52
20005,3,162,28,50.56,1415.68
20005,4,163,32,45.82,1466.24
20005,5,164,36,47.4,1706.4
20005,6,165,16,48.98,783.68
20005,7,166,20,50.56,1011.2
20005,8,167,24,45.82,1099.68
20005,9,168,28,47.4,1327.2
20005,10,169,32,48.98,1567.36
20006,1,170,16,47.4,758.4
20006,2,171,20,48.98,979.6
20006,3,172,24,50.56,1213.44
20006,4,173,28,45.82,1282.96
20006,5,174,32,47.4,1516.8
20006,6,175,12,48.98,587.76
20006,7,176,16,50.56,808.96
20006,8,177,20,45.82,916.4
20006,9,178,24,47.4,1137.6
20006,10,179,28,48.98,1371.44
20007,1,180,17,47.4,805.8
20007,2,181,21,48.98,1028.58
20007,3,182,25,50.56,1264.0
20007,4,183,29,45.82,1328.78
20007,5,184,33,47.4,1564.2
20007,6,185,13,48.98,636.74
20007,7,186,17,50.56,859.52
20007,8,187,21,45.82,962.22
20007,9,188,25,47.4,1185.0
20007,10,189,29,48.98,1420.42
20008,1,190,18,47.4,853.2
20008,2,191,22,48.98,1077.56
20008,3,192,26,50.56,1314.56
20008,4,193,30,45.82,1374.6
20008,5,194,34,47.4,1611.6
20008,6,195,14,48.98,685.72
20008,7,196,18,50.56,910.08
20008,8,197,22,45.82,1008.04
20008,9,198,26,47.4,1232.4
20008,10,199,30,48.98,1469.4
20009,1,200,19,47.4,900.6
20009,2,201,23,48.98,1126.54
20009,3,202,27,50.56,1365.12
20009,4,203,31,45.82,1420.42
20009,5,204,35,47.4,1659.0
20009,6,205,15,48.98,734.7
20009,7,206,19,50.56,960.64
20009,8,207,23,45.82,1053.86
20009,9,208,27,47.4,1279.8
20009,10,209,31,48.98,1518.38
20010,1,210,20,47.4,948.0
20010,2,211,24,48.98,1175.52
20010,3,212,28,50.56,1415.68
20010,4,213,32,45.82,1466.24
20010,5,214,36,47.4,1706.4
20010,6,215,16,48.98,783.68
20010,7,216,20,50.56,1011.2
20010,8,217,24,45.82,1099.68
20010,9,218,28,47.4,1327.2
20010,10,219,32,48.98,1567.36
20011,1,220,16,47.4,758.4
20011,2,221,20,48.98,979.6
20011,3,222,24,50.56,1213.44
20011,4,223,28,45.82,1282.96
20011,5,224,32,47.4,1516.8
20011,6,225,12,48.98,587.76
20011,7,226,16,50.56,808.96
20011,8,227,20,45.82,916.4
20011,9,228,24,47.4,1137.6
20011,10,229,28,48.98,1371.44
20012,1,230,17,47.4,805.8
20012,2,231,21,48.98,1028.58
20012,3,232,25,50.56,1264.0
20012,4,233,29,45.82,1328.78
20012,5,234,33,47.4,1564.2
20012,6,235,13,48.98,636.74
20012,7,236,17,50.56,859.52
20012,8,237,21,45.82,962.22
20012,9,238,25,47.4,1185.0
20012,10,239,29,48.98,1420.42
20013,1,240,18,47.4,853.2
20013,2,241,22,48.98,1077.56
20013,3,242,26,50.56,1314.56
20013,4,243,30,45.82,1374.6
20013,5,244,34,47.4,1611.6
20013,6,245,14,48.98,685.72
20013,7,246,18,50.56,910.08
20013,8,247,22,45.82,1008.04
20013,9,248,26,47.4,1232.4
20013,10,249,30,48.98,1469.4
20014,1,250,19,47.4,900.6
20014,2,251,23,48.98,1126.54
20014,3,252,27,50.56,1365.12
20014,4,253,31,45.82,1420.42
20014,5,254,35,47.4,1659.0
20014,6,255,15,48.98,734.7
20014,7,256,19,50.56,960.64
20014,8,257,23,45.82,1053.86
20014,9,258,27,47.4,1279.8
20014,10,259,31,48.98,1518.38
20015,1,260,20,47.4,948.0
20015,2,261,24,48.98,1175.52
20015,3,262,28,50.56,1415.68
20015,4,263,32,45.82,1466.24
20015,5,264,36,47.4,1706.4
20015,6,265,16,48.98,783.68
20015,7,266,20,50.56,1011.2
20015,8,267,24,45.82,1099.68
20015,9,268,28,47.4,1327.2
20015,10,269,32,48.98,1567.36
20016,1,270,16,47.4,758.4
20016,2,271,20,48.98,979.6
20016,3,272,24,50.56,1213.44
20016,4,273,28,45.82,1282.96
20016,5,274,32,47.4,1516.8
20016,6,275,12,48.98,587.76
20016,7,276,16,50.56,808.96
20016,8,277,20,45.82,916.4
20016,9,278,24,47.4,1137.6
20016,10,279,28,48.98,1371.44
20017,1,280,17,47.4,805.8
20017,2,281,21,48.98,1028.58
20017,3,282,25,50.56,1264.0
20017,4,283,29,45.82,1328.78
20017,5,284,33,47.4,1564.2
20017,6,285,13,48.98,636.74
20017,7,286,17,50.56,859.52
20017,8,287,21,45.82,962.22
20017,9,288,25,47.4,1185.0
20017,10,289,29,48.98,1420.42
20018,1,290,18,47.4,853.2
20018,2,291,22,48.98,1077.56
20018,3,292,26,50.56,1314.56
20018,4,293,30,45.82,1374.6
20018,5,294,34,47.4,1611.6
20018,6,295,14,48.98,685.72
20018,7,296,18,50.56,910.08
20018,8,297,22,45.82,1008.04
20018,9,298,26,47.4,1232.4
20018,10,299,30,48.98,1469.4
20019,1,300,19,47.4,900.6
20019,2,301,23,48.98,1126.54
20019,3,302,27,50.56,1365.12
20019,4,303,31,45.82,1420.42
20019,5,304,35,47.4,1659.0
20019,6,305,15,48.98,734.7
20019,7,306,19,50.56,960.64
20019,8,307,23,45.82,1053.86
20019,9,308,27,47.4,1279.8
20019,10,309,31,48.98,1518.38
20020,1,310,20,47.4,948.0
20020,2,311,24,48.98,1175.52
20020,3,312,28,50.56,1415.68
20020,4,313,32,45.82,1466.24
20020,5,314,36,47.4,1706.4
20020,6,315,16,48.98,783.68
20020,7,316,20,50.56,1011.2
20020,8,317,24,45.82,1099.68
20020,9,318,28,47.4,1327.2
20020,10,319,32,48.98,1567.36
20021,1,320,16,47.4,758.4
20021,2,321,20,48.98,979.6
20021,3,322,24,50.56,1213.44
20021,4,323,28,45.82,1282.96
20021,5,324,32,47.4,1516.8
20021,6,325,12,48.98,587.76
20021,7,326,16,50.56,808.96
20021,8,327,20,45.82,916.4
20021,9,328,24,47.4,1137.6
20021,10,329,28,48.98,1371.44
20022,1,330,17,47.4,805.8
20022,2,331,21,48.98,1028.58
20022,3,332,25,50.56,1264.0
20022,4,333,29,45.82,1328.78
20022,5,334,33,47.4,1564.2
20022,6,335,13,48.98,636.74
20022,7,336,17,50.56,859.52
20022,8,337,21,45.82,962.22
20022,9,338,25,47.4,1185.0
20022,10,339,29,48.98,1420.42
20023,1,340,18,47.4,853.2
20023,2,341,22,48.98,1077.56
20023,3,342,26,50.56,1314.56
20023,4,343,30,45.82,1374.6
20023,5,344,34,47.4,1611.6
20023,6,345,14,48.98,685.72
20023,7,346,18,50.56,910.08
20023,8,347,22,45.82,1008.04
20023,9,348,26,47.4,1232.4
20023,10,349,30,48.98,1469.4
20024,1,350,19,47.4,900.6
20024,2,351,23,48.98,1126.54
20024,3,352,27,50.56,1365.12
20024,4,353,31,45.82,1420.42
20024,5,354,35,47.4,1659.0
20024,6,355,15,48.98,734.7
20024,7,356,19,50.56,960.64
20024,8,357,23,45.82,1053.86
20024,9,358,27,47.4,1279.8
20024,10,359,31,48.98,1518.38
20025,1,360,20,47.4,948.0
20025,2,361,24,48.98,1175.52
20025,3,362,28,50.56,1415.68
20025,4,363,32,45.82,1466.24
20025,5,364,36,47.4,1706.4
20025,6,365,16,48.98,783.68
20025,7,366,20,50.56,1011.2
20025,8,367,24,45.82,1099.68
20025,9,368,28,47.4,1327.2
20025,10,369,32,48.98,1567.36
20026,1,370,16,47.4,758.4
20026,2,371,20,48.98,979.6
20026,3,372,24,50.56,1213.44
20026,4,373,28,45.82,1282.96
20026,5,374,32,47.4,1516.8
20026,6,375,12,48.98,587.76
20026,7,376,16,50.56,808.96
20026,8,377,20,45.82,916.4
20026,9,378,24,47.4,1137.6
20026,10,379,28,48.98,1371.44
20027,1,380,17,47.4,805.8
20027,2,381,21,48.98,1028.58
20027,3,382,25,50.56,1264.0
20027,4,383,29,45.82,1328.78
20027,5,384,33,47.4,1564.2
20027,6,385,13,48.98,636.74
20027,7,386,17,50.56,859.52
20027,8,387,21,45.82,962.22
20027,9,388,25,47.4,1185.0
20027,10,389,29,48.98,1420.42
20028,1,390,18,47.4,853.2
20028,2,391,22,48.98,1077.56
20028,3,392,26,50.56,1314.56
20028,4,393,30,45.82,1374.6
20028,5,394,34,47.4,1611.6
20028,6,395,14,48.98,685.72
20028,7,396,18,50.56,910.08
20028,8,397,22,45.82,1008.04
20028,9,398,26,47.4,1232.4
20028,10,399,30,48.98,1469.4
20029,1,400,19,47.4,900.6
20029,2,401,23,48.98,1126.54
20029,3,402,27,50.56,1365.12
20029,4,403,31,45.82,1420.42
20029,5,404,35,47.4,1659.0
20029,6,405,15,48.98,734.7
20029,7,406,19,50.56,960.64
20029,8,407,23,45.82,1053.86
20029,9,408,27,47.4,1279.8
20029,10,409,31,48.98,1518.38
20030,1,410,20,47.4,948.0
20030,2,411,24,48.98,1175.52
20030,3,412,28,50.56,1415.68
20030,4,413,32,45.82,1466.24
20030,5,414,36,47.4,1706.4
20030,6,415,16,48.98,783.68
20030,7,416,20,50.56,1011.2
20030,8,417,24,45.82,1099.68
20030,9,418,28,47.4,1327.2
20030,10,419,32,48.98,1567.36
20031,1,420,16,47.4,758.4
20031,2,421,20,48.98,979.6
20031,3,422,24,50.56,1213.44
20031,4,423,28,45.82,1282.96
20031,5,424,32,47.4,1516.8
20031,6,425,12,48.98,587.76
20031,7,426,16,50.56,808.96
20031,8,427,20,45.82,916.4
20031,9,428,24,47.4,1137.6
20031,10,429,28,48.98,1371.44
20032,1,430,17,47.4,805.8
20032,2,431,21,48.98,1028.58
20032,3,432,25,50.56,1264.0
20032,4,433,29,45.82,1328.78
20032,5,434,33,47.4,1564.2
20032,6,435,13,48.98,636.74
20032,7,436,17,50.56,859.52
20032,8,437,21,45.82,962.22
20032,9,438,25,47.4,1185.0
20032,10,439,29,48.98,1420.42
20033,1,440,18,47.4,853.2
20033,2,441,22,48.98,1077.56
20033,3,442,26,50.56,1314.56
20033,4,443,30,45.82,1374.6
20033,5,444,34,47.4,1611.6
20033,6,445,14,48.98,685.72
20033,7,446,18,50.56,910.08
20033,8,447,22,45.82,1008.04
20033,9,448,26,47.4,1232.4
20033,10,449,30,48.98,1469.4
20034,1,450,19,47.4,900.6
20034,2,451,23,48.98,1126.54
20034,3,452,27,50.56,1365.12
20034,4,453,31,45.82,1420.42
20034,5,454,35,47.4,1659.0
20034,6,455,15,48.98,734.7
20034,7,456,19,50.56,960.64
20034,8,457,23,45.82,1053.86
20034,9,458,27,47.4,1279.8
20034,10,459,31,48.98,1518.38
20035,1,460,20,47.4,948.0
20035,2,461,24,48.98,1175.52
20035,3,462,28,50.56,1415.68
20035,4,463,32,45.82,1466.24
20035,5,464,36,47.4,1706.4
20035,6,465,16,48.98,783.68
20035,7,466,20,50.56,1011.2
20035,8,467,24,45.82,1099.68
20035,9,468,28,47.4,1327.2
20035,10,469,32,48.98,1567.36
20036,1,470,16,47.4,758.4
20036,2,471,20,48.98,979.6
20036,3,472,24,50.56,1213.44
20036,4,473,28,45.82,1282.96
20036,5,474,32,47.4,1516.8
20036,6,475,12,48.98,587.76
20036,7,476,16,50.56,808.96
20036,8,477,20,45.82,916.4
20036,9,478,24,47.4,1137.6
20036,10,479,28,48.98,1371.44
20037,1,480,17,47.4,805.8
20037,2,481,21,48.98,1028.58
20037,3,482,25,50.56,1264.0
20037,4,483,29,45.82,1328.78
20037,5,484,33,47.4,1564.2
20037,6,485,13,48.98,636.74
20037,7,486,17,50.56,859.52
20037,8,487,21,45.82,962.22
20037,9,488,25,47.4,1185.0
20037,10,489,29,48.98,1420.42
20038,1,490,18,47.4,853.2
20038,2,491,22,48.98,1077.56
20038,3,492,26,50.56,1314.56
20038,4,493,30,45.82,1374.6
20038,5,494,34,47.4,1611.6
20038,6,495,14,48.98,685.72
20038,7,496,18,50.56,910.08
20038,8,497,22,45.82,1008.04
20038,9,498,26,47.4,1232.4
20038,10,499,30,48.98,1469.4
20039,1,500,19,47.4,900.6
20039,2,501,23,48.98,1126.54
20039,3,502,27,50.56,1365.12
20039,4,503,31,45.82,1420.42
20039,5,504,35,47.4,1659.0
20039,6,505,15,48.98,734.7
20039,7,506,19,50.56,960.64
20039,8,507,23,45.82,1053.86
20039,9,508,27,47.4,1279.8
20039,10,509,31,48.98,1518.38
20040,1,510,20,47.4,948.0
20040,2,511,24,48.98,1175.52
20040,3,512,28,50.56,1415.68
20040,4,513,32,45.82,1466.24
20040,5,514,36,47.4,1706.4
20040,6,515,16,48.98,783.68
20040,7,516,20,50.56,1011.2
20040,8,517,24,45.82,1099.68
20040,9,518,28,47.4,1327.2
20040,10,519,32,48.98,1567.36
20041,1,520,16,47.4,758.4
20041,2,521,20,48.98,979.6
20041,3,522,24,50.56,1213.44
20041,4,523,28,45.82,1282.96
20041,5,524,32,47.4,1516.8
20041,6,525,12,48.98,587.76
20041,7,526,16,50.56,808.96
20041,8,527,20,45.82,916.4
20041,9,528,24,47.4,1137.6
20041,10,529,28,48.98,1371.44
20042,1,530,17,47.4,805.8
20042,2,531,21,48.98,1028.58
20042,3,532,25,50.56,1264.0
20042,4,533,29,45.82,1328.78
20042,5,534,33,47.4,1564.2
20042,6,535,13,48.98,636.74
20042,7,536,17,50.56,859.52
20042,8,537,21,45.82,962.22
20042,9,538,25,47.4,1185.0
20042,10,539,29,48.98,1420.42
20043,1,540,18,47.4,853.2
20043,2,541,22,48.98,1077.56
20043,3,542,26,50.56,1314.56
20043,4,543,30,45.82,1374.6
20043,5,544,34,47.4,1611.6
20043,6,545,14,48.98,685.72
20043,7,546,18,50.56,910.08
20043,8,547,22,45.82,1008.04
20043,9,548,26,47.4,1232.4
20043,10,549,30,48.98,1469.4
20044,1,550,19,47.4,900.6
20044,2,551,23,48.98,1126.54
20044,3,552,27,50.56,1365.12
20044,4,553,31,45.82,1420.42
20044,5,554,35,47.4,1659.0
20044,6,555,15,48.98,734.7
20044,7,556,19,50.56,960.64
20044,8,557,23,45.82,1053.86
20044,9,558,27,47.4,1279.8
20044,10,559,31,48.98,1518.38
20045,1,560,20,47.4,948.0
20045,2,561,24,48.98,1175.52
20045,3,562,28,50.56,1415.68
20045,4,563,32,45.82,1466.24
20045,5,564,36,47.4,1706.4
20045,6,565,16,48.98,783.68
20045,7,566,20,50.56,1011.2
20045,8,567,24,45.82,1099.68
20045,9,568,28,47.4,1327.2
20045,10,569,32,48.98,1567.36
20046,1,570,16,47.4,758.4
20046,2,571,20,48.98,979.6
20046,3,572,24,50.56,1213.44
20046,4,573,28,45.82,1282.96
20046,5,574,32,47.4,1516.8
20046,6,575,12,48.98,587.76
20046,7,576,16,50.56,808.96
20046,8,577,20,45.82,916.4
20046,9,578,24,47.4,1137.6
20046,10,579,28,48.98,1371.44
20047,1,580,17,47.4,805.8
20047,2,581,21,48.98,1028.58
20047,3,582,25,50.56,1264.0
20047,4,583,29,45.82,1328.78
20047,5,584,33,47.4,1564.2
20047,6,585,13,48.98,636.74
20047,7,586,17,50.56,859.52
20047,8,587,21,45.82,962.22
20047,9,588,25,47.4,1185.0
20047,10,589,29,48.98,1420.42
20048,1,590,18,47.4,853.2
20048,2,591,22,48.98,1077.56
20048,3,592,26,50.56,1314.56
20048,4,593,30,45.82,1374.6
20048,5,594,34,47.4,1611.6
20048,6,595,14,48.98,685.72
20048,7,596,18,50.56,910.08
20048,8,597,22,45.82,1008.04
20048,9,598,26,47.4,1232.4
20048,10,599,30,48.98,1469.4
20049,1,600,19,47.4,900.6
20049,2,601,23,48.98,1126.54
20049,3,602,27,50.56,1365.12
20049,4,603,31,45.82,1420.42
20049,5,604,35,47.4,1659.0
20049,6,605,15,48.98,734.7
20049,7,606,19,50.56,960.64
20049,8,607,23,45.82,1053.86
20049,9,608,27,47.4,1279.8
20049,10,609,31,48.98,1518.38
20050,1,610,20,47.4,948.0
20050,2,611,24,48.98,1175.52
20050,3,612,28,50.56,1415.68
20050,4,613,32,45.82,1466.24
20050,5,614,36,47.4,1706.4
20050,6,615,16,48.98,783.68
20050,7,616,20,50.56,1011.2
20050,8,617,24,45.82,1099.68
20050,9,618,28,47.4,1327.2
20050,10,619,32,48.98,1567.36
20051,1,620,16,47.4,758.4
20051,2,621,20,48.98,979.6
20051,3,622,24,50.56,1213.44
20051,4,623,28,45.82,1282.96
20051,5,624,32,47.4,1516.8
20051,6,625,12,48.98,587.76
20051,7,626,16,50.56,808.96
20051,8,627,20,45.82,916.4
20051,9,628,24,47.4,1137.6
20051,10,629,28,48.98,1371.44
20052,1,630,17,47.4,805.8
20052,2,631,21,48.98,1028.58
20052,3,632,25,50.56,1264.0
20052,4,633,29,45.82,1328.78
20052,5,634,33,47.4,1564.2
20052,6,635,13,48.98,636.74
20052,7,636,17,50.56,859.52
20052,8,637,21,45.82,962.22
20052,9,638,25,47.4,1185.0
20052,10,639,29,48.98,1420.42
20053,1,640,18,47.4,853.2
20053,2,641,22,48.98,1077.56
20053,3,642,26,50.56,1314.56
20053,4,643,30,45.82,1374.6
20053,5,644,34,47.4,1611.6
20053,6,645,14,48.98,685.72
20053,7,646,18,50.56,910.08
20053,8,647,22,45.82,1008.04
20053,9,648,26,47.4,1232.4
20053,10,649,30,48.98,1469.4
20054,1,650,19,47.4,900.6
20054,2,651,23,48.98,1126.54
20054,3,652,27,50.56,1365.12
20054,4,653,31,45.82,1420.42
20054,5,654,35,47.4,1659.0
20054,6,655,15,48.98,734.7
20054,7,656,19,50.56,960.64
20054,8,657,23,45.82,1053.86
20054,9,658,27,47.4,1279.8
20054,10,659,31,48.98,1518.38
20055,1,660,20,47.4,948.0
20055,2,661,24,48.98,1175.52
20055,3,662,28,50.56,1415.68
20055,4,663,32,45.82,1466.24
20055,5,664,36,47.4,1706.4
20055,6,665,16,48.98,783.68
20055,7,666,20,50.56,1011.2
20055,8,667,24,45.82,1099.68
20055,9,668,28,47.4,1327.2
20055,10,669,32,48.98,1567.36
20056,1,670,16,47.4,758.4
20056,2,671,20,48.98,979.6
20056,3,672,24,50.56,1213.44
20056,4,673,28,45.82,1282.96
20056,5,674,32,47.4,1516.8
20056,6,675,12,48.98,587.76
20056,7,676,16,50.56,808.96
20056,8,677,20,45.82,916.4
20056,9,678,24,47.4,1137.6
20056,10,679,28,48.98,1371.44
20057,1,680,17,47.4,805.8
20057,2,681,21,48.98,1028.58
20057,3,682,25,50.56,1264.0
20057,4,683,29,45.82,1328.78
20057,5,684,33,47.4,1564.2
20057,6,685,13,48.98,636.74
20057,7,686,17,50.56,859.52
20057,8,687,21,45.82,962.22
20057,9,688,25,47.4,1185.0
20057,10,689,29,48.98,1420.42
20058,1,690,18,47.4,853.2
20058,2,691,22,48.98,1077.56
20058,3,692,26,50.56,1314.56
20058,4,693,30,45.82,1374.6
20058,5,694,34,47.4,1611.6
20058,6,695,14,48.98,685.72
20058,7,696,18,50.56,910.08
20058,8,697,22,45.82,1008.04
20058,9,698,26,47.4,1232.4
20058,10,699,30,48.98,1469.4
20059,1,700,19,47.4,900.6
20059,2,701,23,48.98,1126.54
20059,3,702,27,50.56,1365.12
20059,4,703,31,45.82,1420.42
20059,5,704,35,47.4,1659.0
20059,6,705,15,48.98,734.7
20059,7,706,19,50.56,960.64
20059,8,707,23,45.82,1053.86
20059,9,708,27,47.4,1279.8
20059,10,709,31,48.98,1518.38
20060,1,710,20,47.4,948.0
20060,2,711,24,48.98,1175.52
20060,3,712,28,50.56,1415.68
20060,4,713,32,45.82,1466.24
20060,5,714,36,47.4,1706.4
20060,6,715,16,48.98,783.68
20060,7,716,20,50.56,1011.2
20060,8,717,24,45.82,1099.68
20060,9,718,28,47.4,1327.2
20060,10,719,32,48.98,1567.36
20061,1,720,16,47.4,758.4
20061,2,721,20,48.98,979.6
20061,3,722,24,50.56,1213.44
20061,4,723,28,45.82,1282.96
20061,5,724,32,47.4,1516.8
20061,6,725,12,48.98,587.76
20061,7,726,16,50.56,808.96
20061,8,727,20,45.82,916.4
20061,9,728,24,47.4,1137.6
20061,10,729,28,48.98,1371.44
20062,1,730,17,47.4,805.8
20062,2,731,21,48.98,1028.58
20062,3,732,25,50.56,1264.0
20062,4,733,29,45.82,1328.78
20062,5,734,33,47.4,1564.2
20062,6,735,13,48.98,636.74
20062,7,736,17,50.56,859.52
20062,8,737,21,45.82,962.22
20062,9,738,25,47.4,1185.0
20062,10,739,29,48.98,1420.42
20063,1,740,18,47.4,853.2
20063,2,741,22,48.98,1077.56
20063,3,742,26,50.56,1314.56
20063,4,743,30,45.82,1374.6
20063,5,744,34,47.4,1611.6
20063,6,745,14,48.98,685.72
20063,7,746,18,50.56,910.08
20063,8,747,22,45.82,1008.04
20063,9,748,26,47.4,1232.4
20063,10,749,30,48.98,1469.4
20064,1,750,19,47.4,900.6
20064,2,751,23,48.98,1126.54
20064,3,752,27,50.56,1365.12
20064,4,753,31,45.82,1420.42
20064,5,754,35,47.4,1659.0
20064,6,755,15,48.98,734.7
20064,7,756,19,50.56,960.64
20064,8,757,23,45.82,1053.86
20064,9,758,27,47.4,1279.8
20064,10,759,31,48.98,1518.38
20065,1,760,20,47.4,948.0
20065,2,761,24,48.98,1175.52
20065,3,762,28,50.56,1415.68
20065,4,763,32,45.82,1466.24
20065,5,764,36,47.4,1706.4
20065,6,765,16,48.98,783.68
20065,7,766,20,50.56,1011.2
20065,8,767,24,45.82,1099.68
20065,9,768,28,47.4,1327.2
20065,10,769,32,48.98,1567.36
20066,1,770,16,47.4,758.4
20066,2,771,20,48.98,979.6
20066,3,772,24,50.56,1213.44
20066,4,773,28,45.82,1282.96
20066,5,774,32,47.4,1516.8
20066,6,775,12,48.98,587.76
20066,7,776,16,50.56,808.96
20066,8,777,20,45.82,916.4
20066,9,778,24,47.4,1137.6
20066,10,779,28,48.98,1371.44
20067,1,780,17,47.4,805.8
20067,2,781,21,48.98,1028.58
20067,3,782,25,50.56,1264.0
20067,4,783,29,45.82,1328.78
20067,5,784,33,47.4,1564.2
20067,6,785,13,48.98,636.74
20067,7,786,17,50.56,859.52
20067,8,787,21,45.82,962.22
20067,9,788,25,47.4,1185.0
20067,10,789,29,48.98,1420.42
20068,1,790,18,47.4,853.2
20068,2,791,22,48.98,1077.56
20068,3,792,26,50.56,1314.56
20068,4,793,30,45.82,1374.6
20068,5,794,34,47.4,1611.6
20068,6,795,14,48.98,685.72
20068,7,796,18,50.56,910.08
20068,8,797,22,45.82,1008.04
20068,9,798,26,47.4,1232.4
20068,10,799,30,48.98,1469.4
20069,1,800,19,47.4,900.6
20069,2,801,23,48.98,1126.54
20069,3,802,27,50.56,1365.12
20069,4,803,31,45.82,1420.42
20069,5,804,35,47.4,1659.0
20069,6,805,15,48.98,734.7
20069,7,806,19,50.56,960.64
20069,8,807,23,45.82,1053.86
20069,9,808,27,47.4,1279.8
20069,10,809,31,48.98,1518.38
20070,1,810,20,47.4,948.0
20070,2,811,24,48.98,1175.52
20070,3,812,28,50.56,1415.68
20070,4,813,32,45.82,1466.24
20070,5,814,36,47.4,1706.4
20070,6,815,16,48.98,783.68
20070,7,816,20,50.56,1011.2
20070,8,817,24,45.82,1099.68
20070,9,818,28,47.4,1327.2
20070,10,819,32,48.98,1567.36
20071,1,820,16,47.4,758.4
20071,2,821,20,48.98,979.6
20071,3,822,24,50.56,1213.44
20071,4,823,28,45.82,1282.96
20071,5,824,32,47.4,1516.8
20071,6,825,12,48.98,587.76
20071,7,826,16,50.56,808.96
20071,8,827,20,45.82,916.4
20071,9,828,24,47.4,1137.6
20071,10,829,28,48.98,1371.44
20072,1,830,17,47.4,805.8
20072,2,831,21,48.98,1028.58
20072,3,832,25,50.56,1264.0
20072,4,833,29,45.82,1328.78
20072,5,834,33,47.4,1564.2
20072,6,835,13,48.98,636.74
20072,7,836,17,50.56,859.52
20072,8,837,21,45.82,962.22
20072,9,838,25,47.4,1185.0
20072,10,839,29,48.98,1420.42
20073,1,840,18,47.4,853.2
20073,2,841,22,48.98,1077.56
20073,3,842,26,50.56,1314.56
20073,4,843,30,45.82,1374.6
20073,5,844,34,47.4,1611.6
20073,6,845,14,48.98,685.72
20073,7,846,18,50.56,910.08
20073,8,847,22,45.82,1008.04
20073,9,848,26,47.4,1232.4
20073,10,849,30,48.98,1469.4
20074,1,850,19,47.4,900.6
20074,2,851,23,48.98,1126.54
20074,3,852,27,50.56,1365.12
20074,4,853,31,45.82,1420.42
20074,5,854,35,47.4,1659.0
20074,6,855,15,48.98,734.7
20074,7,856,19,50.56,960.64
20074,8,857,23,45.82,1053.86
20074,9,858,27,47.4,1279.8
20074,10,859,31,48.98,1518.38
20075,1,860,20,47.4,948.0
20075,2,861,24,48.98,1175.52
20075,3,862,28,50.56,1415.68
20075,4,863,32,45.82,1466.24
20075,5,864,36,47.4,1706.4
20075,6,865,16,48.98,783.68
20075,7,866,20,50.56,1011.2
20075,8,867,24,45.82,1099.68
20075,9,868,28,47.4,1327.2
20075,10,869,32,48.98,1567.36
20076,1,870,16,47.4,758.4
20076,2,871,20,48.98,979.6
20076,3,872,24,50.56,1213.44
20076,4,873,28,45.82,1282.96
20076,5,874,32,47.4,1516.8
20076,6,875,12,48.98,587.76
20076,7,876,16,50.56,808.96
20076,8,877,20,45.82,916.4
20076,9,878,24,47.4,1137.6
20076,10,879,28,48.98,1371.44
20077,1,880,17,47.4,805.8
20077,2,881,21,48.98,1028.58
20077,3,882,25,50.56,1264.0
20077,4,883,29,45.82,1328.78
20077,5,884,33,47.4,1564.2
20077,6,885,13,48.98,636.74
20077,7,886,17,50.56,859.52
20077,8,887,21,45.82,962.22
20077,9,888,25,47.4,1185.0
20077,10,889,29,48.98,1420.42
20078,1,890,18,47.4,853.2
20078,2,891,22,48.98,1077.56
20078,3,892,26,50.56,1314.56
20078,4,893,30,45.82,1374.6
20078,5,894,34,47.4,1611.6
20078,6,895,14,48.98,685.72
20078,7,896,18,50.56,910.08
20078,8,897,22,45.82,1008.04
20078,9,898,26,47.4,1232.4
20078,10,899,30,48.98,1469.4
20079,1,900,19,47.4,900.6
20079,2,901,23,48.98,1126.54
20079,3,902,27,50.56,1365.12
20079,4,903,31,45.82,1420.42
20079,5,904,35,47.4,1659.0
20079,6,905,15,48.98,734.7
20079,7,906,19,50.56,960.64
20079,8,907,23,45.82,1053.86
20079,9,908,27,47.4,1279.8
20079,10,909,31,48.98,1518.38
20080,1,910,20,47.4,948.0
20080,2,911,24,48.98,1175.52
20080,3,912,28,50.56,1415.68
20080,4,913,32,45.82,1466.24
20080,5,914,36,47.4,1706.4
20080,6,915,16,48.98,783.68
20080,7,916,20,50.56,1011.2
20080,8,917,24,45.82,1099.68
20080,9,918,28,47.4,1327.2
20080,10,919,32,48.98,1567.36
20081,1,920,16,47.4,758.4
20081,2,921,20,48.98,979.6
20081,3,922,24,50.56,1213.44
20081,4,923,28,45.82,1282.96
20081,5,924,32,47.4,1516.8
20081,6,925,12,48.98,587.76
20081,7,926,16,50.56,808.96
20081,8,927,20,45.82,916.4
20081,9,928,24,47.4,1137.6
20081,10,929,28,48.98,1371.44
20082,1,930,17,47.4,805.8
20082,2,931,21,48.98,1028.58
20082,3,932,25,50.56,1264.0
20082,4,933,29,45.82,1328.78
20082,5,934,33,47.4,1564.2
20082,6,935,13,48.98,636.74
20082,7,936,17,50.56,859.52
20082,8,937,21,45.82,962.22
20082,9,938,25,47.4,1185.0
20082,10,939,29,48.98,1420.42
20083,1,940,18,47.4,853.2
20083,2,941,22,48.98,1077.56
20083,3,942,26,50.56,1314.56
20083,4,943,30,45.82,1374.6
20083,5,944,34,47.4,1611.6
20083,6,945,14,48.98,685.72
20083,7,946,18,50.56,910.08
20083,8,947,22,45.82,1008.04
20083,9,948,26,47.4,1232.4
20083,10,949,30,48.98,1469.4
20084,1,950,19,47.4,900.6
20084,2,951,23,48.98,1126.54
20084,3,952,27,50.56,1365.12
20084,4,953,31,45.82,1420.42
20084,5,954,35,47.4,1659.0
20084,6,955,15,48.98,734.7
20084,7,956,19,50.56,960.64
20084,8,957,23,45.82,1053.86
20084,9,958,27,47.4,1279.8
20084,10,959,31,48.98,1518.38
20085,1,960,20,47.4,948.0
20085,2,961,24,48.98,1175.52
20085,3,962,28,50.56,1415.68
20085,4,963,32,45.82,1466.24
20085,5,964,36,47.4,1706.4
20085,6,965,16,48.98,783.68
20085,7,966,20,50.56,1011.2
20085,8,967,24,45.82,1099.68
20085,9,968,28,47.4,1327.2
20085,10,969,32,48.98,1567.36
20086,1,970,16,47.4,758.4
20086,2,971,20,48.98,979.6
20086,3,972,24,50.56,1213.44
20086,4,973,28,45.82,1282.96
20086,5,974,32,47.4,1516.8
20086,6,975,12,48.98,587.76
20086,7,976,16,50.56,808.96
20086,8,977,20,45.82,916.4
20086,9,978,24,47.4,1137.6
20086,10,979,28,48.98,1371.44
20087,1,980,17,47.4,805.8
20087,2,981,21,48.98,1028.58
20087,3,982,25,50.56,1264.0
20087,4,983,29,45.82,1328.78
20087,5,984,33,47.4,1564.2
20087,6,985,13,48.98,636.74
20087,7,986,17,50.56,859.52
20087,8,987,21,45.82,962.22
20087,9,988,25,47.4,1185.0
20087,10,989,29,48.98,1420.42
20088,1,990,18,47.4,853.2
20088,2,991,22,48.98,1077.56
20088,3,992,26,50.56,1314.56
20088,4,993,30,45.82,1374.6
20088,5,994,34,47.4,1611.6
20088,6,995,14,48.98,685.72
20088,7,996,18,50.56,910.08
20088,8,997,22,45.82,1008.04
20088,9,998,26,47.4,1232.4
20088,10,999,30,48.98,1469.4
20089,1,1000,19,47.4,900.6
20089,2,1001,23,48.98,1126.54
20089,3,1002,27,50.56,1365.12
20089,4,1003,31,45.82,1420.42
20089,5,1004,35,47.4,1659.0
20089,6,1005,15,48.98,734.7
20089,7,1006,19,50.56,960.64
20089,8,1007,23,45.82,1053.86
20089,9,1008,27,47.4,1279.8
20089,10,1009,31,48.98,1518.38
20090,1,1010,20,47.4,948.0
20090,2,1011,24,48.98,1175.52
20090,3,1012,28,50.56,1415.68
20090,4,1013,32,45.82,1466.24
20090,5,1014,36,47.4,1706.4
20090,6,1015,16,48.98,783.68
20090,7,1016,20,50.56,1011.2
20090,8,1017,24,45.82,1099.68
20090,9,1018,28,47.4,1327.2
20090,10,1019,32,48.98,1567.36
20091,1,1020,16,47.4,758.4
20091,2,1021,20,48.98,979.6
20091,3,1022,24,50.56,1213.44
20091,4,1023,28,45.82,1282.96
20091,5,1024,32,47.4,1516.8
20091,6,1025,12,48.98,587.76
20091,7,1026,16,50.56,808.96
20091,8,1027,20,45.82,916.4
20091,9,1028,24,47.4,1137.6
20091,10,1029,28,48.98,1371.44
20092,1,1030,17,47.4,805.8
20092,2,1031,21,48.98,1028.58
20092,3,1032,25,50.56,1264.0
20092,4,1033,29,45.82,1328.78
20092,5,1034,33,47.4,1564.2
20092,6,1035,13,48.98,636.74
20092,7,1036,17,50.56,859.52
20092,8,1037,21,45.82,962.22
20092,9,1038,25,47.4,1185.0
20092,10,1039,29,48.98,1420.42
20093,1,1040,18,47.4,853.2
20093,2,1041,22,48.98,1077.56
20093,3,1042,26,50.56,1314.56
20093,4,1043,30,45.82,1374.6
20093,5,1044,34,47.4,1611.6
20093,6,1045,14,48.98,685.72
20093,7,1046,18,50.56,910.08
20093,8,1047,22,45.82,1008.04
20093,9,1048,26,47.4,1232.4
20093,10,1049,30,48.98,1469.4
20094,1,1050,19,47.4,900.6
20094,2,1051,23,48.98,1126.54
20094,3,1052,27,50.56,1365.12
20094,4,1053,31,45.82,1420.42
20094,5,1054,35,47.4,1659.0
20094,6,1055,15,48.98,734.7
20094,7,1056,19,50.56,960.64
20094,8,1057,23,45.82,1053.86
20094,9,1058,27,47.4,1279.8
20094,10,1059,31,48.98,1518.38
20095,1,1060,20,47.4,948.0
20095,2,1061,24,48.98,1175.52
20095,3,1062,28,50.56,1415.68
20095,4,1063,32,45.82,1466.24
20095,5,1064,36,47.4,1706.4
20095,6,1065,16,48.98,783.68
20095,7,1066,20,50.56,1011.2
20095,8,1067,24,45.82,1099.68
20095,9,1068,28,47.4,1327.2
20095,10,1069,32,48.98,1567.36
20096,1,1070,16,47.4,758.4
20096,2,1071,20,48.98,979.6
20096,3,1072,24,50.56,1213.44
20096,4,1073,28,45.82,1282.96
20096,5,1074,32,47.4,1516.8
20096,6,1075,12,48.98,587.76
20096,7,1076,16,50.56,808.96
20096,8,1077,20,45.82,916.4
20096,9,1078,24,47.4,1137.6
20096,10,1079,28,48.98,1371.44
20097,1,1080,17,47.4,805.8
20097,2,1081,21,48.98,1028.58
20097,3,1082,25,50.56,1264.0
20097,4,1083,29,45.82,1328.78
20097,5,1084,33,47.4,1564.2
20097,6,1085,13,48.98,636.74
20097,7,1086,17,50.56,859.52
20097,8,1087,21,45.82,962.22
20097,9,1088,25,47.4,1185.0
20097,10,1089,29,48.98,1420.42
20098,1,1090,18,47.4,853.2
20098,2,1091,22,48.98,1077.56
20098,3,1092,26,50.56,1314.56
20098,4,1093,30,45.82,1374.6
20098,5,1094,34,47.4,1611.6
20098,6,1095,14,48.98,685.72
20098,7,1096,18,50.56,910.08
20098,8,1097,22,45.82,1008.04
20098,9,1098,26,47.4,1232.4
20098,10,1099,30,48.98,1469.4
20099,1,1100,19,47.4,900.6
20099,2,1101,23,48.98,1126.54
20099,3,1102,27,50.56,1365.12
20099,4,1103,31,45.82,1420.42
20099,5,1104,35,47.4,1659.0
20099,6,1105,15,48.98,734.7
20099,7,1106,19,50.56,960.64
20099,8,1107,23,45.82,1053.86
20099,9,1108,27,47.4,1279.8
20099,10,1109,31,48.98,1518.38
20100,1,1110,20,47.4,948.0
20100,2,1111,24,48.98,1175.52
20100,3,1112,28,50.56,1415.68
20100,4,1113,32,45.82,1466.24
20100,5,1114,36,47.4,1706.4
20100,6,1115,16,48.98,783.68
20100,7,1116,20,50.56,1011.2
20100,8,1117,24,45.82,1099.68
20100,9,1118,28,47.4,1327.2
20100,10,1119,32,48.98,1567.36
20101,1,1120,16,47.4,758.4
20101,2,1121,20,48.98,979.6
20101,3,1122,24,50.56,1213.44
20101,4,1123,28,45.82,1282.96
20101,5,1124,32,47.4,1516.8
20101,6,1125,12,48.98,587.76
20101,7,1126,16,50.56,808.96
20101,8,1127,20,45.82,916.4
20101,9,1128,24,47.4,1137.6
20101,10,1129,28,48.98,1371.44
20102,1,1130,17,47.4,805.8
20102,2,1131,21,48.98,1028.58
20102,3,1132,25,50.56,1264.0
20102,4,1133,29,45.82,1328.78
20102,5,1134,33,47.4,1564.2
20102,6,1135,13,48.98,636.74
20102,7,1136,17,50.56,859.52
20102,8,1137,21,45.82,962.22
20102,9,1138,25,47.4,1185.0
20102,10,1139,29,48.98,1420.42
20103,1,1140,18,47.4,853.2
20103,2,1141,22,48.98,1077.56
20103,3,1142,26,50.56,1314.56
20103,4,1143,30,45.82,1374.6
20103,5,1144,34,47.4,1611.6
20103,6,1145,14,48.98,685.72
20103,7,1146,18,50.56,910.08
20103,8,1147,22,45.82,1008.04
20103,9,1148,26,47.4,1232.4
20103,10,1149,30,48.98,1469.4
20104,1,1150,19,47.4,900.6
20104,2,1151,23,48.98,1126.54
20104,3,1152,27,50.56,1365.12
20104,4,1153,31,45.82,1420.42
20104,5,1154,35,47.4,1659.0
20104,6,1155,15,48.98,734.7
20104,7,1156,19,50.56,960.64
20104,8,1157,23,45.82,1053.86
20104,9,1158,27,47.4,1279.8
20104,10,1159,31,48.98,1518.38
20105,1,1160,20,47.4,948.0
20105,2,1161,24,48.98,1175.52
20105,3,1162,28,50.56,1415.68
20105,4,1163,32,45.82,1466.24
20105,5,1164,36,47.4,1706.4
20105,6,1165,16,48.98,783.68
20105,7,1166,20,50.56,1011.2
20105,8,1167,24,45.82,1099.68
20105,9,1168,28,47.4,1327.2
20105,10,1169,32,48.98,1567.36
20106,1,1170,16,47.4,758.4
20106,2,1171,20,48.98,979.6
20106,3,1172,24,50.56,1213.44
20106,4,1173,28,45.82,1282.96
20106,5,1174,32,47.4,1516.8
20106,6,1175,12,48.98,587.76
20106,7,1176,16,50.56,808.96
20106,8,1177,20,45.82,916.4
20106,9,1178,24,47.4,1137.6
20106,10,1179,28,48.98,1371.44
20107,1,1180,17,47.4,805.8
20107,2,1181,21,48.98,1028.58
20107,3,1182,25,50.56,1264.0
20107,4,1183,29,45.82,1328.78
20107,5,1184,33,47.4,1564.2
20107,6,1185,13,48.98,636.74
20107,7,1186,17,50.56,859.52
20107,8,1187,21,45.82,962.22
20107,9,1188,25,47.4,1185.0
20107,10,1189,29,48.98,1420.42
20108,1,1190,18,47.4,853.2
20108,2,1191,22,48.98,1077.56
20108,3,1192,26,50.56,1314.56
20108,4,1193,30,45.82,1374.6
20108,5,1194,34,47.4,1611.6
20108,6,1195,14,48.98,685.72
20108,7,1196,18,50.56,910.08
20108,8,1197,22,45.82,1008.04
20108,9,1198,26,47.4,1232.4
20108,10,1199,30,48.98,1469.4
20109,1,1200,19,47.4,900.6
20109,2,1201,23,48.98,1126.54
20109,3,1202,27,50.56,1365.12
20109,4,1203,31,45.82,1420.42
20109,5,1204,35,47.4,1659.0
20109,6,1205,15,48.98,734.7
20109,7,1206,19,50.56,960.64
20109,8,1207,23,45.82,1053.86
20109,9,1208,27,47.4,1279.8
20109,10,1209,31,48.98,1518.38
20110,1,1210,20,47.4,948.0
20110,2,1211,24,48.98,1175.52
20110,3,1212,28,50.56,1415.68
20110,4,1213,32,45.82,1466.24
20110,5,1214,36,47.4,1706.4
20110,6,1215,16,48.98,783.68
20110,7,1216,20,50.56,1011.2
20110,8,1217,24,45.82,1099.68
20110,9,1218,28,47.4,1327.2
20110,10,1219,32,48.98,1567.36
20111,1,1220,16,47.4,758.4
20111,2,1221,20,48.98,979.6
20111,3,1222,24,50.56,1213.44
20111,4,1223,28,45.82,1282.96
20111,5,1224,32,47.4,1516.8
20111,6,1225,12,48.98,587.76
20111,7,1226,16,50.56,808.96
20111,8,1227,20,45.82,916.4
20111,9,1228,24,47.4,1137.6
20111,10,1229,28,48.98,1371.44
20112,1,1230,17,47.4,805.8
20112,2,1231,21,48.98,1028.58
20112,3,1232,25,50.56,1264.0
20112,4,1233,29,45.82,1328.78
20112,5,1234,33,47.4,1564.2
20112,6,1235,13,48.98,636.74
20112,7,1236,17,50.56,859.52
20112,8,1237,21,45.82,962.22
20112,9,1238,25,47.4,1185.0
20112,10,1239,29,48.98,1420.42
20113,1,1240,18,47.4,853.2
20113,2,1241,22,48.98,1077.56
20113,3,1242,26,50.56,1314.56
20113,4,1243,30,45.82,1374.6
20113,5,1244,34,47.4,1611.6
20113,6,1245,14,48.98,685.72
20113,7,1246,18,50.56,910.08
20113,8,1247,22,45.82,1008.04
20113,9,1248,26,47.4,1232.4
20113,10,1249,30,48.98,1469.4
20114,1,1250,19,47.4,900.6
20114,2,1251,23,48.98,1126.54
20114,3,1252,27,50.56,1365.12
20114,4,1253,31,45.82,1420.42
20114,5,1254,35,47.4,1659.0
20114,6,1255,15,48.98,734.7
20114,7,1256,19,50.56,960.64
20114,8,1257,23,45.82,1053.86
20114,9,1258,27,47.4,1279.8
20114,10,1259,31,48.98,1518.38
20115,1,1260,20,47.4,948.0
20115,2,1261,24,48.98,1175.52
20115,3,1262,28,50.56,1415.68
20115,4,1263,32,45.82,1466.24
20115,5,1264,36,47.4,1706.4
20115,6,1265,16,48.98,783.68
20115,7,1266,20,50.56,1011.2
20115,8,1267,24,45.82,1099.68
20115,9,1268,28,47.4,1327.2
20115,10,1269,32,48.98,1567.36
20116,1,1270,16,47.4,758.4
20116,2,1271,20,48.98,979.6
20116,3,1272,24,50.56,1213.44
20116,4,1273,28,45.82,1282.96
20116,5,1274,32,47.4,1516.8
20116,6,1275,12,48.98,587.76
20116,7,1276,16,50.56,808.96
20116,8,1277,20,45.82,916.4
20116,9,1278,24,47.4,1137.6
20116,10,1279,28,48.98,1371.44
20117,1,1280,17,47.4,805.8
20117,2,1281,21,48.98,1028.58
20117,3,1282,25,50.56,1264.0
20117,4,1283,29,45.82,1328.78
20117,5,1284,33,47.4,1564.2
20117,6,1285,13,48.98,636.74
20117,7,1286,17,50.56,859.52
20117,8,1287,21,45.82,962.22
20117,9,1288,25,47.4,1185.0
20117,10,1289,29,48.98,1420.42
20118,1,1290,18,47.4,853.2
20118,2,1291,22,48.98,1077.56
20118,3,1292,26,50.56,1314.56
20118,4,1293,30,45.82,1374.6
20118,5,1294,34,47.4,1611.6
20118,6,1295,14,48.98,685.72
20118,7,1296,18,50.56,910.08
20118,8,1297,22,45.82,1008.04
20118,9,1298,26,47.4,1232.4
20118,10,1299,30,48.98,1469.4
20119,1,1300,19,47.4,900.6
20119,2,1301,23,48.98,1126.54
20119,3,1302,27,50.56,1365.12
20119,4,1303,31,45.82,1420.42
20119,5,1304,35,47.4,1659.0
20119,6,1305,15,48.98,734.7
20119,7,1306,19,50.56,960.64
20119,8,1307,23,45.82,1053.86
20119,9,1308,27,47.4,1279.8
20119,10,1309,31,48.98,1518.38
20120,1,1310,20,47.4,948.0
20120,2,1311,24,48.98,1175.52
20120,3,1312,28,50.56,1415.68
20120,4,1313,32,45.82,1466.24
20120,5,1314,36,47.4,1706.4
20120,6,1315,16,48.98,783.68
20120,7,1316,20,50.56,1011.2
20120,8,1317,24,45.82,1099.68
20120,9,1318,28,47.4,1327.2
20120,10,1319,32,48.98,1567.36
20121,1,1320,16,47.4,758.4
20121,2,1321,20,48.98,979.6
20121,3,1322,24,50.56,1213.44
20121,4,1323,28,45.82,1282.96
20121,5,1324,32,47.4,1516.8
20121,6,1325,12,48.98,587.76
20121,7,1326,16,50.56,808.96
20121,8,1327,20,45.82,916.4
20121,9,1328,24,47.4,1137.6
20121,10,1329,28,48.98,1371.44
20122,1,1330,17,47.4,805.8
20122,2,1331,21,48.98,1028.58
20122,3,1332,25,50.56,1264.0
20122,4,1333,29,45.82,1328.78
20122,5,1334,33,47.4,1564.2
20122,6,1335,13,48.98,636.74
20122,7,1336,17,50.56,859.52
20122,8,1337,21,45.82,962.22
20122,9,1338,25,47.4,1185.0
20122,10,1339,29,48.98,1420.42
20123,1,1340,18,47.4,853.2
20123,2,1341,22,48.98,1077.56
20123,3,1342,26,50.56,1314.56
20123,4,1343,30,45.82,1374.6
20123,5,1344,34,47.4,1611.6
20123,6,1345,14,48.98,685.72
20123,7,1346,18,50.56,910.08
20123,8,1347,22,45.82,1008.04
20123,9,1348,26,47.4,1232.4
20123,10,1349,30,48.98,1469.4
20124,1,1350,19,47.4,900.6
20124,2,1351,23,48.98,1126.54
20124,3,1352,27,50.56,1365.12
20124,4,1353,31,45.82,1420.42
20124,5,1354,35,47.4,1659.0
20124,6,1355,15,48.98,734.7
20124,7,1356,19,50.56,960.64
20124,8,1357,23,45.82,1053.86
20124,9,1358,27,47.4,1279.8
20124,10,1359,31,48.98,1518.38
20125,1,1360,20,47.4,948.0
20125,2,1361,24,48.98,1175.52
20125,3,1362,28,50.56,1415.68
20125,4,1363,32,45.82,1466.24
20125,5,1364,36,47.4,1706.4
20125,6,1365,16,48.98,783.68
20125,7,1366,20,50.56,1011.2
20125,8,1367,24,45.82,1099.68
20125,9,1368,28,47.4,1327.2
20125,10,1369,32,48.98,1567.36
20126,1,1370,16,47.4,758.4
20126,2,1371,20,48.98,979.6
20126,3,1372,24,50.56,1213.44
20126,4,1373,28,45.82,1282.96
20126,5,1374,32,47.4,1516.8
20126,6,1375,12,48.98,587.76
20126,7,1376,16,50.56,808.96
20126,8,1377,20,45.82,916.4
20126,9,1378,24,47.4,1137.6
20126,10,1379,28,48.98,1371.44
20127,1,1380,17,47.4,805.8
20127,2,1381,21,48.98,1028.58
20127,3,1382,25,50.56,1264.0
20127,4,1383,29,45.82,1328.78
20127,5,1384,33,47.4,1564.2
20127,6,1385,13,48.98,636.74
20127,7,1386,17,50.56,859.52
20127,8,1387,21,45.82,962.22
20127,9,1388,25,47.4,1185.0
20127,10,1389,29,48.98,1420.42
20128,1,1390,18,47.4,853.2
20128,2,1391,22,48.98,1077.56
20128,3,1392,26,50.56,1314.56
20128,4,1393,30,45.82,1374.6
20128,5,1394,34,47.4,1611.6
20128,6,1395,14,48.98,685.72
20128,7,1396,18,50.56,910.08
20128,8,1397,22,45.82,1008.04
20128,9,1398,26,47.4,1232.4
20128,10,1399,30,48.98,1469.4
20129,1,1400,19,47.4,900.6
20129,2,1401,23,48.98,1126.54
20129,3,1402,27,50.56,1365.12
20129,4,1403,31,45.82,1420.42
20129,5,1404,35,47.4,1659.0
20129,6,1405,15,48.98,734.7
20129,7,1406,19,50.56,960.64
20129,8,1407,23,45.82,1053.86
20129,9,1408,27,47.4,1279.8
20129,10,1409,31,48.98,1518.38
20130,1,1410,20,47.4,948.0
20130,2,1411,24,48.98,1175.52
20130,3,1412,28,50.56,1415.68
20130,4,1413,32,45.82,1466.24
20130,5,1414,36,47.4,1706.4
20130,6,1415,16,48.98,783.68
20130,7,1416,20,50.56,1011.2
20130,8,1417,24,45.82,1099.68
20130,9,1418,28,47.4,1327.2
20130,10,1419,32,48.98,1567.36
20131,1,1420,16,47.4,758.4
20131,2,1421,20,48.98,979.6
20131,3,1422,24,50.56,1213.44
20131,4,1423,28,45.82,1282.96
20131,5,1424,32,47.4,1516.8
20131,6,1425,12,48.98,587.76
20131,7,1426,16,50.56,808.96
20131,8,1427,20,45.82,916.4
20131,9,1428,24,47.4,1137.6
20131,10,1429,28,48.98,1371.44
20132,1,1430,17,47.4,805.8
20132,2,1431,21,48.98,1028.58
20132,3,1432,25,50.56,1264.0
20132,4,1433,29,45.82,1328.78
20132,5,1434,33,47.4,1564.2
20132,6,1435,13,48.98,636.74
20132,7,1436,17,50.56,859.52
20132,8,1437,21,45.82,962.22
20132,9,1438,25,47.4,1185.0
20132,10,1439,29,48.98,1420.42
20133,1,1440,18,47.4,853.2
20133,2,1441,22,48.98,1077.56
20133,3,1442,26,50.56,1314.56
20133,4,1443,30,45.82,1374.6
20133,5,1444,34,47.4,1611.6
20133,6,1445,14,48.98,685.72
20133,7,1446,18,50.56,910.08
20133,8,1447,22,45.82,1008.04
20133,9,1448,26,47.4,1232.4
20133,10,1449,30,48.98,1469.4
20134,1,1450,19,47.4,900.6
20134,2,1451,23,48.98,1126.54
20134,3,1452,27,50.56,1365.12
20134,4,1453,31,45.82,1420.42
20134,5,1454,35,47.4,1659.0
20134,6,1455,15,48.98,734.7
20134,7,1456,19,50.56,960.64
20134,8,1457,23,45.82,1053.86
20134,9,1458,27,47.4,1279.8
20134,10,1459,31,48.98,1518.38
20135,1,1460,20,47.4,948.0
20135,2,1461,24,48.98,1175.52
20135,3,1462,28,50.56,1415.68
20135,4,1463,32,45.82,1466.24
20135,5,1464,36,47.4,1706.4
20135,6,1465,16,48.98,783.68
20135,7,1466,20,50.56,1011.2
20135,8,1467,24,45.82,1099.68
20135,9,1468,28,47.4,1327.2
20135,10,1469,32,48.98,1567.36
20136,1,1470,16,47.4,758.4
20136,2,1471,20,48.98,979.6
20136,3,1472,24,50.56,1213.44
20136,4,1473,28,45.82,1282.96
20136,5,1474,32,47.4,1516.8
20136,6,1475,12,48.98,587.76
20136,7,1476,16,50.56,808.96
20136,8,1477,20,45.82,916.4
20136,9,1478,24,47.4,1137.6
20136,10,1479,28,48.98,1371.44
20137,1,1480,17,47.4,805.8
20137,2,1481,21,48.98,1028.58
20137,3,1482,25,50.56,1264.0
20137,4,1483,29,45.82,1328.78
20137,5,1484,33,47.4,1564.2
20137,6,1485,13,48.98,636.74
20137,7,1486,17,50.56,859.52
20137,8,1487,21,45.82,962.22
20137,9,1488,25,47.4,1185.0
20137,10,1489,29,48.98,1420.42
20138,1,1490,18,47.4,853.2
20138,2,1491,22,48.98,1077.56
20138,3,1492,26,50.56,1314.56
20138,4,1493,30,45.82,1374.6
20138,5,1494,34,47.4,1611.6
20138,6,1495,14,48.98,685.72
20138,7,1496,18,50.56,910.08
20138,8,1497,22,45.82,1008.04
20138,9,1498,26,47.4,1232.4
20138,10,1499,30,48.98,1469.4
20139,1,1500,19,47.4,900.6
20139,2,1501,23,48.98,1126.54
20139,3,1502,27,50.56,1365.12
20139,4,1503,31,45.82,1420.42
20139,5,1504,35,47.4,1659.0
20139,6,1505,15,48.98,734.7
20139,7,1506,19,50.56,960.64
20139,8,1507,23,45.82,1053.86
20139,9,1508,27,47.4,1279.8
20139,10,1509,31,48.98,1518.38
20140,1,1510,20,47.4,948.0
20140,2,1511,24,48.98,1175.52
20140,3,1512,28,50.56,1415.68
20140,4,1513,32,45.82,1466.24
20140,5,1514,36,47.4,1706.4
20140,6,1515,16,48.98,783.68
20140,7,1516,20,50.56,1011.2
20140,8,1517,24,45.82,1099.68
20140,9,1518,28,47.4,1327.2
20140,10,1519,32,48.98,1567.36
20141,1,1520,16,47.4,758.4
20141,2,1521,20,48.98,979.6
20141,3,1522,24,50.56,1213.44
20141,4,1523,28,45.82,1282.96
20141,5,1524,32,47.4,1516.8
20141,6,1525,12,48.98,587.76
20141,7,1526,16,50.56,808.96
20141,8,1527,20,45.82,916.4
20141,9,1528,24,47.4,1137.6
20141,10,1529,28,48.98,1371.44
20142,1,1530,17,47.4,805.8
20142,2,1531,21,48.98,1028.58
20142,3,1532,25,50.56,1264.0
20142,4,1533,29,45.82,1328.78
20142,5,1534,33,47.4,1564.2
20142,6,1535,13,48.98,636.74
20142,7,1536,17,50.56,859.52
20142,8,1537,21,45.82,962.22
20142,9,1538,25,47.4,1185.0
20142,10,1539,29,48.98,1420.42
20143,1,1540,18,47.4,853.2
20143,2,1541,22,48.98,1077.56
20143,3,1542,26,50.56,1314.56
20143,4,1543,30,45.82,1374.6
20143,5,1544,34,47.4,1611.6
20143,6,1545,14,48.98,685.72
20143,7,1546,18,50.56,910.08
20143,8,1547,22,45.82,1008.04
20143,9,1548,26,47.4,1232.4
20143,10,1549,30,48.98,1469.4
20144,1,1550,19,47.4,900.6
20144,2,1551,23,48.98,1126.54
20144,3,1552,27,50.56,1365.12
20144,4,1553,31,45.82,1420.42
20144,5,1554,35,47.4,1659.0
20144,6,1555,15,48.98,734.7
20144,7,1556,19,50.56,960.64
20144,8,1557,23,45.82,1053.86
20144,9,1558,27,47.4,1279.8
20144,10,1559,31,48.98,1518.38
20145,1,1560,20,47.4,948.0
20145,2,1561,24,48.98,1175.52
20145,3,1562,28,50.56,1415.68
20145,4,1563,32,45.82,1466.24
20145,5,1564,36,47.4,1706.4
20145,6,1565,16,48.98,783.68
20145,7,1566,20,50.56,1011.2
20145,8,1567,24,45.82,1099.68
20145,9,1568,28,47.4,1327.2
20145,10,1569,32,48.98,1567.36
20146,1,1570,16,47.4,758.4
20146,2,1571,20,48.98,979.6
20146,3,1572,24,50.56,1213.44
20146,4,1573,28,45.82,1282.96
20146,5,1574,32,47.4,1516.8
20146,6,1575,12,48.98,587.76
20146,7,1576,16,50.56,808.96
20146,8,1577,20,45.82,916.4
20146,9,1578,24,47.4,1137.6
20146,10,1579,28,48.98,1371.44
20147,1,1580,17,47.4,805.8
20147,2,1581,21,48.98,1028.58
20147,3,1582,25,50.56,1264.0
20147,4,1583,29,45.82,1328.78
20147,5,1584,33,47.4,1564.2
20147,6,1585,13,48.98,636.74
20147,7,1586,17,50.56,859.52
20147,8,1587,21,45.82,962.22
20147,9,1588,25,47.4,1185.0
20147,10,1589,29,48.98,1420.42
20148,1,1590,18,47.4,853.2
20148,2,1591,22,48.98,1077.56
20148,3,1592,26,50.56,1314.56
20148,4,1593,30,45.82,1374.6
20148,5,1594,34,47.4,1611.6
20148,6,1595,14,48.98,685.72
20148,7,1596,18,50.56,910.08
20148,8,1597,22,45.82,1008.04
20148,9,1598,26,47.4,1232.4
20148,10,1599,30,48.98,1469.4
20149,1,1600,19,47.4,900.6
20149,2,1601,23,48.98,1126.54
20149,3,1602,27,50.56,1365.12
20149,4,1603,31,45.82,1420.42
20149,5,1604,35,47.4,1659.0
20149,6,1605,15,48.98,734.7
20149,7,1606,19,50.56,960.64
20149,8,1607,23,45.82,1053.86
20149,9,1608,27,47.4,1279.8
20149,10,1609,31,48.98,1518.38
20150,1,1610,20,47.4,948.0
20150,2,1611,24,48.98,1175.52
20150,3,1612,28,50.56,1415.68
20150,4,1613,32,45.82,1466.24
20150,5,1614,36,47.4,1706.4
20150,6,1615,16,48.98,783.68
20150,7,1616,20,50.56,1011.2
20150,8,1617,24,45.82,1099.68
20150,9,1618,28,47.4,1327.2
20150,10,1619,32,48.98,1567.36
20151,1,1620,16,47.4,758.4
20151,2,1621,20,48.98,979.6
20151,3,1622,24,50.56,1213.44
20151,4,1623,28,45.82,1282.96
20151,5,1624,32,47.4,1516.8
20151,6,1625,12,48.98,587.76
20151,7,1626,16,50.56,808.96
20151,8,1627,20,45.82,916.4
20151,9,1628,24,47.4,1137.6
20151,10,1629,28,48.98,1371.44
20152,1,1630,17,47.4,805.8
20152,2,1631,21,48.98,1028.58
20152,3,1632,25,50.56,1264.0
20152,4,1633,29,45.82,1328.78
20152,5,1634,33,47.4,1564.2
20152,6,1635,13,48.98,636.74
20152,7,1636,17,50.56,859.52
20152,8,1637,21,45.82,962.22
20152,9,1638,25,47.4,1185.0
20152,10,1639,29,48.98,1420.42
20153,1,1640,18,47.4,853.2
20153,2,1641,22,48.98,1077.56
20153,3,1642,26,50.56,1314.56
20153,4,1643,30,45.82,1374.6
20153,5,1644,34,47.4,1611.6
20153,6,1645,14,48.98,685.72
20153,7,1646,18,50.56,910.08
20153,8,1647,22,45.82,1008.04
20153,9,1648,26,47.4,1232.4
20153,10,1649,30,48.98,1469.4
20154,1,1650,19,47.4,900.6
20154,2,1651,23,48.98,1126.54
20154,3,1652,27,50.56,1365.12
20154,4,1653,31,45.82,1420.42
20154,5,1654,35,47.4,1659.0
20154,6,1655,15,48.98,734.7
20154,7,1656,19,50.56,960.64
20154,8,1657,23,45.82,1053.86
20154,9,1658,27,47.4,1279.8
20154,10,1659,31,48.98,1518.38
20155,1,1660,20,47.4,948.0
20155,2,1661,24,48.98,1175.52
20155,3,1662,28,50.56,1415.68
20155,4,1663,32,45.82,1466.24
20155,5,1664,36,47.4,1706.4
20155,6,1665,16,48.98,783.68
20155,7,1666,20,50.56,1011.2
20155,8,1667,24,45.82,1099.68
20155,9,1668,28,47.4,1327.2
20155,10,1669,32,48.98,1567.36
20156,1,1670,16,47.4,758.4
20156,2,1671,20,48.98,979.6
20156,3,1672,24,50.56,1213.44
20156,4,1673,28,45.82,1282.96
20156,5,1674,32,47.4,1516.8
20156,6,1675,12,48.98,587.76
20156,7,1676,16,50.56,808.96
20156,8,1677,20,45.82,916.4
20156,9,1678,24,47.4,1137.6
20156,10,1679,28,48.98,1371.44
20157,1,1680,17,47.4,805.8
20157,2,1681,21,48.98,1028.58
20157,3,1682,25,50.56,1264.0
20157,4,1683,29,45.82,1328.78
20157,5,1684,33,47.4,1564.2
20157,6,1685,13,48.98,636.74
20157,7,1686,17,50.56,859.52
20157,8,1687,21,45.82,962.22
20157,9,1688,25,47.4,1185.0
20157,10,1689,29,48.98,1420.42
20158,1,1690,18,47.4,853.2
20158,2,1691,22,48.98,1077.56
20158,3,1692,26,50.56,1314.56
20158,4,1693,30,45.82,1374.6
20158,5,1694,34,47.4,1611.6
20158,6,1695,14,48.98,685.72
20158,7,1696,18,50.56,910.08
20158,8,1697,22,45.82,1008.04
20158,9,1698,26,47.4,1232.4
20158,10,1699,30,48.98,1469.4
20159,1,1700,19,47.4,900.6
20159,2,1701,23,48.98,1126.54
20159,3,1702,27,50.56,1365.12
20159,4,1703,31,45.82,1420.42
20159,5,1704,35,47.4,1659.0
20159,6,1705,15,48.98,734.7
20159,7,1706,19,50.56,960.64
20159,8,1707,23,45.82,1053.86
20159,9,1708,27,47.4,1279.8
20159,10,1709,31,48.98,1518.38
20160,1,1710,20,47.4,948.0
20160,2,1711,24,48.98,1175.52
20160,3,1712,28,50.56,1415.68
20160,4,1713,32,45.82,1466.24
20160,5,1714,36,47.4,1706.4
20160,6,1715,16,48.98,783.68
20160,7,1716,20,50.56,1011.2
20160,8,1717,24,45.82,1099.68
20160,9,1718,28,47.4,1327.2
20160,10,1719,32,48.98,1567.36
20161,1,1720,16,47.4,758.4
20161,2,1721,20,48.98,979.6
20161,3,1722,24,50.56,1213.44
20161,4,1723,28,45.82,1282.96
20161,5,1724,32,47.4,1516.8
20161,6,1725,12,48.98,587.76
20161,7,1726,16,50.56,808.96
20161,8,1727,20,45.82,916.4
20161,9,1728,24,47.4,1137.6
20161,10,1729,28,48.98,1371.44
20162,1,1730,17,47.4,805.8
20162,2,1731,21,48.98,1028.58
20162,3,1732,25,50.56,1264.0
20162,4,1733,29,45.82,1328.78
20162,5,1734,33,47.4,1564.2
20162,6,1735,13,48.98,636.74
20162,7,1736,17,50.56,859.52
20162,8,1737,21,45.82,962.22
20162,9,1738,25,47.4,1185.0
20162,10,1739,29,48.98,1420.42
20163,1,1740,18,47.4,853.2
20163,2,1741,22,48.98,1077.56
20163,3,1742,26,50.56,1314.56
20163,4,1743,30,45.82,1374.6
20163,5,1744,34,47.4,1611.6
20163,6,1745,14,48.98,685.72
20163,7,1746,18,50.56,910.08
20163,8,1747,22,45.82,1008.04
20163,9,1748,26,47.4,1232.4
20163,10,1749,30,48.98,1469.4
20164,1,1750,19,47.4,900.6
20164,2,1751,23,48.98,1126.54
20164,3,1752,27,50.56,1365.12
20164,4,1753,31,45.82,1420.42
20164,5,1754,35,47.4,1659.0
20164,6,1755,15,48.98,734.7
20164,7,1756,19,50.56,960.64
20164,8,1757,23,45.82,1053.86
20164,9,1758,27,47.4,1279.8
20164,10,1759,31,48.98,1518.38
20165,1,1760,20,47.4,948.0
20165,2,1761,24,48.98,1175.52
20165,3,1762,28,50.56,1415.68
20165,4,1763,32,45.82,1466.24
20165,5,1764,36,47.4,1706.4
20165,6,1765,16,48.98,783.68
20165,7,1766,20,50.56,1011.2
20165,8,1767,24,45.82,1099.68
20165,9,1768,28,47.4,1327.2
20165,10,1769,32,48.98,1567.36
20166,1,1770,16,47.4,758.4
20166,2,1771,20,48.98,979.6
20166,3,1772,24,50.56,1213.44
20166,4,1773,28,45.82,1282.96
20166,5,1774,32,47.4,1516.8
20166,6,1775,12,48.98,587.76
20166,7,1776,16,50.56,808.96
20166,8,1777,20,45.82,916.4
20166,9,1778,24,47.4,1137.6
20166,10,1779,28,48.98,1371.44
20167,1,1780,17,47.4,805.8
20167,2,1781,21,48.98,1028.58
20167,3,1782,25,50.56,1264.0
20167,4,1783,29,45.82,1328.78
20167,5,1784,33,47.4,1564.2
20167,6,1785,13,48.98,636.74
20167,7,1786,17,50.56,859.52
20167,8,1787,21,45.82,962.22
20167,9,1788,25,47.4,1185.0
20167,10,1789,29,48.98,1420.42
20168,1,1790,18,47.4,853.2
20168,2,1791,22,48.98,1077.56
20168,3,1792,26,50.56,1314.56
20168,4,1793,30,45.82,1374.6
20168,5,1794,34,47.4,1611.6
20168,6,1795,14,48.98,685.72
20168,7,1796,18,50.56,910.08
20168,8,1797,22,45.82,1008.04
20168,9,1798,26,47.4,1232.4
20168,10,1799,30,48.98,1469.4
20169,1,1800,19,47.4,900.6
20169,2,1801,23,48.98,1126.54
20169,3,1802,27,50.56,1365.12
20169,4,1803,31,45.82,1420.42
20169,5,1804,35,47.4,1659.0
20169,6,1805,15,48.98,734.7
20169,7,1806,19,50.56,960.64
20169,8,1807,23,45.82,1053.86
20169,9,1808,27,47.4,1279.8
20169,10,1809,31,48.98,1518.38
20170,1,1810,20,47.4,948.0
20170,2,1811,24,48.98,1175.52
20170,3,1812,28,50.56,1415.68
20170,4,1813,32,45.82,1466.24
20170,5,1814,36,47.4,1706.4
20170,6,1815,16,48.98,783.68
20170,7,1816,20,50.56,1011.2
20170,8,1817,24,45.82,1099.68
20170,9,1818,28,47.4,1327.2
20170,10,1819,32,48.98,1567.36
20171,1,1820,16,47.4,758.4
20171,2,1821,20,48.98,979.6
20171,3,1822,24,50.56,1213.44
20171,4,1823,28,45.82,1282.96
20171,5,1824,32,47.4,1516.8
20171,6,1825,12,48.98,587.76
20171,7,1826,16,50.56,808.96
20171,8,1827,20,45.82,916.4
20171,9,1828,24,47.4,1137.6
20171,10,1829,28,48.98,1371.44
20172,1,1830,17,47.4,805.8
20172,2,1831,21,48.98,1028.58
20172,3,1832,25,50.56,1264.0
20172,4,1833,29,45.82,1328.78
20172,5,1834,33,47.4,1564.2
20172,6,1835,13,48.98,636.74
20172,7,1836,17,50.56,859.52
20172,8,1837,21,45.82,962.22
20172,9,1838,25,47.4,1185.0
20172,10,1839,29,48.98,1420.42
20173,1,1840,18,47.4,853.2
20173,2,1841,22,48.98,1077.56
20173,3,1842,26,50.56,1314.56
20173,4,1843,30,45.82,1374.6
20173,5,1844,34,47.4,1611.6
20173,6,1845,14,48.98,685.72
20173,7,1846,18,50.56,910.08
20173,8,1847,22,45.82,1008.04
20173,9,1848,26,47.4,1232.4
20173,10,1849,30,48.98,1469.4
20174,1,1850,19,47.4,900.6
20174,2,1851,23,48.98,1126.54
20174,3,1852,27,50.56,1365.12
20174,4,1853,31,45.82,1420.42
20174,5,1854,35,47.4,1659.0
20174,6,1855,15,48.98,734.7
20174,7,1856,19,50.56,960.64
20174,8,1857,23,45.82,1053.86
20174,9,1858,27,47.4,1279.8
20174,10,1859,31,48.98,1518.38
20175,1,1860,20,47.4,948.0
20175,2,1861,24,48.98,1175.52
20175,3,1862,28,50.56,1415.68
20175,4,1863,32,45.82,1466.24
20175,5,1864,36,47.4,1706.4
20175,6,1865,16,48.98,783.68
20175,7,1866,20,50.56,1011.2
20175,8,1867,24,45.82,1099.68
20175,9,1868,28,47.4,1327.2
20175,10,1869,32,48.98,1567.36
20176,1,1870,16,47.4,758.4
20176,2,1871,20,48.98,979.6
20176,3,1872,24,50.56,1213.44
20176,4,1873,28,45.82,1282.96
20176,5,1874,32,47.4,1516.8
20176,6,1875,12,48.98,587.76
20176,7,1876,16,50.56,808.96
20176,8,1877,20,45.82,916.4
20176,9,1878,24,47.4,1137.6
20176,10,1879,28,48.98,1371.44
20177,1,1880,17,47.4,805.8
20177,2,1881,21,48.98,1028.58
20177,3,1882,25,50.56,1264.0
20177,4,1883,29,45.82,1328.78
20177,5,1884,33,47.4,1564.2
20177,6,1885,13,48.98,636.74
20177,7,1886,17,50.56,859.52
20177,8,1887,21,45.82,962.22
20177,9,1888,25,47.4,1185.0
20177,10,1889,29,48.98,1420.42
20178,1,1890,18,47.4,853.2
20178,2,1891,22,48.98,1077.56
20178,3,1892,26,50.56,1314.56
20178,4,1893,30,45.82,1374.6
20178,5,1894,34,47.4,1611.6
20178,6,1895,14,48.98,685.72
20178,7,1896,18,50.56,910.08
20178,8,1897,22,45.82,1008.04
20178,9,1898,26,47.4,1232.4
20178,10,1899,30,48.98,1469.4
20179,1,1900,19,47.4,900.6
20179,2,1901,23,48.98,1126.54
20179,3,1902,27,50.56,1365.12
20179,4,1903,31,45.82,1420.42
20179,5,1904,35,47.4,1659.0
20179,6,1905,15,48.98,734.7
20179,7,1906,19,50.56,960.64
20179,8,1907,23,45.82,1053.86
20179,9,1908,27,47.4,1279.8
20179,10,1909,31,48.98,1518.38
20180,1,1910,20,47.4,948.0
20180,2,1911,24,48.98,1175.52
20180,3,1912,28,50.56,1415.68
20180,4,1913,32,45.82,1466.24
20180,5,1914,36,47.4,1706.4
20180,6,1915,16,48.98,783.68
20180,7,1916,20,50.56,1011.2
20180,8,1917,24,45.82,1099.68
20180,9,1918,28,47.4,1327.2
20180,10,1919,32,48.98,1567.36
20181,1,1920,16,47.4,758.4
20181,2,1921,20,48.98,979.6
20181,3,1922,24,50.56,1213.44
20181,4,1923,28,45.82,1282.96
20181,5,1924,32,47.4,1516.8
20181,6,1925,12,48.98,587.76
20181,7,1926,16,50.56,808.96
20181,8,1927,20,45.82,916.4
20181,9,1928,24,47.4,1137.6
20181,10,1929,28,48.98,1371.44
20182,1,1930,17,47.4,805.8
20182,2,1931,21,48.98,1028.58
20182,3,1932,25,50.56,1264.0
20182,4,1933,29,45.82,1328.78
20182,5,1934,33,47.4,1564.2
20182,6,1935,13,48.98,636.74
20182,7,1936,17,50.56,859.52
20182,8,1937,21,45.82,962.22
20182,9,1938,25,47.4,1185.0
20182,10,1939,29,48.98,1420.42
20183,1,1940,18,47.4,853.2
20183,2,1941,22,48.98,1077.56
20183,3,1942,26,50.56,1314.56
20183,4,1943,30,45.82,1374.6
20183,5,1944,34,47.4,1611.6
20183,6,1945,14,48.98,685.72
20183,7,1946,18,50.56,910.08
20183,8,1947,22,45.82,1008.04
20183,9,1948,26,47.4,1232.4
20183,10,1949,30,48.98,1469.4
20184,1,1950,19,47.4,900.6
20184,2,1951,23,48.98,1126.54
20184,3,1952,27,50.56,1365.12
20184,4,1953,31,45.82,1420.42
20184,5,1954,35,47.4,1659.0
20184,6,1955,15,48.98,734.7
20184,7,1956,19,50.56,960.64
20184,8,1957,23,45.82,1053.86
20184,9,1958,27,47.4,1279.8
20184,10,1959,31,48.98,1518.38
20185,1,1960,20,47.4,948.0
20185,2,1961,24,48.98,1175.52
20185,3,1962,28,50.56,1415.68
20185,4,1963,32,45.82,1466.24
20185,5,1964,36,47.4,1706.4
20185,6,1965,16,48.98,783.68
20185,7,1966,20,50.56,1011.2
20185,8,1967,24,45.82,1099.68
20185,9,1968,28,47.4,1327.2
20185,10,1969,32,48.98,1567.36
20186,1,1970,16,47.4,758.4
20186,2,1971,20,48.98,979.6
20186,3,1972,24,50.56,1213.44
20186,4,1973,28,45.82,1282.96
20186,5,1974,32,47.4,1516.8
20186,6,1975,12,48.98,587.76
20186,7,1976,16,50.56,808.96
20186,8,1977,20,45.82,916.4
20186,9,1978,24,47.4,1137.6
20186,10,1979,28,48.98,1371.44
20187,1,1980,17,47.4,805.8
20187,2,1981,21,48.98,1028.58
20187,3,1982,25,50.56,1264.0
20187,4,1983,29,45.82,1328.78
20187,5,1984,33,47.4,1564.2
20187,6,1985,13,48.98,636.74
20187,7,1986,17,50.56,859.52
20187,8,1987,21,45.82,962.22
20187,9,1988,25,47.4,1185.0
20187,10,1989,29,48.98,1420.42
20188,1,1990,18,47.4,853.2
20188,2,1991,22,48.98,1077.56
20188,3,1992,26,50.56,1314.56
20188,4,1993,30,45.82,1374.6
20188,5,1994,34,47.4,1611.6
20188,6,1995,14,48.98,685.72
20188,7,1996,18,50.56,910.08
20188,8,1997,22,45.82,1008.04
20188,9,1998,26,47.4,1232.4
20188,10,1999,30,48.98,1469.4
20189,1,2000,19,47.4,900.6
20189,2,2001,23,48.98,1126.54
20189,3,2002,27,50.56,1365.12
20189,4,2003,31,45.82,1420.42
20189,5,2004,35,47.4,1659.0
20189,6,2005,15,48.98,734.7
20189,7,2006,19,50.56,960.64
20189,8,2007,23,45.82,1053.86
20189,9,2008,27,47.4,1279.8
20189,10,2009,31,48.98,1518.38
20190,1,2010,20,47.4,948.0
20190,2,2011,24,48.98,1175.52
20190,3,2012,28,50.56,1415.68
20190,4,2013,32,45.82,1466.24
20190,5,2014,36,47.4,1706.4
20190,6,2015,16,48.98,783.68
20190,7,2016,20,50.56,1011.2
20190,8,2017,24,45.82,1099.68
20190,9,2018,28,47.4,1327.2
20190,10,2019,32,48.98,1567.36
20191,1,2020,16,47.4,758.4
20191,2,2021,20,48.98,979.6
20191,3,2022,24,50.56,1213.44
20191,4,2023,28,45.82,1282.96
20191,5,2024,32,47.4,1516.8
20191,6,2025,12,48.98,587.76
20191,7,2026,16,50.56,808.96
20191,8,2027,20,45.82,916.4
20191,9,2028,24,47.4,1137.6
20191,10,2029,28,48.98,1371.44
20192,1,2030,17,47.4,805.8
20192,2,2031,21,48.98,1028.58
20192,3,2032,25,50.56,1264.0
20192,4,2033,29,45.82,1328.78
20192,5,2034,33,47.4,1564.2
20192,6,2035,13,48.98,636.74
20192,7,2036,17,50.56,859.52
20192,8,2037,21,45.82,962.22
20192,9,2038,25,47.4,1185.0
20192,10,2039,29,48.98,1420.42
20193,1,2040,18,47.4,853.2
20193,2,2041,22,48.98,1077.56
20193,3,2042,26,50.56,1314.56
20193,4,2043,30,45.82,1374.6
20193,5,2044,34,47.4,1611.6
20193,6,2045,14,48.98,685.72
20193,7,2046,18,50.56,910.08
20193,8,2047,22,45.82,1008.04
20193,9,2048,26,47.4,1232.4
20193,10,2049,30,48.98,1469.4
20194,1,2050,19,47.4,900.6
20194,2,2051,23,48.98,1126.54
20194,3,2052,27,50.56,1365.12
20194,4,2053,31,45.82,1420.42
20194,5,2054,35,47.4,1659.0
20194,6,2055,15,48.98,734.7
20194,7,2056,19,50.56,960.64
20194,8,2057,23,45.82,1053.86
20194,9,2058,27,47.4,1279.8
20194,10,2059,31,48.98,1518.38
20195,1,2060,20,47.4,948.0
20195,2,2061,24,48.98,1175.52
20195,3,2062,28,50.56,1415.68
20195,4,2063,32,45.82,1466.24
20195,5,2064,36,47.4,1706.4
20195,6,2065,16,48.98,783.68
20195,7,2066,20,50.56,1011.2
20195,8,2067,24,45.82,1099.68
20195,9,2068,28,47.4,1327.2
20195,10,2069,32,48.98,1567.36
20196,1,2070,16,47.4,758.4
20196,2,2071,20,48.98,979.6
20196,3,2072,24,50.56,1213.44
20196,4,2073,28,45.82,1282.96
20196,5,2074,32,47.4,1516.8
20196,6,2075,12,48.98,587.76
20196,7,2076,16,50.56,808.96
20196,8,2077,20,45.82,916.4
20196,9,2078,24,47.4,1137.6
20196,10,2079,28,48.98,1371.44
20197,1,2080,17,47.4,805.8
20197,2,2081,21,48.98,1028.58
20197,3,2082,25,50.56,1264.0
20197,4,2083,29,45.82,1328.78
20197,5,2084,33,47.4,1564.2
20197,6,2085,13,48.98,636.74
20197,7,2086,17,50.56,859.52
20197,8,2087,21,45.82,962.22
20197,9,2088,25,47.4,1185.0
20197,10,2089,29,48.98,1420.42
20198,1,2090,18,47.4,853.2
20198,2,2091,22,48.98,1077.56
20198,3,2092,26,50.56,1314.56
20198,4,2093,30,45.82,1374.6
20198,5,2094,34,47.4,1611.6
20198,6,2095,14,48.98,685.72
20198,7,2096,18,50.56,910.08
20198,8,2097,22,45.82,1008.04
20198,9,2098,26,47.4,1232.4
20198,10,2099,30,48.98,1469.4
20199,1,2100,19,47.4,900.6
20199,2,2101,23,48.98,1126.54
20199,3,2102,27,50.56,1365.12
20199,4,2103,31,45.82,1420.42
20199,5,2104,35,47.4,1659.0
20199,6,2105,15,48.98,734.7
20199,7,2106,19,50.56,960.64
20199,8,2107,23,45.82,1053.86
20199,9,2108,27,47.4,1279.8
20199,10,2109,31,48.98,1518.38
20200,1,2110,20,47.4,948.0
20200,2,2111,24,48.98,1175.52
20200,3,2112,28,50.56,1415.68
20200,4,2113,32,45.82,1466.24
20200,5,2114,36,47.4,1706.4
20200,6,2115,16,48.98,783.68
20200,7,2116,20,50.56,1011.2
20200,8,2117,24,45.82,1099.68
20200,9,2118,28,47.4,1327.2
20200,10,2119,32,48.98,1567.36
20201,1,2120,16,47.4,758.4
20201,2,2121,20,48.98,979.6
20201,3,2122,24,50.56,1213.44
20201,4,2123,28,45.82,1282.96
20201,5,2124,32,47.4,1516.8
20201,6,2125,12,48.98,587.76
20201,7,2126,16,50.56,808.96
20201,8,2127,20,45.82,916.4
20201,9,2128,24,47.4,1137.6
20201,10,2129,28,48.98,1371.44
20202,1,2130,17,47.4,805.8
20202,2,2131,21,48.98,1028.58
20202,3,2132,25,50.56,1264.0
20202,4,2133,29,45.82,1328.78
20202,5,2134,33,47.4,1564.2
20202,6,2135,13,48.98,636.74
20202,7,2136,17,50.56,859.52
20202,8,2137,21,45.82,962.22
20202,9,2138,25,47.4,1185.0
20202,10,2139,29,48.98,1420.42
20203,1,2140,18,47.4,853.2
20203,2,2141,22,48.98,1077.56
20203,3,2142,26,50.56,1314.56
20203,4,2143,30,45.82,1374.6
20203,5,2144,34,47.4,1611.6
20203,6,2145,14,48.98,685.72
20203,7,2146,18,50.56,910.08
20203,8,2147,22,45.82,1008.04
20203,9,2148,26,47.4,1232.4
20203,10,2149,30,48.98,1469.4
20204,1,2150,19,47.4,900.6
20204,2,2151,23,48.98,1126.54
20204,3,2152,27,50.56,1365.12
20204,4,2153,31,45.82,1420.42
20204,5,2154,35,47.4,1659.0
20204,6,2155,15,48.98,734.7
20204,7,2156,19,50.56,960.64
20204,8,2157,23,45.82,1053.86
20204,9,2158,27,47.4,1279.8
20204,10,2159,31,48.98,1518.38
20205,1,2160,20,47.4,948.0
20205,2,2161,24,48.98,1175.52
20205,3,2162,28,50.56,1415.68
20205,4,2163,32,45.82,1466.24
20205,5,2164,36,47.4,1706.4
20205,6,2165,16,48.98,783.68
20205,7,2166,20,50.56,1011.2
20205,8,2167,24,45.82,1099.68
20205,9,2168,28,47.4,1327.2
20205,10,2169,32,48.98,1567.36
20206,1,2170,16,47.4,758.4
20206,2,2171,20,48.98,979.6
20206,3,2172,24,50.56,1213.44
20206,4,2173,28,45.82,1282.96
20206,5,2174,32,47.4,1516.8
20206,6,2175,12,48.98,587.76
20206,7,2176,16,50.56,808.96
20206,8,2177,20,45.82,916.4
20206,9,2178,24,47.4,1137.6
20206,10,2179,28,48.98,1371.44
20207,1,2180,17,47.4,805.8
20207,2,2181,21,48.98,1028.58
20207,3,2182,25,50.56,1264.0
20207,4,2183,29,45.82,1328.78
20207,5,2184,33,47.4,1564.2
20207,6,2185,13,48.98,636.74
20207,7,2186,17,50.56,859.52
20207,8,2187,21,45.82,962.22
20207,9,2188,25,47.4,1185.0
20207,10,2189,29,48.98,1420.42
20208,1,2190,18,47.4,853.2
20208,2,2191,22,48.98,1077.56
20208,3,2192,26,50.56,1314.56
20208,4,2193,30,45.82,1374.6
20208,5,2194,34,47.4,1611.6
20208,6,2195,14,48.98,685.72
20208,7,2196,18,50.56,910.08
20208,8,2197,22,45.82,1008.04
20208,9,2198,26,47.4,1232.4
20208,10,2199,30,48.98,1469.4
20209,1,2200,19,47.4,900.6
20209,2,2201,23,48.98,1126.54
20209,3,2202,27,50.56,1365.12
20209,4,2203,31,45.82,1420.42
20209,5,2204,35,47.4,1659.0
20209,6,2205,15,48.98,734.7
20209,7,2206,19,50.56,960.64
20209,8,2207,23,45.82,1053.86
20209,9,2208,27,47.4,1279.8
20209,10,2209,31,48.98,1518.38
20210,1,2210,20,47.4,948.0
20210,2,2211,24,48.98,1175.52
20210,3,2212,28,50.56,1415.68
20210,4,2213,32,45.82,1466.24
20210,5,2214,36,47.4,1706.4
20210,6,2215,16,48.98,783.68
20210,7,2216,20,50.56,1011.2
20210,8,2217,24,45.82,1099.68
20210,9,2218,28,47.4,1327.2
20210,10,2219,32,48.98,1567.36
20211,1,2220,16,47.4,758.4
20211,2,2221,20,48.98,979.6
20211,3,2222,24,50.56,1213.44
20211,4,2223,28,45.82,1282.96
20211,5,2224,32,47.4,1516.8
20211,6,2225,12,48.98,587.76
20211,7,2226,16,50.56,808.96
20211,8,2227,20,45.82,916.4
20211,9,2228,24,47.4,1137.6
20211,10,2229,28,48.98,1371.44
20212,1,2230,17,47.4,805.8
20212,2,2231,21,48.98,1028.58
20212,3,2232,25,50.56,1264.0
20212,4,2233,29,45.82,1328.78
20212,5,2234,33,47.4,1564.2
20212,6,2235,13,48.98,636.74
20212,7,2236,17,50.56,859.52
20212,8,2237,21,45.82,962.22
20212,9,2238,25,47.4,1185.0
20212,10,2239,29,48.98,1420.42
20213,1,2240,18,47.4,853.2
20213,2,2241,22,48.98,1077.56
20213,3,2242,26,50.56,1314.56
20213,4,2243,30,45.82,1374.6
20213,5,2244,34,47.4,1611.6
20213,6,2245,14,48.98,685.72
20213,7,2246,18,50.56,910.08
20213,8,2247,22,45.82,1008.04
20213,9,2248,26,47.4,1232.4
20213,10,2249,30,48.98,1469.4
20214,1,2250,19,47.4,900.6
20214,2,2251,23,48.98,1126.54
20214,3,2252,27,50.56,1365.12
20214,4,2253,31,45.82,1420.42
20214,5,2254,35,47.4,1659.0
20214,6,2255,15,48.98,734.7
20214,7,2256,19,50.56,960.64
20214,8,2257,23,45.82,1053.86
20214,9,2258,27,47.4,1279.8
20214,10,2259,31,48.98,1518.38
20215,1,2260,20,47.4,948.0
20215,2,2261,24,48.98,1175.52
20215,3,2262,28,50.56,1415.68
20215,4,2263,32,45.82,1466.24
20215,5,2264,36,47.4,1706.4
20215,6,2265,16,48.98,783.68
20215,7,2266,20,50.56,1011.2
20215,8,2267,24,45.82,1099.68
20215,9,2268,28,47.4,1327.2
20215,10,2269,32,48.98,1567.36
20216,1,2270,16,47.4,758.4
20216,2,2271,20,48.98,979.6
20216,3,2272,24,50.56,1213.44
20216,4,2273,28,45.82,1282.96
20216,5,2274,32,47.4,1516.8
20216,6,2275,12,48.98,587.76
20216,7,2276,16,50.56,808.96
20216,8,2277,20,45.82,916.4
20216,9,2278,24,47.4,1137.6
20216,10,2279,28,48.98,1371.44
20217,1,2280,17,47.4,805.8
20217,2,2281,21,48.98,1028.58
20217,3,2282,25,50.56,1264.0
20217,4,2283,29,45.82,1328.78
20217,5,2284,33,47.4,1564.2
20217,6,2285,13,48.98,636.74
20217,7,2286,17,50.56,859.52
20217,8,2287,21,45.82,962.22
20217,9,2288,25,47.4,1185.0
20217,10,2289,29,48.98,1420.42
20218,1,2290,18,47.4,853.2
20218,2,2291,22,48.98,1077.56
20218,3,2292,26,50.56,1314.56
20218,4,2293,30,45.82,1374.6
20218,5,2294,34,47.4,1611.6
20218,6,2295,14,48.98,685.72
20218,7,2296,18,50.56,910.08
20218,8,2297,22,45.82,1008.04
20218,9,2298,26,47.4,1232.4
20218,10,2299,30,48.98,1469.4
20219,1,2300,19,47.4,900.6
20219,2,2301,23,48.98,1126.54
20219,3,2302,27,50.56,1365.12
20219,4,2303,31,45.82,1420.42
20219,5,2304,35,47.4,1659.0
20219,6,2305,15,48.98,734.7
20219,7,2306,19,50.56,960.64
20219,8,2307,23,45.82,1053.86
20219,9,2308,27,47.4,1279.8
20219,10,2309,31,48.98,1518.38
20220,1,2310,20,47.4,948.0
20220,2,2311,24,48.98,1175.52
20220,3,2312,28,50.56,1415.68
20220,4,2313,32,45.82,1466.24
20220,5,2314,36,47.4,1706.4
20220,6,2315,16,48.98,783.68
20220,7,2316,20,50.56,1011.2
20220,8,2317,24,45.82,1099.68
20220,9,2318,28,47.4,1327.2
20220,10,2319,32,48.98,1567.36
20221,1,2320,16,47.4,758.4
20221,2,2321,20,48.98,979.6
20221,3,2322,24,50.56,1213.44
20221,4,2323,28,45.82,1282.96
20221,5,2324,32,47.4,1516.8
20221,6,2325,12,48.98,587.76
20221,7,2326,16,50.56,808.96
20221,8,2327,20,45.82,916.4
20221,9,2328,24,47.4,1137.6
20221,10,2329,28,48.98,1371.44
20222,1,2330,17,47.4,805.8
20222,2,2331,21,48.98,1028.58
20222,3,2332,25,50.56,1264.0
20222,4,2333,29,45.82,1328.78
20222,5,2334,33,47.4,1564.2
20222,6,2335,13,48.98,636.74
20222,7,2336,17,50.56,859.52
20222,8,2337,21,45.82,962.22
20222,9,2338,25,47.4,1185.0
20222,10,2339,29,48.98,1420.42
20223,1,2340,18,47.4,853.2
20223,2,2341,22,48.98,1077.56
20223,3,2342,26,50.56,1314.56
20223,4,2343,30,45.82,1374.6
20223,5,2344,34,47.4,1611.6
20223,6,2345,14,48.98,685.72
20223,7,2346,18,50.56,910.08
20223,8,2347,22,45.82,1008.04
20223,9,2348,26,47.4,1232.4
20223,10,2349,30,48.98,1469.4
20224,1,2350,19,47.4,900.6
20224,2,2351,23,48.98,1126.54
20224,3,2352,27,50.56,1365.12
20224,4,2353,31,45.82,1420.42
20224,5,2354,35,47.4,1659.0
20224,6,2355,15,48.98,734.7
20224,7,2356,19,50.56,960.64
20224,8,2357,23,45.82,1053.86
20224,9,2358,27,47.4,1279.8
20224,10,2359,31,48.98,1518.38
20225,1,2360,20,47.4,948.0
20225,2,2361,24,48.98,1175.52
20225,3,2362,28,50.56,1415.68
20225,4,2363,32,45.82,1466.24
20225,5,2364,36,47.4,1706.4
20225,6,2365,16,48.98,783.68
20225,7,2366,20,50.56,1011.2
20225,8,2367,24,45.82,1099.68
20225,9,2368,28,47.4,1327.2
20225,10,2369,32,48.98,1567.36
20226,1,2370,16,47.4,758.4
20226,2,2371,20,48.98,979.6
20226,3,2372,24,50.56,1213.44
20226,4,2373,28,45.82,1282.96
20226,5,2374,32,47.4,1516.8
20226,6,2375,12,48.98,587.76
20226,7,2376,16,50.56,808.96
20226,8,2377,20,45.82,916.4
20226,9,2378,24,47.4,1137.6
20226,10,2379,28,48.98,1371.44
20227,1,2380,17,47.4,805.8
20227,2,2381,21,48.98,1028.58
20227,3,2382,25,50.56,1264.0
20227,4,2383,29,45.82,1328.78
20227,5,2384,33,47.4,1564.2
20227,6,2385,13,48.98,636.74
20227,7,2386,17,50.56,859.52
20227,8,2387,21,45.82,962.22
20227,9,2388,25,47.4,1185.0
20227,10,2389,29,48.98,1420.42
20228,1,2390,18,47.4,853.2
20228,2,2391,22,48.98,1077.56
20228,3,2392,26,50.56,1314.56
20228,4,2393,30,45.82,1374.6
20228,5,2394,34,47.4,1611.6
20228,6,2395,14,48.98,685.72
20228,7,2396,18,50.56,910.08
20228,8,2397,22,45.82,1008.04
20228,9,2398,26,47.4,1232.4
20228,10,2399,30,48.98,1469.4
20229,1,2400,19,47.4,900.6
20229,2,2401,23,48.98,1126.54
20229,3,2402,27,50.56,1365.12
20229,4,2403,31,45.82,1420.42
20229,5,2404,35,47.4,1659.0
20229,6,2405,15,48.98,734.7
20229,7,2406,19,50.56,960.64
20229,8,2407,23,45.82,1053.86
20229,9,2408,27,47.4,1279.8
20229,10,2409,31,48.98,1518.38
20230,1,2410,20,47.4,948.0
20230,2,2411,24,48.98,1175.52
20230,3,2412,28,50.56,1415.68
20230,4,2413,32,45.82,1466.24
20230,5,2414,36,47.4,1706.4
20230,6,2415,16,48.98,783.68
20230,7,2416,20,50.56,1011.2
20230,8,2417,24,45.82,1099.68
20230,9,2418,28,47.4,1327.2
20230,10,2419,32,48.98,1567.36
20231,1,2420,16,47.4,758.4
20231,2,2421,20,48.98,979.6
20231,3,2422,24,50.56,1213.44
20231,4,2423,28,45.82,1282.96
20231,5,2424,32,47.4,1516.8
20231,6,2425,12,48.98,587.76
20231,7,2426,16,50.56,808.96
20231,8,2427,20,45.82,916.4
20231,9,2428,24,47.4,1137.6
20231,10,2429,28,48.98,1371.44
20232,1,2430,17,47.4,805.8
20232,2,2431,21,48.98,1028.58
20232,3,2432,25,50.56,1264.0
20232,4,2433,29,45.82,1328.78
20232,5,2434,33,47.4,1564.2
20232,6,2435,13,48.98,636.74
20232,7,2436,17,50.56,859.52
20232,8,2437,21,45.82,962.22
20232,9,2438,25,47.4,1185.0
20232,10,2439,29,48.98,1420.42
20233,1,2440,18,47.4,853.2
20233,2,2441,22,48.98,1077.56
20233,3,2442,26,50.56,1314.56
20233,4,2443,30,45.82,1374.6
20233,5,2444,34,47.4,1611.6
20233,6,2445,14,48.98,685.72
20233,7,2446,18,50.56,910.08
20233,8,2447,22,45.82,1008.04
20233,9,2448,26,47.4,1232.4
20233,10,2449,30,48.98,1469.4
20234,1,2450,19,47.4,900.6
20234,2,2451,23,48.98,1126.54
20234,3,2452,27,50.56,1365.12
20234,4,2453,31,45.82,1420.42
20234,5,2454,35,47.4,1659.0
20234,6,2455,15,48.98,734.7
20234,7,2456,19,50.56,960.64
20234,8,2457,23,45.82,1053.86
20234,9,2458,27,47.4,1279.8
20234,10,2459,31,48.98,1518.38
20235,1,2460,20,47.4,948.0
20235,2,2461,24,48.98,1175.52
20235,3,2462,28,50.56,1415.68
20235,4,2463,32,45.82,1466.24
20235,5,2464,36,47.4,1706.4
20235,6,2465,16,48.98,783.68
20235,7,2466,20,50.56,1011.2
20235,8,2467,24,45.82,1099.68
20235,9,2468,28,47.4,1327.2
20235,10,2469,32,48.98,1567.36
20236,1,2470,16,47.4,758.4
20236,2,2471,20,48.98,979.6
20236,3,2472,24,50.56,1213.44
20236,4,2473,28,45.82,1282.96
20236,5,2474,32,47.4,1516.8
20236,6,2475,12,48.98,587.76
20236,7,2476,16,50.56,808.96
20236,8,2477,20,45.82,916.4
20236,9,2478,24,47.4,1137.6
20236,10,2479,28,48.98,1371.44
20237,1,2480,17,47.4,805.8
20237,2,2481,21,48.98,1028.58
20237,3,2482,25,50.56,1264.0
20237,4,2483,29,45.82,1328.78
20237,5,2484,33,47.4,1564.2
20237,6,2485,13,48.98,636.74
20237,7,2486,17,50.56,859.52
20237,8,2487,21,45.82,962.22
20237,9,2488,25,47.4,1185.0
20237,10,2489,29,48.98,1420.42
20238,1,2490,18,47.4,853.2
20238,2,2491,22,48.98,1077.56
20238,3,2492,26,50.56,1314.56
20238,4,2493,30,45.82,1374.6
20238,5,2494,34,47.4,1611.6
20238,6,2495,14,48.98,685.72
20238,7,2496,18,50.56,910.08
20238,8,2497,22,45.82,1008.04
20238,9,2498,26,47.4,1232.4
20238,10,2499,30,48.98,1469.4
20239,1,2500,19,47.4,900.6
20239,2,2501,23,48.98,1126.54
20239,3,2502,27,50.56,1365.12
20239,4,2503,31,45.82,1420.42
20239,5,2504,35,47.4,1659.0
20239,6,2505,15,48.98,734.7
20239,7,2506,19,50.56,960.64
20239,8,2507,23,45.82,1053.86
20239,9,2508,27,47.4,1279.8
20239,10,2509,31,48.98,1518.38
20240,1,2510,20,47.4,948.0
20240,2,2511,24,48.98,1175.52
20240,3,2512,28,50.56,1415.68
20240,4,2513,32,45.82,1466.24
20240,5,2514,36,47.4,1706.4
20240,6,2515,16,48.98,783.68
20240,7,2516,20,50.56,1011.2
20240,8,2517,24,45.82,1099.68
20240,9,2518,28,47.4,1327.2
20240,10,2519,32,48.98,1567.36
20241,1,2520,16,47.4,758.4
20241,2,2521,20,48.98,979.6
20241,3,2522,24,50.56,1213.44
20241,4,2523,28,45.82,1282.96
20241,5,2524,32,47.4,1516.8
20241,6,2525,12,48.98,587.76
20241,7,2526,16,50.56,808.96
20241,8,2527,20,45.82,916.4
20241,9,2528,24,47.4,1137.6
20241,10,2529,28,48.98,1371.44
20242,1,2530,17,47.4,805.8
20242,2,2531,21,48.98,1028.58
20242,3,2532,25,50.56,1264.0
20242,4,2533,29,45.82,1328.78
20242,5,2534,33,47.4,1564.2
20242,6,2535,13,48.98,636.74
20242,7,2536,17,50.56,859.52
20242,8,2537,21,45.82,962.22
20242,9,2538,25,47.4,1185.0
20242,10,2539,29,48.98,1420.42
20243,1,2540,18,47.4,853.2
20243,2,2541,22,48.98,1077.56
20243,3,2542,26,50.56,1314.56
20243,4,2543,30,45.82,1374.6
20243,5,2544,34,47.4,1611.6
20243,6,2545,14,48.98,685.72
20243,7,2546,18,50.56,910.08
20243,8,2547,22,45.82,1008.04
20243,9,2548,26,47.4,1232.4
20243,10,2549,30,48.98,1469.4
20244,1,2550,19,47.4,900.6
20244,2,2551,23,48.98,1126.54
20244,3,2552,27,50.56,1365.12
20244,4,2553,31,45.82,1420.42
20244,5,2554,35,47.4,1659.0
20244,6,2555,15,48.98,734.7
20244,7,2556,19,50.56,960.64
20244,8,2557,23,45.82,1053.86
20244,9,2558,27,47.4,1279.8
20244,10,2559,31,48.98,1518.38
20245,1,2560,20,47.4,948.0
20245,2,2561,24,48.98,1175.52
20245,3,2562,28,50.56,1415.68
20245,4,2563,32,45.82,1466.24
20245,5,2564,36,47.4,1706.4
20245,6,2565,16,48.98,783.68
20245,7,2566,20,50.56,1011.2
20245,8,2567,24,45.82,1099.68
20245,9,2568,28,47.4,1327.2
20245,10,2569,32,48.98,1567.36
20246,1,2570,16,47.4,758.4
20246,2,2571,20,48.98,979.6
20246,3,2572,24,50.56,1213.44
20246,4,2573,28,45.82,1282.96
20246,5,2574,32,47.4,1516.8
20246,6,2575,12,48.98,587.76
20246,7,2576,16,50.56,808.96
20246,8,2577,20,45.82,916.4
20246,9,2578,24,47.4,1137.6
20246,10,2579,28,48.98,1371.44
20247,1,2580,17,47.4,805.8
20247,2,2581,21,48.98,1028.58
20247,3,2582,25,50.56,1264.0
20247,4,2583,29,45.82,1328.78
20247,5,2584,33,47.4,1564.2
20247,6,2585,13,48.98,636.74
20247,7,2586,17,50.56,859.52
20247,8,2587,21,45.82,962.22
20247,9,2588,25,47.4,1185.0
20247,10,2589,29,48.98,1420.42
20248,1,2590,18,47.4,853.2
20248,2,2591,22,48.98,1077.56
20248,3,2592,26,50.56,1314.56
20248,4,2593,30,45.82,1374.6
20248,5,2594,34,47.4,1611.6
20248,6,2595,14,48.98,685.72
20248,7,2596,18,50.56,910.08
20248,8,2597,22,45.82,1008.04
20248,9,2598,26,47.4,1232.4
20248,10,2599,30,48.98,1469.4
20249,1,2600,19,47.4,900.6
20249,2,2601,23,48.98,1126.54
20249,3,2602,27,50.56,1365.12
20249,4,2603,31,45.82,1420.42
20249,5,2604,35,47.4,1659.0
20249,6,2605,15,48.98,734.7
20249,7,2606,19,50.56,960.64
20249,8,2607,23,45.82,1053.86
20249,9,2608,27,47.4,1279.8
20249,10,2609,31,48.98,1518.38
20250,1,2610,20,47.4,948.0
20250,2,2611,24,48.98,1175.52
20250,3,2612,28,50.56,1415.68
20250,4,2613,32,45.82,1466.24
20250,5,2614,36,47.4,1706.4
20250,6,2615,16,48.98,783.68
20250,7,2616,20,50.56,1011.2
20250,8,2617,24,45.82,1099.68
20250,9,2618,28,47.4,1327.2
20250,10,2619,32,48.98,1567.36
20251,1,2620,16,47.4,758.4
20251,2,2621,20,48.98,979.6
20251,3,2622,24,50.56,1213.44
20251,4,2623,28,45.82,1282.96
20251,5,2624,32,47.4,1516.8
20251,6,2625,12,48.98,587.76
20251,7,2626,16,50.56,808.96
20251,8,2627,20,45.82,916.4
20251,9,2628,24,47.4,1137.6
20251,10,2629,28,48.98,1371.44
20252,1,2630,17,47.4,805.8
20252,2,2631,21,48.98,1028.58
20252,3,2632,25,50.56,1264.0
20252,4,2633,29,45.82,1328.78
20252,5,2634,33,47.4,1564.2
20252,6,2635,13,48.98,636.74
20252,7,2636,17,50.56,859.52
20252,8,2637,21,45.82,962.22
20252,9,2638,25,47.4,1185.0
20252,10,2639,29,48.98,1420.42
20253,1,2640,18,47.4,853.2
20253,2,2641,22,48.98,1077.56
20253,3,2642,26,50.56,1314.56
20253,4,2643,30,45.82,1374.6
20253,5,2644,34,47.4,1611.6
20253,6,2645,14,48.98,685.72
20253,7,2646,18,50.56,910.08
20253,8,2647,22,45.82,1008.04
20253,9,2648,26,47.4,1232.4
20253,10,2649,30,48.98,1469.4
20254,1,2650,19,47.4,900.6
20254,2,2651,23,48.98,1126.54
20254,3,2652,27,50.56,1365.12
20254,4,2653,31,45.82,1420.42
20254,5,2654,35,47.4,1659.0
20254,6,2655,15,48.98,734.7
20254,7,2656,19,50.56,960.64
20254,8,2657,23,45.82,1053.86
20254,9,2658,27,47.4,1279.8
20254,10,2659,31,48.98,1518.38
20255,1,2660,20,47.4,948.0
20255,2,2661,24,48.98,1175.52
20255,3,2662,28,50.56,1415.68
20255,4,2663,32,45.82,1466.24
20255,5,2664,36,47.4,1706.4
20255,6,2665,16,48.98,783.68
20255,7,2666,20,50.56,1011.2
20255,8,2667,24,45.82,1099.68
20255,9,2668,28,47.4,1327.2
20255,10,2669,32,48.98,1567.36
20256,1,2670,16,47.4,758.4
20256,2,2671,20,48.98,979.6
20256,3,2672,24,50.56,1213.44
20256,4,2673,28,45.82,1282.96
20256,5,2674,32,47.4,1516.8
20256,6,2675,12,48.98,587.76
20256,7,2676,16,50.56,808.96
20256,8,2677,20,45.82,916.4
20256,9,2678,24,47.4,1137.6
20256,10,2679,28,48.98,1371.44
20257,1,2680,17,47.4,805.8
20257,2,2681,21,48.98,1028.58
20257,3,2682,25,50.56,1264.0
20257,4,2683,29,45.82,1328.78
20257,5,2684,33,47.4,1564.2
20257,6,2685,13,48.98,636.74
20257,7,2686,17,50.56,859.52
20257,8,2687,21,45.82,962.22
20257,9,2688,25,47.4,1185.0
20257,10,2689,29,48.98,1420.42
20258,1,2690,18,47.4,853.2
20258,2,2691,22,48.98,1077.56
20258,3,2692,26,50.56,1314.56
20258,4,2693,30,45.82,1374.6
20258,5,2694,34,47.4,1611.6
20258,6,2695,14,48.98,685.72
20258,7,2696,18,50.56,910.08
20258,8,2697,22,45.82,1008.04
20258,9,2698,26,47.4,1232.4
20258,10,2699,30,48.98,1469.4
20259,1,2700,19,47.4,900.6
20259,2,2701,23,48.98,1126.54
20259,3,2702,27,50.56,1365.12
20259,4,2703,31,45.82,1420.42
20259,5,2704,35,47.4,1659.0
20259,6,2705,15,48.98,734.7
20259,7,2706,19,50.56,960.64
20259,8,2707,23,45.82,1053.86
20259,9,2708,27,47.4,1279.8
20259,10,2709,31,48.98,1518.38
20260,1,2710,20,47.4,948.0
20260,2,2711,24,48.98,1175.52
20260,3,2712,28,50.56,1415.68
20260,4,2713,32,45.82,1466.24
20260,5,2714,36,47.4,1706.4
20260,6,2715,16,48.98,783.68
20260,7,2716,20,50.56,1011.2
20260,8,2717,24,45.82,1099.68
20260,9,2718,28,47.4,1327.2
20260,10,2719,32,48.98,1567.36
20261,1,2720,16,47.4,758.4
20261,2,2721,20,48.98,979.6
20261,3,2722,24,50.56,1213.44
20261,4,2723,28,45.82,1282.96
20261,5,2724,32,47.4,1516.8
20261,6,2725,12,48.98,587.76
20261,7,2726,16,50.56,808.96
20261,8,2727,20,45.82,916.4
20261,9,2728,24,47.4,1137.6
20261,10,2729,28,48.98,1371.44
20262,1,2730,17,47.4,805.8
20262,2,2731,21,48.98,1028.58
20262,3,2732,25,50.56,1264.0
20262,4,2733,29,45.82,1328.78
20262,5,2734,33,47.4,1564.2
20262,6,2735,13,48.98,636.74
20262,7,2736,17,50.56,859.52
20262,8,2737,21,45.82,962.22
20262,9,2738,25,47.4,1185.0
20262,10,2739,29,48.98,1420.42
20263,1,2740,18,47.4,853.2
20263,2,2741,22,48.98,1077.56
20263,3,2742,26,50.56,1314.56
20263,4,2743,30,45.82,1374.6
20263,5,2744,34,47.4,1611.6
20263,6,2745,14,48.98,685.72
20263,7,2746,18,50.56,910.08
20263,8,2747,22,45.82,1008.04
20263,9,2748,26,47.4,1232.4
20263,10,2749,30,48.98,1469.4
20264,1,2750,19,47.4,900.6
20264,2,2751,23,48.98,1126.54
20264,3,2752,27,50.56,1365.12
20264,4,2753,31,45.82,1420.42
20264,5,2754,35,47.4,1659.0
20264,6,2755,15,48.98,734.7
20264,7,2756,19,50.56,960.64
20264,8,2757,23,45.82,1053.86
20264,9,2758,27,47.4,1279.8
20264,10,2759,31,48.98,1518.38
20265,1,2760,20,47.4,948.0
20265,2,2761,24,48.98,1175.52
20265,3,2762,28,50.56,1415.68
20265,4,2763,32,45.82,1466.24
20265,5,2764,36,47.4,1706.4
20265,6,2765,16,48.98,783.68
20265,7,2766,20,50.56,1011.2
20265,8,2767,24,45.82,1099.68
20265,9,2768,28,47.4,1327.2
20265,10,2769,32,48.98,1567.36
20266,1,2770,16,47.4,758.4
20266,2,2771,20,48.98,979.6
20266,3,2772,24,50.56,1213.44
20266,4,2773,28,45.82,1282.96
20266,5,2774,32,47.4,1516.8
20266,6,2775,12,48.98,587.76
20266,7,2776,16,50.56,808.96
20266,8,2777,20,45.82,916.4
20266,9,2778,24,47.4,1137.6
20266,10,2779,28,48.98,1371.44
20267,1,2780,17,47.4,805.8
20267,2,2781,21,48.98,1028.58
20267,3,2782,25,50.56,1264.0
20267,4,2783,29,45.82,1328.78
20267,5,2784,33,47.4,1564.2
20267,6,2785,13,48.98,636.74
20267,7,2786,17,50.56,859.52
20267,8,2787,21,45.82,962.22
20267,9,2788,25,47.4,1185.0
20267,10,2789,29,48.98,1420.42
20268,1,2790,18,47.4,853.2
20268,2,2791,22,48.98,1077.56
20268,3,2792,26,50.56,1314.56
20268,4,2793,30,45.82,1374.6
20268,5,2794,34,47.4,1611.6
20268,6,2795,14,48.98,685.72
20268,7,2796,18,50.56,910.08
20268,8,2797,22,45.82,1008.04
20268,9,2798,26,47.4,1232.4
20268,10,2799,30,48.98,1469.4
20269,1,2800,19,47.4,900.6
20269,2,2801,23,48.98,1126.54
20269,3,2802,27,50.56,1365.12
20269,4,2803,31,45.82,1420.42
20269,5,2804,35,47.4,1659.0
20269,6,2805,15,48.98,734.7
20269,7,2806,19,50.56,960.64
20269,8,2807,23,45.82,1053.86
20269,9,2808,27,47.4,1279.8
20269,10,2809,31,48.98,1518.38
20270,1,2810,20,47.4,948.0
20270,2,2811,24,48.98,1175.52
20270,3,2812,28,50.56,1415.68
20270,4,2813,32,45.82,1466.24
20270,5,2814,36,47.4,1706.4
20270,6,2815,16,48.98,783.68
20270,7,2816,20,50.56,1011.2
20270,8,2817,24,45.82,1099.68
20270,9,2818,28,47.4,1327.2
20270,10,2819,32,48.98,1567.36
20271,1,2820,16,47.4,758.4
20271,2,2821,20,48.98,979.6
20271,3,2822,24,50.56,1213.44
20271,4,2823,28,45.82,1282.96
20271,5,2824,32,47.4,1516.8
20271,6,2825,12,48.98,587.76
20271,7,2826,16,50.56,808.96
20271,8,2827,20,45.82,916.4
20271,9,2828,24,47.4,1137.6
20271,10,2829,28,48.98,1371.44
20272,1,2830,17,47.4,805.8
20272,2,2831,21,48.98,1028.58
20272,3,2832,25,50.56,1264.0
20272,4,2833,29,45.82,1328.78
20272,5,2834,33,47.4,1564.2
20272,6,2835,13,48.98,636.74
20272,7,2836,17,50.56,859.52
20272,8,2837,21,45.82,962.22
20272,9,2838,25,47.4,1185.0
20272,10,2839,29,48.98,1420.42
20273,1,2840,18,47.4,853.2
20273,2,2841,22,48.98,1077.56
20273,3,2842,26,50.56,1314.56
20273,4,2843,30,45.82,1374.6
20273,5,2844,34,47.4,1611.6
20273,6,2845,14,48.98,685.72
20273,7,2846,18,50.56,910.08
20273,8,2847,22,45.82,1008.04
20273,9,2848,26,47.4,1232.4
20273,10,2849,30,48.98,1469.4
20274,1,2850,19,47.4,900.6
20274,2,2851,23,48.98,1126.54
20274,3,2852,27,50.56,1365.12
20274,4,2853,31,45.82,1420.42
20274,5,2854,35,47.4,1659.0
20274,6,2855,15,48.98,734.7
20274,7,2856,19,50.56,960.64
20274,8,2857,23,45.82,1053.86
20274,9,2858,27,47.4,1279.8
20274,10,2859,31,48.98,1518.38
20275,1,2860,20,47.4,948.0
20275,2,2861,24,48.98,1175.52
20275,3,2862,28,50.56,1415.68
20275,4,2863,32,45.82,1466.24
20275,5,2864,36,47.4,1706.4
20275,6,2865,16,48.98,783.68
20275,7,2866,20,50.56,1011.2
20275,8,2867,24,45.82,1099.68
20275,9,2868,28,47.4,1327.2
20275,10,2869,32,48.98,1567.36
20276,1,2870,16,47.4,758.4
20276,2,2871,20,48.98,979.6
20276,3,2872,24,50.56,1213.44
20276,4,2873,28,45.82,1282.96
20276,5,2874,32,47.4,1516.8
20276,6,2875,12,48.98,587.76
20276,7,2876,16,50.56,808.96
20276,8,2877,20,45.82,916.4
20276,9,2878,24,47.4,1137.6
20276,10,2879,28,48.98,1371.44
20277,1,2880,17,47.4,805.8
20277,2,2881,21,48.98,1028.58
20277,3,2882,25,50.56,1264.0
20277,4,2883,29,45.82,1328.78
20277,5,2884,33,47.4,1564.2
20277,6,2885,13,48.98,636.74
20277,7,2886,17,50.56,859.52
20277,8,2887,21,45.82,962.22
20277,9,2888,25,47.4,1185.0
20277,10,2889,29,48.98,1420.42
20278,1,2890,18,47.4,853.2
20278,2,2891,22,48.98,1077.56
20278,3,2892,26,50.56,1314.56
20278,4,2893,30,45.82,1374.6
20278,5,2894,34,47.4,1611.6
20278,6,2895,14,48.98,685.72
20278,7,2896,18,50.56,910.08
20278,8,2897,22,45.82,1008.04
20278,9,2898,26,47.4,1232.4
20278,10,2899,30,48.98,1469.4
20279,1,2900,19,47.4,900.6
20279,2,2901,23,48.98,1126.54
20279,3,2902,27,50.56,1365.12
20279,4,2903,31,45.82,1420.42
20279,5,2904,35,47.4,1659.0
20279,6,2905,15,48.98,734.7
20279,7,2906,19,50.56,960.64
20279,8,2907,23,45.82,1053.86
20279,9,2908,27,47.4,1279.8
20279,10,2909,31,48.98,1518.38
20280,1,2910,20,47.4,948.0
20280,2,2911,24,48.98,1175.52
20280,3,2912,28,50.56,1415.68
20280,4,2913,32,45.82,1466.24
20280,5,2914,36,47.4,1706.4
20280,6,2915,16,48.98,783.68
20280,7,2916,20,50.56,1011.2
20280,8,2917,24,45.82,1099.68
20280,9,2918,28,47.4,1327.2
20280,10,2919,32,48.98,1567.36
20281,1,2920,16,47.4,758.4
20281,2,2921,20,48.98,979.6
20281,3,2922,24,50.56,1213.44
20281,4,2923,28,45.82,1282.96
20281,5,2924,32,47.4,1516.8
20281,6,2925,12,48.98,587.76
20281,7,2926,16,50.56,808.96
20281,8,2927,20,45.82,916.4
20281,9,2928,24,47.4,1137.6
20281,10,2929,28,48.98,1371.44
20282,1,2930,17,47.4,805.8
20282,2,2931,21,48.98,1028.58
20282,3,2932,25,50.56,1264.0
20282,4,2933,29,45.82,1328.78
20282,5,2934,33,47.4,1564.2
20282,6,2935,13,48.98,636.74
20282,7,2936,17,50.56,859.52
20282,8,2937,21,45.82,962.22
20282,9,2938,25,47.4,1185.0
20282,10,2939,29,48.98,1420.42
20283,1,2940,18,47.4,853.2
20283,2,2941,22,48.98,1077.56
20283,3,2942,26,50.56,1314.56
20283,4,2943,30,45.82,1374.6
20283,5,2944,34,47.4,1611.6
20283,6,2945,14,48.98,685.72
20283,7,2946,18,50.56,910.08
20283,8,2947,22,45.82,1008.04
20283,9,2948,26,47.4,1232.4
20283,10,2949,30,48.98,1469.4
20284,1,2950,19,47.4,900.6
20284,2,2951,23,48.98,1126.54
20284,3,2952,27,50.56,1365.12
20284,4,2953,31,45.82,1420.42
20284,5,2954,35,47.4,1659.0
20284,6,2955,15,48.98,734.7
20284,7,2956,19,50.56,960.64
20284,8,2957,23,45.82,1053.86
20284,9,2958,27,47.4,1279.8
20284,10,2959,31,48.98,1518.38
20285,1,2960,20,47.4,948.0
20285,2,2961,24,48.98,1175.52
20285,3,2962,28,50.56,1415.68
20285,4,2963,32,45.82,1466.24
20285,5,2964,36,47.4,1706.4
20285,6,2965,16,48.98,783.68
20285,7,2966,20,50.56,1011.2
20285,8,2967,24,45.82,1099.68
20285,9,2968,28,47.4,1327.2
20285,10,2969,32,48.98,1567.36
20286,1,2970,16,47.4,758.4
20286,2,2971,20,48.98,979.6
20286,3,2972,24,50.56,1213.44
20286,4,2973,28,45.82,1282.96
20286,5,2974,32,47.4,1516.8
20286,6,2975,12,48.98,587.76
20286,7,2976,16,50.56,808.96
20286,8,2977,20,45.82,916.4
20286,9,2978,24,47.4,1137.6
20286,10,2979,28,48.98,1371.44
20287,1,2980,17,47.4,805.8
20287,2,2981,21,48.98,1028.58
20287,3,2982,25,50.56,1264.0
20287,4,2983,29,45.82,1328.78
20287,5,2984,33,47.4,1564.2
20287,6,2985,13,48.98,636.74
20287,7,2986,17,50.56,859.52
20287,8,2987,21,45.82,962.22
20287,9,2988,25,47.4,1185.0
20287,10,2989,29,48.98,1420.42
20288,1,2990,18,47.4,853.2
20288,2,2991,22,48.98,1077.56
20288,3,2992,26,50.56,1314.56
20288,4,2993,30,45.82,1374.6
20288,5,2994,34,47.4,1611.6
20288,6,2995,14,48.98,685.72
20288,7,2996,18,50.56,910.08
20288,8,2997,22,45.82,1008.04
20288,9,2998,26,47.4,1232.4
20288,10,2999,30,48.98,1469.4
20289,1,3000,19,47.4,900.6
20289,2,3001,23,48.98,1126.54
20289,3,3002,27,50.56,1365.12
20289,4,3003,31,45.82,1420.42
20289,5,3004,35,47.4,1659.0
20289,6,3005,15,48.98,734.7
20289,7,3006,19,50.56,960.64
20289,8,3007,23,45.82,1053.86
20289,9,3008,27,47.4,1279.8
20289,10,3009,31,48.98,1518.38
20290,1,3010,20,47.4,948.0
20290,2,3011,24,48.98,1175.52
20290,3,3012,28,50.56,1415.68
20290,4,3013,32,45.82,1466.24
20290,5,3014,36,47.4,1706.4
20290,6,3015,16,48.98,783.68
20290,7,3016,20,50.56,1011.2
20290,8,3017,24,45.82,1099.68
20290,9,3018,28,47.4,1327.2
20290,10,3019,32,48.98,1567.36
20291,1,3020,16,47.4,758.4
20291,2,3021,20,48.98,979.6
20291,3,3022,24,50.56,1213.44
20291,4,3023,28,45.82,1282.96
20291,5,3024,32,47.4,1516.8
20291,6,3025,12,48.98,587.76
20291,7,3026,16,50.56,808.96
20291,8,3027,20,45.82,916.4
20291,9,3028,24,47.4,1137.6
20291,10,3029,28,48.98,1371.44
20292,1,3030,17,47.4,805.8
20292,2,3031,21,48.98,1028.58
20292,3,3032,25,50.56,1264.0
20292,4,3033,29,45.82,1328.78
20292,5,3034,33,47.4,1564.2
20292,6,3035,13,48.98,636.74
20292,7,3036,17,50.56,859.52
20292,8,3037,21,45.82,962.22
20292,9,3038,25,47.4,1185.0
20292,10,3039,29,48.98,1420.42
20293,1,3040,18,47.4,853.2
20293,2,3041,22,48.98,1077.56
20293,3,3042,26,50.56,1314.56
20293,4,3043,30,45.82,1374.6
20293,5,3044,34,47.4,1611.6
20293,6,3045,14,48.98,685.72
20293,7,3046,18,50.56,910.08
20293,8,3047,22,45.82,1008.04
20293,9,3048,26,47.4,1232.4
20293,10,3049,30,48.98,1469.4
20294,1,3050,19,47.4,900.6
20294,2,3051,23,48.98,1126.54
20294,3,3052,27,50.56,1365.12
20294,4,3053,31,45.82,1420.42
20294,5,3054,35,47.4,1659.0
20294,6,3055,15,48.98,734.7
20294,7,3056,19,50.56,960.64
20294,8,3057,23,45.82,1053.86
20294,9,3058,27,47.4,1279.8
20294,10,3059,31,48.98,1518.38
20295,1,3060,20,47.4,948.0
20295,2,3061,24,48.98,1175.52
20295,3,3062,28,50.56,1415.68
20295,4,3063,32,45.82,1466.24
20295,5,3064,36,47.4,1706.4
20295,6,3065,16,48.98,783.68
20295,7,3066,20,50.56,1011.2
20295,8,3067,24,45.82,1099.68
20295,9,3068,28,47.4,1327.2
20295,10,3069,32,48.98,1567.36
20296,1,3070,16,47.4,758.4
20296,2,3071,20,48.98,979.6
20296,3,3072,24,50.56,1213.44
20296,4,3073,28,45.82,1282.96
20296,5,3074,32,47.4,1516.8
20296,6,3075,12,48.98,587.76
20296,7,3076,16,50.56,808.96
20296,8,3077,20,45.82,916.4
20296,9,3078,24,47.4,1137.6
20296,10,3079,28,48.98,1371.44
20297,1,3080,17,47.4,805.8
20297,2,3081,21,48.98,1028.58
20297,3,3082,25,50.56,1264.0
20297,4,3083,29,45.82,1328.78
20297,5,3084,33,47.4,1564.2
20297,6,3085,13,48.98,636.74
20297,7,3086,17,50.56,859.52
20297,8,3087,21,45.82,962.22
20297,9,3088,25,47.4,1185.0
20297,10,3089,29,48.98,1420.42
20298,1,3090,18,47.4,853.2
20298,2,3091,22,48.98,1077.56
20298,3,3092,26,50.56,1314.56
20298,4,3093,30,45.82,1374.6
20298,5,3094,34,47.4,1611.6
20298,6,3095,14,48.98,685.72
20298,7,3096,18,50.56,910.08
20298,8,3097,22,45.82,1008.04
20298,9,3098,26,47.4,1232.4
20298,10,3099,30,48.98,1469.4
20299,1,3100,19,47.4,900.6
20299,2,3101,23,48.98,1126.54
20299,3,3102,27,50.56,1365.12
20299,4,3103,31,45.82,1420.42
20299,5,3104,35,47.4,1659.0
20299,6,3105,15,48.98,734.7
20299,7,3106,19,50.56,960.64
20299,8,3107,23,45.82,1053.86
20299,9,3108,27,47.4,1279.8
20299,10,3109,31,48.98,1518.38
20300,1,3110,20,47.4,948.0
20300,2,3111,24,48.98,1175.52
20300,3,3112,28,50.56,1415.68
20300,4,3113,32,45.82,1466.24
20300,5,3114,36,47.4,1706.4
20300,6,3115,16,48.98,783.68
20300,7,3116,20,50.56,1011.2
20300,8,3117,24,45.82,1099.68
20300,9,3118,28,47.4,1327.2
20300,10,3119,32,48.98,1567.36
20301,1,3120,16,47.4,758.4
20301,2,3121,20,48.98,979.6
20301,3,3122,24,50.56,1213.44
20301,4,3123,28,45.82,1282.96
20301,5,3124,32,47.4,1516.8
20301,6,3125,12,48.98,587.76
20301,7,3126,16,50.56,808.96
20301,8,3127,20,45.82,916.4
20301,9,3128,24,47.4,1137.6
20301,10,3129,28,48.98,1371.44
20302,1,3130,17,47.4,805.8
20302,2,3131,21,48.98,1028.58
20302,3,3132,25,50.56,1264.0
20302,4,3133,29,45.82,1328.78
20302,5,3134,33,47.4,1564.2
20302,6,3135,13,48.98,636.74
20302,7,3136,17,50.56,859.52
20302,8,3137,21,45.82,962.22
20302,9,3138,25,47.4,1185.0
20302,10,3139,29,48.98,1420.42
20303,1,3140,18,47.4,853.2
20303,2,3141,22,48.98,1077.56
20303,3,3142,26,50.56,1314.56
20303,4,3143,30,45.82,1374.6
20303,5,3144,34,47.4,1611.6
20303,6,3145,14,48.98,685.72
20303,7,3146,18,50.56,910.08
20303,8,3147,22,45.82,1008.04
20303,9,3148,26,47.4,1232.4
20303,10,3149,30,48.98,1469.4
20304,1,3150,19,47.4,900.6
20304,2,3151,23,48.98,1126.54
20304,3,3152,27,50.56,1365.12
20304,4,3153,31,45.82,1420.42
20304,5,3154,35,47.4,1659.0
20304,6,3155,15,48.98,734.7
20304,7,3156,19,50.56,960.64
20304,8,3157,23,45.82,1053.86
20304,9,3158,27,47.4,1279.8
20304,10,3159,31,48.98,1518.38
20305,1,3160,20,47.4,948.0
20305,2,3161,24,48.98,1175.52
20305,3,3162,28,50.56,1415.68
20305,4,3163,32,45.82,1466.24
20305,5,3164,36,47.4,1706.4
20305,6,3165,16,48.98,783.68
20305,7,3166,20,50.56,1011.2
20305,8,3167,24,45.82,1099.68
20305,9,3168,28,47.4,1327.2
20305,10,3169,32,48.98,1567.36
20306,1,3170,16,47.4,758.4
20306,2,3171,20,48.98,979.6
20306,3,3172,24,50.56,1213.44
20306,4,3173,28,45.82,1282.96
20306,5,3174,32,47.4,1516.8
20306,6,3175,12,48.98,587.76
20306,7,3176,16,50.56,808.96
20306,8,3177,20,45.82,916.4
20306,9,3178,24,47.4,1137.6
20306,10,3179,28,48.98,1371.44
20307,1,3180,17,47.4,805.8
20307,2,3181,21,48.98,1028.58
20307,3,3182,25,50.56,1264.0
20307,4,3183,29,45.82,1328.78
20307,5,3184,33,47.4,1564.2
20307,6,3185,13,48.98,636.74
20307,7,3186,17,50.56,859.52
20307,8,3187,21,45.82,962.22
20307,9,3188,25,47.4,1185.0
20307,10,3189,29,48.98,1420.42
20308,1,3190,18,47.4,853.2
20308,2,3191,22,48.98,1077.56
20308,3,3192,26,50.56,1314.56
20308,4,3193,30,45.82,1374.6
20308,5,3194,34,47.4,1611.6
20308,6,3195,14,48.98,685.72
20308,7,3196,18,50.56,910.08
20308,8,3197,22,45.82,1008.04
20308,9,3198,26,47.4,1232.4
20308,10,3199,30,48.98,1469.4
20309,1,3200,19,47.4,900.6
20309,2,3201,23,48.98,1126.54
20309,3,3202,27,50.56,1365.12
20309,4,3203,31,45.82,1420.42
20309,5,3204,35,47.4,1659.0
20309,6,3205,15,48.98,734.7
20309,7,3206,19,50.56,960.64
20309,8,3207,23,45.82,1053.86
20309,9,3208,27,47.4,1279.8
20309,10,3209,31,48.98,1518.38
20310,1,3210,20,47.4,948.0
20310,2,3211,24,48.98,1175.52
20310,3,3212,28,50.56,1415.68
20310,4,3213,32,45.82,1466.24
20310,5,3214,36,47.4,1706.4
20310,6,3215,16,48.98,783.68
20310,7,3216,20,50.56,1011.2
20310,8,3217,24,45.82,1099.68
20310,9,3218,28,47.4,1327.2
20310,10,3219,32,48.98,1567.36
20311,1,3220,16,47.4,758.4
20311,2,3221,20,48.98,979.6
20311,3,3222,24,50.56,1213.44
20311,4,3223,28,45.82,1282.96
20311,5,3224,32,47.4,1516.8
20311,6,3225,12,48.98,587.76
20311,7,3226,16,50.56,808.96
20311,8,3227,20,45.82,916.4
20311,9,3228,24,47.4,1137.6
20311,10,3229,28,48.98,1371.44
20312,1,3230,17,47.4,805.8
20312,2,3231,21,48.98,1028.58
20312,3,3232,25,50.56,1264.0
20312,4,3233,29,45.82,1328.78
20312,5,3234,33,47.4,1564.2
20312,6,3235,13,48.98,636.74
20312,7,3236,17,50.56,859.52
20312,8,3237,21,45.82,962.22
20312,9,3238,25,47.4,1185.0
20312,10,3239,29,48.98,1420.42
20313,1,3240,18,47.4,853.2
20313,2,3241,22,48.98,1077.56
20313,3,3242,26,50.56,1314.56
20313,4,3243,30,45.82,1374.6
20313,5,3244,34,47.4,1611.6
20313,6,3245,14,48.98,685.72
20313,7,3246,18,50.56,910.08
20313,8,3247,22,45.82,1008.04
20313,9,3248,26,47.4,1232.4
20313,10,3249,30,48.98,1469.4
20314,1,3250,19,47.4,900.6
20314,2,3251,23,48.98,1126.54
20314,3,3252,27,50.56,1365.12
20314,4,3253,31,45.82,1420.42
20314,5,3254,35,47.4,1659.0
20314,6,3255,15,48.98,734.7
20314,7,3256,19,50.56,960.64
20314,8,3257,23,45.82,1053.86
20314,9,3258,27,47.4,1279.8
20314,10,3259,31,48.98,1518.38
20315,1,3260,20,47.4,948.0
20315,2,3261,24,48.98,1175.52
20315,3,3262,28,50.56,1415.68
20315,4,3263,32,45.82,1466.24
20315,5,3264,36,47.4,1706.4
20315,6,3265,16,48.98,783.68
20315,7,3266,20,50.56,1011.2
20315,8,3267,24,45.82,1099.68
20315,9,3268,28,47.4,1327.2
20315,10,3269,32,48.98,1567.36
20316,1,3270,16,47.4,758.4
20316,2,3271,20,48.98,979.6
20316,3,3272,24,50.56,1213.44
20316,4,3273,28,45.82,1282.96
20316,5,3274,32,47.4,1516.8
20316,6,3275,12,48.98,587.76
20316,7,3276,16,50.56,808.96
20316,8,3277,20,45.82,916.4
20316,9,3278,24,47.4,1137.6
20316,10,3279,28,48.98,1371.44
20317,1,3280,17,47.4,805.8
20317,2,3281,21,48.98,1028.58
20317,3,3282,25,50.56,1264.0
20317,4,3283,29,45.82,1328.78
20317,5,3284,33,47.4,1564.2
20317,6,3285,13,48.98,636.74
20317,7,3286,17,50.56,859.52
20317,8,3287,21,45.82,962.22
20317,9,3288,25,47.4,1185.0
20317,10,3289,29,48.98,1420.42
20318,1,3290,18,47.4,853.2
20318,2,3291,22,48.98,1077.56
20318,3,3292,26,50.56,1314.56
20318,4,3293,30,45.82,1374.6
20318,5,3294,34,47.4,1611.6
20318,6,3295,14,48.98,685.72
20318,7,3296,18,50.56,910.08
20318,8,3297,22,45.82,1008.04
20318,9,3298,26,47.4,1232.4
20318,10,3299,30,48.98,1469.4
20319,1,3300,19,47.4,900.6
20319,2,3301,23,48.98,1126.54
20319,3,3302,27,50.56,1365.12
20319,4,3303,31,45.82,1420.42
20319,5,3304,35,47.4,1659.0
20319,6,3305,15,48.98,734.7
20319,7,3306,19,50.56,960.64
20319,8,3307,23,45.82,1053.86
20319,9,3308,27,47.4,1279.8
20319,10,3309,31,48.98,1518.38
20320,1,3310,20,47.4,948.0
20320,2,3311,24,48.98,1175.52
20320,3,3312,28,50.56,1415.68
20320,4,3313,32,45.82,1466.24
20320,5,3314,36,47.4,1706.4
20320,6,3315,16,48.98,783.68
20320,7,3316,20,50.56,1011.2
20320,8,3317,24,45.82,1099.68
20320,9,3318,28,47.4,1327.2
20320,10,3319,32,48.98,1567.36
20321,1,3320,16,47.4,758.4
20321,2,3321,20,48.98,979.6
20321,3,3322,24,50.56,1213.44
20321,4,3323,28,45.82,1282.96
20321,5,3324,32,47.4,1516.8
20321,6,3325,12,48.98,587.76
20321,7,3326,16,50.56,808.96
20321,8,3327,20,45.82,916.4
20321,9,3328,24,47.4,1137.6
20321,10,3329,28,48.98,1371.44
20322,1,3330,17,47.4,805.8
20322,2,3331,21,48.98,1028.58
20322,3,3332,25,50.56,1264.0
20322,4,3333,29,45.82,1328.78
20322,5,3334,33,47.4,1564.2
20322,6,3335,13,48.98,636.74
20322,7,3336,17,50.56,859.52
20322,8,3337,21,45.82,962.22
20322,9,3338,25,47.4,1185.0
20322,10,3339,29,48.98,1420.42
20323,1,3340,18,47.4,853.2
20323,2,3341,22,48.98,1077.56
20323,3,3342,26,50.56,1314.56
20323,4,3343,30,45.82,1374.6
20323,5,3344,34,47.4,1611.6
20323,6,3345,14,48.98,685.72
20323,7,3346,18,50.56,910.08
20323,8,3347,22,45.82,1008.04
20323,9,3348,26,47.4,1232.4
20323,10,3349,30,48.98,1469.4
20324,1,3350,19,47.4,900.6
20324,2,3351,23,48.98,1126.54
20324,3,3352,27,50.56,1365.12
20324,4,3353,31,45.82,1420.42
20324,5,3354,35,47.4,1659.0
20324,6,3355,15,48.98,734.7
20324,7,3356,19,50.56,960.64
20324,8,3357,23,45.82,1053.86
20324,9,3358,27,47.4,1279.8
20324,10,3359,31,48.98,1518.38
20325,1,3360,20,47.4,948.0
20325,2,3361,24,48.98,1175.52
20325,3,3362,28,50.56,1415.68
20325,4,3363,32,45.82,1466.24
20325,5,3364,36,47.4,1706.4
20325,6,3365,16,48.98,783.68
20325,7,3366,20,50.56,1011.2
20325,8,3367,24,45.82,1099.68
20325,9,3368,28,47.4,1327.2
20325,10,3369,32,48.98,1567.36
20326,1,3370,16,47.4,758.4
20326,2,3371,20,48.98,979.6
20326,3,3372,24,50.56,1213.44
20326,4,3373,28,45.82,1282.96
20326,5,3374,32,47.4,1516.8
20326,6,3375,12,48.98,587.76
20326,7,3376,16,50.56,808.96
20326,8,3377,20,45.82,916.4
20326,9,3378,24,47.4,1137.6
20326,10,3379,28,48.98,1371.44
20327,1,3380,17,47.4,805.8
20327,2,3381,21,48.98,1028.58
20327,3,3382,25,50.56,1264.0
20327,4,3383,29,45.82,1328.78
20327,5,3384,33,47.4,1564.2
20327,6,3385,13,48.98,636.74
20327,7,3386,17,50.56,859.52
20327,8,3387,21,45.82,962.22
20327,9,3388,25,47.4,1185.0
20327,10,3389,29,48.98,1420.42
20328,1,3390,18,47.4,853.2
20328,2,3391,22,48.98,1077.56
20328,3,3392,26,50.56,1314.56
20328,4,3393,30,45.82,1374.6
20328,5,3394,34,47.4,1611.6
20328,6,3395,14,48.98,685.72
20328,7,3396,18,50.56,910.08
20328,8,3397,22,45.82,1008.04
20328,9,3398,26,47.4,1232.4
20328,10,3399,30,48.98,1469.4
20329,1,3400,19,47.4,900.6
20329,2,3401,23,48.98,1126.54
20329,3,3402,27,50.56,1365.12
20329,4,3403,31,45.82,1420.42
20329,5,3404,35,47.4,1659.0
20329,6,3405,15,48.98,734.7
20329,7,3406,19,50.56,960.64
20329,8,3407,23,45.82,1053.86
20329,9,3408,27,47.4,1279.8
20329,10,3409,31,48.98,1518.38
20330,1,3410,20,47.4,948.0
20330,2,3411,24,48.98,1175.52
20330,3,3412,28,50.56,1415.68
20330,4,3413,32,45.82,1466.24
20330,5,3414,36,47.4,1706.4
20330,6,3415,16,48.98,783.68
20330,7,3416,20,50.56,1011.2
20330,8,3417,24,45.82,1099.68
20330,9,3418,28,47.4,1327.2
20330,10,3419,32,48.98,1567.36
20331,1,3420,16,47.4,758.4
20331,2,3421,20,48.98,979.6
20331,3,3422,24,50.56,1213.44
20331,4,3423,28,45.82,1282.96
20331,5,3424,32,47.4,1516.8
20331,6,3425,12,48.98,587.76
20331,7,3426,16,50.56,808.96
20331,8,3427,20,45.82,916.4
20331,9,3428,24,47.4,1137.6
20331,10,3429,28,48.98,1371.44
20332,1,3430,17,47.4,805.8
20332,2,3431,21,48.98,1028.58
20332,3,3432,25,50.56,1264.0
20332,4,3433,29,45.82,1328.78
20332,5,3434,33,47.4,1564.2
20332,6,3435,13,48.98,636.74
20332,7,3436,17,50.56,859.52
20332,8,3437,21,45.82,962.22
20332,9,3438,25,47.4,1185.0
20332,10,3439,29,48.98,1420.42
20333,1,3440,18,47.4,853.2
20333,2,3441,22,48.98,1077.56
20333,3,3442,26,50.56,1314.56
20333,4,3443,30,45.82,1374.6
20333,5,3444,34,47.4,1611.6
20333,6,3445,14,48.98,685.72
20333,7,3446,18,50.56,910.08
20333,8,3447,22,45.82,1008.04
20333,9,3448,26,47.4,1232.4
20333,10,3449,30,48.98,1469.4
20334,1,3450,19,47.4,900.6
20334,2,3451,23,48.98,1126.54
20334,3,3452,27,50.56,1365.12
20334,4,3453,31,45.82,1420.42
20334,5,3454,35,47.4,1659.0
20334,6,3455,15,48.98,734.7
20334,7,3456,19,50.56,960.64
20334,8,3457,23,45.82,1053.86
20334,9,3458,27,47.4,1279.8
20334,10,3459,31,48.98,1518.38
20335,1,3460,20,47.4,948.0
20335,2,3461,24,48.98,1175.52
20335,3,3462,28,50.56,1415.68
20335,4,3463,32,45.82,1466.24
20335,5,3464,36,47.4,1706.4
20335,6,3465,16,48.98,783.68
20335,7,3466,20,50.56,1011.2
20335,8,3467,24,45.82,1099.68
20335,9,3468,28,47.4,1327.2
20335,10,3469,32,48.98,1567.36
20336,1,3470,16,47.4,758.4
20336,2,3471,20,48.98,979.6
20336,3,3472,24,50.56,1213.44
20336,4,3473,28,45.82,1282.96
20336,5,3474,32,47.4,1516.8
20336,6,3475,12,48.98,587.76
20336,7,3476,16,50.56,808.96
20336,8,3477,20,45.82,916.4
20336,9,3478,24,47.4,1137.6
20336,10,3479,28,48.98,1371.44
20337,1,3480,17,47.4,805.8
20337,2,3481,21,48.98,1028.58
20337,3,3482,25,50.56,1264.0
20337,4,3483,29,45.82,1328.78
20337,5,3484,33,47.4,1564.2
20337,6,3485,13,48.98,636.74
20337,7,3486,17,50.56,859.52
20337,8,3487,21,45.82,962.22
20337,9,3488,25,47.4,1185.0
20337,10,3489,29,48.98,1420.42
20338,1,3490,18,47.4,853.2
20338,2,3491,22,48.98,1077.56
20338,3,3492,26,50.56,1314.56
20338,4,3493,30,45.82,1374.6
20338,5,3494,34,47.4,1611.6
20338,6,3495,14,48.98,685.72
20338,7,3496,18,50.56,910.08
20338,8,3497,22,45.82,1008.04
20338,9,3498,26,47.4,1232.4
20338,10,3499,30,48.98,1469.4
20339,1,3500,19,47.4,900.6
20339,2,3501,23,48.98,1126.54
20339,3,3502,27,50.56,1365.12
20339,4,3503,31,45.82,1420.42
20339,5,3504,35,47.4,1659.0
20339,6,3505,15,48.98,734.7
20339,7,3506,19,50.56,960.64
20339,8,3507,23,45.82,1053.86
20339,9,3508,27,47.4,1279.8
20339,10,3509,31,48.98,1518.38
20340,1,3510,20,47.4,948.0
20340,2,3511,24,48.98,1175.52
20340,3,3512,28,50.56,1415.68
20340,4,3513,32,45.82,1466.24
20340,5,3514,36,47.4,1706.4
20340,6,3515,16,48.98,783.68
20340,7,3516,20,50.56,1011.2
20340,8,3517,24,45.82,1099.68
20340,9,3518,28,47.4,1327.2
20340,10,3519,32,48.98,1567.36
20341,1,3520,16,47.4,758.4
20341,2,3521,20,48.98,979.6
20341,3,3522,24,50.56,1213.44
20341,4,3523,28,45.82,1282.96
20341,5,3524,32,47.4,1516.8
20341,6,3525,12,48.98,587.76
20341,7,3526,16,50.56,808.96
20341,8,3527,20,45.82,916.4
20341,9,3528,24,47.4,1137.6
20341,10,3529,28,48.98,1371.44
20342,1,3530,17,47.4,805.8
20342,2,3531,21,48.98,1028.58
20342,3,3532,25,50.56,1264.0
20342,4,3533,29,45.82,1328.78
20342,5,3534,33,47.4,1564.2
20342,6,3535,13,48.98,636.74
20342,7,3536,17,50.56,859.52
20342,8,3537,21,45.82,962.22
20342,9,3538,25,47.4,1185.0
20342,10,3539,29,48.98,1420.42
20343,1,3540,18,47.4,853.2
20343,2,3541,22,48.98,1077.56
20343,3,3542,26,50.56,1314.56
20343,4,3543,30,45.82,1374.6
20343,5,3544,34,47.4,1611.6
20343,6,3545,14,48.98,685.72
20343,7,3546,18,50.56,910.08
20343,8,3547,22,45.82,1008.04
20343,9,3548,26,47.4,1232.4
20343,10,3549,30,48.98,1469.4
20344,1,3550,19,47.4,900.6
20344,2,3551,23,48.98,1126.54
20344,3,3552,27,50.56,1365.12
20344,4,3553,31,45.82,1420.42
20344,5,3554,35,47.4,1659.0
20344,6,3555,15,48.98,734.7
20344,7,3556,19,50.56,960.64
20344,8,3557,23,45.82,1053.86
20344,9,3558,27,47.4,1279.8
20344,10,3559,31,48.98,1518.38
20345,1,3560,20,47.4,948.0
20345,2,3561,24,48.98,1175.52
20345,3,3562,28,50.56,1415.68
20345,4,3563,32,45.82,1466.24
20345,5,3564,36,47.4,1706.4
20345,6,3565,16,48.98,783.68
20345,7,3566,20,50.56,1011.2
20345,8,3567,24,45.82,1099.68
20345,9,3568,28,47.4,1327.2
20345,10,3569,32,48.98,1567.36
20346,1,3570,16,47.4,758.4
20346,2,3571,20,48.98,979.6
20346,3,3572,24,50.56,1213.44
20346,4,3573,28,45.82,1282.96
20346,5,3574,32,47.4,1516.8
20346,6,3575,12,48.98,587.76
20346,7,3576,16,50.56,808.96
20346,8,3577,20,45.82,916.4
20346,9,3578,24,47.4,1137.6
20346,10,3579,28,48.98,1371.44
20347,1,3580,17,47.4,805.8
20347,2,3581,21,48.98,1028.58
20347,3,3582,25,50.56,1264.0
20347,4,3583,29,45.82,1328.78
20347,5,3584,33,47.4,1564.2
20347,6,3585,13,48.98,636.74
20347,7,3586,17,50.56,859.52
20347,8,3587,21,45.82,962.22
20347,9,3588,25,47.4,1185.0
20347,10,3589,29,48.98,1420.42
20348,1,3590,18,47.4,853.2
20348,2,3591,22,48.98,1077.56
20348,3,3592,26,50.56,1314.56
20348,4,3593,30,45.82,1374.6
20348,5,3594,34,47.4,1611.6
20348,6,3595,14,48.98,685.72
20348,7,3596,18,50.56,910.08
20348,8,3597,22,45.82,1008.04
20348,9,3598,26,47.4,1232.4
20348,10,3599,30,48.98,1469.4
20349,1,3600,19,47.4,900.6
20349,2,3601,23,48.98,1126.54
20349,3,3602,27,50.56,1365.12
20349,4,3603,31,45.82,1420.42
20349,5,3604,35,47.4,1659.0
20349,6,3605,15,48.98,734.7
20349,7,3606,19,50.56,960.64
20349,8,3607,23,45.82,1053.86
20349,9,3608,27,47.4,1279.8
20349,10,3609,31,48.98,1518.38
20350,1,3610,20,47.4,948.0
20350,2,3611,24,48.98,1175.52
20350,3,3612,28,50.56,1415.68
20350,4,3613,32,45.82,1466.24
20350,5,3614,36,47.4,1706.4
20350,6,3615,16,48.98,783.68
20350,7,3616,20,50.56,1011.2
20350,8,3617,24,45.82,1099.68
20350,9,3618,28,47.4,1327.2
20350,10,3619,32,48.98,1567.36
20351,1,3620,16,47.4,758.4
20351,2,3621,20,48.98,979.6
20351,3,3622,24,50.56,1213.44
20351,4,3623,28,45.82,1282.96
20351,5,3624,32,47.4,1516.8
20351,6,3625,12,48.98,587.76
20351,7,3626,16,50.56,808.96
20351,8,3627,20,45.82,916.4
20351,9,3628,24,47.4,1137.6
20351,10,3629,28,48.98,1371.44
20352,1,3630,17,47.4,805.8
20352,2,3631,21,48.98,1028.58
20352,3,3632,25,50.56,1264.0
20352,4,3633,29,45.82,1328.78
20352,5,3634,33,47.4,1564.2
20352,6,3635,13,48.98,636.74
20352,7,3636,17,50.56,859.52
20352,8,3637,21,45.82,962.22
20352,9,3638,25,47.4,1185.0
20352,10,3639,29,48.98,1420.42
20353,1,3640,18,47.4,853.2
20353,2,3641,22,48.98,1077.56
20353,3,3642,26,50.56,1314.56
20353,4,3643,30,45.82,1374.6
20353,5,3644,34,47.4,1611.6
20353,6,3645,14,48.98,685.72
20353,7,3646,18,50.56,910.08
20353,8,3647,22,45.82,1008.04
20353,9,3648,26,47.4,1232.4
20353,10,3649,30,48.98,1469.4
20354,1,3650,19,47.4,900.6
20354,2,3651,23,48.98,1126.54
20354,3,3652,27,50.56,1365.12
20354,4,3653,31,45.82,1420.42
20354,5,3654,35,47.4,1659.0
20354,6,3655,15,48.98,734.7
20354,7,3656,19,50.56,960.64
20354,8,3657,23,45.82,1053.86
20354,9,3658,27,47.4,1279.8
20354,10,3659,31,48.98,1518.38
20355,1,3660,20,47.4,948.0
20355,2,3661,24,48.98,1175.52
20355,3,3662,28,50.56,1415.68
20355,4,3663,32,45.82,1466.24
20355,5,3664,36,47.4,1706.4
20355,6,3665,16,48.98,783.68
20355,7,3666,20,50.56,1011.2
20355,8,3667,24,45.82,1099.68
20355,9,3668,28,47.4,1327.2
20355,10,3669,32,48.98,1567.36
20356,1,3670,16,47.4,758.4
20356,2,3671,20,48.98,979.6
20356,3,3672,24,50.56,1213.44
20356,4,3673,28,45.82,1282.96
20356,5,3674,32,47.4,1516.8
20356,6,3675,12,48.98,587.76
20356,7,3676,16,50.56,808.96
20356,8,3677,20,45.82,916.4
20356,9,3678,24,47.4,1137.6
20356,10,3679,28,48.98,1371.44
20357,1,3680,17,47.4,805.8
20357,2,3681,21,48.98,1028.58
20357,3,3682,25,50.56,1264.0
20357,4,3683,29,45.82,1328.78
20357,5,3684,33,47.4,1564.2
20357,6,3685,13,48.98,636.74
20357,7,3686,17,50.56,859.52
20357,8,3687,21,45.82,962.22
20357,9,3688,25,47.4,1185.0
20357,10,3689,29,48.98,1420.42
20358,1,3690,18,47.4,853.2
20358,2,3691,22,48.98,1077.56
20358,3,3692,26,50.56,1314.56
20358,4,3693,30,45.82,1374.6
20358,5,3694,34,47.4,1611.6
20358,6,3695,14,48.98,685.72
20358,7,3696,18,50.56,910.08
20358,8,3697,22,45.82,1008.04
20358,9,3698,26,47.4,1232.4
20358,10,3699,30,48.98,1469.4
20359,1,3700,19,47.4,900.6
20359,2,3701,23,48.98,1126.54
20359,3,3702,27,50.56,1365.12
20359,4,3703,31,45.82,1420.42
20359,5,3704,35,47.4,1659.0
20359,6,3705,15,48.98,734.7
20359,7,3706,19,50.56,960.64
20359,8,3707,23,45.82,1053.86
20359,9,3708,27,47.4,1279.8
20359,10,3709,31,48.98,1518.38
20360,1,3710,20,47.4,948.0
20360,2,3711,24,48.98,1175.52
20360,3,3712,28,50.56,1415.68
20360,4,3713,32,45.82,1466.24
20360,5,3714,36,47.4,1706.4
20360,6,3715,16,48.98,783.68
20360,7,3716,20,50.56,1011.2
20360,8,3717,24,45.82,1099.68
20360,9,3718,28,47.4,1327.2
20360,10,3719,32,48.98,1567.36
20361,1,3720,16,47.4,758.4
20361,2,3721,20,48.98,979.6
20361,3,3722,24,50.56,1213.44
20361,4,3723,28,45.82,1282.96
20361,5,3724,32,47.4,1516.8
20361,6,3725,12,48.98,587.76
20361,7,3726,16,50.56,808.96
20361,8,3727,20,45.82,916.4
20361,9,3728,24,47.4,1137.6
20361,10,3729,28,48.98,1371.44
20362,1,3730,17,47.4,805.8
20362,2,3731,21,48.98,1028.58
20362,3,3732,25,50.56,1264.0
20362,4,3733,29,45.82,1328.78
20362,5,3734,33,47.4,1564.2
20362,6,3735,13,48.98,636.74
20362,7,3736,17,50.56,859.52
20362,8,3737,21,45.82,962.22
20362,9,3738,25,47.4,1185.0
20362,10,3739,29,48.98,1420.42
20363,1,3740,18,47.4,853.2
20363,2,3741,22,48.98,1077.56
20363,3,3742,26,50.56,1314.56
20363,4,3743,30,45.82,1374.6
20363,5,3744,34,47.4,1611.6
20363,6,3745,14,48.98,685.72
20363,7,3746,18,50.56,910.08
20363,8,3747,22,45.82,1008.04
20363,9,3748,26,47.4,1232.4
20363,10,3749,30,48.98,1469.4
20364,1,3750,19,47.4,900.6
20364,2,3751,23,48.98,1126.54
20364,3,3752,27,50.56,1365.12
20364,4,3753,31,45.82,1420.42
20364,5,3754,35,47.4,1659.0
20364,6,3755,15,48.98,734.7
20364,7,3756,19,50.56,960.64
20364,8,3757,23,45.82,1053.86
20364,9,3758,27,47.4,1279.8
20364,10,3759,31,48.98,1518.38
20365,1,3760,20,47.4,948.0
20365,2,3761,24,48.98,1175.52
20365,3,3762,28,50.56,1415.68
20365,4,3763,32,45.82,1466.24
20365,5,3764,36,47.4,1706.4
20365,6,3765,16,48.98,783.68
20365,7,3766,20,50.56,1011.2
20365,8,3767,24,45.82,1099.68
20365,9,3768,28,47.4,1327.2
20365,10,3769,32,48.98,1567.36
20366,1,3770,16,47.4,758.4
20366,2,3771,20,48.98,979.6
20366,3,3772,24,50.56,1213.44
20366,4,3773,28,45.82,1282.96
20366,5,3774,32,47.4,1516.8
20366,6,3775,12,48.98,587.76
20366,7,3776,16,50.56,808.96
20366,8,3777,20,45.82,916.4
20366,9,3778,24,47.4,1137.6
20366,10,3779,28,48.98,1371.44
20367,1,3780,17,47.4,805.8
20367,2,3781,21,48.98,1028.58
20367,3,3782,25,50.56,1264.0
20367,4,3783,29,45.82,1328.78
20367,5,3784,33,47.4,1564.2
20367,6,3785,13,48.98,636.74
20367,7,3786,17,50.56,859.52
20367,8,3787,21,45.82,962.22
20367,9,3788,25,47.4,1185.0
20367,10,3789,29,48.98,1420.42
20368,1,3790,18,47.4,853.2
20368,2,3791,22,48.98,1077.56
20368,3,3792,26,50.56,1314.56
20368,4,3793,30,45.82,1374.6
20368,5,3794,34,47.4,1611.6
20368,6,3795,14,48.98,685.72
20368,7,3796,18,50.56,910.08
20368,8,3797,22,45.82,1008.04
20368,9,3798,26,47.4,1232.4
20368,10,3799,30,48.98,1469.4
20369,1,3800,19,47.4,900.6
20369,2,3801,23,48.98,1126.54
20369,3,3802,27,50.56,1365.12
20369,4,3803,31,45.82,1420.42
20369,5,3804,35,47.4,1659.0
20369,6,3805,15,48.98,734.7
20369,7,3806,19,50.56,960.64
20369,8,3807,23,45.82,1053.86
20369,9,3808,27,47.4,1279.8
20369,10,3809,31,48.98,1518.38
20370,1,3810,20,47.4,948.0
20370,2,3811,24,48.98,1175.52
20370,3,3812,28,50.56,1415.68
20370,4,3813,32,45.82,1466.24
20370,5,3814,36,47.4,1706.4
20370,6,3815,16,48.98,783.68
20370,7,3816,20,50.56,1011.2
20370,8,3817,24,45.82,1099.68
20370,9,3818,28,47.4,1327.2
20370,10,3819,32,48.98,1567.36
20371,1,3820,16,47.4,758.4
20371,2,3821,20,48.98,979.6
20371,3,3822,24,50.56,1213.44
20371,4,3823,28,45.82,1282.96
20371,5,3824,32,47.4,1516.8
20371,6,3825,12,48.98,587.76
20371,7,3826,16,50.56,808.96
20371,8,3827,20,45.82,916.4
20371,9,3828,24,47.4,1137.6
20371,10,3829,28,48.98,1371.44
20372,1,3830,17,47.4,805.8
20372,2,3831,21,48.98,1028.58
20372,3,3832,25,50.56,1264.0
20372,4,3833,29,45.82,1328.78
20372,5,3834,33,47.4,1564.2
20372,6,3835,13,48.98,636.74
20372,7,3836,17,50.56,859.52
20372,8,3837,21,45.82,962.22
20372,9,3838,25,47.4,1185.0
20372,10,3839,29,48.98,1420.42
20373,1,3840,18,47.4,853.2
20373,2,3841,22,48.98,1077.56
20373,3,3842,26,50.56,1314.56
20373,4,3843,30,45.82,1374.6
20373,5,3844,34,47.4,1611.6
20373,6,3845,14,48.98,685.72
20373,7,3846,18,50.56,910.08
20373,8,3847,22,45.82,1008.04
20373,9,3848,26,47.4,1232.4
20373,10,3849,30,48.98,1469.4
20374,1,3850,19,47.4,900.6
20374,2,3851,23,48.98,1126.54
20374,3,3852,27,50.56,1365.12
20374,4,3853,31,45.82,1420.42
20374,5,3854,35,47.4,1659.0
20374,6,3855,15,48.98,734.7
20374,7,3856,19,50.56,960.64
20374,8,3857,23,45.82,1053.86
20374,9,3858,27,47.4,1279.8
20374,10,3859,31,48.98,1518.38
20375,1,3860,20,47.4,948.0
20375,2,3861,24,48.98,1175.52
20375,3,3862,28,50.56,1415.68
20375,4,3863,32,45.82,1466.24
20375,5,3864,36,47.4,1706.4
20375,6,3865,16,48.98,783.68
20375,7,3866,20,50.56,1011.2
20375,8,3867,24,45.82,1099.68
20375,9,3868,28,47.4,1327.2
20375,10,3869,32,48.98,1567.36
20376,1,3870,16,47.4,758.4
20376,2,3871,20,48.98,979.6
20376,3,3872,24,50.56,1213.44
20376,4,3873,28,45.82,1282.96
20376,5,3874,32,47.4,1516.8
20376,6,3875,12,48.98,587.76
20376,7,3876,16,50.56,808.96
20376,8,3877,20,45.82,916.4
20376,9,3878,24,47.4,1137.6
20376,10,3879,28,48.98,1371.44
20377,1,3880,17,47.4,805.8
20377,2,3881,21,48.98,1028.58
20377,3,3882,25,50.56,1264.0
20377,4,3883,29,45.82,1328.78
20377,5,3884,33,47.4,1564.2
20377,6,3885,13,48.98,636.74
20377,7,3886,17,50.56,859.52
20377,8,3887,21,45.82,962.22
20377,9,3888,25,47.4,1185.0
20377,10,3889,29,48.98,1420.42
20378,1,3890,18,47.4,853.2
20378,2,3891,22,48.98,1077.56
20378,3,3892,26,50.56,1314.56
20378,4,3893,30,45.82,1374.6
20378,5,3894,34,47.4,1611.6
20378,6,3895,14,48.98,685.72
20378,7,3896,18,50.56,910.08
20378,8,3897,22,45.82,1008.04
20378,9,3898,26,47.4,1232.4
20378,10,3899,30,48.98,1469.4
20379,1,3900,19,47.4,900.6
20379,2,3901,23,48.98,1126.54
20379,3,3902,27,50.56,1365.12
20379,4,3903,31,45.82,1420.42
20379,5,3904,35,47.4,1659.0
20379,6,3905,15,48.98,734.7
20379,7,3906,19,50.56,960.64
20379,8,3907,23,45.82,1053.86
20379,9,3908,27,47.4,1279.8
20379,10,3909,31,48.98,1518.38
20380,1,3910,20,47.4,948.0
20380,2,3911,24,48.98,1175.52
20380,3,3912,28,50.56,1415.68
20380,4,3913,32,45.82,1466.24
20380,5,3914,36,47.4,1706.4
20380,6,3915,16,48.98,783.68
20380,7,3916,20,50.56,1011.2
20380,8,3917,24,45.82,1099.68
20380,9,3918,28,47.4,1327.2
20380,10,3919,32,48.98,1567.36
20381,1,3920,16,47.4,758.4
20381,2,3921,20,48.98,979.6
20381,3,3922,24,50.56,1213.44
20381,4,3923,28,45.82,1282.96
20381,5,3924,32,47.4,1516.8
20381,6,3925,12,48.98,587.76
20381,7,3926,16,50.56,808.96
20381,8,3927,20,45.82,916.4
20381,9,3928,24,47.4,1137.6
20381,10,3929,28,48.98,1371.44
20382,1,3930,17,47.4,805.8
20382,2,3931,21,48.98,1028.58
20382,3,3932,25,50.56,1264.0
20382,4,3933,29,45.82,1328.78
20382,5,3934,33,47.4,1564.2
20382,6,3935,13,48.98,636.74
20382,7,3936,17,50.56,859.52
20382,8,3937,21,45.82,962.22
20382,9,3938,25,47.4,1185.0
20382,10,3939,29,48.98,1420.42
20383,1,3940,18,47.4,853.2
20383,2,3941,22,48.98,1077.56
20383,3,3942,26,50.56,1314.56
20383,4,3943,30,45.82,1374.6
20383,5,3944,34,47.4,1611.6
20383,6,3945,14,48.98,685.72
20383,7,3946,18,50.56,910.08
20383,8,3947,22,45.82,1008.04
20383,9,3948,26,47.4,1232.4
20383,10,3949,30,48.98,1469.4
20384,1,3950,19,47.4,900.6
20384,2,3951,23,48.98,1126.54
20384,3,3952,27,50.56,1365.12
20384,4,3953,31,45.82,1420.42
20384,5,3954,35,47.4,1659.0
20384,6,3955,15,48.98,734.7
20384,7,3956,19,50.56,960.64
20384,8,3957,23,45.82,1053.86
20384,9,3958,27,47.4,1279.8
20384,10,3959,31,48.98,1518.38
20385,1,3960,20,47.4,948.0
20385,2,3961,24,48.98,1175.52
20385,3,3962,28,50.56,1415.68
20385,4,3963,32,45.82,1466.24
20385,5,3964,36,47.4,1706.4
20385,6,3965,16,48.98,783.68
20385,7,3966,20,50.56,1011.2
20385,8,3967,24,45.82,1099.68
20385,9,3968,28,47.4,1327.2
20385,10,3969,32,48.98,1567.36
20386,1,3970,16,47.4,758.4
20386,2,3971,20,48.98,979.6
20386,3,3972,24,50.56,1213.44
20386,4,3973,28,45.82,1282.96
20386,5,3974,32,47.4,1516.8
20386,6,3975,12,48.98,587.76
20386,7,3976,16,50.56,808.96
20386,8,3977,20,45.82,916.4
20386,9,3978,24,47.4,1137.6
20386,10,3979,28,48.98,1371.44
20387,1,3980,17,47.4,805.8
20387,2,3981,21,48.98,1028.58
20387,3,3982,25,50.56,1264.0
20387,4,3983,29,45.82,1328.78
20387,5,3984,33,47.4,1564.2
20387,6,3985,13,48.98,636.74
20387,7,3986,17,50.56,859.52
20387,8,3987,21,45.82,962.22
20387,9,3988,25,47.4,1185.0
20387,10,3989,29,48.98,1420.42
20388,1,3990,18,47.4,853.2
20388,2,3991,22,48.98,1077.56
20388,3,3992,26,50.56,1314.56
20388,4,3993,30,45.82,1374.6
20388,5,3994,34,47.4,1611.6
20388,6,3995,14,48.98,685.72
20388,7,3996,18,50.56,910.08
20388,8,3997,22,45.82,1008.04
20388,9,3998,26,47.4,1232.4
20388,10,3999,30,48.98,1469.4
20389,1,4000,19,47.4,900.6
20389,2,4001,23,48.98,1126.54
20389,3,4002,27,50.56,1365.12
20389,4,4003,31,45.82,1420.42
20389,5,4004,35,47.4,1659.0
20389,6,4005,15,48.98,734.7
20389,7,4006,19,50.56,960.64
20389,8,4007,23,45.82,1053.86
20389,9,4008,27,47.4,1279.8
20389,10,4009,31,48.98,1518.38
20390,1,4010,20,47.4,948.0
20390,2,4011,24,48.98,1175.52
20390,3,4012,28,50.56,1415.68
20390,4,4013,32,45.82,1466.24
20390,5,4014,36,47.4,1706.4
20390,6,4015,16,48.98,783.68
20390,7,4016,20,50.56,1011.2
20390,8,4017,24,45.82,1099.68
20390,9,4018,28,47.4,1327.2
20390,10,4019,32,48.98,1567.36
20391,1,4020,16,47.4,758.4
20391,2,4021,20,48.98,979.6
20391,3,4022,24,50.56,1213.44
20391,4,4023,28,45.82,1282.96
20391,5,4024,32,47.4,1516.8
20391,6,4025,12,48.98,587.76
20391,7,4026,16,50.56,808.96
20391,8,4027,20,45.82,916.4
20391,9,4028,24,47.4,1137.6
20391,10,4029,28,48.98,1371.44
20392,1,4030,17,47.4,805.8
20392,2,4031,21,48.98,1028.58
20392,3,4032,25,50.56,1264.0
20392,4,4033,29,45.82,1328.78
20392,5,4034,33,47.4,1564.2
20392,6,4035,13,48.98,636.74
20392,7,4036,17,50.56,859.52
20392,8,4037,21,45.82,962.22
20392,9,4038,25,47.4,1185.0
20392,10,4039,29,48.98,1420.42
20393,1,4040,18,47.4,853.2
20393,2,4041,22,48.98,1077.56
20393,3,4042,26,50.56,1314.56
20393,4,4043,30,45.82,1374.6
20393,5,4044,34,47.4,1611.6
20393,6,4045,14,48.98,685.72
20393,7,4046,18,50.56,910.08
20393,8,4047,22,45.82,1008.04
20393,9,4048,26,47.4,1232.4
20393,10,4049,30,48.98,1469.4
20394,1,4050,19,47.4,900.6
20394,2,4051,23,48.98,1126.54
20394,3,4052,27,50.56,1365.12
20394,4,4053,31,45.82,1420.42
20394,5,4054,35,47.4,1659.0
20394,6,4055,15,48.98,734.7
20394,7,4056,19,50.56,960.64
20394,8,4057,23,45.82,1053.86
20394,9,4058,27,47.4,1279.8
20394,10,4059,31,48.98,1518.38
20395,1,4060,20,47.4,948.0
20395,2,4061,24,48.98,1175.52
20395,3,4062,28,50.56,1415.68
20395,4,4063,32,45.82,1466.24
20395,5,4064,36,47.4,1706.4
20395,6,4065,16,48.98,783.68
20395,7,4066,20,50.56,1011.2
20395,8,4067,24,45.82,1099.68
20395,9,4068,28,47.4,1327.2
20395,10,4069,32,48.98,1567.36
20396,1,4070,16,47.4,758.4
20396,2,4071,20,48.98,979.6
20396,3,4072,24,50.56,1213.44
20396,4,4073,28,45.82,1282.96
20396,5,4074,32,47.4,1516.8
20396,6,4075,12,48.98,587.76
20396,7,4076,16,50.56,808.96
20396,8,4077,20,45.82,916.4
20396,9,4078,24,47.4,1137.6
20396,10,4079,28,48.98,1371.44
20397,1,4080,17,47.4,805.8
20397,2,4081,21,48.98,1028.58
20397,3,4082,25,50.56,1264.0
20397,4,4083,29,45.82,1328.78
20397,5,4084,33,47.4,1564.2
20397,6,4085,13,48.98,636.74
20397,7,4086,17,50.56,859.52
20397,8,4087,21,45.82,962.22
20397,9,4088,25,47.4,1185.0
20397,10,4089,29,48.98,1420.42
20398,1,4090,18,47.4,853.2
20398,2,4091,22,48.98,1077.56
20398,3,4092,26,50.56,1314.56
20398,4,4093,30,45.82,1374.6
20398,5,4094,34,47.4,1611.6
20398,6,4095,14,48.98,685.72
20398,7,4096,18,50.56,910.08
20398,8,4097,22,45.82,1008.04
20398,9,4098,26,47.4,1232.4
20398,10,4099,30,48.98,1469.4
20399,1,4100,19,47.4,900.6
20399,2,4101,23,48.98,1126.54
20399,3,4102,27,50.56,1365.12
20399,4,4103,31,45.82,1420.42
20399,5,4104,35,47.4,1659.0
20399,6,4105,15,48.98,734.7
20399,7,4106,19,50.56,960.64
20399,8,4107,23,45.82,1053.86
20399,9,4108,27,47.4,1279.8
20399,10,4109,31,48.98,1518.38
20400,1,4110,20,47.4,948.0
20400,2,4111,24,48.98,1175.52
20400,3,4112,28,50.56,1415.68
20400,4,4113,32,45.82,1466.24
20400,5,4114,36,47.4,1706.4
20400,6,4115,16,48.98,783.68
20400,7,4116,20,50.56,1011.2
20400,8,4117,24,45.82,1099.68
20400,9,4118,28,47.4,1327.2
20400,10,4119,32,48.98,1567.36
20401,1,4120,16,47.4,758.4
20401,2,4121,20,48.98,979.6
20401,3,4122,24,50.56,1213.44
20401,4,4123,28,45.82,1282.96
20401,5,4124,32,47.4,1516.8
20401,6,4125,12,48.98,587.76
20401,7,4126,16,50.56,808.96
20401,8,4127,20,45.82,916.4
20401,9,4128,24,47.4,1137.6
20401,10,4129,28,48.98,1371.44
20402,1,4130,17,47.4,805.8
20402,2,4131,21,48.98,1028.58
20402,3,4132,25,50.56,1264.0
20402,4,4133,29,45.82,1328.78
20402,5,4134,33,47.4,1564.2
20402,6,4135,13,48.98,636.74
20402,7,4136,17,50.56,859.52
20402,8,4137,21,45.82,962.22
20402,9,4138,25,47.4,1185.0
20402,10,4139,29,48.98,1420.42
20403,1,4140,18,47.4,853.2
20403,2,4141,22,48.98,1077.56
20403,3,4142,26,50.56,1314.56
20403,4,4143,30,45.82,1374.6
20403,5,4144,34,47.4,1611.6
20403,6,4145,14,48.98,685.72
20403,7,4146,18,50.56,910.08
20403,8,4147,22,45.82,1008.04
20403,9,4148,26,47.4,1232.4
20403,10,4149,30,48.98,1469.4
20404,1,4150,19,47.4,900.6
20404,2,4151,23,48.98,1126.54
20404,3,4152,27,50.56,1365.12
20404,4,4153,31,45.82,1420.42
20404,5,4154,35,47.4,1659.0
20404,6,4155,15,48.98,734.7
20404,7,4156,19,50.56,960.64
20404,8,4157,23,45.82,1053.86
20404,9,4158,27,47.4,1279.8
20404,10,4159,31,48.98,1518.38
20405,1,4160,20,47.4,948.0
20405,2,4161,24,48.98,1175.52
20405,3,4162,28,50.56,1415.68
20405,4,4163,32,45.82,1466.24
20405,5,4164,36,47.4,1706.4
20405,6,4165,16,48.98,783.68
20405,7,4166,20,50.56,1011.2
20405,8,4167,24,45.82,1099.68
20405,9,4168,28,47.4,1327.2
20405,10,4169,32,48.98,1567.36
20406,1,4170,16,47.4,758.4
20406,2,4171,20,48.98,979.6
20406,3,4172,24,50.56,1213.44
20406,4,4173,28,45.82,1282.96
20406,5,4174,32,47.4,1516.8
20406,6,4175,12,48.98,587.76
20406,7,4176,16,50.56,808.96
20406,8,4177,20,45.82,916.4
20406,9,4178,24,47.4,1137.6
20406,10,4179,28,48.98,1371.44
20407,1,4180,17,47.4,805.8
20407,2,4181,21,48.98,1028.58
20407,3,4182,25,50.56,1264.0
20407,4,4183,29,45.82,1328.78
20407,5,4184,33,47.4,1564.2
20407,6,4185,13,48.98,636.74
20407,7,4186,17,50.56,859.52
20407,8,4187,21,45.82,962.22
20407,9,4188,25,47.4,1185.0
20407,10,4189,29,48.98,1420.42
20408,1,4190,18,47.4,853.2
20408,2,4191,22,48.98,1077.56
20408,3,4192,26,50.56,1314.56
20408,4,4193,30,45.82,1374.6
20408,5,4194,34,47.4,1611.6
20408,6,4195,14,48.98,685.72
20408,7,4196,18,50.56,910.08
20408,8,4197,22,45.82,1008.04
20408,9,4198,26,47.4,1232.4
20408,10,4199,30,48.98,1469.4
20409,1,4200,19,47.4,900.6
20409,2,4201,23,48.98,1126.54
20409,3,4202,27,50.56,1365.12
20409,4,4203,31,45.82,1420.42
20409,5,4204,35,47.4,1659.0
20409,6,4205,15,48.98,734.7
20409,7,4206,19,50.56,960.64
20409,8,4207,23,45.82,1053.86
20409,9,4208,27,47.4,1279.8
20409,10,4209,31,48.98,1518.38
20410,1,4210,20,47.4,948.0
20410,2,4211,24,48.98,1175.52
20410,3,4212,28,50.56,1415.68
20410,4,4213,32,45.82,1466.24
20410,5,4214,36,47.4,1706.4
20410,6,4215,16,48.98,783.68
20410,7,4216,20,50.56,1011.2
20410,8,4217,24,45.82,1099.68
20410,9,4218,28,47.4,1327.2
20410,10,4219,32,48.98,1567.36
20411,1,4220,16,47.4,758.4
20411,2,4221,20,48.98,979.6
20411,3,4222,24,50.56,1213.44
20411,4,4223,28,45.82,1282.96
20411,5,4224,32,47.4,1516.8
20411,6,4225,12,48.98,587.76
20411,7,4226,16,50.56,808.96
20411,8,4227,20,45.82,916.4
20411,9,4228,24,47.4,1137.6
20411,10,4229,28,48.98,1371.44
20412,1,4230,17,47.4,805.8
20412,2,4231,21,48.98,1028.58
20412,3,4232,25,50.56,1264.0
20412,4,4233,29,45.82,1328.78
20412,5,4234,33,47.4,1564.2
20412,6,4235,13,48.98,636.74
20412,7,4236,17,50.56,859.52
20412,8,4237,21,45.82,962.22
20412,9,4238,25,47.4,1185.0
20412,10,4239,29,48.98,1420.42
20413,1,4240,18,47.4,853.2
20413,2,4241,22,48.98,1077.56
20413,3,4242,26,50.56,1314.56
20413,4,4243,30,45.82,1374.6
20413,5,4244,34,47.4,1611.6
20413,6,4245,14,48.98,685.72
20413,7,4246,18,50.56,910.08
20413,8,4247,22,45.82,1008.04
20413,9,4248,26,47.4,1232.4
20413,10,4249,30,48.98,1469.4
20414,1,4250,19,47.4,900.6
20414,2,4251,23,48.98,1126.54
20414,3,4252,27,50.56,1365.12
20414,4,4253,31,45.82,1420.42
20414,5,4254,35,47.4,1659.0
20414,6,4255,15,48.98,734.7
20414,7,4256,19,50.56,960.64
20414,8,4257,23,45.82,1053.86
20414,9,4258,27,47.4,1279.8
20414,10,4259,31,48.98,1518.38
20415,1,4260,20,47.4,948.0
20415,2,4261,24,48.98,1175.52
20415,3,4262,28,50.56,1415.68
20415,4,4263,32,45.82,1466.24
20415,5,4264,36,47.4,1706.4
20415,6,4265,16,48.98,783.68
20415,7,4266,20,50.56,1011.2
20415,8,4267,24,45.82,1099.68
20415,9,4268,28,47.4,1327.2
20415,10,4269,32,48.98,1567.36
20416,1,4270,16,47.4,758.4
20416,2,4271,20,48.98,979.6
20416,3,4272,24,50.56,1213.44
20416,4,4273,28,45.82,1282.96
20416,5,4274,32,47.4,1516.8
20416,6,4275,12,48.98,587.76
20416,7,4276,16,50.56,808.96
20416,8,4277,20,45.82,916.4
20416,9,4278,24,47.4,1137.6
20416,10,4279,28,48.98,1371.44
20417,1,4280,17,47.4,805.8
20417,2,4281,21,48.98,1028.58
20417,3,4282,25,50.56,1264.0
20417,4,4283,29,45.82,1328.78
20417,5,4284,33,47.4,1564.2
20417,6,4285,13,48.98,636.74
20417,7,4286,17,50.56,859.52
20417,8,4287,21,45.82,962.22
20417,9,4288,25,47.4,1185.0
20417,10,4289,29,48.98,1420.42
20418,1,4290,18,47.4,853.2
20418,2,4291,22,48.98,1077.56
20418,3,4292,26,50.56,1314.56
20418,4,4293,30,45.82,1374.6
20418,5,4294,34,47.4,1611.6
20418,6,4295,14,48.98,685.72
20418,7,4296,18,50.56,910.08
20418,8,4297,22,45.82,1008.04
20418,9,4298,26,47.4,1232.4
20418,10,4299,30,48.98,1469.4
20419,1,4300,19,47.4,900.6
20419,2,4301,23,48.98,1126.54
20419,3,4302,27,50.56,1365.12
20419,4,4303,31,45.82,1420.42
20419,5,4304,35,47.4,1659.0
20419,6,4305,15,48.98,734.7
20419,7,4306,19,50.56,960.64
20419,8,4307,23,45.82,1053.86
20419,9,4308,27,47.4,1279.8
20419,10,4309,31,48.98,1518.38
20420,1,4310,20,47.4,948.0
20420,2,4311,24,48.98,1175.52
20420,3,4312,28,50.56,1415.68
20420,4,4313,32,45.82,1466.24
20420,5,4314,36,47.4,1706.4
20420,6,4315,16,48.98,783.68
20420,7,4316,20,50.56,1011.2
20420,8,4317,24,45.82,1099.68
20420,9,4318,28,47.4,1327.2
20420,10,4319,32,48.98,1567.36
20421,1,4320,16,47.4,758.4
20421,2,4321,20,48.98,979.6
20421,3,4322,24,50.56,1213.44
20421,4,4323,28,45.82,1282.96
20421,5,4324,32,47.4,1516.8
20421,6,4325,12,48.98,587.76
20421,7,4326,16,50.56,808.96
20421,8,4327,20,45.82,916.4
20421,9,4328,24,47.4,1137.6
20421,10,4329,28,48.98,1371.44
20422,1,4330,17,47.4,805.8
20422,2,4331,21,48.98,1028.58
20422,3,4332,25,50.56,1264.0
20422,4,4333,29,45.82,1328.78
20422,5,4334,33,47.4,1564.2
20422,6,4335,13,48.98,636.74
20422,7,4336,17,50.56,859.52
20422,8,4337,21,45.82,962.22
20422,9,4338,25,47.4,1185.0
20422,10,4339,29,48.98,1420.42
20423,1,4340,18,47.4,853.2
20423,2,4341,22,48.98,1077.56
20423,3,4342,26,50.56,1314.56
20423,4,4343,30,45.82,1374.6
20423,5,4344,34,47.4,1611.6
20423,6,4345,14,48.98,685.72
20423,7,4346,18,50.56,910.08
20423,8,4347,22,45.82,1008.04
20423,9,4348,26,47.4,1232.4
20423,10,4349,30,48.98,1469.4
20424,1,4350,19,47.4,900.6
20424,2,4351,23,48.98,1126.54
20424,3,4352,27,50.56,1365.12
20424,4,4353,31,45.82,1420.42
20424,5,4354,35,47.4,1659.0
20424,6,4355,15,48.98,734.7
20424,7,4356,19,50.56,960.64
20424,8,4357,23,45.82,1053.86
20424,9,4358,27,47.4,1279.8
20424,10,4359,31,48.98,1518.38
20425,1,4360,20,47.4,948.0
20425,2,4361,24,48.98,1175.52
20425,3,4362,28,50.56,1415.68
20425,4,4363,32,45.82,1466.24
20425,5,4364,36,47.4,1706.4
20425,6,4365,16,48.98,783.68
20425,7,4366,20,50.56,1011.2
20425,8,4367,24,45.82,1099.68
20425,9,4368,28,47.4,1327.2
20425,10,4369,32,48.98,1567.36
20426,1,4370,16,47.4,758.4
20426,2,4371,20,48.98,979.6
20426,3,4372,24,50.56,1213.44
20426,4,4373,28,45.82,1282.96
20426,5,4374,32,47.4,1516.8
20426,6,4375,12,48.98,587.76
20426,7,4376,16,50.56,808.96
20426,8,4377,20,45.82,916.4
20426,9,4378,24,47.4,1137.6
20426,10,4379,28,48.98,1371.44
20427,1,4380,17,47.4,805.8
20427,2,4381,21,48.98,1028.58
20427,3,4382,25,50.56,1264.0
20427,4,4383,29,45.82,1328.78
20427,5,4384,33,47.4,1564.2
20427,6,4385,13,48.98,636.74
20427,7,4386,17,50.56,859.52
20427,8,4387,21,45.82,962.22
20427,9,4388,25,47.4,1185.0
20427,10,4389,29,48.98,1420.42
20428,1,4390,18,47.4,853.2
20428,2,4391,22,48.98,1077.56
20428,3,4392,26,50.56,1314.56
20428,4,4393,30,45.82,1374.6
20428,5,4394,34,47.4,1611.6
20428,6,4395,14,48.98,685.72
20428,7,4396,18,50.56,910.08
20428,8,4397,22,45.82,1008.04
20428,9,4398,26,47.4,1232.4
20428,10,4399,30,48.98,1469.4
20429,1,4400,19,47.4,900.6
20429,2,4401,23,48.98,1126.54
20429,3,4402,27,50.56,1365.12
20429,4,4403,31,45.82,1420.42
20429,5,4404,35,47.4,1659.0
20429,6,4405,15,48.98,734.7
20429,7,4406,19,50.56,960.64
20429,8,4407,23,45.82,1053.86
20429,9,4408,27,47.4,1279.8
20429,10,4409,31,48.98,1518.38
20430,1,4410,20,47.4,948.0
20430,2,4411,24,48.98,1175.52
20430,3,4412,28,50.56,1415.68
20430,4,4413,32,45.82,1466.24
20430,5,4414,36,47.4,1706.4
20430,6,4415,16,48.98,783.68
20430,7,4416,20,50.56,1011.2
20430,8,4417,24,45.82,1099.68
20430,9,4418,28,47.4,1327.2
20430,10,4419,32,48.98,1567.36
20431,1,4420,16,47.4,758.4
20431,2,4421,20,48.98,979.6
20431,3,4422,24,50.56,1213.44
20431,4,4423,28,45.82,1282.96
20431,5,4424,32,47.4,1516.8
20431,6,4425,12,48.98,587.76
20431,7,4426,16,50.56,808.96
20431,8,4427,20,45.82,916.4
20431,9,4428,24,47.4,1137.6
20431,10,4429,28,48.98,1371.44
20432,1,4430,17,47.4,805.8
20432,2,4431,21,48.98,1028.58
20432,3,4432,25,50.56,1264.0
20432,4,4433,29,45.82,1328.78
20432,5,4434,33,47.4,1564.2
20432,6,4435,13,48.98,636.74
20432,7,4436,17,50.56,859.52
20432,8,4437,21,45.82,962.22
20432,9,4438,25,47.4,1185.0
20432,10,4439,29,48.98,1420.42
20433,1,4440,18,47.4,853.2
20433,2,4441,22,48.98,1077.56
20433,3,4442,26,50.56,1314.56
20433,4,4443,30,45.82,1374.6
20433,5,4444,34,47.4,1611.6
20433,6,4445,14,48.98,685.72
20433,7,4446,18,50.56,910.08
20433,8,4447,22,45.82,1008.04
20433,9,4448,26,47.4,1232.4
20433,10,4449,30,48.98,1469.4
20434,1,4450,19,47.4,900.6
20434,2,4451,23,48.98,1126.54
20434,3,4452,27,50.56,1365.12
20434,4,4453,31,45.82,1420.42
20434,5,4454,35,47.4,1659.0
20434,6,4455,15,48.98,734.7
20434,7,4456,19,50.56,960.64
20434,8,4457,23,45.82,1053.86
20434,9,4458,27,47.4,1279.8
20434,10,4459,31,48.98,1518.38
20435,1,4460,20,47.4,948.0
20435,2,4461,24,48.98,1175.52
20435,3,4462,28,50.56,1415.68
20435,4,4463,32,45.82,1466.24
20435,5,4464,36,47.4,1706.4
20435,6,4465,16,48.98,783.68
20435,7,4466,20,50.56,1011.2
20435,8,4467,24,45.82,1099.68
20435,9,4468,28,47.4,1327.2
20435,10,4469,32,48.98,1567.36
20436,1,4470,16,47.4,758.4
20436,2,4471,20,48.98,979.6
20436,3,4472,24,50.56,1213.44
20436,4,4473,28,45.82,1282.96
20436,5,4474,32,47.4,1516.8
20436,6,4475,12,48.98,587.76
20436,7,4476,16,50.56,808.96
20436,8,4477,20,45.82,916.4
20436,9,4478,24,47.4,1137.6
20436,10,4479,28,48.98,1371.44
20437,1,4480,17,47.4,805.8
20437,2,4481,21,48.98,1028.58
20437,3,4482,25,50.56,1264.0
20437,4,4483,29,45.82,1328.78
20437,5,4484,33,47.4,1564.2
20437,6,4485,13,48.98,636.74
20437,7,4486,17,50.56,859.52
20437,8,4487,21,45.82,962.22
20437,9,4488,25,47.4,1185.0
20437,10,4489,29,48.98,1420.42
20438,1,4490,18,47.4,853.2
20438,2,4491,22,48.98,1077.56
20438,3,4492,26,50.56,1314.56
20438,4,4493,30,45.82,1374.6
20438,5,4494,34,47.4,1611.6
20438,6,4495,14,48.98,685.72
20438,7,4496,18,50.56,910.08
20438,8,4497,22,45.82,1008.04
20438,9,4498,26,47.4,1232.4
20438,10,4499,30,48.98,1469.4
20439,1,4500,19,47.4,900.6
20439,2,4501,23,48.98,1126.54
20439,3,4502,27,50.56,1365.12
20439,4,4503,31,45.82,1420.42
20439,5,4504,35,47.4,1659.0
20439,6,4505,15,48.98,734.7
20439,7,4506,19,50.56,960.64
20439,8,4507,23,45.82,1053.86
20439,9,4508,27,47.4,1279.8
20439,10,4509,31,48.98,1518.38
20440,1,4510,20,47.4,948.0
20440,2,4511,24,48.98,1175.52
20440,3,4512,28,50.56,1415.68
20440,4,4513,32,45.82,1466.24
20440,5,4514,36,47.4,1706.4
20440,6,4515,16,48.98,783.68
20440,7,4516,20,50.56,1011.2
20440,8,4517,24,45.82,1099.68
20440,9,4518,28,47.4,1327.2
20440,10,4519,32,48.98,1567.36
20441,1,4520,16,47.4,758.4
20441,2,4521,20,48.98,979.6
20441,3,4522,24,50.56,1213.44
20441,4,4523,28,45.82,1282.96
20441,5,4524,32,47.4,1516.8
20441,6,4525,12,48.98,587.76
20441,7,4526,16,50.56,808.96
20441,8,4527,20,45.82,916.4
20441,9,4528,24,47.4,1137.6
20441,10,4529,28,48.98,1371.44
20442,1,4530,17,47.4,805.8
20442,2,4531,21,48.98,1028.58
20442,3,4532,25,50.56,1264.0
20442,4,4533,29,45.82,1328.78
20442,5,4534,33,47.4,1564.2
20442,6,4535,13,48.98,636.74
20442,7,4536,17,50.56,859.52
20442,8,4537,21,45.82,962.22
20442,9,4538,25,47.4,1185.0
20442,10,4539,29,48.98,1420.42
20443,1,4540,18,47.4,853.2
20443,2,4541,22,48.98,1077.56
20443,3,4542,26,50.56,1314.56
20443,4,4543,30,45.82,1374.6
20443,5,4544,34,47.4,1611.6
20443,6,4545,14,48.98,685.72
20443,7,4546,18,50.56,910.08
20443,8,4547,22,45.82,1008.04
20443,9,4548,26,47.4,1232.4
20443,10,4549,30,48.98,1469.4
20444,1,4550,19,47.4,900.6
20444,2,4551,23,48.98,1126.54
20444,3,4552,27,50.56,1365.12
20444,4,4553,31,45.82,1420.42
20444,5,4554,35,47.4,1659.0
20444,6,4555,15,48.98,734.7
20444,7,4556,19,50.56,960.64
20444,8,4557,23,45.82,1053.86
20444,9,4558,27,47.4,1279.8
20444,10,4559,31,48.98,1518.38
20445,1,4560,20,47.4,948.0
20445,2,4561,24,48.98,1175.52
20445,3,4562,28,50.56,1415.68
20445,4,4563,32,45.82,1466.24
20445,5,4564,36,47.4,1706.4
20445,6,4565,16,48.98,783.68
20445,7,4566,20,50.56,1011.2
20445,8,4567,24,45.82,1099.68
20445,9,4568,28,47.4,1327.2
20445,10,4569,32,48.98,1567.36
20446,1,4570,16,47.4,758.4
20446,2,4571,20,48.98,979.6
20446,3,4572,24,50.56,1213.44
20446,4,4573,28,45.82,1282.96
20446,5,4574,32,47.4,1516.8
20446,6,4575,12,48.98,587.76
20446,7,4576,16,50.56,808.96
20446,8,4577,20,45.82,916.4
20446,9,4578,24,47.4,1137.6
20446,10,4579,28,48.98,1371.44
20447,1,4580,17,47.4,805.8
20447,2,4581,21,48.98,1028.58
20447,3,4582,25,50.56,1264.0
20447,4,4583,29,45.82,1328.78
20447,5,4584,33,47.4,1564.2
20447,6,4585,13,48.98,636.74
20447,7,4586,17,50.56,859.52
20447,8,4587,21,45.82,962.22
20447,9,4588,25,47.4,1185.0
20447,10,4589,29,48.98,1420.42
20448,1,4590,18,47.4,853.2
20448,2,4591,22,48.98,1077.56
20448,3,4592,26,50.56,1314.56
20448,4,4593,30,45.82,1374.6
20448,5,4594,34,47.4,1611.6
20448,6,4595,14,48.98,685.72
20448,7,4596,18,50.56,910.08
20448,8,4597,22,45.82,1008.04
20448,9,4598,26,47.4,1232.4
20448,10,4599,30,48.98,1469.4
20449,1,4600,19,47.4,900.6
20449,2,4601,23,48.98,1126.54
20449,3,4602,27,50.56,1365.12
20449,4,4603,31,45.82,1420.42
20449,5,4604,35,47.4,1659.0
20449,6,4605,15,48.98,734.7
20449,7,4606,19,50.56,960.64
20449,8,4607,23,45.82,1053.86
20449,9,4608,27,47.4,1279.8
20449,10,4609,31,48.98,1518.38
20450,1,4610,20,47.4,948.0
20450,2,4611,24,48.98,1175.52
20450,3,4612,28,50.56,1415.68
20450,4,4613,32,45.82,1466.24
20450,5,4614,36,47.4,1706.4
20450,6,4615,16,48.98,783.68
20450,7,4616,20,50.56,1011.2
20450,8,4617,24,45.82,1099.68
20450,9,4618,28,47.4,1327.2
20450,10,4619,32,48.98,1567.36
20451,1,4620,16,47.4,758.4
20451,2,4621,20,48.98,979.6
20451,3,4622,24,50.56,1213.44
20451,4,4623,28,45.82,1282.96
20451,5,4624,32,47.4,1516.8
20451,6,4625,12,48.98,587.76
20451,7,4626,16,50.56,808.96
20451,8,4627,20,45.82,916.4
20451,9,4628,24,47.4,1137.6
20451,10,4629,28,48.98,1371.44
20452,1,4630,17,47.4,805.8
20452,2,4631,21,48.98,1028.58
20452,3,4632,25,50.56,1264.0
20452,4,4633,29,45.82,1328.78
20452,5,4634,33,47.4,1564.2
20452,6,4635,13,48.98,636.74
20452,7,4636,17,50.56,859.52
20452,8,4637,21,45.82,962.22
20452,9,4638,25,47.4,1185.0
20452,10,4639,29,48.98,1420.42
20453,1,4640,18,47.4,853.2
20453,2,4641,22,48.98,1077.56
20453,3,4642,26,50.56,1314.56
20453,4,4643,30,45.82,1374.6
20453,5,4644,34,47.4,1611.6
20453,6,4645,14,48.98,685.72
20453,7,4646,18,50.56,910.08
20453,8,4647,22,45.82,1008.04
20453,9,4648,26,47.4,1232.4
20453,10,4649,30,48.98,1469.4
20454,1,4650,19,47.4,900.6
20454,2,4651,23,48.98,1126.54
20454,3,4652,27,50.56,1365.12
20454,4,4653,31,45.82,1420.42
20454,5,4654,35,47.4,1659.0
20454,6,4655,15,48.98,734.7
20454,7,4656,19,50.56,960.64
20454,8,4657,23,45.82,1053.86
20454,9,4658,27,47.4,1279.8
20454,10,4659,31,48.98,1518.38
20455,1,4660,20,47.4,948.0
20455,2,4661,24,48.98,1175.52
20455,3,4662,28,50.56,1415.68
20455,4,4663,32,45.82,1466.24
20455,5,4664,36,47.4,1706.4
20455,6,4665,16,48.98,783.68
20455,7,4666,20,50.56,1011.2
20455,8,4667,24,45.82,1099.68
20455,9,4668,28,47.4,1327.2
20455,10,4669,32,48.98,1567.36
20456,1,4670,16,47.4,758.4
20456,2,4671,20,48.98,979.6
20456,3,4672,24,50.56,1213.44
20456,4,4673,28,45.82,1282.96
20456,5,4674,32,47.4,1516.8
20456,6,4675,12,48.98,587.76
20456,7,4676,16,50.56,808.96
20456,8,4677,20,45.82,916.4
20456,9,4678,24,47.4,1137.6
20456,10,4679,28,48.98,1371.44
20457,1,4680,17,47.4,805.8
20457,2,4681,21,48.98,1028.58
20457,3,4682,25,50.56,1264.0
20457,4,4683,29,45.82,1328.78
20457,5,4684,33,47.4,1564.2
20457,6,4685,13,48.98,636.74
20457,7,4686,17,50.56,859.52
20457,8,4687,21,45.82,962.22
20457,9,4688,25,47.4,1185.0
20457,10,4689,29,48.98,1420.42
20458,1,4690,18,47.4,853.2
20458,2,4691,22,48.98,1077.56
20458,3,4692,26,50.56,1314.56
20458,4,4693,30,45.82,1374.6
20458,5,4694,34,47.4,1611.6
20458,6,4695,14,48.98,685.72
20458,7,4696,18,50.56,910.08
20458,8,4697,22,45.82,1008.04
20458,9,4698,26,47.4,1232.4
20458,10,4699,30,48.98,1469.4
20459,1,4700,19,47.4,900.6
20459,2,4701,23,48.98,1126.54
20459,3,4702,27,50.56,1365.12
20459,4,4703,31,45.82,1420.42
20459,5,4704,35,47.4,1659.0
20459,6,4705,15,48.98,734.7
20459,7,4706,19,50.56,960.64
20459,8,4707,23,45.82,1053.86
20459,9,4708,27,47.4,1279.8
20459,10,4709,31,48.98,1518.38
20460,1,4710,20,47.4,948.0
20460,2,4711,24,48.98,1175.52
20460,3,4712,28,50.56,1415.68
20460,4,4713,32,45.82,1466.24
20460,5,4714,36,47.4,1706.4
20460,6,4715,16,48.98,783.68
20460,7,4716,20,50.56,1011.2
20460,8,4717,24,45.82,1099.68
20460,9,4718,28,47.4,1327.2
20460,10,4719,32,48.98,1567.36
20461,1,4720,16,47.4,758.4
20461,2,4721,20,48.98,979.6
20461,3,4722,24,50.56,1213.44
20461,4,4723,28,45.82,1282.96
20461,5,4724,32,47.4,1516.8
20461,6,4725,12,48.98,587.76
20461,7,4726,16,50.56,808.96
20461,8,4727,20,45.82,916.4
20461,9,4728,24,47.4,1137.6
20461,10,4729,28,48.98,1371.44
20462,1,4730,17,47.4,805.8
20462,2,4731,21,48.98,1028.58
20462,3,4732,25,50.56,1264.0
20462,4,4733,29,45.82,1328.78
20462,5,4734,33,47.4,1564.2
20462,6,4735,13,48.98,636.74
20462,7,4736,17,50.56,859.52
20462,8,4737,21,45.82,962.22
20462,9,4738,25,47.4,1185.0
20462,10,4739,29,48.98,1420.42
20463,1,4740,18,47.4,853.2
20463,2,4741,22,48.98,1077.56
20463,3,4742,26,50.56,1314.56
20463,4,4743,30,45.82,1374.6
20463,5,4744,34,47.4,1611.6
20463,6,4745,14,48.98,685.72
20463,7,4746,18,50.56,910.08
20463,8,4747,22,45.82,1008.04
20463,9,4748,26,47.4,1232.4
20463,10,4749,30,48.98,1469.4
20464,1,4750,19,47.4,900.6
20464,2,4751,23,48.98,1126.54
20464,3,4752,27,50.56,1365.12
20464,4,4753,31,45.82,1420.42
20464,5,4754,35,47.4,1659.0
20464,6,4755,15,48.98,734.7
20464,7,4756,19,50.56,960.64
20464,8,4757,23,45.82,1053.86
20464,9,4758,27,47.4,1279.8
20464,10,4759,31,48.98,1518.38
20465,1,4760,20,47.4,948.0
20465,2,4761,24,48.98,1175.52
20465,3,4762,28,50.56,1415.68
20465,4,4763,32,45.82,1466.24
20465,5,4764,36,47.4,1706.4
20465,6,4765,16,48.98,783.68
20465,7,4766,20,50.56,1011.2
20465,8,4767,24,45.82,1099.68
20465,9,4768,28,47.4,1327.2
20465,10,4769,32,48.98,1567.36
20466,1,4770,16,47.4,758.4
20466,2,4771,20,48.98,979.6
20466,3,4772,24,50.56,1213.44
20466,4,4773,28,45.82,1282.96
20466,5,4774,32,47.4,1516.8
20466,6,4775,12,48.98,587.76
20466,7,4776,16,50.56,808.96
20466,8,4777,20,45.82,916.4
20466,9,4778,24,47.4,1137.6
20466,10,4779,28,48.98,1371.44
20467,1,4780,17,47.4,805.8
20467,2,4781,21,48.98,1028.58
20467,3,4782,25,50.56,1264.0
20467,4,4783,29,45.82,1328.78
20467,5,4784,33,47.4,1564.2
20467,6,4785,13,48.98,636.74
20467,7,4786,17,50.56,859.52
20467,8,4787,21,45.82,962.22
20467,9,4788,25,47.4,1185.0
20467,10,4789,29,48.98,1420.42
20468,1,4790,18,47.4,853.2
20468,2,4791,22,48.98,1077.56
20468,3,4792,26,50.56,1314.56
20468,4,4793,30,45.82,1374.6
20468,5,4794,34,47.4,1611.6
20468,6,4795,14,48.98,685.72
20468,7,4796,18,50.56,910.08
20468,8,4797,22,45.82,1008.04
20468,9,4798,26,47.4,1232.4
20468,10,4799,30,48.98,1469.4
20469,1,4800,19,47.4,900.6
20469,2,4801,23,48.98,1126.54
20469,3,4802,27,50.56,1365.12
20469,4,4803,31,45.82,1420.42
20469,5,4804,35,47.4,1659.0
20469,6,4805,15,48.98,734.7
20469,7,4806,19,50.56,960.64
20469,8,4807,23,45.82,1053.86
20469,9,4808,27,47.4,1279.8
20469,10,4809,31,48.98,1518.38
20470,1,4810,20,47.4,948.0
20470,2,4811,24,48.98,1175.52
20470,3,4812,28,50.56,1415.68
20470,4,4813,32,45.82,1466.24
20470,5,4814,36,47.4,1706.4
20470,6,4815,16,48.98,783.68
20470,7,4816,20,50.56,1011.2
20470,8,4817,24,45.82,1099.68
20470,9,4818,28,47.4,1327.2
20470,10,4819,32,48.98,1567.36
20471,1,4820,16,47.4,758.4
20471,2,4821,20,48.98,979.6
20471,3,4822,24,50.56,1213.44
20471,4,4823,28,45.82,1282.96
20471,5,4824,32,47.4,1516.8
20471,6,4825,12,48.98,587.76
20471,7,4826,16,50.56,808.96
20471,8,4827,20,45.82,916.4
20471,9,4828,24,47.4,1137.6
20471,10,4829,28,48.98,1371.44
20472,1,4830,17,47.4,805.8
20472,2,4831,21,48.98,1028.58
20472,3,4832,25,50.56,1264.0
20472,4,4833,29,45.82,1328.78
20472,5,4834,33,47.4,1564.2
20472,6,4835,13,48.98,636.74
20472,7,4836,17,50.56,859.52
20472,8,4837,21,45.82,962.22
20472,9,4838,25,47.4,1185.0
20472,10,4839,29,48.98,1420.42
20473,1,4840,18,47.4,853.2
20473,2,4841,22,48.98,1077.56
20473,3,4842,26,50.56,1314.56
20473,4,4843,30,45.82,1374.6
20473,5,4844,34,47.4,1611.6
20473,6,4845,14,48.98,685.72
20473,7,4846,18,50.56,910.08
20473,8,4847,22,45.82,1008.04
20473,9,4848,26,47.4,1232.4
20473,10,4849,30,48.98,1469.4
20474,1,4850,19,47.4,900.6
20474,2,4851,23,48.98,1126.54
20474,3,4852,27,50.56,1365.12
20474,4,4853,31,45.82,1420.42
20474,5,4854,35,47.4,1659.0
20474,6,4855,15,48.98,734.7
20474,7,4856,19,50.56,960.64
20474,8,4857,23,45.82,1053.86
20474,9,4858,27,47.4,1279.8
20474,10,4859,31,48.98,1518.38
20475,1,4860,20,47.4,948.0
20475,2,4861,24,48.98,1175.52
20475,3,4862,28,50.56,1415.68
20475,4,4863,32,45.82,1466.24
20475,5,4864,36,47.4,1706.4
20475,6,4865,16,48.98,783.68
20475,7,4866,20,50.56,1011.2
20475,8,4867,24,45.82,1099.68
20475,9,4868,28,47.4,1327.2
20475,10,4869,32,48.98,1567.36
20476,1,4870,16,47.4,758.4
20476,2,4871,20,48.98,979.6
20476,3,4872,24,50.56,1213.44
20476,4,4873,28,45.82,1282.96
20476,5,4874,32,47.4,1516.8
20476,6,4875,12,48.98,587.76
20476,7,4876,16,50.56,808.96
20476,8,4877,20,45.82,916.4
20476,9,4878,24,47.4,1137.6
20476,10,4879,28,48.98,1371.44
20477,1,4880,17,47.4,805.8
20477,2,4881,21,48.98,1028.58
20477,3,4882,25,50.56,1264.0
20477,4,4883,29,45.82,1328.78
20477,5,4884,33,47.4,1564.2
20477,6,4885,13,48.98,636.74
20477,7,4886,17,50.56,859.52
20477,8,4887,21,45.82,962.22
20477,9,4888,25,47.4,1185.0
20477,10,4889,29,48.98,1420.42
20478,1,4890,18,47.4,853.2
20478,2,4891,22,48.98,1077.56
20478,3,4892,26,50.56,1314.56
20478,4,4893,30,45.82,1374.6
20478,5,4894,34,47.4,1611.6
20478,6,4895,14,48.98,685.72
20478,7,4896,18,50.56,910.08
20478,8,4897,22,45.82,1008.04
20478,9,4898,26,47.4,1232.4
20478,10,4899,30,48.98,1469.4
20479,1,4900,19,47.4,900.6
20479,2,4901,23,48.98,1126.54
20479,3,4902,27,50.56,1365.12
20479,4,4903,31,45.82,1420.42
20479,5,4904,35,47.4,1659.0
20479,6,4905,15,48.98,734.7
20479,7,4906,19,50.56,960.64
20479,8,4907,23,45.82,1053.86
20479,9,4908,27,47.4,1279.8
20479,10,4909,31,48.98,1518.38
20480,1,4910,20,47.4,948.0
20480,2,4911,24,48.98,1175.52
20480,3,4912,28,50.56,1415.68
20480,4,4913,32,45.82,1466.24
20480,5,4914,36,47.4,1706.4
20480,6,4915,16,48.98,783.68
20480,7,4916,20,50.56,1011.2
20480,8,4917,24,45.82,1099.68
20480,9,4918,28,47.4,1327.2
20480,10,4919,32,48.98,1567.36
20481,1,4920,16,47.4,758.4
20481,2,4921,20,48.98,979.6
20481,3,4922,24,50.56,1213.44
20481,4,4923,28,45.82,1282.96
20481,5,4924,32,47.4,1516.8
20481,6,4925,12,48.98,587.76
20481,7,4926,16,50.56,808.96
20481,8,4927,20,45.82,916.4
20481,9,4928,24,47.4,1137.6
20481,10,4929,28,48.98,1371.44
20482,1,4930,17,47.4,805.8
20482,2,4931,21,48.98,1028.58
20482,3,4932,25,50.56,1264.0
20482,4,4933,29,45.82,1328.78
20482,5,4934,33,47.4,1564.2
20482,6,4935,13,48.98,636.74
20482,7,4936,17,50.56,859.52
20482,8,4937,21,45.82,962.22
20482,9,4938,25,47.4,1185.0
20482,10,4939,29,48.98,1420.42
20483,1,4940,18,47.4,853.2
20483,2,4941,22,48.98,1077.56
20483,3,4942,26,50.56,1314.56
20483,4,4943,30,45.82,1374.6
20483,5,4944,34,47.4,1611.6
20483,6,4945,14,48.98,685.72
20483,7,4946,18,50.56,910.08
20483,8,4947,22,45.82,1008.04
20483,9,4948,26,47.4,1232.4
20483,10,4949,30,48.98,1469.4
20484,1,4950,19,47.4,900.6
20484,2,4951,23,48.98,1126.54
20484,3,4952,27,50.56,1365.12
20484,4,4953,31,45.82,1420.42
20484,5,4954,35,47.4,1659.0
20484,6,4955,15,48.98,734.7
20484,7,4956,19,50.56,960.64
20484,8,4957,23,45.82,1053.86
20484,9,4958,27,47.4,1279.8
20484,10,4959,31,48.98,1518.38
20485,1,4960,20,47.4,948.0
20485,2,4961,24,48.98,1175.52
20485,3,4962,28,50.56,1415.68
20485,4,4963,32,45.82,1466.24
20485,5,4964,36,47.4,1706.4
20485,6,4965,16,48.98,783.68
20485,7,4966,20,50.56,1011.2
20485,8,4967,24,45.82,1099.68
20485,9,4968,28,47.4,1327.2
20485,10,4969,32,48.98,1567.36
20486,1,4970,16,47.4,758.4
20486,2,4971,20,48.98,979.6
20486,3,4972,24,50.56,1213.44
20486,4,4973,28,45.82,1282.96
20486,5,4974,32,47.4,1516.8
20486,6,4975,12,48.98,587.76
20486,7,4976,16,50.56,808.96
20486,8,4977,20,45.82,916.4
20486,9,4978,24,47.4,1137.6
20486,10,4979,28,48.98,1371.44
20487,1,4980,17,47.4,805.8
20487,2,4981,21,48.98,1028.58
20487,3,4982,25,50.56,1264.0
20487,4,4983,29,45.82,1328.78
20487,5,4984,33,47.4,1564.2
20487,6,4985,13,48.98,636.74
20487,7,4986,17,50.56,859.52
20487,8,4987,21,45.82,962.22
20487,9,4988,25,47.4,1185.0
20487,10,4989,29,48.98,1420.42
20488,1,4990,18,47.4,853.2
20488,2,4991,22,48.98,1077.56
20488,3,4992,26,50.56,1314.56
20488,4,4993,30,45.82,1374.6
20488,5,4994,34,47.4,1611.6
20488,6,4995,14,48.98,685.72
20488,7,4996,18,50.56,910.08
20488,8,4997,22,45.82,1008.04
20488,9,4998,26,47.4,1232.4
20488,10,4999,30,48.98,1469.4
20489,1,5000,19,47.4,900.6
20489,2,5001,23,48.98,1126.54
20489,3,5002,27,50.56,1365.12
20489,4,5003,31,45.82,1420.42
20489,5,5004,35,47.4,1659.0
20489,6,5005,15,48.98,734.7
20489,7,5006,19,50.56,960.64
20489,8,5007,23,45.82,1053.86
20489,9,5008,27,47.4,1279.8
20489,10,5009,31,48.98,1518.38
20490,1,5010,20,47.4,948.0
20490,2,5011,24,48.98,1175.52
20490,3,5012,28,50.56,1415.68
20490,4,5013,32,45.82,1466.24
20490,5,5014,36,47.4,1706.4
20490,6,5015,16,48.98,783.68
20490,7,5016,20,50.56,1011.2
20490,8,5017,24,45.82,1099.68
20490,9,5018,28,47.4,1327.2
20490,10,5019,32,48.98,1567.36
20491,1,5020,16,47.4,758.4
20491,2,5021,20,48.98,979.6
20491,3,5022,24,50.56,1213.44
20491,4,5023,28,45.82,1282.96
20491,5,5024,32,47.4,1516.8
20491,6,5025,12,48.98,587.76
20491,7,5026,16,50.56,808.96
20491,8,5027,20,45.82,916.4
20491,9,5028,24,47.4,1137.6
20491,10,5029,28,48.98,1371.44
20492,1,5030,17,47.4,805.8
20492,2,5031,21,48.98,1028.58
20492,3,5032,25,50.56,1264.0
20492,4,5033,29,45.82,1328.78
20492,5,5034,33,47.4,1564.2
20492,6,5035,13,48.98,636.74
20492,7,5036,17,50.56,859.52
20492,8,5037,21,45.82,962.22
20492,9,5038,25,47.4,1185.0
20492,10,5039,29,48.98,1420.42
20493,1,5040,18,47.4,853.2
20493,2,5041,22,48.98,1077.56
20493,3,5042,26,50.56,1314.56
20493,4,5043,30,45.82,1374.6
20493,5,5044,34,47.4,1611.6
20493,6,5045,14,48.98,685.72
20493,7,5046,18,50.56,910.08
20493,8,5047,22,45.82,1008.04
20493,9,5048,26,47.4,1232.4
20493,10,5049,30,48.98,1469.4
20494,1,5050,19,47.4,900.6
20494,2,5051,23,48.98,1126.54
20494,3,5052,27,50.56,1365.12
20494,4,5053,31,45.82,1420.42
20494,5,5054,35,47.4,1659.0
20494,6,5055,15,48.98,734.7
20494,7,5056,19,50.56,960.64
20494,8,5057,23,45.82,1053.86
20494,9,5058,27,47.4,1279.8
20494,10,5059,31,48.98,1518.38
20495,1,5060,20,47.4,948.0
20495,2,5061,24,48.98,1175.52
20495,3,5062,28,50.56,1415.68
20495,4,5063,32,45.82,1466.24
20495,5,5064,36,47.4,1706.4
20495,6,5065,16,48.98,783.68
20495,7,5066,20,50.56,1011.2
20495,8,5067,24,45.82,1099.68
20495,9,5068,28,47.4,1327.2
20495,10,5069,32,48.98,1567.36
20496,1,5070,16,47.4,758.4
20496,2,5071,20,48.98,979.6
20496,3,5072,24,50.56,1213.44
20496,4,5073,28,45.82,1282.96
20496,5,5074,32,47.4,1516.8
20496,6,5075,12,48.98,587.76
20496,7,5076,16,50.56,808.96
20496,8,5077,20,45.82,916.4
20496,9,5078,24,47.4,1137.6
20496,10,5079,28,48.98,1371.44
20497,1,5080,17,47.4,805.8
20497,2,5081,21,48.98,1028.58
20497,3,5082,25,50.56,1264.0
20497,4,5083,29,45.82,1328.78
20497,5,5084,33,47.4,1564.2
20497,6,5085,13,48.98,636.74
20497,7,5086,17,50.56,859.52
20497,8,5087,21,45.82,962.22
20497,9,5088,25,47.4,1185.0
20497,10,5089,29,48.98,1420.42
20498,1,5090,18,47.4,853.2
20498,2,5091,22,48.98,1077.56
20498,3,5092,26,50.56,1314.56
20498,4,5093,30,45.82,1374.6
20498,5,5094,34,47.4,1611.6
20498,6,5095,14,48.98,685.72
20498,7,5096,18,50.56,910.08
20498,8,5097,22,45.82,1008.04
20498,9,5098,26,47.4,1232.4
20498,10,5099,30,48.98,1469.4
20499,1,5100,19,47.4,900.6
20499,2,5101,23,48.98,1126.54
20499,3,5102,27,50.56,1365.12
20499,4,5103,31,45.82,1420.42
20499,5,5104,35,47.4,1659.0
20499,6,5105,15,48.98,734.7
20499,7,5106,19,50.56,960.64
20499,8,5107,23,45.82,1053.86
20499,9,5108,27,47.4,1279.8
20499,10,5109,31,48.98,1518.38
20500,1,5110,20,47.4,948.0
20500,2,5111,24,48.98,1175.52
20500,3,5112,28,50.56,1415.68
20500,4,5113,32,45.82,1466.24
20500,5,5114,36,47.4,1706.4
20500,6,5115,16,48.98,783.68
20500,7,5116,20,50.56,1011.2
20500,8,5117,24,45.82,1099.68
20500,9,5118,28,47.4,1327.2
20500,10,5119,32,48.98,1567.36
