stock_in_id,line_no,product_id,quantity,unit_cost,line_amount
1,1,1,20,54.00,1080.00
2,1,2,30,78.00,2340.00
30001,1,120,19,48.98,930.62
30001,2,121,24,50.56,1213.44
30001,3,122,29,47.4,1374.6
30001,4,123,34,48.98,1665.32
30001,5,124,14,50.56,707.84
30001,6,125,19,47.4,900.6
30001,7,126,24,48.98,1175.52
30001,8,127,29,50.56,1466.24
30001,9,128,34,47.4,1611.6
30001,10,129,14,48.98,685.72
30002,1,130,20,48.98,979.6
30002,2,131,25,50.56,1264.0
30002,3,132,30,47.4,1422.0
30002,4,133,35,48.98,1714.3
30002,5,134,15,50.56,758.4
30002,6,135,20,47.4,948.0
30002,7,136,25,48.98,1224.5
30002,8,137,30,50.56,1516.8
30002,9,138,35,47.4,1659.0
30002,10,139,15,48.98,734.7
30003,1,150,22,48.98,1077.56
30003,2,151,27,50.56,1365.12
30003,3,152,32,47.4,1516.8
30003,4,153,37,48.98,1812.26
30003,5,154,17,50.56,859.52
30003,6,155,22,47.4,1042.8
30003,7,156,27,48.98,1322.46
30003,8,157,32,50.56,1617.92
30003,9,158,37,47.4,1753.8
30003,10,159,17,48.98,832.66
30004,1,160,19,48.98,930.62
30004,2,161,24,50.56,1213.44
30004,3,162,29,47.4,1374.6
30004,4,163,34,48.98,1665.32
30004,5,164,14,50.56,707.84
30004,6,165,19,47.4,900.6
30004,7,166,24,48.98,1175.52
30004,8,167,29,50.56,1466.24
30004,9,168,34,47.4,1611.6
30004,10,169,14,48.98,685.72
30005,1,170,20,48.98,979.6
30005,2,171,25,50.56,1264.0
30005,3,172,30,47.4,1422.0
30005,4,173,35,48.98,1714.3
30005,5,174,15,50.56,758.4
30005,6,175,20,47.4,948.0
30005,7,176,25,48.98,1224.5
30005,8,177,30,50.56,1516.8
30005,9,178,35,47.4,1659.0
30005,10,179,15,48.98,734.7
30006,1,180,21,48.98,1028.58
30006,2,181,26,50.56,1314.56
30006,3,182,31,47.4,1469.4
30006,4,183,36,48.98,1763.28
30006,5,184,16,50.56,808.96
30006,6,185,21,47.4,995.4
30006,7,186,26,48.98,1273.48
30006,8,187,31,50.56,1567.36
30006,9,188,36,47.4,1706.4
30006,10,189,16,48.98,783.68
30007,1,200,19,48.98,930.62
30007,2,201,24,50.56,1213.44
30007,3,202,29,47.4,1374.6
30007,4,203,34,48.98,1665.32
30007,5,204,14,50.56,707.84
30007,6,205,19,47.4,900.6
30007,7,206,24,48.98,1175.52
30007,8,207,29,50.56,1466.24
30007,9,208,34,47.4,1611.6
30007,10,209,14,48.98,685.72
30008,1,210,20,48.98,979.6
30008,2,211,25,50.56,1264.0
30008,3,212,30,47.4,1422.0
30008,4,213,35,48.98,1714.3
30008,5,214,15,50.56,758.4
30008,6,215,20,47.4,948.0
30008,7,216,25,48.98,1224.5
30008,8,217,30,50.56,1516.8
30008,9,218,35,47.4,1659.0
30008,10,219,15,48.98,734.7
30009,1,220,21,48.98,1028.58
30009,2,221,26,50.56,1314.56
30009,3,222,31,47.4,1469.4
30009,4,223,36,48.98,1763.28
30009,5,224,16,50.56,808.96
30009,6,225,21,47.4,995.4
30009,7,226,26,48.98,1273.48
30009,8,227,31,50.56,1567.36
30009,9,228,36,47.4,1706.4
30009,10,229,16,48.98,783.68
30010,1,230,22,48.98,1077.56
30010,2,231,27,50.56,1365.12
30010,3,232,32,47.4,1516.8
30010,4,233,37,48.98,1812.26
30010,5,234,17,50.56,859.52
30010,6,235,22,47.4,1042.8
30010,7,236,27,48.98,1322.46
30010,8,237,32,50.56,1617.92
30010,9,238,37,47.4,1753.8
30010,10,239,17,48.98,832.66
30011,1,250,20,48.98,979.6
30011,2,251,25,50.56,1264.0
30011,3,252,30,47.4,1422.0
30011,4,253,35,48.98,1714.3
30011,5,254,15,50.56,758.4
30011,6,255,20,47.4,948.0
30011,7,256,25,48.98,1224.5
30011,8,257,30,50.56,1516.8
30011,9,258,35,47.4,1659.0
30011,10,259,15,48.98,734.7
30012,1,260,21,48.98,1028.58
30012,2,261,26,50.56,1314.56
30012,3,262,31,47.4,1469.4
30012,4,263,36,48.98,1763.28
30012,5,264,16,50.56,808.96
30012,6,265,21,47.4,995.4
30012,7,266,26,48.98,1273.48
30012,8,267,31,50.56,1567.36
30012,9,268,36,47.4,1706.4
30012,10,269,16,48.98,783.68
30013,1,270,22,48.98,1077.56
30013,2,271,27,50.56,1365.12
30013,3,272,32,47.4,1516.8
30013,4,273,37,48.98,1812.26
30013,5,274,17,50.56,859.52
30013,6,275,22,47.4,1042.8
30013,7,276,27,48.98,1322.46
30013,8,277,32,50.56,1617.92
30013,9,278,37,47.4,1753.8
30013,10,279,17,48.98,832.66
30014,1,280,19,48.98,930.62
30014,2,281,24,50.56,1213.44
30014,3,282,29,47.4,1374.6
30014,4,283,34,48.98,1665.32
30014,5,284,14,50.56,707.84
30014,6,285,19,47.4,900.6
30014,7,286,24,48.98,1175.52
30014,8,287,29,50.56,1466.24
30014,9,288,34,47.4,1611.6
30014,10,289,14,48.98,685.72
30015,1,300,21,48.98,1028.58
30015,2,301,26,50.56,1314.56
30015,3,302,31,47.4,1469.4
30015,4,303,36,48.98,1763.28
30015,5,304,16,50.56,808.96
30015,6,305,21,47.4,995.4
30015,7,306,26,48.98,1273.48
30015,8,307,31,50.56,1567.36
30015,9,308,36,47.4,1706.4
30015,10,309,16,48.98,783.68
30016,1,310,22,48.98,1077.56
30016,2,311,27,50.56,1365.12
30016,3,312,32,47.4,1516.8
30016,4,313,37,48.98,1812.26
30016,5,314,17,50.56,859.52
30016,6,315,22,47.4,1042.8
30016,7,316,27,48.98,1322.46
30016,8,317,32,50.56,1617.92
30016,9,318,37,47.4,1753.8
30016,10,319,17,48.98,832.66
30017,1,320,19,48.98,930.62
30017,2,321,24,50.56,1213.44
30017,3,322,29,47.4,1374.6
30017,4,323,34,48.98,1665.32
30017,5,324,14,50.56,707.84
30017,6,325,19,47.4,900.6
30017,7,326,24,48.98,1175.52
30017,8,327,29,50.56,1466.24
30017,9,328,34,47.4,1611.6
30017,10,329,14,48.98,685.72
30018,1,330,20,48.98,979.6
30018,2,331,25,50.56,1264.0
30018,3,332,30,47.4,1422.0
30018,4,333,35,48.98,1714.3
30018,5,334,15,50.56,758.4
30018,6,335,20,47.4,948.0
30018,7,336,25,48.98,1224.5
30018,8,337,30,50.56,1516.8
30018,9,338,35,47.4,1659.0
30018,10,339,15,48.98,734.7
30019,1,350,22,48.98,1077.56
30019,2,351,27,50.56,1365.12
30019,3,352,32,47.4,1516.8
30019,4,353,37,48.98,1812.26
30019,5,354,17,50.56,859.52
30019,6,355,22,47.4,1042.8
30019,7,356,27,48.98,1322.46
30019,8,357,32,50.56,1617.92
30019,9,358,37,47.4,1753.8
30019,10,359,17,48.98,832.66
30020,1,360,19,48.98,930.62
30020,2,361,24,50.56,1213.44
30020,3,362,29,47.4,1374.6
30020,4,363,34,48.98,1665.32
30020,5,364,14,50.56,707.84
30020,6,365,19,47.4,900.6
30020,7,366,24,48.98,1175.52
30020,8,367,29,50.56,1466.24
30020,9,368,34,47.4,1611.6
30020,10,369,14,48.98,685.72
30021,1,370,20,48.98,979.6
30021,2,371,25,50.56,1264.0
30021,3,372,30,47.4,1422.0
30021,4,373,35,48.98,1714.3
30021,5,374,15,50.56,758.4
30021,6,375,20,47.4,948.0
30021,7,376,25,48.98,1224.5
30021,8,377,30,50.56,1516.8
30021,9,378,35,47.4,1659.0
30021,10,379,15,48.98,734.7
30022,1,380,21,48.98,1028.58
30022,2,381,26,50.56,1314.56
30022,3,382,31,47.4,1469.4
30022,4,383,36,48.98,1763.28
30022,5,384,16,50.56,808.96
30022,6,385,21,47.4,995.4
30022,7,386,26,48.98,1273.48
30022,8,387,31,50.56,1567.36
30022,9,388,36,47.4,1706.4
30022,10,389,16,48.98,783.68
30023,1,400,19,48.98,930.62
30023,2,401,24,50.56,1213.44
30023,3,402,29,47.4,1374.6
30023,4,403,34,48.98,1665.32
30023,5,404,14,50.56,707.84
30023,6,405,19,47.4,900.6
30023,7,406,24,48.98,1175.52
30023,8,407,29,50.56,1466.24
30023,9,408,34,47.4,1611.6
30023,10,409,14,48.98,685.72
30024,1,410,20,48.98,979.6
30024,2,411,25,50.56,1264.0
30024,3,412,30,47.4,1422.0
30024,4,413,35,48.98,1714.3
30024,5,414,15,50.56,758.4
30024,6,415,20,47.4,948.0
30024,7,416,25,48.98,1224.5
30024,8,417,30,50.56,1516.8
30024,9,418,35,47.4,1659.0
30024,10,419,15,48.98,734.7
30025,1,420,21,48.98,1028.58
30025,2,421,26,50.56,1314.56
30025,3,422,31,47.4,1469.4
30025,4,423,36,48.98,1763.28
30025,5,424,16,50.56,808.96
30025,6,425,21,47.4,995.4
30025,7,426,26,48.98,1273.48
30025,8,427,31,50.56,1567.36
30025,9,428,36,47.4,1706.4
30025,10,429,16,48.98,783.68
30026,1,430,22,48.98,1077.56
30026,2,431,27,50.56,1365.12
30026,3,432,32,47.4,1516.8
30026,4,433,37,48.98,1812.26
30026,5,434,17,50.56,859.52
30026,6,435,22,47.4,1042.8
30026,7,436,27,48.98,1322.46
30026,8,437,32,50.56,1617.92
30026,9,438,37,47.4,1753.8
30026,10,439,17,48.98,832.66
30027,1,450,20,48.98,979.6
30027,2,451,25,50.56,1264.0
30027,3,452,30,47.4,1422.0
30027,4,453,35,48.98,1714.3
30027,5,454,15,50.56,758.4
30027,6,455,20,47.4,948.0
30027,7,456,25,48.98,1224.5
30027,8,457,30,50.56,1516.8
30027,9,458,35,47.4,1659.0
30027,10,459,15,48.98,734.7
30028,1,460,21,48.98,1028.58
30028,2,461,26,50.56,1314.56
30028,3,462,31,47.4,1469.4
30028,4,463,36,48.98,1763.28
30028,5,464,16,50.56,808.96
30028,6,465,21,47.4,995.4
30028,7,466,26,48.98,1273.48
30028,8,467,31,50.56,1567.36
30028,9,468,36,47.4,1706.4
30028,10,469,16,48.98,783.68
30029,1,470,22,48.98,1077.56
30029,2,471,27,50.56,1365.12
30029,3,472,32,47.4,1516.8
30029,4,473,37,48.98,1812.26
30029,5,474,17,50.56,859.52
30029,6,475,22,47.4,1042.8
30029,7,476,27,48.98,1322.46
30029,8,477,32,50.56,1617.92
30029,9,478,37,47.4,1753.8
30029,10,479,17,48.98,832.66
30030,1,480,19,48.98,930.62
30030,2,481,24,50.56,1213.44
30030,3,482,29,47.4,1374.6
30030,4,483,34,48.98,1665.32
30030,5,484,14,50.56,707.84
30030,6,485,19,47.4,900.6
30030,7,486,24,48.98,1175.52
30030,8,487,29,50.56,1466.24
30030,9,488,34,47.4,1611.6
30030,10,489,14,48.98,685.72
30031,1,500,21,48.98,1028.58
30031,2,501,26,50.56,1314.56
30031,3,502,31,47.4,1469.4
30031,4,503,36,48.98,1763.28
30031,5,504,16,50.56,808.96
30031,6,505,21,47.4,995.4
30031,7,506,26,48.98,1273.48
30031,8,507,31,50.56,1567.36
30031,9,508,36,47.4,1706.4
30031,10,509,16,48.98,783.68
30032,1,510,22,48.98,1077.56
30032,2,511,27,50.56,1365.12
30032,3,512,32,47.4,1516.8
30032,4,513,37,48.98,1812.26
30032,5,514,17,50.56,859.52
30032,6,515,22,47.4,1042.8
30032,7,516,27,48.98,1322.46
30032,8,517,32,50.56,1617.92
30032,9,518,37,47.4,1753.8
30032,10,519,17,48.98,832.66
30033,1,520,19,48.98,930.62
30033,2,521,24,50.56,1213.44
30033,3,522,29,47.4,1374.6
30033,4,523,34,48.98,1665.32
30033,5,524,14,50.56,707.84
30033,6,525,19,47.4,900.6
30033,7,526,24,48.98,1175.52
30033,8,527,29,50.56,1466.24
30033,9,528,34,47.4,1611.6
30033,10,529,14,48.98,685.72
30034,1,530,20,48.98,979.6
30034,2,531,25,50.56,1264.0
30034,3,532,30,47.4,1422.0
30034,4,533,35,48.98,1714.3
30034,5,534,15,50.56,758.4
30034,6,535,20,47.4,948.0
30034,7,536,25,48.98,1224.5
30034,8,537,30,50.56,1516.8
30034,9,538,35,47.4,1659.0
30034,10,539,15,48.98,734.7
30035,1,550,22,48.98,1077.56
30035,2,551,27,50.56,1365.12
30035,3,552,32,47.4,1516.8
30035,4,553,37,48.98,1812.26
30035,5,554,17,50.56,859.52
30035,6,555,22,47.4,1042.8
30035,7,556,27,48.98,1322.46
30035,8,557,32,50.56,1617.92
30035,9,558,37,47.4,1753.8
30035,10,559,17,48.98,832.66
30036,1,560,19,48.98,930.62
30036,2,561,24,50.56,1213.44
30036,3,562,29,47.4,1374.6
30036,4,563,34,48.98,1665.32
30036,5,564,14,50.56,707.84
30036,6,565,19,47.4,900.6
30036,7,566,24,48.98,1175.52
30036,8,567,29,50.56,1466.24
30036,9,568,34,47.4,1611.6
30036,10,569,14,48.98,685.72
30037,1,570,20,48.98,979.6
30037,2,571,25,50.56,1264.0
30037,3,572,30,47.4,1422.0
30037,4,573,35,48.98,1714.3
30037,5,574,15,50.56,758.4
30037,6,575,20,47.4,948.0
30037,7,576,25,48.98,1224.5
30037,8,577,30,50.56,1516.8
30037,9,578,35,47.4,1659.0
30037,10,579,15,48.98,734.7
30038,1,580,21,48.98,1028.58
30038,2,581,26,50.56,1314.56
30038,3,582,31,47.4,1469.4
30038,4,583,36,48.98,1763.28
30038,5,584,16,50.56,808.96
30038,6,585,21,47.4,995.4
30038,7,586,26,48.98,1273.48
30038,8,587,31,50.56,1567.36
30038,9,588,36,47.4,1706.4
30038,10,589,16,48.98,783.68
30039,1,600,19,48.98,930.62
30039,2,601,24,50.56,1213.44
30039,3,602,29,47.4,1374.6
30039,4,603,34,48.98,1665.32
30039,5,604,14,50.56,707.84
30039,6,605,19,47.4,900.6
30039,7,606,24,48.98,1175.52
30039,8,607,29,50.56,1466.24
30039,9,608,34,47.4,1611.6
30039,10,609,14,48.98,685.72
30040,1,610,20,48.98,979.6
30040,2,611,25,50.56,1264.0
30040,3,612,30,47.4,1422.0
30040,4,613,35,48.98,1714.3
30040,5,614,15,50.56,758.4
30040,6,615,20,47.4,948.0
30040,7,616,25,48.98,1224.5
30040,8,617,30,50.56,1516.8
30040,9,618,35,47.4,1659.0
30040,10,619,15,48.98,734.7
30041,1,620,21,48.98,1028.58
30041,2,621,26,50.56,1314.56
30041,3,622,31,47.4,1469.4
30041,4,623,36,48.98,1763.28
30041,5,624,16,50.56,808.96
30041,6,625,21,47.4,995.4
30041,7,626,26,48.98,1273.48
30041,8,627,31,50.56,1567.36
30041,9,628,36,47.4,1706.4
30041,10,629,16,48.98,783.68
30042,1,630,22,48.98,1077.56
30042,2,631,27,50.56,1365.12
30042,3,632,32,47.4,1516.8
30042,4,633,37,48.98,1812.26
30042,5,634,17,50.56,859.52
30042,6,635,22,47.4,1042.8
30042,7,636,27,48.98,1322.46
30042,8,637,32,50.56,1617.92
30042,9,638,37,47.4,1753.8
30042,10,639,17,48.98,832.66
30043,1,650,20,48.98,979.6
30043,2,651,25,50.56,1264.0
30043,3,652,30,47.4,1422.0
30043,4,653,35,48.98,1714.3
30043,5,654,15,50.56,758.4
30043,6,655,20,47.4,948.0
30043,7,656,25,48.98,1224.5
30043,8,657,30,50.56,1516.8
30043,9,658,35,47.4,1659.0
30043,10,659,15,48.98,734.7
30044,1,660,21,48.98,1028.58
30044,2,661,26,50.56,1314.56
30044,3,662,31,47.4,1469.4
30044,4,663,36,48.98,1763.28
30044,5,664,16,50.56,808.96
30044,6,665,21,47.4,995.4
30044,7,666,26,48.98,1273.48
30044,8,667,31,50.56,1567.36
30044,9,668,36,47.4,1706.4
30044,10,669,16,48.98,783.68
30045,1,670,22,48.98,1077.56
30045,2,671,27,50.56,1365.12
30045,3,672,32,47.4,1516.8
30045,4,673,37,48.98,1812.26
30045,5,674,17,50.56,859.52
30045,6,675,22,47.4,1042.8
30045,7,676,27,48.98,1322.46
30045,8,677,32,50.56,1617.92
30045,9,678,37,47.4,1753.8
30045,10,679,17,48.98,832.66
30046,1,680,19,48.98,930.62
30046,2,681,24,50.56,1213.44
30046,3,682,29,47.4,1374.6
30046,4,683,34,48.98,1665.32
30046,5,684,14,50.56,707.84
30046,6,685,19,47.4,900.6
30046,7,686,24,48.98,1175.52
30046,8,687,29,50.56,1466.24
30046,9,688,34,47.4,1611.6
30046,10,689,14,48.98,685.72
30047,1,700,21,48.98,1028.58
30047,2,701,26,50.56,1314.56
30047,3,702,31,47.4,1469.4
30047,4,703,36,48.98,1763.28
30047,5,704,16,50.56,808.96
30047,6,705,21,47.4,995.4
30047,7,706,26,48.98,1273.48
30047,8,707,31,50.56,1567.36
30047,9,708,36,47.4,1706.4
30047,10,709,16,48.98,783.68
30048,1,710,22,48.98,1077.56
30048,2,711,27,50.56,1365.12
30048,3,712,32,47.4,1516.8
30048,4,713,37,48.98,1812.26
30048,5,714,17,50.56,859.52
30048,6,715,22,47.4,1042.8
30048,7,716,27,48.98,1322.46
30048,8,717,32,50.56,1617.92
30048,9,718,37,47.4,1753.8
30048,10,719,17,48.98,832.66
30049,1,720,19,48.98,930.62
30049,2,721,24,50.56,1213.44
30049,3,722,29,47.4,1374.6
30049,4,723,34,48.98,1665.32
30049,5,724,14,50.56,707.84
30049,6,725,19,47.4,900.6
30049,7,726,24,48.98,1175.52
30049,8,727,29,50.56,1466.24
30049,9,728,34,47.4,1611.6
30049,10,729,14,48.98,685.72
30050,1,730,20,48.98,979.6
30050,2,731,25,50.56,1264.0
30050,3,732,30,47.4,1422.0
30050,4,733,35,48.98,1714.3
30050,5,734,15,50.56,758.4
30050,6,735,20,47.4,948.0
30050,7,736,25,48.98,1224.5
30050,8,737,30,50.56,1516.8
30050,9,738,35,47.4,1659.0
30050,10,739,15,48.98,734.7
30051,1,750,22,48.98,1077.56
30051,2,751,27,50.56,1365.12
30051,3,752,32,47.4,1516.8
30051,4,753,37,48.98,1812.26
30051,5,754,17,50.56,859.52
30051,6,755,22,47.4,1042.8
30051,7,756,27,48.98,1322.46
30051,8,757,32,50.56,1617.92
30051,9,758,37,47.4,1753.8
30051,10,759,17,48.98,832.66
30052,1,760,19,48.98,930.62
30052,2,761,24,50.56,1213.44
30052,3,762,29,47.4,1374.6
30052,4,763,34,48.98,1665.32
30052,5,764,14,50.56,707.84
30052,6,765,19,47.4,900.6
30052,7,766,24,48.98,1175.52
30052,8,767,29,50.56,1466.24
30052,9,768,34,47.4,1611.6
30052,10,769,14,48.98,685.72
30053,1,770,20,48.98,979.6
30053,2,771,25,50.56,1264.0
30053,3,772,30,47.4,1422.0
30053,4,773,35,48.98,1714.3
30053,5,774,15,50.56,758.4
30053,6,775,20,47.4,948.0
30053,7,776,25,48.98,1224.5
30053,8,777,30,50.56,1516.8
30053,9,778,35,47.4,1659.0
30053,10,779,15,48.98,734.7
30054,1,780,21,48.98,1028.58
30054,2,781,26,50.56,1314.56
30054,3,782,31,47.4,1469.4
30054,4,783,36,48.98,1763.28
30054,5,784,16,50.56,808.96
30054,6,785,21,47.4,995.4
30054,7,786,26,48.98,1273.48
30054,8,787,31,50.56,1567.36
30054,9,788,36,47.4,1706.4
30054,10,789,16,48.98,783.68
30055,1,800,19,48.98,930.62
30055,2,801,24,50.56,1213.44
30055,3,802,29,47.4,1374.6
30055,4,803,34,48.98,1665.32
30055,5,804,14,50.56,707.84
30055,6,805,19,47.4,900.6
30055,7,806,24,48.98,1175.52
30055,8,807,29,50.56,1466.24
30055,9,808,34,47.4,1611.6
30055,10,809,14,48.98,685.72
30056,1,810,20,48.98,979.6
30056,2,811,25,50.56,1264.0
30056,3,812,30,47.4,1422.0
30056,4,813,35,48.98,1714.3
30056,5,814,15,50.56,758.4
30056,6,815,20,47.4,948.0
30056,7,816,25,48.98,1224.5
30056,8,817,30,50.56,1516.8
30056,9,818,35,47.4,1659.0
30056,10,819,15,48.98,734.7
30057,1,820,21,48.98,1028.58
30057,2,821,26,50.56,1314.56
30057,3,822,31,47.4,1469.4
30057,4,823,36,48.98,1763.28
30057,5,824,16,50.56,808.96
30057,6,825,21,47.4,995.4
30057,7,826,26,48.98,1273.48
30057,8,827,31,50.56,1567.36
30057,9,828,36,47.4,1706.4
30057,10,829,16,48.98,783.68
30058,1,830,22,48.98,1077.56
30058,2,831,27,50.56,1365.12
30058,3,832,32,47.4,1516.8
30058,4,833,37,48.98,1812.26
30058,5,834,17,50.56,859.52
30058,6,835,22,47.4,1042.8
30058,7,836,27,48.98,1322.46
30058,8,837,32,50.56,1617.92
30058,9,838,37,47.4,1753.8
30058,10,839,17,48.98,832.66
30059,1,850,20,48.98,979.6
30059,2,851,25,50.56,1264.0
30059,3,852,30,47.4,1422.0
30059,4,853,35,48.98,1714.3
30059,5,854,15,50.56,758.4
30059,6,855,20,47.4,948.0
30059,7,856,25,48.98,1224.5
30059,8,857,30,50.56,1516.8
30059,9,858,35,47.4,1659.0
30059,10,859,15,48.98,734.7
30060,1,860,21,48.98,1028.58
30060,2,861,26,50.56,1314.56
30060,3,862,31,47.4,1469.4
30060,4,863,36,48.98,1763.28
30060,5,864,16,50.56,808.96
30060,6,865,21,47.4,995.4
30060,7,866,26,48.98,1273.48
30060,8,867,31,50.56,1567.36
30060,9,868,36,47.4,1706.4
30060,10,869,16,48.98,783.68
30061,1,870,22,48.98,1077.56
30061,2,871,27,50.56,1365.12
30061,3,872,32,47.4,1516.8
30061,4,873,37,48.98,1812.26
30061,5,874,17,50.56,859.52
30061,6,875,22,47.4,1042.8
30061,7,876,27,48.98,1322.46
30061,8,877,32,50.56,1617.92
30061,9,878,37,47.4,1753.8
30061,10,879,17,48.98,832.66
30062,1,880,19,48.98,930.62
30062,2,881,24,50.56,1213.44
30062,3,882,29,47.4,1374.6
30062,4,883,34,48.98,1665.32
30062,5,884,14,50.56,707.84
30062,6,885,19,47.4,900.6
30062,7,886,24,48.98,1175.52
30062,8,887,29,50.56,1466.24
30062,9,888,34,47.4,1611.6
30062,10,889,14,48.98,685.72
30063,1,900,21,48.98,1028.58
30063,2,901,26,50.56,1314.56
30063,3,902,31,47.4,1469.4
30063,4,903,36,48.98,1763.28
30063,5,904,16,50.56,808.96
30063,6,905,21,47.4,995.4
30063,7,906,26,48.98,1273.48
30063,8,907,31,50.56,1567.36
30063,9,908,36,47.4,1706.4
30063,10,909,16,48.98,783.68
30064,1,910,22,48.98,1077.56
30064,2,911,27,50.56,1365.12
30064,3,912,32,47.4,1516.8
30064,4,913,37,48.98,1812.26
30064,5,914,17,50.56,859.52
30064,6,915,22,47.4,1042.8
30064,7,916,27,48.98,1322.46
30064,8,917,32,50.56,1617.92
30064,9,918,37,47.4,1753.8
30064,10,919,17,48.98,832.66
30065,1,920,19,48.98,930.62
30065,2,921,24,50.56,1213.44
30065,3,922,29,47.4,1374.6
30065,4,923,34,48.98,1665.32
30065,5,924,14,50.56,707.84
30065,6,925,19,47.4,900.6
30065,7,926,24,48.98,1175.52
30065,8,927,29,50.56,1466.24
30065,9,928,34,47.4,1611.6
30065,10,929,14,48.98,685.72
30066,1,930,20,48.98,979.6
30066,2,931,25,50.56,1264.0
30066,3,932,30,47.4,1422.0
30066,4,933,35,48.98,1714.3
30066,5,934,15,50.56,758.4
30066,6,935,20,47.4,948.0
30066,7,936,25,48.98,1224.5
30066,8,937,30,50.56,1516.8
30066,9,938,35,47.4,1659.0
30066,10,939,15,48.98,734.7
30067,1,950,22,48.98,1077.56
30067,2,951,27,50.56,1365.12
30067,3,952,32,47.4,1516.8
30067,4,953,37,48.98,1812.26
30067,5,954,17,50.56,859.52
30067,6,955,22,47.4,1042.8
30067,7,956,27,48.98,1322.46
30067,8,957,32,50.56,1617.92
30067,9,958,37,47.4,1753.8
30067,10,959,17,48.98,832.66
30068,1,960,19,48.98,930.62
30068,2,961,24,50.56,1213.44
30068,3,962,29,47.4,1374.6
30068,4,963,34,48.98,1665.32
30068,5,964,14,50.56,707.84
30068,6,965,19,47.4,900.6
30068,7,966,24,48.98,1175.52
30068,8,967,29,50.56,1466.24
30068,9,968,34,47.4,1611.6
30068,10,969,14,48.98,685.72
30069,1,970,20,48.98,979.6
30069,2,971,25,50.56,1264.0
30069,3,972,30,47.4,1422.0
30069,4,973,35,48.98,1714.3
30069,5,974,15,50.56,758.4
30069,6,975,20,47.4,948.0
30069,7,976,25,48.98,1224.5
30069,8,977,30,50.56,1516.8
30069,9,978,35,47.4,1659.0
30069,10,979,15,48.98,734.7
30070,1,980,21,48.98,1028.58
30070,2,981,26,50.56,1314.56
30070,3,982,31,47.4,1469.4
30070,4,983,36,48.98,1763.28
30070,5,984,16,50.56,808.96
30070,6,985,21,47.4,995.4
30070,7,986,26,48.98,1273.48
30070,8,987,31,50.56,1567.36
30070,9,988,36,47.4,1706.4
30070,10,989,16,48.98,783.68
30071,1,1000,19,48.98,930.62
30071,2,1001,24,50.56,1213.44
30071,3,1002,29,47.4,1374.6
30071,4,1003,34,48.98,1665.32
30071,5,1004,14,50.56,707.84
30071,6,1005,19,47.4,900.6
30071,7,1006,24,48.98,1175.52
30071,8,1007,29,50.56,1466.24
30071,9,1008,34,47.4,1611.6
30071,10,1009,14,48.98,685.72
30072,1,1010,20,48.98,979.6
30072,2,1011,25,50.56,1264.0
30072,3,1012,30,47.4,1422.0
30072,4,1013,35,48.98,1714.3
30072,5,1014,15,50.56,758.4
30072,6,1015,20,47.4,948.0
30072,7,1016,25,48.98,1224.5
30072,8,1017,30,50.56,1516.8
30072,9,1018,35,47.4,1659.0
30072,10,1019,15,48.98,734.7
30073,1,1020,21,48.98,1028.58
30073,2,1021,26,50.56,1314.56
30073,3,1022,31,47.4,1469.4
30073,4,1023,36,48.98,1763.28
30073,5,1024,16,50.56,808.96
30073,6,1025,21,47.4,995.4
30073,7,1026,26,48.98,1273.48
30073,8,1027,31,50.56,1567.36
30073,9,1028,36,47.4,1706.4
30073,10,1029,16,48.98,783.68
30074,1,1030,22,48.98,1077.56
30074,2,1031,27,50.56,1365.12
30074,3,1032,32,47.4,1516.8
30074,4,1033,37,48.98,1812.26
30074,5,1034,17,50.56,859.52
30074,6,1035,22,47.4,1042.8
30074,7,1036,27,48.98,1322.46
30074,8,1037,32,50.56,1617.92
30074,9,1038,37,47.4,1753.8
30074,10,1039,17,48.98,832.66
30075,1,1050,20,48.98,979.6
30075,2,1051,25,50.56,1264.0
30075,3,1052,30,47.4,1422.0
30075,4,1053,35,48.98,1714.3
30075,5,1054,15,50.56,758.4
30075,6,1055,20,47.4,948.0
30075,7,1056,25,48.98,1224.5
30075,8,1057,30,50.56,1516.8
30075,9,1058,35,47.4,1659.0
30075,10,1059,15,48.98,734.7
30076,1,1060,21,48.98,1028.58
30076,2,1061,26,50.56,1314.56
30076,3,1062,31,47.4,1469.4
30076,4,1063,36,48.98,1763.28
30076,5,1064,16,50.56,808.96
30076,6,1065,21,47.4,995.4
30076,7,1066,26,48.98,1273.48
30076,8,1067,31,50.56,1567.36
30076,9,1068,36,47.4,1706.4
30076,10,1069,16,48.98,783.68
30077,1,1070,22,48.98,1077.56
30077,2,1071,27,50.56,1365.12
30077,3,1072,32,47.4,1516.8
30077,4,1073,37,48.98,1812.26
30077,5,1074,17,50.56,859.52
30077,6,1075,22,47.4,1042.8
30077,7,1076,27,48.98,1322.46
30077,8,1077,32,50.56,1617.92
30077,9,1078,37,47.4,1753.8
30077,10,1079,17,48.98,832.66
30078,1,1080,19,48.98,930.62
30078,2,1081,24,50.56,1213.44
30078,3,1082,29,47.4,1374.6
30078,4,1083,34,48.98,1665.32
30078,5,1084,14,50.56,707.84
30078,6,1085,19,47.4,900.6
30078,7,1086,24,48.98,1175.52
30078,8,1087,29,50.56,1466.24
30078,9,1088,34,47.4,1611.6
30078,10,1089,14,48.98,685.72
30079,1,1100,21,48.98,1028.58
30079,2,1101,26,50.56,1314.56
30079,3,1102,31,47.4,1469.4
30079,4,1103,36,48.98,1763.28
30079,5,1104,16,50.56,808.96
30079,6,1105,21,47.4,995.4
30079,7,1106,26,48.98,1273.48
30079,8,1107,31,50.56,1567.36
30079,9,1108,36,47.4,1706.4
30079,10,1109,16,48.98,783.68
30080,1,1110,22,48.98,1077.56
30080,2,1111,27,50.56,1365.12
30080,3,1112,32,47.4,1516.8
30080,4,1113,37,48.98,1812.26
30080,5,1114,17,50.56,859.52
30080,6,1115,22,47.4,1042.8
30080,7,1116,27,48.98,1322.46
30080,8,1117,32,50.56,1617.92
30080,9,1118,37,47.4,1753.8
30080,10,1119,17,48.98,832.66
30081,1,1120,19,48.98,930.62
30081,2,1121,24,50.56,1213.44
30081,3,1122,29,47.4,1374.6
30081,4,1123,34,48.98,1665.32
30081,5,1124,14,50.56,707.84
30081,6,1125,19,47.4,900.6
30081,7,1126,24,48.98,1175.52
30081,8,1127,29,50.56,1466.24
30081,9,1128,34,47.4,1611.6
30081,10,1129,14,48.98,685.72
30082,1,1130,20,48.98,979.6
30082,2,1131,25,50.56,1264.0
30082,3,1132,30,47.4,1422.0
30082,4,1133,35,48.98,1714.3
30082,5,1134,15,50.56,758.4
30082,6,1135,20,47.4,948.0
30082,7,1136,25,48.98,1224.5
30082,8,1137,30,50.56,1516.8
30082,9,1138,35,47.4,1659.0
30082,10,1139,15,48.98,734.7
30083,1,1150,22,48.98,1077.56
30083,2,1151,27,50.56,1365.12
30083,3,1152,32,47.4,1516.8
30083,4,1153,37,48.98,1812.26
30083,5,1154,17,50.56,859.52
30083,6,1155,22,47.4,1042.8
30083,7,1156,27,48.98,1322.46
30083,8,1157,32,50.56,1617.92
30083,9,1158,37,47.4,1753.8
30083,10,1159,17,48.98,832.66
30084,1,1160,19,48.98,930.62
30084,2,1161,24,50.56,1213.44
30084,3,1162,29,47.4,1374.6
30084,4,1163,34,48.98,1665.32
30084,5,1164,14,50.56,707.84
30084,6,1165,19,47.4,900.6
30084,7,1166,24,48.98,1175.52
30084,8,1167,29,50.56,1466.24
30084,9,1168,34,47.4,1611.6
30084,10,1169,14,48.98,685.72
30085,1,1170,20,48.98,979.6
30085,2,1171,25,50.56,1264.0
30085,3,1172,30,47.4,1422.0
30085,4,1173,35,48.98,1714.3
30085,5,1174,15,50.56,758.4
30085,6,1175,20,47.4,948.0
30085,7,1176,25,48.98,1224.5
30085,8,1177,30,50.56,1516.8
30085,9,1178,35,47.4,1659.0
30085,10,1179,15,48.98,734.7
30086,1,1180,21,48.98,1028.58
30086,2,1181,26,50.56,1314.56
30086,3,1182,31,47.4,1469.4
30086,4,1183,36,48.98,1763.28
30086,5,1184,16,50.56,808.96
30086,6,1185,21,47.4,995.4
30086,7,1186,26,48.98,1273.48
30086,8,1187,31,50.56,1567.36
30086,9,1188,36,47.4,1706.4
30086,10,1189,16,48.98,783.68
30087,1,1200,19,48.98,930.62
30087,2,1201,24,50.56,1213.44
30087,3,1202,29,47.4,1374.6
30087,4,1203,34,48.98,1665.32
30087,5,1204,14,50.56,707.84
30087,6,1205,19,47.4,900.6
30087,7,1206,24,48.98,1175.52
30087,8,1207,29,50.56,1466.24
30087,9,1208,34,47.4,1611.6
30087,10,1209,14,48.98,685.72
30088,1,1210,20,48.98,979.6
30088,2,1211,25,50.56,1264.0
30088,3,1212,30,47.4,1422.0
30088,4,1213,35,48.98,1714.3
30088,5,1214,15,50.56,758.4
30088,6,1215,20,47.4,948.0
30088,7,1216,25,48.98,1224.5
30088,8,1217,30,50.56,1516.8
30088,9,1218,35,47.4,1659.0
30088,10,1219,15,48.98,734.7
30089,1,1220,21,48.98,1028.58
30089,2,1221,26,50.56,1314.56
30089,3,1222,31,47.4,1469.4
30089,4,1223,36,48.98,1763.28
30089,5,1224,16,50.56,808.96
30089,6,1225,21,47.4,995.4
30089,7,1226,26,48.98,1273.48
30089,8,1227,31,50.56,1567.36
30089,9,1228,36,47.4,1706.4
30089,10,1229,16,48.98,783.68
30090,1,1230,22,48.98,1077.56
30090,2,1231,27,50.56,1365.12
30090,3,1232,32,47.4,1516.8
30090,4,1233,37,48.98,1812.26
30090,5,1234,17,50.56,859.52
30090,6,1235,22,47.4,1042.8
30090,7,1236,27,48.98,1322.46
30090,8,1237,32,50.56,1617.92
30090,9,1238,37,47.4,1753.8
30090,10,1239,17,48.98,832.66
30091,1,1250,20,48.98,979.6
30091,2,1251,25,50.56,1264.0
30091,3,1252,30,47.4,1422.0
30091,4,1253,35,48.98,1714.3
30091,5,1254,15,50.56,758.4
30091,6,1255,20,47.4,948.0
30091,7,1256,25,48.98,1224.5
30091,8,1257,30,50.56,1516.8
30091,9,1258,35,47.4,1659.0
30091,10,1259,15,48.98,734.7
30092,1,1260,21,48.98,1028.58
30092,2,1261,26,50.56,1314.56
30092,3,1262,31,47.4,1469.4
30092,4,1263,36,48.98,1763.28
30092,5,1264,16,50.56,808.96
30092,6,1265,21,47.4,995.4
30092,7,1266,26,48.98,1273.48
30092,8,1267,31,50.56,1567.36
30092,9,1268,36,47.4,1706.4
30092,10,1269,16,48.98,783.68
30093,1,1270,22,48.98,1077.56
30093,2,1271,27,50.56,1365.12
30093,3,1272,32,47.4,1516.8
30093,4,1273,37,48.98,1812.26
30093,5,1274,17,50.56,859.52
30093,6,1275,22,47.4,1042.8
30093,7,1276,27,48.98,1322.46
30093,8,1277,32,50.56,1617.92
30093,9,1278,37,47.4,1753.8
30093,10,1279,17,48.98,832.66
30094,1,1280,19,48.98,930.62
30094,2,1281,24,50.56,1213.44
30094,3,1282,29,47.4,1374.6
30094,4,1283,34,48.98,1665.32
30094,5,1284,14,50.56,707.84
30094,6,1285,19,47.4,900.6
30094,7,1286,24,48.98,1175.52
30094,8,1287,29,50.56,1466.24
30094,9,1288,34,47.4,1611.6
30094,10,1289,14,48.98,685.72
30095,1,1300,21,48.98,1028.58
30095,2,1301,26,50.56,1314.56
30095,3,1302,31,47.4,1469.4
30095,4,1303,36,48.98,1763.28
30095,5,1304,16,50.56,808.96
30095,6,1305,21,47.4,995.4
30095,7,1306,26,48.98,1273.48
30095,8,1307,31,50.56,1567.36
30095,9,1308,36,47.4,1706.4
30095,10,1309,16,48.98,783.68
30096,1,1310,22,48.98,1077.56
30096,2,1311,27,50.56,1365.12
30096,3,1312,32,47.4,1516.8
30096,4,1313,37,48.98,1812.26
30096,5,1314,17,50.56,859.52
30096,6,1315,22,47.4,1042.8
30096,7,1316,27,48.98,1322.46
30096,8,1317,32,50.56,1617.92
30096,9,1318,37,47.4,1753.8
30096,10,1319,17,48.98,832.66
30097,1,1320,19,48.98,930.62
30097,2,1321,24,50.56,1213.44
30097,3,1322,29,47.4,1374.6
30097,4,1323,34,48.98,1665.32
30097,5,1324,14,50.56,707.84
30097,6,1325,19,47.4,900.6
30097,7,1326,24,48.98,1175.52
30097,8,1327,29,50.56,1466.24
30097,9,1328,34,47.4,1611.6
30097,10,1329,14,48.98,685.72
30098,1,1330,20,48.98,979.6
30098,2,1331,25,50.56,1264.0
30098,3,1332,30,47.4,1422.0
30098,4,1333,35,48.98,1714.3
30098,5,1334,15,50.56,758.4
30098,6,1335,20,47.4,948.0
30098,7,1336,25,48.98,1224.5
30098,8,1337,30,50.56,1516.8
30098,9,1338,35,47.4,1659.0
30098,10,1339,15,48.98,734.7
30099,1,1350,22,48.98,1077.56
30099,2,1351,27,50.56,1365.12
30099,3,1352,32,47.4,1516.8
30099,4,1353,37,48.98,1812.26
30099,5,1354,17,50.56,859.52
30099,6,1355,22,47.4,1042.8
30099,7,1356,27,48.98,1322.46
30099,8,1357,32,50.56,1617.92
30099,9,1358,37,47.4,1753.8
30099,10,1359,17,48.98,832.66
30100,1,1360,19,48.98,930.62
30100,2,1361,24,50.56,1213.44
30100,3,1362,29,47.4,1374.6
30100,4,1363,34,48.98,1665.32
30100,5,1364,14,50.56,707.84
30100,6,1365,19,47.4,900.6
30100,7,1366,24,48.98,1175.52
30100,8,1367,29,50.56,1466.24
30100,9,1368,34,47.4,1611.6
30100,10,1369,14,48.98,685.72
30101,1,1370,20,48.98,979.6
30101,2,1371,25,50.56,1264.0
30101,3,1372,30,47.4,1422.0
30101,4,1373,35,48.98,1714.3
30101,5,1374,15,50.56,758.4
30101,6,1375,20,47.4,948.0
30101,7,1376,25,48.98,1224.5
30101,8,1377,30,50.56,1516.8
30101,9,1378,35,47.4,1659.0
30101,10,1379,15,48.98,734.7
30102,1,1380,21,48.98,1028.58
30102,2,1381,26,50.56,1314.56
30102,3,1382,31,47.4,1469.4
30102,4,1383,36,48.98,1763.28
30102,5,1384,16,50.56,808.96
30102,6,1385,21,47.4,995.4
30102,7,1386,26,48.98,1273.48
30102,8,1387,31,50.56,1567.36
30102,9,1388,36,47.4,1706.4
30102,10,1389,16,48.98,783.68
30103,1,1400,19,48.98,930.62
30103,2,1401,24,50.56,1213.44
30103,3,1402,29,47.4,1374.6
30103,4,1403,34,48.98,1665.32
30103,5,1404,14,50.56,707.84
30103,6,1405,19,47.4,900.6
30103,7,1406,24,48.98,1175.52
30103,8,1407,29,50.56,1466.24
30103,9,1408,34,47.4,1611.6
30103,10,1409,14,48.98,685.72
30104,1,1410,20,48.98,979.6
30104,2,1411,25,50.56,1264.0
30104,3,1412,30,47.4,1422.0
30104,4,1413,35,48.98,1714.3
30104,5,1414,15,50.56,758.4
30104,6,1415,20,47.4,948.0
30104,7,1416,25,48.98,1224.5
30104,8,1417,30,50.56,1516.8
30104,9,1418,35,47.4,1659.0
30104,10,1419,15,48.98,734.7
30105,1,1420,21,48.98,1028.58
30105,2,1421,26,50.56,1314.56
30105,3,1422,31,47.4,1469.4
30105,4,1423,36,48.98,1763.28
30105,5,1424,16,50.56,808.96
30105,6,1425,21,47.4,995.4
30105,7,1426,26,48.98,1273.48
30105,8,1427,31,50.56,1567.36
30105,9,1428,36,47.4,1706.4
30105,10,1429,16,48.98,783.68
30106,1,1430,22,48.98,1077.56
30106,2,1431,27,50.56,1365.12
30106,3,1432,32,47.4,1516.8
30106,4,1433,37,48.98,1812.26
30106,5,1434,17,50.56,859.52
30106,6,1435,22,47.4,1042.8
30106,7,1436,27,48.98,1322.46
30106,8,1437,32,50.56,1617.92
30106,9,1438,37,47.4,1753.8
30106,10,1439,17,48.98,832.66
30107,1,1450,20,48.98,979.6
30107,2,1451,25,50.56,1264.0
30107,3,1452,30,47.4,1422.0
30107,4,1453,35,48.98,1714.3
30107,5,1454,15,50.56,758.4
30107,6,1455,20,47.4,948.0
30107,7,1456,25,48.98,1224.5
30107,8,1457,30,50.56,1516.8
30107,9,1458,35,47.4,1659.0
30107,10,1459,15,48.98,734.7
30108,1,1460,21,48.98,1028.58
30108,2,1461,26,50.56,1314.56
30108,3,1462,31,47.4,1469.4
30108,4,1463,36,48.98,1763.28
30108,5,1464,16,50.56,808.96
30108,6,1465,21,47.4,995.4
30108,7,1466,26,48.98,1273.48
30108,8,1467,31,50.56,1567.36
30108,9,1468,36,47.4,1706.4
30108,10,1469,16,48.98,783.68
30109,1,1470,22,48.98,1077.56
30109,2,1471,27,50.56,1365.12
30109,3,1472,32,47.4,1516.8
30109,4,1473,37,48.98,1812.26
30109,5,1474,17,50.56,859.52
30109,6,1475,22,47.4,1042.8
30109,7,1476,27,48.98,1322.46
30109,8,1477,32,50.56,1617.92
30109,9,1478,37,47.4,1753.8
30109,10,1479,17,48.98,832.66
30110,1,1480,19,48.98,930.62
30110,2,1481,24,50.56,1213.44
30110,3,1482,29,47.4,1374.6
30110,4,1483,34,48.98,1665.32
30110,5,1484,14,50.56,707.84
30110,6,1485,19,47.4,900.6
30110,7,1486,24,48.98,1175.52
30110,8,1487,29,50.56,1466.24
30110,9,1488,34,47.4,1611.6
30110,10,1489,14,48.98,685.72
30111,1,1500,21,48.98,1028.58
30111,2,1501,26,50.56,1314.56
30111,3,1502,31,47.4,1469.4
30111,4,1503,36,48.98,1763.28
30111,5,1504,16,50.56,808.96
30111,6,1505,21,47.4,995.4
30111,7,1506,26,48.98,1273.48
30111,8,1507,31,50.56,1567.36
30111,9,1508,36,47.4,1706.4
30111,10,1509,16,48.98,783.68
30112,1,1510,22,48.98,1077.56
30112,2,1511,27,50.56,1365.12
30112,3,1512,32,47.4,1516.8
30112,4,1513,37,48.98,1812.26
30112,5,1514,17,50.56,859.52
30112,6,1515,22,47.4,1042.8
30112,7,1516,27,48.98,1322.46
30112,8,1517,32,50.56,1617.92
30112,9,1518,37,47.4,1753.8
30112,10,1519,17,48.98,832.66
30113,1,1520,19,48.98,930.62
30113,2,1521,24,50.56,1213.44
30113,3,1522,29,47.4,1374.6
30113,4,1523,34,48.98,1665.32
30113,5,1524,14,50.56,707.84
30113,6,1525,19,47.4,900.6
30113,7,1526,24,48.98,1175.52
30113,8,1527,29,50.56,1466.24
30113,9,1528,34,47.4,1611.6
30113,10,1529,14,48.98,685.72
30114,1,1530,20,48.98,979.6
30114,2,1531,25,50.56,1264.0
30114,3,1532,30,47.4,1422.0
30114,4,1533,35,48.98,1714.3
30114,5,1534,15,50.56,758.4
30114,6,1535,20,47.4,948.0
30114,7,1536,25,48.98,1224.5
30114,8,1537,30,50.56,1516.8
30114,9,1538,35,47.4,1659.0
30114,10,1539,15,48.98,734.7
30115,1,1550,22,48.98,1077.56
30115,2,1551,27,50.56,1365.12
30115,3,1552,32,47.4,1516.8
30115,4,1553,37,48.98,1812.26
30115,5,1554,17,50.56,859.52
30115,6,1555,22,47.4,1042.8
30115,7,1556,27,48.98,1322.46
30115,8,1557,32,50.56,1617.92
30115,9,1558,37,47.4,1753.8
30115,10,1559,17,48.98,832.66
30116,1,1560,19,48.98,930.62
30116,2,1561,24,50.56,1213.44
30116,3,1562,29,47.4,1374.6
30116,4,1563,34,48.98,1665.32
30116,5,1564,14,50.56,707.84
30116,6,1565,19,47.4,900.6
30116,7,1566,24,48.98,1175.52
30116,8,1567,29,50.56,1466.24
30116,9,1568,34,47.4,1611.6
30116,10,1569,14,48.98,685.72
30117,1,1570,20,48.98,979.6
30117,2,1571,25,50.56,1264.0
30117,3,1572,30,47.4,1422.0
30117,4,1573,35,48.98,1714.3
30117,5,1574,15,50.56,758.4
30117,6,1575,20,47.4,948.0
30117,7,1576,25,48.98,1224.5
30117,8,1577,30,50.56,1516.8
30117,9,1578,35,47.4,1659.0
30117,10,1579,15,48.98,734.7
30118,1,1580,21,48.98,1028.58
30118,2,1581,26,50.56,1314.56
30118,3,1582,31,47.4,1469.4
30118,4,1583,36,48.98,1763.28
30118,5,1584,16,50.56,808.96
30118,6,1585,21,47.4,995.4
30118,7,1586,26,48.98,1273.48
30118,8,1587,31,50.56,1567.36
30118,9,1588,36,47.4,1706.4
30118,10,1589,16,48.98,783.68
30119,1,1600,19,48.98,930.62
30119,2,1601,24,50.56,1213.44
30119,3,1602,29,47.4,1374.6
30119,4,1603,34,48.98,1665.32
30119,5,1604,14,50.56,707.84
30119,6,1605,19,47.4,900.6
30119,7,1606,24,48.98,1175.52
30119,8,1607,29,50.56,1466.24
30119,9,1608,34,47.4,1611.6
30119,10,1609,14,48.98,685.72
30120,1,1610,20,48.98,979.6
30120,2,1611,25,50.56,1264.0
30120,3,1612,30,47.4,1422.0
30120,4,1613,35,48.98,1714.3
30120,5,1614,15,50.56,758.4
30120,6,1615,20,47.4,948.0
30120,7,1616,25,48.98,1224.5
30120,8,1617,30,50.56,1516.8
30120,9,1618,35,47.4,1659.0
30120,10,1619,15,48.98,734.7
30121,1,1620,21,48.98,1028.58
30121,2,1621,26,50.56,1314.56
30121,3,1622,31,47.4,1469.4
30121,4,1623,36,48.98,1763.28
30121,5,1624,16,50.56,808.96
30121,6,1625,21,47.4,995.4
30121,7,1626,26,48.98,1273.48
30121,8,1627,31,50.56,1567.36
30121,9,1628,36,47.4,1706.4
30121,10,1629,16,48.98,783.68
30122,1,1630,22,48.98,1077.56
30122,2,1631,27,50.56,1365.12
30122,3,1632,32,47.4,1516.8
30122,4,1633,37,48.98,1812.26
30122,5,1634,17,50.56,859.52
30122,6,1635,22,47.4,1042.8
30122,7,1636,27,48.98,1322.46
30122,8,1637,32,50.56,1617.92
30122,9,1638,37,47.4,1753.8
30122,10,1639,17,48.98,832.66
30123,1,1650,20,48.98,979.6
30123,2,1651,25,50.56,1264.0
30123,3,1652,30,47.4,1422.0
30123,4,1653,35,48.98,1714.3
30123,5,1654,15,50.56,758.4
30123,6,1655,20,47.4,948.0
30123,7,1656,25,48.98,1224.5
30123,8,1657,30,50.56,1516.8
30123,9,1658,35,47.4,1659.0
30123,10,1659,15,48.98,734.7
30124,1,1660,21,48.98,1028.58
30124,2,1661,26,50.56,1314.56
30124,3,1662,31,47.4,1469.4
30124,4,1663,36,48.98,1763.28
30124,5,1664,16,50.56,808.96
30124,6,1665,21,47.4,995.4
30124,7,1666,26,48.98,1273.48
30124,8,1667,31,50.56,1567.36
30124,9,1668,36,47.4,1706.4
30124,10,1669,16,48.98,783.68
30125,1,1670,22,48.98,1077.56
30125,2,1671,27,50.56,1365.12
30125,3,1672,32,47.4,1516.8
30125,4,1673,37,48.98,1812.26
30125,5,1674,17,50.56,859.52
30125,6,1675,22,47.4,1042.8
30125,7,1676,27,48.98,1322.46
30125,8,1677,32,50.56,1617.92
30125,9,1678,37,47.4,1753.8
30125,10,1679,17,48.98,832.66
30126,1,1680,19,48.98,930.62
30126,2,1681,24,50.56,1213.44
30126,3,1682,29,47.4,1374.6
30126,4,1683,34,48.98,1665.32
30126,5,1684,14,50.56,707.84
30126,6,1685,19,47.4,900.6
30126,7,1686,24,48.98,1175.52
30126,8,1687,29,50.56,1466.24
30126,9,1688,34,47.4,1611.6
30126,10,1689,14,48.98,685.72
30127,1,1700,21,48.98,1028.58
30127,2,1701,26,50.56,1314.56
30127,3,1702,31,47.4,1469.4
30127,4,1703,36,48.98,1763.28
30127,5,1704,16,50.56,808.96
30127,6,1705,21,47.4,995.4
30127,7,1706,26,48.98,1273.48
30127,8,1707,31,50.56,1567.36
30127,9,1708,36,47.4,1706.4
30127,10,1709,16,48.98,783.68
30128,1,1710,22,48.98,1077.56
30128,2,1711,27,50.56,1365.12
30128,3,1712,32,47.4,1516.8
30128,4,1713,37,48.98,1812.26
30128,5,1714,17,50.56,859.52
30128,6,1715,22,47.4,1042.8
30128,7,1716,27,48.98,1322.46
30128,8,1717,32,50.56,1617.92
30128,9,1718,37,47.4,1753.8
30128,10,1719,17,48.98,832.66
30129,1,1720,19,48.98,930.62
30129,2,1721,24,50.56,1213.44
30129,3,1722,29,47.4,1374.6
30129,4,1723,34,48.98,1665.32
30129,5,1724,14,50.56,707.84
30129,6,1725,19,47.4,900.6
30129,7,1726,24,48.98,1175.52
30129,8,1727,29,50.56,1466.24
30129,9,1728,34,47.4,1611.6
30129,10,1729,14,48.98,685.72
30130,1,1730,20,48.98,979.6
30130,2,1731,25,50.56,1264.0
30130,3,1732,30,47.4,1422.0
30130,4,1733,35,48.98,1714.3
30130,5,1734,15,50.56,758.4
30130,6,1735,20,47.4,948.0
30130,7,1736,25,48.98,1224.5
30130,8,1737,30,50.56,1516.8
30130,9,1738,35,47.4,1659.0
30130,10,1739,15,48.98,734.7
30131,1,1750,22,48.98,1077.56
30131,2,1751,27,50.56,1365.12
30131,3,1752,32,47.4,1516.8
30131,4,1753,37,48.98,1812.26
30131,5,1754,17,50.56,859.52
30131,6,1755,22,47.4,1042.8
30131,7,1756,27,48.98,1322.46
30131,8,1757,32,50.56,1617.92
30131,9,1758,37,47.4,1753.8
30131,10,1759,17,48.98,832.66
30132,1,1760,19,48.98,930.62
30132,2,1761,24,50.56,1213.44
30132,3,1762,29,47.4,1374.6
30132,4,1763,34,48.98,1665.32
30132,5,1764,14,50.56,707.84
30132,6,1765,19,47.4,900.6
30132,7,1766,24,48.98,1175.52
30132,8,1767,29,50.56,1466.24
30132,9,1768,34,47.4,1611.6
30132,10,1769,14,48.98,685.72
30133,1,1770,20,48.98,979.6
30133,2,1771,25,50.56,1264.0
30133,3,1772,30,47.4,1422.0
30133,4,1773,35,48.98,1714.3
30133,5,1774,15,50.56,758.4
30133,6,1775,20,47.4,948.0
30133,7,1776,25,48.98,1224.5
30133,8,1777,30,50.56,1516.8
30133,9,1778,35,47.4,1659.0
30133,10,1779,15,48.98,734.7
30134,1,1780,21,48.98,1028.58
30134,2,1781,26,50.56,1314.56
30134,3,1782,31,47.4,1469.4
30134,4,1783,36,48.98,1763.28
30134,5,1784,16,50.56,808.96
30134,6,1785,21,47.4,995.4
30134,7,1786,26,48.98,1273.48
30134,8,1787,31,50.56,1567.36
30134,9,1788,36,47.4,1706.4
30134,10,1789,16,48.98,783.68
30135,1,1800,19,48.98,930.62
30135,2,1801,24,50.56,1213.44
30135,3,1802,29,47.4,1374.6
30135,4,1803,34,48.98,1665.32
30135,5,1804,14,50.56,707.84
30135,6,1805,19,47.4,900.6
30135,7,1806,24,48.98,1175.52
30135,8,1807,29,50.56,1466.24
30135,9,1808,34,47.4,1611.6
30135,10,1809,14,48.98,685.72
30136,1,1810,20,48.98,979.6
30136,2,1811,25,50.56,1264.0
30136,3,1812,30,47.4,1422.0
30136,4,1813,35,48.98,1714.3
30136,5,1814,15,50.56,758.4
30136,6,1815,20,47.4,948.0
30136,7,1816,25,48.98,1224.5
30136,8,1817,30,50.56,1516.8
30136,9,1818,35,47.4,1659.0
30136,10,1819,15,48.98,734.7
30137,1,1820,21,48.98,1028.58
30137,2,1821,26,50.56,1314.56
30137,3,1822,31,47.4,1469.4
30137,4,1823,36,48.98,1763.28
30137,5,1824,16,50.56,808.96
30137,6,1825,21,47.4,995.4
30137,7,1826,26,48.98,1273.48
30137,8,1827,31,50.56,1567.36
30137,9,1828,36,47.4,1706.4
30137,10,1829,16,48.98,783.68
30138,1,1830,22,48.98,1077.56
30138,2,1831,27,50.56,1365.12
30138,3,1832,32,47.4,1516.8
30138,4,1833,37,48.98,1812.26
30138,5,1834,17,50.56,859.52
30138,6,1835,22,47.4,1042.8
30138,7,1836,27,48.98,1322.46
30138,8,1837,32,50.56,1617.92
30138,9,1838,37,47.4,1753.8
30138,10,1839,17,48.98,832.66
30139,1,1850,20,48.98,979.6
30139,2,1851,25,50.56,1264.0
30139,3,1852,30,47.4,1422.0
30139,4,1853,35,48.98,1714.3
30139,5,1854,15,50.56,758.4
30139,6,1855,20,47.4,948.0
30139,7,1856,25,48.98,1224.5
30139,8,1857,30,50.56,1516.8
30139,9,1858,35,47.4,1659.0
30139,10,1859,15,48.98,734.7
30140,1,1860,21,48.98,1028.58
30140,2,1861,26,50.56,1314.56
30140,3,1862,31,47.4,1469.4
30140,4,1863,36,48.98,1763.28
30140,5,1864,16,50.56,808.96
30140,6,1865,21,47.4,995.4
30140,7,1866,26,48.98,1273.48
30140,8,1867,31,50.56,1567.36
30140,9,1868,36,47.4,1706.4
30140,10,1869,16,48.98,783.68
30141,1,1870,22,48.98,1077.56
30141,2,1871,27,50.56,1365.12
30141,3,1872,32,47.4,1516.8
30141,4,1873,37,48.98,1812.26
30141,5,1874,17,50.56,859.52
30141,6,1875,22,47.4,1042.8
30141,7,1876,27,48.98,1322.46
30141,8,1877,32,50.56,1617.92
30141,9,1878,37,47.4,1753.8
30141,10,1879,17,48.98,832.66
30142,1,1880,19,48.98,930.62
30142,2,1881,24,50.56,1213.44
30142,3,1882,29,47.4,1374.6
30142,4,1883,34,48.98,1665.32
30142,5,1884,14,50.56,707.84
30142,6,1885,19,47.4,900.6
30142,7,1886,24,48.98,1175.52
30142,8,1887,29,50.56,1466.24
30142,9,1888,34,47.4,1611.6
30142,10,1889,14,48.98,685.72
30143,1,1900,21,48.98,1028.58
30143,2,1901,26,50.56,1314.56
30143,3,1902,31,47.4,1469.4
30143,4,1903,36,48.98,1763.28
30143,5,1904,16,50.56,808.96
30143,6,1905,21,47.4,995.4
30143,7,1906,26,48.98,1273.48
30143,8,1907,31,50.56,1567.36
30143,9,1908,36,47.4,1706.4
30143,10,1909,16,48.98,783.68
30144,1,1910,22,48.98,1077.56
30144,2,1911,27,50.56,1365.12
30144,3,1912,32,47.4,1516.8
30144,4,1913,37,48.98,1812.26
30144,5,1914,17,50.56,859.52
30144,6,1915,22,47.4,1042.8
30144,7,1916,27,48.98,1322.46
30144,8,1917,32,50.56,1617.92
30144,9,1918,37,47.4,1753.8
30144,10,1919,17,48.98,832.66
30145,1,1920,19,48.98,930.62
30145,2,1921,24,50.56,1213.44
30145,3,1922,29,47.4,1374.6
30145,4,1923,34,48.98,1665.32
30145,5,1924,14,50.56,707.84
30145,6,1925,19,47.4,900.6
30145,7,1926,24,48.98,1175.52
30145,8,1927,29,50.56,1466.24
30145,9,1928,34,47.4,1611.6
30145,10,1929,14,48.98,685.72
30146,1,1930,20,48.98,979.6
30146,2,1931,25,50.56,1264.0
30146,3,1932,30,47.4,1422.0
30146,4,1933,35,48.98,1714.3
30146,5,1934,15,50.56,758.4
30146,6,1935,20,47.4,948.0
30146,7,1936,25,48.98,1224.5
30146,8,1937,30,50.56,1516.8
30146,9,1938,35,47.4,1659.0
30146,10,1939,15,48.98,734.7
30147,1,1950,22,48.98,1077.56
30147,2,1951,27,50.56,1365.12
30147,3,1952,32,47.4,1516.8
30147,4,1953,37,48.98,1812.26
30147,5,1954,17,50.56,859.52
30147,6,1955,22,47.4,1042.8
30147,7,1956,27,48.98,1322.46
30147,8,1957,32,50.56,1617.92
30147,9,1958,37,47.4,1753.8
30147,10,1959,17,48.98,832.66
30148,1,1960,19,48.98,930.62
30148,2,1961,24,50.56,1213.44
30148,3,1962,29,47.4,1374.6
30148,4,1963,34,48.98,1665.32
30148,5,1964,14,50.56,707.84
30148,6,1965,19,47.4,900.6
30148,7,1966,24,48.98,1175.52
30148,8,1967,29,50.56,1466.24
30148,9,1968,34,47.4,1611.6
30148,10,1969,14,48.98,685.72
30149,1,1970,20,48.98,979.6
30149,2,1971,25,50.56,1264.0
30149,3,1972,30,47.4,1422.0
30149,4,1973,35,48.98,1714.3
30149,5,1974,15,50.56,758.4
30149,6,1975,20,47.4,948.0
30149,7,1976,25,48.98,1224.5
30149,8,1977,30,50.56,1516.8
30149,9,1978,35,47.4,1659.0
30149,10,1979,15,48.98,734.7
30150,1,1980,21,48.98,1028.58
30150,2,1981,26,50.56,1314.56
30150,3,1982,31,47.4,1469.4
30150,4,1983,36,48.98,1763.28
30150,5,1984,16,50.56,808.96
30150,6,1985,21,47.4,995.4
30150,7,1986,26,48.98,1273.48
30150,8,1987,31,50.56,1567.36
30150,9,1988,36,47.4,1706.4
30150,10,1989,16,48.98,783.68
30151,1,2000,19,48.98,930.62
30151,2,2001,24,50.56,1213.44
30151,3,2002,29,47.4,1374.6
30151,4,2003,34,48.98,1665.32
30151,5,2004,14,50.56,707.84
30151,6,2005,19,47.4,900.6
30151,7,2006,24,48.98,1175.52
30151,8,2007,29,50.56,1466.24
30151,9,2008,34,47.4,1611.6
30151,10,2009,14,48.98,685.72
30152,1,2010,20,48.98,979.6
30152,2,2011,25,50.56,1264.0
30152,3,2012,30,47.4,1422.0
30152,4,2013,35,48.98,1714.3
30152,5,2014,15,50.56,758.4
30152,6,2015,20,47.4,948.0
30152,7,2016,25,48.98,1224.5
30152,8,2017,30,50.56,1516.8
30152,9,2018,35,47.4,1659.0
30152,10,2019,15,48.98,734.7
30153,1,2020,21,48.98,1028.58
30153,2,2021,26,50.56,1314.56
30153,3,2022,31,47.4,1469.4
30153,4,2023,36,48.98,1763.28
30153,5,2024,16,50.56,808.96
30153,6,2025,21,47.4,995.4
30153,7,2026,26,48.98,1273.48
30153,8,2027,31,50.56,1567.36
30153,9,2028,36,47.4,1706.4
30153,10,2029,16,48.98,783.68
30154,1,2030,22,48.98,1077.56
30154,2,2031,27,50.56,1365.12
30154,3,2032,32,47.4,1516.8
30154,4,2033,37,48.98,1812.26
30154,5,2034,17,50.56,859.52
30154,6,2035,22,47.4,1042.8
30154,7,2036,27,48.98,1322.46
30154,8,2037,32,50.56,1617.92
30154,9,2038,37,47.4,1753.8
30154,10,2039,17,48.98,832.66
30155,1,2050,20,48.98,979.6
30155,2,2051,25,50.56,1264.0
30155,3,2052,30,47.4,1422.0
30155,4,2053,35,48.98,1714.3
30155,5,2054,15,50.56,758.4
30155,6,2055,20,47.4,948.0
30155,7,2056,25,48.98,1224.5
30155,8,2057,30,50.56,1516.8
30155,9,2058,35,47.4,1659.0
30155,10,2059,15,48.98,734.7
30156,1,2060,21,48.98,1028.58
30156,2,2061,26,50.56,1314.56
30156,3,2062,31,47.4,1469.4
30156,4,2063,36,48.98,1763.28
30156,5,2064,16,50.56,808.96
30156,6,2065,21,47.4,995.4
30156,7,2066,26,48.98,1273.48
30156,8,2067,31,50.56,1567.36
30156,9,2068,36,47.4,1706.4
30156,10,2069,16,48.98,783.68
30157,1,2070,22,48.98,1077.56
30157,2,2071,27,50.56,1365.12
30157,3,2072,32,47.4,1516.8
30157,4,2073,37,48.98,1812.26
30157,5,2074,17,50.56,859.52
30157,6,2075,22,47.4,1042.8
30157,7,2076,27,48.98,1322.46
30157,8,2077,32,50.56,1617.92
30157,9,2078,37,47.4,1753.8
30157,10,2079,17,48.98,832.66
30158,1,2080,19,48.98,930.62
30158,2,2081,24,50.56,1213.44
30158,3,2082,29,47.4,1374.6
30158,4,2083,34,48.98,1665.32
30158,5,2084,14,50.56,707.84
30158,6,2085,19,47.4,900.6
30158,7,2086,24,48.98,1175.52
30158,8,2087,29,50.56,1466.24
30158,9,2088,34,47.4,1611.6
30158,10,2089,14,48.98,685.72
30159,1,2100,21,48.98,1028.58
30159,2,2101,26,50.56,1314.56
30159,3,2102,31,47.4,1469.4
30159,4,2103,36,48.98,1763.28
30159,5,2104,16,50.56,808.96
30159,6,2105,21,47.4,995.4
30159,7,2106,26,48.98,1273.48
30159,8,2107,31,50.56,1567.36
30159,9,2108,36,47.4,1706.4
30159,10,2109,16,48.98,783.68
30160,1,2110,22,48.98,1077.56
30160,2,2111,27,50.56,1365.12
30160,3,2112,32,47.4,1516.8
30160,4,2113,37,48.98,1812.26
30160,5,2114,17,50.56,859.52
30160,6,2115,22,47.4,1042.8
30160,7,2116,27,48.98,1322.46
30160,8,2117,32,50.56,1617.92
30160,9,2118,37,47.4,1753.8
30160,10,2119,17,48.98,832.66
30161,1,2120,19,48.98,930.62
30161,2,2121,24,50.56,1213.44
30161,3,2122,29,47.4,1374.6
30161,4,2123,34,48.98,1665.32
30161,5,2124,14,50.56,707.84
30161,6,2125,19,47.4,900.6
30161,7,2126,24,48.98,1175.52
30161,8,2127,29,50.56,1466.24
30161,9,2128,34,47.4,1611.6
30161,10,2129,14,48.98,685.72
30162,1,2130,20,48.98,979.6
30162,2,2131,25,50.56,1264.0
30162,3,2132,30,47.4,1422.0
30162,4,2133,35,48.98,1714.3
30162,5,2134,15,50.56,758.4
30162,6,2135,20,47.4,948.0
30162,7,2136,25,48.98,1224.5
30162,8,2137,30,50.56,1516.8
30162,9,2138,35,47.4,1659.0
30162,10,2139,15,48.98,734.7
30163,1,2150,22,48.98,1077.56
30163,2,2151,27,50.56,1365.12
30163,3,2152,32,47.4,1516.8
30163,4,2153,37,48.98,1812.26
30163,5,2154,17,50.56,859.52
30163,6,2155,22,47.4,1042.8
30163,7,2156,27,48.98,1322.46
30163,8,2157,32,50.56,1617.92
30163,9,2158,37,47.4,1753.8
30163,10,2159,17,48.98,832.66
30164,1,2160,19,48.98,930.62
30164,2,2161,24,50.56,1213.44
30164,3,2162,29,47.4,1374.6
30164,4,2163,34,48.98,1665.32
30164,5,2164,14,50.56,707.84
30164,6,2165,19,47.4,900.6
30164,7,2166,24,48.98,1175.52
30164,8,2167,29,50.56,1466.24
30164,9,2168,34,47.4,1611.6
30164,10,2169,14,48.98,685.72
30165,1,2170,20,48.98,979.6
30165,2,2171,25,50.56,1264.0
30165,3,2172,30,47.4,1422.0
30165,4,2173,35,48.98,1714.3
30165,5,2174,15,50.56,758.4
30165,6,2175,20,47.4,948.0
30165,7,2176,25,48.98,1224.5
30165,8,2177,30,50.56,1516.8
30165,9,2178,35,47.4,1659.0
30165,10,2179,15,48.98,734.7
30166,1,2180,21,48.98,1028.58
30166,2,2181,26,50.56,1314.56
30166,3,2182,31,47.4,1469.4
30166,4,2183,36,48.98,1763.28
30166,5,2184,16,50.56,808.96
30166,6,2185,21,47.4,995.4
30166,7,2186,26,48.98,1273.48
30166,8,2187,31,50.56,1567.36
30166,9,2188,36,47.4,1706.4
30166,10,2189,16,48.98,783.68
30167,1,2200,19,48.98,930.62
30167,2,2201,24,50.56,1213.44
30167,3,2202,29,47.4,1374.6
30167,4,2203,34,48.98,1665.32
30167,5,2204,14,50.56,707.84
30167,6,2205,19,47.4,900.6
30167,7,2206,24,48.98,1175.52
30167,8,2207,29,50.56,1466.24
30167,9,2208,34,47.4,1611.6
30167,10,2209,14,48.98,685.72
30168,1,2210,20,48.98,979.6
30168,2,2211,25,50.56,1264.0
30168,3,2212,30,47.4,1422.0
30168,4,2213,35,48.98,1714.3
30168,5,2214,15,50.56,758.4
30168,6,2215,20,47.4,948.0
30168,7,2216,25,48.98,1224.5
30168,8,2217,30,50.56,1516.8
30168,9,2218,35,47.4,1659.0
30168,10,2219,15,48.98,734.7
30169,1,2220,21,48.98,1028.58
30169,2,2221,26,50.56,1314.56
30169,3,2222,31,47.4,1469.4
30169,4,2223,36,48.98,1763.28
30169,5,2224,16,50.56,808.96
30169,6,2225,21,47.4,995.4
30169,7,2226,26,48.98,1273.48
30169,8,2227,31,50.56,1567.36
30169,9,2228,36,47.4,1706.4
30169,10,2229,16,48.98,783.68
30170,1,2230,22,48.98,1077.56
30170,2,2231,27,50.56,1365.12
30170,3,2232,32,47.4,1516.8
30170,4,2233,37,48.98,1812.26
30170,5,2234,17,50.56,859.52
30170,6,2235,22,47.4,1042.8
30170,7,2236,27,48.98,1322.46
30170,8,2237,32,50.56,1617.92
30170,9,2238,37,47.4,1753.8
30170,10,2239,17,48.98,832.66
30171,1,2250,20,48.98,979.6
30171,2,2251,25,50.56,1264.0
30171,3,2252,30,47.4,1422.0
30171,4,2253,35,48.98,1714.3
30171,5,2254,15,50.56,758.4
30171,6,2255,20,47.4,948.0
30171,7,2256,25,48.98,1224.5
30171,8,2257,30,50.56,1516.8
30171,9,2258,35,47.4,1659.0
30171,10,2259,15,48.98,734.7
30172,1,2260,21,48.98,1028.58
30172,2,2261,26,50.56,1314.56
30172,3,2262,31,47.4,1469.4
30172,4,2263,36,48.98,1763.28
30172,5,2264,16,50.56,808.96
30172,6,2265,21,47.4,995.4
30172,7,2266,26,48.98,1273.48
30172,8,2267,31,50.56,1567.36
30172,9,2268,36,47.4,1706.4
30172,10,2269,16,48.98,783.68
30173,1,2270,22,48.98,1077.56
30173,2,2271,27,50.56,1365.12
30173,3,2272,32,47.4,1516.8
30173,4,2273,37,48.98,1812.26
30173,5,2274,17,50.56,859.52
30173,6,2275,22,47.4,1042.8
30173,7,2276,27,48.98,1322.46
30173,8,2277,32,50.56,1617.92
30173,9,2278,37,47.4,1753.8
30173,10,2279,17,48.98,832.66
30174,1,2280,19,48.98,930.62
30174,2,2281,24,50.56,1213.44
30174,3,2282,29,47.4,1374.6
30174,4,2283,34,48.98,1665.32
30174,5,2284,14,50.56,707.84
30174,6,2285,19,47.4,900.6
30174,7,2286,24,48.98,1175.52
30174,8,2287,29,50.56,1466.24
30174,9,2288,34,47.4,1611.6
30174,10,2289,14,48.98,685.72
30175,1,2300,21,48.98,1028.58
30175,2,2301,26,50.56,1314.56
30175,3,2302,31,47.4,1469.4
30175,4,2303,36,48.98,1763.28
30175,5,2304,16,50.56,808.96
30175,6,2305,21,47.4,995.4
30175,7,2306,26,48.98,1273.48
30175,8,2307,31,50.56,1567.36
30175,9,2308,36,47.4,1706.4
30175,10,2309,16,48.98,783.68
30176,1,2310,22,48.98,1077.56
30176,2,2311,27,50.56,1365.12
30176,3,2312,32,47.4,1516.8
30176,4,2313,37,48.98,1812.26
30176,5,2314,17,50.56,859.52
30176,6,2315,22,47.4,1042.8
30176,7,2316,27,48.98,1322.46
30176,8,2317,32,50.56,1617.92
30176,9,2318,37,47.4,1753.8
30176,10,2319,17,48.98,832.66
30177,1,2320,19,48.98,930.62
30177,2,2321,24,50.56,1213.44
30177,3,2322,29,47.4,1374.6
30177,4,2323,34,48.98,1665.32
30177,5,2324,14,50.56,707.84
30177,6,2325,19,47.4,900.6
30177,7,2326,24,48.98,1175.52
30177,8,2327,29,50.56,1466.24
30177,9,2328,34,47.4,1611.6
30177,10,2329,14,48.98,685.72
30178,1,2330,20,48.98,979.6
30178,2,2331,25,50.56,1264.0
30178,3,2332,30,47.4,1422.0
30178,4,2333,35,48.98,1714.3
30178,5,2334,15,50.56,758.4
30178,6,2335,20,47.4,948.0
30178,7,2336,25,48.98,1224.5
30178,8,2337,30,50.56,1516.8
30178,9,2338,35,47.4,1659.0
30178,10,2339,15,48.98,734.7
30179,1,2350,22,48.98,1077.56
30179,2,2351,27,50.56,1365.12
30179,3,2352,32,47.4,1516.8
30179,4,2353,37,48.98,1812.26
30179,5,2354,17,50.56,859.52
30179,6,2355,22,47.4,1042.8
30179,7,2356,27,48.98,1322.46
30179,8,2357,32,50.56,1617.92
30179,9,2358,37,47.4,1753.8
30179,10,2359,17,48.98,832.66
30180,1,2360,19,48.98,930.62
30180,2,2361,24,50.56,1213.44
30180,3,2362,29,47.4,1374.6
30180,4,2363,34,48.98,1665.32
30180,5,2364,14,50.56,707.84
30180,6,2365,19,47.4,900.6
30180,7,2366,24,48.98,1175.52
30180,8,2367,29,50.56,1466.24
30180,9,2368,34,47.4,1611.6
30180,10,2369,14,48.98,685.72
30181,1,2370,20,48.98,979.6
30181,2,2371,25,50.56,1264.0
30181,3,2372,30,47.4,1422.0
30181,4,2373,35,48.98,1714.3
30181,5,2374,15,50.56,758.4
30181,6,2375,20,47.4,948.0
30181,7,2376,25,48.98,1224.5
30181,8,2377,30,50.56,1516.8
30181,9,2378,35,47.4,1659.0
30181,10,2379,15,48.98,734.7
30182,1,2380,21,48.98,1028.58
30182,2,2381,26,50.56,1314.56
30182,3,2382,31,47.4,1469.4
30182,4,2383,36,48.98,1763.28
30182,5,2384,16,50.56,808.96
30182,6,2385,21,47.4,995.4
30182,7,2386,26,48.98,1273.48
30182,8,2387,31,50.56,1567.36
30182,9,2388,36,47.4,1706.4
30182,10,2389,16,48.98,783.68
30183,1,2400,19,48.98,930.62
30183,2,2401,24,50.56,1213.44
30183,3,2402,29,47.4,1374.6
30183,4,2403,34,48.98,1665.32
30183,5,2404,14,50.56,707.84
30183,6,2405,19,47.4,900.6
30183,7,2406,24,48.98,1175.52
30183,8,2407,29,50.56,1466.24
30183,9,2408,34,47.4,1611.6
30183,10,2409,14,48.98,685.72
30184,1,2410,20,48.98,979.6
30184,2,2411,25,50.56,1264.0
30184,3,2412,30,47.4,1422.0
30184,4,2413,35,48.98,1714.3
30184,5,2414,15,50.56,758.4
30184,6,2415,20,47.4,948.0
30184,7,2416,25,48.98,1224.5
30184,8,2417,30,50.56,1516.8
30184,9,2418,35,47.4,1659.0
30184,10,2419,15,48.98,734.7
30185,1,2420,21,48.98,1028.58
30185,2,2421,26,50.56,1314.56
30185,3,2422,31,47.4,1469.4
30185,4,2423,36,48.98,1763.28
30185,5,2424,16,50.56,808.96
30185,6,2425,21,47.4,995.4
30185,7,2426,26,48.98,1273.48
30185,8,2427,31,50.56,1567.36
30185,9,2428,36,47.4,1706.4
30185,10,2429,16,48.98,783.68
30186,1,2430,22,48.98,1077.56
30186,2,2431,27,50.56,1365.12
30186,3,2432,32,47.4,1516.8
30186,4,2433,37,48.98,1812.26
30186,5,2434,17,50.56,859.52
30186,6,2435,22,47.4,1042.8
30186,7,2436,27,48.98,1322.46
30186,8,2437,32,50.56,1617.92
30186,9,2438,37,47.4,1753.8
30186,10,2439,17,48.98,832.66
30187,1,2450,20,48.98,979.6
30187,2,2451,25,50.56,1264.0
30187,3,2452,30,47.4,1422.0
30187,4,2453,35,48.98,1714.3
30187,5,2454,15,50.56,758.4
30187,6,2455,20,47.4,948.0
30187,7,2456,25,48.98,1224.5
30187,8,2457,30,50.56,1516.8
30187,9,2458,35,47.4,1659.0
30187,10,2459,15,48.98,734.7
30188,1,2460,21,48.98,1028.58
30188,2,2461,26,50.56,1314.56
30188,3,2462,31,47.4,1469.4
30188,4,2463,36,48.98,1763.28
30188,5,2464,16,50.56,808.96
30188,6,2465,21,47.4,995.4
30188,7,2466,26,48.98,1273.48
30188,8,2467,31,50.56,1567.36
30188,9,2468,36,47.4,1706.4
30188,10,2469,16,48.98,783.68
30189,1,2470,22,48.98,1077.56
30189,2,2471,27,50.56,1365.12
30189,3,2472,32,47.4,1516.8
30189,4,2473,37,48.98,1812.26
30189,5,2474,17,50.56,859.52
30189,6,2475,22,47.4,1042.8
30189,7,2476,27,48.98,1322.46
30189,8,2477,32,50.56,1617.92
30189,9,2478,37,47.4,1753.8
30189,10,2479,17,48.98,832.66
30190,1,2480,19,48.98,930.62
30190,2,2481,24,50.56,1213.44
30190,3,2482,29,47.4,1374.6
30190,4,2483,34,48.98,1665.32
30190,5,2484,14,50.56,707.84
30190,6,2485,19,47.4,900.6
30190,7,2486,24,48.98,1175.52
30190,8,2487,29,50.56,1466.24
30190,9,2488,34,47.4,1611.6
30190,10,2489,14,48.98,685.72
30191,1,2500,21,48.98,1028.58
30191,2,2501,26,50.56,1314.56
30191,3,2502,31,47.4,1469.4
30191,4,2503,36,48.98,1763.28
30191,5,2504,16,50.56,808.96
30191,6,2505,21,47.4,995.4
30191,7,2506,26,48.98,1273.48
30191,8,2507,31,50.56,1567.36
30191,9,2508,36,47.4,1706.4
30191,10,2509,16,48.98,783.68
30192,1,2510,22,48.98,1077.56
30192,2,2511,27,50.56,1365.12
30192,3,2512,32,47.4,1516.8
30192,4,2513,37,48.98,1812.26
30192,5,2514,17,50.56,859.52
30192,6,2515,22,47.4,1042.8
30192,7,2516,27,48.98,1322.46
30192,8,2517,32,50.56,1617.92
30192,9,2518,37,47.4,1753.8
30192,10,2519,17,48.98,832.66
30193,1,2520,19,48.98,930.62
30193,2,2521,24,50.56,1213.44
30193,3,2522,29,47.4,1374.6
30193,4,2523,34,48.98,1665.32
30193,5,2524,14,50.56,707.84
30193,6,2525,19,47.4,900.6
30193,7,2526,24,48.98,1175.52
30193,8,2527,29,50.56,1466.24
30193,9,2528,34,47.4,1611.6
30193,10,2529,14,48.98,685.72
30194,1,2530,20,48.98,979.6
30194,2,2531,25,50.56,1264.0
30194,3,2532,30,47.4,1422.0
30194,4,2533,35,48.98,1714.3
30194,5,2534,15,50.56,758.4
30194,6,2535,20,47.4,948.0
30194,7,2536,25,48.98,1224.5
30194,8,2537,30,50.56,1516.8
30194,9,2538,35,47.4,1659.0
30194,10,2539,15,48.98,734.7
30195,1,2550,22,48.98,1077.56
30195,2,2551,27,50.56,1365.12
30195,3,2552,32,47.4,1516.8
30195,4,2553,37,48.98,1812.26
30195,5,2554,17,50.56,859.52
30195,6,2555,22,47.4,1042.8
30195,7,2556,27,48.98,1322.46
30195,8,2557,32,50.56,1617.92
30195,9,2558,37,47.4,1753.8
30195,10,2559,17,48.98,832.66
30196,1,2560,19,48.98,930.62
30196,2,2561,24,50.56,1213.44
30196,3,2562,29,47.4,1374.6
30196,4,2563,34,48.98,1665.32
30196,5,2564,14,50.56,707.84
30196,6,2565,19,47.4,900.6
30196,7,2566,24,48.98,1175.52
30196,8,2567,29,50.56,1466.24
30196,9,2568,34,47.4,1611.6
30196,10,2569,14,48.98,685.72
30197,1,2570,20,48.98,979.6
30197,2,2571,25,50.56,1264.0
30197,3,2572,30,47.4,1422.0
30197,4,2573,35,48.98,1714.3
30197,5,2574,15,50.56,758.4
30197,6,2575,20,47.4,948.0
30197,7,2576,25,48.98,1224.5
30197,8,2577,30,50.56,1516.8
30197,9,2578,35,47.4,1659.0
30197,10,2579,15,48.98,734.7
30198,1,2580,21,48.98,1028.58
30198,2,2581,26,50.56,1314.56
30198,3,2582,31,47.4,1469.4
30198,4,2583,36,48.98,1763.28
30198,5,2584,16,50.56,808.96
30198,6,2585,21,47.4,995.4
30198,7,2586,26,48.98,1273.48
30198,8,2587,31,50.56,1567.36
30198,9,2588,36,47.4,1706.4
30198,10,2589,16,48.98,783.68
30199,1,2600,19,48.98,930.62
30199,2,2601,24,50.56,1213.44
30199,3,2602,29,47.4,1374.6
30199,4,2603,34,48.98,1665.32
30199,5,2604,14,50.56,707.84
30199,6,2605,19,47.4,900.6
30199,7,2606,24,48.98,1175.52
30199,8,2607,29,50.56,1466.24
30199,9,2608,34,47.4,1611.6
30199,10,2609,14,48.98,685.72
30200,1,2610,20,48.98,979.6
30200,2,2611,25,50.56,1264.0
30200,3,2612,30,47.4,1422.0
30200,4,2613,35,48.98,1714.3
30200,5,2614,15,50.56,758.4
30200,6,2615,20,47.4,948.0
30200,7,2616,25,48.98,1224.5
30200,8,2617,30,50.56,1516.8
30200,9,2618,35,47.4,1659.0
30200,10,2619,15,48.98,734.7
30201,1,2620,21,48.98,1028.58
30201,2,2621,26,50.56,1314.56
30201,3,2622,31,47.4,1469.4
30201,4,2623,36,48.98,1763.28
30201,5,2624,16,50.56,808.96
30201,6,2625,21,47.4,995.4
30201,7,2626,26,48.98,1273.48
30201,8,2627,31,50.56,1567.36
30201,9,2628,36,47.4,1706.4
30201,10,2629,16,48.98,783.68
30202,1,2630,22,48.98,1077.56
30202,2,2631,27,50.56,1365.12
30202,3,2632,32,47.4,1516.8
30202,4,2633,37,48.98,1812.26
30202,5,2634,17,50.56,859.52
30202,6,2635,22,47.4,1042.8
30202,7,2636,27,48.98,1322.46
30202,8,2637,32,50.56,1617.92
30202,9,2638,37,47.4,1753.8
30202,10,2639,17,48.98,832.66
30203,1,2650,20,48.98,979.6
30203,2,2651,25,50.56,1264.0
30203,3,2652,30,47.4,1422.0
30203,4,2653,35,48.98,1714.3
30203,5,2654,15,50.56,758.4
30203,6,2655,20,47.4,948.0
30203,7,2656,25,48.98,1224.5
30203,8,2657,30,50.56,1516.8
30203,9,2658,35,47.4,1659.0
30203,10,2659,15,48.98,734.7
30204,1,2660,21,48.98,1028.58
30204,2,2661,26,50.56,1314.56
30204,3,2662,31,47.4,1469.4
30204,4,2663,36,48.98,1763.28
30204,5,2664,16,50.56,808.96
30204,6,2665,21,47.4,995.4
30204,7,2666,26,48.98,1273.48
30204,8,2667,31,50.56,1567.36
30204,9,2668,36,47.4,1706.4
30204,10,2669,16,48.98,783.68
30205,1,2670,22,48.98,1077.56
30205,2,2671,27,50.56,1365.12
30205,3,2672,32,47.4,1516.8
30205,4,2673,37,48.98,1812.26
30205,5,2674,17,50.56,859.52
30205,6,2675,22,47.4,1042.8
30205,7,2676,27,48.98,1322.46
30205,8,2677,32,50.56,1617.92
30205,9,2678,37,47.4,1753.8
30205,10,2679,17,48.98,832.66
30206,1,2680,19,48.98,930.62
30206,2,2681,24,50.56,1213.44
30206,3,2682,29,47.4,1374.6
30206,4,2683,34,48.98,1665.32
30206,5,2684,14,50.56,707.84
30206,6,2685,19,47.4,900.6
30206,7,2686,24,48.98,1175.52
30206,8,2687,29,50.56,1466.24
30206,9,2688,34,47.4,1611.6
30206,10,2689,14,48.98,685.72
30207,1,2700,21,48.98,1028.58
30207,2,2701,26,50.56,1314.56
30207,3,2702,31,47.4,1469.4
30207,4,2703,36,48.98,1763.28
30207,5,2704,16,50.56,808.96
30207,6,2705,21,47.4,995.4
30207,7,2706,26,48.98,1273.48
30207,8,2707,31,50.56,1567.36
30207,9,2708,36,47.4,1706.4
30207,10,2709,16,48.98,783.68
30208,1,2710,22,48.98,1077.56
30208,2,2711,27,50.56,1365.12
30208,3,2712,32,47.4,1516.8
30208,4,2713,37,48.98,1812.26
30208,5,2714,17,50.56,859.52
30208,6,2715,22,47.4,1042.8
30208,7,2716,27,48.98,1322.46
30208,8,2717,32,50.56,1617.92
30208,9,2718,37,47.4,1753.8
30208,10,2719,17,48.98,832.66
30209,1,2720,19,48.98,930.62
30209,2,2721,24,50.56,1213.44
30209,3,2722,29,47.4,1374.6
30209,4,2723,34,48.98,1665.32
30209,5,2724,14,50.56,707.84
30209,6,2725,19,47.4,900.6
30209,7,2726,24,48.98,1175.52
30209,8,2727,29,50.56,1466.24
30209,9,2728,34,47.4,1611.6
30209,10,2729,14,48.98,685.72
30210,1,2730,20,48.98,979.6
30210,2,2731,25,50.56,1264.0
30210,3,2732,30,47.4,1422.0
30210,4,2733,35,48.98,1714.3
30210,5,2734,15,50.56,758.4
30210,6,2735,20,47.4,948.0
30210,7,2736,25,48.98,1224.5
30210,8,2737,30,50.56,1516.8
30210,9,2738,35,47.4,1659.0
30210,10,2739,15,48.98,734.7
30211,1,2750,22,48.98,1077.56
30211,2,2751,27,50.56,1365.12
30211,3,2752,32,47.4,1516.8
30211,4,2753,37,48.98,1812.26
30211,5,2754,17,50.56,859.52
30211,6,2755,22,47.4,1042.8
30211,7,2756,27,48.98,1322.46
30211,8,2757,32,50.56,1617.92
30211,9,2758,37,47.4,1753.8
30211,10,2759,17,48.98,832.66
30212,1,2760,19,48.98,930.62
30212,2,2761,24,50.56,1213.44
30212,3,2762,29,47.4,1374.6
30212,4,2763,34,48.98,1665.32
30212,5,2764,14,50.56,707.84
30212,6,2765,19,47.4,900.6
30212,7,2766,24,48.98,1175.52
30212,8,2767,29,50.56,1466.24
30212,9,2768,34,47.4,1611.6
30212,10,2769,14,48.98,685.72
30213,1,2770,20,48.98,979.6
30213,2,2771,25,50.56,1264.0
30213,3,2772,30,47.4,1422.0
30213,4,2773,35,48.98,1714.3
30213,5,2774,15,50.56,758.4
30213,6,2775,20,47.4,948.0
30213,7,2776,25,48.98,1224.5
30213,8,2777,30,50.56,1516.8
30213,9,2778,35,47.4,1659.0
30213,10,2779,15,48.98,734.7
30214,1,2780,21,48.98,1028.58
30214,2,2781,26,50.56,1314.56
30214,3,2782,31,47.4,1469.4
30214,4,2783,36,48.98,1763.28
30214,5,2784,16,50.56,808.96
30214,6,2785,21,47.4,995.4
30214,7,2786,26,48.98,1273.48
30214,8,2787,31,50.56,1567.36
30214,9,2788,36,47.4,1706.4
30214,10,2789,16,48.98,783.68
30215,1,2800,19,48.98,930.62
30215,2,2801,24,50.56,1213.44
30215,3,2802,29,47.4,1374.6
30215,4,2803,34,48.98,1665.32
30215,5,2804,14,50.56,707.84
30215,6,2805,19,47.4,900.6
30215,7,2806,24,48.98,1175.52
30215,8,2807,29,50.56,1466.24
30215,9,2808,34,47.4,1611.6
30215,10,2809,14,48.98,685.72
30216,1,2810,20,48.98,979.6
30216,2,2811,25,50.56,1264.0
30216,3,2812,30,47.4,1422.0
30216,4,2813,35,48.98,1714.3
30216,5,2814,15,50.56,758.4
30216,6,2815,20,47.4,948.0
30216,7,2816,25,48.98,1224.5
30216,8,2817,30,50.56,1516.8
30216,9,2818,35,47.4,1659.0
30216,10,2819,15,48.98,734.7
30217,1,2820,21,48.98,1028.58
30217,2,2821,26,50.56,1314.56
30217,3,2822,31,47.4,1469.4
30217,4,2823,36,48.98,1763.28
30217,5,2824,16,50.56,808.96
30217,6,2825,21,47.4,995.4
30217,7,2826,26,48.98,1273.48
30217,8,2827,31,50.56,1567.36
30217,9,2828,36,47.4,1706.4
30217,10,2829,16,48.98,783.68
30218,1,2830,22,48.98,1077.56
30218,2,2831,27,50.56,1365.12
30218,3,2832,32,47.4,1516.8
30218,4,2833,37,48.98,1812.26
30218,5,2834,17,50.56,859.52
30218,6,2835,22,47.4,1042.8
30218,7,2836,27,48.98,1322.46
30218,8,2837,32,50.56,1617.92
30218,9,2838,37,47.4,1753.8
30218,10,2839,17,48.98,832.66
30219,1,2850,20,48.98,979.6
30219,2,2851,25,50.56,1264.0
30219,3,2852,30,47.4,1422.0
30219,4,2853,35,48.98,1714.3
30219,5,2854,15,50.56,758.4
30219,6,2855,20,47.4,948.0
30219,7,2856,25,48.98,1224.5
30219,8,2857,30,50.56,1516.8
30219,9,2858,35,47.4,1659.0
30219,10,2859,15,48.98,734.7
30220,1,2860,21,48.98,1028.58
30220,2,2861,26,50.56,1314.56
30220,3,2862,31,47.4,1469.4
30220,4,2863,36,48.98,1763.28
30220,5,2864,16,50.56,808.96
30220,6,2865,21,47.4,995.4
30220,7,2866,26,48.98,1273.48
30220,8,2867,31,50.56,1567.36
30220,9,2868,36,47.4,1706.4
30220,10,2869,16,48.98,783.68
30221,1,2870,22,48.98,1077.56
30221,2,2871,27,50.56,1365.12
30221,3,2872,32,47.4,1516.8
30221,4,2873,37,48.98,1812.26
30221,5,2874,17,50.56,859.52
30221,6,2875,22,47.4,1042.8
30221,7,2876,27,48.98,1322.46
30221,8,2877,32,50.56,1617.92
30221,9,2878,37,47.4,1753.8
30221,10,2879,17,48.98,832.66
30222,1,2880,19,48.98,930.62
30222,2,2881,24,50.56,1213.44
30222,3,2882,29,47.4,1374.6
30222,4,2883,34,48.98,1665.32
30222,5,2884,14,50.56,707.84
30222,6,2885,19,47.4,900.6
30222,7,2886,24,48.98,1175.52
30222,8,2887,29,50.56,1466.24
30222,9,2888,34,47.4,1611.6
30222,10,2889,14,48.98,685.72
30223,1,2900,21,48.98,1028.58
30223,2,2901,26,50.56,1314.56
30223,3,2902,31,47.4,1469.4
30223,4,2903,36,48.98,1763.28
30223,5,2904,16,50.56,808.96
30223,6,2905,21,47.4,995.4
30223,7,2906,26,48.98,1273.48
30223,8,2907,31,50.56,1567.36
30223,9,2908,36,47.4,1706.4
30223,10,2909,16,48.98,783.68
30224,1,2910,22,48.98,1077.56
30224,2,2911,27,50.56,1365.12
30224,3,2912,32,47.4,1516.8
30224,4,2913,37,48.98,1812.26
30224,5,2914,17,50.56,859.52
30224,6,2915,22,47.4,1042.8
30224,7,2916,27,48.98,1322.46
30224,8,2917,32,50.56,1617.92
30224,9,2918,37,47.4,1753.8
30224,10,2919,17,48.98,832.66
30225,1,2920,19,48.98,930.62
30225,2,2921,24,50.56,1213.44
30225,3,2922,29,47.4,1374.6
30225,4,2923,34,48.98,1665.32
30225,5,2924,14,50.56,707.84
30225,6,2925,19,47.4,900.6
30225,7,2926,24,48.98,1175.52
30225,8,2927,29,50.56,1466.24
30225,9,2928,34,47.4,1611.6
30225,10,2929,14,48.98,685.72
30226,1,2930,20,48.98,979.6
30226,2,2931,25,50.56,1264.0
30226,3,2932,30,47.4,1422.0
30226,4,2933,35,48.98,1714.3
30226,5,2934,15,50.56,758.4
30226,6,2935,20,47.4,948.0
30226,7,2936,25,48.98,1224.5
30226,8,2937,30,50.56,1516.8
30226,9,2938,35,47.4,1659.0
30226,10,2939,15,48.98,734.7
30227,1,2950,22,48.98,1077.56
30227,2,2951,27,50.56,1365.12
30227,3,2952,32,47.4,1516.8
30227,4,2953,37,48.98,1812.26
30227,5,2954,17,50.56,859.52
30227,6,2955,22,47.4,1042.8
30227,7,2956,27,48.98,1322.46
30227,8,2957,32,50.56,1617.92
30227,9,2958,37,47.4,1753.8
30227,10,2959,17,48.98,832.66
30228,1,2960,19,48.98,930.62
30228,2,2961,24,50.56,1213.44
30228,3,2962,29,47.4,1374.6
30228,4,2963,34,48.98,1665.32
30228,5,2964,14,50.56,707.84
30228,6,2965,19,47.4,900.6
30228,7,2966,24,48.98,1175.52
30228,8,2967,29,50.56,1466.24
30228,9,2968,34,47.4,1611.6
30228,10,2969,14,48.98,685.72
30229,1,2970,20,48.98,979.6
30229,2,2971,25,50.56,1264.0
30229,3,2972,30,47.4,1422.0
30229,4,2973,35,48.98,1714.3
30229,5,2974,15,50.56,758.4
30229,6,2975,20,47.4,948.0
30229,7,2976,25,48.98,1224.5
30229,8,2977,30,50.56,1516.8
30229,9,2978,35,47.4,1659.0
30229,10,2979,15,48.98,734.7
30230,1,2980,21,48.98,1028.58
30230,2,2981,26,50.56,1314.56
30230,3,2982,31,47.4,1469.4
30230,4,2983,36,48.98,1763.28
30230,5,2984,16,50.56,808.96
30230,6,2985,21,47.4,995.4
30230,7,2986,26,48.98,1273.48
30230,8,2987,31,50.56,1567.36
30230,9,2988,36,47.4,1706.4
30230,10,2989,16,48.98,783.68
30231,1,3000,19,48.98,930.62
30231,2,3001,24,50.56,1213.44
30231,3,3002,29,47.4,1374.6
30231,4,3003,34,48.98,1665.32
30231,5,3004,14,50.56,707.84
30231,6,3005,19,47.4,900.6
30231,7,3006,24,48.98,1175.52
30231,8,3007,29,50.56,1466.24
30231,9,3008,34,47.4,1611.6
30231,10,3009,14,48.98,685.72
30232,1,3010,20,48.98,979.6
30232,2,3011,25,50.56,1264.0
30232,3,3012,30,47.4,1422.0
30232,4,3013,35,48.98,1714.3
30232,5,3014,15,50.56,758.4
30232,6,3015,20,47.4,948.0
30232,7,3016,25,48.98,1224.5
30232,8,3017,30,50.56,1516.8
30232,9,3018,35,47.4,1659.0
30232,10,3019,15,48.98,734.7
30233,1,3020,21,48.98,1028.58
30233,2,3021,26,50.56,1314.56
30233,3,3022,31,47.4,1469.4
30233,4,3023,36,48.98,1763.28
30233,5,3024,16,50.56,808.96
30233,6,3025,21,47.4,995.4
30233,7,3026,26,48.98,1273.48
30233,8,3027,31,50.56,1567.36
30233,9,3028,36,47.4,1706.4
30233,10,3029,16,48.98,783.68
30234,1,3030,22,48.98,1077.56
30234,2,3031,27,50.56,1365.12
30234,3,3032,32,47.4,1516.8
30234,4,3033,37,48.98,1812.26
30234,5,3034,17,50.56,859.52
30234,6,3035,22,47.4,1042.8
30234,7,3036,27,48.98,1322.46
30234,8,3037,32,50.56,1617.92
30234,9,3038,37,47.4,1753.8
30234,10,3039,17,48.98,832.66
30235,1,3050,20,48.98,979.6
30235,2,3051,25,50.56,1264.0
30235,3,3052,30,47.4,1422.0
30235,4,3053,35,48.98,1714.3
30235,5,3054,15,50.56,758.4
30235,6,3055,20,47.4,948.0
30235,7,3056,25,48.98,1224.5
30235,8,3057,30,50.56,1516.8
30235,9,3058,35,47.4,1659.0
30235,10,3059,15,48.98,734.7
30236,1,3060,21,48.98,1028.58
30236,2,3061,26,50.56,1314.56
30236,3,3062,31,47.4,1469.4
30236,4,3063,36,48.98,1763.28
30236,5,3064,16,50.56,808.96
30236,6,3065,21,47.4,995.4
30236,7,3066,26,48.98,1273.48
30236,8,3067,31,50.56,1567.36
30236,9,3068,36,47.4,1706.4
30236,10,3069,16,48.98,783.68
30237,1,3070,22,48.98,1077.56
30237,2,3071,27,50.56,1365.12
30237,3,3072,32,47.4,1516.8
30237,4,3073,37,48.98,1812.26
30237,5,3074,17,50.56,859.52
30237,6,3075,22,47.4,1042.8
30237,7,3076,27,48.98,1322.46
30237,8,3077,32,50.56,1617.92
30237,9,3078,37,47.4,1753.8
30237,10,3079,17,48.98,832.66
30238,1,3080,19,48.98,930.62
30238,2,3081,24,50.56,1213.44
30238,3,3082,29,47.4,1374.6
30238,4,3083,34,48.98,1665.32
30238,5,3084,14,50.56,707.84
30238,6,3085,19,47.4,900.6
30238,7,3086,24,48.98,1175.52
30238,8,3087,29,50.56,1466.24
30238,9,3088,34,47.4,1611.6
30238,10,3089,14,48.98,685.72
30239,1,3100,21,48.98,1028.58
30239,2,3101,26,50.56,1314.56
30239,3,3102,31,47.4,1469.4
30239,4,3103,36,48.98,1763.28
30239,5,3104,16,50.56,808.96
30239,6,3105,21,47.4,995.4
30239,7,3106,26,48.98,1273.48
30239,8,3107,31,50.56,1567.36
30239,9,3108,36,47.4,1706.4
30239,10,3109,16,48.98,783.68
30240,1,3110,22,48.98,1077.56
30240,2,3111,27,50.56,1365.12
30240,3,3112,32,47.4,1516.8
30240,4,3113,37,48.98,1812.26
30240,5,3114,17,50.56,859.52
30240,6,3115,22,47.4,1042.8
30240,7,3116,27,48.98,1322.46
30240,8,3117,32,50.56,1617.92
30240,9,3118,37,47.4,1753.8
30240,10,3119,17,48.98,832.66
30241,1,3120,19,48.98,930.62
30241,2,3121,24,50.56,1213.44
30241,3,3122,29,47.4,1374.6
30241,4,3123,34,48.98,1665.32
30241,5,3124,14,50.56,707.84
30241,6,3125,19,47.4,900.6
30241,7,3126,24,48.98,1175.52
30241,8,3127,29,50.56,1466.24
30241,9,3128,34,47.4,1611.6
30241,10,3129,14,48.98,685.72
30242,1,3130,20,48.98,979.6
30242,2,3131,25,50.56,1264.0
30242,3,3132,30,47.4,1422.0
30242,4,3133,35,48.98,1714.3
30242,5,3134,15,50.56,758.4
30242,6,3135,20,47.4,948.0
30242,7,3136,25,48.98,1224.5
30242,8,3137,30,50.56,1516.8
30242,9,3138,35,47.4,1659.0
30242,10,3139,15,48.98,734.7
30243,1,3150,22,48.98,1077.56
30243,2,3151,27,50.56,1365.12
30243,3,3152,32,47.4,1516.8
30243,4,3153,37,48.98,1812.26
30243,5,3154,17,50.56,859.52
30243,6,3155,22,47.4,1042.8
30243,7,3156,27,48.98,1322.46
30243,8,3157,32,50.56,1617.92
30243,9,3158,37,47.4,1753.8
30243,10,3159,17,48.98,832.66
30244,1,3160,19,48.98,930.62
30244,2,3161,24,50.56,1213.44
30244,3,3162,29,47.4,1374.6
30244,4,3163,34,48.98,1665.32
30244,5,3164,14,50.56,707.84
30244,6,3165,19,47.4,900.6
30244,7,3166,24,48.98,1175.52
30244,8,3167,29,50.56,1466.24
30244,9,3168,34,47.4,1611.6
30244,10,3169,14,48.98,685.72
30245,1,3170,20,48.98,979.6
30245,2,3171,25,50.56,1264.0
30245,3,3172,30,47.4,1422.0
30245,4,3173,35,48.98,1714.3
30245,5,3174,15,50.56,758.4
30245,6,3175,20,47.4,948.0
30245,7,3176,25,48.98,1224.5
30245,8,3177,30,50.56,1516.8
30245,9,3178,35,47.4,1659.0
30245,10,3179,15,48.98,734.7
30246,1,3180,21,48.98,1028.58
30246,2,3181,26,50.56,1314.56
30246,3,3182,31,47.4,1469.4
30246,4,3183,36,48.98,1763.28
30246,5,3184,16,50.56,808.96
30246,6,3185,21,47.4,995.4
30246,7,3186,26,48.98,1273.48
30246,8,3187,31,50.56,1567.36
30246,9,3188,36,47.4,1706.4
30246,10,3189,16,48.98,783.68
30247,1,3200,19,48.98,930.62
30247,2,3201,24,50.56,1213.44
30247,3,3202,29,47.4,1374.6
30247,4,3203,34,48.98,1665.32
30247,5,3204,14,50.56,707.84
30247,6,3205,19,47.4,900.6
30247,7,3206,24,48.98,1175.52
30247,8,3207,29,50.56,1466.24
30247,9,3208,34,47.4,1611.6
30247,10,3209,14,48.98,685.72
30248,1,3210,20,48.98,979.6
30248,2,3211,25,50.56,1264.0
30248,3,3212,30,47.4,1422.0
30248,4,3213,35,48.98,1714.3
30248,5,3214,15,50.56,758.4
30248,6,3215,20,47.4,948.0
30248,7,3216,25,48.98,1224.5
30248,8,3217,30,50.56,1516.8
30248,9,3218,35,47.4,1659.0
30248,10,3219,15,48.98,734.7
30249,1,3220,21,48.98,1028.58
30249,2,3221,26,50.56,1314.56
30249,3,3222,31,47.4,1469.4
30249,4,3223,36,48.98,1763.28
30249,5,3224,16,50.56,808.96
30249,6,3225,21,47.4,995.4
30249,7,3226,26,48.98,1273.48
30249,8,3227,31,50.56,1567.36
30249,9,3228,36,47.4,1706.4
30249,10,3229,16,48.98,783.68
30250,1,3230,22,48.98,1077.56
30250,2,3231,27,50.56,1365.12
30250,3,3232,32,47.4,1516.8
30250,4,3233,37,48.98,1812.26
30250,5,3234,17,50.56,859.52
30250,6,3235,22,47.4,1042.8
30250,7,3236,27,48.98,1322.46
30250,8,3237,32,50.56,1617.92
30250,9,3238,37,47.4,1753.8
30250,10,3239,17,48.98,832.66
30251,1,3250,20,48.98,979.6
30251,2,3251,25,50.56,1264.0
30251,3,3252,30,47.4,1422.0
30251,4,3253,35,48.98,1714.3
30251,5,3254,15,50.56,758.4
30251,6,3255,20,47.4,948.0
30251,7,3256,25,48.98,1224.5
30251,8,3257,30,50.56,1516.8
30251,9,3258,35,47.4,1659.0
30251,10,3259,15,48.98,734.7
30252,1,3260,21,48.98,1028.58
30252,2,3261,26,50.56,1314.56
30252,3,3262,31,47.4,1469.4
30252,4,3263,36,48.98,1763.28
30252,5,3264,16,50.56,808.96
30252,6,3265,21,47.4,995.4
30252,7,3266,26,48.98,1273.48
30252,8,3267,31,50.56,1567.36
30252,9,3268,36,47.4,1706.4
30252,10,3269,16,48.98,783.68
30253,1,3270,22,48.98,1077.56
30253,2,3271,27,50.56,1365.12
30253,3,3272,32,47.4,1516.8
30253,4,3273,37,48.98,1812.26
30253,5,3274,17,50.56,859.52
30253,6,3275,22,47.4,1042.8
30253,7,3276,27,48.98,1322.46
30253,8,3277,32,50.56,1617.92
30253,9,3278,37,47.4,1753.8
30253,10,3279,17,48.98,832.66
30254,1,3280,19,48.98,930.62
30254,2,3281,24,50.56,1213.44
30254,3,3282,29,47.4,1374.6
30254,4,3283,34,48.98,1665.32
30254,5,3284,14,50.56,707.84
30254,6,3285,19,47.4,900.6
30254,7,3286,24,48.98,1175.52
30254,8,3287,29,50.56,1466.24
30254,9,3288,34,47.4,1611.6
30254,10,3289,14,48.98,685.72
30255,1,3300,21,48.98,1028.58
30255,2,3301,26,50.56,1314.56
30255,3,3302,31,47.4,1469.4
30255,4,3303,36,48.98,1763.28
30255,5,3304,16,50.56,808.96
30255,6,3305,21,47.4,995.4
30255,7,3306,26,48.98,1273.48
30255,8,3307,31,50.56,1567.36
30255,9,3308,36,47.4,1706.4
30255,10,3309,16,48.98,783.68
30256,1,3310,22,48.98,1077.56
30256,2,3311,27,50.56,1365.12
30256,3,3312,32,47.4,1516.8
30256,4,3313,37,48.98,1812.26
30256,5,3314,17,50.56,859.52
30256,6,3315,22,47.4,1042.8
30256,7,3316,27,48.98,1322.46
30256,8,3317,32,50.56,1617.92
30256,9,3318,37,47.4,1753.8
30256,10,3319,17,48.98,832.66
30257,1,3320,19,48.98,930.62
30257,2,3321,24,50.56,1213.44
30257,3,3322,29,47.4,1374.6
30257,4,3323,34,48.98,1665.32
30257,5,3324,14,50.56,707.84
30257,6,3325,19,47.4,900.6
30257,7,3326,24,48.98,1175.52
30257,8,3327,29,50.56,1466.24
30257,9,3328,34,47.4,1611.6
30257,10,3329,14,48.98,685.72
30258,1,3330,20,48.98,979.6
30258,2,3331,25,50.56,1264.0
30258,3,3332,30,47.4,1422.0
30258,4,3333,35,48.98,1714.3
30258,5,3334,15,50.56,758.4
30258,6,3335,20,47.4,948.0
30258,7,3336,25,48.98,1224.5
30258,8,3337,30,50.56,1516.8
30258,9,3338,35,47.4,1659.0
30258,10,3339,15,48.98,734.7
30259,1,3350,22,48.98,1077.56
30259,2,3351,27,50.56,1365.12
30259,3,3352,32,47.4,1516.8
30259,4,3353,37,48.98,1812.26
30259,5,3354,17,50.56,859.52
30259,6,3355,22,47.4,1042.8
30259,7,3356,27,48.98,1322.46
30259,8,3357,32,50.56,1617.92
30259,9,3358,37,47.4,1753.8
30259,10,3359,17,48.98,832.66
30260,1,3360,19,48.98,930.62
30260,2,3361,24,50.56,1213.44
30260,3,3362,29,47.4,1374.6
30260,4,3363,34,48.98,1665.32
30260,5,3364,14,50.56,707.84
30260,6,3365,19,47.4,900.6
30260,7,3366,24,48.98,1175.52
30260,8,3367,29,50.56,1466.24
30260,9,3368,34,47.4,1611.6
30260,10,3369,14,48.98,685.72
30261,1,3370,20,48.98,979.6
30261,2,3371,25,50.56,1264.0
30261,3,3372,30,47.4,1422.0
30261,4,3373,35,48.98,1714.3
30261,5,3374,15,50.56,758.4
30261,6,3375,20,47.4,948.0
30261,7,3376,25,48.98,1224.5
30261,8,3377,30,50.56,1516.8
30261,9,3378,35,47.4,1659.0
30261,10,3379,15,48.98,734.7
30262,1,3380,21,48.98,1028.58
30262,2,3381,26,50.56,1314.56
30262,3,3382,31,47.4,1469.4
30262,4,3383,36,48.98,1763.28
30262,5,3384,16,50.56,808.96
30262,6,3385,21,47.4,995.4
30262,7,3386,26,48.98,1273.48
30262,8,3387,31,50.56,1567.36
30262,9,3388,36,47.4,1706.4
30262,10,3389,16,48.98,783.68
30263,1,3400,19,48.98,930.62
30263,2,3401,24,50.56,1213.44
30263,3,3402,29,47.4,1374.6
30263,4,3403,34,48.98,1665.32
30263,5,3404,14,50.56,707.84
30263,6,3405,19,47.4,900.6
30263,7,3406,24,48.98,1175.52
30263,8,3407,29,50.56,1466.24
30263,9,3408,34,47.4,1611.6
30263,10,3409,14,48.98,685.72
30264,1,3410,20,48.98,979.6
30264,2,3411,25,50.56,1264.0
30264,3,3412,30,47.4,1422.0
30264,4,3413,35,48.98,1714.3
30264,5,3414,15,50.56,758.4
30264,6,3415,20,47.4,948.0
30264,7,3416,25,48.98,1224.5
30264,8,3417,30,50.56,1516.8
30264,9,3418,35,47.4,1659.0
30264,10,3419,15,48.98,734.7
30265,1,3420,21,48.98,1028.58
30265,2,3421,26,50.56,1314.56
30265,3,3422,31,47.4,1469.4
30265,4,3423,36,48.98,1763.28
30265,5,3424,16,50.56,808.96
30265,6,3425,21,47.4,995.4
30265,7,3426,26,48.98,1273.48
30265,8,3427,31,50.56,1567.36
30265,9,3428,36,47.4,1706.4
30265,10,3429,16,48.98,783.68
30266,1,3430,22,48.98,1077.56
30266,2,3431,27,50.56,1365.12
30266,3,3432,32,47.4,1516.8
30266,4,3433,37,48.98,1812.26
30266,5,3434,17,50.56,859.52
30266,6,3435,22,47.4,1042.8
30266,7,3436,27,48.98,1322.46
30266,8,3437,32,50.56,1617.92
30266,9,3438,37,47.4,1753.8
30266,10,3439,17,48.98,832.66
30267,1,3450,20,48.98,979.6
30267,2,3451,25,50.56,1264.0
30267,3,3452,30,47.4,1422.0
30267,4,3453,35,48.98,1714.3
30267,5,3454,15,50.56,758.4
30267,6,3455,20,47.4,948.0
30267,7,3456,25,48.98,1224.5
30267,8,3457,30,50.56,1516.8
30267,9,3458,35,47.4,1659.0
30267,10,3459,15,48.98,734.7
30268,1,3460,21,48.98,1028.58
30268,2,3461,26,50.56,1314.56
30268,3,3462,31,47.4,1469.4
30268,4,3463,36,48.98,1763.28
30268,5,3464,16,50.56,808.96
30268,6,3465,21,47.4,995.4
30268,7,3466,26,48.98,1273.48
30268,8,3467,31,50.56,1567.36
30268,9,3468,36,47.4,1706.4
30268,10,3469,16,48.98,783.68
30269,1,3470,22,48.98,1077.56
30269,2,3471,27,50.56,1365.12
30269,3,3472,32,47.4,1516.8
30269,4,3473,37,48.98,1812.26
30269,5,3474,17,50.56,859.52
30269,6,3475,22,47.4,1042.8
30269,7,3476,27,48.98,1322.46
30269,8,3477,32,50.56,1617.92
30269,9,3478,37,47.4,1753.8
30269,10,3479,17,48.98,832.66
30270,1,3480,19,48.98,930.62
30270,2,3481,24,50.56,1213.44
30270,3,3482,29,47.4,1374.6
30270,4,3483,34,48.98,1665.32
30270,5,3484,14,50.56,707.84
30270,6,3485,19,47.4,900.6
30270,7,3486,24,48.98,1175.52
30270,8,3487,29,50.56,1466.24
30270,9,3488,34,47.4,1611.6
30270,10,3489,14,48.98,685.72
30271,1,3500,21,48.98,1028.58
30271,2,3501,26,50.56,1314.56
30271,3,3502,31,47.4,1469.4
30271,4,3503,36,48.98,1763.28
30271,5,3504,16,50.56,808.96
30271,6,3505,21,47.4,995.4
30271,7,3506,26,48.98,1273.48
30271,8,3507,31,50.56,1567.36
30271,9,3508,36,47.4,1706.4
30271,10,3509,16,48.98,783.68
30272,1,3510,22,48.98,1077.56
30272,2,3511,27,50.56,1365.12
30272,3,3512,32,47.4,1516.8
30272,4,3513,37,48.98,1812.26
30272,5,3514,17,50.56,859.52
30272,6,3515,22,47.4,1042.8
30272,7,3516,27,48.98,1322.46
30272,8,3517,32,50.56,1617.92
30272,9,3518,37,47.4,1753.8
30272,10,3519,17,48.98,832.66
30273,1,3520,19,48.98,930.62
30273,2,3521,24,50.56,1213.44
30273,3,3522,29,47.4,1374.6
30273,4,3523,34,48.98,1665.32
30273,5,3524,14,50.56,707.84
30273,6,3525,19,47.4,900.6
30273,7,3526,24,48.98,1175.52
30273,8,3527,29,50.56,1466.24
30273,9,3528,34,47.4,1611.6
30273,10,3529,14,48.98,685.72
30274,1,3530,20,48.98,979.6
30274,2,3531,25,50.56,1264.0
30274,3,3532,30,47.4,1422.0
30274,4,3533,35,48.98,1714.3
30274,5,3534,15,50.56,758.4
30274,6,3535,20,47.4,948.0
30274,7,3536,25,48.98,1224.5
30274,8,3537,30,50.56,1516.8
30274,9,3538,35,47.4,1659.0
30274,10,3539,15,48.98,734.7
30275,1,3550,22,48.98,1077.56
30275,2,3551,27,50.56,1365.12
30275,3,3552,32,47.4,1516.8
30275,4,3553,37,48.98,1812.26
30275,5,3554,17,50.56,859.52
30275,6,3555,22,47.4,1042.8
30275,7,3556,27,48.98,1322.46
30275,8,3557,32,50.56,1617.92
30275,9,3558,37,47.4,1753.8
30275,10,3559,17,48.98,832.66
30276,1,3560,19,48.98,930.62
30276,2,3561,24,50.56,1213.44
30276,3,3562,29,47.4,1374.6
30276,4,3563,34,48.98,1665.32
30276,5,3564,14,50.56,707.84
30276,6,3565,19,47.4,900.6
30276,7,3566,24,48.98,1175.52
30276,8,3567,29,50.56,1466.24
30276,9,3568,34,47.4,1611.6
30276,10,3569,14,48.98,685.72
30277,1,3570,20,48.98,979.6
30277,2,3571,25,50.56,1264.0
30277,3,3572,30,47.4,1422.0
30277,4,3573,35,48.98,1714.3
30277,5,3574,15,50.56,758.4
30277,6,3575,20,47.4,948.0
30277,7,3576,25,48.98,1224.5
30277,8,3577,30,50.56,1516.8
30277,9,3578,35,47.4,1659.0
30277,10,3579,15,48.98,734.7
30278,1,3580,21,48.98,1028.58
30278,2,3581,26,50.56,1314.56
30278,3,3582,31,47.4,1469.4
30278,4,3583,36,48.98,1763.28
30278,5,3584,16,50.56,808.96
30278,6,3585,21,47.4,995.4
30278,7,3586,26,48.98,1273.48
30278,8,3587,31,50.56,1567.36
30278,9,3588,36,47.4,1706.4
30278,10,3589,16,48.98,783.68
30279,1,3600,19,48.98,930.62
30279,2,3601,24,50.56,1213.44
30279,3,3602,29,47.4,1374.6
30279,4,3603,34,48.98,1665.32
30279,5,3604,14,50.56,707.84
30279,6,3605,19,47.4,900.6
30279,7,3606,24,48.98,1175.52
30279,8,3607,29,50.56,1466.24
30279,9,3608,34,47.4,1611.6
30279,10,3609,14,48.98,685.72
30280,1,3610,20,48.98,979.6
30280,2,3611,25,50.56,1264.0
30280,3,3612,30,47.4,1422.0
30280,4,3613,35,48.98,1714.3
30280,5,3614,15,50.56,758.4
30280,6,3615,20,47.4,948.0
30280,7,3616,25,48.98,1224.5
30280,8,3617,30,50.56,1516.8
30280,9,3618,35,47.4,1659.0
30280,10,3619,15,48.98,734.7
30281,1,3620,21,48.98,1028.58
30281,2,3621,26,50.56,1314.56
30281,3,3622,31,47.4,1469.4
30281,4,3623,36,48.98,1763.28
30281,5,3624,16,50.56,808.96
30281,6,3625,21,47.4,995.4
30281,7,3626,26,48.98,1273.48
30281,8,3627,31,50.56,1567.36
30281,9,3628,36,47.4,1706.4
30281,10,3629,16,48.98,783.68
30282,1,3630,22,48.98,1077.56
30282,2,3631,27,50.56,1365.12
30282,3,3632,32,47.4,1516.8
30282,4,3633,37,48.98,1812.26
30282,5,3634,17,50.56,859.52
30282,6,3635,22,47.4,1042.8
30282,7,3636,27,48.98,1322.46
30282,8,3637,32,50.56,1617.92
30282,9,3638,37,47.4,1753.8
30282,10,3639,17,48.98,832.66
30283,1,3650,20,48.98,979.6
30283,2,3651,25,50.56,1264.0
30283,3,3652,30,47.4,1422.0
30283,4,3653,35,48.98,1714.3
30283,5,3654,15,50.56,758.4
30283,6,3655,20,47.4,948.0
30283,7,3656,25,48.98,1224.5
30283,8,3657,30,50.56,1516.8
30283,9,3658,35,47.4,1659.0
30283,10,3659,15,48.98,734.7
30284,1,3660,21,48.98,1028.58
30284,2,3661,26,50.56,1314.56
30284,3,3662,31,47.4,1469.4
30284,4,3663,36,48.98,1763.28
30284,5,3664,16,50.56,808.96
30284,6,3665,21,47.4,995.4
30284,7,3666,26,48.98,1273.48
30284,8,3667,31,50.56,1567.36
30284,9,3668,36,47.4,1706.4
30284,10,3669,16,48.98,783.68
30285,1,3670,22,48.98,1077.56
30285,2,3671,27,50.56,1365.12
30285,3,3672,32,47.4,1516.8
30285,4,3673,37,48.98,1812.26
30285,5,3674,17,50.56,859.52
30285,6,3675,22,47.4,1042.8
30285,7,3676,27,48.98,1322.46
30285,8,3677,32,50.56,1617.92
30285,9,3678,37,47.4,1753.8
30285,10,3679,17,48.98,832.66
30286,1,3680,19,48.98,930.62
30286,2,3681,24,50.56,1213.44
30286,3,3682,29,47.4,1374.6
30286,4,3683,34,48.98,1665.32
30286,5,3684,14,50.56,707.84
30286,6,3685,19,47.4,900.6
30286,7,3686,24,48.98,1175.52
30286,8,3687,29,50.56,1466.24
30286,9,3688,34,47.4,1611.6
30286,10,3689,14,48.98,685.72
30287,1,3700,21,48.98,1028.58
30287,2,3701,26,50.56,1314.56
30287,3,3702,31,47.4,1469.4
30287,4,3703,36,48.98,1763.28
30287,5,3704,16,50.56,808.96
30287,6,3705,21,47.4,995.4
30287,7,3706,26,48.98,1273.48
30287,8,3707,31,50.56,1567.36
30287,9,3708,36,47.4,1706.4
30287,10,3709,16,48.98,783.68
30288,1,3710,22,48.98,1077.56
30288,2,3711,27,50.56,1365.12
30288,3,3712,32,47.4,1516.8
30288,4,3713,37,48.98,1812.26
30288,5,3714,17,50.56,859.52
30288,6,3715,22,47.4,1042.8
30288,7,3716,27,48.98,1322.46
30288,8,3717,32,50.56,1617.92
30288,9,3718,37,47.4,1753.8
30288,10,3719,17,48.98,832.66
30289,1,3720,19,48.98,930.62
30289,2,3721,24,50.56,1213.44
30289,3,3722,29,47.4,1374.6
30289,4,3723,34,48.98,1665.32
30289,5,3724,14,50.56,707.84
30289,6,3725,19,47.4,900.6
30289,7,3726,24,48.98,1175.52
30289,8,3727,29,50.56,1466.24
30289,9,3728,34,47.4,1611.6
30289,10,3729,14,48.98,685.72
30290,1,3730,20,48.98,979.6
30290,2,3731,25,50.56,1264.0
30290,3,3732,30,47.4,1422.0
30290,4,3733,35,48.98,1714.3
30290,5,3734,15,50.56,758.4
30290,6,3735,20,47.4,948.0
30290,7,3736,25,48.98,1224.5
30290,8,3737,30,50.56,1516.8
30290,9,3738,35,47.4,1659.0
30290,10,3739,15,48.98,734.7
30291,1,3750,22,48.98,1077.56
30291,2,3751,27,50.56,1365.12
30291,3,3752,32,47.4,1516.8
30291,4,3753,37,48.98,1812.26
30291,5,3754,17,50.56,859.52
30291,6,3755,22,47.4,1042.8
30291,7,3756,27,48.98,1322.46
30291,8,3757,32,50.56,1617.92
30291,9,3758,37,47.4,1753.8
30291,10,3759,17,48.98,832.66
30292,1,3760,19,48.98,930.62
30292,2,3761,24,50.56,1213.44
30292,3,3762,29,47.4,1374.6
30292,4,3763,34,48.98,1665.32
30292,5,3764,14,50.56,707.84
30292,6,3765,19,47.4,900.6
30292,7,3766,24,48.98,1175.52
30292,8,3767,29,50.56,1466.24
30292,9,3768,34,47.4,1611.6
30292,10,3769,14,48.98,685.72
30293,1,3770,20,48.98,979.6
30293,2,3771,25,50.56,1264.0
30293,3,3772,30,47.4,1422.0
30293,4,3773,35,48.98,1714.3
30293,5,3774,15,50.56,758.4
30293,6,3775,20,47.4,948.0
30293,7,3776,25,48.98,1224.5
30293,8,3777,30,50.56,1516.8
30293,9,3778,35,47.4,1659.0
30293,10,3779,15,48.98,734.7
30294,1,3780,21,48.98,1028.58
30294,2,3781,26,50.56,1314.56
30294,3,3782,31,47.4,1469.4
30294,4,3783,36,48.98,1763.28
30294,5,3784,16,50.56,808.96
30294,6,3785,21,47.4,995.4
30294,7,3786,26,48.98,1273.48
30294,8,3787,31,50.56,1567.36
30294,9,3788,36,47.4,1706.4
30294,10,3789,16,48.98,783.68
30295,1,3800,19,48.98,930.62
30295,2,3801,24,50.56,1213.44
30295,3,3802,29,47.4,1374.6
30295,4,3803,34,48.98,1665.32
30295,5,3804,14,50.56,707.84
30295,6,3805,19,47.4,900.6
30295,7,3806,24,48.98,1175.52
30295,8,3807,29,50.56,1466.24
30295,9,3808,34,47.4,1611.6
30295,10,3809,14,48.98,685.72
30296,1,3810,20,48.98,979.6
30296,2,3811,25,50.56,1264.0
30296,3,3812,30,47.4,1422.0
30296,4,3813,35,48.98,1714.3
30296,5,3814,15,50.56,758.4
30296,6,3815,20,47.4,948.0
30296,7,3816,25,48.98,1224.5
30296,8,3817,30,50.56,1516.8
30296,9,3818,35,47.4,1659.0
30296,10,3819,15,48.98,734.7
30297,1,3820,21,48.98,1028.58
30297,2,3821,26,50.56,1314.56
30297,3,3822,31,47.4,1469.4
30297,4,3823,36,48.98,1763.28
30297,5,3824,16,50.56,808.96
30297,6,3825,21,47.4,995.4
30297,7,3826,26,48.98,1273.48
30297,8,3827,31,50.56,1567.36
30297,9,3828,36,47.4,1706.4
30297,10,3829,16,48.98,783.68
30298,1,3830,22,48.98,1077.56
30298,2,3831,27,50.56,1365.12
30298,3,3832,32,47.4,1516.8
30298,4,3833,37,48.98,1812.26
30298,5,3834,17,50.56,859.52
30298,6,3835,22,47.4,1042.8
30298,7,3836,27,48.98,1322.46
30298,8,3837,32,50.56,1617.92
30298,9,3838,37,47.4,1753.8
30298,10,3839,17,48.98,832.66
30299,1,3850,20,48.98,979.6
30299,2,3851,25,50.56,1264.0
30299,3,3852,30,47.4,1422.0
30299,4,3853,35,48.98,1714.3
30299,5,3854,15,50.56,758.4
30299,6,3855,20,47.4,948.0
30299,7,3856,25,48.98,1224.5
30299,8,3857,30,50.56,1516.8
30299,9,3858,35,47.4,1659.0
30299,10,3859,15,48.98,734.7
30300,1,3860,21,48.98,1028.58
30300,2,3861,26,50.56,1314.56
30300,3,3862,31,47.4,1469.4
30300,4,3863,36,48.98,1763.28
30300,5,3864,16,50.56,808.96
30300,6,3865,21,47.4,995.4
30300,7,3866,26,48.98,1273.48
30300,8,3867,31,50.56,1567.36
30300,9,3868,36,47.4,1706.4
30300,10,3869,16,48.98,783.68
30301,1,3870,22,48.98,1077.56
30301,2,3871,27,50.56,1365.12
30301,3,3872,32,47.4,1516.8
30301,4,3873,37,48.98,1812.26
30301,5,3874,17,50.56,859.52
30301,6,3875,22,47.4,1042.8
30301,7,3876,27,48.98,1322.46
30301,8,3877,32,50.56,1617.92
30301,9,3878,37,47.4,1753.8
30301,10,3879,17,48.98,832.66
30302,1,3880,19,48.98,930.62
30302,2,3881,24,50.56,1213.44
30302,3,3882,29,47.4,1374.6
30302,4,3883,34,48.98,1665.32
30302,5,3884,14,50.56,707.84
30302,6,3885,19,47.4,900.6
30302,7,3886,24,48.98,1175.52
30302,8,3887,29,50.56,1466.24
30302,9,3888,34,47.4,1611.6
30302,10,3889,14,48.98,685.72
30303,1,3900,21,48.98,1028.58
30303,2,3901,26,50.56,1314.56
30303,3,3902,31,47.4,1469.4
30303,4,3903,36,48.98,1763.28
30303,5,3904,16,50.56,808.96
30303,6,3905,21,47.4,995.4
30303,7,3906,26,48.98,1273.48
30303,8,3907,31,50.56,1567.36
30303,9,3908,36,47.4,1706.4
30303,10,3909,16,48.98,783.68
30304,1,3910,22,48.98,1077.56
30304,2,3911,27,50.56,1365.12
30304,3,3912,32,47.4,1516.8
30304,4,3913,37,48.98,1812.26
30304,5,3914,17,50.56,859.52
30304,6,3915,22,47.4,1042.8
30304,7,3916,27,48.98,1322.46
30304,8,3917,32,50.56,1617.92
30304,9,3918,37,47.4,1753.8
30304,10,3919,17,48.98,832.66
30305,1,3920,19,48.98,930.62
30305,2,3921,24,50.56,1213.44
30305,3,3922,29,47.4,1374.6
30305,4,3923,34,48.98,1665.32
30305,5,3924,14,50.56,707.84
30305,6,3925,19,47.4,900.6
30305,7,3926,24,48.98,1175.52
30305,8,3927,29,50.56,1466.24
30305,9,3928,34,47.4,1611.6
30305,10,3929,14,48.98,685.72
30306,1,3930,20,48.98,979.6
30306,2,3931,25,50.56,1264.0
30306,3,3932,30,47.4,1422.0
30306,4,3933,35,48.98,1714.3
30306,5,3934,15,50.56,758.4
30306,6,3935,20,47.4,948.0
30306,7,3936,25,48.98,1224.5
30306,8,3937,30,50.56,1516.8
30306,9,3938,35,47.4,1659.0
30306,10,3939,15,48.98,734.7
30307,1,3950,22,48.98,1077.56
30307,2,3951,27,50.56,1365.12
30307,3,3952,32,47.4,1516.8
30307,4,3953,37,48.98,1812.26
30307,5,3954,17,50.56,859.52
30307,6,3955,22,47.4,1042.8
30307,7,3956,27,48.98,1322.46
30307,8,3957,32,50.56,1617.92
30307,9,3958,37,47.4,1753.8
30307,10,3959,17,48.98,832.66
30308,1,3960,19,48.98,930.62
30308,2,3961,24,50.56,1213.44
30308,3,3962,29,47.4,1374.6
30308,4,3963,34,48.98,1665.32
30308,5,3964,14,50.56,707.84
30308,6,3965,19,47.4,900.6
30308,7,3966,24,48.98,1175.52
30308,8,3967,29,50.56,1466.24
30308,9,3968,34,47.4,1611.6
30308,10,3969,14,48.98,685.72
30309,1,3970,20,48.98,979.6
30309,2,3971,25,50.56,1264.0
30309,3,3972,30,47.4,1422.0
30309,4,3973,35,48.98,1714.3
30309,5,3974,15,50.56,758.4
30309,6,3975,20,47.4,948.0
30309,7,3976,25,48.98,1224.5
30309,8,3977,30,50.56,1516.8
30309,9,3978,35,47.4,1659.0
30309,10,3979,15,48.98,734.7
30310,1,3980,21,48.98,1028.58
30310,2,3981,26,50.56,1314.56
30310,3,3982,31,47.4,1469.4
30310,4,3983,36,48.98,1763.28
30310,5,3984,16,50.56,808.96
30310,6,3985,21,47.4,995.4
30310,7,3986,26,48.98,1273.48
30310,8,3987,31,50.56,1567.36
30310,9,3988,36,47.4,1706.4
30310,10,3989,16,48.98,783.68
30311,1,4000,19,48.98,930.62
30311,2,4001,24,50.56,1213.44
30311,3,4002,29,47.4,1374.6
30311,4,4003,34,48.98,1665.32
30311,5,4004,14,50.56,707.84
30311,6,4005,19,47.4,900.6
30311,7,4006,24,48.98,1175.52
30311,8,4007,29,50.56,1466.24
30311,9,4008,34,47.4,1611.6
30311,10,4009,14,48.98,685.72
30312,1,4010,20,48.98,979.6
30312,2,4011,25,50.56,1264.0
30312,3,4012,30,47.4,1422.0
30312,4,4013,35,48.98,1714.3
30312,5,4014,15,50.56,758.4
30312,6,4015,20,47.4,948.0
30312,7,4016,25,48.98,1224.5
30312,8,4017,30,50.56,1516.8
30312,9,4018,35,47.4,1659.0
30312,10,4019,15,48.98,734.7
30313,1,4020,21,48.98,1028.58
30313,2,4021,26,50.56,1314.56
30313,3,4022,31,47.4,1469.4
30313,4,4023,36,48.98,1763.28
30313,5,4024,16,50.56,808.96
30313,6,4025,21,47.4,995.4
30313,7,4026,26,48.98,1273.48
30313,8,4027,31,50.56,1567.36
30313,9,4028,36,47.4,1706.4
30313,10,4029,16,48.98,783.68
30314,1,4030,22,48.98,1077.56
30314,2,4031,27,50.56,1365.12
30314,3,4032,32,47.4,1516.8
30314,4,4033,37,48.98,1812.26
30314,5,4034,17,50.56,859.52
30314,6,4035,22,47.4,1042.8
30314,7,4036,27,48.98,1322.46
30314,8,4037,32,50.56,1617.92
30314,9,4038,37,47.4,1753.8
30314,10,4039,17,48.98,832.66
30315,1,4050,20,48.98,979.6
30315,2,4051,25,50.56,1264.0
30315,3,4052,30,47.4,1422.0
30315,4,4053,35,48.98,1714.3
30315,5,4054,15,50.56,758.4
30315,6,4055,20,47.4,948.0
30315,7,4056,25,48.98,1224.5
30315,8,4057,30,50.56,1516.8
30315,9,4058,35,47.4,1659.0
30315,10,4059,15,48.98,734.7
30316,1,4060,21,48.98,1028.58
30316,2,4061,26,50.56,1314.56
30316,3,4062,31,47.4,1469.4
30316,4,4063,36,48.98,1763.28
30316,5,4064,16,50.56,808.96
30316,6,4065,21,47.4,995.4
30316,7,4066,26,48.98,1273.48
30316,8,4067,31,50.56,1567.36
30316,9,4068,36,47.4,1706.4
30316,10,4069,16,48.98,783.68
30317,1,4070,22,48.98,1077.56
30317,2,4071,27,50.56,1365.12
30317,3,4072,32,47.4,1516.8
30317,4,4073,37,48.98,1812.26
30317,5,4074,17,50.56,859.52
30317,6,4075,22,47.4,1042.8
30317,7,4076,27,48.98,1322.46
30317,8,4077,32,50.56,1617.92
30317,9,4078,37,47.4,1753.8
30317,10,4079,17,48.98,832.66
30318,1,4080,19,48.98,930.62
30318,2,4081,24,50.56,1213.44
30318,3,4082,29,47.4,1374.6
30318,4,4083,34,48.98,1665.32
30318,5,4084,14,50.56,707.84
30318,6,4085,19,47.4,900.6
30318,7,4086,24,48.98,1175.52
30318,8,4087,29,50.56,1466.24
30318,9,4088,34,47.4,1611.6
30318,10,4089,14,48.98,685.72
30319,1,4100,21,48.98,1028.58
30319,2,4101,26,50.56,1314.56
30319,3,4102,31,47.4,1469.4
30319,4,4103,36,48.98,1763.28
30319,5,4104,16,50.56,808.96
30319,6,4105,21,47.4,995.4
30319,7,4106,26,48.98,1273.48
30319,8,4107,31,50.56,1567.36
30319,9,4108,36,47.4,1706.4
30319,10,4109,16,48.98,783.68
30320,1,4110,22,48.98,1077.56
30320,2,4111,27,50.56,1365.12
30320,3,4112,32,47.4,1516.8
30320,4,4113,37,48.98,1812.26
30320,5,4114,17,50.56,859.52
30320,6,4115,22,47.4,1042.8
30320,7,4116,27,48.98,1322.46
30320,8,4117,32,50.56,1617.92
30320,9,4118,37,47.4,1753.8
30320,10,4119,17,48.98,832.66
30321,1,4120,19,48.98,930.62
30321,2,4121,24,50.56,1213.44
30321,3,4122,29,47.4,1374.6
30321,4,4123,34,48.98,1665.32
30321,5,4124,14,50.56,707.84
30321,6,4125,19,47.4,900.6
30321,7,4126,24,48.98,1175.52
30321,8,4127,29,50.56,1466.24
30321,9,4128,34,47.4,1611.6
30321,10,4129,14,48.98,685.72
30322,1,4130,20,48.98,979.6
30322,2,4131,25,50.56,1264.0
30322,3,4132,30,47.4,1422.0
30322,4,4133,35,48.98,1714.3
30322,5,4134,15,50.56,758.4
30322,6,4135,20,47.4,948.0
30322,7,4136,25,48.98,1224.5
30322,8,4137,30,50.56,1516.8
30322,9,4138,35,47.4,1659.0
30322,10,4139,15,48.98,734.7
30323,1,4150,22,48.98,1077.56
30323,2,4151,27,50.56,1365.12
30323,3,4152,32,47.4,1516.8
30323,4,4153,37,48.98,1812.26
30323,5,4154,17,50.56,859.52
30323,6,4155,22,47.4,1042.8
30323,7,4156,27,48.98,1322.46
30323,8,4157,32,50.56,1617.92
30323,9,4158,37,47.4,1753.8
30323,10,4159,17,48.98,832.66
30324,1,4160,19,48.98,930.62
30324,2,4161,24,50.56,1213.44
30324,3,4162,29,47.4,1374.6
30324,4,4163,34,48.98,1665.32
30324,5,4164,14,50.56,707.84
30324,6,4165,19,47.4,900.6
30324,7,4166,24,48.98,1175.52
30324,8,4167,29,50.56,1466.24
30324,9,4168,34,47.4,1611.6
30324,10,4169,14,48.98,685.72
30325,1,4170,20,48.98,979.6
30325,2,4171,25,50.56,1264.0
30325,3,4172,30,47.4,1422.0
30325,4,4173,35,48.98,1714.3
30325,5,4174,15,50.56,758.4
30325,6,4175,20,47.4,948.0
30325,7,4176,25,48.98,1224.5
30325,8,4177,30,50.56,1516.8
30325,9,4178,35,47.4,1659.0
30325,10,4179,15,48.98,734.7
30326,1,4180,21,48.98,1028.58
30326,2,4181,26,50.56,1314.56
30326,3,4182,31,47.4,1469.4
30326,4,4183,36,48.98,1763.28
30326,5,4184,16,50.56,808.96
30326,6,4185,21,47.4,995.4
30326,7,4186,26,48.98,1273.48
30326,8,4187,31,50.56,1567.36
30326,9,4188,36,47.4,1706.4
30326,10,4189,16,48.98,783.68
30327,1,4200,19,48.98,930.62
30327,2,4201,24,50.56,1213.44
30327,3,4202,29,47.4,1374.6
30327,4,4203,34,48.98,1665.32
30327,5,4204,14,50.56,707.84
30327,6,4205,19,47.4,900.6
30327,7,4206,24,48.98,1175.52
30327,8,4207,29,50.56,1466.24
30327,9,4208,34,47.4,1611.6
30327,10,4209,14,48.98,685.72
30328,1,4210,20,48.98,979.6
30328,2,4211,25,50.56,1264.0
30328,3,4212,30,47.4,1422.0
30328,4,4213,35,48.98,1714.3
30328,5,4214,15,50.56,758.4
30328,6,4215,20,47.4,948.0
30328,7,4216,25,48.98,1224.5
30328,8,4217,30,50.56,1516.8
30328,9,4218,35,47.4,1659.0
30328,10,4219,15,48.98,734.7
30329,1,4220,21,48.98,1028.58
30329,2,4221,26,50.56,1314.56
30329,3,4222,31,47.4,1469.4
30329,4,4223,36,48.98,1763.28
30329,5,4224,16,50.56,808.96
30329,6,4225,21,47.4,995.4
30329,7,4226,26,48.98,1273.48
30329,8,4227,31,50.56,1567.36
30329,9,4228,36,47.4,1706.4
30329,10,4229,16,48.98,783.68
30330,1,4230,22,48.98,1077.56
30330,2,4231,27,50.56,1365.12
30330,3,4232,32,47.4,1516.8
30330,4,4233,37,48.98,1812.26
30330,5,4234,17,50.56,859.52
30330,6,4235,22,47.4,1042.8
30330,7,4236,27,48.98,1322.46
30330,8,4237,32,50.56,1617.92
30330,9,4238,37,47.4,1753.8
30330,10,4239,17,48.98,832.66
30331,1,4250,20,48.98,979.6
30331,2,4251,25,50.56,1264.0
30331,3,4252,30,47.4,1422.0
30331,4,4253,35,48.98,1714.3
30331,5,4254,15,50.56,758.4
30331,6,4255,20,47.4,948.0
30331,7,4256,25,48.98,1224.5
30331,8,4257,30,50.56,1516.8
30331,9,4258,35,47.4,1659.0
30331,10,4259,15,48.98,734.7
30332,1,4260,21,48.98,1028.58
30332,2,4261,26,50.56,1314.56
30332,3,4262,31,47.4,1469.4
30332,4,4263,36,48.98,1763.28
30332,5,4264,16,50.56,808.96
30332,6,4265,21,47.4,995.4
30332,7,4266,26,48.98,1273.48
30332,8,4267,31,50.56,1567.36
30332,9,4268,36,47.4,1706.4
30332,10,4269,16,48.98,783.68
30333,1,4270,22,48.98,1077.56
30333,2,4271,27,50.56,1365.12
30333,3,4272,32,47.4,1516.8
30333,4,4273,37,48.98,1812.26
30333,5,4274,17,50.56,859.52
30333,6,4275,22,47.4,1042.8
30333,7,4276,27,48.98,1322.46
30333,8,4277,32,50.56,1617.92
30333,9,4278,37,47.4,1753.8
30333,10,4279,17,48.98,832.66
30334,1,4280,19,48.98,930.62
30334,2,4281,24,50.56,1213.44
30334,3,4282,29,47.4,1374.6
30334,4,4283,34,48.98,1665.32
30334,5,4284,14,50.56,707.84
30334,6,4285,19,47.4,900.6
30334,7,4286,24,48.98,1175.52
30334,8,4287,29,50.56,1466.24
30334,9,4288,34,47.4,1611.6
30334,10,4289,14,48.98,685.72
30335,1,4300,21,48.98,1028.58
30335,2,4301,26,50.56,1314.56
30335,3,4302,31,47.4,1469.4
30335,4,4303,36,48.98,1763.28
30335,5,4304,16,50.56,808.96
30335,6,4305,21,47.4,995.4
30335,7,4306,26,48.98,1273.48
30335,8,4307,31,50.56,1567.36
30335,9,4308,36,47.4,1706.4
30335,10,4309,16,48.98,783.68
30336,1,4310,22,48.98,1077.56
30336,2,4311,27,50.56,1365.12
30336,3,4312,32,47.4,1516.8
30336,4,4313,37,48.98,1812.26
30336,5,4314,17,50.56,859.52
30336,6,4315,22,47.4,1042.8
30336,7,4316,27,48.98,1322.46
30336,8,4317,32,50.56,1617.92
30336,9,4318,37,47.4,1753.8
30336,10,4319,17,48.98,832.66
30337,1,4320,19,48.98,930.62
30337,2,4321,24,50.56,1213.44
30337,3,4322,29,47.4,1374.6
30337,4,4323,34,48.98,1665.32
30337,5,4324,14,50.56,707.84
30337,6,4325,19,47.4,900.6
30337,7,4326,24,48.98,1175.52
30337,8,4327,29,50.56,1466.24
30337,9,4328,34,47.4,1611.6
30337,10,4329,14,48.98,685.72
30338,1,4330,20,48.98,979.6
30338,2,4331,25,50.56,1264.0
30338,3,4332,30,47.4,1422.0
30338,4,4333,35,48.98,1714.3
30338,5,4334,15,50.56,758.4
30338,6,4335,20,47.4,948.0
30338,7,4336,25,48.98,1224.5
30338,8,4337,30,50.56,1516.8
30338,9,4338,35,47.4,1659.0
30338,10,4339,15,48.98,734.7
30339,1,4350,22,48.98,1077.56
30339,2,4351,27,50.56,1365.12
30339,3,4352,32,47.4,1516.8
30339,4,4353,37,48.98,1812.26
30339,5,4354,17,50.56,859.52
30339,6,4355,22,47.4,1042.8
30339,7,4356,27,48.98,1322.46
30339,8,4357,32,50.56,1617.92
30339,9,4358,37,47.4,1753.8
30339,10,4359,17,48.98,832.66
30340,1,4360,19,48.98,930.62
30340,2,4361,24,50.56,1213.44
30340,3,4362,29,47.4,1374.6
30340,4,4363,34,48.98,1665.32
30340,5,4364,14,50.56,707.84
30340,6,4365,19,47.4,900.6
30340,7,4366,24,48.98,1175.52
30340,8,4367,29,50.56,1466.24
30340,9,4368,34,47.4,1611.6
30340,10,4369,14,48.98,685.72
30341,1,4370,20,48.98,979.6
30341,2,4371,25,50.56,1264.0
30341,3,4372,30,47.4,1422.0
30341,4,4373,35,48.98,1714.3
30341,5,4374,15,50.56,758.4
30341,6,4375,20,47.4,948.0
30341,7,4376,25,48.98,1224.5
30341,8,4377,30,50.56,1516.8
30341,9,4378,35,47.4,1659.0
30341,10,4379,15,48.98,734.7
30342,1,4380,21,48.98,1028.58
30342,2,4381,26,50.56,1314.56
30342,3,4382,31,47.4,1469.4
30342,4,4383,36,48.98,1763.28
30342,5,4384,16,50.56,808.96
30342,6,4385,21,47.4,995.4
30342,7,4386,26,48.98,1273.48
30342,8,4387,31,50.56,1567.36
30342,9,4388,36,47.4,1706.4
30342,10,4389,16,48.98,783.68
30343,1,4400,19,48.98,930.62
30343,2,4401,24,50.56,1213.44
30343,3,4402,29,47.4,1374.6
30343,4,4403,34,48.98,1665.32
30343,5,4404,14,50.56,707.84
30343,6,4405,19,47.4,900.6
30343,7,4406,24,48.98,1175.52
30343,8,4407,29,50.56,1466.24
30343,9,4408,34,47.4,1611.6
30343,10,4409,14,48.98,685.72
30344,1,4410,20,48.98,979.6
30344,2,4411,25,50.56,1264.0
30344,3,4412,30,47.4,1422.0
30344,4,4413,35,48.98,1714.3
30344,5,4414,15,50.56,758.4
30344,6,4415,20,47.4,948.0
30344,7,4416,25,48.98,1224.5
30344,8,4417,30,50.56,1516.8
30344,9,4418,35,47.4,1659.0
30344,10,4419,15,48.98,734.7
30345,1,4420,21,48.98,1028.58
30345,2,4421,26,50.56,1314.56
30345,3,4422,31,47.4,1469.4
30345,4,4423,36,48.98,1763.28
30345,5,4424,16,50.56,808.96
30345,6,4425,21,47.4,995.4
30345,7,4426,26,48.98,1273.48
30345,8,4427,31,50.56,1567.36
30345,9,4428,36,47.4,1706.4
30345,10,4429,16,48.98,783.68
30346,1,4430,22,48.98,1077.56
30346,2,4431,27,50.56,1365.12
30346,3,4432,32,47.4,1516.8
30346,4,4433,37,48.98,1812.26
30346,5,4434,17,50.56,859.52
30346,6,4435,22,47.4,1042.8
30346,7,4436,27,48.98,1322.46
30346,8,4437,32,50.56,1617.92
30346,9,4438,37,47.4,1753.8
30346,10,4439,17,48.98,832.66
30347,1,4450,20,48.98,979.6
30347,2,4451,25,50.56,1264.0
30347,3,4452,30,47.4,1422.0
30347,4,4453,35,48.98,1714.3
30347,5,4454,15,50.56,758.4
30347,6,4455,20,47.4,948.0
30347,7,4456,25,48.98,1224.5
30347,8,4457,30,50.56,1516.8
30347,9,4458,35,47.4,1659.0
30347,10,4459,15,48.98,734.7
30348,1,4460,21,48.98,1028.58
30348,2,4461,26,50.56,1314.56
30348,3,4462,31,47.4,1469.4
30348,4,4463,36,48.98,1763.28
30348,5,4464,16,50.56,808.96
30348,6,4465,21,47.4,995.4
30348,7,4466,26,48.98,1273.48
30348,8,4467,31,50.56,1567.36
30348,9,4468,36,47.4,1706.4
30348,10,4469,16,48.98,783.68
30349,1,4470,22,48.98,1077.56
30349,2,4471,27,50.56,1365.12
30349,3,4472,32,47.4,1516.8
30349,4,4473,37,48.98,1812.26
30349,5,4474,17,50.56,859.52
30349,6,4475,22,47.4,1042.8
30349,7,4476,27,48.98,1322.46
30349,8,4477,32,50.56,1617.92
30349,9,4478,37,47.4,1753.8
30349,10,4479,17,48.98,832.66
30350,1,4480,19,48.98,930.62
30350,2,4481,24,50.56,1213.44
30350,3,4482,29,47.4,1374.6
30350,4,4483,34,48.98,1665.32
30350,5,4484,14,50.56,707.84
30350,6,4485,19,47.4,900.6
30350,7,4486,24,48.98,1175.52
30350,8,4487,29,50.56,1466.24
30350,9,4488,34,47.4,1611.6
30350,10,4489,14,48.98,685.72
30351,1,4500,21,48.98,1028.58
30351,2,4501,26,50.56,1314.56
30351,3,4502,31,47.4,1469.4
30351,4,4503,36,48.98,1763.28
30351,5,4504,16,50.56,808.96
30351,6,4505,21,47.4,995.4
30351,7,4506,26,48.98,1273.48
30351,8,4507,31,50.56,1567.36
30351,9,4508,36,47.4,1706.4
30351,10,4509,16,48.98,783.68
30352,1,4510,22,48.98,1077.56
30352,2,4511,27,50.56,1365.12
30352,3,4512,32,47.4,1516.8
30352,4,4513,37,48.98,1812.26
30352,5,4514,17,50.56,859.52
30352,6,4515,22,47.4,1042.8
30352,7,4516,27,48.98,1322.46
30352,8,4517,32,50.56,1617.92
30352,9,4518,37,47.4,1753.8
30352,10,4519,17,48.98,832.66
30353,1,4520,19,48.98,930.62
30353,2,4521,24,50.56,1213.44
30353,3,4522,29,47.4,1374.6
30353,4,4523,34,48.98,1665.32
30353,5,4524,14,50.56,707.84
30353,6,4525,19,47.4,900.6
30353,7,4526,24,48.98,1175.52
30353,8,4527,29,50.56,1466.24
30353,9,4528,34,47.4,1611.6
30353,10,4529,14,48.98,685.72
30354,1,4530,20,48.98,979.6
30354,2,4531,25,50.56,1264.0
30354,3,4532,30,47.4,1422.0
30354,4,4533,35,48.98,1714.3
30354,5,4534,15,50.56,758.4
30354,6,4535,20,47.4,948.0
30354,7,4536,25,48.98,1224.5
30354,8,4537,30,50.56,1516.8
30354,9,4538,35,47.4,1659.0
30354,10,4539,15,48.98,734.7
30355,1,4550,22,48.98,1077.56
30355,2,4551,27,50.56,1365.12
30355,3,4552,32,47.4,1516.8
30355,4,4553,37,48.98,1812.26
30355,5,4554,17,50.56,859.52
30355,6,4555,22,47.4,1042.8
30355,7,4556,27,48.98,1322.46
30355,8,4557,32,50.56,1617.92
30355,9,4558,37,47.4,1753.8
30355,10,4559,17,48.98,832.66
30356,1,4560,19,48.98,930.62
30356,2,4561,24,50.56,1213.44
30356,3,4562,29,47.4,1374.6
30356,4,4563,34,48.98,1665.32
30356,5,4564,14,50.56,707.84
30356,6,4565,19,47.4,900.6
30356,7,4566,24,48.98,1175.52
30356,8,4567,29,50.56,1466.24
30356,9,4568,34,47.4,1611.6
30356,10,4569,14,48.98,685.72
30357,1,4570,20,48.98,979.6
30357,2,4571,25,50.56,1264.0
30357,3,4572,30,47.4,1422.0
30357,4,4573,35,48.98,1714.3
30357,5,4574,15,50.56,758.4
30357,6,4575,20,47.4,948.0
30357,7,4576,25,48.98,1224.5
30357,8,4577,30,50.56,1516.8
30357,9,4578,35,47.4,1659.0
30357,10,4579,15,48.98,734.7
30358,1,4580,21,48.98,1028.58
30358,2,4581,26,50.56,1314.56
30358,3,4582,31,47.4,1469.4
30358,4,4583,36,48.98,1763.28
30358,5,4584,16,50.56,808.96
30358,6,4585,21,47.4,995.4
30358,7,4586,26,48.98,1273.48
30358,8,4587,31,50.56,1567.36
30358,9,4588,36,47.4,1706.4
30358,10,4589,16,48.98,783.68
30359,1,4600,19,48.98,930.62
30359,2,4601,24,50.56,1213.44
30359,3,4602,29,47.4,1374.6
30359,4,4603,34,48.98,1665.32
30359,5,4604,14,50.56,707.84
30359,6,4605,19,47.4,900.6
30359,7,4606,24,48.98,1175.52
30359,8,4607,29,50.56,1466.24
30359,9,4608,34,47.4,1611.6
30359,10,4609,14,48.98,685.72
30360,1,4610,20,48.98,979.6
30360,2,4611,25,50.56,1264.0
30360,3,4612,30,47.4,1422.0
30360,4,4613,35,48.98,1714.3
30360,5,4614,15,50.56,758.4
30360,6,4615,20,47.4,948.0
30360,7,4616,25,48.98,1224.5
30360,8,4617,30,50.56,1516.8
30360,9,4618,35,47.4,1659.0
30360,10,4619,15,48.98,734.7
30361,1,4620,21,48.98,1028.58
30361,2,4621,26,50.56,1314.56
30361,3,4622,31,47.4,1469.4
30361,4,4623,36,48.98,1763.28
30361,5,4624,16,50.56,808.96
30361,6,4625,21,47.4,995.4
30361,7,4626,26,48.98,1273.48
30361,8,4627,31,50.56,1567.36
30361,9,4628,36,47.4,1706.4
30361,10,4629,16,48.98,783.68
30362,1,4630,22,48.98,1077.56
30362,2,4631,27,50.56,1365.12
30362,3,4632,32,47.4,1516.8
30362,4,4633,37,48.98,1812.26
30362,5,4634,17,50.56,859.52
30362,6,4635,22,47.4,1042.8
30362,7,4636,27,48.98,1322.46
30362,8,4637,32,50.56,1617.92
30362,9,4638,37,47.4,1753.8
30362,10,4639,17,48.98,832.66
30363,1,4650,20,48.98,979.6
30363,2,4651,25,50.56,1264.0
30363,3,4652,30,47.4,1422.0
30363,4,4653,35,48.98,1714.3
30363,5,4654,15,50.56,758.4
30363,6,4655,20,47.4,948.0
30363,7,4656,25,48.98,1224.5
30363,8,4657,30,50.56,1516.8
30363,9,4658,35,47.4,1659.0
30363,10,4659,15,48.98,734.7
30364,1,4660,21,48.98,1028.58
30364,2,4661,26,50.56,1314.56
30364,3,4662,31,47.4,1469.4
30364,4,4663,36,48.98,1763.28
30364,5,4664,16,50.56,808.96
30364,6,4665,21,47.4,995.4
30364,7,4666,26,48.98,1273.48
30364,8,4667,31,50.56,1567.36
30364,9,4668,36,47.4,1706.4
30364,10,4669,16,48.98,783.68
30365,1,4670,22,48.98,1077.56
30365,2,4671,27,50.56,1365.12
30365,3,4672,32,47.4,1516.8
30365,4,4673,37,48.98,1812.26
30365,5,4674,17,50.56,859.52
30365,6,4675,22,47.4,1042.8
30365,7,4676,27,48.98,1322.46
30365,8,4677,32,50.56,1617.92
30365,9,4678,37,47.4,1753.8
30365,10,4679,17,48.98,832.66
30366,1,4680,19,48.98,930.62
30366,2,4681,24,50.56,1213.44
30366,3,4682,29,47.4,1374.6
30366,4,4683,34,48.98,1665.32
30366,5,4684,14,50.56,707.84
30366,6,4685,19,47.4,900.6
30366,7,4686,24,48.98,1175.52
30366,8,4687,29,50.56,1466.24
30366,9,4688,34,47.4,1611.6
30366,10,4689,14,48.98,685.72
30367,1,4700,21,48.98,1028.58
30367,2,4701,26,50.56,1314.56
30367,3,4702,31,47.4,1469.4
30367,4,4703,36,48.98,1763.28
30367,5,4704,16,50.56,808.96
30367,6,4705,21,47.4,995.4
30367,7,4706,26,48.98,1273.48
30367,8,4707,31,50.56,1567.36
30367,9,4708,36,47.4,1706.4
30367,10,4709,16,48.98,783.68
30368,1,4710,22,48.98,1077.56
30368,2,4711,27,50.56,1365.12
30368,3,4712,32,47.4,1516.8
30368,4,4713,37,48.98,1812.26
30368,5,4714,17,50.56,859.52
30368,6,4715,22,47.4,1042.8
30368,7,4716,27,48.98,1322.46
30368,8,4717,32,50.56,1617.92
30368,9,4718,37,47.4,1753.8
30368,10,4719,17,48.98,832.66
30369,1,4720,19,48.98,930.62
30369,2,4721,24,50.56,1213.44
30369,3,4722,29,47.4,1374.6
30369,4,4723,34,48.98,1665.32
30369,5,4724,14,50.56,707.84
30369,6,4725,19,47.4,900.6
30369,7,4726,24,48.98,1175.52
30369,8,4727,29,50.56,1466.24
30369,9,4728,34,47.4,1611.6
30369,10,4729,14,48.98,685.72
30370,1,4730,20,48.98,979.6
30370,2,4731,25,50.56,1264.0
30370,3,4732,30,47.4,1422.0
30370,4,4733,35,48.98,1714.3
30370,5,4734,15,50.56,758.4
30370,6,4735,20,47.4,948.0
30370,7,4736,25,48.98,1224.5
30370,8,4737,30,50.56,1516.8
30370,9,4738,35,47.4,1659.0
30370,10,4739,15,48.98,734.7
30371,1,4750,22,48.98,1077.56
30371,2,4751,27,50.56,1365.12
30371,3,4752,32,47.4,1516.8
30371,4,4753,37,48.98,1812.26
30371,5,4754,17,50.56,859.52
30371,6,4755,22,47.4,1042.8
30371,7,4756,27,48.98,1322.46
30371,8,4757,32,50.56,1617.92
30371,9,4758,37,47.4,1753.8
30371,10,4759,17,48.98,832.66
30372,1,4760,19,48.98,930.62
30372,2,4761,24,50.56,1213.44
30372,3,4762,29,47.4,1374.6
30372,4,4763,34,48.98,1665.32
30372,5,4764,14,50.56,707.84
30372,6,4765,19,47.4,900.6
30372,7,4766,24,48.98,1175.52
30372,8,4767,29,50.56,1466.24
30372,9,4768,34,47.4,1611.6
30372,10,4769,14,48.98,685.72
30373,1,4770,20,48.98,979.6
30373,2,4771,25,50.56,1264.0
30373,3,4772,30,47.4,1422.0
30373,4,4773,35,48.98,1714.3
30373,5,4774,15,50.56,758.4
30373,6,4775,20,47.4,948.0
30373,7,4776,25,48.98,1224.5
30373,8,4777,30,50.56,1516.8
30373,9,4778,35,47.4,1659.0
30373,10,4779,15,48.98,734.7
30374,1,4780,21,48.98,1028.58
30374,2,4781,26,50.56,1314.56
30374,3,4782,31,47.4,1469.4
30374,4,4783,36,48.98,1763.28
30374,5,4784,16,50.56,808.96
30374,6,4785,21,47.4,995.4
30374,7,4786,26,48.98,1273.48
30374,8,4787,31,50.56,1567.36
30374,9,4788,36,47.4,1706.4
30374,10,4789,16,48.98,783.68
30375,1,4800,19,48.98,930.62
30375,2,4801,24,50.56,1213.44
30375,3,4802,29,47.4,1374.6
30375,4,4803,34,48.98,1665.32
30375,5,4804,14,50.56,707.84
30375,6,4805,19,47.4,900.6
30375,7,4806,24,48.98,1175.52
30375,8,4807,29,50.56,1466.24
30375,9,4808,34,47.4,1611.6
30375,10,4809,14,48.98,685.72
30376,1,4810,20,48.98,979.6
30376,2,4811,25,50.56,1264.0
30376,3,4812,30,47.4,1422.0
30376,4,4813,35,48.98,1714.3
30376,5,4814,15,50.56,758.4
30376,6,4815,20,47.4,948.0
30376,7,4816,25,48.98,1224.5
30376,8,4817,30,50.56,1516.8
30376,9,4818,35,47.4,1659.0
30376,10,4819,15,48.98,734.7
30377,1,4820,21,48.98,1028.58
30377,2,4821,26,50.56,1314.56
30377,3,4822,31,47.4,1469.4
30377,4,4823,36,48.98,1763.28
30377,5,4824,16,50.56,808.96
30377,6,4825,21,47.4,995.4
30377,7,4826,26,48.98,1273.48
30377,8,4827,31,50.56,1567.36
30377,9,4828,36,47.4,1706.4
30377,10,4829,16,48.98,783.68
30378,1,4830,22,48.98,1077.56
30378,2,4831,27,50.56,1365.12
30378,3,4832,32,47.4,1516.8
30378,4,4833,37,48.98,1812.26
30378,5,4834,17,50.56,859.52
30378,6,4835,22,47.4,1042.8
30378,7,4836,27,48.98,1322.46
30378,8,4837,32,50.56,1617.92
30378,9,4838,37,47.4,1753.8
30378,10,4839,17,48.98,832.66
30379,1,4850,20,48.98,979.6
30379,2,4851,25,50.56,1264.0
30379,3,4852,30,47.4,1422.0
30379,4,4853,35,48.98,1714.3
30379,5,4854,15,50.56,758.4
30379,6,4855,20,47.4,948.0
30379,7,4856,25,48.98,1224.5
30379,8,4857,30,50.56,1516.8
30379,9,4858,35,47.4,1659.0
30379,10,4859,15,48.98,734.7
30380,1,4860,21,48.98,1028.58
30380,2,4861,26,50.56,1314.56
30380,3,4862,31,47.4,1469.4
30380,4,4863,36,48.98,1763.28
30380,5,4864,16,50.56,808.96
30380,6,4865,21,47.4,995.4
30380,7,4866,26,48.98,1273.48
30380,8,4867,31,50.56,1567.36
30380,9,4868,36,47.4,1706.4
30380,10,4869,16,48.98,783.68
30381,1,4870,22,48.98,1077.56
30381,2,4871,27,50.56,1365.12
30381,3,4872,32,47.4,1516.8
30381,4,4873,37,48.98,1812.26
30381,5,4874,17,50.56,859.52
30381,6,4875,22,47.4,1042.8
30381,7,4876,27,48.98,1322.46
30381,8,4877,32,50.56,1617.92
30381,9,4878,37,47.4,1753.8
30381,10,4879,17,48.98,832.66
30382,1,4880,19,48.98,930.62
30382,2,4881,24,50.56,1213.44
30382,3,4882,29,47.4,1374.6
30382,4,4883,34,48.98,1665.32
30382,5,4884,14,50.56,707.84
30382,6,4885,19,47.4,900.6
30382,7,4886,24,48.98,1175.52
30382,8,4887,29,50.56,1466.24
30382,9,4888,34,47.4,1611.6
30382,10,4889,14,48.98,685.72
30383,1,4900,21,48.98,1028.58
30383,2,4901,26,50.56,1314.56
30383,3,4902,31,47.4,1469.4
30383,4,4903,36,48.98,1763.28
30383,5,4904,16,50.56,808.96
30383,6,4905,21,47.4,995.4
30383,7,4906,26,48.98,1273.48
30383,8,4907,31,50.56,1567.36
30383,9,4908,36,47.4,1706.4
30383,10,4909,16,48.98,783.68
30384,1,4910,22,48.98,1077.56
30384,2,4911,27,50.56,1365.12
30384,3,4912,32,47.4,1516.8
30384,4,4913,37,48.98,1812.26
30384,5,4914,17,50.56,859.52
30384,6,4915,22,47.4,1042.8
30384,7,4916,27,48.98,1322.46
30384,8,4917,32,50.56,1617.92
30384,9,4918,37,47.4,1753.8
30384,10,4919,17,48.98,832.66
30385,1,4920,19,48.98,930.62
30385,2,4921,24,50.56,1213.44
30385,3,4922,29,47.4,1374.6
30385,4,4923,34,48.98,1665.32
30385,5,4924,14,50.56,707.84
30385,6,4925,19,47.4,900.6
30385,7,4926,24,48.98,1175.52
30385,8,4927,29,50.56,1466.24
30385,9,4928,34,47.4,1611.6
30385,10,4929,14,48.98,685.72
30386,1,4930,20,48.98,979.6
30386,2,4931,25,50.56,1264.0
30386,3,4932,30,47.4,1422.0
30386,4,4933,35,48.98,1714.3
30386,5,4934,15,50.56,758.4
30386,6,4935,20,47.4,948.0
30386,7,4936,25,48.98,1224.5
30386,8,4937,30,50.56,1516.8
30386,9,4938,35,47.4,1659.0
30386,10,4939,15,48.98,734.7
30387,1,4950,22,48.98,1077.56
30387,2,4951,27,50.56,1365.12
30387,3,4952,32,47.4,1516.8
30387,4,4953,37,48.98,1812.26
30387,5,4954,17,50.56,859.52
30387,6,4955,22,47.4,1042.8
30387,7,4956,27,48.98,1322.46
30387,8,4957,32,50.56,1617.92
30387,9,4958,37,47.4,1753.8
30387,10,4959,17,48.98,832.66
30388,1,4960,19,48.98,930.62
30388,2,4961,24,50.56,1213.44
30388,3,4962,29,47.4,1374.6
30388,4,4963,34,48.98,1665.32
30388,5,4964,14,50.56,707.84
30388,6,4965,19,47.4,900.6
30388,7,4966,24,48.98,1175.52
30388,8,4967,29,50.56,1466.24
30388,9,4968,34,47.4,1611.6
30388,10,4969,14,48.98,685.72
30389,1,4970,20,48.98,979.6
30389,2,4971,25,50.56,1264.0
30389,3,4972,30,47.4,1422.0
30389,4,4973,35,48.98,1714.3
30389,5,4974,15,50.56,758.4
30389,6,4975,20,47.4,948.0
30389,7,4976,25,48.98,1224.5
30389,8,4977,30,50.56,1516.8
30389,9,4978,35,47.4,1659.0
30389,10,4979,15,48.98,734.7
30390,1,4980,21,48.98,1028.58
30390,2,4981,26,50.56,1314.56
30390,3,4982,31,47.4,1469.4
30390,4,4983,36,48.98,1763.28
30390,5,4984,16,50.56,808.96
30390,6,4985,21,47.4,995.4
30390,7,4986,26,48.98,1273.48
30390,8,4987,31,50.56,1567.36
30390,9,4988,36,47.4,1706.4
30390,10,4989,16,48.98,783.68
30391,1,5000,19,48.98,930.62
30391,2,5001,24,50.56,1213.44
30391,3,5002,29,47.4,1374.6
30391,4,5003,34,48.98,1665.32
30391,5,5004,14,50.56,707.84
30391,6,5005,19,47.4,900.6
30391,7,5006,24,48.98,1175.52
30391,8,5007,29,50.56,1466.24
30391,9,5008,34,47.4,1611.6
30391,10,5009,14,48.98,685.72
30392,1,5010,20,48.98,979.6
30392,2,5011,25,50.56,1264.0
30392,3,5012,30,47.4,1422.0
30392,4,5013,35,48.98,1714.3
30392,5,5014,15,50.56,758.4
30392,6,5015,20,47.4,948.0
30392,7,5016,25,48.98,1224.5
30392,8,5017,30,50.56,1516.8
30392,9,5018,35,47.4,1659.0
30392,10,5019,15,48.98,734.7
30393,1,5020,21,48.98,1028.58
30393,2,5021,26,50.56,1314.56
30393,3,5022,31,47.4,1469.4
30393,4,5023,36,48.98,1763.28
30393,5,5024,16,50.56,808.96
30393,6,5025,21,47.4,995.4
30393,7,5026,26,48.98,1273.48
30393,8,5027,31,50.56,1567.36
30393,9,5028,36,47.4,1706.4
30393,10,5029,16,48.98,783.68
30394,1,5030,22,48.98,1077.56
30394,2,5031,27,50.56,1365.12
30394,3,5032,32,47.4,1516.8
30394,4,5033,37,48.98,1812.26
30394,5,5034,17,50.56,859.52
30394,6,5035,22,47.4,1042.8
30394,7,5036,27,48.98,1322.46
30394,8,5037,32,50.56,1617.92
30394,9,5038,37,47.4,1753.8
30394,10,5039,17,48.98,832.66
30395,1,5050,20,48.98,979.6
30395,2,5051,25,50.56,1264.0
30395,3,5052,30,47.4,1422.0
30395,4,5053,35,48.98,1714.3
30395,5,5054,15,50.56,758.4
30395,6,5055,20,47.4,948.0
30395,7,5056,25,48.98,1224.5
30395,8,5057,30,50.56,1516.8
30395,9,5058,35,47.4,1659.0
30395,10,5059,15,48.98,734.7
30396,1,5060,21,48.98,1028.58
30396,2,5061,26,50.56,1314.56
30396,3,5062,31,47.4,1469.4
30396,4,5063,36,48.98,1763.28
30396,5,5064,16,50.56,808.96
30396,6,5065,21,47.4,995.4
30396,7,5066,26,48.98,1273.48
30396,8,5067,31,50.56,1567.36
30396,9,5068,36,47.4,1706.4
30396,10,5069,16,48.98,783.68
30397,1,5070,22,48.98,1077.56
30397,2,5071,27,50.56,1365.12
30397,3,5072,32,47.4,1516.8
30397,4,5073,37,48.98,1812.26
30397,5,5074,17,50.56,859.52
30397,6,5075,22,47.4,1042.8
30397,7,5076,27,48.98,1322.46
30397,8,5077,32,50.56,1617.92
30397,9,5078,37,47.4,1753.8
30397,10,5079,17,48.98,832.66
30398,1,5080,19,48.98,930.62
30398,2,5081,24,50.56,1213.44
30398,3,5082,29,47.4,1374.6
30398,4,5083,34,48.98,1665.32
30398,5,5084,14,50.56,707.84
30398,6,5085,19,47.4,900.6
30398,7,5086,24,48.98,1175.52
30398,8,5087,29,50.56,1466.24
30398,9,5088,34,47.4,1611.6
30398,10,5089,14,48.98,685.72
30399,1,5100,21,48.98,1028.58
30399,2,5101,26,50.56,1314.56
30399,3,5102,31,47.4,1469.4
30399,4,5103,36,48.98,1763.28
30399,5,5104,16,50.56,808.96
30399,6,5105,21,47.4,995.4
30399,7,5106,26,48.98,1273.48
30399,8,5107,31,50.56,1567.36
30399,9,5108,36,47.4,1706.4
30399,10,5109,16,48.98,783.68
30400,1,5110,22,48.98,1077.56
30400,2,5111,27,50.56,1365.12
30400,3,5112,32,47.4,1516.8
30400,4,5113,37,48.98,1812.26
30400,5,5114,17,50.56,859.52
30400,6,5115,22,47.4,1042.8
30400,7,5116,27,48.98,1322.46
30400,8,5117,32,50.56,1617.92
30400,9,5118,37,47.4,1753.8
30400,10,5119,17,48.98,832.66
