sale_id,line_no,product_id,product_barcode,product_name,quantity,unit_price,line_amount
40001,1,120,DD29210317,中国小说史略(外一种:汉文学史纲要)(中华现代学术名著3),2,79.0,158.0
40001,2,121,DD12100014112,中国小说叙事模式的转变陈平原著作系列+现代中国的述学文体+中国现代学术之建立+读书的风景,3,81.37,244.11
40001,3,122,DD27877953,中国小说史略(蓬莱阁典藏系列),1,83.74,83.74
40002,1,123,DD29739260,中国小说:洞达人性的智慧,3,79.0,237.0
40002,2,124,DD29476235,中国小说叙事模式的转变,1,81.37,81.37
40002,3,125,DD29822739,中国小说史略,2,83.74,167.48
40003,1,126,DD12421986017,中国小说史略,1,79.0,79.0
40003,2,127,DD12342291076,中国小说史略,2,81.37,162.74
40003,3,128,DD11671060094,中国小说的起源及其演变,3,83.74,251.22
40004,1,129,DD11275386007,中国小说的起源及其演变,2,79.0,158.0
40004,2,130,DD12471993031,虫系列科幻中国小说,3,81.37,244.11
40004,3,131,DD12354253080,中国小说史略,1,83.74,83.74
40005,1,132,DD12330150002,中国小说史略,3,79.0,237.0
40005,2,133,DD12413638097,中国小说史大纲,1,81.37,81.37
40005,3,134,DD1296370267,中国小说史略/中国近现代经典文学阅读,2,83.74,167.48
40006,1,135,DD11926904012,中国小说史略,1,79.0,79.0
40006,2,136,DD1305805967,中国小说史略/大师经典文丛,2,81.37,162.74
40006,3,137,DD11983746100,中国小说史略,3,83.74,251.22
40007,1,138,DD12401683075,中国小说理论通史,2,79.0,158.0
40007,2,139,DD11908786082,中国小说史略-老北大讲义,3,81.37,244.11
40007,3,140,DD11177106070,中国小说的起源及其演变,1,83.74,83.74
40008,1,141,DD1525539470,中国小说的起源及其演变,3,79.0,237.0
40008,2,142,DD12356320033,中国小说史大纲,1,81.37,81.37
40008,3,143,DD12462757061,中国小说观念的嬗变及其文化精神,2,83.74,167.48
40009,1,144,DD11927512082,中国小说史略,1,79.0,79.0
40009,2,145,DD1231111155,中国小说的起源及其演变/近代,2,81.37,162.74
40009,3,146,DD1023828679,中国小说的起源及其演变/近代,3,83.74,251.22
40010,1,147,DD1206298734,中国小说的起源及其演变,2,79.0,158.0
40010,2,148,DD1337462367,中国小说的起源及其演变/近代,3,81.37,244.11
40010,3,149,DD11703846036,中国小说史略,1,83.74,83.74
40011,1,150,DD12387356016,中国小说研究,3,79.0,237.0
40011,2,151,DD12324441094,中国小说史略,1,81.37,81.37
40011,3,152,DD12339728083,中国小说史略,2,83.74,167.48
40012,1,153,DD11847213062,中国小说史略,1,79.0,79.0
40012,2,154,DD12342473005,中国小说30年,2,81.37,162.74
40012,3,155,DD12392421051,中国小说史略,3,83.74,251.22
40013,1,156,DD1453974471,中国小说的起源及其演变/近代,2,79.0,158.0
40013,2,157,DD12439344077,中国小说史略,3,81.37,244.11
40013,3,158,DD11782275012,中国小说史略,1,83.74,83.74
40014,1,159,DD11983861135,中国小说,3,79.0,237.0
40014,2,160,DD1318504632,中国小说的起源及其演变,1,81.37,81.37
40014,3,161,DD11683771956,中国小说史略,2,83.74,167.48
40015,1,162,DD11620722393,中国小说史略,1,79.0,79.0
40015,2,163,DD11984284140,中国小说30年,2,81.37,162.74
40015,3,164,DD12498899097,中国小说的起源及其演变,3,83.74,251.22
40016,1,165,DD12501739087,中国小说的近代变革,2,79.0,158.0
40016,2,166,DD12403711091,中国小说史略,3,81.37,244.11
40016,3,167,DD23664371,中国小说的起源及其演变,1,83.74,83.74
40017,1,168,DD12315871053,中国小说史略,3,79.0,237.0
40017,2,169,DD12402220131,中国小说研究,1,81.37,81.37
40017,3,170,DD12442078081,中国小说美学史,2,83.74,167.48
40018,1,171,DD12406675078,中国小说史略,1,79.0,79.0
40018,2,172,DD1318083568,中国小说史略(堪称中国小说史研究的开山之作),2,81.37,162.74
40018,3,173,DD12339250045,中国小说体式的现代转型与流变,3,83.74,251.22
40019,1,174,DD12343080025,中国小说观念的嬗变及其文化精神,2,79.0,158.0
40019,2,175,DD12373493055,中国小说续书研究,3,81.37,244.11
40019,3,176,DD20948017,中国小说观念的近代化进程,1,83.74,83.74
40020,1,177,DD12373259014,中国小说史略,3,79.0,237.0
40020,2,178,DD11973785113,中国小说史略,1,81.37,81.37
40020,3,179,DD12349404068,中国小说续书研究,2,83.74,167.48
40021,1,180,DD1004031590,中国小说史略,1,79.0,79.0
40021,2,181,DD12307509140,中国小说史略,2,81.37,162.74
40021,3,182,DD12335316015,中国小说史略,3,83.74,251.22
40022,1,183,DD1619854596,中国小说与传说在日本的传播与再创,2,79.0,158.0
40022,2,184,DD11887694033,中国小说观念的嬗变及其文化精神,3,81.37,244.11
40022,3,185,DD12353378019,中国小说史略鲁迅著,1,83.74,83.74
40023,1,186,DD1438630569,中国小说名句解析/国学经典名句珍藏,3,79.0,237.0
40023,2,187,DD1062164789,中国小说名句解析/国学经典名句珍藏新华,1,81.37,81.37
40023,3,188,DD1418636679,中国小说名句解析/国学经典名句珍藏,2,83.74,167.48
40024,1,189,DD11684366396,中国小说史略,1,79.0,79.0
40024,2,190,DD11653255393,中国小说史略,2,81.37,162.74
40024,3,191,DD11612670996,传世经典文库:中国小说史略,3,83.74,251.22
40025,1,192,DD12431981136,中国小说史略,2,79.0,158.0
40025,2,193,DD1387547185,中国小说名句解析/国学经典名句珍藏,3,81.37,244.11
40025,3,194,DD11999486130,中国小说,1,83.74,83.74
40026,1,195,DD11881985590,中国小说美学史,3,79.0,237.0
40026,2,196,DD12356292123,中国小说审美与人的生存理想,1,81.37,81.37
40026,3,197,DD12506186127,中国小说史略,2,83.74,167.48
40027,1,198,DD1219419803,中国小说史略/老北大讲义,1,79.0,79.0
40027,2,199,DD1426333409,中国小说史略/老北大讲义,2,81.37,162.74
40027,3,200,DD12496215047,中国小说研究,3,83.74,251.22
40028,1,201,DD12318076119,中国小说史略,2,79.0,158.0
40028,2,202,DD12368872044,中国小说研究,3,81.37,244.11
40028,3,203,DD12497184127,中国小说史略,1,83.74,83.74
40029,1,204,DD12356377063,中国小说史略,3,79.0,237.0
40029,2,205,DD12385893079,中国小说史略,1,81.37,81.37
40029,3,206,DD12372888068,中国小说史略,2,83.74,167.48
40030,1,207,DD12414450009,中国小说研究,1,79.0,79.0
40030,2,208,DD12447038011,中国小说史略,2,81.37,162.74
40030,3,209,DD12350565033,中国小说研究,3,83.74,251.22
40031,1,210,DD1802841071,中国小说史略,2,79.0,158.0
40031,2,211,DD11177298020,中国小说史略,3,81.37,244.11
40031,3,212,DD12448815001,中国小说史略,1,83.74,83.74
40032,1,213,DD12337375465,中国小说的谱系与文体形态,3,79.0,237.0
40032,2,214,DD11704128116,中国小说史略,1,81.37,81.37
40032,3,215,DD11184408100,中国小说阅读拓展训练二十篇,2,83.74,167.48
40033,1,216,DD12356057020,中国小说史略,1,79.0,79.0
40033,2,217,DD12420468048,中国小说的起源及其演变,2,81.37,162.74
40033,3,218,DD11767777049,中国小说阅读拓展训练二十篇,3,83.74,251.22
40034,1,219,DD11724449053,中国小说史略鲁迅小说史论专著,2,79.0,158.0
40034,2,220,DD11994169044,中国小说叙事模式的转变,3,81.37,244.11
40034,3,221,DD12496949097,中国小说研究,1,83.74,83.74
40035,1,222,DD1400324903,中国小说阅读拓展训练二十篇,3,79.0,237.0
40035,2,223,DD1781218712,中国小说史略,1,81.37,81.37
40035,3,224,DD11878470050,中国小说史略,2,83.74,167.48
40036,1,225,DD11888813019,中国小说史略,1,79.0,79.0
40036,2,226,DD11987860100,中国小说的近代变革,2,81.37,162.74
40036,3,227,DD12412072067,中国小说史略,3,83.74,251.22
40037,1,228,DD12330583032,中国小说史略鲁迅小说史经典著作中国,2,79.0,158.0
40037,2,229,DD12354081010,中国小说戏曲理论的近代转型,3,81.37,244.11
40037,3,230,DD12398216107,中国小说史略,1,83.74,83.74
40038,1,231,DD11944979056,中国小说的近代变革,3,79.0,237.0
40038,2,232,DD12337380285,中国小说史略,1,81.37,81.37
40038,3,233,DD12300206970,中国小说审美与人的生存理想,2,83.74,167.48
40039,1,234,DD11703758586,中国小说史略,1,79.0,79.0
40039,2,235,DD1781218802,中国小说史略,2,81.37,162.74
40039,3,236,DD11612085066,中国小说美学史,3,83.74,251.22
40040,1,237,DD12343138100,中国小说史略,2,79.0,158.0
40040,2,238,DD12497679067,中国小说研究,3,81.37,244.11
40040,3,239,DD12303698060,中国小说史略,1,83.74,83.74
40041,1,240,DD12420399116,中国小说史略(新校本),3,79.0,237.0
40041,2,241,DD12344171053,中国小说的起源及其演变,1,81.37,81.37
40041,3,242,DD12336247005,中国小说史略,2,83.74,167.48
40042,1,243,DD12337445044,中国小说史略鲁迅著,1,79.0,79.0
40042,2,244,DD12339970056,中国小说叙事模式的转变,2,81.37,162.74
40042,3,245,DD12398794095,中国小说史略,3,83.74,251.22
40043,1,246,DD12470611021,中国小说史略,2,79.0,158.0
40043,2,247,DD12301502131,中国小说史略,3,81.37,244.11
40043,3,248,DD11950997126,中国小说与传说在日本的传播与再创,1,83.74,83.74
40044,1,249,DD1087972569,中国小说史略(精)/鸿儒国学讲堂,3,79.0,237.0
40044,2,250,DD1357070167,中国小说史略(精)/鸿儒国学讲堂,1,81.37,81.37
40044,3,251,DD1036940979,中国小说史略(精)/鸿儒国学讲堂,2,83.74,167.48
40045,1,252,DD12443513097,中国小说论坛,1,79.0,79.0
40045,2,253,DD11708198115,中国小说叙事模式的转变,2,81.37,162.74
40045,3,254,DD12480827117,中国小说史略,3,83.74,251.22
40046,1,255,DD11952171083,中国小说史略:民国学术经典?文学史类,2,79.0,158.0
40046,2,256,DD12315949049,中国小说史略,3,81.37,244.11
40046,3,257,DD11847932050,中国小说写人学,1,83.74,83.74
40047,1,258,DD12467037047,中国小说续书研究,3,79.0,237.0
40047,2,259,DD11996335133,中国小说史略鲁迅著,1,81.37,81.37
40047,3,260,DD12354122120,中国小说戏曲的发现,2,83.74,167.48
40048,1,261,DD12501311137,中国小说史略,1,79.0,79.0
40048,2,262,DD12331851132,中国小说史略鲁迅著著,2,81.37,162.74
40048,3,263,DD12402021107,中国小说史略,3,83.74,251.22
40049,1,264,DD12402021117,中国小说史略,2,79.0,158.0
40049,2,265,DD12352098089,中国小说叙事模式的转变,3,81.37,244.11
40049,3,266,DD12372616048,中国小说学主流,1,83.74,83.74
40050,1,267,DD11927804062,中国小说史略,3,79.0,237.0
40050,2,268,DD12406032047,中国小说史略鲁迅著,1,81.37,81.37
40050,3,269,DD12410609137,中国小说的文与脉,2,83.74,167.48
40051,1,270,DD11957885062,中国小说戏曲的发现,1,79.0,79.0
40051,2,271,DD12467718057,中国小说研究史黄霖著,2,81.37,162.74
40051,3,272,DD12342513040,中国小说学主流,3,83.74,251.22
40052,1,273,DD12422820088,中国小说研究,2,79.0,158.0
40052,2,274,DD12402352019,中国小说史略(新校本),3,81.37,244.11
40052,3,275,DD12408023005,中国小说史略,1,83.74,83.74
40053,1,276,DD12337906065,中国小说古今演变研究举隅,3,79.0,237.0
40053,2,277,DD11785933029,中国小说与传说在日本的传播与再创,1,81.37,81.37
40053,3,278,DD603366656,中国小说史略(外一种:汉文学史纲要),2,83.74,167.48
40054,1,279,DD11846300119,中国小说史略,1,79.0,79.0
40054,2,280,DD12335835105,中国小说学主流,2,81.37,162.74
40054,3,281,DD11612885396,中国小说学主流,3,83.74,251.22
40055,1,282,DD11908459004,中国小说史略,2,79.0,158.0
40055,2,283,DD27858785,中国小说的文与脉中国现代文学馆青年批评家丛书,3,81.37,244.11
40055,3,284,DD12367141058,中国小说史略蓬莱阁典藏系列是中国小说史的,1,83.74,83.74
40056,1,285,DD605007765,中国小说史略(外一种:汉文学史纲要),3,79.0,237.0
40056,2,286,DD12456139037,中国小说戏曲小史,1,81.37,81.37
40056,3,287,DD605007795,中国小说史略(外一种:汉文学史纲要),2,83.74,167.48
40057,1,288,DD11946088040,中国小说叙事模式的转变,1,79.0,79.0
40057,2,289,DD12410603096,中国小说叙事模式的转变,2,81.37,162.74
40057,3,290,DD12345108041,中国小说古今演变研究举隅,3,83.74,251.22
40058,1,291,DD11994382074,中国小说古今演变研究举隅,2,79.0,158.0
40058,2,292,DD12382359016,中国小说的文与脉,3,81.37,244.11
40058,3,293,DD12358754103,中国小说史略,1,83.74,83.74
40059,1,294,DD12328718109,中国小说史略(精)/蓬莱阁典藏系列,3,79.0,237.0
40059,2,295,DD12504987097,中国小说戏曲小史,1,81.37,81.37
40059,3,296,DD1429768003,中国小说与传说在日本的传播与再创,2,83.74,167.48
40060,1,297,DD11020610014,中国小说写人研究,1,79.0,79.0
40060,2,298,DD1354485467,中国小说写人研究,2,81.37,162.74
40060,3,299,DD1042175079,中国小说写人研究,3,83.74,251.22
40061,1,300,DD1069521069,中国小说写人研究新华,2,79.0,158.0
40061,2,301,DD1476689677,中国小说与传说在日本的传播与再创,3,81.37,244.11
40061,3,302,DD1397920709,中国小说的文与脉/中国现代文学馆青年批评家丛书,1,83.74,83.74
40062,1,303,DD1471122625,中国小说的文与脉/中国现代文学馆青年批评家丛书,3,79.0,237.0
40062,2,304,DD1466951777,中国小说与传说在日本的传播与再创,1,81.37,81.37
40062,3,305,DD12387732036,外国小说读本,2,83.74,167.48
40063,1,306,DD12411025696,读客外国小说文库332:湖边小屋的谎言,1,79.0,79.0
40063,2,307,DD12336168626,读客外国小说文库:放熊归山,2,81.37,162.74
40063,3,308,DD12100017576,外国小说精品系列,3,83.74,251.22
40064,1,309,DD12100022342,明室外国小说系列,2,79.0,158.0
40064,2,310,DD12340596176,B)读客外国小说文库:鄙视(精装塑封,3,81.37,244.11
40064,3,311,DD12441064371,外国小说书架:历史学家美伊丽莎白·科斯托娃(ElixabethKostova),1,83.74,83.74
40065,1,312,DD12389546196,外国小说书架:历史学家美伊丽莎白·科斯托娃(ElixabethKostova),3,79.0,237.0
40065,2,313,DD11806076632,外国小说理查德布劳提根作品集套装4册布劳提根诗选草坪的复仇在西瓜糖里在美国钓鳟鱼嬉皮一代的文化偶,1,81.37,81.37
40065,3,314,DD12338446020,外国小说理查德布劳提根作品集套装4册布劳提根诗选草坪的复仇在西瓜糖里在美国钓鳟鱼嬉皮一代的文化偶像,2,83.74,167.48
40066,1,315,DD12488429337,外国小说理查德布劳提根作品集套装4册布劳提根诗选草坪的复仇在西瓜糖里在美国钓鳟鱼嬉皮一代的文化偶像,1,79.0,79.0
40066,2,316,DD11802893953,读客外国小说文库间谍先生,2,81.37,162.74
40066,3,317,DD25179560,外国小说名作欣赏萧乾跟着,3,83.74,251.22
40067,1,318,DD12455254287,21世纪年度佳外国小说:生命,2,79.0,158.0
40067,2,319,DD12409766556,21世纪年度佳外国小说:生命,3,81.37,244.11
40067,3,320,DD11962429678,"书籍读客外国小说文库484:桤木王(精装)法米歇尔·图尼埃,M",1,83.74,83.74
40068,1,321,DD12403330381,外国小说:名家成名作,3,79.0,237.0
40068,2,322,DD12481798567,外国小说,1,81.37,81.37
40068,3,323,DD12401363745,外国小说:名家成名作,2,83.74,167.48
40069,1,324,DD12354243449,外国小说:名家成名作,1,79.0,79.0
40069,2,325,DD12382893079,外国小说书架:新生南非,2,81.37,162.74
40069,3,326,DD12344619391,外国小说名著精选,3,83.74,251.22
40070,1,327,DD11973838236,外国小说名著精选,2,79.0,158.0
40070,2,328,DD12461389121,外国小说书架:新生南非,3,81.37,244.11
40070,3,329,DD12374733495,外国小说书架:新生南非戈迪默著；赵苏苏译,1,83.74,83.74
40071,1,330,DD11959082302,外国小说名著精选,3,79.0,237.0
40071,2,331,DD12485808171,外国小说名著精选,1,81.37,81.37
40071,3,332,DD12314912283,外国小说书架:新生南非,2,83.74,167.48
40072,1,333,DD12402541767,外国小说名著导读,1,79.0,79.0
40072,2,334,DD11967784584,外国小说名著导读,2,81.37,162.74
40072,3,335,DD12303803094,外国小说鉴赏辞典1:古代至19世纪中期卷,3,83.74,251.22
40073,1,336,DD12360881159,外国小说,2,79.0,158.0
40073,2,337,DD12462640381,外国小说欣赏,3,81.37,244.11
40073,3,338,DD12454953137,外国小说:名家成名作,1,83.74,83.74
40074,1,339,DD12347901190,外国小说:名家成名作,3,79.0,237.0
40074,2,340,DD11996810730,外国小说:名家成名作,1,81.37,81.37
40074,3,341,DD11903773633,外国小说:名家成名作,2,83.74,167.48
40075,1,342,DD12383065269,外国小说书架:直觉阿丽嘉·古德曼(AllegraGoodman)著；美,1,79.0,79.0
40075,2,343,DD689359482,外国小说文学青少年版儿童,2,81.37,162.74
40075,3,344,DD11855670102,外国小说名作欣赏-跟着,3,83.74,251.22
40076,1,345,DD1851535330,外国小说名作欣赏,2,79.0,158.0
40076,2,346,DD12355841453,外国小说精品鉴赏陈阳春主编,3,81.37,244.11
40076,3,347,DD12318203699,外国小说:名家成名作赵焕著,1,83.74,83.74
40077,1,348,DD12350218288,外国小说精品鉴赏,3,79.0,237.0
40077,2,349,DD12448824301,外国小说书架:直觉阿丽嘉·古德曼(AllegraGoodman)著；美,1,81.37,81.37
40077,3,350,DD12353092139,外国小说书架:新生南非,2,83.74,167.48
40078,1,351,DD11353287013,外国小说我是宿命的放浪者“日本的,1,79.0,79.0
40078,2,352,DD11801850379,外国小说名作欣赏,2,81.37,162.74
40078,3,353,DD11793756567,外国小说名作欣赏,3,83.74,251.22
40079,1,354,DD12332176742,外国小说名作欣赏,2,79.0,158.0
40079,2,355,DD12441971601,外国小说书架:小岛英,3,81.37,244.11
40079,3,356,DD12307588590,外国小说,1,83.74,83.74
40080,1,357,DD11279976654,外国小说名作欣赏,3,79.0,237.0
40080,2,358,DD11938627763,外国小说名著精选,1,81.37,81.37
40080,3,359,DD12306720750,外国小说,2,83.74,167.48
40081,1,360,DD11882774090,外国小说,1,79.0,79.0
40081,2,361,DD12466754697,外国小说名作欣赏,2,81.37,162.74
40081,3,362,DD11927514622,外国小说名作欣赏,3,83.74,251.22
40082,1,363,DD12418032346,外国小说名作欣赏,2,79.0,158.0
40082,2,364,DD12413474767,外国小说精品鉴赏,3,81.37,244.11
40082,3,365,DD12347782830,外国小说名著精选,1,83.74,83.74
40083,1,366,DD12499673191,外国小说名作欣赏,3,79.0,237.0
40083,2,367,DD12455014197,外国小说名著精选,1,81.37,81.37
40083,3,368,DD12361333530,外国小说名作欣赏,2,83.74,167.48
40084,1,369,DD12343731593,外国小说名作欣赏,1,79.0,79.0
40084,2,370,DD12508576401,外国小说名作欣赏,2,81.37,162.74
40084,3,371,DD12355601349,读客外国小说文库055:寒鸦行动二战?期间,3,83.74,251.22
40085,1,372,DD11960436363,外国小说欣赏,2,79.0,158.0
40085,2,373,DD11611969396,外国小说,3,81.37,244.11
40085,3,374,DD11967906813,外国小说白牙美国青少年喜欢,1,83.74,83.74
40086,1,375,DD11999020173,外国小说朱守芬,3,79.0,237.0
40086,2,376,DD12432137316,外国小说名作欣赏,1,81.37,81.37
40086,3,377,DD11985000463,外国小说:草枕(日),2,83.74,167.48
40087,1,378,DD12336718406,外国小说:小鹿斑比,1,79.0,79.0
40087,2,379,DD12447865401,外国小说书架:小岛英,2,81.37,162.74
40087,3,380,DD12352751329,外国小说书架:小岛英,3,83.74,251.22
40088,1,381,DD12383275626,外国小说名作欣赏,2,79.0,158.0
40088,2,382,DD12337395062,外国小说月刊1987年第10期总34期,3,81.37,244.11
40088,3,383,DD11183012360,外国小说名作欣赏,1,83.74,83.74
40089,1,384,DD1441337303,外国小说名作欣赏,3,79.0,237.0
40089,2,385,DD11767292079,外国小说名作欣赏,1,81.37,81.37
40089,3,386,DD12409087246,读客外国小说文库:暗杀大师2:英国刺客,2,83.74,167.48
40090,1,387,DD11937171143,外国小说欣赏,1,79.0,79.0
40090,2,388,DD11934139219,外国小说书架:乌拉尼亚,2,81.37,162.74
40090,3,389,DD12321551214,外国小说,3,83.74,251.22
40091,1,390,DD1367976657,外国小说名作欣赏,2,79.0,158.0
40091,2,391,DD12415849676,外国小说名作欣赏,3,81.37,244.11
40091,3,392,DD11930440380,外国小说书架:乌拉尼亚,1,83.74,83.74
40092,1,393,DD12329446424,外国小说欣赏,3,79.0,237.0
40092,2,394,DD11963728486,外国小说书架:乌拉尼亚,1,81.37,81.37
40092,3,395,DD12336467396,读客外国小说:双面恶魔,2,83.74,167.48
40093,1,396,DD12384427548,外国小说选刊1986,1,79.0,79.0
40093,2,397,DD12420398216,外国小说名作欣赏,2,81.37,162.74
40093,3,398,DD1284922257,外国小说名作欣赏,3,83.74,251.22
40094,1,399,DD12373139217,外国小说名篇选读,2,79.0,158.0
40094,2,400,DD11168694545,外国小说名作欣赏(精)/跟着,3,81.37,244.11
40094,3,401,DD12307371610,外国小说欣赏,1,83.74,83.74
40095,1,402,DD11020466364,外国小说名作欣赏(精)/跟着,3,79.0,237.0
40095,2,403,DD1161176597,外国小说名作欣赏(精)/跟着,1,81.37,81.37
40095,3,404,DD1361673867,外国小说名作欣赏(精)/跟着,2,83.74,167.48
40096,1,405,DD1039942579,外国小说名作欣赏(精)/跟着,1,79.0,79.0
40096,2,406,DD1063270769,外国小说名作欣赏(精)/跟着,2,81.37,162.74
40096,3,407,DD12324447034,外国小说名作欣赏,3,83.74,251.22
40097,1,408,DD11977835440,外国小说名著导读,2,79.0,158.0
40097,2,409,DD12345053842,外国小说名著导读(内页净),3,81.37,244.11
40097,3,410,DD12372922784,外国小说名作欣赏(精)/跟着,1,83.74,83.74
40098,1,411,DD11942373483,外国小说读本,3,79.0,237.0
40098,2,412,DD12336714736,外国小说:水孩子,1,81.37,81.37
40098,3,413,DD11870217284,外国小说名作欣赏跟着,2,83.74,167.48
40099,1,414,DD11872112283,外国小说书架:你好，忧愁,1,79.0,79.0
40099,2,415,DD11224270673,外国小说欣赏读本:语文选修,2,81.37,162.74
40099,3,416,DD11885799127,外国小说名作欣赏跟着,3,83.74,251.22
40100,1,417,DD11735845279,爱，以及其他(英朱利安·巴恩斯)外国小说,2,79.0,158.0
40100,2,418,DD12418018259,外国小说精品鉴赏原文题解注解思考赏析外国小说名著鉴赏精品中小语文小说集精选阅读,3,81.37,244.11
40100,3,419,DD12416186758,外国小说名著导读,1,83.74,83.74
40101,1,420,DD12337639722,外国小说精品鉴赏原文题解注解思考赏析外国经典小说名著鉴赏精品,3,79.0,237.0
40101,2,421,DD11996734603,外国小说精品鉴赏,1,81.37,81.37
40101,3,422,DD12347445783,外国小说精品鉴赏原文题解注解思考赏析外国经典小说名著鉴赏精品,2,83.74,167.48
40102,1,423,DD11995478133,外国小说名著导读,1,79.0,79.0
40102,2,424,DD1707721227,外国小说全套4册欧亨利短篇小说集契诃夫短篇小说精选马克吐温莫泊桑百万英镑羊脂球全集,2,81.37,162.74
40102,3,425,DD11920167682,外国小说名作欣赏,3,83.74,251.22
40103,1,426,DD12352570433,外国小说名作欣赏,2,79.0,158.0
40103,2,427,DD24177851,外国小说名著导读,3,81.37,244.11
40103,3,428,DD11436415559,外国小说冰风暴李安导演作品30年电影生涯之作戛纳电影节金棕榈奖原著影视小说外国文学,1,83.74,83.74
40104,1,429,DD12393686178,外国小说名作欣赏,3,79.0,237.0
40104,2,430,DD11713842444,超值套装外国小说4册,1,81.37,81.37
40104,3,431,DD12349528433,外国小说名作欣赏,2,83.74,167.48
40105,1,432,DD11534983172,走在蓝色的田野上短经典精选软精装)外国小说短篇小说,1,79.0,79.0
40105,2,433,DD11738024850,外国小说鉴赏辞典3,2,81.37,162.74
40105,3,434,DD12352698814,外国小说鉴赏辞典3:20世纪前期卷张介明著,3,83.74,251.22
40106,1,435,DD11735844379,外国小说,2,79.0,158.0
40106,2,436,DD11033669073,外国小说名作欣赏保证,3,81.37,244.11
40106,3,437,DD12500941587,外国小说鉴赏辞典3:20世纪前期卷,1,83.74,83.74
40107,1,438,DD12442012401,外国小说鉴赏辞典3:20世纪前期卷,3,79.0,237.0
40107,2,439,DD11745569794,外国小说精品鉴赏原文题解注解思考赏析外国经典小说名鉴赏精品,1,81.37,81.37
40107,3,440,DD12382887078,外国小说名作欣赏跟着,2,83.74,167.48
40108,1,441,DD11972415316,外国小说鉴赏辞典3:20世纪前期卷,1,79.0,79.0
40108,2,442,DD12438307351,外国小说,2,81.37,162.74
40108,3,443,DD12528718361,外国小说精品鉴赏原文题解注解思考赏析外国经典小说名著鉴赏精品,3,83.74,251.22
40109,1,444,DD11991784600,外国小说鉴赏辞典3,2,79.0,158.0
40109,2,445,DD11619856423,外国小说鉴赏辞典3,3,81.37,244.11
40109,3,446,DD12335533048,读客外国小说文库057:大黄蜂奇航此时,1,83.74,83.74
40110,1,447,DD12346534298,外国小说精品系列,3,79.0,237.0
40110,2,448,DD12336718446,外国小说:小妇人,1,81.37,81.37
40110,3,449,DD12303789694,外国小说鉴赏辞典3:20世纪前期卷,2,83.74,167.48
40111,1,450,DD12346062623,外国小说鉴赏辞典3:20世纪前期卷,1,79.0,79.0
40111,2,451,DD11992152670,外国小说鉴赏辞典.1,2,81.37,162.74
40111,3,452,DD11682716666,外国小说鉴赏辞典.1,3,83.74,251.22
40112,1,453,DD11887607443,外国小说鉴赏辞典.1,2,79.0,158.0
40112,2,454,DD1892014442,外国小说套装全4册人间失格月亮和六便士浮生六记罗生门小说原版原著全集毛姆太宰治芥川龙之介经典日本文学名著,3,81.37,244.11
40112,3,455,DD12343391043,外国小说名作欣赏(精)/跟着,1,83.74,83.74
40113,1,456,DD11993743110,外国小说鉴赏辞典.1,3,79.0,237.0
40113,2,457,DD11716830590,外国小说欣赏读本:语文选修,1,81.37,81.37
40113,3,458,DD1618464236,初中生课外书套装4册人间失格月亮与六便士中学生课外,2,83.74,167.48
40114,1,459,DD12352633694,外国小说鉴赏辞典.4:20世纪中期卷张弘著,1,79.0,79.0
40114,2,460,DD12304116656,外国小说鉴赏辞典.4:20世纪中期卷,2,81.37,162.74
40114,3,461,DD12411405141,外国小说鉴赏辞典.4:20世纪中期卷,3,83.74,251.22
40115,1,462,DD12345456733,外国小说鉴赏辞典.4:20世纪中期卷,2,79.0,158.0
40115,2,463,DD12335534078,读客外国小说文库066-边缘人的战争这是一场关于捍卫生存之地的斗争,3,81.37,244.11
40115,3,464,DD12414922636,外国小说白夜行全新精装典藏版侦探悬疑推理犯罪小说,1,83.74,83.74
40116,1,465,DD11957911002,外国小说鉴赏辞典.4:20世纪中期卷,3,79.0,237.0
40116,2,466,DD11616553273,外国小说鉴赏辞典.4,1,81.37,81.37
40116,3,467,DD11972507263,外国小说名作欣赏萧乾跟着,2,83.74,167.48
40117,1,468,DD12376432009,外国小说欣赏人教版新课高中语文课本教材教科书高二三选修人民教J高中语文外国小说欣赏选修(供高一.高三年级学生选用),1,79.0,79.0
40117,2,469,DD12303029495,外国小说名作欣赏萧乾跟着,2,81.37,162.74
40117,3,470,DD11928479672,外国小说鉴赏辞典1:古代至19世纪中期卷,3,83.74,251.22
40118,1,471,DD12379887156,外国小说欣赏人教版新课高中语文课本教材教科书高二三选修人民教J高中语文外国小说欣赏选修(供高一.高三年级学生选用),2,79.0,158.0
40118,2,472,DD12462842047,外国小说欣赏读本:语文选修,3,81.37,244.11
40118,3,473,DD12409581057,外国小说鉴赏辞典.4:20世纪中期卷,1,83.74,83.74
40119,1,474,DD12363245110,外国小说白夜行全新精装典藏版侦探悬疑推理犯罪小说,3,79.0,237.0
40119,2,475,DD12468396771,外国小说欣赏人教版新课高中语文课本教材教科书高二三选修人民教J高中语文外国小说欣赏选修(供高一.高三年级学生选用),1,81.37,81.37
40119,3,476,DD11703762356,外国小说鉴赏辞典3,2,83.74,167.48
40120,1,477,DD12345062561,外国小说鉴赏辞典3:20世纪前期卷,1,79.0,79.0
40120,2,478,DD11049690760,外国小说鉴赏辞典3(20世纪前期卷)(外国文学鉴赏辞典大系),2,81.37,162.74
40120,3,479,DD11461815486,外国小说鉴赏辞典3:20世纪前期卷,3,83.74,251.22
40121,1,480,DD11474152066,文学鉴赏辞典·外国小说鉴赏辞典2:19世纪下半期卷,2,79.0,158.0
40121,2,481,DD11790777790,外国小说鉴赏辞典3,3,81.37,244.11
40121,3,482,DD12415800847,外国小说鉴赏辞典3,1,83.74,83.74
40122,1,483,DD12348956638,外国小说鉴赏辞典3:20世纪前期卷,3,79.0,237.0
40122,2,484,DD12352784169,外国小说鉴赏辞典3:20世纪前期卷,1,81.37,81.37
40122,3,485,DD11277109704,外国小说弗雷德里克巴克曼作品6册一个叫欧维的男人决定去死熊镇外婆的道歉信时间的礼物,2,83.74,167.48
40123,1,486,DD11939250200,外国小说鉴赏辞典1(古代至19世纪中期卷),1,79.0,79.0
40123,2,487,DD12316042049,外国小说鉴赏辞典1(古代至19世纪中期卷),2,81.37,162.74
40123,3,488,DD11737741752,外国小说埃里希·马里亚·雷马克作品集套装6册西线无战事应许之地里斯本之夜爱与死的年代黑色方尖碑,3,83.74,251.22
40124,1,489,DD11792618777,外国小说埃里希·马里亚·雷马克作品集套装6册西线无战事应许之地里斯本之夜爱与死的年代黑色方尖碑部分,2,79.0,158.0
40124,2,490,DD12100020810,外国文学,3,81.37,244.11
40124,3,491,DD12468126457,外国文学经典:小公主美,1,83.74,83.74
40125,1,492,DD12404533431,外国文学经典:小公主美,3,79.0,237.0
40125,2,493,DD12461789451,外国文学经典:小王子法,1,81.37,81.37
40125,3,494,DD12374230165,外国文学经典:小王子法,2,83.74,167.48
40126,1,495,DD12354291129,外国文学经典:小王子法,1,79.0,79.0
40126,2,496,DD11927181082,外国文学名作导读本小说卷3,2,81.37,162.74
40126,3,497,DD12358404469,外国文学经典:小王子法,3,83.74,251.22
40127,1,498,DD11212845253,外国文学名家精选书系安徒生童话(精装),2,79.0,158.0
40127,2,499,DD12347655371,外国文学名著—格林童话德,3,81.37,244.11
40127,3,500,DD12342012226,外国文学名著—格林童话德,1,83.74,83.74
40128,1,501,DD11988241390,外国文学史:欧美卷,3,79.0,237.0
40128,2,502,DD12454521307,外国文学史:欧美卷,1,81.37,81.37
40128,3,503,DD12410783406,外国文学史:欧美卷,2,83.74,167.48
40129,1,504,DD11964263420,外国文学史:欧美卷,1,79.0,79.0
40129,2,505,DD11612052386,外国文学名著导读,2,81.37,162.74
40129,3,506,DD12409601236,外国文学名著导读,3,83.74,251.22
40130,1,507,DD12323910323,外国文学名家精选书系:人类群星闪耀时(全译本)(奥),2,79.0,158.0
40130,2,508,DD11541345472,外国文学名家精选书系:嘉莉妹妹(全译本),3,81.37,244.11
40130,3,509,DD12331334302,外国文学名家精选书系:人类群星闪耀时(全译本)(奥),1,83.74,83.74
40131,1,510,DD12398709065,外国文学名著少年读本紫荆花卷苏阿·托尔斯泰苏,3,79.0,237.0
40131,2,511,DD11622837003,外国文学名著连环图画(英),1,81.37,81.37
40131,3,512,DD12343373285,外国文学名著—水孩子(英),2,83.74,167.48
40132,1,513,DD11999030153,"外国文学名著—水孩子(英)金斯莱著,吴玲译",1,79.0,79.0
40132,2,514,DD12302900295,外国文学史:欧美卷,2,81.37,162.74
40132,3,515,DD11959765213,外国文学名著导读,3,83.74,251.22
40133,1,516,DD12458413397,外国文学名著名译丛书:哈克贝利·费恩历险记,2,79.0,158.0
40133,2,517,DD12387202156,外国文学经典导读,3,81.37,244.11
40133,3,518,DD11989565890,外国文学经典导读,1,83.74,83.74
40134,1,519,DD12339813655,外国文学经典导读,3,79.0,237.0
40134,2,520,DD11703902746,外国文学作品选·西方文学卷,1,81.37,81.37
40134,3,521,DD12343673425,外国文学作品选·西方文学卷,2,83.74,167.48
40135,1,522,DD12302245180,外国文学名著—木偶奇遇记(意),1,79.0,79.0
40135,2,523,DD11621657373,翰墨林彩图快读系列:外国文学名著快读,2,81.37,162.74
40135,3,524,DD12310695460,"外国文学作品选·西方文学卷刘洪涛,王向远主编",3,83.74,251.22
40136,1,525,DD11998901020,外国文学名著—格林童话,2,79.0,158.0
40136,2,526,DD11996300293,外国文学名作导读本小说卷3曹文轩主编；陈建功点评,3,81.37,244.11
40136,3,527,DD12462688201,外国文学经典·一千零一夜:阿拉伯民间故事集,1,83.74,83.74
40137,1,528,DD12334895145,外国文学史:欧美卷,3,79.0,237.0
40137,2,529,DD11616553213,外国文学作品选·西方文学卷,1,81.37,81.37
40137,3,530,DD12331296062,外国文学名家精选书系.全译本精彩阅读:哈姆雷特.莎士比亚去悲剧集(英)莎士比亚著;朱生豪译,2,83.74,167.48
40138,1,531,DD11688014056,外国文学作品赏析,1,79.0,79.0
40138,2,532,DD12360322439,外国文学经典·一千零一夜:阿拉伯民间故事集,2,81.37,162.74
40138,3,533,DD12358174383,外国文学经典·一千零一夜:阿拉伯民间故事集,3,83.74,251.22
40139,1,534,DD11998418200,外国文学作品选·西方文学卷,2,79.0,158.0
40139,2,535,DD12424628059,外国文学经典:邦斯舅舅,3,81.37,244.11
40139,3,536,DD12403584081,外国文学经典:小王子法,1,83.74,83.74
40140,1,537,DD12318154489,外国文学名著精解,3,79.0,237.0
40140,2,538,DD12347372300,外国文学名著文库:瓦尔登湖,1,81.37,81.37
40140,3,539,DD11930298300,外国文学名著精解,2,83.74,167.48
40141,1,540,DD11995457260,外国文学名著导读,1,79.0,79.0
40141,2,541,DD11998303270,外国文学名著导读,2,81.37,162.74
40141,3,542,DD12328677324,外国文学经典:小王子法圣埃克苏佩里著；柳鸣九译,3,83.74,251.22
40142,1,543,DD11930384180,外国文学名著—哈克贝恩历险记,2,79.0,158.0
40142,2,544,DD12340457496,外国文学名家精选书系:母亲·在人间(精装),3,81.37,244.11
40142,3,545,DD12393460021,外国文学名著—哈克贝恩历险记美马克·吐温著；蒋蕾缩编,1,83.74,83.74
40143,1,546,DD11941334293,外国文学经典·一千零一夜:阿拉伯民间故事集,3,79.0,237.0
40143,2,547,DD12502150167,外国文学名家精选书系爱的教育,1,81.37,81.37
40143,3,548,DD12491996157,外国文学名著精解,2,83.74,167.48
40144,1,549,DD12500018297,外国文学名著少年读本:马丁伊登美,1,79.0,79.0
40144,2,550,DD11703529156,外国文学名著名译化境文库:给青年诗人的信奥,2,81.37,162.74
40144,3,551,DD12491071447,外国文学名著选编(法),3,83.74,251.22
40145,1,552,DD12348394420,外国文学作品赏析,2,79.0,158.0
40145,2,553,DD11952546413,外国文学经典:小王子,3,81.37,244.11
40145,3,554,DD12340498226,外国文学名家精选书系:森林报(精装),1,83.74,83.74
40146,1,555,DD12334800260,外国文学名著名译化境文库:给青年诗人的信,3,79.0,237.0
40146,2,556,DD12413895516,外国文学名著名译化境文库:给青年诗人的信奥,1,81.37,81.37
40146,3,557,DD11540474472,外国文学流派研究-新中国60年外国文学研究-(第二卷),2,83.74,167.48
40147,1,558,DD12306092140,外国文学经典:陀思妥耶夫斯基中短篇小说选俄,1,79.0,79.0
40147,2,559,DD12422749029,外国文学读本王福和,2,81.37,162.74
40147,3,560,DD11813606100,外国文学名著名译化境文库:给青年诗人的信,3,83.74,251.22
40148,1,561,DD11652861143,比较文学与世界文学学习指导丛书:外国文学学习指南,2,79.0,158.0
40148,2,562,DD12347249470,外国文学名典释读,3,81.37,244.11
40148,3,563,DD12306255470,外国文学鉴赏辞典大系·外国散文鉴赏辞典,1,83.74,83.74
40149,1,564,DD11720785350,比较文学与世界文学学习指导丛书:外国文学学习指南,3,79.0,237.0
40149,2,565,DD11944266480,外国文学鉴赏辞典大系外国散文鉴赏辞典,1,81.37,81.37
40149,3,566,DD12415530477,外国文学鉴赏辞典大系·外国散文鉴赏辞典,2,83.74,167.48
40150,1,567,DD12409699086,外国文学鉴赏辞典大系外国散文鉴赏辞典,1,79.0,79.0
40150,2,568,DD12406387156,外国文学鉴赏辞典大系·外国戏剧鉴赏辞典⑴古代卷,2,81.37,162.74
40150,3,569,DD11957809003,外国文学经典:陀思妥耶夫斯基中短篇小说选,3,83.74,251.22
40151,1,570,DD11737619120,比较文学与世界文学学习指导丛书:外国文学学习指南,2,79.0,158.0
40151,2,571,DD12408599486,外国文学鉴赏辞典大系·外国戏剧鉴赏辞典⑶现当代卷,3,81.37,244.11
40151,3,572,DD11840972289,比较文学与世界文学学习指导丛书:外国文学学习指南,1,83.74,83.74
40152,1,573,DD12304332305,外国文学鉴赏辞典大系·外国戏剧鉴赏辞典⑴古代卷,3,79.0,237.0
40152,2,574,DD11789991150,比较文学与世界文学学习指导丛书:外国文学学习指南,1,81.37,81.37
40152,3,575,DD12327749104,外国文学鉴赏辞典大系·外国散文鉴赏辞典,2,83.74,167.48
40153,1,576,DD12304332325,外国文学鉴赏辞典大系·外国戏剧鉴赏辞典⑵近代卷,1,79.0,79.0
40153,2,577,DD11788645210,外国文学鉴赏辞典大系·外国散文鉴赏辞典,2,81.37,162.74
40153,3,578,DD11613578432,破戒外国文学名著丛书日,3,83.74,251.22
40154,1,579,DD12350044460,当代外国文学纪事·英国卷,2,79.0,158.0
40154,2,580,DD12337815384,最经典的外国文学明著导读禹田编,3,81.37,244.11
40154,3,581,DD11612784446,经典的外国文学明著导读,1,83.74,83.74
40155,1,582,DD1015658550,苔丝(全译本)(精)/外国文学,3,79.0,237.0
40155,2,583,DD1029281390,苔丝(全译本)(精)/外国文学,1,81.37,81.37
40155,3,584,DD12301827040,经典的外国文学明著导读,2,83.74,167.48
40156,1,585,DD12478705037,经典的外国文学明著导读,1,79.0,79.0
40156,2,586,DD12339419145,20世纪外国文学丛书—第七个十字架,2,81.37,162.74
40156,3,587,DD11178227355,萌芽(精)/外国文学名著丛书,3,83.74,251.22
40157,1,588,DD11571891002,读客彩条外国文学文库:复明症漫记(精装)葡,2,79.0,158.0
40157,2,589,DD11781754289,草房子,3,81.37,244.11
40157,3,590,DD12480437501,20世纪外国文学丛书—第七个十字架,1,83.74,83.74
40158,1,591,DD11834343264,外教社外国文学研究丛书:美国非裔作家论,3,79.0,237.0
40158,2,592,DD11839508099,外教社外国文学研究丛书:美国非裔作家论,1,81.37,81.37
40158,3,593,DD12366880501,小蜜蜂书屋·外国文学名著少年读本:彼德·潘,2,83.74,167.48
40159,1,594,DD12448334371,小蜜蜂书屋·外国文学名著少年读本:彼德·潘,1,79.0,79.0
40159,2,595,DD12304408364,小蜜蜂书屋·外国文学名著少年读本:彼德·潘英巴里原著,2,81.37,162.74
40159,3,596,DD12338273426,小蜜蜂书屋·外国文学名著少年读本:彼德·潘英巴里原著,3,83.74,251.22
40160,1,597,DD1015654650,小王子(全译本)(精)/外国文学,2,79.0,158.0
40160,2,598,DD1029277690,小王子(全译本)(精)/外国文学,3,81.37,244.11
40160,3,599,DD1015658350,茶花女(全译本)(精)/外国文学,1,83.74,83.74
40161,1,600,DD1029281090,茶花女(全译本)(精)/外国文学,3,79.0,237.0
40161,2,601,DD1015653850,安妮日记(全译本)(精)/外国文学,1,81.37,81.37
40161,3,602,DD1029280790,安妮日记(全译本)(精)/外国文学,2,83.74,167.48
40162,1,603,DD1015658750,死魂灵(全译本)(精)/外国文学,1,79.0,79.0
40162,2,604,DD1029281590,死魂灵(全译本)(精)/外国文学,2,81.37,162.74
40162,3,605,DD11941264283,小蜜蜂书屋·外国文学名著少年读本:彼德·潘英,3,83.74,251.22
40163,1,606,DD11178406235,格林童话(美绘注音版)/外国文学系列/小学生课外经典丛书,2,79.0,158.0
40163,2,607,DD1387137850,热爱生命(全译本)(精)/外国文学,3,81.37,244.11
40163,3,608,DD1353213691,热爱生命(全译本)(精)/外国文学,1,83.74,83.74
40164,1,609,DD11636979010,爱的教育/外国文学经典新华,3,79.0,237.0
40164,2,610,DD12355510129,安徒生童话精选:儿童外国文学精选本,1,81.37,81.37
40164,3,611,DD12393551391,安徒生童话精选:儿童外国文学精选本,2,83.74,167.48
40165,1,612,DD12389064376,安徒生童话精选:儿童外国文学精选本,1,79.0,79.0
40165,2,613,DD12337543404,安徒生童话精选:儿童外国文学精选本,2,81.37,162.74
40165,3,614,DD12458789357,翰墨林彩图快读系列:外国文学名著快读,3,83.74,251.22
40166,1,615,DD11777608352,爱的面包,2,79.0,158.0
40166,2,616,DD12341875075,安徒生童话精选—儿童外国文学精选本,3,81.37,244.11
40166,3,617,DD12398522025,飘飘市长,1,83.74,83.74
40167,1,618,DD1015660150,一个陌生女人的来信(全译本)(精)/外国文学,3,79.0,237.0
40167,2,619,DD1029282890,一个陌生女人的来信(全译本)(精)/外国文学,1,81.37,81.37
40167,3,620,DD11869222213,爱的面包,2,83.74,167.48
40168,1,621,DD1012027650,哈克贝利·芬历险记(全译本)(精)/外国文学,1,79.0,79.0
40168,2,622,DD1028330390,哈克贝利·芬历险记(全译本)(精)/外国文学,2,81.37,162.74
40168,3,623,DD12413443356,蓝狐狸的迷宫,3,83.74,251.22
40169,1,624,DD11873748463,大象倒立马库斯·奥特斯,2,79.0,158.0
40169,2,625,DD11777608342,大象倒立,3,81.37,244.11
40169,3,626,DD12339417345,戴领结的鹅,1,83.74,83.74
40170,1,627,DD1015658150,格兰特船长的儿女(全译本)(精)/外国文学,3,79.0,237.0
40170,2,628,DD1029280890,格兰特船长的儿女(全译本)(精)/外国文学,1,81.37,81.37
40170,3,629,DD11930302310,翰墨林彩图快读系列:外国文学名著快读,2,83.74,167.48
40171,1,630,DD12492045297,伤心的试验,1,79.0,79.0
40171,2,631,DD12425890189,安徒生童话精选:儿童外国文学精选本,2,81.37,162.74
40171,3,632,DD12302719310,你就是影帝,3,83.74,251.22
40172,1,633,DD11540474452,口述史-新中国60年外国文学研究-(第六卷),2,79.0,158.0
40172,2,634,DD12353809240,拉丁美洲当代文学论评:外国文学研究资料丛书,3,81.37,244.11
40172,3,635,DD12323175270,拉丁美洲当代文学论评:外国文学研究资料丛书,1,83.74,83.74
40173,1,636,DD12315784124,拉丁美洲当代文学论评:外国文学研究资料丛书,3,79.0,237.0
40173,2,637,DD11719847160,外国戏剧鉴赏辞典⑵·外国文学鉴赏辞典大系,1,81.37,81.37
40173,3,638,DD11774005062,月亮与六便士,2,83.74,167.48
40174,1,639,DD12301973370,流浪狗和流浪猫,1,79.0,79.0
40174,2,640,DD11873748443,最富有的男孩,2,81.37,162.74
40174,3,641,DD11777608272,最富有的男孩,3,83.74,251.22
40175,1,642,DD11873748453,飞走的爷爷,2,79.0,158.0
40175,2,643,DD11777608302,飞走的爷爷,3,81.37,244.11
40175,3,644,DD11721244080,希腊英雄传青少年英汉对照外国文学名著(英),1,83.74,83.74
40176,1,645,DD12311164210,月光下的蝈蝈,3,79.0,237.0
40176,2,646,DD12387420246,伪君子:莫里哀戏剧经典外国文学名著文库(法),1,81.37,81.37
40176,3,647,DD12411554436,月光下的蝈蝈安武林著,2,83.74,167.48
40177,1,648,DD12388363076,月光下的蝈蝈,1,79.0,79.0
40177,2,649,DD11310577014,无字书图书馆,2,81.37,162.74
40177,3,650,DD29617869,局外人正版加缪诺贝尔文学奖外国文学小说作品选文学名著作家榜,3,83.74,251.22
40178,1,651,DD11818279223,伪君子:莫里哀戏剧经典外国文学名著文库,2,79.0,158.0
40178,2,652,DD11918371430,伪君子:莫里哀戏剧经典外国文学名著文库,3,81.37,244.11
40178,3,653,DD12317568009,伪君子:莫里哀戏剧经典外国文学名著文库,1,83.74,83.74
40179,1,654,DD11942423036,伪君子:莫里哀戏剧经典外国文学名著文库,3,79.0,237.0
40179,2,655,DD29868779,外国文学与中学语文,1,81.37,81.37
40179,3,656,DD12435690351,生命中不能承受之轻,2,83.74,167.48
40180,1,657,DD29920743,林门郑氏2025年,1,79.0,79.0
40180,2,658,DD29655195,外国文学名著连环画选粹荒野的呼唤,2,81.37,162.74
40180,3,659,DD12471077067,老人与海青少年,3,83.74,251.22
40181,1,660,DD12400880446,了不起的盖茨比弗朗西斯菲茨杰拉德外国文学名著中文译本世界小说名著阅读,2,79.0,158.0
40181,2,661,DD12322809253,土拨鼠约翰尼奇遇记,3,81.37,244.11
40181,3,662,DD1403503924,月亮与六便士毛姆的短篇世界名著外国文学小说原版无删减全译朗读版小学,1,83.74,83.74
40182,1,663,DD11292725014,了不起的盖茨比(全译本)(精)/外国文学,3,79.0,237.0
40182,2,664,DD11777608222,爸爸的头发去度假了,1,81.37,81.37
40182,3,665,DD11869234203,爸爸的头发去度假了,2,83.74,167.48
40183,1,666,DD12310015123,害羞的鳄鱼意,1,79.0,79.0
40183,2,667,DD12388260326,北京开放大学人文教育丛书:20世纪外国文学经典导读,2,81.37,162.74
40183,3,668,DD12456799481,格林童话全集精装全译本珍藏版外国文学名著原版原著无删节小学生二年级三年级四年级**,3,83.74,251.22
40184,1,669,DD11998263194,格林童话全集精装全译本珍藏版外国文学名著原著无删节小学生二年级三年级四年级图书,2,79.0,158.0
40184,2,670,DD29413112,外国文学论丛,3,81.37,244.11
40184,3,671,DD11884602014,外国文学经典中的人生智慧,1,83.74,83.74
40185,1,672,DD29352464,外国文学基础,3,79.0,237.0
40185,2,673,DD12408877256,外国文学经典,1,81.37,81.37
40185,3,674,DD11994688350,外国文学经典,2,83.74,167.48
40186,1,675,DD29833748,中国文学常识中国文学“百科全书”，一,1,79.0,79.0
40186,2,676,DD12100019001,中国文学通史系列/大学中文系参考书/先秦文学史//魏晋文学史/南北朝文学史/宋代文学史/唐代文学史,2,81.37,162.74
40186,3,677,DD29465264,中国文学大师经典文库-叶圣陶经典散文集+沈从文经典散文集+老舍经典散文集+朱自清经典散文集全4册,3,83.74,251.22
40187,1,678,DD29748684,名家通识书系中国文学常识:直观掌握中国文学史的发展历程，构建中国文化系统认知,2,79.0,158.0
40187,2,679,DD12100023952,中国文学常识一本通当当自营抖音同款,3,81.37,244.11
40187,3,680,DD29662891,中国文学常识(读客三个圈经典文库)一,1,83.74,83.74
40188,1,681,DD29217303,中国文学史1-4册(修订版)(套装4册)考研参考,3,79.0,237.0
40188,2,682,DD29845077,中国文学名著漫画贴合新k标，为不同作品制定个性化学习目标,1,81.37,81.37
40188,3,683,DD26446012,中国文学批评简史中国语言文学文库·典藏文库/吴承学，彭玉平主编,2,83.74,167.48
40189,1,684,DD29808189,中国文学常识:达情达意达人生一口气读懂文学常识，让你的生活更有底气,1,79.0,79.0
40189,2,685,DD28535512,中国学术思想史)中国文学思想史(先秦至北宋,2,81.37,162.74
40189,3,686,DD28969446,中国文学鉴赏辞典(新一版),3,83.74,251.22
40190,1,687,DD24156489,中国文学批评史大纲(校补本)朱东润先生有关中国文学批评史的经典著述，经陈尚君教授校补增订,2,79.0,158.0
40190,2,688,DD29478995,中国文学选评注,3,81.37,244.11
40190,3,689,DD29690318,中国文学史(插图珍藏版),1,83.74,83.74
40191,1,690,DD747298,中国文学史(修订本)一,3,79.0,237.0
40191,2,691,DD29148428,中国文学大师经典文库(5册)朱自清经典散文集老舍叶圣陶沈从文张晓风经典散文集中国,1,81.37,81.37
40191,3,692,DD29123507,张晓风经典散文集中国文学,2,83.74,167.48
40192,1,693,DD25168665,中国文学作品选注第一卷,1,79.0,79.0
40192,2,694,DD23461497,徐复观全集-中国文学论集续篇,2,81.37,162.74
40192,3,695,DD1901373204,中国文学史四十讲:从经典学写作,3,83.74,251.22
40193,1,696,DD20025434,中国文学的变革:由古典走向现代,2,79.0,158.0
40193,2,697,DD23480501,徐复观全集,3,81.37,244.11
40193,3,698,DD29436113,中国文学史讲稿,1,83.74,83.74
40194,1,699,DD11896921683,中国文学与东南亚华文文学的建构研究/“文化中国”与东南亚汉学研究丛书/主编,3,79.0,237.0
40194,2,700,DD29904007,中国文学图像关系史·宋代卷,1,81.37,81.37
40194,3,701,DD29903996,中国文学图像关系史·汉代卷,2,83.74,167.48
40195,1,702,DD29903999,中国文学图像关系史·魏晋南北朝卷,1,79.0,79.0
40195,2,703,DD29903998,中国文学图像关系史·辽金元卷,2,81.37,162.74
40195,3,704,DD29903997,中国文学图像关系史·隋唐五代卷,3,83.74,251.22
40196,1,705,DD29904000,中国文学图像关系史·先秦卷,2,79.0,158.0
40196,2,706,DD11478891607,中国文学史著作编年叙录古代文学史卷(上),3,81.37,244.11
40196,3,707,DD12100022099,鲁迅杂文集中国文学大师经典文库含坟热风华盖鲁迅而已集南腔北调集伪自由书且介亭杂文等作品,1,83.74,83.74
40197,1,708,DD22496596,中国文学名作鉴赏,3,79.0,237.0
40197,2,709,DD29236274,剑桥中国文学史下卷:1375-1949,1,81.37,81.37
40197,3,710,DD11473985844,中国文学史游国恩全4,2,83.74,167.48
40198,1,711,DD12100016144,中国文学-古代与现代+中国现代文学史论集,1,79.0,79.0
40198,2,712,DD29700948,中国文学:古代与现代,2,81.37,162.74
40198,3,713,DD29903991,中国文学图像关系史·清代卷(上、下),3,83.74,251.22
40199,1,714,DD29903990,中国文学图像关系史·明代卷(上、下),2,79.0,158.0
40199,2,715,DD12402549051,中国文学名著快读,3,81.37,244.11
40199,3,716,DD12497048017,中国文学史,1,83.74,83.74
40200,1,717,DD12304118034,中国文学理论批评史教程,3,79.0,237.0
40200,2,718,DD12442065031,中国文学简史,1,81.37,81.37
40200,3,719,DD12359738009,中国文学排行榜,2,83.74,167.48
40201,1,720,DD11906938030,中国文学常识,1,79.0,79.0
40201,2,721,DD12355820053,中国文学.com赵艳红著,2,81.37,162.74
40201,3,722,DD11957132052,中国文学作品选注,3,83.74,251.22
40202,1,723,DD11643969052,中国文学评论史书写问题论集,2,79.0,158.0
40202,2,724,DD12399696045,中国文学十六讲,3,81.37,244.11
40202,3,725,DD11985615017,中国文学常识,1,83.74,83.74
40203,1,726,DD12440843041,中国文学十五讲,3,79.0,237.0
40203,2,727,DD11985159013,中国文学的变革:由古典走向现代郭延礼著,1,81.37,81.37
40203,3,728,DD12410556006,中国文学名著快读,2,83.74,167.48
40204,1,729,DD11136779023,中国文学小史,1,79.0,79.0
40204,2,730,DD11992480047,中国文学常识,2,81.37,162.74
40204,3,731,DD12359026049,中国文学史,3,83.74,251.22
40205,1,732,DD11764108049,"中国文学先秦两汉卷第3版四川大学中文系古代文学教研室,刘黎明编",2,79.0,158.0
40205,2,733,DD12312037008,中国文学常识:达情达意达人生一口气读懂文学常识，让你的生活更有底气,3,81.37,244.11
40205,3,734,DD12467030007,中国文学名著快读,1,83.74,83.74
40206,1,735,DD12348630060,中国文学批评现代转型发生论,3,79.0,237.0
40206,2,736,DD12406925057,中国文学史:四文法类教材,1,81.37,81.37
40206,3,737,DD12354409030,中国文学讲话·第6册:隋唐文学,2,83.74,167.48
40207,1,738,DD12359201009,中国文学概要小说新语,1,79.0,79.0
40207,2,739,DD12398750055,中国文学精神,2,81.37,162.74
40207,3,740,DD11874133044,中国文学简史(修订版),3,83.74,251.22
40208,1,741,DD12369848014,中国文学评论史书写问题论集,2,79.0,158.0
40208,2,742,DD11029673044,中国文学史(修订本4)/高等学校文科教材,3,81.37,244.11
40208,3,743,DD12407631026,中国文学大师经典文库:汪曾祺经典文集,1,83.74,83.74
40209,1,744,DD1122946824,中国文学史(修订本4)/高等学校文科教材,3,79.0,237.0
40209,2,745,DD11186255035,中国文学史(修订本4)/高等学校文科教材,1,81.37,81.37
40209,3,746,DD25205889,中国文学史(第三版)(第一卷),2,83.74,167.48
40210,1,747,DD11703907416,中国文学简史,1,79.0,79.0
40210,2,748,DD12358143023,中国文学现代转型的民俗学语境,2,81.37,162.74
40210,3,749,DD12498625057,中国文学理批评选:2013,3,83.74,251.22
40211,1,750,DD12392665041,中国文学史,2,79.0,158.0
40211,2,751,DD12342858000,中国文学,3,81.37,244.11
40211,3,752,DD12373818025,中国文学讲话·第1册:概说之部,1,83.74,83.74
40212,1,753,DD11768402057,中国文学常识,3,79.0,237.0
40212,2,754,DD11995808040,中国文学阅读与欣赏,1,81.37,81.37
40212,3,755,DD12466219027,中国文学史,2,83.74,167.48
40213,1,756,DD12366032059,中国文学中的非洲形象:从晚清到20世纪90年代,1,79.0,79.0
40213,2,757,DD12338516005,中国文学精要,2,81.37,162.74
40213,3,758,DD12392917051,中国文学讲话·第1册:概说之部台湾十八院校百位教授著；魏子云编,3,83.74,251.22
40214,1,759,DD23425578,中国文学史,2,79.0,158.0
40214,2,760,DD12401576027,中国文学史:第一卷,3,81.37,244.11
40214,3,761,DD11512606017,中国文学与苏联影响:1956-1960,1,83.74,83.74
40215,1,762,DD12356374053,中国文学批评中国散文概论,3,79.0,237.0
40215,2,763,DD12404509021,中国文学史概要,1,81.37,81.37
40215,3,764,DD11619140713,老北大讲义－中国史学通论·中国文学史,2,83.74,167.48
40216,1,765,DD12339101735,中国文学场:商业统治时代的文化游戏,1,79.0,79.0
40216,2,766,DD12371472030,中国文学常识:达情达意达人生一口气读懂文学常识，让你的生活更有底气,2,81.37,162.74
40216,3,767,DD12350107014,中国文学-魏晋南北朝隋唐五代卷(3版)红,3,83.74,251.22
40217,1,768,DD12349592018,中国文学史讲义选编,2,79.0,158.0
40217,2,769,DD12497459007,中国文学史,3,81.37,244.11
40217,3,770,DD1398979303,中国文学.中英双语版2012年**辑,1,83.74,83.74
40218,1,771,DD1776928406,中国文学论丛,3,79.0,237.0
40218,2,772,DD11987428041,中国文学常识,1,81.37,81.37
40218,3,773,DD11703854406,中国文学概要小说新语,2,83.74,167.48
40219,1,774,DD12302194150,中国文学批评史,1,79.0,79.0
40219,2,775,DD29236273,剑桥中国文学史上卷:1375年之前,2,81.37,162.74
40219,3,776,DD22892874,中国文学研究(第十九辑),3,83.74,251.22
40220,1,777,DD23163090,中国文学研究(第二十辑),2,79.0,158.0
40220,2,778,DD11887497003,中国文学场:商业统治时代的文化游戏,3,81.37,244.11
40220,3,779,DD11017900054,中国文学家编年手册(精),1,83.74,83.74
40221,1,780,DD12311752000,"中国文学姚丹编著,李子亮,李国庆,赵菲菲译",3,79.0,237.0
40221,2,781,DD12349398001,中国文学史讲话,1,81.37,81.37
40221,3,782,DD20891287,中国文学名著讲话,2,83.74,167.48
40222,1,783,DD12308890013,中国文学名家小小说精选丛书:听闻远方有风苏三皮,1,79.0,79.0
40222,2,784,DD12402855011,中国文学批评史,2,81.37,162.74
40222,3,785,DD1112119706,中国文学与苏联影响(1956—1960)(荷兰),3,83.74,251.22
40223,1,786,DD12302579540,中国文学研究,2,79.0,158.0
40223,2,787,DD23558642,中国文学批评小史,3,81.37,244.11
40223,3,788,DD12318249054,中国文学史第四卷,1,83.74,83.74
40224,1,789,DD12352077039,中国文学史,3,79.0,237.0
40224,2,790,DD12303929050,中国文学讲话:概说之部,1,81.37,81.37
40224,3,791,DD11941097026,中国文学论集续篇,2,83.74,167.48
40225,1,792,DD11944628026,中国文学史二十讲,1,79.0,79.0
40225,2,793,DD11660705010,中国文学史新编,2,81.37,162.74
40225,3,794,DD12359271033,中国文学常识中国文学百科全书一,3,83.74,251.22
40226,1,795,DD11703628256,中华文化精神书系—中国文学原型论,2,79.0,158.0
40226,2,796,DD11930327060,中国文学场:商业统治时代的文化游戏,3,81.37,244.11
40226,3,797,DD1768079642,中国文学论丛,1,83.74,83.74
40227,1,798,DD12406506026,中国文学史,3,79.0,237.0
40227,2,799,DD28497204,中国文学中的孤独感,1,81.37,81.37
40227,3,800,DD12337251054,中国文学思想史研究论集:左东岭学术论文集燕京学者文库,2,83.74,167.48
40228,1,801,DD12334825050,中国文学概要小说新语,1,79.0,79.0
40228,2,802,DD11992755030,中国文学作品选注,2,81.37,162.74
40228,3,803,DD12304104054,中国文学史话,3,83.74,251.22
40229,1,804,DD11327968050,中国文学选评注,2,79.0,158.0
40229,2,805,DD1112612327,中国文学论集续篇,3,81.37,244.11
40229,3,806,DD11931009027,中国文学与苏联影响(1956—1960),1,83.74,83.74
40230,1,807,DD11979158060,中国文学十五讲,3,79.0,237.0
40230,2,808,DD12330126014,中国文学讲话·第1册:概说之部台湾十八院校百位教授著；魏子云编,1,81.37,81.37
40230,3,809,DD1588826876,中国文学理论与批评丛书新理性精神与当代文论建设,2,83.74,167.48
40231,1,810,DD23351396,中国文学简史,1,79.0,79.0
40231,2,811,DD11610637696,中国文学讲话:概说之部,2,81.37,162.74
40231,3,812,DD1260493837,中国文学小史,3,83.74,251.22
40232,1,813,DD12349396038,中国文学精神:魏晋南北朝卷,2,79.0,158.0
40232,2,814,DD12372980008,中国文学精神:唐代卷,3,81.37,244.11
40232,3,815,DD11994858060,中国文学名家名作鉴赏辞典系列·杜甫诗歌鉴赏辞典,1,83.74,83.74
40233,1,816,DD12300295023,中国文学史,3,79.0,237.0
40233,2,817,DD11989195000,中国文学十五讲,1,81.37,81.37
40233,3,818,DD11981111045,中国文学简史,2,83.74,167.48
40234,1,819,DD12420469008,"中国文学先秦两汉卷第3版四川大学中文系古代文学教研室,刘黎明编文学理论/文学评论与研究文学",1,79.0,79.0
40234,2,820,DD12459504037,中国文学批评,2,81.37,162.74
40234,3,821,DD12357603030,中国文学史(精装)钱穆讲述;叶龙记录整理文学理论/文学评论与研究文学,3,83.74,251.22
40235,1,822,DD12357371006,中国文学佳作选·散文卷(2022),2,79.0,158.0
40235,2,823,DD12426239056,中国文学名篇鉴赏:词赋卷,3,81.37,244.11
40235,3,824,DD11682647326,中国文学传统与现代的对话,1,83.74,83.74
40236,1,825,DD1445825890,中国文学史(辽宋夏金元卷修订本*高等学校特色专业建设教材),3,79.0,237.0
40236,2,826,DD11917574019,中国文学常识郑振铎著,1,81.37,81.37
40236,3,827,DD1465104160,中国文学浅话/中华传统文化普及丛书,2,83.74,167.48
40237,1,828,DD1431983375,中国文学浅话/中华传统文化普及丛书,1,79.0,79.0
40237,2,829,DD12352079029,中国文学史第四卷,2,81.37,162.74
40237,3,830,DD11177108010,中国文学发凡,3,83.74,251.22
40238,1,831,DD11974810025,中国文学简史达额立减,2,79.0,158.0
40238,2,832,DD1459731760,中国文学史,3,81.37,244.11
40238,3,833,DD1246540245,中国文学史钱穆讲述叶龙记录整理中国文学入门书宏观论述史学考证文人点评作品赏析对文学之流变有独到见解国学大师钱穆仅有文学史讲义,1,83.74,83.74
40239,1,834,DD1296104867,中国文学史,3,79.0,237.0
40239,2,835,DD1445825490,中国文学史,1,81.37,81.37
40239,3,836,DD1253003250,中国文学史,2,83.74,167.48
40240,1,837,DD12369750044,中国文学史,1,79.0,79.0
40240,2,838,DD1574714752,中国文学批评小史,2,81.37,162.74
40240,3,839,DD1082840091,中国文学浅话/中华传统文化普及丛书,3,83.74,251.22
40241,1,840,DD11847783032,中国文学常识,2,79.0,158.0
40241,2,841,DD12353941049,中国文学史:从屈原到鲁迅的通俗讲话,3,81.37,244.11
40241,3,842,DD12475515031,中国文学史导论精装大家小书他的中国文学史研究把中国文学史变成一门独立的学问成为一门独立学科的系统理论,1,83.74,83.74
40242,1,843,DD12458352011,中国文学史,3,79.0,237.0
40242,2,844,DD1376239103,中国文学发凡(日),1,81.37,81.37
40242,3,845,DD11917574009,中国文学常识,2,83.74,167.48
40243,1,846,DD11682920426,中国文学讲义:老清华讲义,1,79.0,79.0
40243,2,847,DD11610311206,中国文学场:商业统治时代的文化游戏,2,81.37,162.74
40243,3,848,DD12333181024,中国文学怎么了王蒙文存,3,83.74,251.22
40244,1,849,DD12317359034,中国文学史资料全编7:绿原研究资料,2,79.0,158.0
40244,2,850,DD1026389879,中国文学论丛(新校本)/钱穆先生全集,3,81.37,244.11
40244,3,851,DD11193371021,中国文学史讲稿,1,83.74,83.74
40245,1,852,DD12395233038,中国文学批评小史,3,79.0,237.0
40245,2,853,DD11937518044,中国文学常识,1,81.37,81.37
40245,3,854,DD11907268020,中国文学十五讲,2,83.74,167.48
40246,1,855,DD12344175043,中国文学宋金元卷(第三版)四川大学中文系中国古代文学教研室著著文学理论/文学评论与研究文学,1,79.0,79.0
40246,2,856,DD12349359036,中国文学中的商人世界,2,81.37,162.74
40246,3,857,DD11959490013,中国文学名著新书评:创意阅读,3,83.74,251.22
40247,1,858,DD1091433556,中国文学发凡,2,79.0,158.0
40247,2,859,DD1498493050,中国文学发凡/近代海外汉学名著丛刊,3,81.37,244.11
40247,3,860,DD29697308,文学理论初阶(上海高等学校一流本科课程教材),1,83.74,83.74
40248,1,861,DD23367352,IAS励学文丛/周宪主编/文学理论读本,3,79.0,237.0
40248,2,862,DD23956532,童庆炳文学理论教程第五版同步辅导习题精练考研真题汉语言类考研适用(第5版习题全解，考研真题),1,81.37,81.37
40248,3,863,DD11839027205,文学理论(第2版),2,83.74,167.48
40249,1,864,DD12334277210,文学理论,1,79.0,79.0
40249,2,865,DD11964220480,文学理论,2,81.37,162.74
40249,3,866,DD12420552387,文学理论,3,83.74,251.22
40250,1,867,DD12305723256,文学理论实用教程,2,79.0,158.0
40250,2,868,DD11861563215,文学理论基本问题(修订版),3,81.37,244.11
40250,3,869,DD12337830466,文学理论,1,83.74,83.74
40251,1,870,DD12302777015,文学理论,3,79.0,237.0
40251,2,871,DD12413318067,文学理论基本问题,1,81.37,81.37
40251,3,872,DD1211113137,文学理论与批评实践,2,83.74,167.48
40252,1,873,DD11035208124,文学理论教程第五版同步辅导习题精练考研真题,1,79.0,79.0
40252,2,874,DD11373919010,文学理论教程第五版同步辅导习题精练考研真题,2,81.37,162.74
40252,3,875,DD1118558406,文学理论与批评实践,3,83.74,251.22
40253,1,876,DD1803018651,普通高校中文学科基础教材,2,79.0,158.0
40253,2,877,DD12477427497,文学理论,3,81.37,244.11
40253,3,878,DD20305296,普通高校中文学科基础教材,1,83.74,83.74
40254,1,879,DD12416272485,文学理论,3,79.0,237.0
40254,2,880,DD11896909516,文学理论基础,1,81.37,81.37
40254,3,881,DD12339210115,文学理论新编,2,83.74,167.48
40255,1,882,DD1182299737,文学理论基础,1,79.0,79.0
40255,2,883,DD1501352570,"文学理论实用教程第2版杨守森,周波编",2,81.37,162.74
40255,3,884,DD11027708564,文学理论基础(普通高校中文学科基础教材),3,83.74,251.22
40256,1,885,DD1138827106,文学理论基础,2,79.0,158.0
40256,2,886,DD25099641,文学理论实用教程(第二版)(新编21世纪中国语言文学系列教材),3,81.37,244.11
40256,3,887,DD11257131350,文学理论实用教程(第2版新编21世纪中国语言文学系列教材),1,83.74,83.74
40257,1,888,DD1252492379,文学理论实用教程(第2版新编21世纪中国语言文学系列教材),3,79.0,237.0
40257,2,889,DD1338032069,文学理论实用教程(第2版新编21世纪中国语言文学系列教材),1,81.37,81.37
40257,3,890,DD1505733142,文学理论实用教程第2版,2,83.74,167.48
40258,1,891,DD1143099885,文学理论实用教程(第2版新编21世纪中国语言文学系列教材),1,79.0,79.0
40258,2,892,DD25095285,文学理论(第二版),2,81.37,162.74
40258,3,893,DD11525174227,文学理论基础,3,83.74,251.22
40259,1,894,DD1480095847,文学理论(第2版)(第2版),2,79.0,158.0
40259,2,895,DD1505733052,文学理论实用教程第2版,3,81.37,244.11
40259,3,896,DD1472519247,文学理论(第2版)(第2版),1,83.74,83.74
40260,1,897,DD12412000201,文学理论导引,3,79.0,237.0
40260,2,898,DD29124554,文学理论(第二版),1,81.37,81.37
40260,3,899,DD629499146,文学理论(第二版),2,83.74,167.48
40261,1,900,DD12491592447,文学理论(第2版),1,79.0,79.0
40261,2,901,DD11946486550,文学理论新编,2,81.37,162.74
40261,3,902,DD12411128461,文学理论新编,3,83.74,251.22
40262,1,903,DD1802990191,文学理论:从柏拉图到德里达(第3版),2,79.0,158.0
40262,2,904,DD619442236,文学理论教程王峰博雅大学堂文学丛书汉语言文学专业大一大二学生专业基础课文学批评方法的运用文化研究北京大学旗舰,3,81.37,244.11
40262,3,905,DD1433073094,文学理论教程童庆炳第五版文学理论教材,1,83.74,83.74
40263,1,906,DD29956065,文学理论教程,3,79.0,237.0
40263,2,907,DD12401867315,文学理论教程辅导及习题精解,1,81.37,81.37
40263,3,908,DD23727937,文学理论:从柏拉图到德里达(第3版),2,83.74,167.48
40264,1,909,DD29233483,文学理论教程,1,79.0,79.0
40264,2,910,DD1082342464,文学理论:从柏拉图到德里达(第3版),2,81.37,162.74
40264,3,911,DD12406714278,文学理论基本问题(修订版),3,83.74,251.22
40265,1,912,DD12312321453,文学理论教程辅导及习题精解,2,79.0,158.0
40265,2,913,DD12404839208,文学理论教程,3,81.37,244.11
40265,3,914,DD1381843452,文学理论:从柏拉图到德里达(第3版),1,83.74,83.74
40266,1,915,DD12311701083,文学理论,3,79.0,237.0
40266,2,916,DD12480800427,文学理论教程童庆炳第五版,1,81.37,81.37
40266,3,917,DD11525173547,文学理论:从柏拉图到德里达(第3版),2,83.74,167.48
40267,1,918,DD11848148133,文学理论初阶(上海高等学校一流本科课程教材)当当,1,79.0,79.0
40267,2,919,DD12337010106,文学理论初阶,2,81.37,162.74
40267,3,920,DD12356956110,文学理论教程赵炎秋杨合林大学教材大中专“普通高等学校汉语言文学专业21世纪课程国标教材”之《文学理论教程》经典文,3,83.74,251.22
40268,1,921,DD12367008505,文学理论基本问题(修订版),2,79.0,158.0
40268,2,922,DD12354941389,文学理论,3,81.37,244.11
40268,3,923,DD12334916373,文学理论新编,1,83.74,83.74
40269,1,924,DD12350129230,文学理论,3,79.0,237.0
40269,2,925,DD12462768317,文学理论,1,81.37,81.37
40269,3,926,DD12311760484,文学理论(汉语言文学本科专业核心课程研究导引教材),2,83.74,167.48
40270,1,927,DD1548324030,文学理论,1,79.0,79.0
40270,2,928,DD1542094712,文学理论,2,81.37,162.74
40270,3,929,DD1542094692,文学理论,3,83.74,251.22
40271,1,930,DD12406360228,文学理论,2,79.0,158.0
40271,2,931,DD12399025105,文学理论/汉语言文学本科专业核心课程研究导引教材,3,81.37,244.11
40271,3,932,DD12316282336,文学理论,1,83.74,83.74
40272,1,933,DD11737710317,文学理论新华书店总店自营店,3,79.0,237.0
40272,2,934,DD29634713,二十世纪西方文学理论(纪念版),1,81.37,81.37
40272,3,935,DD29450270,儿童文学理论与实践(复旦卓越·全国学前教育专业系列),2,83.74,167.48
40273,1,936,DD29766391,中国文学理论批评史资料选注,1,79.0,79.0
40273,2,937,DD12313456034,中国文学理论批评史《中国文学理论批评史》编写组编,2,81.37,162.74
40273,3,938,DD12337833206,西方文学理论《西方文学理论》编写组,3,83.74,251.22
40274,1,939,DD12313717344,西方文学理论《西方文学理论》编写组,2,79.0,158.0
40274,2,940,DD12388312281,儿童文学理论与实践,3,81.37,244.11
40274,3,941,DD25184073,文学理论学科地图文学理论界大家王先霈教授写给文学专业学习者和文学爱好者的文学理论指南,1,83.74,83.74
40275,1,942,DD12338330156,中国文学理论批评史《中国文学理论批评史》编写组编,3,79.0,237.0
40275,2,943,DD12342483055,中国文学理论批评史《中国文学理论批评史》编写组编,1,81.37,81.37
40275,3,944,DD12413967261,中国文学理论批评史《中国文学理论批评史》编写组编,2,83.74,167.48
40276,1,945,DD25274159,文学理论十讲,1,79.0,79.0
40276,2,946,DD29938394,比较文学理论与实践21世纪普通高等院校文科示范教材,2,81.37,162.74
40276,3,947,DD12342300126,中国文学理论批评史教程,3,83.74,251.22
40277,1,948,DD11892442136,儿童文学理论与实践,2,79.0,158.0
40277,2,949,DD12396288527,比较文学理论与实践(第2版),3,81.37,244.11
40277,3,950,DD11539647157,马工程教材,1,83.74,83.74
40278,1,951,DD12340153446,新编文学理论/新编21世纪中国语言文学系列教材,3,79.0,237.0
40278,2,952,DD29333276,比较文学理论与实践(第二版)普通高等院校汉语言文学专业规划教材,1,81.37,81.37
40278,3,953,DD12403369098,比较文学理论与实践(第2版),2,83.74,167.48
40279,1,954,DD12402932081,西方文学理论史,1,79.0,79.0
40279,2,955,DD1802863071,中国文学理论批评史下张少康博雅大学堂丛书文学批评方法审美标准论述从宋金元明清近代中西文学理论批评北京大学旗舰店,2,81.37,162.74
40279,3,956,DD1141185717,中国文学理论批评史二版第2版马克思主义理论研究和建设工程重点教材,3,83.74,251.22
40280,1,957,DD30013161,西方文学理论(第三版),2,79.0,158.0
40280,2,958,DD12489437147,西方文学理论(第3版),3,81.37,244.11
40280,3,959,DD25243947,中国文学理论批评史(下),1,83.74,83.74
40281,1,960,DD11021708304,中国文学理论批评史(下),3,79.0,237.0
40281,2,961,DD12312057344,新编文学理论/新编21世纪中国语言文学系列教材,1,81.37,81.37
40281,3,962,DD1241504777,中国文学理论批评史.下卷下卷,2,83.74,167.48
40282,1,963,DD12437809077,中国文学理论史1:先秦两汉、魏晋南北朝卷/21世纪中国语言文学系列教材,1,79.0,79.0
40282,2,964,DD12412262091,中国文学理论批评史,2,81.37,162.74
40282,3,965,DD12398203348,西方文学理论第三版第3版,3,83.74,251.22
40283,1,966,DD12312550414,中国文学理论批评史,2,79.0,158.0
40283,2,967,DD25297272,西方文学理论史,3,81.37,244.11
40283,3,968,DD12311828453,《文学理论》学习指南与练习,1,83.74,83.74
40284,1,969,DD12404534058,中国文学理论批评史资料选注,3,79.0,237.0
40284,2,970,DD12362966214,西方文学理论第三版第3版,1,81.37,81.37
40284,3,971,DD12341725243,西方文学理论第三版第3版,2,83.74,167.48
40285,1,972,DD29721491,中国文学理论批评史(上卷)(第三版)博雅大学堂中国语言文学丛书北京大学张少康教授著,1,79.0,79.0
40285,2,973,DD11917535537,中国文学理论批评史(上卷)第3版,2,81.37,162.74
40285,3,974,DD11896947386,中国文学理论批评史(上卷)第3版,3,83.74,251.22
40286,1,975,DD11796611461,中国文学理论批评史(下卷)(第三版),2,79.0,158.0
40286,2,976,DD11870590065,文学理论要略,3,81.37,244.11
40286,3,977,DD12341967076,文学理论讲演录,1,83.74,83.74
40287,1,978,DD12441622161,文学理论教学参考书,3,79.0,237.0
40287,2,979,DD12324444120,文学理论新编,1,81.37,81.37
40287,3,980,DD12374219225,文学理论新编,2,83.74,167.48
40288,1,981,DD1760059056,文学理论基础(民族地区暨民族院校中国语言文学特色教材),1,79.0,79.0
40288,2,982,DD12402241545,文学理论教程辅导及习题集,2,81.37,162.74
40288,3,983,DD11987948110,文学理论要略,3,83.74,251.22
40289,1,984,DD11620554213,文学理论新编,2,79.0,158.0
40289,2,985,DD12467068557,文学理论/普通高等教育十一五国家级规划教材,3,81.37,244.11
40289,3,986,DD11926845302,文学理论/普通高等教育十一五国家级规划教材姚文放著,1,83.74,83.74
40290,1,987,DD11993073520,文学理论,3,79.0,237.0
40290,2,988,DD12333294164,文学理论,1,81.37,81.37
40290,3,989,DD11908009499,文学理论讲演录,2,83.74,167.48
40291,1,990,DD12310669490,文学理论新编童庆炳主编,1,79.0,79.0
40291,2,991,DD12337708565,文学理论新编,2,81.37,162.74
40291,3,992,DD12349000126,文学理论新编,3,83.74,251.22
40292,1,993,DD12339855555,文学理论教学参考书,2,79.0,158.0
40292,2,994,DD12372991305,文学理论,3,81.37,244.11
40292,3,995,DD12358595389,文学理论,1,83.74,83.74
40293,1,996,DD12358353273,文学理论新编,3,79.0,237.0
40293,2,997,DD12393481511,文学理论新编陈传才、周文柏著,1,81.37,81.37
40293,3,998,DD12412859431,文学理论基础,2,83.74,167.48
40294,1,999,DD12441379281,文学理论,1,79.0,79.0
40294,2,1000,DD11927026292,文学理论基础阎嘉编,2,81.37,162.74
40294,3,1001,DD12372980378,文学理论新编,3,83.74,251.22
40295,1,1002,DD12353738139,文学理论新编,2,79.0,158.0
40295,2,1003,DD12446793081,文学理论新编,3,81.37,244.11
40295,3,1004,DD11995777223,文学理论前沿,1,83.74,83.74
40296,1,1005,DD12334660325,文学理论美勒内·韦勒克(RenéWellek)奥斯汀·沃伦(AustinWarren),3,79.0,237.0
40296,2,1006,DD12410824057,文学理论前沿,1,81.37,81.37
40296,3,1007,DD12322025334,文学理论教程教学参考书,2,83.74,167.48
40297,1,1008,DD11928485382,文学理论,1,79.0,79.0
40297,2,1009,DD11943445319,文学理论与问题研究,2,81.37,162.74
40297,3,1010,DD12392135211,文学理论教程:面向21世纪课程教材,3,83.74,251.22
40298,1,1011,DD11768246269,文学理论十讲,2,79.0,158.0
40298,2,1012,DD20905347,文学理论基础,3,81.37,244.11
40298,3,1013,DD1410423403,文学理论前沿(第8辑)王宁主编,1,83.74,83.74
40299,1,1014,DD11236602460,文学理论前沿(第8辑),3,79.0,237.0
40299,2,1015,DD11179871250,文学理论前沿(第1辑),1,81.37,81.37
40299,3,1016,DD12303914124,文学理论基本问题,2,83.74,167.48
40300,1,1017,DD11181632200,文学理论十讲,1,79.0,79.0
40300,2,1018,DD11943646496,文学理论教学参考书,2,81.37,162.74
40300,3,1019,DD12383806197,文学理论十讲,3,83.74,251.22
40301,1,1020,DD12367544191,文学理论基本问题,2,79.0,158.0
40301,2,1021,DD1377583603,文学理论十讲,3,81.37,244.11
40301,3,1022,DD1441951803,文学理论前沿(第1辑),1,83.74,83.74
40302,1,1023,DD678813493,文学理论,3,79.0,237.0
40302,2,1024,DD11958597073,文学理论新编,1,81.37,81.37
40302,3,1025,DD12440944501,文学理论美勒内·韦勒斯,2,83.74,167.48
40303,1,1026,DD12353080279,文学理论教学参考书,1,79.0,79.0
40303,2,1027,DD11021255484,文学理论十讲,2,81.37,162.74
40303,3,1028,DD1028736289,文学理论十讲,3,83.74,251.22
40304,1,1029,DD1358286579,文学理论十讲,2,79.0,158.0
40304,2,1030,DD1395064969,文学理论十讲,3,81.37,244.11
40304,3,1031,DD1280037685,文学理论十讲,1,83.74,83.74
40305,1,1032,DD11995896150,文学理论基础,3,79.0,237.0
40305,2,1033,DD12358132533,文学理论研究,1,81.37,81.37
40305,3,1034,DD12432623066,文学理论教学参考书,2,83.74,167.48
40306,1,1035,DD11995079534,文学理论的公共性:重建政治批评,1,79.0,79.0
40306,2,1036,DD1171039837,文学理论前沿(第8辑),2,81.37,162.74
40306,3,1037,DD12487186397,文学理论与问题研究,3,83.74,251.22
40307,1,1038,DD12512906531,文学理论与问题研究,2,79.0,158.0
40307,2,1039,DD12461629111,文学理论的公共性:重建政治批评,3,81.37,244.11
40307,3,1040,DD12392933071,文学理论美勒内·韦勒斯、奥斯汀·沃伦著；刘象愚译,1,83.74,83.74
40308,1,1041,DD11993865163,文学理论精粹读本法热奈特,3,79.0,237.0
40308,2,1042,DD1222560985,文学理论十讲,1,81.37,81.37
40308,3,1043,DD1400176857,文学理论前沿(第1辑),2,83.74,167.48
40309,1,1044,DD11610560186,牛津通识读本:文学理论入门,1,79.0,79.0
40309,2,1045,DD29588675,手机短视频拍摄与创意剪辑实战+手机摄影从入门到精通全2册计算机实用技能从业余轻松进阶到专业视频拍摄摄影基础知识操作手,2,81.37,162.74
40309,3,1046,DD29522684,手机摄影技法大全从入门到精通,3,83.74,251.22
40310,1,1047,DD29751390,摄影之眼,2,79.0,158.0
40310,2,1048,DD29437194,摄影曝光:52个任务清单摄影曝光，捕捉光的艺术,3,81.37,244.11
40310,3,1049,DD23611799,摄影构图艺术摄影构图艺术摄影审美提升摄影构图表达数码单反手机摄影书构图摄影入门自学,1,83.74,83.74
40311,1,1050,DD29879472,摄影构图艺术+摄影构图150个技法当当套装2册从构图理论到实战案例,3,79.0,237.0
40311,2,1051,DD24003165,摄影构图迅速提升照片水平的150个关键技法摄影构图迅速提升照片水平的150个关键技法摄影教程构图手机单反摄影入门拍照构图自学,1,81.37,81.37
40311,3,1052,DD29925720,手机摄影与短视频拍摄入门与实践超值,2,83.74,167.48
40312,1,1053,DD29150862,摄影师的视界迈克尔弗里曼摄影构图与设计十周年纪念版摄影技术教程基础,1,79.0,79.0
40312,2,1054,DD28535344,手机摄影技法大全(第2版)(全彩)帮你解决所有拍摄难题，相信自己,2,81.37,162.74
40312,3,1055,DD29284011,论摄影(插图珍藏本),3,83.74,251.22
40313,1,1056,DD29437912,摄影构图零基础入门教程摄影构图拍摄技巧教程，数码单反摄影构图入门,2,79.0,158.0
40313,2,1057,DD22608354,摄影的艺术,3,81.37,244.11
40313,3,1058,DD27889925,街头摄影:52个任务清单街头摄影师的一剂良药，52周后请拭目以待，定会让你大吃一惊,1,83.74,83.74
40314,1,1059,DD29879201,人像摄影摆姿一本通人像,3,79.0,237.0
40314,2,1060,DD29828348,摄影后期核心技法摄影后期教程书PS修图技法,1,81.37,81.37
40314,3,1061,DD29790833,摄影轻松入门一本通一本系统且容易上手的实用教程,2,83.74,167.48
40315,1,1062,DD25341903,摄影笔记实战篇你应该会拍的68幅照片风光人像小品纪实摄影4大类主题精讲,1,79.0,79.0
40315,2,1063,DD29764729,尼康微单摄影入门手把手教你玩转尼康微单,2,81.37,162.74
40315,3,1064,DD29919425,公务摄影一本通还在为公务摄影发愁？一,3,83.74,251.22
40316,1,1065,DD21027025,美国纽约摄影学院,2,79.0,158.0
40316,2,1066,DD29273716,旅行摄影:52个任务清单跟随,3,81.37,244.11
40316,3,1067,DD12100017023,摄影入门教你轻松拍大片,1,83.74,83.74
40317,1,1068,DD28995583,摄影师的灵感迈克尔·弗里曼的视觉表达与创意方法国际知名摄影大师、《摄影师的视界》,3,79.0,237.0
40317,2,1069,DD29714636,摄影构图一本通摄影构图基本技法+实战技巧一本通，拍出不一样的绝美的摄影作品,1,81.37,81.37
40317,3,1070,DD29700681,摄影入门:教你轻松拍大片(微课版),2,83.74,167.48
40318,1,1071,DD27873074,佳能微单摄影入门佳能微单摄影入门教程，M6、M50和R等系列单反相机通用摄影技巧大全及速查手册,1,79.0,79.0
40318,2,1072,DD29583348,人像摄影摆姿完全解密全新升级版人像,2,81.37,162.74
40318,3,1073,DD25574446,尼康单反摄影入门尼康单反摄影入门教程,3,83.74,251.22
40319,1,1074,DD29796215,摄影构图法则:让画面从无序到有序,2,79.0,158.0
40319,2,1075,DD28497999,摄影哲学的思考(影像文丛系列)弗卢塞尔，20世纪80年代重要的媒体理论家之一,3,81.37,244.11
40319,3,1076,DD29883195,手把手教你学摄影资深摄影人手把手教学，细节丰富的教学配图和视频课程，一学就通的新手摄影教程,1,83.74,83.74
40320,1,1077,DD29645469,大疆无人机摄影航拍与后期教程全视频教学,3,79.0,237.0
40320,2,1078,DD11978422079,摄影构图艺术摄影基础教程书摄影摄影从入门到精通,1,81.37,81.37
40320,3,1079,DD25080051,摄影的艺术,2,83.74,167.48
40321,1,1080,DD29429908,美国摄影用光教程第6版,1,79.0,79.0
40321,2,1081,DD29316461,摄影用光书,2,81.37,162.74
40321,3,1082,DD29821148,人像摄影核心技法人像,3,83.74,251.22
40322,1,1083,DD29487165,摄影小史(2022版)摄影昭示了一个灵光消逝的年代，但也正是摄影，“让一切又重新清新明朗,2,79.0,158.0
40322,2,1084,DD29403184,人像摄影构图、摆姿、后期调色108招超易上手的男朋友摄影教程,3,81.37,244.11
40322,3,1085,DD29281915,摄影采风创作实践暨作品解析,1,83.74,83.74
40323,1,1086,DD25258258,摄影与电影第三届中国摄影图书榜,3,79.0,237.0
40323,2,1087,DD29760106,摄影基础教程观察、拍摄并分享更好的影像,1,81.37,81.37
40323,3,1088,DD12100023031,摄影作品,2,83.74,167.48
40324,1,1089,DD25577881,佳能单反摄影入门佳能单反摄影入门教程,1,79.0,79.0
40324,2,1090,DD29245549,星空摄影与后期:银河、星座、星云、星轨、流星雨与延时视频全攻略星空摄影全攻略,2,81.37,162.74
40324,3,1091,DD25574463,索尼微单摄影入门索尼微单摄影入门教程，a7R3、a6500等系列微单相机通用摄影技巧大全及速查手册,3,83.74,251.22
40325,1,1092,DD27892617,"人像摄影摆姿来自职业摄影师的人像摆姿技术指导以为时尚大片中模特是""被抓拍""的？其实都是姿势微调+美姿方法达到的",2,79.0,158.0
40325,2,1093,DD29242274,小白学摄影送你一本再简单不过的摄影入门书，大白话讲知识，大笑中学拍照，看本爆笑漫画，轻松学会摄影,3,81.37,244.11
40325,3,1094,DD29215882,美食摄影笔记:餐桌上的日常美食摄影、晒图从小白到高手，让生活充满仪式感,1,83.74,83.74
40326,1,1095,DD29821146,摄影用光核心技法,3,79.0,237.0
40326,2,1096,DD29654784,摄影艺术以技术的名义诠释美国摄影教程第12版升级版，摄影教程技法构图用光,1,81.37,81.37
40326,3,1097,DD29358555,一本摄影书(修订版)300余张全球遴选的摄影作品，11名制作团队编辑和,2,83.74,167.48
40327,1,1098,DD29917236,手机摄影与修图视频拍摄与剪辑一本通从摄影到修图，从拍摄到剪辑，即看、即学、即上手的干货教程,1,79.0,79.0
40327,2,1099,DD29434400,黑白摄影:52个任务清单黑白摄影，一种创造性的选择,2,81.37,162.74
40327,3,1100,DD27862670,富士微单摄影入门富士摄影入门爱好者的相机详解,3,83.74,251.22
40328,1,1101,DD22938695,世界摄影史(摄影领域的经典宏篇巨著),2,79.0,158.0
40328,2,1102,DD29153373,摄影师的思想迈克尔弗里曼摄影构思与创作十周年纪念版摄影理论技术基础教程,3,81.37,244.11
40328,3,1103,DD29330992,华为手机摄影从小白到高手让小白也能拍出专业级的摄影照片,1,83.74,83.74
40329,1,1104,DD29878219,摄影简史解锁200年摄影史精华，从入门到启发的艺术指南,3,79.0,237.0
40329,2,1105,DD29782858,摄影表现与流派历史是面镜子，时尚是个轮回,1,81.37,81.37
40329,3,1106,DD11843707412,摄影入门基础教程,2,83.74,167.48
40330,1,1107,DD11902423894,摄影入门基础教程,1,79.0,79.0
40330,2,1108,DD20670134,美国纽约摄影学院摄影教材(最新修订版)上,2,81.37,162.74
40330,3,1109,DD29246190,数码摄影后期高手之路第2版,3,83.74,251.22
40331,1,1110,DD29852191,摄影光线的造型魅力专业教师的经验总结，摄影用光布光入门,2,79.0,158.0
40331,2,1111,DD24035492,人像摄影艺术世界知名人像摄影大师倾囊相授,3,81.37,244.11
40331,3,1112,DD27942137,华为手机摄影从入门到精通手机摄影华为P30抖音短视频拍照技巧手机拍女友,1,83.74,83.74
40332,1,1113,DD29813825,摄影艺术通感(修订版)将无意识通感变为有意识官能联系，让作品更加触动人心,3,79.0,237.0
40332,2,1114,DD29789354,像摄影师一样调色《摄影后期调色与实战演练》,1,81.37,81.37
40332,3,1115,DD25479396,摄影之道:摄影入门基础教程摄影家,2,83.74,167.48
40333,1,1116,DD29842399,摄影美学Ⅳ以中华美学回看摄影,1,79.0,79.0
40333,2,1117,DD29783778,摄影的规则,2,81.37,162.74
40333,3,1118,DD25229945,风光摄影后期基础(全彩)跟随世界新闻摄影奖(荷赛)与美国国家地理摄影大赛全球总冠军双料,3,83.74,251.22
40334,1,1119,DD11972444426,旅行摄影,2,79.0,158.0
40334,2,1120,DD22603296,一本摄影书(全彩)赵嘉力作,3,81.37,244.11
40334,3,1121,DD25583245,手机摄影从小白到大师手机摄影，超乎你的想象,1,83.74,83.74
40335,1,1122,DD29445609,摄影水平跨越性提升的320个致胜技巧,3,79.0,237.0
40335,2,1123,DD29605753,摄影策展实用手册(北京电影学院摄影学院专业教材)关于摄影策展的方方面面,1,81.37,81.37
40335,3,1124,DD29495858,摄影基础思维导图,2,83.74,167.48
40336,1,1125,DD11992374735,摄影构图艺术摄影基础教程书,1,79.0,79.0
40336,2,1126,DD29208878,摄影师的后期课影调与调色篇修订版摄影后期基础教程,2,81.37,162.74
40336,3,1127,DD29622918,花艺摄影与短视频制作:布景·拍摄·后期详解花艺摄影、花艺短视频、花艺直播从布景到后期的完整工作流程,3,83.74,251.22
40337,1,1128,DD29399516,摄影美学:构图·光影·色彩(升级版)全新,2,79.0,158.0
40337,2,1129,DD24161541,手机摄影从入门到精通手机摄影，用手机也能拍牛片,3,81.37,244.11
40337,3,1130,DD22593324,数码摄影曝光手册,1,83.74,83.74
40338,1,1131,DD20823652,品味摄影:高品质数码照片之道,3,79.0,237.0
40338,2,1132,DD11204021377,摄影构图零基础入门教程,1,81.37,81.37
40338,3,1133,DD12100007345,摄影入门:75招精通拍摄人像、旅行、风光、美食、建筑、星空,2,83.74,167.48
40339,1,1134,DD24187423,摄影与影视制作系列丛书,1,79.0,79.0
40339,2,1135,DD24022047,数码摄影,2,81.37,162.74
40339,3,1136,DD25158747,新闻摄影技巧,3,83.74,251.22
40340,1,1137,DD20407552,数码摄影专业教程,2,79.0,158.0
40340,2,1138,DD29239565,商业摄影十七讲,3,81.37,244.11
40340,3,1139,DD11958786870,摄影曝光入门与提高美J,1,83.74,83.74
40341,1,1140,DD27914901,手机摄影从小白到高手手机摄影大师练成,3,79.0,237.0
40341,2,1141,DD29943828,数码摄影高手之路Ⅰ筑基篇,1,81.37,81.37
40341,3,1142,DD11590134921,摄影自学,2,83.74,167.48
40342,1,1143,DD29285840,新摄影笔记新摄影笔记摄影基础教程书入门自学宁思潇潇新作摄影技巧数码单反手机摄影,1,79.0,79.0
40342,2,1144,DD29554881,电影摄影画面创作,2,81.37,162.74
40342,3,1145,DD11711909507,摄影入门基础教程数码单反相机新手入门摄影基础知识实操后期拍摄技巧主题摄影经典自然风景人像动植物摄影书小白初学者摄影教,3,83.74,251.22
40343,1,1146,DD29341402,摄影作品点评123例:如何让你的照片更出彩对摄影7大题材,2,79.0,158.0
40343,2,1147,DD29223534,索尼微单摄影与视频拍摄从入门到精通索尼微单相机摄影、视频拍摄以及录制VLOG实用教程,3,81.37,244.11
40343,3,1148,DD28995562,旅行摄影圣经(完美随行版),1,83.74,83.74
40344,1,1149,DD28545205,摄影构图书(全彩),3,79.0,237.0
40344,2,1150,DD29121062,现代摄影技术与艺术全彩，大图，学完定能拍出好照片,1,81.37,81.37
40344,3,1151,DD29926472,摄影的思考提升影像创作能力的20个关键问题,2,83.74,167.48
40345,1,1152,DD29642909,摄影的心境用摄影疗愈心灵,1,79.0,79.0
40345,2,1153,DD29322972,霍克尼论摄影(增订本，双色封面，随机发售)在世艺术家中拍卖记录的保持者竟不好好画画，迷上摄影了,2,81.37,162.74
40345,3,1154,DD29882921,大片这么拍！全景摄影高手新玩法(第2版)从菜鸟到高手的全景摄影教程,3,83.74,251.22
40346,1,1155,DD29676006,手机摄影手册手机摄影教程基础入门，大字大图手机拍照技巧教程,2,79.0,158.0
40346,2,1156,DD29621339,摄影故事工作坊为影响力而创作，故事感摄影让你脱颖而出,3,81.37,244.11
40346,3,1157,DD11722627580,摄影入门基础教程,1,83.74,83.74
40347,1,1158,DD29250400,电影摄影画面创作艺术与技巧,3,79.0,237.0
40347,2,1159,DD11072425557,摄影的核心提升影像表现力的27个关键问题,1,81.37,81.37
40347,3,1160,DD29501915,摄影构图:轻松拍美照的230个实用技巧摄影入门教程140个构图技法,2,83.74,167.48
40348,1,1161,DD11957455172,摄影入门:拍出美照超简单,1,79.0,79.0
40348,2,1162,DD11734497059,摄影入门基础教程,2,81.37,162.74
40348,3,1163,DD11903035252,摄影滤光镜,3,83.74,251.22
40349,1,1164,DD11924613543,摄影滤光镜,2,79.0,158.0
40349,2,1165,DD12304502104,摄影技艺教程,3,81.37,244.11
40349,3,1166,DD26910001,摄影艺术解读与欣赏,1,83.74,83.74
40350,1,1167,DD11929179422,摄影技艺教程,3,79.0,237.0
40350,2,1168,DD11957836342,摄影技艺教程,1,81.37,81.37
40350,3,1169,DD12359457789,摄影的捷径,2,83.74,167.48
40351,1,1170,DD12342606540,摄影基础完颜严,1,79.0,79.0
40351,2,1171,DD12358499739,摄影构图技巧日樱井始、日浅井慎平、日,2,81.37,162.74
40351,3,1172,DD11936950773,摄影辅导教程摄影技巧,3,83.74,251.22
40352,1,1173,DD12322808730,摄影名家大讲堂:数码摄影指导,2,79.0,158.0
40352,2,1174,DD12466525497,摄影辅导教程摄影技巧,3,81.37,244.11
40352,3,1175,DD12466706117,摄影构图技巧日樱井始、日浅井慎平、日,1,83.74,83.74
40353,1,1176,DD1557293527,摄影常识高频考点500条/微系列/广播影视类高考专用丛书,3,79.0,237.0
40353,2,1177,DD12358886179,摄影技巧手册,1,81.37,81.37
40353,3,1178,DD12342735380,摄影基础教程,2,83.74,167.48
40354,1,1179,DD12448284251,摄影基础靳庆金,1,79.0,79.0
40354,2,1180,DD12403611991,摄影速查手册,2,81.37,162.74
40354,3,1181,DD11034341434,摄影常识高频考点500条/微系列/广播影视类高考专用丛书,3,83.74,251.22
40355,1,1182,DD12465793437,摄影大讲堂数码摄影完全自学教程神龙摄影,2,79.0,158.0
40355,2,1183,DD12342423870,摄影艺术导论,3,81.37,244.11
40355,3,1184,DD1537777035,摄影常识高频考点500条/微系列/广播影视类高考专用丛书,1,83.74,83.74
40356,1,1185,DD12403951731,摄影手册,3,79.0,237.0
40356,2,1186,DD12343108260,摄影的捷径,1,81.37,81.37
40356,3,1187,DD11939700173,摄影构成,2,83.74,167.48
40357,1,1188,DD12467181997,摄影大讲堂:数码单反摄影从入门到精通,1,79.0,79.0
40357,2,1189,DD12322801520,摄影入门与提高,2,81.37,162.74
40357,3,1190,DD11939869983,摄影技艺,3,83.74,251.22
40358,1,1191,DD11939699983,摄影名家大讲堂:商业摄影指导,2,79.0,158.0
40358,2,1192,DD12359639899,摄影名家大讲堂:数码摄影指导,3,81.37,244.11
40358,3,1193,DD12465656577,摄影与摄像基础教程余武著,1,83.74,83.74
40359,1,1194,DD12343687350,摄影36技:摄影入门与提高,3,79.0,237.0
40359,2,1195,DD12359448969,摄影解惑篇:解答所有摄影问题:图集RogerHicks(R.希克斯)编著,1,81.37,81.37
40359,3,1196,DD12465966137,摄影名家大讲堂:风光摄影指导齐凤臣著,2,83.74,167.48
40360,1,1197,DD12323212160,摄影一月通,1,79.0,79.0
40360,2,1198,DD12322634770,摄影记者实战指南孙寿华,2,81.37,162.74
40360,3,1199,DD12467905967,摄影问答丛书:最新照相机使用问答陈琳著,3,83.74,251.22
40361,1,1200,DD11943598443,摄影技术教程徐国兴著,2,79.0,158.0
40361,2,1201,DD12403614721,摄影构图,3,81.37,244.11
40361,3,1202,DD12487225751,摄影滤光镜的性能与使用,1,83.74,83.74
40362,1,1203,DD11434463443,棋牌娱乐指南-摄影基础与入门,3,79.0,237.0
40362,2,1204,DD12322721610,摄影史上性格的风采/阅读摄影经典系列丛书韩子善著,1,81.37,81.37
40362,3,1205,DD12403814261,摄影发烧友实战手册,2,83.74,167.48
40363,1,1206,DD12403575461,摄影，是你想多了,1,79.0,79.0
40363,2,1207,DD12485929981,摄影教学教程:广告摄影攻略,2,81.37,162.74
40363,3,1208,DD12360454549,摄影名家大讲堂:风光摄影指导,3,83.74,251.22
40364,1,1209,DD12404050681,摄影构图,2,79.0,158.0
40364,2,1210,DD12468008037,摄影名家大讲堂:黑白摄影指导邵大浪著,3,81.37,244.11
40364,3,1211,DD11940368893,摄影技术与艺术基础,1,83.74,83.74
40365,1,1212,DD12467602767,摄影发烧友实战手册林路编,3,79.0,237.0
40365,2,1213,DD12342277750,摄影技术与艺术/高等学校教育技术学专业系列教材杨绍先、李文联、姜海波著,1,81.37,81.37
40365,3,1214,DD12485904581,摄影的艺术中,2,83.74,167.48
40366,1,1215,DD12467070617,摄影曝光新版,1,79.0,79.0
40366,2,1216,DD12323183750,摄影用光与曝光“一分钟”秘笈,2,81.37,162.74
40366,3,1217,DD12323330140,摄影指南全集:用心做个生活摄影家英约翰·海巨格(JohnHedgecoe)著；陈淑华译,3,83.74,251.22
40367,1,1218,DD12402799341,摄影简史英伊安·杰夫里著,2,79.0,158.0
40367,2,1219,DD12403787701,摄影秘诀,3,81.37,244.11
40367,3,1220,DD12343312060,摄影技术问答,1,83.74,83.74
40368,1,1221,DD12404250331,摄影技艺教程颜志刚著,3,79.0,237.0
40368,2,1222,DD12448294431,摄影与设计,1,81.37,81.37
40368,3,1223,DD12404267861,摄影必修课钟山、史林平著,2,83.74,167.48
40369,1,1224,DD12323410060,摄影解惑篇:解答所有摄影问题:图集RogerHicks(R.希克斯)编著,1,79.0,79.0
40369,2,1225,DD12403535431,摄影，从心出发,2,81.37,162.74
40369,3,1226,DD12323169820,摄影张小纲,3,83.74,251.22
40370,1,1227,DD12466332587,摄影佳作解构:静物与特写摄影英巴塞尔编；陈辉译,2,79.0,158.0
40370,2,1228,DD12343663080,摄影技术流:完美曝光法英,3,81.37,244.11
40370,3,1229,DD12358405329,摄影技术流:完美曝光法英,1,83.74,83.74
40371,1,1230,DD12364536755,鉴赏收藏,3,79.0,237.0
40371,2,1231,DD12327672237,鉴赏收藏,1,81.37,81.37
40371,3,1232,DD12345586450,鉴赏收藏,2,83.74,167.48
40372,1,1233,DD12508503967,鉴赏收藏,1,79.0,79.0
40372,2,1234,DD12423915159,鉴赏收藏,2,81.37,162.74
40372,3,1235,DD12344672132,鉴赏收藏,3,83.74,251.22
40373,1,1236,DD11945884980,鉴赏收藏,2,79.0,158.0
40373,2,1237,DD12308486035,鉴赏收藏,3,81.37,244.11
40373,3,1238,DD12521298461,鉴赏收藏,1,83.74,83.74
40374,1,1239,DD12100013735,文玩鉴赏收藏,3,79.0,237.0
40374,2,1240,DD11740475980,漆器鉴赏收藏,1,81.37,81.37
40374,3,1241,DD12360293819,漆器鉴赏收藏,2,83.74,167.48
40375,1,1242,DD11958575562,漆器鉴赏收藏,1,79.0,79.0
40375,2,1243,DD12329275934,漆器鉴赏收藏,2,81.37,162.74
40375,3,1244,DD11962698710,漆器鉴赏收藏,3,83.74,251.22
40376,1,1245,DD12337835584,漆器鉴赏收藏杨海涛著,2,79.0,158.0
40376,2,1246,DD11995153524,瓷器鉴赏收藏手册,3,81.37,244.11
40376,3,1247,DD12412069241,瓷器鉴赏收藏手册,1,83.74,83.74
40377,1,1248,DD11738505740,瓷器鉴赏收藏手册,3,79.0,237.0
40377,2,1249,DD12484316371,漆器鉴赏收藏,1,81.37,81.37
40377,3,1250,DD12467867267,瓷器鉴赏收藏手册姚江波著,2,83.74,167.48
40378,1,1251,DD12305544196,瓷器鉴赏收藏手册,1,79.0,79.0
40378,2,1252,DD12392967161,瓷器鉴赏收藏手册姚江波著,2,81.37,162.74
40378,3,1253,DD12442718511,瓷器鉴赏收藏手册,3,83.74,251.22
40379,1,1254,DD11257077170,瓷器鉴赏收藏手册目丰图书专营店,2,79.0,158.0
40379,2,1255,DD11887675203,瓷器鉴赏收藏手册,3,81.37,244.11
40379,3,1256,DD12303579645,漆器鉴赏收藏,1,83.74,83.74
40380,1,1257,DD12416255545,瓷器鉴赏收藏手册,3,79.0,237.0
40380,2,1258,DD11990651130,瓷器鉴赏收藏手册,1,81.37,81.37
40380,3,1259,DD11882071390,瓷器鉴赏收藏手册,2,83.74,167.48
40381,1,1260,DD12348474466,瓷器鉴赏收藏手册,1,79.0,79.0
40381,2,1261,DD12342337955,瓷器鉴赏收藏手册,2,81.37,162.74
40381,3,1262,DD11379814059,瓷器鉴赏收藏手册,3,83.74,251.22
40382,1,1263,DD12305009000,瓷器鉴赏收藏手册,2,79.0,158.0
40382,2,1264,DD11951278808,古董鉴赏收藏丛书:钟表鉴赏与收藏,3,81.37,244.11
40382,3,1265,DD12399748825,瓷器鉴赏收藏手册,1,83.74,83.74
40383,1,1266,DD11788028350,漆器鉴赏收藏,3,79.0,237.0
40383,2,1267,DD11794311350,瓷器鉴赏收藏手册,1,81.37,81.37
40383,3,1268,DD11990338210,瓷器鉴赏收藏手册,2,83.74,167.48
40384,1,1269,DD11962095900,瓷器鉴赏收藏手册,1,79.0,79.0
40384,2,1270,DD11945111476,瓷器鉴赏收藏手册,2,81.37,162.74
40384,3,1271,DD11956665524,瓷器鉴赏收藏手册,3,83.74,251.22
40385,1,1272,DD11237489271,核桃鉴赏收藏与把玩文玩核桃文玩入门基础知识百科指南图画集,2,79.0,158.0
40385,2,1273,DD12332963914,瓷器鉴赏收藏手册,3,81.37,244.11
40385,3,1274,DD11960056273,瓷器鉴赏收藏手册,1,83.74,83.74
40386,1,1275,DD11775673340,瓷器鉴赏收藏手册,3,79.0,237.0
40386,2,1276,DD11980576375,核桃鉴赏收藏与把玩文玩核桃文玩入门基础知识百科指南图画集,1,81.37,81.37
40386,3,1277,DD11998649733,腕表鉴赏收藏图典,2,83.74,167.48
40387,1,1278,DD12437828347,腕表鉴赏收藏图典,1,79.0,79.0
40387,2,1279,DD25165045,腕表鉴赏收藏图典50个有口碑的经典品牌，2500枚有“钱”途的表款，由腕表,2,81.37,162.74
40387,3,1280,DD11939437460,腕表鉴赏收藏图典,3,83.74,251.22
40388,1,1281,DD12467191941,核桃鉴赏收藏与把玩文玩核桃文玩入门基础知识百科指南图画集,2,79.0,158.0
40388,2,1282,DD11963827970,腕表鉴赏收藏图典,3,81.37,244.11
40388,3,1283,DD12302476005,腕表鉴赏收藏图典,1,83.74,83.74
40389,1,1284,DD11958658573,腕表鉴赏收藏图典,3,79.0,237.0
40389,2,1285,DD11972660404,腕表鉴赏收藏图典,1,81.37,81.37
40389,3,1286,DD11945533692,腕表鉴赏收藏图典,2,83.74,167.48
40390,1,1287,DD12359870097,腕表鉴赏收藏图典,1,79.0,79.0
40390,2,1288,DD12310844432,腕表鉴赏收藏图典,2,81.37,162.74
40390,3,1289,DD12508328617,腕表鉴赏收藏图典,3,83.74,251.22
40391,1,1290,DD12368678578,腕表鉴赏收藏图典,2,79.0,158.0
40391,2,1291,DD12508753327,腕表鉴赏收藏图典,3,81.37,244.11
40391,3,1292,DD12311101713,腕表鉴赏收藏图典,1,83.74,83.74
40392,1,1293,DD11851119110,腕表鉴赏收藏图典,3,79.0,237.0
40392,2,1294,DD11957249892,腕表鉴赏收藏图典,1,81.37,81.37
40392,3,1295,DD11992034255,腕表鉴赏收藏图典,2,83.74,167.48
40393,1,1296,DD11955676100,腕表鉴赏收藏图典,1,79.0,79.0
40393,2,1297,DD12496068547,腕表鉴赏收藏图典,2,81.37,162.74
40393,3,1298,DD11871784083,腕表鉴赏收藏图典,3,83.74,251.22
40394,1,1299,DD11716524429,腕表鉴赏收藏图典世界品牌课题研究组著,2,79.0,158.0
40394,2,1300,DD12400666658,腕表鉴赏收藏图典,3,81.37,244.11
40394,3,1301,DD11917708850,腕表鉴赏收藏图典,1,83.74,83.74
40395,1,1302,DD12316243969,腕表鉴赏收藏图典世界品牌课题研究组著,3,79.0,237.0
40395,2,1303,DD11932237019,腕表鉴赏收藏图典,1,81.37,81.37
40395,3,1304,DD11939081646,腕表鉴赏收藏图典,2,83.74,167.48
40396,1,1305,DD11845138624,腕表鉴赏收藏图典,1,79.0,79.0
40396,2,1306,DD11837621738,腕表鉴赏收藏图典,2,81.37,162.74
40396,3,1307,DD11894776490,腕表鉴赏收藏图典,3,83.74,251.22
40397,1,1308,DD11319419044,腕表鉴赏收藏图典,2,79.0,158.0
40397,2,1309,DD11839432989,腕表鉴赏收藏图典,3,81.37,244.11
40397,3,1310,DD12529766341,腕表鉴赏收藏图典,1,83.74,83.74
40398,1,1311,DD12355240770,古玩鉴赏收藏全书20册瓷器鉴藏和田玉鉴藏珠宝鉴藏全书古家具鉴藏全书古钱币鉴藏全书手串鉴藏全书等,3,79.0,237.0
40398,2,1312,DD12355804580,古玩鉴赏收藏全书20册瓷器鉴藏和田玉鉴藏珠宝鉴藏全书古家具鉴藏全书古钱币鉴藏全书手串鉴藏全书等,1,81.37,81.37
40398,3,1313,DD1678839701,古玩鉴赏收藏全书20册瓷器鉴藏和田玉鉴藏珠宝鉴藏全书古家具鉴藏全书古钱币鉴藏全书手串鉴藏全书等,2,83.74,167.48
40399,1,1314,DD1575253543,古玩鉴赏收藏全书20册瓷器鉴藏和田玉鉴藏珠宝鉴藏全书古家具鉴藏全书古钱币鉴藏全书手串鉴藏全书等,1,79.0,79.0
40399,2,1315,DD11619926153,插图本趣味艺术书系:艺术品鉴赏收藏史话,2,81.37,162.74
40399,3,1316,DD11619136833,普洱茶鉴赏收藏投资指南,3,83.74,251.22
40400,1,1317,DD11080068894,普洱茶鉴赏收藏投资指南放心购买,2,79.0,158.0
40400,2,1318,DD11738392000,普洱茶鉴赏收藏投资指南,3,81.37,244.11
40400,3,1319,DD11882135340,普洱茶鉴赏收藏投资指南,1,83.74,83.74
40401,1,1320,DD12408373906,普洱茶鉴赏收藏投资指南朱仲海(著),3,79.0,237.0
40401,2,1321,DD11983627780,普洱茶鉴赏收藏投资指南,1,81.37,81.37
40401,3,1322,DD12305053350,普洱茶鉴赏收藏投资指南,2,83.74,167.48
40402,1,1323,DD11991348400,普洱茶鉴赏收藏投资指南,1,79.0,79.0
40402,2,1324,DD11083192606,普洱茶鉴赏收藏投资指南,2,81.37,162.74
40402,3,1325,DD12499573287,手表鉴赏收藏图典,3,83.74,251.22
40403,1,1326,DD11894555360,普洱茶鉴赏收藏投资指南,2,79.0,158.0
40403,2,1327,DD12327568524,普洱茶鉴赏收藏投资指南,3,81.37,244.11
40403,3,1328,DD11704089796,普洱茶鉴赏收藏投资指南,1,83.74,83.74
40404,1,1329,DD11871509933,普洱茶鉴赏收藏投资指南,3,79.0,237.0
40404,2,1330,DD12316303309,普洱茶鉴赏收藏投资指南,1,81.37,81.37
40404,3,1331,DD11962228389,普洱茶鉴赏收藏投资指南,2,83.74,167.48
40405,1,1332,DD11939175826,普洱茶鉴赏收藏投资指南,1,79.0,79.0
40405,2,1333,DD11930792820,普洱茶鉴赏收藏投资指南,2,81.37,162.74
40405,3,1334,DD11838436914,普洱茶鉴赏收藏投资指南,3,83.74,251.22
40406,1,1335,DD11837410298,普洱茶鉴赏收藏投资指南,2,79.0,158.0
40406,2,1336,DD11839243589,普洱茶鉴赏收藏投资指南,3,81.37,244.11
40406,3,1337,DD11775444650,普洱茶鉴赏收藏投资指南,1,83.74,83.74
40407,1,1338,DD12448884121,腕表鉴赏收藏图典,3,79.0,237.0
40407,2,1339,DD11711945963,中国艺术品鉴赏收藏实用大典:历代瓷器收藏与鉴赏16开2册彩图精装版古瓷器鉴定与辨别收藏投资,1,81.37,81.37
40407,3,1340,DD11783151622,中国艺术品鉴赏收藏实用大典:历代瓷器收藏与鉴赏16开2册彩图精装版古瓷器鉴定与辨别收藏投资,2,83.74,167.48
40408,1,1341,DD11380517393,中国艺术品鉴赏收藏实用大典:历代瓷器收藏与鉴赏16开2册彩图精装版古瓷器鉴定与辨别收藏投资,1,79.0,79.0
40408,2,1342,DD11805556986,中国艺术品鉴赏收藏实用大典:历代瓷器收藏与鉴赏16开2册彩图精装版古瓷器鉴定与辨别收藏投资,2,81.37,162.74
40408,3,1343,DD11781245374,中国艺术品鉴赏收藏实用大典:历代瓷器收藏与鉴赏16开2册彩图精装版古瓷器鉴定与辨别收藏投资,3,83.74,251.22
40409,1,1344,DD12335127458,制玉者说(鉴赏收藏)从古到今说玉器(吴秋强签名本),2,79.0,158.0
40409,2,1345,DD11149267294,共7册书画鉴赏收藏系列季迁书画过眼录+谢稚柳讲书画鉴定+苏庚春讲书画+张珩鉴定书画+徐邦达讲书画鉴定,3,81.37,244.11
40409,3,1346,DD12342270126,葫芦纳福:文玩葫芦鉴赏收藏指南,1,83.74,83.74
40410,1,1347,DD12356613224,葫芦纳福:文玩葫芦鉴赏收藏指南,3,79.0,237.0
40410,2,1348,DD12441353391,葫芦纳福:文玩葫芦鉴赏收藏指南,1,81.37,81.37
40410,3,1349,DD12421640547,葫芦纳福:文玩葫芦鉴赏收藏指南,2,83.74,167.48
40411,1,1350,DD12360291469,葫芦纳福:文玩葫芦鉴赏收藏指南,1,79.0,79.0
40411,2,1351,DD11960801250,葫芦纳福:文玩葫芦鉴赏收藏指南,2,81.37,162.74
40411,3,1352,DD12392126161,葫芦纳福:文玩葫芦鉴赏收藏指南,3,83.74,251.22
40412,1,1353,DD12300080870,葫芦纳福-文玩葫芦鉴赏收藏指南,2,79.0,158.0
40412,2,1354,DD11887654673,葫芦纳福-文玩葫芦鉴赏收藏指南,3,81.37,244.11
40412,3,1355,DD12352313389,葫芦纳福:文玩葫芦鉴赏收藏指南,1,83.74,83.74
40413,1,1356,DD12413468696,葫芦纳福-文玩葫芦鉴赏收藏指南,3,79.0,237.0
40413,2,1357,DD11943311206,葫芦纳福-文玩葫芦鉴赏收藏指南,1,81.37,81.37
40413,3,1358,DD12487393951,葫芦纳福:文玩葫芦鉴赏收藏指南,2,83.74,167.48
40414,1,1359,DD12425883069,葫芦纳福:文玩葫芦鉴赏收藏指南,1,79.0,79.0
40414,2,1360,DD12334409008,国际货币:鉴别鉴赏收藏知识,2,81.37,162.74
40414,3,1361,DD12328997924,葫芦纳福:文玩葫芦鉴赏收藏指南,3,83.74,251.22
40415,1,1362,DD11983841468,国际货币,2,79.0,158.0
40415,2,1363,DD12346389663,葫芦纳福:文玩葫芦鉴赏收藏指南,3,81.37,244.11
40415,3,1364,DD12459479287,国际货币:鉴别鉴赏收藏知识,1,83.74,83.74
40416,1,1365,DD12409142717,葫芦纳福:文玩葫芦鉴赏收藏指南,3,79.0,237.0
40416,2,1366,DD12498751287,瓷器鉴赏收藏手册,1,81.37,81.37
40416,3,1367,DD12334313102,瓷人雅器瓷器鉴赏收藏鉴定,2,83.74,167.48
40417,1,1368,DD12341133066,潮流收藏:普洱茶鉴赏收藏投资指南,1,79.0,79.0
40417,2,1369,DD602005612,茶具鉴藏全书茶具鉴赏收藏茶具茶文化入门基本知识真伪鉴定技巧收藏与鉴赏的相关基础知识时代特征鉴,2,81.37,162.74
40417,3,1370,DD12500646737,潮流收藏:普洱茶鉴赏收藏投资指南,3,83.74,251.22
40418,1,1371,DD11965655155,潮流收藏:普洱茶鉴赏收藏投资指南,2,79.0,158.0
40418,2,1372,DD12418833508,瓷人雅器瓷器鉴赏收藏鉴定,3,81.37,244.11
40418,3,1373,DD11882131493,翡翠鉴赏精要翡翠鉴赏收藏中国玉文化与翡翠翡翠的基本知识怎样选择翡翠知识通俗性,1,83.74,83.74
40419,1,1374,DD12499899177,瓷器鉴赏收藏手册,3,79.0,237.0
40419,2,1375,DD12354722063,瓷人雅器瓷器鉴赏收藏鉴定,1,81.37,81.37
40419,3,1376,DD12525882231,瓷人雅器瓷器鉴赏收藏鉴定,2,83.74,167.48
40420,1,1377,DD12389611505,潮流收藏:普洱茶鉴赏收藏投资指南,1,79.0,79.0
40420,2,1378,DD12402806651,潮流收藏:普洱茶鉴赏收藏投资指南朱仲海著,2,81.37,162.74
40420,3,1379,DD12353447893,草木志,3,83.74,251.22
40421,1,1380,DD12434463617,翡翠鉴赏精要翡翠鉴赏收藏中国玉文化与翡翠翡翠的基本知识怎样选择翡翠知识通俗性,2,79.0,158.0
40421,2,1381,DD11809058585,读画李霖灿著鉴赏收藏四季昌盛专营店,3,81.37,244.11
40421,3,1382,DD12344944223,潮流收藏:普洱茶鉴赏收藏投资指南,1,83.74,83.74
40422,1,1383,DD12419834399,翡翠鉴赏精要翡翠鉴赏收藏中国玉文化与翡翠翡翠的基本知识怎样选择翡翠知识通俗性,3,79.0,237.0
40422,2,1384,DD12424079068,翡翠鉴赏精要翡翠鉴赏收藏中国玉文化与翡翠翡翠的基本知识怎样选择翡翠知识通俗性,1,81.37,81.37
40422,3,1385,DD12409231367,潮流收藏:普洱茶鉴赏收藏投资指南,2,83.74,167.48
40423,1,1386,DD12317823053,陶说朱琰等著鉴赏收藏,1,79.0,79.0
40423,2,1387,DD11875424283,读画李霖灿著鉴赏收藏,2,81.37,162.74
40423,3,1388,DD11847628191,读画李霖灿著鉴赏收藏,3,83.74,251.22
40424,1,1389,DD11964813122,封神绘,2,79.0,158.0
40424,2,1390,DD11886924975,艺观李霖灿著鉴赏收藏星愿文化,3,81.37,244.11
40424,3,1391,DD11973909753,封神绘,1,83.74,83.74
40425,1,1392,DD11699382556,潮流收藏普洱茶鉴赏收藏投资指南朱仲海著,3,79.0,237.0
40425,2,1393,DD12371895380,陶说朱琰等著鉴赏收藏,1,81.37,81.37
40425,3,1394,DD12304274852,F琥珀昆虫记知识鉴赏收藏琥珀基础知识虫珀画绘制琥珀拍摄技巧,2,83.74,167.48
40426,1,1395,DD12417744488,封神绘,1,79.0,79.0
40426,2,1396,DD12352511930,陶说朱琰等著鉴赏收藏,2,81.37,162.74
40426,3,1397,DD12338303212,封神绘,3,83.74,251.22
40427,1,1398,DD12488521037,封神绘,2,79.0,158.0
40427,2,1399,DD12363633840,琥珀昆虫记知识鉴赏收藏琥珀基础知识虫珀画绘制琥珀拍摄技巧,3,81.37,244.11
40427,3,1400,DD11976054100,玛雅艺术绘画艺术鉴赏收藏,1,83.74,83.74
40428,1,1401,DD11943910188,玛雅艺术绘画艺术鉴赏收藏,3,79.0,237.0
40428,2,1402,DD12341472690,琥珀昆虫记知识鉴赏收藏琥珀基础知识虫珀画绘制琥珀拍摄技巧,1,81.37,81.37
40428,3,1403,DD11903699122,玛雅艺术绘画艺术鉴赏收藏,2,83.74,167.48
40429,1,1404,DD12318427327,玛雅艺术绘画艺术鉴赏收藏,1,79.0,79.0
40429,2,1405,DD11883103413,玛雅艺术绘画艺术鉴赏收藏,2,81.37,162.74
40429,3,1406,DD12368885449,玛雅艺术绘画艺术鉴赏收藏,3,83.74,251.22
40430,1,1407,DD11977057650,玛雅艺术绘画艺术鉴赏收藏,2,79.0,158.0
40430,2,1408,DD12513607551,玛雅艺术绘画艺术鉴赏收藏,3,81.37,244.11
40430,3,1409,DD12319385106,玛雅艺术绘画艺术鉴赏收藏,1,83.74,83.74
40431,1,1410,DD11980362993,玛雅艺术绘画艺术鉴赏收藏,3,79.0,237.0
40431,2,1411,DD11217909041,国宝绘画两册鉴赏收藏艺术,1,81.37,81.37
40431,3,1412,DD11890279623,新品王梨画集鉴赏收藏送礼画册,2,83.74,167.48
40432,1,1413,DD11971389426,新品梨画集鉴赏收藏送礼画册,1,79.0,79.0
40432,2,1414,DD11929469592,新品王梨画集鉴赏收藏送礼画册中国美术学院F,2,81.37,162.74
40432,3,1415,DD12100017862,艺术概论教材精讲精练考研冲刺100天王宏建主编,3,83.74,251.22
40433,1,1416,DD29431555,艺术概论,2,79.0,158.0
40433,2,1417,DD29436440,《艺术概论》精讲精练,3,81.37,244.11
40433,3,1418,DD12402051335,艺术概论/普通高等教育“十一五”国家级规划教材·高等院校艺术类专业教材,1,83.74,83.74
40434,1,1419,DD12305327766,艺术概论,3,79.0,237.0
40434,2,1420,DD12360254039,艺术概论,1,81.37,81.37
40434,3,1421,DD12339163886,艺术概论,2,83.74,167.48
40435,1,1422,DD12304177924,艺术概论,1,79.0,79.0
40435,2,1423,DD12334582340,艺术概论,2,81.37,162.74
40435,3,1424,DD29290808,艺术概论教程(第三版),3,83.74,251.22
40436,1,1425,DD12401496595,艺术概论张伟,2,79.0,158.0
40436,2,1426,DD12437709577,艺术概论,3,81.37,244.11
40436,3,1427,DD12401555995,艺术概论教程,1,83.74,83.74
40437,1,1428,DD12338954696,艺术概论,3,79.0,237.0
40437,2,1429,DD23648449,艺术概论,1,81.37,81.37
40437,3,1430,DD12304318847,艺术概论(普通高校素质教育适用教材),2,83.74,167.48
40438,1,1431,DD12387390881,艺术概论(普通高校素质教育适用教材),1,79.0,79.0
40438,2,1432,DD11898113966,艺术概论(普通高校素质教育适用教材),2,81.37,162.74
40438,3,1433,DD1496587360,艺术概论(普通高校素质教育适用教材),3,83.74,251.22
40439,1,1434,DD1326413567,艺术概论(普通高校素质教育适用教材),2,79.0,158.0
40439,2,1435,DD11189705325,艺术概论(普通高校素质教育适用教材),3,81.37,244.11
40439,3,1436,DD12412087741,艺术概论/“十二五”职业教育国家规划教材,1,83.74,83.74
40440,1,1437,DD1458195444,艺术概论(普通高校素质教育适用教材),3,79.0,237.0
40440,2,1438,DD23336446,艺术概论(本科),1,81.37,81.37
40440,3,1439,DD12359464939,艺术概论,2,83.74,167.48
40441,1,1440,DD23629418,艺术概论教程(第2版),1,79.0,79.0
40441,2,1441,DD1320090332,艺术概论(普通高校素质教育适用教材),2,81.37,162.74
40441,3,1442,DD12478875587,艺术概论,3,83.74,251.22
40442,1,1443,DD12401184726,艺术概论汪霓新华书店,2,79.0,158.0
40442,2,1444,DD12406929298,艺术概论/高等教育美术专业与艺术设计专业“十二五”规划教材,3,81.37,244.11
40442,3,1445,DD1367140003,艺术概论教程(第2版影视艺术专业精品课系列教材)朱晓军//应小敏//钟丽茜//孙燕//范萍萍著作,1,83.74,83.74
40443,1,1446,DD1802986041,艺术概论大学文科基本用书艺术北京大学旗舰店,3,79.0,237.0
40443,2,1447,DD1100542029,艺术概论王玉苓,1,81.37,81.37
40443,3,1448,DD12312860453,艺术概论/高等教育美术专业与艺术设计专业“十二五”规划教材刘芳、马春明、白冰洋编西安交通大学出版,2,83.74,167.48
40444,1,1449,DD11898102916,艺术概论,1,79.0,79.0
40444,2,1450,DD12336027933,艺术概论,2,81.37,162.74
40444,3,1451,DD12304332577,艺术概论,3,83.74,251.22
40445,1,1452,DD12387381811,艺术概论,2,79.0,158.0
40445,2,1453,DD12356525604,艺术概论,3,81.37,244.11
40445,3,1454,DD1206166734,艺术概论教程(第2版影视艺术专业精品课系列教材),1,83.74,83.74
40446,1,1455,DD29769488,艺术概论新编,3,79.0,237.0
40446,2,1456,DD23708239,艺术概论大学文科基本用书,1,81.37,81.37
40446,3,1457,DD12404415948,艺术概论教程(第2版影视艺术专业精品课系列教材),2,83.74,167.48
40447,1,1458,DD11891555336,艺术概论教程(第2版影视艺术专业精品课系列教材),1,79.0,79.0
40447,2,1459,DD1436267906,艺术概论王玉苓,2,81.37,162.74
40447,3,1460,DD1318297032,艺术概论教程(第2版影视艺术专业精品课系列教材),3,83.74,251.22
40448,1,1461,DD1081907564,艺术概论,2,79.0,158.0
40448,2,1462,DD12436858937,艺术概论(修订版)王宏建文法类,3,81.37,244.11
40448,3,1463,DD12312681213,艺术概论,1,83.74,83.74
40449,1,1464,DD12385124825,艺术概论王宏建修订版教材+精讲精练全套2册艺术学基础知识理论教材入门教程中国传媒大学336艺术硕士考研用书美学概论文化,3,79.0,237.0
40449,2,1465,DD29956415,艺术概论(第四版),1,81.37,81.37
40449,3,1466,DD11019100384,艺术概论(艺术大学文科基本用书),2,83.74,167.48
40450,1,1467,DD12386235798,艺术概论修订版王宏建主编,1,79.0,79.0
40450,2,1468,DD12384980055,艺术概论修订版,2,81.37,162.74
40450,3,1469,DD1239840242,艺术概论,3,83.74,251.22
40451,1,1470,DD1097503864,艺术概论,2,79.0,158.0
40451,2,1471,DD23419674,艺术概论,3,81.37,244.11
40451,3,1472,DD12315697446,艺术概论2010版(修订版),1,83.74,83.74
40452,1,1473,DD12382955437,艺术概论2010版(修订版),3,79.0,237.0
40452,2,1474,DD1330620977,艺术概论,1,81.37,81.37
40452,3,1475,DD12404765698,艺术概论(第2版),2,83.74,167.48
40453,1,1476,DD11512897331,艺术概论2010版(修订版),1,79.0,79.0
40453,2,1477,DD1501154040,艺术概论(第2版),2,81.37,162.74
40453,3,1478,DD11891844706,艺术概论,3,83.74,251.22
40454,1,1479,DD11991587587,艺术概论,2,79.0,158.0
40454,2,1480,DD12404425848,艺术概论,3,81.37,244.11
40454,3,1481,DD12401314898,艺术概论,1,83.74,83.74
40455,1,1482,DD11898799576,艺术概论,3,79.0,237.0
40455,2,1483,DD1330621377,艺术概论,1,81.37,81.37
40455,3,1484,DD1777223986,艺术概论(中国高等院校十三五基础艺术理论规划教材),2,83.74,167.48
40456,1,1485,DD11021094954,艺术概论(中国高等院校十三五基础艺术理论规划教材),1,79.0,79.0
40456,2,1486,DD12304600387,艺术概论,2,81.37,162.74
40456,3,1487,DD11156165575,艺术概论(中国高等院校十三五基础艺术理论规划教材),3,83.74,251.22
40457,1,1488,DD1330368606,艺术概论,2,79.0,158.0
40457,2,1489,DD1505075842,艺术概论(第2版),3,81.37,244.11
40457,3,1490,DD1089744529,艺术概论,1,83.74,83.74
40458,1,1491,DD12339850516,艺术概论/“十二五”职业教育国家规划教材,3,79.0,237.0
40458,2,1492,DD25177075,艺术概论(李龙珠)艺术概论,1,81.37,81.37
40458,3,1493,DD12339470756,艺术概论,2,83.74,167.48
40459,1,1494,DD11187777585,艺术概论(普通高等教育艺术类十二五规划教材),1,79.0,79.0
40459,2,1495,DD1478773160,艺术概论(普通高等教育艺术类十二五规划教材),2,81.37,162.74
40459,3,1496,DD1076731124,艺术概论(普通高等教育艺术类十二五规划教材),3,83.74,251.22
40460,1,1497,DD29420730,艺术概论(第3版),2,79.0,158.0
40460,2,1498,DD29966957,艺术概论(第4版),3,81.37,244.11
40460,3,1499,DD1505076032,艺术概论(第2版),1,83.74,83.74
40461,1,1500,DD12383284877,艺术概论教程第3版,3,79.0,237.0
40461,2,1501,DD12304564987,艺术概论,1,81.37,81.37
40461,3,1502,DD11898797406,艺术概论,2,83.74,167.48
40462,1,1503,DD12406233588,艺术概论教程第3版,1,79.0,79.0
40462,2,1504,DD12404261768,艺术概论,2,81.37,162.74
40462,3,1505,DD12514002141,艺术概论王宏建修订版教材+精讲精练全套2册艺术学基础知识理论教材入门教程中国传媒大学336艺术硕士考研用书美学概论文化,3,83.74,251.22
40463,1,1506,DD1286332006,艺术概论,2,79.0,158.0
40463,2,1507,DD12316200266,艺术概论教程第3版,3,81.37,244.11
40463,3,1508,DD27924683,艺术概论,1,83.74,83.74
40464,1,1509,DD1213453247,艺术概论,3,79.0,237.0
40464,2,1510,DD12362240636,艺术概论,1,81.37,81.37
40464,3,1511,DD28553730,艺术概论(第2版)大学文科基本用书,2,83.74,167.48
40465,1,1512,DD11839475183,艺术概论,1,79.0,79.0
40465,2,1513,DD1178625147,艺术概论郭美丽,2,81.37,162.74
40465,3,1514,DD12386236638,艺术概论精讲精练王宏建审订林路主编,3,83.74,251.22
40466,1,1515,DD12423916576,艺术概论(第2版),2,79.0,158.0
40466,2,1516,DD12384979785,艺术概论精讲精练,3,81.37,244.11
40466,3,1517,DD1802902561,艺术概论(第2版)大学文科基本用书艺术北京大学旗舰店,1,83.74,83.74
40467,1,1518,DD11017503854,艺术概论(普通高等教育艺术类十二五规划教材),3,79.0,237.0
40467,2,1519,DD29425798,艺术概论(第三版),1,81.37,81.37
40467,3,1520,DD1313378267,艺术概论(普通高等教育艺术类十二五规划教材),2,83.74,167.48
40468,1,1521,DD12311128522,艺术概论教程(第三版),1,79.0,79.0
40468,2,1522,DD11176501645,艺术概论,2,81.37,162.74
40468,3,1523,DD11033253294,艺术概论,3,83.74,251.22
40469,1,1524,DD1649663960,艺术概论(第2版),2,79.0,158.0
40469,2,1525,DD11038970884,艺术概论(艺术第2版大学文科基本用书),3,81.37,244.11
40469,3,1526,DD11176953825,艺术概论(艺术第2版大学文科基本用书),1,83.74,83.74
40470,1,1527,DD1512945310,艺术概论第二版附辅学光盘1张,3,79.0,237.0
40470,2,1528,DD1634906748,艺术概论(艺术第2版大学文科基本用书),1,81.37,81.37
40470,3,1529,DD1645505227,艺术概论(艺术第2版大学文科基本用书),2,83.74,167.48
40471,1,1530,DD1629626589,艺术概论(艺术第2版大学文科基本用书)新华,1,79.0,79.0
40471,2,1531,DD1631825445,艺术概论(艺术第2版大学文科基本用书),2,81.37,162.74
40471,3,1532,DD1634034272,艺术概论(第2版),3,83.74,251.22
40472,1,1533,DD1624195100,艺术概论,2,79.0,158.0
40472,2,1534,DD11897876416,艺术概论,3,81.37,244.11
40472,3,1535,DD29568738,《艺术概论》王宏建+《艺术概论》精讲精练+《艺术概论》考研冲刺100天(套装),1,83.74,83.74
40473,1,1536,DD12472686881,艺术概论教程(第三版),3,79.0,237.0
40473,2,1537,DD12406286618,艺术概论,1,81.37,81.37
40473,3,1538,DD1634034152,艺术概论(第2版),2,83.74,167.48
40474,1,1539,DD11946602087,艺术概论,1,79.0,79.0
40474,2,1540,DD12400557515,艺术概论教程,2,81.37,162.74
40474,3,1541,DD29925749,艺术概论《艺术概论》包括艺术的起源与发展、艺术的种类与审美特征、艺术创作基础理论、艺术审美基础理论等,3,83.74,251.22
40475,1,1542,DD29780049,艺术概论(第2版)美育教材，艺术概论，艺术基础,2,79.0,158.0
40475,2,1543,DD12342784036,艺术概论(第2版)教材,3,81.37,244.11
40475,3,1544,DD11855568447,艺术概论(第2版),1,83.74,83.74
40476,1,1545,DD1366052947,艺术概论,3,79.0,237.0
40476,2,1546,DD1317712047,艺术概论,1,81.37,81.37
40476,3,1547,DD11898034606,艺术概论,2,83.74,167.48
40477,1,1548,DD12404301908,艺术概论,1,79.0,79.0
40477,2,1549,DD12304131127,艺术概论,2,81.37,162.74
40477,3,1550,DD12386237678,艺术概论王宏建修订版教材+精讲精练全套2册艺术学基础知识理论教材入门教程中国传媒大学336艺术硕士考研用书美学概论文化,3,83.74,251.22
40478,1,1551,DD12384979495,艺术概论王宏建修订版教材+精讲精练全套2册艺术学基础知识理论教材入门教程中国传媒大学336艺术硕士考研用书美学概论文化,2,79.0,158.0
40478,2,1552,DD11773339927,艺术概论(第2版)+现代设计史(第2版),3,81.37,244.11
40478,3,1553,DD11513930927,《艺术概论》王宏建+《艺术概论》精讲精练+艺术概论考研冲刺100天(全3册)王宏建等编,1,83.74,83.74
40479,1,1554,DD12339570926,主持艺术概论,3,79.0,237.0
40479,2,1555,DD12360244049,主持艺术概论,1,81.37,81.37
40479,3,1556,DD11852360355,动漫艺术概论(2024年版),2,83.74,167.48
40480,1,1557,DD12413997751,主持艺术概论,1,79.0,79.0
40480,2,1558,DD12360097849,环境艺术概论,2,81.37,162.74
40480,3,1559,DD12313485144,主持艺术概论,3,83.74,251.22
40481,1,1560,DD12337836136,动画艺术概论,2,79.0,158.0
40481,2,1561,DD25250633,音乐艺术概论,3,81.37,244.11
40481,3,1562,DD12313733604,动画艺术概论,1,83.74,83.74
40482,1,1563,DD11995261384,戏曲艺术概论,3,79.0,237.0
40482,2,1564,DD12338175896,影视艺术概论,1,81.37,81.37
40482,3,1565,DD1098583429,动画艺术概论,2,83.74,167.48
40483,1,1566,DD1235552806,动画艺术概论,1,79.0,79.0
40483,2,1567,DD12304501687,音乐艺术概论,2,81.37,162.74
40483,3,1568,DD11898736996,音乐艺术概论,3,83.74,251.22
40484,1,1569,DD12387584501,"音乐艺术概论,中国教育学会音乐教育专业委员会组编",2,79.0,158.0
40484,2,1570,DD12309385598,电视艺术概论,3,81.37,244.11
40484,3,1571,DD12336077663,主持艺术概论,1,83.74,83.74
40485,1,1572,DD12342035735,舞蹈艺术概论,3,79.0,237.0
40485,2,1573,DD12380476237,音乐艺术概论杨和平文法类,1,81.37,81.37
40485,3,1574,DD12402392425,公共艺术概论,2,83.74,167.48
40486,1,1575,DD12342584525,主持艺术概论,1,79.0,79.0
40486,2,1576,DD12305236056,公共艺术概论,2,81.37,162.74
40486,3,1577,DD29666601,新编艺术概论,3,83.74,251.22
40487,1,1578,DD29436439,《艺术概论》王宏建+《艺术概论》精讲精练(套装),2,79.0,158.0
40487,2,1579,DD25189001,电视艺术概论,3,81.37,244.11
40487,3,1580,DD23507379,影视艺术概论,1,83.74,83.74
40488,1,1581,DD12415639808,动画艺术概论,3,79.0,237.0
40488,2,1582,DD12342007026,领导艺术概论,1,81.37,81.37
40488,3,1583,DD1474860057,电视艺术概论,2,83.74,167.48
40489,1,1584,DD1393917957,电视艺术概论,1,79.0,79.0
40489,2,1585,DD12339546266,新编艺术概论,2,81.37,162.74
40489,3,1586,DD29156976,影视艺术概论(第2版),3,83.74,251.22
40490,1,1587,DD29873583,电视艺术概论,2,79.0,158.0
40490,2,1588,DD12330537430,动漫艺术概论新华,3,81.37,244.11
40490,3,1589,DD12314972872,动漫艺术概论,1,83.74,83.74
40491,1,1590,DD12415905068,音乐艺术概论,3,79.0,237.0
40491,2,1591,DD12478926021,动漫艺术概论,1,81.37,81.37
40491,3,1592,DD12341895934,动漫艺术概论,2,83.74,167.48
40492,1,1593,DD29432059,新编艺术概论,1,79.0,79.0
40492,2,1594,DD12443872757,影视艺术概论:第2版,2,81.37,162.74
40492,3,1595,DD12343453222,摄影艺术概论,3,83.74,251.22
40493,1,1596,DD12405254248,电视艺术概论,2,79.0,158.0
40493,2,1597,DD12383568967,电视艺术概论,3,81.37,244.11
40493,3,1598,DD12316437286,电视艺术概论,1,83.74,83.74
40494,1,1599,DD1841425601,影视艺术概论(第2版),3,79.0,237.0
40494,2,1600,DD29146746,青少年百科丛书:音乐舞蹈阅读青少年百科丛书,1,81.37,81.37
40494,3,1601,DD11972126360,音乐舞蹈全套1-8册童真童趣体验游戏新方案,2,83.74,167.48
40495,1,1602,DD11994327254,音乐舞蹈全套1-8册童真童趣体验游戏新方案,1,79.0,79.0
40495,2,1603,DD12335443322,音乐舞蹈学院大学生就业指导教程,2,81.37,162.74
40495,3,1604,DD12318111115,音乐舞蹈全套1-8册童真童趣体验游戏新方案,3,83.74,251.22
40496,1,1605,DD11156196305,音乐舞蹈/中华传统文化简明读本,2,79.0,158.0
40496,2,1606,DD11017593594,音乐舞蹈/中华传统文化简明读本,3,81.37,244.11
40496,3,1607,DD1765330536,音乐舞蹈/中华传统文化简明读本,1,83.74,83.74
40497,1,1608,DD12425312169,音乐舞蹈专业英语,3,79.0,237.0
40497,2,1609,DD12413943256,音乐舞蹈欣赏,1,81.37,81.37
40497,3,1610,DD11871447397,音乐舞蹈新华书店总店自营店,2,83.74,167.48
40498,1,1611,DD12309525318,音乐舞蹈戏剧艺术鉴赏,1,79.0,79.0
40498,2,1612,DD12478853517,音乐舞蹈赵志远,2,81.37,162.74
40498,3,1613,DD11196389195,音乐舞蹈,3,83.74,251.22
40499,1,1614,DD24196635,音乐舞蹈欣赏下载更多课件、素材包资源，请关注清华社官方微信公众号,2,79.0,158.0
40499,2,1615,DD11033594134,音乐舞蹈,3,81.37,244.11
40499,3,1616,DD1529209105,音乐舞蹈,1,83.74,83.74
40500,1,1617,DD1539980567,音乐舞蹈,3,79.0,237.0
40500,2,1618,DD1528942779,音乐舞蹈,1,81.37,81.37
40500,3,1619,DD1530648418,音乐舞蹈,2,83.74,167.48
40501,1,1620,DD12427534237,音乐舞蹈/长江文明之旅,1,79.0,79.0
40501,2,1621,DD12358824370,音乐舞蹈课程思政案例选编,2,81.37,162.74
40501,3,1622,DD12520598621,音乐舞蹈/长江文明之旅,3,83.74,251.22
40502,1,1623,DD12383382886,音乐舞蹈/长江文明之旅,2,79.0,158.0
40502,2,1624,DD11876595682,音乐舞蹈/长江文明之旅,3,81.37,244.11
40502,3,1625,DD27891900,音乐舞蹈专业英语,1,83.74,83.74
40503,1,1626,DD12305112309,音乐舞蹈/长江文明之旅,3,79.0,237.0
40503,2,1627,DD12404385009,"音乐舞蹈课程思政案例选编张旦丹,钟立华主编编",1,81.37,81.37
40503,3,1628,DD12404346849,"音乐舞蹈课程思政案例选编张旦丹,钟立华主编编",2,83.74,167.48
40504,1,1629,DD11877330533,音乐舞蹈,1,79.0,79.0
40504,2,1630,DD12313020934,音乐舞蹈采风调查方法,2,81.37,162.74
40504,3,1631,DD12304494336,音乐舞蹈采风调查方法,3,83.74,251.22
40505,1,1632,DD11765447309,音乐舞蹈欣赏,2,79.0,158.0
40505,2,1633,DD12478897627,音乐舞蹈课程思政案例选编,3,81.37,244.11
40505,3,1634,DD1412271403,音乐舞蹈欣赏,1,83.74,83.74
40506,1,1635,DD11182522070,音乐舞蹈欣赏,3,79.0,237.0
40506,2,1636,DD12342508362,音乐舞蹈史诗中国革命之歌(庆祝建国35周年1984北京),1,81.37,81.37
40506,3,1637,DD12423726656,音乐舞蹈欣赏(第二版),2,83.74,167.48
40507,1,1638,DD11915639017,音乐舞蹈采风调查方法,1,79.0,79.0
40507,2,1639,DD12478895237,音乐舞蹈课程思政案例选编,2,81.37,162.74
40507,3,1640,DD1236934847,音乐舞蹈欣赏,3,83.74,251.22
40508,1,1641,DD12404798848,音乐舞蹈欣赏,2,79.0,158.0
40508,2,1642,DD1219581147,音乐舞蹈欣赏,3,81.37,244.11
40508,3,1643,DD11179787465,音乐舞蹈欣赏(普通高等职业教育十三五规划教材),1,83.74,83.74
40509,1,1644,DD1763599646,音乐舞蹈欣赏(普通高等职业教育十三五规划教材),3,79.0,237.0
40509,2,1645,DD11020290164,音乐舞蹈欣赏(普通高等职业教育十三五规划教材),1,81.37,81.37
40509,3,1646,DD29423508,音乐舞蹈欣赏(第二版)代表性的音乐、舞蹈作品为主线，图文并茂，文字流畅,2,83.74,167.48
40510,1,1647,DD11944948329,音乐舞蹈专业英语,1,79.0,79.0
40510,2,1648,DD12486184067,音乐舞蹈史诗东方红歌曲集,2,81.37,162.74
40510,3,1649,DD11987775780,音乐舞蹈我们的非物质文化遗产邵凤丽沈景文桃金娘39岁儿童阅读孔雀舞少儿手绘民俗绘本,3,83.74,251.22
40511,1,1650,DD12332890627,音乐舞蹈专业英语,2,79.0,158.0
40511,2,1651,DD12450865397,音乐舞蹈课程思政案例选编图书,3,81.37,244.11
40511,3,1652,DD12351804864,音乐舞蹈课程思政案例选编,1,83.74,83.74
40512,1,1653,DD12342371276,音乐舞蹈欣赏,3,79.0,237.0
40512,2,1654,DD11942670154,音乐舞蹈专业英语,1,81.37,81.37
40512,3,1655,DD12402027787,音乐舞蹈我们的非物质文化遗产邵凤丽沈景文桃金娘39岁儿童阅读孔雀舞少儿手绘民俗绘本,2,83.74,167.48
40513,1,1656,DD11902689504,音乐舞蹈专业英语七一初,1,79.0,79.0
40513,2,1657,DD12439408691,音乐舞蹈,2,81.37,162.74
40513,3,1658,DD11974216590,音乐舞蹈欣赏,3,83.74,251.22
40514,1,1659,DD11182037120,音乐舞蹈欣赏(第2版),2,79.0,158.0
40514,2,1660,DD12395903201,音乐舞蹈专业英语,3,81.37,244.11
40514,3,1661,DD11764917269,音乐舞蹈欣赏(第2版)曾琳编,1,83.74,83.74
40515,1,1662,DD11176660049,音乐舞蹈欣赏(第2版)曾琳编,3,79.0,237.0
40515,2,1663,DD12471279707,音乐舞蹈专业英语七一初,1,81.37,81.37
40515,3,1664,DD11898962024,音乐舞蹈欣赏(普通高等职业教育十三五规划教材),2,83.74,167.48
40516,1,1665,DD12406134398,音乐舞蹈欣赏(第2版),1,79.0,79.0
40516,2,1666,DD12339412775,音乐舞蹈我们的非物质文化遗产邵凤丽沈景文桃金娘39岁儿童阅读孔雀舞少儿手绘民俗绘本,2,81.37,162.74
40516,3,1667,DD11185807187,音乐舞蹈欣赏(第2版),3,83.74,251.22
40517,1,1668,DD12313999014,音乐舞蹈我们的非物质文化遗产邵凤丽沈景文桃金娘39岁儿童阅读孔雀舞少儿手绘民俗绘本,2,79.0,158.0
40517,2,1669,DD11185807177,音乐舞蹈欣赏(第2版),3,81.37,244.11
40517,3,1670,DD12419211308,音乐舞蹈课程思政案例选编,1,83.74,83.74
40518,1,1671,DD12342380896,音乐舞蹈欣赏,3,79.0,237.0
40518,2,1672,DD12351658754,音乐舞蹈专业英语七一初,1,81.37,81.37
40518,3,1673,DD12500322261,音乐舞蹈专业英语七一初,2,83.74,167.48
40519,1,1674,DD12436573631,音乐舞蹈欣赏主编:曾琳；副主编,1,79.0,79.0
40519,2,1675,DD12404805869,音乐舞蹈专业英语七一初,2,81.37,162.74
40519,3,1676,DD11873784222,音乐舞蹈美术学前班大班中班小班上册12345678册五大领域幼儿潜能开发音乐教材儿童上课本教学小树苗幼儿智能开发学习课程,3,83.74,251.22
40520,1,1677,DD12360727700,音乐舞蹈课程思政案例选编,2,79.0,158.0
40520,2,1678,DD12393431371,音乐舞蹈采风调查方法何政荣著,3,81.37,244.11
40520,3,1679,DD12412864501,音乐舞蹈采风调查方法,1,83.74,83.74
40521,1,1680,DD12386318136,音乐舞蹈采风调查方法,3,79.0,237.0
40521,2,1681,DD12408084256,音乐舞蹈采风调查方法,1,81.37,81.37
40521,3,1682,DD12418266047,音乐舞蹈采风调查方法,2,83.74,167.48
40522,1,1683,DD12313002253,音乐舞蹈采风调查方法,1,79.0,79.0
40522,2,1684,DD11993714603,音乐舞蹈训练,2,81.37,162.74
40522,3,1685,DD12469647521,音乐舞蹈采风调查方法,3,83.74,251.22
40523,1,1686,DD12502784537,音乐舞蹈史诗井冈山(书+光盘)全新,2,79.0,158.0
40523,2,1687,DD12457659277,音乐舞蹈史诗井冈山(书+光盘)全新,3,81.37,244.11
40523,3,1688,DD12476228297,音乐舞蹈史诗东方红朗诵词,1,83.74,83.74
40524,1,1689,DD12466256041,音乐舞蹈美术6任选小树苗音乐舞蹈美术,3,79.0,237.0
40524,2,1690,DD12466256191,音乐舞蹈美术8任选小树苗音乐舞蹈美术,1,81.37,81.37
40524,3,1691,DD12466256051,音乐舞蹈美术4任选小树苗音乐舞蹈美术,2,83.74,167.48
40525,1,1692,DD12466256121,音乐舞蹈美术2任选小树苗音乐舞蹈美术,1,79.0,79.0
40525,2,1693,DD12467470691,音乐舞蹈美术3全套8册幼儿智能开发学习课程,2,81.37,162.74
40525,3,1694,DD12467470761,音乐舞蹈美术2全套8册幼儿智能开发学习课程,3,83.74,251.22
40526,1,1695,DD12467470671,音乐舞蹈美术7全套8册幼儿智能开发学习课程,2,79.0,158.0
40526,2,1696,DD12467470681,音乐舞蹈美术1全套8册幼儿智能开发学习课程,3,81.37,244.11
40526,3,1697,DD12467470751,音乐舞蹈美术5全套8册幼儿智能开发学习课程,1,83.74,83.74
40527,1,1698,DD12467470701,音乐舞蹈美术6全套8册幼儿智能开发学习课程,3,79.0,237.0
40527,2,1699,DD12467470661,音乐舞蹈美术8全套8册幼儿智能开发学习课程,1,81.37,81.37
40527,3,1700,DD12467470651,音乐舞蹈美术4全套8册幼儿智能开发学习课程,2,83.74,167.48
40528,1,1701,DD12365486518,音乐舞蹈美术2任选小树苗音乐舞蹈美术,1,79.0,79.0
40528,2,1702,DD12365486718,音乐舞蹈美术4任选小树苗音乐舞蹈美术,2,81.37,162.74
40528,3,1703,DD12365486588,音乐舞蹈美术6任选小树苗音乐舞蹈美术,3,83.74,251.22
40529,1,1704,DD12365486698,音乐舞蹈美术8任选小树苗音乐舞蹈美术,2,79.0,158.0
40529,2,1705,DD11836871505,音乐舞蹈艺术8,3,81.37,244.11
40529,3,1706,DD12347484881,大型音乐舞蹈史诗:〈复兴之路〉歌曲集《复兴之路》,1,83.74,83.74
40530,1,1707,DD12462015291,大型音乐舞蹈史诗:〈复兴之路〉歌曲集《复兴之路》,3,79.0,237.0
40530,2,1708,DD12349845438,大型音乐舞蹈史诗:〈复兴之路〉歌曲集《复兴之路》,1,81.37,81.37
40530,3,1709,DD12355857393,大型音乐舞蹈史诗:〈复兴之路〉歌曲集《复兴之路》剧组音乐部、宣传部编,2,83.74,167.48
40531,1,1710,DD12486183051,大型音乐舞蹈史诗:〈复兴之路〉歌曲集《复兴之路》,1,79.0,79.0
40531,2,1711,DD12371931648,音乐舞蹈高中通用一位读书人自我修养本趣味吐槽原创笔记本编辑地理动画工程师建筑学金融酒店管理考古美术设计审计学,2,81.37,162.74
40531,3,1712,DD12370709068,音乐舞蹈高中通用一位读书人自我修养本趣味吐槽原创笔记本编辑地理动画工程师建筑学金融酒店管理考古美术设计审计学,3,83.74,251.22
40532,1,1713,DD11995714723,中国音乐舞蹈,2,79.0,158.0
40532,2,1714,DD12341317185,中国音乐舞蹈,3,81.37,244.11
40532,3,1715,DD12321994314,大型音乐舞蹈史诗:〈复兴之路〉歌曲集《复兴之路》,1,83.74,83.74
40533,1,1716,DD1604878729,辽南音乐舞蹈文化读本,3,79.0,237.0
40533,2,1717,DD1607049958,辽南音乐舞蹈文化读本,1,81.37,81.37
40533,3,1718,DD1616346857,辽南音乐舞蹈文化读本,2,83.74,167.48
40534,1,1719,DD11196541215,辽南音乐舞蹈文化读本,1,79.0,79.0
40534,2,1720,DD11036269104,辽南音乐舞蹈文化读本,2,81.37,162.74
40534,3,1721,DD1591137085,辽南音乐舞蹈文化读本,3,83.74,251.22
40535,1,1722,DD12411865967,岭南音乐舞蹈发展研究音乐理论,2,79.0,158.0
40535,2,1723,DD12361611209,音乐舞蹈美术7任选小树苗,3,81.37,244.11
40535,3,1724,DD12361611299,音乐舞蹈美术2任选小树苗,1,83.74,83.74
40536,1,1725,DD12361611259,音乐舞蹈美术4任选小树苗,3,79.0,237.0
40536,2,1726,DD12361611249,音乐舞蹈美术6任选小树苗,1,81.37,81.37
40536,3,1727,DD12361611319,音乐舞蹈美术1任选小树苗,2,83.74,167.48
40537,1,1728,DD12361611279,音乐舞蹈美术3任选小树苗,1,79.0,79.0
40537,2,1729,DD12361611269,音乐舞蹈美术8任选小树苗,2,81.37,162.74
40537,3,1730,DD12361611229,音乐舞蹈美术5任选小树苗,3,83.74,251.22
40538,1,1731,DD12421710979,大型音乐舞蹈史诗:〈复兴之路〉歌曲集,2,79.0,158.0
40538,2,1732,DD11994651530,大型音乐舞蹈史诗《复兴之路》:庆祝中华人民共和国成立六十周年,3,81.37,244.11
40538,3,1733,DD12458973371,音乐舞蹈美术7任选小树苗,1,83.74,83.74
40539,1,1734,DD12458973341,音乐舞蹈美术4任选小树苗,3,79.0,237.0
40539,2,1735,DD12458973401,音乐舞蹈美术3任选小树苗,1,81.37,81.37
40539,3,1736,DD12458973281,音乐舞蹈美术6任选小树苗,2,83.74,167.48
40540,1,1737,DD12458973381,音乐舞蹈美术2任选小树苗,1,79.0,79.0
40540,2,1738,DD12458973291,音乐舞蹈美术5任选小树苗,2,81.37,162.74
40540,3,1739,DD12458973271,音乐舞蹈美术8任选小树苗,3,83.74,251.22
40541,1,1740,DD12339080145,大型音乐舞蹈史诗《复兴之路》:庆祝中华人民共和国成立六十周年,2,79.0,158.0
40541,2,1741,DD12458973351,音乐舞蹈美术1任选小树苗,3,81.37,244.11
40541,3,1742,DD11616791473,大型音乐舞蹈史诗《复兴之路》:庆祝中华人民共和国成立六十周年,1,83.74,83.74
40542,1,1743,DD12492023657,中国音乐舞蹈,3,79.0,237.0
40542,2,1744,DD11853083971,辽南音乐舞蹈文化读本,1,81.37,81.37
40542,3,1745,DD11933570876,辽南音乐舞蹈文化读本,2,83.74,167.48
40543,1,1746,DD12327516040,辽南音乐舞蹈文化读本,1,79.0,79.0
40543,2,1747,DD12330834880,辽南音乐舞蹈文化读本,2,81.37,162.74
40543,3,1748,DD12474729001,辽南音乐舞蹈文化读本,3,83.74,251.22
40544,1,1749,DD12420492617,大型音乐舞蹈史诗《复兴之路》:庆祝中华人民共和国成立六十周年,2,79.0,158.0
40544,2,1750,DD11943806386,大型音乐舞蹈史诗《复兴之路》:庆祝中华人民共和国成立六十周年,3,81.37,244.11
40544,3,1751,DD12498945787,岭南音乐舞蹈发展研究,1,83.74,83.74
40545,1,1752,DD12414104697,岭南音乐舞蹈发展研究,3,79.0,237.0
40545,2,1753,DD12358380133,岭南音乐舞蹈发展研究,1,81.37,81.37
40545,3,1754,DD11290358957,大型音乐舞蹈史诗:红色薪传,2,83.74,167.48
40546,1,1755,DD11708194825,大型音乐舞蹈史诗:红色薪传,1,79.0,79.0
40546,2,1756,DD12334475430,岭南音乐舞蹈发展研究,2,81.37,162.74
40546,3,1757,DD11962012040,岭南音乐舞蹈发展研究,3,83.74,251.22
40547,1,1758,DD12416519275,岭南音乐舞蹈发展研究(岭南音乐舞蹈发展研究智库丛书),2,79.0,158.0
40547,2,1759,DD12357537053,大型音乐舞蹈史诗:红色薪传,3,81.37,244.11
40547,3,1760,DD12346023443,大型音乐舞蹈史诗:红色薪传,1,83.74,83.74
40548,1,1761,DD12312752823,岭南音乐舞蹈发展研究刘瑾著,3,79.0,237.0
40548,2,1762,DD11957168862,大型音乐舞蹈史诗:红色薪传,1,81.37,81.37
40548,3,1763,DD11872951310,学前音乐舞蹈教育研究与实践,2,83.74,167.48
40549,1,1764,DD11878162969,学前音乐舞蹈教育研究与实践,1,79.0,79.0
40549,2,1765,DD11878163009,学前音乐舞蹈教育研究与实践,2,81.37,162.74
40549,3,1766,DD12368293507,大型音乐舞蹈史诗:红色薪传,3,83.74,251.22
40550,1,1767,DD11995171573,高师音乐舞蹈教学论,2,79.0,158.0
40550,2,1768,DD12300510783,大型音乐舞蹈史诗:红色薪传,3,81.37,244.11
40550,3,1769,DD11994234133,大型音乐舞蹈史诗:红色薪传,1,83.74,83.74
40551,1,1770,DD11915712327,学前音乐舞蹈教育研究与实践,3,79.0,237.0
40551,2,1771,DD12413628167,高师音乐舞蹈教学论,1,81.37,81.37
40551,3,1772,DD12365283904,音乐舞蹈课程思政案例选编,2,83.74,167.48
40552,1,1773,DD12334927915,大型音乐舞蹈史诗:红色薪传,1,79.0,79.0
40552,2,1774,DD12365486278,音乐舞蹈美术2.4.6.8共4本任选小树苗音乐舞蹈美术,2,81.37,162.74
40552,3,1775,DD12361611239,音乐舞蹈美术2468共4本任选小树苗,3,83.74,251.22
40553,1,1776,DD12372533708,大型音乐舞蹈史诗:红色薪传,2,79.0,158.0
40553,2,1777,DD12466255581,音乐舞蹈美术2.4.6.8共4本任选小树苗音乐舞蹈美术,3,81.37,244.11
40553,3,1778,DD12361611189,音乐舞蹈美术1357共4本任选小树苗,1,83.74,83.74
40554,1,1779,DD11915712297,学前音乐舞蹈教育研究与实践,3,79.0,237.0
40554,2,1780,DD11875363668,辽南音乐舞蹈文化读本,1,81.37,81.37
40554,3,1781,DD12458973331,音乐舞蹈美术2468共4本任选小树苗,2,83.74,167.48
40555,1,1782,DD12458973231,音乐舞蹈美术1357共4本任选小树苗,1,79.0,79.0
40555,2,1783,DD12415561258,大型音乐舞蹈史诗《复兴之路》:庆祝中华人民共和国成立六十周年,2,81.37,162.74
40555,3,1784,DD11987265820,大型音乐舞蹈史诗:红色薪传,3,83.74,251.22
40556,1,1785,DD27876062,书法篆刻,2,79.0,158.0
40556,2,1786,DD11751333676,书法篆刻(美术卷)/中国艺术教育大系,3,81.37,244.11
40556,3,1787,DD12442693421,书法篆刻与教学/21世纪全国普通高等院校美术·艺术设计专业“十三五”精品课程规划教材,1,83.74,83.74
40557,1,1788,DD12338514636,书法篆刻,3,79.0,237.0
40557,2,1789,DD12448445111,"书法篆刻与教学陈浩,沈伟,李俊,王旭初,曾维华等著",1,81.37,81.37
40557,3,1790,DD11925070473,书法篆刻,2,83.74,167.48
40558,1,1791,DD12355641699,书法篆刻,1,79.0,79.0
40558,2,1792,DD12443631511,书法篆刻,2,81.37,162.74
40558,3,1793,DD12313282054,书法篆刻,3,83.74,251.22
40559,1,1794,DD12338272076,书法篆刻,2,79.0,158.0
40559,2,1795,DD12441119211,书法篆刻,3,81.37,244.11
40559,3,1796,DD12358546563,书法篆刻傅爱国,1,83.74,83.74
40560,1,1797,DD11780515491,书法篆刻基础,3,79.0,237.0
40560,2,1798,DD11705634141,书法篆刻艺术,1,81.37,81.37
40560,3,1799,DD20760179,书法篆刻基础(复旦卓越·全国学前教育专业系列),2,83.74,167.48
40561,1,1800,DD11612224466,书法篆刻装裱知识,1,79.0,79.0
40561,2,1801,DD12406872519,书法篆刻,2,81.37,162.74
40561,3,1802,DD12330018704,书法篆刻,3,83.74,251.22
40562,1,1803,DD12501660707,书法篆刻,2,79.0,158.0
40562,2,1804,DD12373807585,书法篆刻,3,81.37,244.11
40562,3,1805,DD12335257705,书法篆刻装裱知识,1,83.74,83.74
40563,1,1806,DD11684571096,书法篆刻装裱知识,3,79.0,237.0
40563,2,1807,DD11790238731,书法篆刻,1,81.37,81.37
40563,3,1808,DD12360291149,书法篆刻,2,83.74,167.48
40564,1,1809,DD11615816283,书法篆刻装裱知识,1,79.0,79.0
40564,2,1810,DD12411627606,书法篆刻与教学,2,81.37,162.74
40564,3,1811,DD11960152573,书法篆刻与教学,3,83.74,251.22
40565,1,1812,DD12454770207,书法篆刻,2,79.0,158.0
40565,2,1813,DD12347950130,书法篆刻与教学,3,81.37,244.11
40565,3,1814,DD12458923077,书法篆刻选集,1,83.74,83.74
40566,1,1815,DD12339311744,书法篆刻选集,3,79.0,237.0
40566,2,1816,DD12413434036,书法篆刻,1,81.37,81.37
40566,3,1817,DD12388348496,书法篆刻选集,2,83.74,167.48
40567,1,1818,DD12300368870,书法篆刻,1,79.0,79.0
40567,2,1819,DD12338905734,书法篆刻与教学/21世纪全国普通高等院校美术·艺术设计专业“十三五”精品课程规划教材陈浩,2,81.37,162.74
40567,3,1820,DD12406783736,书法篆刻,3,83.74,251.22
40568,1,1821,DD12388317736,书法篆刻—新概念素质教育丛书,2,79.0,158.0
40568,2,1822,DD12428483386,书法篆刻与教学/21世纪全国普通高等院校美术·艺术设计专业十三五精品课程规划教材,3,81.37,244.11
40568,3,1823,DD12338787084,书法篆刻,1,83.74,83.74
40569,1,1824,DD12423091189,书法篆刻(第三版),3,79.0,237.0
40569,2,1825,DD12422115319,书法篆刻与教学,1,81.37,81.37
40569,3,1826,DD12346752000,书法篆刻—新概念素质教育丛书,2,83.74,167.48
40570,1,1827,DD12307541090,书法篆刻—新概念素质教育丛书,1,79.0,79.0
40570,2,1828,DD12458163517,书法篆刻与教学,2,81.37,162.74
40570,3,1829,DD12316970244,书法篆刻与教学,3,83.74,251.22
40571,1,1830,DD12300953020,书法篆刻,2,79.0,158.0
40571,2,1831,DD11998943700,书法篆刻,3,81.37,244.11
40571,3,1832,DD11609897226,书法篆刻:中国高等职业院校艺术专业系类教材,1,83.74,83.74
40572,1,1833,DD12312788553,书法篆刻黄惇著,3,79.0,237.0
40572,2,1834,DD29394580,书法篆刻,1,81.37,81.37
40572,3,1835,DD11684611656,书法篆刻,2,83.74,167.48
40573,1,1836,DD12373048684,书法篆刻,1,79.0,79.0
40573,2,1837,DD11023859464,书法篆刻,2,81.37,162.74
40573,3,1838,DD12328868494,书法篆刻黄惇著,3,83.74,251.22
40574,1,1839,DD12372198204,书法篆刻,2,79.0,158.0
40574,2,1840,DD12432643306,书法篆刻(修订版),3,81.37,244.11
40574,3,1841,DD1417116402,书法篆刻,1,83.74,83.74
40575,1,1842,DD1464272909,书法篆刻,3,79.0,237.0
40575,2,1843,DD1500071205,书法篆刻,1,81.37,81.37
40575,3,1844,DD1500096507,书法篆刻,2,83.74,167.48
40576,1,1845,DD12371072694,书法篆刻,1,79.0,79.0
40576,2,1846,DD11998627440,书法篆刻,2,81.37,162.74
40576,3,1847,DD12486407161,书法篆刻,3,83.74,251.22
40577,1,1848,DD11023859364,书法篆刻,2,79.0,158.0
40577,2,1849,DD12334935322,书法篆刻,3,81.37,244.11
40577,3,1850,DD1464272509,书法篆刻,1,83.74,83.74
40578,1,1851,DD1417116702,书法篆刻,3,79.0,237.0
40578,2,1852,DD1442907864,书法篆刻,1,81.37,81.37
40578,3,1853,DD1462791741,书法篆刻,2,83.74,167.48
40579,1,1854,DD11155922015,书法篆刻,1,79.0,79.0
40579,2,1855,DD11136924022,书法篆刻,2,81.37,162.74
40579,3,1856,DD11193176035,书法篆刻,3,83.74,251.22
40580,1,1857,DD11139209141,书法篆刻,2,79.0,158.0
40580,2,1858,DD12348507180,书法篆刻傅爱国,3,81.37,244.11
40580,3,1859,DD12368839368,书法篆刻,1,83.74,83.74
40581,1,1860,DD12393551421,书法篆刻,3,79.0,237.0
40581,2,1861,DD12335634005,书法篆刻艺术,1,81.37,81.37
40581,3,1862,DD11887379293,书法篆刻艺术,2,83.74,167.48
40582,1,1863,DD12302592440,书法篆刻傅爱国,1,79.0,79.0
40582,2,1864,DD11997473610,书法篆刻经典丛书,2,81.37,162.74
40582,3,1865,DD12321229683,书法篆刻工具丛书,3,83.74,251.22
40583,1,1866,DD12351145404,书法篆刻工具丛书,2,79.0,158.0
40583,2,1867,DD12404941196,书法篆刻,3,81.37,244.11
40583,3,1868,DD11942692603,书法篆刻王冬龄著,1,83.74,83.74
40584,1,1869,DD12497700401,书法篆刻工具丛书,3,79.0,237.0
40584,2,1870,DD11619973633,书法篆刻,1,81.37,81.37
40584,3,1871,DD11780796540,书法篆刻与装裱知识大学书法教程系列书法篆刻技法入门教程,2,83.74,167.48
40585,1,1872,DD12425947479,书法篆刻,1,79.0,79.0
40585,2,1873,DD27876032,书法篆刻,2,81.37,162.74
40585,3,1874,DD12347940520,书法篆刻与教学,3,83.74,251.22
40586,1,1875,DD11984086660,书法篆刻教程,2,79.0,158.0
40586,2,1876,DD12472507151,书法篆刻,3,81.37,244.11
40586,3,1877,DD12365389489,书法篆刻,1,83.74,83.74
40587,1,1878,DD11957553450,书法篆刻教程,3,79.0,237.0
40587,2,1879,DD12409292576,书法篆刻教程,1,81.37,81.37
40587,3,1880,DD12307296050,书法篆刻教程,2,83.74,167.48
40588,1,1881,DD11945410046,书法篆刻教程,1,79.0,79.0
40588,2,1882,DD11956282093,书法篆刻,2,81.37,162.74
40588,3,1883,DD11033594474,书法篆刻,3,83.74,251.22
40589,1,1884,DD11196389275,书法篆刻,2,79.0,158.0
40589,2,1885,DD12315841123,书法篆刻,3,81.37,244.11
40589,3,1886,DD1539980497,书法篆刻,1,83.74,83.74
40590,1,1887,DD1529209075,书法篆刻,3,79.0,237.0
40590,2,1888,DD1530648238,书法篆刻,1,81.37,81.37
40590,3,1889,DD1528942689,书法篆刻,2,83.74,167.48
40591,1,1890,DD12409292566,书法篆刻,1,79.0,79.0
40591,2,1891,DD12501560487,书法篆刻工具丛书:甲骨文书法字典,2,81.37,162.74
40591,3,1892,DD11943259446,书法篆刻,3,83.74,251.22
40592,1,1893,DD12461776691,书法篆刻工具丛书:甲骨文书法字典,2,79.0,158.0
40592,2,1894,DD11738835410,书法篆刻工具丛书·甲骨文书法字典,3,81.37,244.11
40592,3,1895,DD12387032495,书法篆刻与教学,1,83.74,83.74
40593,1,1896,DD11815104034,书法篆刻黄惇-李昌集-,3,79.0,237.0
40593,2,1897,DD12400930055,书法篆刻工具丛书:甲骨文书法字典,1,81.37,81.37
40593,3,1898,DD11959218733,书法篆刻,2,83.74,167.48
40594,1,1899,DD12487185251,书法篆刻,1,79.0,79.0
40594,2,1900,DD12477524277,书法篆刻黄惇等著,2,81.37,162.74
40594,3,1901,DD12303355660,书法篆刻,3,83.74,251.22
40595,1,1902,DD11877369293,书法篆刻,2,79.0,158.0
40595,2,1903,DD11936330103,书法篆刻傅爱国,3,81.37,244.11
40595,3,1904,DD12487952691,书法篆刻工具丛书:甲骨文书法字典樊中岳、陈大英著,1,83.74,83.74
40596,1,1905,DD12345614373,书法篆刻工具丛书:甲骨文书法字典,3,79.0,237.0
40596,2,1906,DD12430714536,书法篆刻,1,81.37,81.37
40596,3,1907,DD11926525202,书法篆刻工具丛书:甲骨文书法字典,2,83.74,167.48
40597,1,1908,DD11945845266,书法篆刻经典丛书,1,79.0,79.0
40597,2,1909,DD12408217056,书法篆刻,2,81.37,162.74
40597,3,1910,DD11962117640,书法篆刻装裱知识,3,83.74,251.22
40598,1,1911,DD11907257430,书法篆刻,2,79.0,158.0
40598,2,1912,DD12372842365,书法篆刻,3,81.37,244.11
40598,3,1913,DD12501538447,书法篆刻,1,83.74,83.74
40599,1,1914,DD12473103477,书法篆刻,3,79.0,237.0
40599,2,1915,DD11944962106,书法篆刻装裱知识,1,81.37,81.37
40599,3,1916,DD11763050664,书法篆刻装裱知识传统书法篆刻装裱基础入门知识常识方法技法介绍楷书行书隶书篆书草书知识书法篆刻,2,83.74,167.48
40600,1,1917,DD12406538536,书法篆刻装裱知识,1,79.0,79.0
40600,2,1918,DD12462194511,书法篆刻,2,81.37,162.74
40600,3,1919,DD11939859363,书法篆刻,3,83.74,251.22
40601,1,1920,DD12365391539,书法篆刻,2,79.0,158.0
40601,2,1921,DD12413228607,书法篆刻教程,3,81.37,244.11
40601,3,1922,DD8646401,书法篆刻(美术卷)/中国艺术教育大系,1,83.74,83.74
40602,1,1923,DD12501497307,书法篆刻,3,79.0,237.0
40602,2,1924,DD11958234622,书法篆刻,1,81.37,81.37
40602,3,1925,DD12416546735,书法篆刻,2,83.74,167.48
40603,1,1926,DD11936713643,书法篆刻基础,1,79.0,79.0
40603,2,1927,DD12355182124,书法篆刻,2,81.37,162.74
40603,3,1928,DD11929234032,书法篆刻,3,83.74,251.22
40604,1,1929,DD12466727127,书法篆刻,2,79.0,158.0
40604,2,1930,DD12438273197,书法篆刻工具丛书:甲骨文书法字典樊中岳、陈大英著,3,81.37,244.11
40604,3,1931,DD27876034,书法篆刻,1,83.74,83.74
40605,1,1932,DD11906562370,书法篆刻,3,79.0,237.0
40605,2,1933,DD11915856479,书法篆刻陈浩等编,1,81.37,81.37
40605,3,1934,DD12316056544,书法篆刻,2,83.74,167.48
40606,1,1935,DD12361617074,书法篆刻,1,79.0,79.0
40606,2,1936,DD11939859323,书法篆刻与教学,2,81.37,162.74
40606,3,1937,DD12428365606,书法篆刻,3,83.74,251.22
40607,1,1938,DD11996164510,书法篆刻教程,2,79.0,158.0
40607,2,1939,DD12324598154,书法篆刻,3,81.37,244.11
40607,3,1940,DD11915856469,书法篆刻陈浩等编,1,83.74,83.74
40608,1,1941,DD12330154740,书法篆刻,3,79.0,237.0
40608,2,1942,DD12358630434,书法篆刻,1,81.37,81.37
40608,3,1943,DD12341302634,书法篆刻,2,83.74,167.48
40609,1,1944,DD12351122588,书法篆刻,1,79.0,79.0
40609,2,1945,DD27876033,书法篆刻,2,81.37,162.74
40609,3,1946,DD12310325153,书法篆刻,3,83.74,251.22
40610,1,1947,DD11881886280,书法篆刻工具丛书·甲骨文书法字典,2,79.0,158.0
40610,2,1948,DD12447561021,书法篆刻艺术,3,81.37,244.11
40610,3,1949,DD12346789560,书法篆刻艺术,1,83.74,83.74
40611,1,1950,DD11956604703,书法篆刻,3,79.0,237.0
40611,2,1951,DD11984309547,书法篆刻,1,81.37,81.37
40611,3,1952,DD11996262240,书法篆刻—高等师范院校美术专业教程,2,83.74,167.48
40612,1,1953,DD12313783458,书法篆刻研究选辑店,1,79.0,79.0
40612,2,1954,DD1606375649,书法篆刻,2,81.37,162.74
40612,3,1955,DD12336909226,书法篆刻,3,83.74,251.22
40613,1,1956,DD12412230085,书法篆刻,2,79.0,158.0
40613,2,1957,DD12412228085,书法篆刻,3,81.37,244.11
40613,3,1958,DD11241538050,书法篆刻,1,83.74,83.74
40614,1,1959,DD12316382196,书法篆刻,3,79.0,237.0
40614,2,1960,DD11984309537,书法篆刻,1,81.37,81.37
40614,3,1961,DD12495823741,书法篆刻,2,83.74,167.48
40615,1,1962,DD11940331223,书法篆刻艺术,1,79.0,79.0
40615,2,1963,DD11990682430,书法篆刻工具丛书·甲骨文书法字典,2,81.37,162.74
40615,3,1964,DD12341276545,书法篆刻,3,83.74,251.22
40616,1,1965,DD11058291690,书法篆刻教程,2,79.0,158.0
40616,2,1966,DD11785440716,书法篆刻与教学21世纪全国普通高等院校美术艺术设计专业十三五精品课程规划教材彭伟哲著,3,81.37,244.11
40616,3,1967,DD12360503563,书法篆刻,1,83.74,83.74
40617,1,1968,DD12433608116,书法篆刻,3,79.0,237.0
40617,2,1969,DD12340113296,书法篆刻教程/美术学院书法专业本科教材,1,81.37,81.37
40617,3,1970,DD12440745591,戏剧影视声乐基础教程,2,83.74,167.48
40618,1,1971,DD12342927190,戏剧影视理论创作与教学研究:中央戏剧学院教师文集:facultyarticlesoftheCentralA,1,79.0,79.0
40618,2,1972,DD12487461611,戏剧影视:形体表演基础/表演专业“十二五”规划教材,2,81.37,162.74
40618,3,1973,DD12448215061,戏剧影视表演作品教程,3,83.74,251.22
40619,1,1974,DD12361154189,戏剧影视:形体表演基础/表演专业“十二五”规划教材,2,79.0,158.0
40619,2,1975,DD12367134041,戏剧影视:形体表演基础/表演专业“十二五”规划教材,3,81.37,244.11
40619,3,1976,DD12448332891,戏剧影视形体表演基础,1,83.74,83.74
40620,1,1977,DD12329309634,戏剧影视:形体表演基础/表演专业“十二五”规划教材,3,79.0,237.0
40620,2,1978,DD12449141071,戏剧影视表演的基础理论与课程训练,1,81.37,81.37
40620,3,1979,DD12496565977,戏剧影视表演,2,83.74,167.48
40621,1,1980,DD12481927527,戏剧影视表演,1,79.0,79.0
40621,2,1981,DD11995962224,戏剧影视表演语言训练日,2,81.37,162.74
40621,3,1982,DD12341843196,戏剧影视表演语言训练日,3,83.74,251.22
40622,1,1983,DD12349827708,戏剧影视表演语言训练日,2,79.0,158.0
40622,2,1984,DD11958816982,戏剧影视艺术二十讲,3,81.37,244.11
40622,3,1985,DD12373858405,戏剧影视表演语言训练日,1,83.74,83.74
40623,1,1986,DD12358263103,戏剧影视表演语言训练日,3,79.0,237.0
40623,2,1987,DD12405840906,戏剧影视形体表演基础,1,81.37,81.37
40623,3,1988,DD12400167625,戏剧影视艺术家的摇篮,2,83.74,167.48
40624,1,1989,DD12389290426,戏剧影视形体表演基础,1,79.0,79.0
40624,2,1990,DD12338551466,戏剧影视传媒艺考教程,2,81.37,162.74
40624,3,1991,DD12346411170,戏剧影视理论创作与教学研究,3,83.74,251.22
40625,1,1992,DD12455543367,戏剧影视理论创作与教学研究,2,79.0,158.0
40625,2,1993,DD12304341964,戏剧影视传媒艺考教程,3,81.37,244.11
40625,3,1994,DD12404092931,戏剧影视形体表演基础,1,83.74,83.74
40626,1,1995,DD12358452593,戏剧影视传媒艺考教程,3,79.0,237.0
40626,2,1996,DD11996594303,戏剧影视艺术二十讲,1,81.37,81.37
40626,3,1997,DD11882165730,戏剧影视表演专业声乐教学曲集,2,83.74,167.48
40627,1,1998,DD12333056942,戏剧影视表演,1,79.0,79.0
40627,2,1999,DD12363269834,戏剧影视表演,2,81.37,162.74
40627,3,2000,DD12307258627,戏剧影视表演,3,83.74,251.22
40628,1,2001,DD11956385323,戏剧影视表演,2,79.0,158.0
40628,2,2002,DD12358388329,戏剧影视教学创作与管理,3,81.37,244.11
40628,3,2003,DD11991339040,戏剧影视表演专业声乐教学曲集,1,83.74,83.74
40629,1,2004,DD12353997560,戏剧影视中的发型设计英,3,79.0,237.0
40629,2,2005,DD12339073275,戏剧影视表演专业声乐教学曲集,1,81.37,81.37
40629,3,2006,DD11896228236,戏剧影视形体表演基础,2,83.74,167.48
40630,1,2007,DD12389214666,戏剧影视:形体表演基础/表演专业“十二五”规划教材,1,79.0,79.0
40630,2,2008,DD12425395789,戏剧影视形体表演基础,2,81.37,162.74
40630,3,2009,DD12373596615,戏剧影视教学创作与管理,3,83.74,251.22
40631,1,2010,DD12339362824,戏剧影视形体表演基础,2,79.0,158.0
40631,2,2011,DD12421440359,戏剧影视表演专业声乐教学曲集,3,81.37,244.11
40631,3,2012,DD12442655551,戏剧影视教学创作与管理,1,83.74,83.74
40632,1,2013,DD12431701966,戏剧影视:形体表演基础(第2版)/表演专业十二五规划教材,3,79.0,237.0
40632,2,2014,DD11946050136,戏剧影视中的发型设计,1,81.37,81.37
40632,3,2015,DD11941824713,戏剧影视形体表演基础(第3版),2,83.74,167.48
40633,1,2016,DD12305340316,戏剧影视教学创作与管理,1,79.0,79.0
40633,2,2017,DD12412188311,戏剧影视教学创作与管理,2,81.37,162.74
40633,3,2018,DD12358160733,戏剧影视专业考试指南及历年真题解析2013,3,83.74,251.22
40634,1,2019,DD12350133468,戏剧影视专业考试指南及历年真题解析2013,2,79.0,158.0
40634,2,2020,DD12466127347,戏剧影视表演专业声乐教学曲集赵艳著,3,81.37,244.11
40634,3,2021,DD12467492957,戏剧影视教学创作与管理,1,83.74,83.74
40635,1,2022,DD12394044961,戏剧影视教学创作与管理,3,79.0,237.0
40635,2,2023,DD11959326103,戏剧影视表演专业声乐教学曲集,1,81.37,81.37
40635,3,2024,DD12356541599,戏剧影视表演专业声乐教学曲集,2,83.74,167.48
40636,1,2025,DD12303137900,戏剧影视艺术二十讲,1,79.0,79.0
40636,2,2026,DD12357056983,戏剧影视中的发型设计英,2,81.37,162.74
40636,3,2027,DD12312511424,戏剧影视教学创作与管理,3,83.74,251.22
40637,1,2028,DD12341865145,戏剧影视形体表演基础,2,79.0,158.0
40637,2,2029,DD12349844528,戏剧影视中的发型设计英,3,81.37,244.11
40637,3,2030,DD11105166651,戏剧影视表演专业声乐教学曲集,1,83.74,83.74
40638,1,2031,DD11999295963,戏剧影视表演语言训练(日),3,79.0,237.0
40638,2,2032,DD12488368721,戏剧影视表演语言训练,1,81.37,81.37
40638,3,2033,DD11621644883,戏剧影视文学与文化产业管理,2,83.74,167.48
40639,1,2034,DD12322988570,戏剧影视中的发型设计英凯特·斯宾塞(Spencer.K)著；沈微译,1,79.0,79.0
40639,2,2035,DD12343084380,戏剧影视表演语言训练日,2,81.37,162.74
40639,3,2036,DD11621711663,戏剧影视中的发型设计(英),3,83.74,251.22
40640,1,2037,DD12387293726,戏剧影视形体表演基础,2,79.0,158.0
40640,2,2038,DD12455157207,戏剧影视形体表演基础,3,81.37,244.11
40640,3,2039,DD12335057675,戏剧影视文学与文化产业管理,1,83.74,83.74
40641,1,2040,DD11999297763,戏剧影视教学创作与管理:中央戏剧学院教师文集,3,79.0,237.0
40641,2,2041,DD11612518066,戏剧影视教学创作与管理:中央戏剧学院教师文集,1,81.37,81.37
40641,3,2042,DD12421660629,戏剧影视表演实用教程,2,83.74,167.48
40642,1,2043,DD11995748414,戏剧影视中的化妆技艺英凯特·斯宾塞(KitSpencer)著；陈德民、谌海琨译,1,79.0,79.0
40642,2,2044,DD11740501880,戏剧影视中的化妆技艺(英),2,81.37,162.74
40642,3,2045,DD12358371009,戏剧影视中的化妆技艺英凯特·斯宾塞(KitSpencer)著；陈德民、谌海琨译,3,83.74,251.22
40643,1,2046,DD11950061023,戏剧影视专业考试指南及历年真题解析2013,2,79.0,158.0
40643,2,2047,DD11619652053,戏剧影视中的化妆技艺(英),3,81.37,244.11
40643,3,2048,DD12500651867,戏剧影视表演的基础理论与课程训练,1,83.74,83.74
40644,1,2049,DD11611646066,戏剧影视表演语言训练(日),3,79.0,237.0
40644,2,2050,DD12478803897,戏剧影视艺术家的摇篮,1,81.37,81.37
40644,3,2051,DD11941288753,戏剧影视艺术二十讲,2,83.74,167.48
40645,1,2052,DD11958396583,戏剧影视艺术二十讲,1,79.0,79.0
40645,2,2053,DD12341556958,戏剧影视艺术家的摇篮,2,81.37,162.74
40645,3,2054,DD29277967,戏剧影视文学专业基础教材影视编剧,3,83.74,251.22
40646,1,2055,DD11944174236,戏剧影视教学创作与管理:中央戏剧学院教师文集,2,79.0,158.0
40646,2,2056,DD11943093726,戏剧影视中的化妆技艺,3,81.37,244.11
40646,3,2057,DD12431572746,戏剧影视文学专业基础教材影视编剧,1,83.74,83.74
40647,1,2058,DD11982531685,戏剧影视艺术二十讲,3,79.0,237.0
40647,2,2059,DD12447424171,戏剧影视中的化妆技艺英凯特·斯宾塞(KitSpencer)著；陈德民、谌海琨译,1,81.37,81.37
40647,3,2060,DD12447326261,戏剧影视教学创作与管理,2,83.74,167.48
40648,1,2061,DD11873176760,戏剧影视-形体表演基础(第2版)-表演专业十二五规划教材,1,79.0,79.0
40648,2,2062,DD12303913104,戏剧影视古装发型设计宝典,2,81.37,162.74
40648,3,2063,DD12384979799,戏剧影视理论与创作研究,3,83.74,251.22
40649,1,2064,DD12385411619,戏剧影视表演剧目教程芦珊主编编,2,79.0,158.0
40649,2,2065,DD11941610353,戏剧影视表演作品教程,3,81.37,244.11
40649,3,2066,DD12349760820,戏剧影视理论与创作研究,1,83.74,83.74
40650,1,2067,DD12384979819,戏剧影视理论与创作研究,3,79.0,237.0
40650,2,2068,DD11995424400,戏剧影视教学创作与管理:中央戏剧学院教师文集,1,81.37,81.37
40650,3,2069,DD12385411589,戏剧影视表演剧目教程芦珊主编编,2,83.74,167.48
40651,1,2070,DD12349839230,戏剧影视表演剧目教程,1,79.0,79.0
40651,2,2071,DD12312095503,戏剧影视文艺学,2,81.37,162.74
40651,3,2072,DD12434772386,戏剧影视古装发型设计宝典,3,83.74,251.22
40652,1,2073,DD27928655,戏剧影视表演作品教程,2,79.0,158.0
40652,2,2074,DD12462114277,戏剧影视表演剧目教程,3,81.37,244.11
40652,3,2075,DD12461695277,戏剧影视理论与创作研究,1,83.74,83.74
40653,1,2076,DD12491988237,戏剧影视表演教育的实践教学方法与应用,3,79.0,237.0
40653,2,2077,DD12368237234,戏剧影视表演教育的实践教学方法与应用,1,81.37,81.37
40653,3,2078,DD12461695227,戏剧影视理论与创作研究,2,83.74,167.48
40654,1,2079,DD12357362654,戏剧影视理论与创作研究,1,79.0,79.0
40654,2,2080,DD12462114287,戏剧影视表演剧目教程,2,81.37,162.74
40654,3,2081,DD12462063657,戏剧影视理论与创作研究,3,83.74,251.22
40655,1,2082,DD12401494997,戏剧影视表演实用教程,2,79.0,158.0
40655,2,2083,DD29658797,戏剧影视表演实用教程,3,81.37,244.11
40655,3,2084,DD12357818714,戏剧影视表演剧目教程,1,83.74,83.74
40656,1,2085,DD11121000871,戏剧影视声乐基础教程,3,79.0,237.0
40656,2,2086,DD12306519470,戏剧影视古装发型设计宝典,1,81.37,81.37
40656,3,2087,DD12329857962,戏剧影视表演基础教程戏剧影视表演高水平专业群系列XIJUYINGSHIBIAOYANGAOSHUIPIN,2,83.74,167.48
40657,1,2088,DD12334933613,戏剧影视表演剧目教程,1,79.0,79.0
40657,2,2089,DD12329857512,戏剧影视表演剧目教程芦珊主编编,2,81.37,162.74
40657,3,2090,DD12329800582,戏剧影视理论与创作研究,3,83.74,251.22
40658,1,2091,DD11115184952,戏剧影视声乐基础教程,2,79.0,158.0
40658,2,2092,DD12357818744,戏剧影视表演基础教程戏剧影视表演高水平专业羣系列教材XIJUYINGSHIBIAOYANGAO,3,81.37,244.11
40658,3,2093,DD1529069619,戏剧影视表演作品教程(浙江省普通高校十三五新形态教材),1,83.74,83.74
40659,1,2094,DD1530753088,戏剧影视表演作品教程(浙江省普通高校十三五新形态教材),3,79.0,237.0
40659,2,2095,DD11177934825,戏剧影视声乐基础教程,1,81.37,81.37
40659,3,2096,DD11132739220,戏剧影视声乐基础教程,2,83.74,167.48
40660,1,2097,DD12334934583,戏剧影视表演基础教程戏剧影视表演高水平专业羣系列教材XIJUYINGSHIBIAOYANGAO,1,79.0,79.0
40660,2,2098,DD11119492184,戏剧影视声乐基础教程,2,81.37,162.74
40660,3,2099,DD11937156163,戏剧影视中的化妆技艺英凯特·斯宾塞(KitSpencer)著；陈德民、谌海琨译,3,83.74,251.22
40661,1,2100,DD11196419295,戏剧影视表演作品教程(浙江省普通高校十三五新形态教材),2,79.0,158.0
40661,2,2101,DD11139236223,戏剧影视表演作品教程(浙江省普通高校十三五新形态教材),3,81.37,244.11
40661,3,2102,DD29377379,戏剧影视形体表演创作,1,83.74,83.74
40662,1,2103,DD12357783074,"戏剧影视理论与创作研究戚童,刘源,艺术戏剧、舞蹈艺术其它",3,79.0,237.0
40662,2,2104,DD11031448544,戏剧影视表演作品教程(浙江省普通高校十三五新形态教材),1,81.37,81.37
40662,3,2105,DD11165052736,戏剧影视声乐基础教程618正品图书限时直降,2,83.74,167.48
40663,1,2106,DD1529595415,戏剧影视表演作品教程(浙江省普通高校十三五新形态教材),1,79.0,79.0
40663,2,2107,DD1540954327,戏剧影视表演作品教程(浙江省普通高校十三五新形态教材),2,81.37,162.74
40663,3,2108,DD12500965241,戏剧影视表演剧目教程,3,83.74,251.22
40664,1,2109,DD11716523720,戏剧影视古装发型设计宝典,2,79.0,158.0
40664,2,2110,DD12487521117,"戏剧影视表演剧目教程,主编",3,81.37,244.11
40664,3,2111,DD11179896340,戏剧影视声乐基础教程,1,83.74,83.74
40665,1,2112,DD12329910802,戏剧影视理论与创作研究,3,79.0,237.0
40665,2,2113,DD12518487771,"戏剧影视表演剧目教程,主编",1,81.37,81.37
40665,3,2114,DD12418256636,"戏剧影视表演剧目教程,主编",2,83.74,167.48
40666,1,2115,DD29212743,戏剧影视文学专业基础教材电影完片担保,1,79.0,79.0
40666,2,2116,DD11983636378,戏剧影视理论创作与教学研究,2,81.37,162.74
40666,3,2117,DD12418341616,戏剧影视理论与创作研究,3,83.74,251.22
40667,1,2118,DD11108123167,"戏剧影视声乐基础教程赵彬,朱玉洁编",2,79.0,158.0
40667,2,2119,DD12336311447,戏剧影视文学概论,3,81.37,244.11
40667,3,2120,DD1673100081,戏剧影视表演作品教程(浙江省普通高校十三五新形态教材),1,83.74,83.74
40668,1,2121,DD11750477130,戏剧影视文学概论,3,79.0,237.0
40668,2,2122,DD11948282264,戏剧影视文学概论,1,81.37,81.37
40668,3,2123,DD11766206159,"戏剧影视声乐基础教程赵彬,朱玉洁编",2,83.74,167.48
40669,1,2124,DD12518588141,戏剧影视理论与创作研究,1,79.0,79.0
40669,2,2125,DD12506580797,戏剧影视表演剧目教程芦珊主编编,2,81.37,162.74
40669,3,2126,DD12508660317,戏剧影视理论与创作研究,3,83.74,251.22
40670,1,2127,DD11899215096,戏剧影视声乐基础教程,2,79.0,158.0
40670,2,2128,DD12332395342,戏剧影视表演剧目教程,3,81.37,244.11
40670,3,2129,DD12388817786,戏剧影视表演实用教程,1,83.74,83.74
40671,1,2130,DD12458883537,戏剧影视表演实用教程,3,79.0,237.0
40671,2,2131,DD11942636020,戏剧影视表演与戏剧人物塑造研究,1,81.37,81.37
40671,3,2132,DD11962033769,戏剧影视表演与戏剧人物塑造研究,2,83.74,167.48
40672,1,2133,DD11962033819,戏剧影视表演与戏剧人物塑造研究,1,79.0,79.0
40672,2,2134,DD11179641060,戏剧影视表演作品教程,2,81.37,162.74
40672,3,2135,DD11750613279,戏剧影视文学概论刘家思编,3,83.74,251.22
40673,1,2136,DD11746293029,戏剧影视文学概论刘家思编,2,79.0,158.0
40673,2,2137,DD11995980330,戏剧影视古装发型设计宝典,3,81.37,244.11
40673,3,2138,DD11939030570,戏剧影视表演实用教程,1,83.74,83.74
40674,1,2139,DD11178922600,戏剧影视形体表演创作,3,79.0,237.0
40674,2,2140,DD623039066,戏剧影视形体表演基础(第3版),1,81.37,81.37
40674,3,2141,DD11767022389,戏剧影视形体表演基础(第3版),2,83.74,167.48
40675,1,2142,DD11186008460,戏剧影视形体表演基础(第3版),1,79.0,79.0
40675,2,2143,DD11107037755,戏剧影视声乐基础教程,2,81.37,162.74
40675,3,2144,DD11767688859,戏剧影视表演作品教程赵彬彬编,3,83.74,251.22
40676,1,2145,DD1550646740,戏剧影视表演作品教程,2,79.0,158.0
40676,2,2146,DD11837191923,戏剧影视表演创作探究李宏伟,3,81.37,244.11
40676,3,2147,DD11766189509,戏剧影视形体表演创作,1,83.74,83.74
40677,1,2148,DD11110814069,戏剧影视形体表演创作,3,79.0,237.0
40677,2,2149,DD12388884926,戏剧影视文学概论,1,81.37,81.37
40677,3,2150,DD12405788418,戏剧影视形体表演创作,2,83.74,167.48
40678,1,2151,DD12498629167,戏剧影视文学概论,1,79.0,79.0
40678,2,2152,DD11991519567,戏剧影视形体表演创作,2,81.37,162.74
40678,3,2153,DD12405407638,戏剧影视表演作品教程,3,83.74,251.22
40679,1,2154,DD12393949996,戏剧影视表演剧目教程,2,79.0,158.0
40679,2,2155,DD12381950516,绘画雕塑-天津美术学院本科入学考试优秀试卷,3,81.37,244.11
40679,3,2156,DD11983802741,绘画雕塑-天津美术学院本科入学考试优秀试卷,1,83.74,83.74
40680,1,2157,DD11956041117,绘画雕塑-天津美术学院本科入学考试优秀试卷,3,79.0,237.0
40680,2,2158,DD12499521757,绘画雕塑-天津美术学院入学试卷,1,81.37,81.37
40680,3,2159,DD12381033758,德国绘画雕塑百图,2,83.74,167.48
40681,1,2160,DD11352605703,美术辞典绘画雕塑法篆刻工艺美术艺术设计摄影建筑艺术史徐建融主编上海辞出版社艺术工具辞海第七版美术学科语词修订释文,1,79.0,79.0
40681,2,2161,DD12322176770,美术辞典绘画雕塑书法篆刻工艺美术艺术设计摄影建筑艺术史,2,81.37,162.74
40681,3,2162,DD12478517381,美术辞典绘画雕塑书法篆刻工艺美术艺术设计摄影建筑艺术史徐建融主编艺术,3,83.74,251.22
40682,1,2163,DD11909975442,美术辞典绘画雕塑书法篆刻工艺美术艺术设计摄影建筑艺术史徐建融主编,2,79.0,158.0
40682,2,2164,DD11725431032,美术辞典绘画雕塑书法篆刻工艺美术艺术设计摄影建筑艺术史徐建融主编艺术,3,81.37,244.11
40682,3,2165,DD11978756173,美术辞典绘画雕塑书法篆刻工艺美术艺术设计摄影建筑艺术史徐建融主编,1,83.74,83.74
40683,1,2166,DD698844569,Sendpoints米开朗基罗绘画雕塑建筑作品全集世界图书馆系列西方艺术大师图册图集TASCHEN简体中文现货图书24小时发货,3,79.0,237.0
40683,2,2167,DD12339246482,美术辞典绘画雕塑书法篆刻工艺美术艺术设计摄影建筑艺术史徐建融主编艺术,1,81.37,81.37
40683,3,2168,DD12505394581,美术辞典绘画雕塑书法篆刻工艺美术艺术设计摄影建筑艺术史徐建融主编艺术,2,83.74,167.48
40684,1,2169,DD12372084217,海平线’94:绘画雕塑联展,1,79.0,79.0
40684,2,2170,DD11346212892,团购优惠美术辞典绘画雕塑书法篆刻工艺美术艺术设计摄影建筑艺术史徐建融主编,2,81.37,162.74
40684,3,2171,DD12369799388,卢浮宫宫殿建筑绘画雕塑艺术品珍藏鉴赏大师达芬奇米开朗基罗卡拉瓦乔鲁本斯林布兰特安格尔德拉克罗作,3,83.74,251.22
40685,1,2172,DD12422139628,卢浮宫宫殿建筑绘画雕塑艺术品珍藏鉴赏大师达芬奇米开朗基罗卡拉瓦乔鲁本斯林布兰特安格尔德拉克罗作,2,79.0,158.0
40685,2,2173,DD12360777360,卢浮宫宫殿建筑绘画雕塑艺术品珍藏鉴赏大师达芬奇米开朗基罗卡拉瓦乔鲁本斯林布兰特安格尔德拉克罗作,3,81.37,244.11
40685,3,2174,DD11758852844,后浪詹森艺术史(精装插图第7版)绘画雕塑建筑摄影工艺美术艺术的故事艺术通史西方艺术史经典,1,83.74,83.74
40686,1,2175,DD12355051273,卢浮宫宫殿建筑绘画雕塑艺术品珍藏鉴赏大师达芬奇米开朗基罗卡拉瓦乔鲁本斯林布兰特安格尔德拉克罗作,3,79.0,237.0
40686,2,2176,DD12370908908,卢浮宫宫殿建筑绘画雕塑艺术品珍藏鉴赏大师达芬奇米开朗基罗卡拉瓦乔鲁本斯林布兰特安格尔德拉克罗作,1,81.37,81.37
40686,3,2177,DD12499394891,卢浮宫宫殿建筑绘画雕塑艺术品珍藏鉴赏大师达芬奇米开朗基罗卡拉瓦乔鲁本斯林布兰特安格尔德拉克罗作,2,83.74,167.48
40687,1,2178,DD12507742671,卢浮宫宫殿建筑绘画雕塑艺术品珍藏鉴赏大师达芬奇米开朗基罗卡拉瓦乔鲁本斯林布兰特安格尔德拉克罗作,1,79.0,79.0
40687,2,2179,DD12417000356,卢浮宫宫殿建筑绘画雕塑艺术品珍藏鉴赏大师达芬奇米开朗基罗卡拉瓦乔鲁本斯林布兰特安格尔德拉克罗作,2,81.37,162.74
40687,3,2180,DD12371223178,卢浮宫宫殿建筑绘画雕塑艺术品珍藏鉴赏大师达芬奇米开朗基罗卡拉瓦乔鲁本斯林布兰特安格尔德拉克罗作,3,83.74,251.22
40688,1,2181,DD12344459142,袁运甫先生和他的学生们绘画雕塑作品展,2,79.0,158.0
40688,2,2182,DD12351735974,软精装美术辞典绘画雕塑法篆刻工艺美术艺术设计摄影建筑艺术史,3,81.37,244.11
40688,3,2183,DD12410874658,软精装美术辞典绘画雕塑法篆刻工艺美术艺术设计摄影建筑艺术史,1,83.74,83.74
40689,1,2184,DD12326283502,软精装美术辞典绘画雕塑法篆刻工艺美术艺术设计摄影建筑艺术史,3,79.0,237.0
40689,2,2185,DD11848099697,爱屋·及邬:纪念邬达克绘画雕塑邀请展,1,81.37,81.37
40689,3,2186,DD11955282579,爱屋·及邬:纪念邬达克绘画雕塑邀请展:paintingandsculptureinvitationalexhib正规,2,83.74,167.48
40690,1,2187,DD11774587629,爱屋·及邬:纪念邬达克绘画雕塑邀请展,1,79.0,79.0
40690,2,2188,DD12482872927,爱屋·及邬:纪念邬达克绘画雕塑邀请展,2,81.37,162.74
40690,3,2189,DD12405466266,爱屋·及邬:纪念邬达克绘画雕塑邀请展,3,83.74,251.22
40691,1,2190,DD1310236447,爱屋·及邬:纪念邬达克绘画雕塑邀请展,2,79.0,158.0
40691,2,2191,DD11976799606,爱屋·及邬纪念邬达克绘画雕塑邀请展F,3,81.37,244.11
40691,3,2192,DD11934010992,爱屋·及邬纪念邬达克绘画雕塑邀请展F,1,83.74,83.74
40692,1,2193,DD12351039597,爱屋·及邬纪念邬达克绘画雕塑邀请展F,3,79.0,237.0
40692,2,2194,DD12370790841,爱屋·及邬纪念邬达克绘画雕塑邀请展,1,81.37,81.37
40692,3,2195,DD11921431572,爱屋·及邬纪念邬达克绘画雕塑邀请展,2,83.74,167.48
40693,1,2196,DD12353563923,罗汉图像发展史研究绘画雕塑壁画仙佛教造像中国古代名画艺术鉴赏发展史,1,79.0,79.0
40693,2,2197,DD12487761797,罗汉图像发展史研究绘画雕塑壁画仙佛教造像中国古代名画艺术鉴赏发展史,2,81.37,162.74
40693,3,2198,DD12370517034,罗汉图像发展史研究绘画雕塑壁画仙佛教造像中国古代名画艺术鉴赏发展史,3,83.74,251.22
40694,1,2199,DD12480631237,罗汉图像发展史研究绘画雕塑壁画仙佛教造像中国古代名画艺术鉴赏发展史,2,79.0,158.0
40694,2,2200,DD12415299076,罗汉图像发展史研究绘画雕塑壁画仙佛教造像中国古代名画艺术鉴赏发展史,3,81.37,244.11
40694,3,2201,DD12360990020,罗汉图像发展史研究绘画雕塑壁画仙佛教造像中国古代名画艺术鉴赏发展史,1,83.74,83.74
40695,1,2202,DD12398580566,罗汉图像发展史研究绘画雕塑壁画仙佛教造像中国古代名画艺术鉴赏发展史,3,79.0,237.0
40695,2,2203,DD12419587078,罗汉图像发展史研究绘画雕塑壁画仙佛教造像中国古代名画艺术鉴赏发展史,1,81.37,81.37
40695,3,2204,DD12487945417,罗汉图像发展史研究绘画雕塑壁画仙佛教造像中国古代名画艺术鉴赏发展史,2,83.74,167.48
40696,1,2205,DD12418548476,罗汉图像发展史研究绘画雕塑壁画仙佛教造像中国古代名画艺术鉴赏发展史,1,79.0,79.0
40696,2,2206,DD11894465759,西方艺术史顾衡美术绘画雕塑世界艺术史西方美术史人文社科类大学教材艺术史专用教材刷边版非刷边版精装礼盒-海量赠品,2,81.37,162.74
40696,3,2207,DD11894465269,西方艺术史顾衡美术绘画雕塑世界艺术史西方美术史人文社科类大学教材艺术史专用教材刷边版非刷边版精装礼盒-海量赠品,3,83.74,251.22
40697,1,2208,DD12338336283,西方艺术史顾衡美术绘画雕塑世界艺术史西方美术史人文社科类大学教材艺术史专用教材刷边版非刷边版精装礼盒-海量赠品,2,79.0,158.0
40697,2,2209,DD11864483374,詹森艺术史西方美术绘画雕塑史故事概论入门教程艺术理论,3,81.37,244.11
40697,3,2210,DD12495474061,西方艺术史顾衡美术绘画雕塑世界艺术史西方美术史人文社科类大学教材艺术史专用教材刷边版非刷边版精装礼盒-海量赠品,1,83.74,83.74
40698,1,2211,DD11969195711,希利尔讲给孩子的艺术史绘画雕塑建筑艺术修养幼儿童科普百科大全,3,79.0,237.0
40698,2,2212,DD11695801122,希利尔讲给孩子的艺术史绘画雕塑建筑艺术修养幼儿童科普百科大全小学生,1,81.37,81.37
40698,3,2213,DD12371287808,希利尔讲给孩子的艺术史绘画雕塑建筑艺术修养幼儿童科普百科大全小学生,2,83.74,167.48
40699,1,2214,DD12360026958,希利尔讲给孩子的艺术史绘画雕塑建筑艺术修养幼儿童科普百科大全小学生,1,79.0,79.0
40699,2,2215,DD1790350951,化妆艺术设计国际化妆设计与绘画雕塑电影表演融合艺术,2,81.37,162.74
40699,3,2216,DD12414625696,美术辞典徐建融著中国美术辞典绘画雕塑书法篆刻工艺美术艺术设计摄影建筑更精简更全面更准确更完整的美术知识词典,3,83.74,251.22
40700,1,2217,DD12327292670,岩石印象简钧钰摄影作品绘画雕塑图书,2,79.0,158.0
40700,2,2218,DD12422106739,爱屋·及邬:纪念邬达克绘画雕塑邀请展李向阳书店中国地域建筑,3,81.37,244.11
40700,3,2219,DD11882803333,化妆艺术设计化妆设计与绘画雕塑电影表演融合艺术,1,83.74,83.74
40701,1,2220,DD12367486139,岩石印象简钧钰摄影作品绘画雕塑图书,3,79.0,237.0
40701,2,2221,DD11278810514,化妆艺术设计国际化妆设计与绘画雕塑电影表演融合艺术,1,81.37,81.37
40701,3,2222,DD11990672700,爱屋·及邬:纪念邬达克绘画雕塑邀请展,2,83.74,167.48
40702,1,2223,DD12333987870,亲亲艺术图书馆全10册儿童绘画雕塑电影艺术启蒙博物馆系列4-10岁史前艺术科普百科全书绘本达芬奇亲亲科学图书馆,1,79.0,79.0
40702,2,2224,DD12365026879,亲亲艺术图书馆全10册儿童绘画雕塑电影艺术启蒙博物馆系列4-10岁史前艺术科普百科全书绘本达芬奇亲亲科学图书馆,2,81.37,162.74
40702,3,2225,DD12312923068,亲亲艺术图书馆全10册儿童绘画雕塑电影艺术启蒙博物馆系列4-10岁史前艺术科普百科全书绘本达芬奇亲亲科学图书馆,3,83.74,251.22
40703,1,2226,DD12419027836,亲亲艺术图书馆全10册儿童绘画雕塑电影艺术启蒙博物馆系列4-10岁史前艺术科普百科全书绘本达芬奇亲亲科学图书馆,2,79.0,158.0
40703,2,2227,DD12371871110,亲亲艺术图书馆全10册儿童绘画雕塑电影艺术启蒙博物馆系列4-10岁史前艺术科普百科全书绘本达芬奇亲亲科学图书馆,3,81.37,244.11
40703,3,2228,DD11711265992,文艺复兴三杰拉斐尔建筑绘画雕塑画作素描手稿油画壁画大师代表作品私人博物馆意大利西方艺术珍藏书,1,83.74,83.74
40704,1,2229,DD12360776380,文艺复兴三杰米开朗琪罗绘画雕塑建筑壁画画作素描手稿油画大师代表作品创世纪私人博物馆西方艺术经典珍藏,3,79.0,237.0
40704,2,2230,DD11980391653,文艺复兴三杰拉斐尔建筑绘画雕塑画作素描手稿油画壁画大师代表作品私人博物馆意大利西方艺术珍藏书,1,81.37,81.37
40704,3,2231,DD12332191290,文艺复兴三杰拉斐尔建筑绘画雕塑画作素描手稿油画壁画大师代表作品私人博物馆意大利西方艺术珍藏书,2,83.74,167.48
40705,1,2232,DD11745447424,精装刷边2024新版巴洛克艺术罗尔夫托曼建筑绘画雕塑工艺艺术风格美学鉴赏油画壁画场景穹顶拍摄技术珍藏,1,79.0,79.0
40705,2,2233,DD12343856423,速发詹森艺术史西方美术绘画雕塑史故事概论入门教程艺术理论,2,81.37,162.74
40705,3,2234,DD12360776340,文艺复兴三杰拉斐尔建筑绘画雕塑画作素描手稿油画壁画大师代表作品私人博物馆意大利西方艺术珍藏书有书至美,3,83.74,251.22
40706,1,2235,DD11917743764,文艺复兴三杰拉斐尔建筑绘画雕塑画作素描手稿油画壁画大师代表作品私人博物馆意大利西方艺术珍藏书,2,79.0,158.0
40706,2,2236,DD12369393449,文艺复兴三杰米开朗琪罗绘画雕塑建筑壁画画作素描手稿油画大师代表作品创世纪私人博物馆西方艺术经典珍藏,3,81.37,244.11
40706,3,2237,DD12416646686,詹森艺术史插图第7版西方美术绘画雕塑史艺术概论入门教材享誉全球五十载的艺术史划时代巨著加固包装,1,83.74,83.74
40707,1,2238,DD11923191924,文艺复兴三杰拉斐尔建筑绘画雕塑画作素描手稿油画壁画大师代表作品私人博物馆意大利西方艺术珍藏书,3,79.0,237.0
40707,2,2239,DD12345448670,文艺复兴三杰拉斐尔建筑绘画雕塑画作素描手稿油画壁画大师代表作品私人博物馆意大利西方艺术珍藏书,1,81.37,81.37
40707,3,2240,DD11186208955,詹森艺术史(插图第7版)(精)西方美术绘画雕塑史故事概论入门教材理论,2,83.74,167.48
40708,1,2241,DD12507742141,文艺复兴三杰米开朗琪罗绘画雕塑建筑壁画画作素描手稿油画大师代表作品创世纪私人博物馆西方艺术经典珍藏,1,79.0,79.0
40708,2,2242,DD12504436141,詹森艺术史插图第7版西方美术绘画雕塑史艺术概论入门教材享誉全球五十载的艺术史划时代巨著加固包装,2,81.37,162.74
40708,3,2243,DD11890771745,文艺复兴三杰拉斐尔建筑绘画雕塑画作素描手稿油画壁画大师代表作品私人博物馆意大利西方艺术珍藏书,3,83.74,251.22
40709,1,2244,DD12506202221,速发詹森艺术史西方美术绘画雕塑史故事概论入门教程艺术理论,2,79.0,158.0
40709,2,2245,DD12507742091,文艺复兴三杰拉斐尔建筑绘画雕塑画作素描手稿油画壁画大师代表作品私人博物馆意大利西方艺术珍藏书有书至美,3,81.37,244.11
40709,3,2246,DD11989105205,文艺复兴三杰拉斐尔建筑绘画雕塑画作素描手稿油画壁画大师代表作品私人博物馆意大利西方艺术珍藏书,1,83.74,83.74
40710,1,2247,DD11991151764,一本书读通中外艺术了解中外艺术史绘画雕塑建筑书法等外国美术简史中国艺术的精神与文化慰藉,3,79.0,237.0
40710,2,2248,DD11980878459,一本书读通中外艺术了解中外艺术史绘画雕塑建筑书法等外国美术简史中国艺术的精神与文化慰藉,1,81.37,81.37
40710,3,2249,DD12456439671,一本书读通中外艺术了解中外艺术史绘画雕塑建筑书法等外国美术简史中国艺术的精神与文化慰藉,2,83.74,167.48
40711,1,2250,DD12374996900,一本书读通中外艺术瞭解中外艺术史绘画雕塑建筑书法等外国美术简史中国艺术的精神与文化慰藉,1,79.0,79.0
40711,2,2251,DD11962790275,一本书读通中外艺术了解中外艺术史绘画雕塑建筑书法等外国美术简史中国艺术的精神与文化慰藉,2,81.37,162.74
40711,3,2252,DD12355304533,一本书读通中外艺术瞭解中外艺术史绘画雕塑建筑书法等外国美术简史中国艺术的精神与文化慰藉,3,83.74,251.22
40712,1,2253,DD12370735780,一本书读通中外艺术瞭解中外艺术史绘画雕塑建筑书法等外国美术简史中国艺术的精神与文化慰藉,2,79.0,158.0
40712,2,2254,DD12424914228,一本书读通中外艺术瞭解中外艺术史绘画雕塑建筑书法等外国美术简史中国艺术的精神与文化慰藉,3,81.37,244.11
40712,3,2255,DD12419680479,一本书读通中外艺术瞭解中外艺术史绘画雕塑建筑书法等外国美术简史中国艺术的精神与文化慰藉,1,83.74,83.74
40713,1,2256,DD12525465431,一本书读通中外艺术瞭解中外艺术史绘画雕塑建筑书法等外国美术简史中国艺术的精神与文化慰藉,3,79.0,237.0
40713,2,2257,DD12413255475,一本书读通中外艺术瞭解中外艺术史绘画雕塑建筑书法等外国美术简史中国艺术的精神与文化慰藉,1,81.37,81.37
40713,3,2258,DD12342942652,一本书读通中外艺术瞭解中外艺术史绘画雕塑建筑书法等外国美术简史中国艺术的精神与文化慰藉,2,83.74,167.48
40714,1,2259,DD12526059651,一本书读通中外艺术瞭解中外艺术史绘画雕塑建筑书法等外国美术简史中国艺术的精神与文化慰藉,1,79.0,79.0
40714,2,2260,DD12374881000,一本书读通中外艺术瞭解中外艺术史绘画雕塑建筑书法等外国美术简史中国艺术的精神与文化慰藉,2,81.37,162.74
40714,3,2261,DD12526209091,一本书读通中外艺术瞭解中外艺术史绘画雕塑建筑书法等外国美术简史中国艺术的精神与文化慰藉,3,83.74,251.22
40715,1,2262,DD12429130896,一本书读通中外艺术瞭解中外艺术史绘画雕塑建筑书法等外国美术简史中国艺术的精神与文化慰藉,2,79.0,158.0
40715,2,2263,DD11953061220,一本书读通中外艺术了解中外艺术史绘画雕塑建筑书法等外国美术简史中国艺术的精神与文化慰藉,3,81.37,244.11
40715,3,2264,DD12333426540,艺术广场·雕塑-雕塑艺术人体大师绘画雕塑生活艺术珍藏书画册,1,83.74,83.74
40716,1,2265,DD12308799843,艺术广场·雕塑-雕塑艺术人体大师绘画雕塑生活艺术珍藏书画册,3,79.0,237.0
40716,2,2266,DD12306705092,艺术广场·雕塑-雕塑艺术人体大师绘画雕塑生活艺术珍藏书画册,1,81.37,81.37
40716,3,2267,DD12489842101,艺术广场·雕塑-雕塑艺术人体大师绘画雕塑生活艺术珍藏书画册,2,83.74,167.48
40717,1,2268,DD12312475173,艺术广场·雕塑-雕塑艺术人体大师绘画雕塑生活艺术珍藏书画册艺术绘画爱好者通读,1,79.0,79.0
40717,2,2269,DD22714599,天津美术学院本科入学考试优秀试卷(绘画雕塑),2,81.37,162.74
40717,3,2270,DD11528451699,西洋美术辞典世界西方艺术史学史绘画雕塑建筑工艺美术艺术美学伟大的工匠艺术的故事外国美术简史,3,83.74,251.22
40718,1,2271,DD11867534734,天津美术学院本科入学考试优秀试卷(绘画雕塑),2,79.0,158.0
40718,2,2272,DD11872220485,天津美术学院本科入学考试优秀试卷(绘画雕塑),3,81.37,244.11
40718,3,2273,DD12370788018,爱屋·及邬:纪念邬达克绘画雕塑邀请展李向阳书店中国地域建筑,1,83.74,83.74
40719,1,2274,DD12425439039,艺术广场·雕塑-雕塑艺术人体大师绘画雕塑生活艺术珍藏书画册,3,79.0,237.0
40719,2,2275,DD12509189517,艺术广场·雕塑-雕塑艺术人体大师绘画雕塑生活艺术珍藏书画册,1,81.37,81.37
40719,3,2276,DD11695635328,化妆艺术设计国际化妆设计与绘画雕塑电影表演融合艺术,2,83.74,167.48
40720,1,2277,DD11965734334,一本书读通中外艺术了解中外艺术史绘画雕塑建筑书法等外国美术简史中国艺术的精神与文化慰藉,1,79.0,79.0
40720,2,2278,DD12340806012,亚洲艺术的魂劳伦斯·比尼恩从事绘画雕塑建筑摄影等所有门类艺术,2,81.37,162.74
40720,3,2279,DD12327305400,西洋美术辞典世界西方艺术史学史绘画雕塑建筑工艺美术艺术美学伟大的工匠艺术的故事外国美术简史,3,83.74,251.22
40721,1,2280,DD12338783342,西洋美术辞典世界西方艺术史学史绘画雕塑建筑工艺美术艺术美学伟大的工匠艺术的故事外国美术简史,2,79.0,158.0
40721,2,2281,DD12509351131,包邮西洋美术辞典世界西方艺术史学史绘画雕塑建筑工艺美术艺术美学伟大的工匠艺术的故事外国美术简史,3,81.37,244.11
40721,3,2282,DD12329704000,西洋美术辞典世界西方艺术史学史绘画雕塑建筑工艺美术艺术美学伟大的工匠艺术的故事外国美术简史,1,83.74,83.74
40722,1,2283,DD12384935596,TASCHEN米开朗基罗画册绘画雕塑建筑作品全集世界图书馆系列西方艺术大师画册图集简体中文版可单拍,3,79.0,237.0
40722,2,2284,DD12417748046,TASCHEN米开朗基罗画册绘画雕塑建筑作品全集世界图书馆系列西方艺术大师画册图集简体中文版可单拍,1,81.37,81.37
40722,3,2285,DD11774015391,詹森艺术史精装插图第7版西方美术绘画雕塑史故事概论入门教材享誉全球五十载的艺术史划时代巨著绘画雕塑等图,2,83.74,167.48
40723,1,2286,DD11853844554,詹森艺术史插图第7版(精),1,79.0,79.0
40723,2,2287,DD12422463429,詹森艺术史精装插图第7版西方美术绘画雕塑史故事概论入门教材享誉全球五十载的艺术史划时代巨著绘画雕塑等,2,81.37,162.74
40723,3,2288,DD12370696528,哥特艺术,3,83.74,251.22
40724,1,2289,DD12363316870,詹森艺术史(插图第7版)西方美术绘画雕塑史故事概论入门教材H.W,2,79.0,158.0
40724,2,2290,DD12371718228,现货詹森艺术史(精装插图第7版)绘画雕塑建筑摄影工艺美术艺术的故事艺术通史西方艺术史经典,3,81.37,244.11
40724,3,2291,DD12349187423,詹森艺术史(插图第7版)西方美术绘画雕塑史故事概论入门教材,1,83.74,83.74
40725,1,2292,DD12495416921,文艺覆兴三杰米开朗琪罗全集绘画雕塑建筑壁画油画素描手稿油画大师代表作品集创世纪博物馆西方艺术经典珍藏书,3,79.0,237.0
40725,2,2293,DD12500919491,詹森艺术史精装插图第7版西方美术绘画雕塑史故事概论入门教材享誉全球五十载的艺术史划时代巨著绘画雕塑等,1,81.37,81.37
40725,3,2294,DD12373688594,巴洛克艺术刷边版罗尔夫托曼建筑绘画雕塑工艺艺术风格美学鉴赏收藏油画壁画场景穹顶拍摄技术珍藏巴黎圣母院绘画,2,83.74,167.48
40726,1,2295,DD11966138207,又见大唐盛世画卷浩荡书风唐代书法绘画雕塑名作画集鉴赏大唐风韵精品图录古代唐朝风采吴炎亮辽宁省博物馆绘画书法艺,1,79.0,79.0
40726,2,2296,DD12513656591,詹森艺术史(插图第7版)西方美术绘画雕塑史故事概论入门教材H.W,2,81.37,162.74
40726,3,2297,DD12520129671,詹森艺术史(插图第7版)西方美术绘画雕塑史故事概论入门教材,3,83.74,251.22
40727,1,2298,DD11778272595,詹森艺术史插图第7版(精),2,79.0,158.0
40727,2,2299,DD12349525393,詹森艺术史(插图第7版)西方美术绘画雕塑史故事概论入门教材,3,81.37,244.11
40727,3,2300,DD11831258428,当天发货文艺复兴三杰达芬奇建筑绘画雕塑素描手稿书,1,83.74,83.74
40728,1,2301,DD11747678831,詹森艺术史插图第7版(精)西方美术绘画雕塑史故事概论入门教材贡布里希加德纳温迪嬷嬷,3,79.0,237.0
40728,2,2302,DD11680102072,詹森艺术史精装插图7版西方美术绘画雕塑史故事概论入门教材享誉全球五十载的艺术史划时代巨著绘画雕塑等,1,81.37,81.37
40728,3,2303,DD12400114178,詹森艺术史精装插图第7版西方美术绘画雕塑史故事概论入门教材贡布里希加德纳温迪嬷嬷优选好书H.W.詹森、J,2,83.74,167.48
40729,1,2304,DD11815823164,詹森艺术史插图第7版(精),1,79.0,79.0
40729,2,2305,DD12417018056,詹森艺术史精装插图第7版西方美术绘画雕塑史故事概论入门教材贡布里希加德纳温迪嬷嬷,2,81.37,162.74
40729,3,2306,DD11700834065,詹森艺术史插图第7版(精)西方美术绘画雕塑史故事概论入门贡布里希加德纳温迪嬷嬷书店,3,83.74,251.22
40730,1,2307,DD11910016211,纸盒包装詹森艺术史(插图第7版)(精)西方美术绘画雕塑史故事概论入门参考理论,2,79.0,158.0
40730,2,2308,DD11142980243,詹森艺术史精装插图第7版西方美术绘画雕塑史故事概论入门贡布里希加德纳温迪嬷嬷湖南美术,3,81.37,244.11
40730,3,2309,DD12412308815,西方艺术通史,1,83.74,83.74
40731,1,2310,DD11187551904,口袋美术馆超现实主义一,3,79.0,237.0
40731,2,2311,DD11883351003,西方艺术通史,1,81.37,81.37
40731,3,2312,DD11278099544,【32开牛津简明艺术术语词典(第2版) 视觉艺术概览美术字典词典工艺美术流派风格百科大全 绘画雕塑 建筑词条参考工具书 人美,2,83.74,167.48
40732,1,2313,DD11980083457,美国艺术史(精装),1,79.0,79.0
40732,2,2314,DD29621566,新古典主义伟大的静穆图说经典艺术艺术流派新古典主义建筑绘画雕塑装饰经典杰作品鉴大师名作轻松读懂新古典主义追溯艺术源流,2,81.37,162.74
40732,3,2315,DD11750365584,西方艺术通史文聘西方世界经典通史建筑绘画雕塑摄影艺术的故事外国美术简史艺术史,3,83.74,251.22
40733,1,2316,DD11966654384,书图解艺术技巧与素材艺术辞典系列素描版画绘画雕塑马赛克无缝镶嵌陶器玻璃金属制品珠宝当代工艺经典解读艺术史艺术鉴赏创,2,79.0,158.0
40733,2,2317,DD12428830216,西方艺术通史,3,81.37,244.11
40733,3,2318,DD12371414048,美国艺术史(精装),1,83.74,83.74
40734,1,2319,DD11965819174,书艺术风格鉴赏方法经典风格典型特征绘画雕塑建筑家具装饰服装服饰罗马自由风格艺术特点定义传播时期代表艺术作品艺,3,79.0,237.0
40734,2,2320,DD11966268557,图解艺术技巧与素材艺术辞典系列素描版画绘画雕塑马赛克无缝镶嵌陶器玻璃金属制品珠宝当代工艺经典解读艺术史艺术鉴赏创作技巧书,1,81.37,81.37
40734,3,2321,DD11773622483,书图解艺术技巧与素材艺术辞典系列素描版画绘画雕塑马赛克无缝镶嵌陶器玻璃金属制品珠宝当代工艺经典解读艺术史艺术鉴赏创,2,83.74,167.48
40735,1,2322,DD11810828773,《10000年中国艺术史》(下册)宋元明清绘画雕塑建筑工艺中国风元素中国美术史学科创始人,1,79.0,79.0
40735,2,2323,DD11790194844,书艺术风格鉴赏方法经典风格典型特征绘画雕塑建筑*具装饰服装服饰罗马自由风格定义传播时期代表艺术作品艺术解析书,2,81.37,162.74
40735,3,2324,DD12371416698,书艺术风格鉴赏方法经典风格典型特征绘画雕塑建筑家具装饰服装服饰罗马自由风格艺术特点定义传播时期代表艺术作品,3,83.74,251.22
40736,1,2325,DD11700441635,《10000年中国艺术史》(下册)宋元明清绘画雕塑建筑工艺中国风元素中国美术史学科创始人,2,79.0,158.0
40736,2,2326,DD11431208812,新版艺术风格鉴赏方法经典典型特征图解绘画雕塑建筑家具装饰服装服饰罗马自由美学代表作品流派立体诠释每种风格特点,3,81.37,244.11
40736,3,2327,DD680409483,艺术中的经典女性世界名画女性身份地位演变文化史绘画雕塑古希腊罗马时代缪斯古典扩充知识提升艺术修养入门,1,83.74,83.74
40737,1,2328,DD11968066647,天津美术学院本科入学考试试卷(绘画雕塑),3,79.0,237.0
40737,2,2329,DD12334159063,艺术与观念04澳大利亚土著艺术不同土著群体的绘画雕塑带装饰的物件等地域特色文化艺术史,1,81.37,81.37
40737,3,2330,DD12334155133,艺术与观念04澳大利亚土著艺术不同土著群体的绘画雕塑带装饰的物件等地域特色文化艺术史,2,83.74,167.48
40738,1,2331,DD11868232114,美术鉴赏中国艺术通识,1,79.0,79.0
40738,2,2332,DD11864340272,10000年中国艺术史全两册宋元明清绘画雕塑建筑工艺中国风元素中国美术史学科创始人,2,81.37,162.74
40738,3,2333,DD11963682401,后浪艺术与观念14米开朗基罗文艺复兴绘画雕塑建筑全才艺术史论,3,83.74,251.22
40739,1,2334,DD11016669703,敦煌艺术十讲(精装16开)敦煌研究院,2,79.0,158.0
40739,2,2335,DD12353165535,修复理论遗产保护译丛切萨雷布兰迪绘画雕塑建筑修复的概念艺术品的本质建筑材料,3,81.37,244.11
40739,3,2336,DD12371182528,修复理论遗产保护译丛切萨雷布兰迪绘画雕塑建筑修复的概念艺术品的本质建筑材料,1,83.74,83.74
40740,1,2337,DD12395027431,修复理论遗产保护译丛切萨雷布兰迪绘画雕塑建筑修复的概念艺术品的本质建筑材料,3,79.0,237.0
40740,2,2338,DD11876223503,美术鉴赏中国艺术通识,1,81.37,81.37
40740,3,2339,DD11873257452,美术鉴赏中国艺术通识,2,83.74,167.48
40741,1,2340,DD29874807,李鸿章传:20世纪四大传记之一,1,79.0,79.0
40741,2,2341,DD12100016166,名人传记(含传记、历史、哲学类),2,81.37,162.74
40741,3,2342,DD12100013162,传记类,3,83.74,251.22
40742,1,2343,DD12100023435,皮波人物传记精选系列,2,79.0,158.0
40742,2,2344,DD12100014931,译林传记单本任选我心归处是敦煌一百年许多人许多老友爱人和大麻烦事,3,81.37,244.11
40742,3,2345,DD12100023740,人物传记-学生,1,83.74,83.74
40743,1,2346,DD12100014635,女性人物传记,3,79.0,237.0
40743,2,2347,DD12100014450,艺术传记音乐访谈录摇滚乐队回忆录,1,81.37,81.37
40743,3,2348,DD11768336259,人物传记,2,83.74,167.48
40744,1,2349,DD29851345,历史人物传记:光武大帝,1,79.0,79.0
40744,2,2350,DD21081519,超值金版-中国名人传记速读大全集,2,81.37,162.74
40744,3,2351,DD29794810,传记文学书系从北大到台大:元气淋漓,3,83.74,251.22
40745,1,2352,DD12100021781,波伏瓦传记,2,79.0,158.0
40745,2,2353,DD11675001239,人物传记,3,81.37,244.11
40745,3,2354,DD12100015050,历史名人传记系列,1,83.74,83.74
40746,1,2355,DD12100021381,历代帝王传记:雍正康熙乾隆朱元璋汉武帝宋太祖武则天唐太宗曹操汉武帝秦始皇成吉思汗刘邦,3,79.0,237.0
40746,2,2356,DD11180257879,人物传记,1,81.37,81.37
40746,3,2357,DD12100020411,传记,2,83.74,167.48
40747,1,2358,DD20813229,电影家传记丛书:大帅崔嵬,1,79.0,79.0
40747,2,2359,DD12339615093,传记卷-,2,81.37,162.74
40747,3,2360,DD12350566168,传记系列:假如给我三天光明美,3,83.74,251.22
40748,1,2361,DD12356223293,传记系列:假如给我三天光明美海伦·凯勒著；一苇译,2,79.0,158.0
40748,2,2362,DD12461954021,传记馆:居里夫人自传法,3,81.37,244.11
40748,3,2363,DD12338196346,传记袖珍馆:山本五十六传,1,83.74,83.74
40749,1,2364,DD11960350324,传记馆:居里夫人自传法,3,79.0,237.0
40749,2,2365,DD12313607274,传记袖珍馆:山本五十六传,1,81.37,81.37
40749,3,2366,DD12372587105,传记体文献剧弘一法师创作实录,2,83.74,167.48
40750,1,2367,DD11960553124,传记馆:上海滩大亨黄金荣,1,79.0,79.0
40750,2,2368,DD12360411149,传记文学丛书:立传,2,81.37,162.74
40750,3,2369,DD12347584031,传记文学丛书:立传,3,83.74,251.22
40751,1,2370,DD12388653346,传记-高振霄三部曲,2,79.0,158.0
40751,2,2371,DD12352957279,传记袖珍馆:张居正传,3,81.37,244.11
40751,3,2372,DD12321486334,传记文学丛书:立传,1,83.74,83.74
40752,1,2373,DD12342686000,传记袖珍馆:山本五十六传,3,79.0,237.0
40752,2,2374,DD12367475311,传记书架/一生读书计划,1,81.37,81.37
40752,3,2375,DD11834247174,传记体文献剧弘一法师创作实录,2,83.74,167.48
40753,1,2376,DD11842080208,传记体文献剧弘一法师创作实录,1,79.0,79.0
40753,2,2377,DD12486818141,传记中国食神:烹调大师刘敬贤,2,81.37,162.74
40753,3,2378,DD12353669219,传记中国食神:烹调大师刘敬贤徐光荣著,3,83.74,251.22
40754,1,2379,DD1812852331,传记袖珍馆Ⅲ巴顿传,2,79.0,158.0
40754,2,2380,DD12338685245,传记文学译丛-爸爸海明威美,3,81.37,244.11
40754,3,2381,DD12424559159,传记馆,1,83.74,83.74
40755,1,2382,DD12442611211,传记袖珍馆:山本五十六传,3,79.0,237.0
40755,2,2383,DD12410513266,传记文学译丛-爸爸海明威美,1,81.37,81.37
40755,3,2384,DD11505231000,传记译林出版社,2,83.74,167.48
40756,1,2385,DD12417835047,传记系列:假如给我三天光明美,1,79.0,79.0
40756,2,2386,DD11000078285,传记文学,2,81.37,162.74
40756,3,2387,DD11959019163,传记文学译丛-爸爸海明威,3,83.74,251.22
40757,1,2388,DD12333115214,传记体文献剧弘一法师创作实录,2,79.0,158.0
40757,2,2389,DD11408179049,传记文学书系:问学谏往录现代政治学家萧公权回忆录人物传记,3,81.37,244.11
40757,3,2390,DD12342922255,传记体文献剧弘一法师创作实录,1,83.74,83.74
40758,1,2391,DD12304254104,传记袖珍馆:富兰克林自传美,3,79.0,237.0
40758,2,2392,DD11682521136,传记体文献剧弘一法师创作实录,1,81.37,81.37
40758,3,2393,DD12321095014,传记(英)埃尔米奥娜·李(HermioneLee)著,2,83.74,167.48
40759,1,2394,DD11986768250,传记文学书系:少帅春秋,1,79.0,79.0
40759,2,2395,DD11759113271,传记文库2将将之将:蒋百里评传,2,81.37,162.74
40759,3,2396,DD11870755230,传记文学书系:王映霞自传:一个知识女性的独立史新华,3,83.74,251.22
40760,1,2397,DD11913606271,传记文学书系:王映霞自传:一个知识女性的独立史,2,79.0,158.0
40760,2,2398,DD11860389234,传记文学书系:王映霞自传:一个知识女性的独立史,3,81.37,244.11
40760,3,2399,DD11839818280,传记文学书系-逝者如斯:罗家伦的世界,1,83.74,83.74
40761,1,2400,DD11828301132,传记文学书系-从北大到台大:元气淋漓,3,79.0,237.0
40761,2,2401,DD11827111272,传记文学书系-逝者如斯:罗家伦的世界,1,81.37,81.37
40761,3,2402,DD11876886021,传记文学书系-逝者如斯:罗家伦的世界,2,83.74,167.48
40762,1,2403,DD12372505254,传记文学书系-激荡百年的回响,1,79.0,79.0
40762,2,2404,DD11775793010,传记袖珍馆Ⅲ巴顿传,2,81.37,162.74
40762,3,2405,DD12388836091,传记文学书系中国留美幼童书信集,3,83.74,251.22
40763,1,2406,DD12369935004,传记文学书系-从北大到台大:元气淋漓,2,79.0,158.0
40763,2,2407,DD11611965126,传记共和之路:孙中山传,3,81.37,244.11
40763,3,2408,DD11611251016,传记文学,1,83.74,83.74
40764,1,2409,DD11897492173,传记报告文学:三峡骄子,3,79.0,237.0
40764,2,2410,DD11781040322,传记报告文学:三峡骄子,1,81.37,81.37
40764,3,2411,DD11684233896,传记文学,2,83.74,167.48
40765,1,2412,DD12304865110,传记文学,1,79.0,79.0
40765,2,2413,DD12411583006,传记文学,2,81.37,162.74
40765,3,2414,DD12466817087,传记家的报复新近西方传记研究译文集,3,83.74,251.22
40766,1,2415,DD11943529070,传记文学:王映霞自传,2,79.0,158.0
40766,2,2416,DD12417493339,传记文学书系遥想大学当年:我的大学,3,81.37,244.11
40766,3,2417,DD12408358086,传记文学书系遥想大学当年:我的大学,1,83.74,83.74
40767,1,2418,DD11634075161,传记译林:一位数学家的历险:乌拉姆自传斯塔尼斯拉夫·乌拉姆数学巨匠乌拉姆充满传奇的一生,3,79.0,237.0
40767,2,2419,DD11623486242,传记译林:一位数学家的历险:乌拉姆自传斯塔尼斯拉夫·乌拉姆数学巨匠乌拉姆充满传奇的一生,1,81.37,81.37
40767,3,2420,DD11894997221,传记文学书系:少帅春秋,2,83.74,167.48
40768,1,2421,DD12504374091,传记学研究·第二辑,1,79.0,79.0
40768,2,2422,DD12328800240,传记文学书系从北大到台大:元气淋漓傅斯年全店支持开发票,2,81.37,162.74
40768,3,2423,DD11965238311,传记译林我的几何人生:丘成桐自传数学界诺贝尔菲尔兹,3,83.74,251.22
40769,1,2424,DD12346256313,传记共和之路:孙中山传,2,79.0,158.0
40769,2,2425,DD12331181072,传记译林:普京.权利的逻辑(精装)胡贝特,3,81.37,244.11
40769,3,2426,DD12462094171,传记奇葩:萨维奇评传和考利评传英,1,83.74,83.74
40770,1,2427,DD12318112073,传记译林我的几何人生:丘成桐自传数学界诺贝尔奖菲尔兹奖,3,79.0,237.0
40770,2,2428,DD12331199164,传记文学书系:少帅春秋,1,81.37,81.37
40770,3,2429,DD12425572236,传记文学书系王映霞自传:一个知识女性的独立史,2,83.74,167.48
40771,1,2430,DD11793509130,传记家的报复—新近西方传记研究译文集,1,79.0,79.0
40771,2,2431,DD12332555254,传记资源组织与建设,2,81.37,162.74
40771,3,2432,DD12415920097,传记家的报复—新近西方传记研究译文集,3,83.74,251.22
40772,1,2433,DD11986308090,传记家的报复—新近西方传记研究译文集,2,79.0,158.0
40772,2,2434,DD12348935068,传记奇葩:萨维奇评传和考利评传英,3,81.37,244.11
40772,3,2435,DD11994232154,传记奇葩:萨维奇评传和考利评传英,1,83.74,83.74
40773,1,2436,DD12357278023,传记奇葩:萨维奇评传和考利评传英,3,79.0,237.0
40773,2,2437,DD12501086257,传记共和之路:孙中山传,1,81.37,81.37
40773,3,2438,DD12312512083,传记译林突破:我的科学人生2023年诺贝尔生理学医学奖,2,83.74,167.48
40774,1,2439,DD11900231120,传记中国食神:烹调大师刘敬贤,1,79.0,79.0
40774,2,2440,DD12373869208,传记文学书系中国留美幼童书信集,2,81.37,162.74
40774,3,2441,DD12418742228,传记文学书系-从北大到台大:元气淋漓,3,83.74,251.22
40775,1,2442,DD11929597226,传记译林突破:我的科学人生2023年诺贝尔生理学医学奖,2,79.0,158.0
40775,2,2443,DD11974477000,传记突破:我的科学人生2023年诺贝尔生理学医学奖,3,81.37,244.11
40775,3,2444,DD11860934134,传记社会学:理论议题,1,83.74,83.74
40776,1,2445,DD12328226154,传记家的报复—新近西方传记研究译文集,3,79.0,237.0
40776,2,2446,DD11959542097,传记卷-叶至善集-3,1,81.37,81.37
40776,3,2447,DD12417674119,传记通论:增补本建立一门“传记学”理论+历史+实践并重学术性与通俗性学理性和实用性,2,83.74,167.48
40777,1,2448,DD11970249082,传记译林突破:我的科学人生2023年诺贝尔生理学医学奖,1,79.0,79.0
40777,2,2449,DD12358270151,传记社会学:理论议题,2,81.37,162.74
40777,3,2450,DD12355767183,传记通论:增补本建立一门“传记学”理论+历史+实践并重学术性与通俗性学理性和实用性,3,83.74,251.22
40778,1,2451,DD12351002097,传记通论:增补本,2,79.0,158.0
40778,2,2452,DD11515217215,传记译林梵高传(精装)普利策奖,3,81.37,244.11
40778,3,2453,DD12428881016,传记通论:增补本建立一门“传记学”理论+历史+实践并重学术性与通俗性学理性和实用性,1,83.74,83.74
40779,1,2454,DD11861901934,科学家传记归来仍是少年杨振宁传爱因斯坦我的世界观牛顿传霍金传中信出版社官方旗舰店,3,79.0,237.0
40779,2,2455,DD12356096170,传记文学书系王映霞自传:一个知识女性的独立史,1,81.37,81.37
40779,3,2456,DD11790699101,传记译林梵高传传记译林梵高传,2,83.74,167.48
40780,1,2457,DD11842080238,传记体文献剧弘一法师创作实录,1,79.0,79.0
40780,2,2458,DD11813498140,传记及图文指南穆圣传:伊斯兰文明道德图文,2,81.37,162.74
40780,3,2459,DD11834247184,传记体文献剧弘一法师创作实录,3,83.74,251.22
40781,1,2460,DD11429194459,人物传记,2,79.0,158.0
40781,2,2461,DD12100021822,才女传记,3,81.37,244.11
40781,3,2462,DD11715524340,传记文学阐释与批评,1,83.74,83.74
40782,1,2463,DD12100018279,运动传记,3,79.0,237.0
40782,2,2464,DD12100013227,人物传记类,1,81.37,81.37
40782,3,2465,DD11940256018,传记文学书系辑共6册,2,83.74,167.48
40783,1,2466,DD12349088291,传记文学书系第一辑共6册,1,79.0,79.0
40783,2,2467,DD12366931066,传记文学书系辑共6册,2,81.37,162.74
40783,3,2468,DD12342812167,传记文学书系第一辑共6册,3,83.74,251.22
40784,1,2469,DD11935543342,传记文学书系第一辑共6册,2,79.0,158.0
40784,2,2470,DD12418549276,传记文学书系辑共6册,3,81.37,244.11
40784,3,2471,DD12366913046,传记文学书系十二册:亦云回忆+陈布雷回忆录+冯玉祥传+十四年+蒋廷黻回忆录+自由的人+问学谏往录+少帅春秋+民国三大校长,1,83.74,83.74
40785,1,2472,DD12350607170,传记文学书系十二册:亦云回忆+陈布雷回忆录+冯玉祥传+十四年+蒋廷黻回忆录+自由的人+问学谏往录+少帅春秋+民国三大校长,3,79.0,237.0
40785,2,2473,DD11876379082,传记套装阿什利万斯等著源代码英伟达之道我看见的世界埃隆·马斯克传小米创业思考人生由我等中信出版,1,81.37,81.37
40785,3,2474,DD12100022743,人物传记1,2,83.74,167.48
40786,1,2475,DD12100019338,艺术传记类图书合辑:苏东坡书法全集、弘一法师李叔同评传、左宗棠在西北的那些事儿,1,79.0,79.0
40786,2,2476,DD12100020247,名人传记,2,81.37,162.74
40786,3,2477,DD12100025565,帝王传记系列,3,83.74,251.22
40787,1,2478,DD12100018977,作家传记,2,79.0,158.0
40787,2,2479,DD11702503074,任选人物传记马云马化腾史玉柱雷军任正非王石,3,81.37,244.11
40787,3,2480,DD23245613,超值套装-名人传记速读系列,1,83.74,83.74
40788,1,2481,DD29158929,历代中医名家传记选录释译,3,79.0,237.0
40788,2,2482,DD11804509129,三毛传记万水千山走遍万,1,81.37,81.37
40788,3,2483,DD11312135254,三毛传记万水千山走遍三毛传,2,83.74,167.48
40789,1,2484,DD12461971017,名人传记丛书-惠特曼,1,79.0,79.0
40789,2,2485,DD1211770840,人物传记—梁启超传,2,81.37,162.74
40789,3,2486,DD591366049,三毛传记万水千山走遍三毛传,3,83.74,251.22
40790,1,2487,DD12466218117,牛顿传记廉东星,2,79.0,158.0
40790,2,2488,DD11773001182,人物传记:章太炎传,3,81.37,244.11
40790,3,2489,DD1211771640,人物传记—章太炎传,1,83.74,83.74
40791,1,2490,DD11774626297,名人传记丛书-毛姆社会各界人物,3,79.0,237.0
40791,2,2491,DD12441568161,傅译传记五种法苏卜、法罗曼·罗兰、法,1,81.37,81.37
40791,3,2492,DD12342251080,大型传记报告文学:芙蓉骄子李文庆著,2,83.74,167.48
40792,1,2493,DD11940040200,安妮传记-我是如此地渴望这一切德,1,79.0,79.0
40792,2,2494,DD12383015079,名人传记佳作:名流沧桑,2,81.37,162.74
40792,3,2495,DD12466704147,名人传记佳作:名流沧桑,3,83.74,251.22
40793,1,2496,DD12448617021,牛顿传记编者,2,79.0,158.0
40793,2,2497,DD12350538118,名人传记系列:列奥那多·达·芬奇美,3,81.37,244.11
40793,3,2498,DD12448316251,安妮传记普雷斯勒,1,83.74,83.74
40794,1,2499,DD12336938224,傅译传记五种法苏卜、法罗曼·罗兰、法,3,79.0,237.0
40794,2,2500,DD12374689345,中华传记:努尔哈赤全传金泽灿著,1,81.37,81.37
40794,3,2501,DD12441183321,傅译传记五种罗曼?,2,83.74,167.48
40795,1,2502,DD12402094145,名人传记,1,79.0,79.0
40795,2,2503,DD12352699249,傅译传记五种法苏卜、法罗曼·罗兰、法,2,81.37,162.74
40795,3,2504,DD12322627280,中华传记:努尔哈赤全传金泽灿著,3,83.74,251.22
40796,1,2505,DD12329273004,安妮传记-我是如此地渴望这一切德,2,79.0,158.0
40796,2,2506,DD12339186266,名人传记丛书:财富厄运·亚洲女首富龚心如人生传奇,3,81.37,244.11
40796,3,2507,DD12394132041,傅译传记五种罗曼?,1,83.74,83.74
40797,1,2508,DD12440724301,傅译传记五种—十月外国经典传记丛书,3,79.0,237.0
40797,2,2509,DD11945421216,人物传记系列:瞿秋白与,1,81.37,81.37
40797,3,2510,DD12324107073,名人传记成吉思汗传,2,83.74,167.48
40798,1,2511,DD11995181194,长篇传记文学:毛润之,1,79.0,79.0
40798,2,2512,DD12313091314,中华传记:拿破仑全传,2,81.37,162.74
40798,3,2513,DD11973055286,长篇传记文学:毛润之,3,83.74,251.22
40799,1,2514,DD12313077254,名人传记丛书:财富厄运·亚洲女首富龚心如人生传奇,2,79.0,158.0
40799,2,2515,DD12442596011,中华传记:拿破仑全传,3,81.37,244.11
40799,3,2516,DD12339088136,中华传记:拿破仑全传,1,83.74,83.74
40800,1,2517,DD12350549108,精英传记:希拉里美,3,79.0,237.0
40800,2,2518,DD11995485234,人物传记袖珍馆4:李彦宏传,1,81.37,81.37
40800,3,2519,DD12520535011,名人传记珍藏本:打捞历史,2,83.74,167.48
40801,1,2520,DD11881809052,名人传记珍藏本:打捞历史,1,79.0,79.0
40801,2,2521,DD11726325013,人物传记,2,81.37,162.74
40801,3,2522,DD11994830180,傅译传记五种,3,83.74,251.22
40802,1,2523,DD12441840261,名人传记,2,79.0,158.0
40802,2,2524,DD12410505026,傅译传记五种,3,81.37,244.11
40802,3,2525,DD29233906,希利尔讲世界史经典人文百科启蒙系列青少年科普百科知识,1,83.74,83.74
40803,1,2526,DD12100016326,世界史,3,79.0,237.0
40803,2,2527,DD28510934,希利尔讲世界史风行近百年的家庭教育读本,1,81.37,81.37
40803,3,2528,DD12100013853,汗青堂世界史(单本+套装),2,83.74,167.48
40804,1,2529,DD29953170,半小时漫画世界史3,1,79.0,79.0
40804,2,2530,DD28519508,希利尔讲世界史、世界地理、艺术史(全三册，升级版套装),2,81.37,162.74
40804,3,2531,DD29953171,半小时漫画世界史全3册,3,83.74,251.22
40805,1,2532,DD12100024817,汗青堂世界史文明史蒙古史,2,79.0,158.0
40805,2,2533,DD12100020770,历史世界史,3,81.37,244.11
40805,3,2534,DD25252459,半小时漫画世界史,1,83.74,83.74
40806,1,2535,DD11896626836,世界史近代史编上卷(第2版),3,79.0,237.0
40806,2,2536,DD28540879,牛津世界史:牛津古希腊史牛津大学一年级新生教材，既是入门级又是专业级,1,81.37,81.37
40806,3,2537,DD29706827,2023中国好书新世界史纲要,2,83.74,167.48
40807,1,2538,DD12466805497,世界史纲,1,79.0,79.0
40807,2,2539,DD11942449103,世界史(上)/讲给孩子的历史故事系列丛书,2,81.37,162.74
40807,3,2540,DD11956618574,世界史纲:生物和人类的简明史英,3,83.74,251.22
40808,1,2541,DD12402295445,世界史纲:生物和人类的简明史英,2,79.0,158.0
40808,2,2542,DD12447961621,世界史/讲给孩子的历史故事系列丛书,3,81.37,244.11
40808,3,2543,DD11928650072,世界史纲,1,83.74,83.74
40809,1,2544,DD12392222191,世界史纲,3,79.0,237.0
40809,2,2545,DD11295300250,世界史近代史编(下卷)第二版目丰图书专营店,1,81.37,81.37
40809,3,2546,DD11955638484,世界史纲英H.G,2,83.74,167.48
40810,1,2547,DD12313357344,世界史纲英,1,79.0,79.0
40810,2,2548,DD12392545511,"世界史,现代史编",2,81.37,162.74
40810,3,2549,DD12338670226,世界史纲英,3,83.74,251.22
40811,1,2550,DD12413164311,世界史纲英,2,79.0,158.0
40811,2,2551,DD12360690069,世界史:古代史编上卷,3,81.37,244.11
40811,3,2552,DD12372680405,世界史·近代史编上卷,1,83.74,83.74
40812,1,2553,DD11957775182,世界史纲英H.G,3,79.0,237.0
40812,2,2554,DD12339027016,世界史:古代史编上卷,1,81.37,81.37
40812,3,2555,DD12350164108,世界史:古代史编上卷,2,83.74,167.48
40813,1,2556,DD11957738242,世界史纲英,1,79.0,79.0
40813,2,2557,DD11995539283,世界史纲:生物和人类的简明史英,2,81.37,162.74
40813,3,2558,DD11945737586,世界史纲,3,83.74,251.22
40814,1,2559,DD29861276,世界史的理念:兰克史学文选之二历史的观念译丛,2,79.0,158.0
40814,2,2560,DD11740381330,世界史研究,3,81.37,244.11
40814,3,2561,DD12354591050,世界史研究,1,83.74,83.74
40815,1,2562,DD12307572240,世界史纲,3,79.0,237.0
40815,2,2563,DD11927179502,世界史研究,1,81.37,81.37
40815,3,2564,DD12484182571,世界史纲,2,83.74,167.48
40816,1,2565,DD12306706150,世界史纲,1,79.0,79.0
40816,2,2566,DD12352078179,世界史-当代卷,2,81.37,162.74
40816,3,2567,DD11994228474,世界史:大时代埃德蒙·柏克三世、大卫·克里斯汀、罗斯·E·杜恩著；杨彪译,3,83.74,251.22
40817,1,2568,DD12350129128,世界史-当代卷,2,79.0,158.0
40817,2,2569,DD12372722475,世界史:大时代埃德蒙·柏克三世、大卫·克里斯汀、罗斯·E·杜恩著；杨彪译,3,81.37,244.11
40817,3,2570,DD12461827171,世界史:大时代埃德蒙·柏克三世、大卫·克里斯汀、罗斯·E·杜恩著；杨彪译,1,83.74,83.74
40818,1,2571,DD11996903243,世界史纲英H.G,3,79.0,237.0
40818,2,2572,DD29247144,漫画中国史全套8册这才是,1,81.37,81.37
40818,3,2573,DD12100020392,中国通史历史入门推荐,2,83.74,167.48
40819,1,2574,DD29948956,半小时漫画中国史全五册,1,79.0,79.0
40819,2,2575,DD29749115,故宫里的中国史(精装刷边亲签当当版),2,81.37,162.74
40819,3,2576,DD29865515,中国史纲中国通史之巅峰水准,3,83.74,251.22
40820,1,2577,DD29841159,地理中的中国史2册套装(自然篇+人文篇),2,79.0,158.0
40820,2,2578,DD29765433,至简中国史4卷15章，80+注释和图表，从伏羲神农到帝制终结，一,3,81.37,244.11
40820,3,2579,DD29672758,历史的遗憾一,1,83.74,83.74
40821,1,2580,DD29134208,半小时漫画中国史经济篇透过经济看历史一不小心看透历史发展的规律桓公称霸靠贸易战武帝打仗靠抢饭碗混子哥新作混子哥新作,3,79.0,237.0
40821,2,2581,DD27906973,简读中国史,1,81.37,81.37
40821,3,2582,DD12100012667,中国的奋斗汗青堂中国史,2,83.74,167.48
40822,1,2583,DD21039579,中国史纲(全两卷)(中华现代学术名著),1,79.0,79.0
40822,2,2584,DD27882695,中国史纲,2,81.37,162.74
40822,3,2585,DD29526413,吃透中国史唐,3,83.74,251.22
40823,1,2586,DD12100024623,疑案里的中国史,2,79.0,158.0
40823,2,2587,DD27874706,中国史纲(国民阅读经典·平装),3,81.37,244.11
40823,3,2588,DD29224445,二十世纪中国史纲(新版全4册),1,83.74,83.74
40824,1,2589,DD22839883,二十世纪中国史纲(共4册)(有无腰封随机发货),3,79.0,237.0
40824,2,2590,DD23786627,另一半中国史,1,81.37,81.37
40824,3,2591,DD29456962,中国史纲(张荫麟)(中华现代学术名著6),2,83.74,167.48
40825,1,2592,DD29655471,吃透中国史·春秋战国吃透中国史，就看不白吃,1,79.0,79.0
40825,2,2593,DD11448671419,中国史吕思勉中华历史上下五千年故事历史,2,81.37,162.74
40825,3,2594,DD29574229,吃透中国史·宋,3,83.74,251.22
40826,1,2595,DD29868811,半小时漫画中国史从上古到夏商周,2,79.0,158.0
40826,2,2596,DD29868816,半小时漫画中国史明清,3,81.37,244.11
40826,3,2597,DD29848278,细说中国史+历史的遗憾全2册细说中国史历史不忍细看中国历史档案推理中国通史初中高中历史课外,1,83.74,83.74
40827,1,2598,DD12100013537,半小时漫画中国史(全5册),3,79.0,237.0
40827,2,2599,DD11260277337,半小时漫画中国史全5册大全集全套5册012345二混子著陈磊混知半小时漫画中国历史古代史通史历史科普,1,81.37,81.37
40827,3,2600,DD29788488,趣说中国史·六部曲(全6册),2,83.74,167.48
40828,1,2601,DD29595959,吃透中国史.明不白吃漫画大历史系列第3部,1,79.0,79.0
40828,2,2602,DD29569635,中国史通论一代汉学宗师、京都学派创始人,2,81.37,162.74
40828,3,2603,DD11987472701,中国史纲(平装)/国民阅读经典,3,83.74,251.22
40829,1,2604,DD29849776,吃透中国史·三国当当专供诸葛亮立牌+专属印签绘东汉末年分三国，不白吃带你穿越连天烽火,2,79.0,158.0
40829,2,2605,DD25353446,中国史纲(张荫麟)(120年纪念版),3,81.37,244.11
40829,3,2606,DD29709975,吃透中国史·秦汉吃透中国史，就看不白吃,1,83.74,83.74
40830,1,2607,DD29768824,中国史纲,3,79.0,237.0
40830,2,2608,DD29921012,疑案里的中国史3,1,81.37,81.37
40830,3,2609,DD11807545884,中国史纲,2,83.74,167.48
40831,1,2610,DD28487446,半小时漫画中国史番外篇中国传统节日屈原自己都过端午清明原来不用扫墓,1,79.0,79.0
40831,2,2611,DD29919977,趣味中国史:古人潮流生活指南,2,81.37,162.74
40831,3,2612,DD12407924138,中国史纲,3,83.74,251.22
40832,1,2613,DD12465836007,中国史纲张荫麟著,2,79.0,158.0
40832,2,2614,DD11927865022,中国史,3,81.37,244.11
40832,3,2615,DD12398413095,中国史纲,1,83.74,83.74
40833,1,2616,DD12399713155,中国史纲,3,79.0,237.0
40833,2,2617,DD12337615164,中国史吕思勉著,1,81.37,81.37
40833,3,2618,DD12373159075,中国史,2,83.74,167.48
40834,1,2619,DD12336862525,考古文物:湖湘出土玉器研究,1,79.0,79.0
40834,2,2620,DD12462661097,考古文物:湖湘出土玉器研究,2,81.37,162.74
40834,3,2621,DD11995016020,考古文物:湖湘出土玉器研究,3,83.74,251.22
40835,1,2622,DD11993447240,考古文物:湖湘出土玉器研究,2,79.0,158.0
40835,2,2623,DD11139488279,考古文物小品,3,81.37,244.11
40835,3,2624,DD11764584659,考古文物小品,1,83.74,83.74
40836,1,2625,DD11150550257,考古文物小品,3,79.0,237.0
40836,2,2626,DD11184965180,考古文物小品,1,81.37,81.37
40836,3,2627,DD12371954299,考古文物与现代科技现代科技考古研讨会论文汇编中英文本,2,83.74,167.48
40837,1,2628,DD11150550157,考古文物小品,1,79.0,79.0
40837,2,2629,DD11893917060,考古文物:湖湘出土玉器研究,2,81.37,162.74
40837,3,2630,DD11954553227,考古文物小品,3,83.74,251.22
40838,1,2631,DD12419556826,考古文物小品,2,79.0,158.0
40838,2,2632,DD12517434341,考古文物小品,3,81.37,244.11
40838,3,2633,DD12316604999,考古文物:湖湘出土玉器研究,1,83.74,83.74
40839,1,2634,DD12470163101,考古文物:湖湘出土玉器研究,3,79.0,237.0
40839,2,2635,DD11134181672,考古文物小品(精)/杨泓文集,1,81.37,81.37
40839,3,2636,DD11145969790,考古文物小品(精)/杨泓文集,2,83.74,167.48
40840,1,2637,DD12422447228,考古文物小品,1,79.0,79.0
40840,2,2638,DD11136307434,考古文物小品(精)/杨泓文集,2,81.37,162.74
40840,3,2639,DD11197222395,考古文物小品(精)/杨泓文集,3,83.74,251.22
40841,1,2640,DD11136489411,考古文物小品(精)/杨泓文集,2,79.0,158.0
40841,2,2641,DD12352114383,考古文物小品,3,81.37,244.11
40841,3,2642,DD12423491258,考古文物小品,1,83.74,83.74
40842,1,2643,DD12394126418,考古文物小品,3,79.0,237.0
40842,2,2644,DD12474457387,丰宁考古文物与民俗文集,1,81.37,81.37
40842,3,2645,DD12311679443,中国考古文物汉日小辞典,2,83.74,167.48
40843,1,2646,DD12505377257,"中国考古文物通论:隋唐宋元陶瓷通论书封页有破损,品",1,79.0,79.0
40843,2,2647,DD11999586843,中国考古文物通论:古代兵器通论,2,81.37,162.74
40843,3,2648,DD11746757578,中国考古文物汉日小辞典签赠,3,83.74,251.22
40844,1,2649,DD11997070490,中国考古文物通论:古代兵器通论,2,79.0,158.0
40844,2,2650,DD12334679925,中国考古文物通论:古代兵器通论,3,81.37,244.11
40844,3,2651,DD12306866830,中国考古文物通论:古代兵器通论,1,83.74,83.74
40845,1,2652,DD11882620200,中国考古文物通论:古代兵器通论,3,79.0,237.0
40845,2,2653,DD11979476470,中国考古文物通论:古代兵器通论,1,81.37,81.37
40845,3,2654,DD11944911256,中国考古文物通论:古代兵器通论,2,83.74,167.48
40846,1,2655,DD11881888272,中国考古文物通论:古代兵器通论,1,79.0,79.0
40846,2,2656,DD12327376424,中国考古文物通论:古代兵器通论,2,81.37,162.74
40846,3,2657,DD11871842363,中国考古文物通论:古代兵器通论,3,83.74,251.22
40847,1,2658,DD12316278629,中国考古文物之美7:秦皇陵地下军团(陕西临潼兵马俑),2,79.0,158.0
40847,2,2659,DD12487855841,考古文物小品,3,81.37,244.11
40847,3,2660,DD12467500161,考古文物小品,1,83.74,83.74
40848,1,2661,DD11837838848,中国考古文物之美7:秦皇陵地下军团(陕西临潼兵马俑),3,79.0,237.0
40848,2,2662,DD12416126355,中国考古文物之美:图册.8.辉煌不朽汉珍宝-湖南长沙马王堆西汉墓,1,81.37,81.37
40848,3,2663,DD12350463714,中国考古文物之美7:秦皇陵地下军团(陕西临潼兵马俑),2,83.74,167.48
40849,1,2664,DD12364984400,中国考古文物之美9广州南越王墓岭南西汉文物宝库,1,79.0,79.0
40849,2,2665,DD12350464944,中国考古文物之美5:战国地下乐宫(湖北随县曾侯乙墓),2,81.37,162.74
40849,3,2666,DD12358926539,史学理论与史学史学刊,3,83.74,251.22
40850,1,2667,DD12355862883,史学理论与史学史学刊瞿林东编,2,79.0,158.0
40850,2,2668,DD12350043098,史学理论与史学史学刊,3,81.37,244.11
40850,3,2669,DD12358599959,史学理论与史学史学刊,1,83.74,83.74
40851,1,2670,DD12373716715,史学理论与史学史学刊,3,79.0,237.0
40851,2,2671,DD12347631171,史学理论与史学史学刊,1,81.37,81.37
40851,3,2672,DD12347437991,史学理论与史学史学刊,2,83.74,167.48
40852,1,2673,DD12462025457,史学理论研究(25年-2期)世界历史研究所10040013,1,79.0,79.0
40852,2,2674,DD12358556163,史学理论与史学史学刊,2,81.37,162.74
40852,3,2675,DD12350114178,史学理论与史学史学刊,3,83.74,251.22
40853,1,2676,DD11738691390,史学理论与史学史研究,2,79.0,158.0
40853,2,2677,DD11993014843,史学理论与史学史学刊,3,81.37,244.11
40853,3,2678,DD12372725885,史学理论与史学史研究,1,83.74,83.74
40854,1,2679,DD12361248449,史学理论与史学史研究,3,79.0,237.0
40854,2,2680,DD11929208372,史学理论与史学史研究,1,81.37,81.37
40854,3,2681,DD12350354638,史学理论与史学史研究,2,83.74,167.48
40855,1,2682,DD12340017196,史学理论与中学历史教学,1,79.0,79.0
40855,2,2683,DD12487500581,史学理论与史学史研究,2,81.37,162.74
40855,3,2684,DD12412053571,史学理论与中学历史教学,3,83.74,251.22
40856,1,2685,DD12411650401,史学理论:唯物史观的视域和尺度,2,79.0,158.0
40856,2,2686,DD11738739080,史学理论:唯物史观的视域和尺度,3,81.37,244.11
40856,3,2687,DD12307507090,史学理论与史学史学刊,1,83.74,83.74
40857,1,2688,DD12356490093,史学理论与史学史研究,3,79.0,237.0
40857,2,2689,DD12352839024,史学理论:唯物史观的视域和尺度张艳国著,1,81.37,81.37
40857,3,2690,DD11940345263,史学理论与史学史学刊,2,83.74,167.48
40858,1,2691,DD12357678579,史学理论与史学史学刊,1,79.0,79.0
40858,2,2692,DD12303927066,史学理论:唯物史观的视域和尺度,2,81.37,162.74
40858,3,2693,DD12358252553,史学理论与史学史学刊,3,83.74,251.22
40859,1,2694,DD12349580428,史学理论与史学史学刊,2,79.0,158.0
40859,2,2695,DD12350241118,史学理论与史学史学刊,3,81.37,244.11
40859,3,2696,DD12358442983,史学理论与史学史学刊,1,83.74,83.74
40860,1,2697,DD12346932610,史学理论与史学史学刊,3,79.0,237.0
40860,2,2698,DD11995433383,史学理论与史学史研究吴怀祺著,1,81.37,81.37
40860,3,2699,DD11997615030,史学理论与史学史学刊,2,83.74,167.48
40861,1,2700,DD11612537956,史学理论与史学史学刊,1,79.0,79.0
40861,2,2701,DD12339433604,史学理论与史学史学刊,2,81.37,162.74
40861,3,2702,DD12457617527,史学理论研讨讲义,3,83.74,251.22
40862,1,2703,DD12387498426,史学理论研讨讲义,2,79.0,158.0
40862,2,2704,DD12301204040,史学理论与史学史学刊,3,81.37,244.11
40862,3,2705,DD12340059395,史学理论与史学史学刊,1,83.74,83.74
40863,1,2706,DD12468095467,史学理论研讨讲义,3,79.0,237.0
40863,2,2707,DD12403315881,史学理论研讨讲义,1,81.37,81.37
40863,3,2708,DD12346786700,史学理论与史学史学刊,2,83.74,167.48
40864,1,2709,DD12301451300,史学理论与史学史学刊,1,79.0,79.0
40864,2,2710,DD12411489621,史学理论手册,2,81.37,162.74
40864,3,2711,DD11972068636,史学理论手册,3,83.74,251.22
40865,1,2712,DD12447941411,史学理论与史学史学刊,2,79.0,158.0
40865,2,2713,DD29544779,中国哲学简史:中国人学习中国哲学的入门书精装典藏版，中国文化经典通俗,3,81.37,244.11
40865,3,2714,DD12100018086,中国哲学简史中国哲学史,1,83.74,83.74
40866,1,2715,DD12100012804,中国哲学简史西方现代思想十三讲文学与现代都市中西印哲学导论人类进化中的宗教,3,79.0,237.0
40866,2,2716,DD29793580,中国哲学简史(专享版):中国人学习中国哲学的入门书精装典藏版，中国文化经典通俗,1,81.37,81.37
40866,3,2717,DD25111639,中国哲学简史,2,83.74,167.48
40867,1,2718,DD29141235,中国哲学史精装版,1,79.0,79.0
40867,2,2719,DD23735037,中国哲学简史(英汉双语对照)英汉对照，了解中国思想文化的,2,81.37,162.74
40867,3,2720,DD11805791335,假一罚十中国哲学简史,3,83.74,251.22
40868,1,2721,DD29123384,中国哲学简史(长江人文馆)冯友兰学术经典彩色插图版，赵复三全译修订,2,79.0,158.0
40868,2,2722,DD29581773,中国哲学简史(彩图精装本),3,81.37,244.11
40868,3,2723,DD29671087,新编中国哲学史(增订本全三卷)冯友兰《中国哲学史》后的,1,83.74,83.74
40869,1,2724,DD29218769,半小时漫画中国哲学史(全2册),3,79.0,237.0
40869,2,2725,DD27886728,中国哲学简史,1,81.37,81.37
40869,3,2726,DD11790205174,精装典藏版中国哲学简史冯友兰精装典藏版了解中国哲学与中国文化中国哲学入门,2,83.74,167.48
40870,1,2727,DD29219489,半小时漫画中国哲学史2,1,79.0,79.0
40870,2,2728,DD29730725,中国哲学史,2,81.37,162.74
40870,3,2729,DD28499295,中国哲学史新编(手绘插图版),3,83.74,251.22
40871,1,2730,DD29774442,中国哲学史新编(上卷)冯友兰先生关于中国哲学史研究的集大成之作,2,79.0,158.0
40871,2,2731,DD12413032331,中国哲学史,3,81.37,244.11
40871,3,2732,DD11870343400,中国哲学史(上下册),1,83.74,83.74
40872,1,2733,DD12311964544,中国哲学史,3,79.0,237.0
40872,2,2734,DD11742300339,中国哲学史冯友兰全套两册精装插图修订大字版具有现代意义的中国哲学史,1,81.37,81.37
40872,3,2735,DD12342179510,中国哲学小史冯友兰著,2,83.74,167.48
40873,1,2736,DD11943572613,中国哲学简史/胡适写给大众的中国哲学入门,1,79.0,79.0
40873,2,2737,DD12487449461,中国哲学简史/胡适写给大众的中国哲学入门,2,81.37,162.74
40873,3,2738,DD12402055021,中国哲学简史,3,83.74,251.22
40874,1,2739,DD12304196024,中国哲学简史,2,79.0,158.0
40874,2,2740,DD12304203504,中国哲学简史,3,81.37,244.11
40874,3,2741,DD11926475302,中国哲学简史,1,83.74,83.74
40875,1,2742,DD12344418161,中国哲学简史,3,79.0,237.0
40875,2,2743,DD12358419713,中国哲学简史,1,81.37,81.37
40875,3,2744,DD12401846415,中国哲学简史,2,83.74,167.48
40876,1,2745,DD11957776172,中国哲学简史,1,79.0,79.0
40876,2,2746,DD12361047659,中国哲学小史,2,81.37,162.74
40876,3,2747,DD12391964091,中国哲学简史,3,83.74,251.22
40877,1,2748,DD12412789001,中国哲学简史,2,79.0,158.0
40877,2,2749,DD11992210546,中国哲学简史,3,81.37,244.11
40877,3,2750,DD12317953384,中国哲学简史冯友兰著,1,83.74,83.74
40878,1,2751,DD11957544572,中国哲学简史,3,79.0,237.0
40878,2,2752,DD12338775284,中国哲学史大纲,1,81.37,81.37
40878,3,2753,DD12338498064,中国哲学简史/胡适写给大众的中国哲学入门,2,83.74,167.48
40879,1,2754,DD12360858719,中国哲学简史,1,79.0,79.0
40879,2,2755,DD12441236291,中国哲学史大纲,2,81.37,162.74
40879,3,2756,DD12458332561,中国哲学简史冯友兰著,3,83.74,251.22
40880,1,2757,DD1128661072,中国哲学史大纲哲学理论,2,79.0,158.0
40880,2,2758,DD11959055474,中国哲学简史,3,81.37,244.11
40880,3,2759,DD12413031301,中国哲学简史,1,83.74,83.74
40881,1,2760,DD29466186,西方哲学史:遇事不决问哲学，此译本让你像读故事书一样爱上哲学,3,79.0,237.0
40881,2,2761,DD29347278,西方哲学史讲演录武汉大学教授赵林力作,1,81.37,81.37
40881,3,2762,DD20971265,罗素西方哲学简史诺贝尔文学奖获得者伯特兰·罗素写给普罗大众的哲学入门,2,83.74,167.48
40882,1,2763,DD29409262,西方哲学史,1,79.0,79.0
40882,2,2764,DD29556832,西方哲学史:从古希腊到当下(修订版),2,81.37,162.74
40882,3,2765,DD29644047,西方哲学史讲义,3,83.74,251.22
40883,1,2766,DD27909050,西方哲学史(第9版)备受好评的西哲史教材全新再版从古典文籍到当代前沿一应俱全,2,79.0,158.0
40883,2,2767,DD29297408,牛津西方哲学史(精装全4册),3,81.37,244.11
40883,3,2768,DD29549145,西方哲学史(增补修订版)(精装本)(梯利),1,83.74,83.74
40884,1,2769,DD29354239,西方哲学史(增补修订版),3,79.0,237.0
40884,2,2770,DD25189869,西方哲学十五讲,1,81.37,81.37
40884,3,2771,DD29465875,西方哲学史罗素版下册博大精深又通俗易懂的版本,2,83.74,167.48
40885,1,2772,DD29465877,西方哲学史罗素版上册博大精深又通俗易懂的版本,1,79.0,79.0
40885,2,2773,DD29354238,西方哲学原著选读(下卷)伟大思想的发生现场,2,81.37,162.74
40885,3,2774,DD29644068,西方哲学史-现代欧洲大陆哲学(上下)经过近20年时间考验的经典之作，中华优秀出版物奖获奖作品,3,83.74,251.22
40886,1,2775,DD12403691091,西方哲学史:编译彩图本英,2,79.0,158.0
40886,2,2776,DD12303947144,西方哲学史英罗素(RussellB.)著；杨玉成、崔人元编；张作成译,3,81.37,244.11
40886,3,2777,DD11954991774,西方哲学史,1,83.74,83.74
40887,1,2778,DD11722768146,西方哲学史+中国哲学史(精装版)(套装共2册),3,79.0,237.0
40887,2,2779,DD11959234634,西方哲学史英罗素(RussellB.)著,1,81.37,81.37
40887,3,2780,DD12441539181,西方哲学史:编译彩图本英,2,83.74,167.48
40888,1,2781,DD11737679060,西方经典悦读系列·大师经典·通俗阅读:西方哲学史罗素(RussellB.)著,1,79.0,79.0
40888,2,2782,DD11959082164,西方哲学史:编译彩图本英,2,81.37,162.74
40888,3,2783,DD12374205035,西方哲学史:编译彩图本英,3,83.74,251.22
40889,1,2784,DD12392468251,西方哲学史英罗素(RussellB.)著,2,79.0,158.0
40889,2,2785,DD12442303731,西方哲学史英罗素(RussellB.)著,3,81.37,244.11
40889,3,2786,DD12337089614,西方哲学史英罗素(RussellB.)著,1,83.74,83.74
40890,1,2787,DD12339071426,西方哲学史英罗素(RussellB.)著；程舒伟、吴秦风译,3,79.0,237.0
40890,2,2788,DD12339755716,西方哲学史英罗素(RussellB.)著；杨玉成、崔人元编；张作成译,1,81.37,81.37
40890,3,2789,DD11929009702,西方哲学史英罗素(RussellB.)著,2,83.74,167.48
40891,1,2790,DD12487842681,西方哲学史,1,79.0,79.0
40891,2,2791,DD11926502202,西方哲学史,2,81.37,162.74
40891,3,2792,DD12360124999,西方哲学史,3,83.74,251.22
40892,1,2793,DD11738929140,时代阅读经典文库·西方哲学简史(英),2,79.0,158.0
40892,2,2794,DD12352433319,西方哲学史:编译彩图本英,3,81.37,244.11
40892,3,2795,DD12354226309,西方哲学史,1,83.74,83.74
40893,1,2796,DD12304165844,西方哲学史英罗素(RussellB.)著；程舒伟、吴秦风译,3,79.0,237.0
40893,2,2797,DD12398850305,西方哲学史,1,81.37,81.37
40893,3,2798,DD11740194300,西方哲学史,2,83.74,167.48
40894,1,2799,DD12399137165,西方哲学史:编译彩图本英,1,79.0,79.0
40894,2,2800,DD12401346195,西方哲学史英罗素(RussellB.)著；程舒伟、吴秦风译,2,81.37,162.74
40894,3,2801,DD11739920550,西方哲学史新编,3,83.74,251.22
40895,1,2802,DD11959195382,西方哲学史英罗素(RussellB.)著；杨玉成、崔人元编；张作成译,2,79.0,158.0
40895,2,2803,DD11706869461,西方哲学史新编,3,81.37,244.11
40895,3,2804,DD11520161077,西方哲学简史(英),1,83.74,83.74
40896,1,2805,DD11610944406,罗素西方哲学简史(英),3,79.0,237.0
40896,2,2806,DD12313090574,西方哲学史英罗素(RussellB.)著,1,81.37,81.37
40896,3,2807,DD11260476204,政治哲学总论,2,83.74,167.48
40897,1,2808,DD1815828055,政治哲学总论,1,79.0,79.0
40897,2,2809,DD12466491417,政治哲学总论,2,81.37,162.74
40897,3,2810,DD12349624938,政治哲学总论,3,83.74,251.22
40898,1,2811,DD12356453483,政治哲学总论,2,79.0,158.0
40898,2,2812,DD12348657970,政治哲学总论,3,81.37,244.11
40898,3,2813,DD11614029383,政治哲学总论,1,83.74,83.74
40899,1,2814,DD12310899210,政治哲学总论,3,79.0,237.0
40899,2,2815,DD12349290086,政治哲学总论,1,81.37,81.37
40899,3,2816,DD11995106673,政治哲学总论,2,83.74,167.48
40900,1,2817,DD12313819862,中国哲学总论编,1,79.0,79.0
40900,2,2818,DD12313656903,中国哲学总论编,2,81.37,162.74
40900,3,2819,DD12315632632,中国哲学总论编,3,83.74,251.22
40901,1,2820,DD12437332817,中国哲学总论编F,2,79.0,158.0
40901,2,2821,DD12363005099,中国哲学总论编,3,81.37,244.11
40901,3,2822,DD12342380304,中国哲学总论编,1,83.74,83.74
40902,1,2823,DD12437841297,中国哲学总论编,3,79.0,237.0
40902,2,2824,DD12483707201,中国哲学总论编,1,81.37,81.37
40902,3,2825,DD12321777847,中国哲学总论编F,2,83.74,167.48
40903,1,2826,DD11912079832,中国哲学总论编F,1,79.0,79.0
40903,2,2827,DD11964886476,中国哲学总论编,2,81.37,162.74
40903,3,2828,DD12489057307,中国哲学总论编,3,83.74,251.22
40904,1,2829,DD12340052643,中国哲学总论编,2,79.0,158.0
40904,2,2830,DD12338409312,中国哲学总论编,3,81.37,244.11
40904,3,2831,DD11318729762,周易本義哲学总论,1,83.74,83.74
40905,1,2832,DD12363307136,周易本義哲学总论,3,79.0,237.0
40905,2,2833,DD12359199840,周易金永哲学总论,1,81.37,81.37
40905,3,2834,DD12477019527,周易金永哲学总论,2,83.74,167.48
40906,1,2835,DD12340775653,周易金永哲学总论,1,79.0,79.0
40906,2,2836,DD12340775663,周易金永哲学总论,2,81.37,162.74
40906,3,2837,DD11746528224,湖上闲思录(精装)哲学总论,3,83.74,251.22
40907,1,2838,DD12340031493,中国哲学简史哲学总论,2,79.0,158.0
40907,2,2839,DD12340134453,中国哲学简史哲学总论,3,81.37,244.11
40907,3,2840,DD11318729342,湖上闲思录(精装)哲学总论,1,83.74,83.74
40908,1,2841,DD12363301966,中国哲学简史哲学总论,3,79.0,237.0
40908,2,2842,DD12352892737,逻辑哲学论哲学总论,1,81.37,81.37
40908,3,2843,DD11966594654,逻辑哲学论哲学总论,2,83.74,167.48
40909,1,2844,DD11318727052,存在与时间(修订译本)哲学总论,1,79.0,79.0
40909,2,2845,DD12336658993,孟子蒙培元哲学总论北京大学出版社有限公司,2,81.37,162.74
40909,3,2846,DD12408815718,老子指真,3,83.74,251.22
40910,1,2847,DD11961688563,逻辑哲学论哲学总论,2,79.0,158.0
40910,2,2848,DD12356547271,逻辑哲学论哲学总论,3,81.37,244.11
40910,3,2849,DD12359261380,死亡意志上海哲学总论上海凤凰旗舰店,1,83.74,83.74
40911,1,2850,DD12359275100,死亡意志上海哲学总论上海凤凰旗舰店,3,79.0,237.0
40911,2,2851,DD12359274880,元伦理学上海哲学总论上海凤凰旗舰店,1,81.37,81.37
40911,3,2852,DD12359261150,元伦理学上海哲学总论上海凤凰旗舰店,2,83.74,167.48
40912,1,2853,DD11984598653,逻辑哲学论哲学总论,1,79.0,79.0
40912,2,2854,DD12486467691,马列著作选编内容提要和注释,2,81.37,162.74
40912,3,2855,DD12359239239,马列著作选读.哲学,3,83.74,251.22
40913,1,2856,DD12361041779,马列著作选编,2,79.0,158.0
40913,2,2857,DD12304421444,马列著作选编,3,81.37,244.11
40913,3,2858,DD12374269975,马列著作选读.哲学,1,83.74,83.74
40914,1,2859,DD11973549116,马列著作选编,3,79.0,237.0
40914,2,2860,DD12458399361,马列著作选读.哲学《马列著作选读·哲学》编辑组编,1,81.37,81.37
40914,3,2861,DD11958786672,马列著作选编,2,83.74,167.48
40915,1,2862,DD11929174082,马列著作选编,1,79.0,79.0
40915,2,2863,DD12392664091,马列著作选编,2,81.37,162.74
40915,3,2864,DD12336800514,马列著作选读.哲学,3,83.74,251.22
40916,1,2865,DD12328876454,马列著作选编内容提要和注释中共中央党校教务部编,2,79.0,158.0
40916,2,2866,DD12351163441,马列著作选编内容提要和注释,3,81.37,244.11
40916,3,2867,DD11867209423,马列著作选编,1,83.74,83.74
40917,1,2868,DD12393577641,马列著作选编内容提要和注释中共中央党校教务部编,3,79.0,237.0
40917,2,2869,DD12318242034,马列著作选编,1,81.37,81.37
40917,3,2870,DD12408713916,马列著作选编内容提要和注释,2,83.74,167.48
40918,1,2871,DD12406217146,马列著作选编,1,79.0,79.0
40918,2,2872,DD12454653747,马列著作选编,2,81.37,162.74
40918,3,2873,DD11563421020,马列著作选编,3,83.74,251.22
40919,1,2874,DD11704083736,马列著作选编,2,79.0,158.0
40919,2,2875,DD12408480226,马列著作选编中共中央党校教务部编,3,81.37,244.11
40919,3,2876,DD11990593460,马列著作选编,1,83.74,83.74
40920,1,2877,DD11989785410,马列著作选编,3,79.0,237.0
40920,2,2878,DD11703617336,马列著作选编,1,81.37,81.37
40920,3,2879,DD12311018540,马列著作选编,2,83.74,167.48
40921,1,2880,DD11653199163,马列著作选编,1,79.0,79.0
40921,2,2881,DD12311019840,马列著作选编导读,2,81.37,162.74
40921,3,2882,DD12303818395,马列著作选编,3,83.74,251.22
40922,1,2883,DD12303072805,马列著作选编,2,79.0,158.0
40922,2,2884,DD11962072590,马列著作选编导读,3,81.37,244.11
40922,3,2885,DD12406221286,马列著作选编导读,1,83.74,83.74
40923,1,2886,DD12454835547,马列著作选编导读,3,79.0,237.0
40923,2,2887,DD12352273299,马列著作选读.哲学,1,81.37,81.37
40923,3,2888,DD12342226580,马列著作选读.哲学《马列著作选读·哲学》编辑组编,2,83.74,167.48
40924,1,2889,DD12303279725,马列著作选编导读,1,79.0,79.0
40924,2,2890,DD11703711626,马列著作选编导读,2,81.37,162.74
40924,3,2891,DD11933760209,马列著作选编,3,83.74,251.22
40925,1,2892,DD11187854575,马列著作选编内容提要和注释/中共,2,79.0,158.0
40925,2,2893,DD11018233034,马列著作选编内容提要和注释/中共,3,81.37,244.11
40925,3,2894,DD1347193267,马列著作选编内容提要和注释/中共,1,83.74,83.74
40926,1,2895,DD1349772505,马列著作选编内容提要和注释/中共,3,79.0,237.0
40926,2,2896,DD1054711724,马列著作选编内容提要和注释/中共,1,81.37,81.37
40926,3,2897,DD1032891879,马列著作选编内容提要和注释/中共,2,83.74,167.48
40927,1,2898,DD11619272583,马列著作选编,1,79.0,79.0
40927,2,2899,DD12402636751,马列著作选编,2,81.37,162.74
40927,3,2900,DD12350919541,马列著作选编,3,83.74,251.22
40928,1,2901,DD29860418,逻辑学入门逻辑是解开一切之匙,2,79.0,158.0
40928,2,2902,DD12100019980,逻辑学导论论黑格尔的《逻辑学》黑格尔《逻辑学》开篇:从存在到无限性,3,81.37,244.11
40928,3,2903,DD29571439,简单的逻辑学,1,83.74,83.74
40929,1,2904,DD29493236,逻辑学导论(第15版),3,79.0,237.0
40929,2,2905,DD29125207,逻辑学入门:清晰思考、理性生活的88个逻辑学常识生活中的任何问题都可以用逻辑思维加以思考和解决,1,81.37,81.37
40929,3,2906,DD12419937406,逻辑学入门简单的逻辑学逻辑学导论语言逻辑学基础教程黑格尔生活中的任何问题都可以用逻辑思维加以思考和解决,2,83.74,167.48
40930,1,2907,DD12367140450,逻辑学入门简单的逻辑学逻辑学导论语言逻辑学基础教程黑格尔生活中的任何问题都可以用逻辑思维加以思考和解决,1,79.0,79.0
40930,2,2908,DD12420564228,逻辑学入门简单的逻辑学逻辑学导论语言逻辑学基础教程黑格尔生活中的任何问题都可以用逻辑思维加以思考和解决,2,81.37,162.74
40930,3,2909,DD12522288261,逻辑学入门简单的逻辑学逻辑学导论语言逻辑学基础教程黑格尔生活中的任何问题都可以用逻辑思维加以思考和解决,3,83.74,251.22
40931,1,2910,DD11774623975,逻辑学入门简单的逻辑学逻辑学导论语言逻辑学基础教程黑格尔生活中的任何问题都可以用逻辑思维加以思考和解决,2,79.0,158.0
40931,2,2911,DD29869734,逻辑学通识讲义掌握正确思考的规则,3,81.37,244.11
40931,3,2912,DD29172507,1分钟漫画逻辑学400余幅漫画直击逻辑学应用的魅力，人人都能读懂的逻辑学入门书,1,83.74,83.74
40932,1,2913,DD29618470,逻辑学入门,3,79.0,237.0
40932,2,2914,DD29669676,逻辑学十五讲第二版,1,81.37,81.37
40932,3,2915,DD29244804,逻辑学讲义(汉译名著本12)中译本的问世对于研究康德逻辑学辩证法思想，一定会有不小的帮助,2,83.74,167.48
40933,1,2916,DD29304131,逻辑学(上卷)(汉译名著本),1,79.0,79.0
40933,2,2917,DD29284233,普通逻辑学教程(第七版),2,81.37,162.74
40933,3,2918,DD29751595,逻辑学入门:从逻辑思考到解决问题的方法和技巧清晰思考的逻辑学入门,3,83.74,251.22
40934,1,2919,DD29676433,逻辑学(下卷)(汉译名著本),2,79.0,158.0
40934,2,2920,DD29131695,逻辑学基础与思维训练一本彻底改变你的思维世界的宝典，五星级逻辑学科普入门书教你轻松沟通,3,81.37,244.11
40934,3,2921,DD23785175,逻辑学是什么人文社会科学是什么系列发数理之思，解抽象之谜，认知思维、求索真理,1,83.74,83.74
40935,1,2922,DD27862769,三个逻辑学家去酒吧上瘾,3,79.0,237.0
40935,2,2923,DD29454119,逻辑学通识课帮助读者全面系统掌握逻辑学知识有效提升逻辑思维能力一,1,81.37,81.37
40935,3,2924,DD29932471,漫画逻辑学生活中的很多问题都可以用逻辑思维加以思考和解决,2,83.74,167.48
40936,1,2925,DD29202860,简明逻辑学,1,79.0,79.0
40936,2,2926,DD29518309,逻辑学的语言:看穿本质、明辨是非的逻辑思维指南一本与众不同的逻辑思维入门书,2,81.37,162.74
40936,3,2927,DD25139433,逻辑学入门很简单逻辑思维是人人都需要的能力，在日常生活中熟练应用逻辑学处理难题,3,83.74,251.22
40937,1,2928,DD11750614825,逻辑学入门沈奕著简单的逻辑学逻辑学导论语言逻辑学基础教程黑格尔生活中的任何问题都可以用逻辑思维加以思考,2,79.0,158.0
40937,2,2929,DD12320223750,逻辑学入门简单的逻辑学逻辑学导论语言逻辑学基础教程黑格尔生活中的任何问题都可以用逻辑思维加以思考和解决全店支持开发票,3,81.37,244.11
40937,3,2930,DD11724391608,逻辑学入门简单的逻辑学逻辑学导论语言逻辑学基础教程黑格尔生活中的任何问题都可以用逻辑思维加以思考和解决,1,83.74,83.74
40938,1,2931,DD11731436557,逻辑学入门简单的逻辑学逻辑学导论语言逻辑学基础教程黑格尔生活中的任何问题都可以用逻辑思维加以思考和解决确保,3,79.0,237.0
40938,2,2932,DD11726506748,逻辑学入门简单的逻辑学逻辑学导论语言逻辑学基础教程黑格尔生活中的任何问题都可以用逻辑思维加以思考和解决,1,81.37,81.37
40938,3,2933,DD11733672124,逻辑学入门简单的逻辑学逻辑学导论语言逻辑学基础教程黑格尔生活中的任何问题都可以用逻辑思维加以思考和解决优质图书,2,83.74,167.48
40939,1,2934,DD12363231457,逻辑学入门:从逻辑思考到解决问题的方法和技巧清晰思考的逻辑学入门,1,79.0,79.0
40939,2,2935,DD12322920130,逻辑学教程,2,81.37,162.74
40939,3,2936,DD12402536501,逻辑学,3,83.74,251.22
40940,1,2937,DD12404040451,逻辑学是什么,2,79.0,158.0
40940,2,2938,DD12361031589,逻辑学是什么,3,81.37,244.11
40940,3,2939,DD12313379734,逻辑学是什么,1,83.74,83.74
40941,1,2940,DD12338563456,逻辑学是什么,3,79.0,237.0
40941,2,2941,DD12457560551,逻辑学清晰思考的逻辑学入门理性生活的逻辑学常识7大主题搭建思维框架提升逻辑思维能力从逻辑学发展史逻辑学,1,81.37,81.37
40941,3,2942,DD12359873459,逻辑学原来如此有趣,2,83.74,167.48
40942,1,2943,DD12413883021,逻辑学是什么,1,79.0,79.0
40942,2,2944,DD12458355781,逻辑学原来如此有趣丁毓峰著,2,81.37,162.74
40942,3,2945,DD12331164863,逻辑学入门简单幽默有用有料有趣的逻辑学常识从起做一个理性的人一本彻底改变思维方式的逻辑学入门书,3,83.74,251.22
40943,1,2946,DD12374256075,逻辑学原来如此有趣,2,79.0,158.0
40943,2,2947,DD12456957197,逻辑学入门简单幽默有用有料有趣的逻辑学常识从起做一个理性的人一本彻底改变思维方式的逻辑学入门书,3,81.37,244.11
40943,3,2948,DD29236328,宗教的本质(汉译名著本11)费尔巴哈的一本重要,1,83.74,83.74
40944,1,2949,DD12100024248,新版宗教史丛书,3,79.0,237.0
40944,2,2950,DD12100012589,哲学/宗教,1,81.37,81.37
40944,3,2951,DD26514365,世界宗教(第11版)全面介绍世界各主要宗教，打开理解世界的另一个面向,2,83.74,167.48
40945,1,2952,DD29373342,宗教生活的基本形式(汉译名著本11),1,79.0,79.0
40945,2,2953,DD23304084,人的宗教(世界七大宗教的历史与智慧)珍藏版,2,81.37,162.74
40945,3,2954,DD29667115,宗教与资本主义的兴起揭示我们逐步进入现代经济时代的过程,3,83.74,251.22
40946,1,2955,DD29147171,宗教与科学(汉译名著本11),2,79.0,158.0
40946,2,2956,DD29414535,宗教的自然史(汉译名著本15)近代英国著名哲学家休谟的,3,81.37,244.11
40946,3,2957,DD29345314,宗教经验之种种(汉译名著本)这是,1,83.74,83.74
40947,1,2958,DD29181492,中国的宗教儒教与道教韦伯作品当当自营专注中国文明与西方大相径庭的坚实活力,3,79.0,237.0
40947,2,2959,DD24011897,宗教学是什么(第二版)人文社会科学是什么系列,1,81.37,81.37
40947,3,2960,DD29733131,宗教学基础十五讲,2,83.74,167.48
40948,1,2961,DD26909785,宗教(当代法国思想文化译丛),1,79.0,79.0
40948,2,2962,DD29201382,宗教社会学宗教与世界韦伯作品当当自营韦伯宗教社会学研究多年的精华浓缩和心血结晶,2,81.37,162.74
40948,3,2963,DD28977701,宗教学基础十五讲,3,83.74,251.22
40949,1,2964,DD29313085,论宗教宽容(汉译名著本)英国哲学家约翰·洛克创作的自然神论著作,2,79.0,158.0
40949,2,2965,DD29476928,宗教学(修订本),3,81.37,244.11
40949,3,2966,DD29820915,宗教改革史(下卷)(120年珍藏本),1,83.74,83.74
40950,1,2967,DD29710942,原始宗教理论(汉译名著本21),3,79.0,237.0
40950,2,2968,DD23587978,中国宗教通史(修订版上下),1,81.37,81.37
40950,3,2969,DD11594340113,宗教事务条例宗教活动场所管理办法,2,83.74,167.48
40951,1,2970,DD11558856188,宗教事务条例宗教活动场所管理办法,1,79.0,79.0
40951,2,2971,DD29309290,宗教情感,2,81.37,162.74
40951,3,2972,DD1187861585,宗教与科学,3,83.74,251.22
40952,1,2973,DD12466470377,宗教理论与宗教政策,2,79.0,158.0
40952,2,2974,DD11940125163,宗教与民族(第二辑),3,81.37,244.11
40952,3,2975,DD12422792327,宗教的故事,1,83.74,83.74
40953,1,2976,DD12385641239,宗教论:第一卷,3,79.0,237.0
40953,2,2977,DD12330129342,宗教论:第二卷:事神论,1,81.37,81.37
40953,3,2978,DD11959844114,宗教的历史英,2,83.74,167.48
40954,1,2979,DD12332736077,宗教论:第二卷:事神论,1,79.0,79.0
40954,2,2980,DD12402447275,宗教政策法规文件选编,2,81.37,162.74
40954,3,2981,DD11926638172,宗教的故事安修?L,3,83.74,251.22
40955,1,2982,DD12399088085,宗教比较与对话.第一辑,2,79.0,158.0
40955,2,2983,DD12393197089,宗教论:第二卷:事神论,3,81.37,244.11
40955,3,2984,DD12441195061,宗教政策法规文件选编,1,83.74,83.74
40956,1,2985,DD12352219369,宗教政策法规文件选编,3,79.0,237.0
40956,2,2986,DD12321525364,宗教与社会主义和谐社会建设:以北京地区为例,1,81.37,81.37
40956,3,2987,DD12356015313,宗教与社会主义和谐社会建设:以北京地区为例佟洵著,2,83.74,167.48
40957,1,2988,DD12360950039,宗教与印度社会,1,79.0,79.0
40957,2,2989,DD11493074140,宗教改革的杰出领袖·马丁·路德,2,81.37,162.74
40957,3,2990,DD12318212014,宗教的历史英,3,83.74,251.22
40958,1,2991,DD11960562014,宗教对话与和谐社会,2,79.0,158.0
40958,2,2992,DD12383029229,宗教政策法规文件选编,3,81.37,244.11
40958,3,2993,DD12392753021,宗教与印度社会,1,83.74,83.74
40959,1,2994,DD12356645114,宗教与人生,3,79.0,237.0
40959,2,2995,DD29274238,这就是伦理学—懂得尺度，才能理清利害关系简单到不可思议,1,81.37,81.37
40959,3,2996,DD29302859,伦理学(斯宾诺莎)(汉译名著本)斯宾诺莎的主要著作之一,2,83.74,167.48
40960,1,2997,DD29627931,尼各马可伦理学(汉译名著本),1,79.0,79.0
40960,2,2998,DD29338818,伦理学斯宾诺莎是西方近代哲学史上重要的理性主义者,2,81.37,162.74
40960,3,2999,DD29302858,伦理学的两个基本问题(汉译名著本)德国哲学家叔本华主要著作之一,3,83.74,251.22
40961,1,3000,DD29332202,伦理学与经济学(汉译名著本17)诺贝尔经济学奖获得者阿马蒂亚·森教授的代表作之一,2,79.0,158.0
40961,2,3001,DD21074412,关于伦理学的100个故事,3,81.37,244.11
40961,3,3002,DD29471228,伦理学的两个基本问题叔本华把对他人不幸的同情即恻隐之心作为道德的基础,1,83.74,83.74
40962,1,3003,DD29891684,西方伦理学简史本原·希腊思想丛书西方伦理思想史领域单卷本著作系统梳理自苏格拉底至今2500年西方伦理学发展史,3,79.0,237.0
40962,2,3004,DD29921121,伦理学与生活(第11版)伦理学领域的创造性杰作，广受欢迎的伦理学权威教材,1,81.37,81.37
40962,3,3005,DD23785213,伦理学是什么人文社会科学是什么系列在生长“善”与“恶”的人心、社会与世界，描述心灵足迹，为“德”立书,2,83.74,167.48
40963,1,3006,DD23662687,伦理学的当代建构,1,79.0,79.0
40963,2,3007,DD29322749,伦理学新说著名哲学家李泽厚关于伦理学的合集,2,81.37,162.74
40963,3,3008,DD29934067,伦理学(中外哲学典籍大全版)斯宾诺莎的代表作,3,83.74,251.22
40964,1,3009,DD12412887691,伦理学基础,2,79.0,158.0
40964,2,3010,DD29824391,伦理学体系(120年珍藏本),3,81.37,244.11
40964,3,3011,DD29790862,尼各马可伦理学李涛博士8年精心译注:能否使欧美的专门学者以不通中文为恨？薛华、尤西林、陈嘉映、李秋零、赵汀阳等联合推荐,1,83.74,83.74
40965,1,3012,DD29329020,伦理学原理(汉译名著本17)元伦理学开创性的著作,3,79.0,237.0
40965,2,3013,DD12342422990,伦理学讲座,1,81.37,81.37
40965,3,3014,DD12487090661,伦理学反教材:热羊角面包的香味对人性的影响,2,83.74,167.48
40966,1,3015,DD11939920113,伦理学研究书系·经济伦理:现代社会的消费伦理,1,79.0,79.0
40966,2,3016,DD11943385143,伦理学教程,2,81.37,162.74
40966,3,3017,DD12383106249,伦理学是什么,3,83.74,251.22
40967,1,3018,DD12343143113,伦理学与经济学,2,79.0,158.0
40967,2,3019,DD12304378214,伦理学是什么,3,81.37,244.11
40967,3,3020,DD11957820192,伦理学是什么,1,83.74,83.74
40968,1,3021,DD12344494031,伦理学是什么,3,79.0,237.0
40968,2,3022,DD12344533811,伦理学教程,1,81.37,81.37
40968,3,3023,DD12338246176,伦理学是什么,2,83.74,167.48
40969,1,3024,DD11992542166,伦理学教程,1,79.0,79.0
40969,2,3025,DD11959213162,伦理学教程,2,81.37,162.74
40969,3,3026,DD11873773665,伦理学问题,3,83.74,251.22
40970,1,3027,DD11955602364,伦理学问题,2,79.0,158.0
40970,2,3028,DD12357648579,伦理学问题,3,81.37,244.11
40970,3,3029,DD11738558060,伦理学问题,1,83.74,83.74
40971,1,3030,DD12361238789,伦理学导论,3,79.0,237.0
40971,2,3031,DD12353506789,伦理学问题,1,81.37,81.37
40971,3,3032,DD11929172792,伦理学问题,2,83.74,167.48
40972,1,3033,DD11959138492,伦理学与经济学印度,1,79.0,79.0
40972,2,3034,DD12486445921,伦理学问题,2,81.37,162.74
40972,3,3035,DD12447796691,伦理学讲座,3,83.74,251.22
40973,1,3036,DD12338969466,伦理学引论,2,79.0,158.0
40973,2,3037,DD12373036698,伦理学问题,3,81.37,244.11
40973,3,3038,DD12356276113,伦理学问题,1,83.74,83.74
40974,1,3039,DD11939238272,伦理学问题,3,79.0,237.0
40974,2,3040,DD12344472291,伦理学与经济学印度,1,81.37,81.37
40974,3,3041,DD12465789077,伦理学导论倪愫襄编,2,83.74,167.48
40975,1,3042,DD28517609,哲学美学导论(西方思想文化译丛),1,79.0,79.0
40975,2,3043,DD1628206122,美学散步,2,81.37,162.74
40975,3,3044,DD12313678604,美学其实很好玩,3,83.74,251.22
40976,1,3045,DD28539075,美学散步,2,79.0,158.0
40976,2,3046,DD11794927645,美学散步宗白华著探索中国美学史的特点和方法美学爱好者读哲学,3,81.37,244.11
40976,3,3047,DD12361104629,美学其实很好玩,1,83.74,83.74
40977,1,3048,DD12367218811,美学其实很好玩,3,79.0,237.0
40977,2,3049,DD1888167332,美学其实很好玩,1,81.37,81.37
40977,3,3050,DD29468748,美学四书美学通识课四位美学大师经典全,2,83.74,167.48
40978,1,3051,DD29944540,美学四讲大陆地区独家授权,1,79.0,79.0
40978,2,3052,DD29419944,美学三境:美是自带芳香的自信,2,81.37,162.74
40978,3,3053,DD29836535,中国美学十五讲(第二版)朱良志教授经典美学著作，抉发中国美学的生命精神,3,83.74,251.22
40979,1,3054,DD28974181,美学散步(彩图本),2,79.0,158.0
40979,2,3055,DD29149012,美学(三卷本，汉译名著权威全译，精装典藏版),3,81.37,244.11
40979,3,3056,DD23177904,美学(三)(下),1,83.74,83.74
40980,1,3057,DD29582094,谈美朱光潜美学书简《谈美》是朱光潜先生写的一本美学入门书,3,79.0,237.0
40980,2,3058,DD23177903,美学(三)(上),1,81.37,81.37
40980,3,3059,DD27908117,美学中的不满(当代激进思想家译丛),2,83.74,167.48
40981,1,3060,DD28556314,美学理论(修订译本),1,79.0,79.0
40981,2,3061,DD29760591,美学论集美学不是高深的哲学，而是令生活向好的途径,2,81.37,162.74
40981,3,3062,DD29164583,日本美学三部曲(幽玄+物哀+侘寂)幽玄,3,83.74,251.22
40982,1,3063,DD29508601,美学(二)(汉译名著本),2,79.0,158.0
40982,2,3064,DD29756585,美学与现代问题:中西审美论思想研究,3,81.37,244.11
40982,3,3065,DD29798007,美学意识形态“耶鲁学派”解构主义经典之作，洞悉美学、修辞与意识形态之间的复杂关系,1,83.74,83.74
40983,1,3066,DD27948473,西方美学史(全二册)中国现代美学的开拓者和奠基人朱光潜扛鼎之作,3,79.0,237.0
40983,2,3067,DD29943471,美学:批评哲学中的问题中华美学学会会长高建平教授作序推荐,1,81.37,81.37
40983,3,3068,DD11958398707,中国美学十五讲(第二版),2,83.74,167.48
40984,1,3069,DD27912839,美学原理—普通高等教育“十一五”国家级规划教材,1,79.0,79.0
40984,2,3070,DD1825564455,美学原理,2,81.37,162.74
40984,3,3071,DD11181544117,美学三境,3,83.74,251.22
40985,1,3072,DD29818659,美学原理(120年珍藏本),2,79.0,158.0
40985,2,3073,DD29733867,美学的历史(汉译名著本16),3,81.37,244.11
40985,3,3074,DD12411096597,美学四讲,1,83.74,83.74
40986,1,3075,DD1626203456,美学是什么,3,79.0,237.0
40986,2,3076,DD1758362072,美学散步彩图本,1,81.37,81.37
40986,3,3077,DD11707893127,美学十五讲美学,2,83.74,167.48
40987,1,3078,DD29944548,宗白华美学二十讲(专享版),1,79.0,79.0
40987,2,3079,DD23267720,实践美学的困境与出路研究,2,81.37,162.74
40987,3,3080,DD29169308,美学原理(汉译名著本14),3,83.74,251.22
40988,1,3081,DD7109332,西方美学史,2,79.0,158.0
40988,2,3082,DD12100013262,北大美学通识课艺术让人成为人北大美学通识课德国人与他们的艺术溪山清远画非画观物西方艺术史观念西方美术史,3,81.37,244.11
40988,3,3083,DD29949541,美学原理美学纲要(外国文艺理论丛书)《美学》是克罗齐的第,1,83.74,83.74
40989,1,3084,DD29678669,康德美学时间性问题研究,3,79.0,237.0
40989,2,3085,DD23526921,美学十五讲第二版),1,81.37,81.37
40989,3,3086,DD29489669,西南联大美学通识课提升生活品质,2,83.74,167.48
40990,1,3087,DD11847017347,美学国际:当代国际美学家访谈录,1,79.0,79.0
40990,2,3088,DD11942957333,美学是什么,2,81.37,162.74
40990,3,3089,DD12100020718,中华人民共和国法律法规注释本系列:刑法、民法典劳动法、道路交通、治安管理、消费者权益保护法、工伤保险、反间谍等,3,83.74,251.22
40991,1,3090,DD11176023385,法律法规汇编(2020国家统一法律职业资格考试),2,79.0,158.0
40991,2,3091,DD11035178614,法律法规汇编(2020国家统一法律职业资格考试),3,81.37,244.11
40991,3,3092,DD12524814491,法律法规考点指引2021年公安机关招录人民警察考试辅导读本公安考试,1,83.74,83.74
40992,1,3093,DD12424333668,法律法规考点指引2021年公安机关招录人民警察考试辅导读本公安考试,3,79.0,237.0
40992,2,3094,DD1763056517,法律法规全书(第18版),1,81.37,81.37
40992,3,3095,DD11039490594,法律法规全书(第18版),2,83.74,167.48
40993,1,3096,DD1718195149,法律法规全书(第18版)新华,1,79.0,79.0
40993,2,3097,DD1751954468,法律法规全书(第18版),2,81.37,162.74
40993,3,3098,DD11178705965,法律法规全书(第18版),3,83.74,251.22
40994,1,3099,DD12100020522,法律法规全书2025:医疗安全生产市场监管生态环境保护金融公安道路交通劳动和社会保障财税农业农村刑法,2,79.0,158.0
40994,2,3100,DD11019107734,旅游法律法规应试一本全(修订本)/全国导游人员资格考试辅导丛书,3,81.37,244.11
40994,3,3101,DD11956502997,期货法律法规汇编(第十一版),1,83.74,83.74
40995,1,3102,DD12407154619,期货法律法规汇编(第十一版),3,79.0,237.0
40995,2,3103,DD12384103086,期货法律法规汇编(第十一版),1,81.37,81.37
40995,3,3104,DD11024180594,新增法律法规重点解读与配套测试,2,83.74,167.48
40996,1,3105,DD11155276935,新增法律法规重点解读与配套测试,1,79.0,79.0
40996,2,3106,DD12313361583,瑞达法律法规杨帆讲三国法法律法规一本通法考教材另售钟秀勇民法刘凤科刑法2020国家统一法律职业资格考,2,81.37,162.74
40996,3,3107,DD1761867716,新增法律法规重点解读与配套测试,3,83.74,251.22
40997,1,3108,DD11039164554,新增法律法规重点解读与配套测试(B册)/2020国家统一法律职业资格考试新大纲辅导用书,2,79.0,158.0
40997,2,3109,DD11972894064,经济法律法规四版法律知识自学书附数字资源和同步训练书中等职业财经商贸专业在职人员培训中等职业教育规划,3,81.37,244.11
40997,3,3110,DD11972895344,经济法律法规四版+同步训练李新霞会计专业4版高等教育李新霞中等职业财经商贸专业在职人员培训图,1,83.74,83.74
40998,1,3111,DD11974932205,法律法规考点解读司法考试20222022年国家统一法律职业资格考试客观题指导用书(全2册)大纲法律,3,79.0,237.0
40998,2,3112,DD12331993890,法律法规考点解读司法考试20222022年国家统一法律职业资格考试客观题指导用书(全2册)大纲法律,1,81.37,81.37
40998,3,3113,DD12311789054,法律法规汇编主观题考试专用,2,83.74,167.48
40999,1,3114,DD11989613214,法律法规汇编主观题考试专用,1,79.0,79.0
40999,2,3115,DD11994937683,法律法规汇编主观题考试专用,2,81.37,162.74
40999,3,3116,DD12332032846,法律法规汇编主观题考试专用,3,83.74,251.22
41000,1,3117,DD12411350088,法律法规汇编主观题考试专用法考官方教材全套司法考试2025年辅导教材法考资料案例分析指导用书大纲国家统一法发货以标题中括号内,2,79.0,158.0
41000,2,3118,DD12352275290,法律法规汇编主观题考试专用法考官方教材全套司法考试2025年辅导教材法考资料案例分析指导用书大纲国家统一法发货以标题中括号内,3,81.37,244.11
41000,3,3119,DD12313538343,法律法规汇编:主观题考试专用2025年国家统一法律职业资格考试法律法规汇编应试版教材国家统一法律资格职业考试案,1,83.74,83.74
41001,1,3120,DD11950847363,法律法规汇编:主观题考试专用2025年国家统一法律职业资格考试法律法规汇编应试版教材国家统一法律资格职业考试案,3,79.0,237.0
41001,2,3121,DD12411350108,法律法规汇编应试版法考官方教材全套司法考试2025年辅导教材法考资料案例分析指导用书大纲国家统一法律职业合发货以标题中括号内,1,81.37,81.37
41001,3,3122,DD12352275310,法律法规汇编应试版法考官方教材全套司法考试2025年辅导教材法考资料案例分析指导用书大纲国家统一法律职业合发货以标题中括号内,2,83.74,167.48
41002,1,3123,DD12313478013,法律法规汇编(应试版)2025年国家统一法律职业资格考试2025法考应试版法条2025年国家统一,1,79.0,79.0
41002,2,3124,DD12313538023,法律法规汇编(教学版)(全9册),2,81.37,162.74
41002,3,3125,DD11973498240,法律法规汇编:主观题考试专用2025法考任选,3,83.74,251.22
41003,1,3126,DD11988715404,法律法规汇编:主观题考试专用2025法考任选,2,79.0,158.0
41003,2,3127,DD11975099830,法律法规汇编:主观题考试专用2025法考任选,3,81.37,244.11
41003,3,3128,DD12368881349,法律法规汇编:主观题考试专用2025法考任选,1,83.74,83.74
41004,1,3129,DD12313480373,法律法规汇编(主观题考试专用)2025法考任选,3,79.0,237.0
41004,2,3130,DD11950843313,法律法规汇编(教学版)(全9册),1,81.37,81.37
41004,3,3131,DD11975809170,法律法规汇编(主观题考试专用)2025法考任选,2,83.74,167.48
41005,1,3132,DD12313426283,法律法规汇编:主观题考试专用2025法考任选,1,79.0,79.0
41005,2,3133,DD11987268524,法律法规汇编:主观题考试专用2025法考任选,2,81.37,162.74
41005,3,3134,DD11975099700,法律法规汇编(应试版)2025法考任选,3,83.74,251.22
41006,1,3135,DD12368881369,法律法规汇编(应试版)2025法考任选,2,79.0,158.0
41006,2,3136,DD11845265817,法学理论与实践问题研究,3,81.37,244.11
41006,3,3137,DD12360658689,法学理论论文集,1,83.74,83.74
41007,1,3138,DD11933167677,法学理论与实践问题研究法学文集,3,79.0,237.0
41007,2,3139,DD12335055445,法学理论论文集,1,81.37,81.37
41007,3,3140,DD12322765434,法学理论论文集张友渔著,2,83.74,167.48
41008,1,3141,DD12312946573,法学理论前沿论坛,1,79.0,79.0
41008,2,3142,DD11611426896,法学理论与实践问题研究,2,81.37,162.74
41008,3,3143,DD11999251223,法学理论与实践问题研究,3,83.74,251.22
41009,1,3144,DD12336019525,法学理论与实践问题研究,2,79.0,158.0
41009,2,3145,DD12433040416,法学理论与实践问题研究,3,81.37,244.11
41009,3,3146,DD12427717887,法学理论公用事业价格规制的法律框架,1,83.74,83.74
41010,1,3147,DD12340948469,法学理论公用事业价格规制的法律框架,3,79.0,237.0
41010,2,3148,DD12360968021,法学理论公用事业价格规制的法律框架,1,81.37,81.37
41010,3,3149,DD11985466454,"法学理论与实践探索郭长星,武洁,杨忠敏",2,83.74,167.48
41011,1,3150,DD12304139262,法学理论公用事业价格规制的法律框架,1,79.0,79.0
41011,2,3151,DD12378198477,法学理论与实践探索,2,81.37,162.74
41011,3,3152,DD12335302913,法学理论公用事业价格规制的法律框架,3,83.74,251.22
41012,1,3153,DD11956974043,法学理论经纬与实践前沿探索,2,79.0,158.0
41012,2,3154,DD11838809232,法学理论经纬与实践前沿探索,3,81.37,244.11
41012,3,3155,DD12313596718,法学理论前沿,1,83.74,83.74
41013,1,3156,DD12313842742,法学理论公用事业价格规制的法律框架尹少成著公用事业行政管理,3,79.0,237.0
41013,2,3157,DD12346932170,法学理论前沿,1,81.37,81.37
41013,3,3158,DD12484642177,法学理论与实践应用研究,2,83.74,167.48
41014,1,3159,DD12323173020,法学理论前沿,1,79.0,79.0
41014,2,3160,DD11950427440,法学理论与法学实践研究,2,81.37,162.74
41014,3,3161,DD12326007904,法学理论公用事业价格规制的法律框架尹少成著公用事业行政管理中国政法大学,3,83.74,251.22
41015,1,3162,DD11969964299,法学理论与法学实践研究,2,79.0,158.0
41015,2,3163,DD11969964349,法学理论与法学实践研究,3,81.37,244.11
41015,3,3164,DD11924778467,法学理论经纬与实践前沿探索,1,83.74,83.74
41016,1,3165,DD12362320997,法学理论与法学实践研究,3,79.0,237.0
41016,2,3166,DD12366817956,法学理论专题研究,1,81.37,81.37
41016,3,3167,DD12362320957,法学理论与法学实践研究,2,83.74,167.48
41017,1,3168,DD12311156243,法学理论与实践探索专著,1,79.0,79.0
41017,2,3169,DD12491294947,法学理论与法学实践研究,2,81.37,162.74
41017,3,3170,DD12311158733,法学理论与法学实践研究,3,83.74,251.22
41018,1,3171,DD12304153922,法学理论航空器物权研究,2,79.0,158.0
41018,2,3172,DD11976504610,法学理论航空器物权研究,3,81.37,244.11
41018,3,3173,DD12307296280,法学理论航空器物权研究,1,83.74,83.74
41019,1,3174,DD12340990659,法学理论航空器物权研究,3,79.0,237.0
41019,2,3175,DD12427752087,法学理论航空器物权研究,1,81.37,81.37
41019,3,3176,DD29923905,法学理论与法学实践研究,2,83.74,167.48
41020,1,3177,DD12438031757,法学理论与应用研究,1,79.0,79.0
41020,2,3178,DD11929697843,法学理论刑罚原理与刑法学基本理论的推证,2,81.37,162.74
41020,3,3179,DD11746373538,法学理论论文集,3,83.74,251.22
41021,1,3180,DD693750188,法学理论航空器物权研究,2,79.0,158.0
41021,2,3181,DD12420652138,法学理论与实践应用研究,3,81.37,244.11
41021,3,3182,DD12485774727,法学理论与实践应用研究李源源，季娜，杜俊锋著中国原子能,1,83.74,83.74
41022,1,3183,DD11650972739,儿童反伤害法律科普漫画(全4册),3,79.0,237.0
41022,2,3184,DD11766002439,儿童反伤害法律科普漫画(全4册)合邦普法工作室编,1,81.37,81.37
41022,3,3185,DD11664419090,儿童反伤害法律科普漫画(全4册),2,83.74,167.48
41023,1,3186,DD12404428418,儿童反伤害法律科普漫画(全4册),1,79.0,79.0
41023,2,3187,DD11890561016,儿童反伤害法律科普漫画(全4册),2,81.37,162.74
41023,3,3188,DD11945951457,儿童反伤害法律科普漫画(全4册),3,83.74,251.22
41024,1,3189,DD11634499527,儿童反伤害法律科普漫画(全4册),2,79.0,158.0
41024,2,3190,DD11634499617,儿童反伤害法律科普漫画全套4册6-12岁儿童学校社会法律家庭反霸凌漫画学校反伤害儿童心理学青少年安全教育小百科小学生,3,81.37,244.11
41024,3,3191,DD1641262214,新品上市孩子一定要看的破除欺凌(全四册)孩子看得懂的反霸凌意识书远离校园欺凌启蒙,1,83.74,83.74
41025,1,3192,DD11403483583,儿童反伤害法律科普漫画绘本全4册对小学社交霸凌说不反霸凌安全长大,3,79.0,237.0
41025,2,3193,DD11763396637,儿童反伤害法律科普漫画全套4册,1,81.37,81.37
41025,3,3194,DD11761832927,儿童反伤害法律科普漫画全套4册儿童学校社会家庭反伤害学校霸凌民法典未成年人保护法为基础编著漫画书确保,2,83.74,167.48
41026,1,3195,DD11763430754,儿童反伤害法律科普漫画全套4册儿童学校社会家庭反伤害学校霸凌民法典未成年人保护法为基础编著漫画书优质图书,1,79.0,79.0
41026,2,3196,DD11754886678,儿童反伤害法律科普漫画全套4册儿童学校社会家庭反伤害学校霸凌民法典未成年人保护法为基础编著漫画书,2,81.37,162.74
41026,3,3197,DD11625612544,儿童反伤害法律科普漫画全套共4册写给未成年人的学校保护法儿童心理学青少年小百科法典,3,83.74,251.22
41027,1,3198,DD11610331828,儿童反伤害法律科普漫画全套共4册写给未成年人的学校保护法儿童心理学青少年小百科法典,2,79.0,158.0
41027,2,3199,DD11909446197,6-15岁儿童反伤害法律科普漫画以民法典和未成年人保护法为基础编著儿童心理学青少年安全教育百科阅读反校园霸凌,3,81.37,244.11
41027,3,3200,DD11623910909,我的第一本AI入门书漫画版全套2册,1,83.74,83.74
41028,1,3201,DD11800249684,儿童反伤害法律科普漫画(全4册),3,79.0,237.0
41028,2,3202,DD11781516970,儿童反伤害法律科普漫画(全4册),1,81.37,81.37
41028,3,3203,DD11864815884,儿童反伤害法律科普漫画4册6-15岁儿童学校社会家庭反伤害学校校园霸凌保护自己民法典未成年人保护法为基础编著教孩子拒绝,2,83.74,167.48
41029,1,3204,DD12320102303,儿童反伤害法律科普漫画(全4册),1,79.0,79.0
41029,2,3205,DD11728938294,6-15岁儿童反伤害法律科普漫画以民法典和未成年人保护法为基础编著儿童心理学青少年安全教育,2,81.37,162.74
41029,3,3206,DD12395914988,儿童反伤害法律科普漫画(全4册),3,83.74,251.22
41030,1,3207,DD11946164253,儿童反伤害法律科普漫画,2,79.0,158.0
41030,2,3208,DD12314379742,儿童反伤害法律科普漫画(全4册),3,81.37,244.11
41030,3,3209,DD12370060798,儿童反伤害法律科普漫画(全4册),1,83.74,83.74
41031,1,3210,DD12339670415,儿童反伤害法律科普漫画(全4册)如果国宝会说话书1+2+3二三季全套,3,79.0,237.0
41031,2,3211,DD12340389930,儿童反伤害法律科普漫画(全4册),1,81.37,81.37
41031,3,3212,DD12466353431,儿童反伤害法律科普漫画(全4册),2,83.74,167.48
41032,1,3213,DD11834441651,6-15岁儿童反伤害法律科普漫画以民法典和未成年人保护法为基础编著儿童心理学青少年安全教育百科小学生阅读反校园,1,79.0,79.0
41032,2,3214,DD12364600555,儿童反伤害法律科普漫画全4册漫画儿童法律启蒙书小学生法律知识科普,2,81.37,162.74
41032,3,3215,DD12326980690,儿童反伤害法律科普漫画(全4册)抖音同款,3,83.74,251.22
41033,1,3216,DD1643342497,领券减20元儿童反伤害法律科普漫画全套4册儿童学校社会家庭反伤害学校霸凌民法典未成年人保护法为基础编著漫画书,2,79.0,158.0
41033,2,3217,DD11721470538,儿童反伤害法律科普漫画全4册反校园霸凌儿童学校社会家庭反伤害学校霸凌民法典和未成年人保护法为基础编著儿童心理学青少,3,81.37,244.11
41033,3,3218,DD12366812329,儿童反伤害法律科普漫画(全4册)抖音同款,1,83.74,83.74
41034,1,3219,DD11968533384,儿童反伤害法律科普漫画JST全4册6-15岁以民法典未成年人保护法为基础编著反伤害儿童心理学青少年安全教育小百科小学,3,79.0,237.0
41034,2,3220,DD12359812737,儿童反伤害法律科普漫画JST全4册6-15岁以民法典未成年人保护法为基础编著反伤害儿童心理学青少年安全教育小百科小学,1,81.37,81.37
41034,3,3221,DD11692471738,儿童反伤害法律科普漫画全4册JST以民法典2023年版未成年人保护法为基础编著儿童心理学青少年识全教育小百科小学生课,2,83.74,167.48
41035,1,3222,DD29926428,儿童反伤害法律科普漫画(全4册),1,79.0,79.0
41035,2,3223,DD12527875591,儿童反伤害法律科普漫画全4册以民法典和未成年人保护法为基础编,2,81.37,162.74
41035,3,3224,DD11984912343,儿童反伤害法律科普漫画(全4册),3,83.74,251.22
41036,1,3225,DD12428313416,儿童反伤害法律科普漫画全4册以民法典和未成年人保护法为基础编,2,79.0,158.0
41036,2,3226,DD11895617664,儿童反伤害法律科普漫画全4,3,81.37,244.11
41036,3,3227,DD11984928553,儿童反伤害法律科普漫画(全4册),1,83.74,83.74
41037,1,3228,DD11974528872,儿童反伤害法律科普漫画(全4册),3,79.0,237.0
41037,2,3229,DD12401054241,儿童反伤害法律科普漫画,1,81.37,81.37
41037,3,3230,DD12311156273,中国法律职业背景下的法官刘欣,2,83.74,167.48
41038,1,3231,DD12303811252,中国法律制度,1,79.0,79.0
41038,2,3232,DD11194484022,中国法律大全全套2019实用版公民法律基础知识宪法版刑法一本通婚姻法合同法公司法劳动法2019版民事诉讼法,2,81.37,162.74
41038,3,3233,DD11858011084,中国法律大全,3,83.74,251.22
41039,1,3234,DD11858011054,中国法律大全,2,79.0,158.0
41039,2,3235,DD11858026064,中国法律大全,3,81.37,244.11
41039,3,3236,DD11858011104,中国法律大全,1,83.74,83.74
41040,1,3237,DD11028846107,中国法律史入门笔记王沛法律,3,79.0,237.0
41040,2,3238,DD11771117694,中国法律大全,1,81.37,81.37
41040,3,3239,DD11556919495,b-中国法律大全,2,83.74,167.48
41041,1,3240,DD12335460512,简明中国法律经济学,1,79.0,79.0
41041,2,3241,DD11630832697,新劳动法实用案例中国法律大全全套实用版公民法律基础知识宪法新版刑法一本通公司法劳动法民事诉讼法律诉讼,2,81.37,162.74
41041,3,3242,DD29372720,中国法律与中国社会(中华现代学术名著1)瞿同祖的代表之作，开创法律史与社会史结合研究的先河,3,83.74,251.22
41042,1,3243,DD11543501424,中国近代宪法史(中国法律史学文丛),2,79.0,158.0
41042,2,3244,DD11537448428,新劳动法实用案例中国法律大全,3,81.37,244.11
41042,3,3245,DD12435576381,中华人民共和国劳动争议调解仲裁法,1,83.74,83.74
41043,1,3246,DD11890372105,2022现行宪法中华人民共和国宪法(实用版),3,79.0,237.0
41043,2,3247,DD1397934129,中华人民共和国宪法,1,81.37,81.37
41043,3,3248,DD1397934229,中华人民共和国宪法,2,83.74,167.48
41044,1,3249,DD1139474977,中华人民共和国宪法,1,79.0,79.0
41044,2,3250,DD1139478277,中华人民共和国宪法,2,81.37,162.74
41044,3,3251,DD11473359308,中华人民共和国宪法,3,83.74,251.22
41045,1,3252,DD26916337,中国法律思想史(第二版)于恰当处引经据典，寓思想于阅读之中,2,79.0,158.0
41045,2,3253,DD12346578600,中国法律市场观察2020-2021,3,81.37,244.11
41045,3,3254,DD12328589592,中国法律史,1,83.74,83.74
41046,1,3255,DD12375195549,中国法律史,3,79.0,237.0
41046,2,3256,DD12388812616,中国法律史,1,81.37,81.37
41046,3,3257,DD11119912554,中国法律服务市场对外开放机制研究,2,83.74,167.48
41047,1,3258,DD11715136291,中国法律语言学展望,1,79.0,79.0
41047,2,3259,DD11119746144,中国法律与中国社会/中华现代学术名著丛书,2,81.37,162.74
41047,3,3260,DD12334830245,中国法律语言学展望,3,83.74,251.22
41048,1,3261,DD11614224043,中国法律语言学展望,2,79.0,158.0
41048,2,3262,DD11971298556,中国法律与中国社会,3,81.37,244.11
41048,3,3263,DD12420091607,中国法律与中国社会,1,83.74,83.74
41049,1,3264,DD12328612204,中国法律与中国社会,3,79.0,237.0
41049,2,3265,DD12411171336,中国法律与中国社会,1,81.37,81.37
41049,3,3266,DD11995096383,中国法律与中国社会,2,83.74,167.48
41050,1,3267,DD11228481362,中国法律制度概论,1,79.0,79.0
41050,2,3268,DD11374682035,中国法律制度概论,2,81.37,162.74
41050,3,3269,DD11250989424,中国法律制度概论,3,83.74,251.22
41051,1,3270,DD12485105511,中国法律与中国社会,2,79.0,158.0
41051,2,3271,DD12339931225,中国法律与中国社会,3,81.37,244.11
41051,3,3272,DD12373227095,中国法律语言学展望,1,83.74,83.74
41052,1,3273,DD11992474697,中国法律史学教程,3,79.0,237.0
41052,2,3274,DD11941247266,中国法律史学教程,1,81.37,81.37
41052,3,3275,DD1361608103,中国法律实证研究(2018年第3卷),2,83.74,167.48
41053,1,3276,DD27868495,中国法律实证研究(第3卷·2018年),1,79.0,79.0
41053,2,3277,DD12467753167,外国及港澳台行政诉讼制度薛刚凌编,2,81.37,162.74
41053,3,3278,DD12404411801,外国及港澳台行政诉讼制度薛刚凌编,3,83.74,251.22
41054,1,3279,DD12313247014,外国及港澳台行政诉讼制度,2,79.0,158.0
41054,2,3280,DD12413056251,外国及港澳台行政诉讼制度,3,81.37,244.11
41054,3,3281,DD12338860876,外国及港澳台行政诉讼制度,1,83.74,83.74
41055,1,3282,DD12461966841,外国及港澳台行政诉讼制度,3,79.0,237.0
41055,2,3283,DD12469248931,外国及港台行政诉讼制度,1,81.37,81.37
41055,3,3284,DD11845152529,外国及港台行政诉讼制度,2,83.74,167.48
41056,1,3285,DD11839128054,外国及港台行政诉讼制度,1,79.0,79.0
41056,2,3286,DD11775865360,外国及港台行政诉讼制度,2,81.37,162.74
41056,3,3287,DD12409412698,！外国及港台行政诉讼制度,3,83.74,251.22
41057,1,3288,DD11691156151,涉外及涉港澳台民事公证实务,2,79.0,158.0
41057,2,3289,DD11620342253,涉外及涉港澳台民事公证实务,3,81.37,244.11
41057,3,3290,DD11739006590,涉外及涉港澳台民事公证实务,1,83.74,83.74
41058,1,3291,DD12501764397,涉外及涉港澳台民事公证实务,3,79.0,237.0
41058,2,3292,DD12352934280,涉外及涉港澳台民事公证实务,1,81.37,81.37
41058,3,3293,DD12417725035,涉外及涉港澳台民事公证实务,2,83.74,167.48
41059,1,3294,DD12381270878,国外及国港澳台专利申请策略,1,79.0,79.0
41059,2,3295,DD11980581070,涉外及涉港澳台民事公证实务,2,81.37,162.74
41059,3,3296,DD11939126833,涉外及涉港澳台民事公证实务,3,83.74,251.22
41060,1,3297,DD12373021497,国外及国港澳台专利申请策略,2,79.0,158.0
41060,2,3298,DD11957992822,涉外及涉港澳台民事公证实务,3,81.37,244.11
41060,3,3299,DD12486487817,国外及国港澳台专利申请策略签名,1,83.74,83.74
41061,1,3300,DD11871486053,涉外及涉港澳台民事公证实务,3,79.0,237.0
41061,2,3301,DD12336174015,涉外及涉港澳台民事公证实务,1,81.37,81.37
41061,3,3302,DD11720791660,涉外及涉港澳台民事公证实务,2,83.74,167.48
41062,1,3303,DD12306506790,涉外及涉港澳台民事公证实务,1,79.0,79.0
41062,2,3304,DD12348416236,涉外及涉港澳台民事公证实务,2,81.37,162.74
41062,3,3305,DD11894526290,涉外及涉港澳台民事公证实务,3,83.74,251.22
41063,1,3306,DD11841870028,涉外及涉港澳台民事公证实务,2,79.0,158.0
41063,2,3307,DD11859163129,涉外及涉港澳台民事公证实务,3,81.37,244.11
41063,3,3308,DD12355747849,涉外及涉港澳台民事公证实务,1,83.74,83.74
41064,1,3309,DD11710849950,涉外及涉港澳台民事公证实务,3,79.0,237.0
41064,2,3310,DD12316288829,涉外及涉港澳台民事公证实务刘广炬、天津市司法司编,1,81.37,81.37
41064,3,3311,DD11939158416,涉外及涉港澳台民事公证实务,2,83.74,167.48
41065,1,3312,DD11930798840,涉外及涉港澳台民事公证实务,1,79.0,79.0
41065,2,3313,DD11838442314,涉外及涉港澳台民事公证实务,2,81.37,162.74
41065,3,3314,DD11962232119,涉外及涉港澳台民事公证实务,3,83.74,251.22
41066,1,3315,DD12303225945,涉外及涉港澳台民事公证实务,2,79.0,158.0
41066,2,3316,DD11887713813,国外及我国港澳台专利申请策略,3,81.37,244.11
41066,3,3317,DD12356565174,国外及我国港澳台专利申请策略马天旗；焦红芳；王赛；郑小粤；游良辰；肖鹏；雒运朴；李宗基；雒纯丹；张,1,83.74,83.74
41067,1,3318,DD12472794551,涉外及涉港澳台民事公证实务,3,79.0,237.0
41067,2,3319,DD11757144589,"国外及我国港澳台专利申请策略马天旗,焦红芳,王赛,郑小粤,游良辰,肖鹏,雒运朴,李宗基",1,81.37,81.37
41067,3,3320,DD12347778390,国外及我国港澳台专利申请策略,2,83.74,167.48
41068,1,3321,DD11981191110,国外及我国港澳台专利申请策略,1,79.0,79.0
41068,2,3322,DD12437711107,国外及我国港澳台专利申请策略马天旗；焦红芳；王赛；郑小粤；游良辰；肖鹏；雒运朴；李宗基；雒纯丹；张,2,81.37,162.74
41068,3,3323,DD11787014990,涉外及涉港澳台民事公证实务,3,83.74,251.22
41069,1,3324,DD12316310634,心理学百科系列:九型人格心理学,2,79.0,158.0
41069,2,3325,DD12347019580,心理学百科系列:九型人格心理学,3,81.37,244.11
41069,3,3326,DD11860332154,心理学百科,1,83.74,83.74
41070,1,3327,DD12340869093,心理学百科,3,79.0,237.0
41070,2,3328,DD11716781600,DK心理学百科,1,81.37,81.37
41070,3,3329,DD11964738910,心理学百科/DK青少年人文科普百科,2,83.74,167.48
41071,1,3330,DD11986255129,"心理学百科/DK青少年人文科普百科(英)马库斯·威克斯(MarcusWeeks)著卢敏,侯冉冉译",1,79.0,79.0
41071,2,3331,DD11986256719,心理学百科/DK青少年人文科普百科(英)马库斯·威克斯(MarcusWeeks),2,81.37,162.74
41071,3,3332,DD12378378887,心理学百科/DK青少年人文科普百科,3,83.74,251.22
41072,1,3333,DD12378344557,心理学百科/DK青少年人文科普百科,2,79.0,158.0
41072,2,3334,DD12337937515,心理学百科海穆特·班尼须(HellmuthBenesh)著,3,81.37,244.11
41072,3,3335,DD12311863664,心理学百科海穆特·班尼须(HellmuthBenesh)著,1,83.74,83.74
41073,1,3336,DD12420574666,"心理学百科/DK青少年人文科普百科,(英)MarcusW",3,79.0,237.0
41073,2,3337,DD12306299293,心理学百科/DK青少年人文科普百科(英)马库斯·威克斯(MarcusWeeks),1,81.37,81.37
41073,3,3338,DD12516944021,"心理学百科/DK青少年人文科普百科,(英)MarcusW",2,83.74,167.48
41074,1,3339,DD12348242268,心理学百科/DK青少年人文科普百科(英)马库斯·威克斯(MarcusWeeks),1,79.0,79.0
41074,2,3340,DD12432090406,心理学百科,2,81.37,162.74
41074,3,3341,DD12302270962,心理学百科/DK青少年人文科普百科(英)马库斯·威克斯(MarcusWeeks),3,83.74,251.22
41075,1,3342,DD11652249073,"心理学百科(德)班尼须(HellmuthBenesh)著,(德)赫尔曼·冯",2,79.0,158.0
41075,2,3343,DD11951674643,心理学百科,3,81.37,244.11
41075,3,3344,DD11893796981,DK心理学百科,1,83.74,83.74
41076,1,3345,DD11944997790,心理学百科,3,79.0,237.0
41076,2,3346,DD12405598846,心理学百科,1,81.37,81.37
41076,3,3347,DD11945856426,心理学百科,2,83.74,167.48
41077,1,3348,DD11847419880,DK心理学百科,1,79.0,79.0
41077,2,3349,DD11839026181,DK心理学百科达额立减,2,81.37,162.74
41077,3,3350,DD12334226264,心理学百科/DK青少年人文科普百科(英)马库斯少儿少儿科普科普百科,3,83.74,251.22
41078,1,3351,DD12402353181,心理学百科英,2,79.0,158.0
41078,2,3352,DD12302768652,心理学百科/DK青少年人文科普百科(英)马库斯少儿少儿科普科普百科,3,81.37,244.11
41078,3,3353,DD11850492791,心理学百科,1,83.74,83.74
41079,1,3354,DD12318119974,心理学百科英DK出版社著；徐玥译,3,79.0,237.0
41079,2,3355,DD1682080902,DK心理学百科dk典藏版当当自营,1,81.37,81.37
41079,3,3356,DD12393489268,心理学百科,2,83.74,167.48
41080,1,3357,DD11620442603,DK心理学百科,1,79.0,79.0
41080,2,3358,DD12311567473,心理学百科英DK出版社著；徐玥译,2,81.37,162.74
41080,3,3359,DD12409219926,"心理学百科(德)班尼须(HellmuthBenesh)著,(德)赫尔曼·冯",3,83.74,251.22
41081,1,3360,DD12330095690,心理学百科/DK青少年人文科普百科(英)马库斯·威克斯(MarcusWeeks),2,79.0,158.0
41081,2,3361,DD11993499996,心理学百科,3,81.37,244.11
41081,3,3362,DD11957514980,心理学百科,1,83.74,83.74
41082,1,3363,DD12383561619,心理学百科,3,79.0,237.0
41082,2,3364,DD11794028900,心理学百科,1,81.37,81.37
41082,3,3365,DD11414196303,心理学百科典藏版心理学入门基础,2,83.74,167.48
41083,1,3366,DD11982607261,心理学百科(典藏版)(精)/人类的思想百科丛书,1,79.0,79.0
41083,2,3367,DD12409733167,心理学百科海穆特·班尼须,2,81.37,162.74
41083,3,3368,DD12500780817,心理学百科海穆特·班尼须,3,83.74,251.22
41084,1,3369,DD11737640360,心理学百科(德)班尼须,2,79.0,158.0
41084,2,3370,DD11959208502,心理学百科海穆特·班尼须(HellmuthBenesh)著,3,81.37,244.11
41084,3,3371,DD11731860772,性学三论与爱情心理学解救人类思想病态心理变态心理,1,83.74,83.74
41085,1,3372,DD11730264253,性学三论与爱情心理学解救人类思想病态心理变态心理,3,79.0,237.0
41085,2,3373,DD12414084915,隐形恶人我们与反社会人格者的较量玛莎·斯托特应对反社会人格者的行动指南反社会人格NPD变态人格病态心理学,1,81.37,81.37
41085,3,3374,DD12415202926,隐形恶人我们与反社会人格者的较量玛莎·斯托特应对反社会人格者的行动指南反社会人格NPD变态人格病态心理学,2,83.74,167.48
41086,1,3375,DD12436547327,隐形恶人我们与反社会人格者的较量玛莎·斯托特应对反社会人格者的行动指南反社会人格NPD变态人格病态心理学,1,79.0,79.0
41086,2,3376,DD12374582884,隐形恶人我们与反社会人格者的较量玛莎·斯托特应对反社会人格者的行动指南反社会人格NPD变态人格病态心理学,2,81.37,162.74
41086,3,3377,DD12427478688,隐形恶人我们与反社会人格者的较量玛莎·斯托特应对反社会人格者的行动指南反社会人格NPD变态人格病态心理学,3,83.74,251.22
41087,1,3378,DD12360708643,隐形恶人我们与反社会人格者的较量玛莎·斯托特应对反社会人格者的行动指南反社会人格NPD变态人格病态心理学,2,79.0,158.0
41087,2,3379,DD12530685911,隐形恶人我们与反社会人格者的较量玛莎·斯托特应对反社会人格者的行动指南反社会人格NPD变态人格病态心理学,3,81.37,244.11
41087,3,3380,DD12530630641,隐形恶人我们与反社会人格者的较量玛莎·斯托特应对反社会人格者的行动指南反社会人格NPD变态人格病态心理学,1,83.74,83.74
41088,1,3381,DD12434612046,隐形恶人我们与反社会人格者的较量玛莎·斯托特应对反社会人格者的行动指南反社会人格NPD变态人格病态心理学,3,79.0,237.0
41088,2,3382,DD12374976360,隐形恶人我们与反社会人格者的较量玛莎·斯托特应对反社会人格者的行动指南反社会人格NPD变态人格病态心理学,1,81.37,81.37
41088,3,3383,DD12375035280,隐形恶人我们与反社会人格者的较量玛莎·斯托特应对反社会人格者的行动指南反社会人格NPD变态人格病态心理学,2,83.74,167.48
41089,1,3384,DD12417780705,隐形恶人我们与反社会人格者的较量玛莎·斯托特应对反社会人格者的行动指南反社会人格NPD变态人格病态心理学,1,79.0,79.0
41089,2,3385,DD11960317949,2024新书隐形恶人我们与反社会人格者的较量玛莎·斯托特应对反社会人格者的行动指南反社会人格NPD变态人格,2,81.37,162.74
41089,3,3386,DD12505194477,2024新书隐形恶人我们与反社会人格者的较量玛莎·斯托特应对反社会人格者的行动指南反社会人格NPD变态人格,3,83.74,251.22
41090,1,3387,DD11921677557,官网隐形恶人我们与反社会人格者的较量玛莎斯托特更有效应对反社会人格者的行动指南反社会人格变态人格病态心理官网,2,79.0,158.0
41090,2,3388,DD11869220134,官网隐形恶人我们与反社会人格者的较量玛莎斯托特更有效应对反社会人格者的行动指南反社会人格变态人格病态心理,3,81.37,244.11
41090,3,3389,DD11547387264,我们时代的神经症人格(精装版),1,83.74,83.74
41091,1,3390,DD1256479559,心理学书籍我们时代的病态人格双色插图卡+如何成为一个很厉害的人伦霍妮齐名关于情商改变自己治疗忧郁症强迫症焦虑症控制情绪,3,79.0,237.0
41091,2,3391,DD29262289,变态心理学:心理同时系列长销73年的心理学经典教材通过研究异常心理或病态行为的表现形式、发生原因及发展规律揭示人类心理本质,1,81.37,81.37
41091,3,3392,DD11742053967,破碎的镜子:为什么我总觉得自己丑？变态心理学,2,83.74,167.48
41092,1,3393,DD12412052735,我们时代的神经症人格全面分析了现代人的病态心理和变态人格(美)卡伦·霍妮(KarenHorney),1,79.0,79.0
41092,2,3394,DD12392131716,图书病态心理学研究:我们时代的神经症人格,2,81.37,162.74
41092,3,3395,DD12364833714,我们时代的神经症人格卡伦·霍尼病态心理学研究,3,83.74,251.22
41093,1,3396,DD11860619704,我们时代的神经症人格/时代心理大师名作(德)卡伦·霍尼(KarenHorney)著,2,79.0,158.0
41093,2,3397,DD11739342604,破碎的镜子:为什么我总觉得自己丑？,3,81.37,244.11
41093,3,3398,DD11731761817,全新正版图书在威士忌和,1,83.74,83.74
41094,1,3399,DD12342686788,去梯言咸口味心理学怪癖病态变态洁癖天才向左疯子向右非正常人类研究所揭穿怪癖行为背后的心理学真相分析,3,79.0,237.0
41094,2,3400,DD11630896837,致命关系:病态人格的七种假面,1,81.37,81.37
41094,3,3401,DD11934112129,我们时代的病态人格,2,83.74,167.48
41095,1,3402,DD11846237209,我们时代的病态人格,1,79.0,79.0
41095,2,3403,DD11845459954,我们时代的病态人格,2,81.37,162.74
41095,3,3404,DD12432143501,我们时代的病态人格,3,83.74,251.22
41096,1,3405,DD29395820,我们时代的神经症人格(精装版),2,79.0,158.0
41096,2,3406,DD11422708998,我们时代的神经症人格卡伦霍尼著全面分析了现代人的病态心理心理学书系,3,81.37,244.11
41096,3,3407,DD24038605,精神病态者的科学世界著名心理学家、脑神经科学家与天生变态狂的灵魂访谈；联邦调查局(FBI),1,83.74,83.74
41097,1,3408,DD24032045,我们时代的神经症人格(西方学术经典·精装版),3,79.0,237.0
41097,2,3409,DD25149508,假如我是蝙蝠侠如果你喜欢《天才在左疯子在右》，那你千万不要错过这本变态重口味新作,1,81.37,81.37
41097,3,3410,DD12426497838,党政读物党风廉政建设,2,83.74,167.48
41098,1,3411,DD12376767867,艰苦岁月,1,79.0,79.0
41098,2,3412,DD12497317567,党员手册,2,81.37,162.74
41098,3,3413,DD12455983087,清正廉洁,3,83.74,251.22
41099,1,3414,DD12404672527,邓恩铭,2,79.0,158.0
41099,2,3415,DD12402074537,李汉俊,3,81.37,244.11
41099,3,3416,DD12402077707,包惠僧,1,83.74,83.74
41100,1,3417,DD12408775937,王尽美,3,79.0,237.0
41100,2,3418,DD12402864468,爲政笔谭,1,81.37,81.37
41100,3,3419,DD12359439327,抉择王炳林党政,2,83.74,167.48
41101,1,3420,DD12300670582,邓恩铭张业赏党政,1,79.0,79.0
41101,2,3421,DD12393689337,经山海,2,81.37,162.74
41101,3,3422,DD12402862087,李达宋镜明党政,3,83.74,251.22
41102,1,3423,DD12342673193,邓恩铭张业赏党政,2,79.0,158.0
41102,2,3424,DD12412538648,爲政笔谭,3,81.37,244.11
41102,3,3425,DD12398203977,甲申三百年祭,1,83.74,83.74
41103,1,3426,DD12427769751,怎样写作,3,79.0,237.0
41103,2,3427,DD11768352342,少年毛泽东,1,81.37,81.37
41103,3,3428,DD12390794557,整治形式主义,2,83.74,167.48
41104,1,3429,DD12508060311,问答忠诚党政,1,79.0,79.0
41104,2,3430,DD12497317457,入党教材,2,81.37,162.74
41104,3,3431,DD12358528830,少年毛泽东,3,83.74,251.22
41105,1,3432,DD12460295287,红岩精神,2,79.0,158.0
41105,2,3433,DD12408384317,工匠精神,3,81.37,244.11
41105,3,3434,DD12479160377,少年毛泽东,1,83.74,83.74
41106,1,3435,DD12371575547,闲来笔潭,3,79.0,237.0
41106,2,3436,DD12456930867,方步云徐文秀著党政,1,81.37,81.37
41106,3,3437,DD12408085207,漫说党纪,2,83.74,167.48
41107,1,3438,DD12396361577,守正创新,1,79.0,79.0
41107,2,3439,DD12372025347,如何讲好思政课,2,81.37,162.74
41107,3,3440,DD12499754947,沂蒙精神,3,83.74,251.22
41108,1,3441,DD12445848587,历史的轨迹,2,79.0,158.0
41108,2,3442,DD12430750327,党政干部德鉴,3,81.37,244.11
41108,3,3443,DD12473987707,为梦想奋斗,1,83.74,83.74
41109,1,3444,DD12471743327,实干显担当,3,79.0,237.0
41109,2,3445,DD12382815047,读懂人民之问陈金龙党政,1,81.37,81.37
41109,3,3446,DD12416591537,公文八讲,2,83.74,167.48
41110,1,3447,DD12400911647,王平回忆录,1,79.0,79.0
41110,2,3448,DD12392466367,横戈马上杨得志党政,2,81.37,162.74
41110,3,3449,DD12372990317,毛泽东家风,3,83.74,251.22
41111,1,3450,DD12392832357,从政守则徐文秀著党政,2,79.0,158.0
41111,2,3451,DD12475401477,闲来笔潭,3,81.37,244.11
41111,3,3452,DD12392207007,繁叶华章张舰月党政,1,83.74,83.74
41112,1,3453,DD12492229467,民生中国,3,79.0,237.0
41112,2,3454,DD12373723127,为政举要一万句晓山党政,1,81.37,81.37
41112,3,3455,DD12395505827,突出重围,2,83.74,167.48
41113,1,3456,DD12475405327,毛泽东家风,1,79.0,79.0
41113,2,3457,DD25278930,中国政治制度史:全2册,2,81.37,162.74
41113,3,3458,DD29794547,中国政治史《中国政治史》是钱亦石先生的经典之作，全书以横亘古今的历史视角,3,83.74,251.22
41114,1,3459,DD28489196,中国政治制度史新论,2,79.0,158.0
41114,2,3460,DD29437747,中国政治思想史(中华现代学术名著8),3,81.37,244.11
41114,3,3461,DD12350996081,中国政治制度史纲要,1,83.74,83.74
41115,1,3462,DD11926374422,中国政治史大纲,3,79.0,237.0
41115,2,3463,DD12374180595,中国政治史大纲,1,81.37,81.37
41115,3,3464,DD12461555011,中国政治史大纲,2,83.74,167.48
41116,1,3465,DD12466421297,中国政治史大纲,1,79.0,79.0
41116,2,3466,DD12373522445,中国政治民主研究,2,81.37,162.74
41116,3,3467,DD12374094625,中国政治参与报告.2014.2014,3,83.74,251.22
41117,1,3468,DD12372295035,中国政治二千年,2,79.0,158.0
41117,2,3469,DD12447461551,中国政治参与报告.2014.2014,3,81.37,244.11
41117,3,3470,DD12338200584,中国政治的民主抉择:党内民主与政治文明,1,83.74,83.74
41118,1,3471,DD12442140321,中国政治体制改革研究,3,79.0,237.0
41118,2,3472,DD12373874235,中国政治发展进程.2009年,1,81.37,81.37
41118,3,3473,DD12347753031,中国政治发展进程.2009年,2,83.74,167.48
41119,1,3474,DD12423372517,中国政治制度史,1,79.0,79.0
41119,2,3475,DD12440937651,中国政治制度史,2,81.37,162.74
41119,3,3476,DD12360442169,中国政治制度史,3,83.74,251.22
41120,1,3477,DD12313126524,中国政治体制改革,2,79.0,158.0
41120,2,3478,DD11740301620,中国政治体制改革,3,81.37,244.11
41120,3,3479,DD12461651141,中国政治体制改革,1,83.74,83.74
41121,1,3480,DD11996864253,中国政治二千年,3,79.0,237.0
41121,2,3481,DD12401849175,中国政治制度史,1,81.37,81.37
41121,3,3482,DD11611851526,2009年中国政治发展进程,2,83.74,167.48
41122,1,3483,DD12360386259,中国政治体制改革,1,79.0,79.0
41122,2,3484,DD11958701362,中国政治体制改革,2,81.37,162.74
41122,3,3485,DD12392672231,中国政治体制改革研究,3,83.74,251.22
41123,1,3486,DD12348261270,中国政治的民主抉择:党内民主与政治文明,2,79.0,158.0
41123,2,3487,DD12441528581,中国政治思想史,3,81.37,244.11
41123,3,3488,DD12360121239,中国政治参与报告:2011,1,83.74,83.74
41124,1,3489,DD12352976509,中国政治思想史,3,79.0,237.0
41124,2,3490,DD12373894315,中国政治参与报告:2011,1,81.37,81.37
41124,3,3491,DD12503395627,中国政治学年度评论:2012:20,2,83.74,167.48
41125,1,3492,DD11957777042,中国政治思想史,1,79.0,79.0
41125,2,3493,DD12342389166,中国政治参与报告:2011,2,81.37,162.74
41125,3,3494,DD23522399,中国政治发展中的县级党委功能,3,83.74,251.22
41126,1,3495,DD11276066230,中国政治学年度评论:2014:2014,2,79.0,158.0
41126,2,3496,DD11278497277,中国政治学年度评论:2014:2014中国政治,3,81.37,244.11
41126,3,3497,DD12406648606,中国政治制度小史,1,83.74,83.74
41127,1,3498,DD12353731429,中国政治史大纲,3,79.0,237.0
41127,2,3499,DD12454850397,中国政治史大纲,1,81.37,81.37
41127,3,3500,DD12392178491,中国政治詹姆斯·R·汤森(JamesR.Townsend),2,83.74,167.48
41128,1,3501,DD11927577642,中国政治詹姆斯·R·汤森(JamesR.Townsend),1,79.0,79.0
41128,2,3502,DD12360066219,中国政治詹姆斯·R·汤森(JamesR.Townsend),2,81.37,162.74
41128,3,3503,DD12358293293,中国政治思想史—人民文库丛书,3,83.74,251.22
41129,1,3504,DD29926487,世界政治的终极目标:安全、财富、信仰、公正、自由王缉思著清华大学刘瑜、复旦大学包刚升推荐全球格局未来变迁世界政,2,79.0,158.0
41129,2,3505,DD26488948,世界政治:趋势与变革(第16版),3,81.37,244.11
41129,3,3506,DD12382093327,世界政治概论,1,83.74,83.74
41130,1,3507,DD29918907,世界政治概论(新编21世纪政治学系列教材),3,79.0,237.0
41130,2,3508,DD26917151,世界政治中的战争与变革美国人文与科学学院院士、著名国际关系理论家吉尔平的代表作,1,81.37,81.37
41130,3,3509,DD11936943473,世界政治,2,83.74,167.48
41131,1,3510,DD12359335969,世界政治,1,79.0,79.0
41131,2,3511,DD12467107887,世界政治,2,81.37,162.74
41131,3,3512,DD12383001239,世界政治中的军备动力,3,83.74,251.22
41132,1,3513,DD12356520914,世界政治中的军备动力,2,79.0,158.0
41132,2,3514,DD12339349886,世界政治中的军备动力,3,81.37,244.11
41132,3,3515,DD11959197932,世界政治中的军备动力,1,83.74,83.74
41133,1,3516,DD11190008094,世界政治的终极目标?安全财富信仰公正自由放心购买,3,79.0,237.0
41133,2,3517,DD12318084654,世界政治的终极目标:安全、财富、信仰、公正、自由,1,81.37,81.37
41133,3,3518,DD11960517764,世界政治,2,83.74,167.48
41134,1,3519,DD11150906921,世界政治的终极目标?安全、财富、信仰、公正、自由放心购买,1,79.0,79.0
41134,2,3520,DD12487831361,世界政治,2,81.37,162.74
41134,3,3521,DD12392154171,世界政治的终极目标:安全、财富、信仰、公正、自由,3,83.74,251.22
41135,1,3522,DD12306663812,世界政治名人传记丛书-克伦威尔传,2,79.0,158.0
41135,2,3523,DD11985349283,世界政治名人传记丛书-克伦威尔传,3,81.37,244.11
41135,3,3524,DD11984363210,世界政治的终极目标,1,83.74,83.74
41136,1,3525,DD11207455431,世界政治的终极目标,3,79.0,237.0
41136,2,3526,DD11963604400,世界政治的终极目标,1,81.37,81.37
41136,3,3527,DD12497278877,世界政治研究:2018.2总第二辑,2,83.74,167.48
41137,1,3528,DD11942441426,世界政治的终极目标,1,79.0,79.0
41137,2,3529,DD12361313599,世界政治美,2,81.37,162.74
41137,3,3530,DD12357822669,世界政治:走向新秩序？美,3,83.74,251.22
41138,1,3531,DD11955563674,世界政治美,2,79.0,158.0
41138,2,3532,DD12393541591,世界政治美布鲁斯·拉西特著,3,81.37,244.11
41138,3,3533,DD11927479282,世界政治美,1,83.74,83.74
41139,1,3534,DD11750535051,世界政治:第5版,3,79.0,237.0
41139,2,3535,DD11995024274,世界政治中的战争与变革美吉尔平(GilpinR.)著；宋新宁、杜建平译,1,81.37,81.37
41139,3,3536,DD12402570685,世界政治中的战争与变革美,2,83.74,167.48
41140,1,3537,DD12441806331,世界政治中的战争与变革美,1,79.0,79.0
41140,2,3538,DD11943154006,世界政治—现代思想译丛,2,81.37,162.74
41140,3,3539,DD12372576485,世界政治:走向新秩序？美,3,83.74,251.22
41141,1,3540,DD11496694980,世界政治:走向新秩序,2,79.0,158.0
41141,2,3541,DD12441901751,世界政治中的战争与变革美吉尔平(GilpinR.)著,3,81.37,244.11
41141,3,3542,DD12392598751,世界政治中的战争与变革美,1,83.74,83.74
41142,1,3543,DD11927847322,世界政治中的战争与变革美,3,79.0,237.0
41142,2,3544,DD12441359101,世界政治:走向新秩序？美,1,81.37,81.37
41142,3,3545,DD12343310470,世界政治史速读,2,83.74,167.48
41143,1,3546,DD12359441359,世界政治史速读,1,79.0,79.0
41143,2,3547,DD11822747904,世界政治研究:2018.2总第二辑,2,81.37,162.74
41143,3,3548,DD12332341663,世界政治中的战争与变革美,3,83.74,251.22
41144,1,3549,DD11755267949,世界政治中的战争与变革,2,79.0,158.0
41144,2,3550,DD11849631127,世界政治研究-18.辑,3,81.37,244.11
41144,3,3551,DD12100022763,中国军事科普绘本海陆空合集,1,83.74,83.74
41145,1,3552,DD29690687,中国军事科普绘本海陆空合集(全9册，全新升级)市场首套“中国军事科普绘本”全面改版升级,3,79.0,237.0
41145,2,3553,DD29929664,中国军事科普绘本海陆空合辑,1,81.37,81.37
41145,3,3554,DD12358484129,中国军事法学研究的回顾与思考,2,83.74,167.48
41146,1,3555,DD29346390,中国军事关键词(汉英对照),1,79.0,79.0
41146,2,3556,DD12359865449,中国军事战略问题研究,2,81.37,162.74
41146,3,3557,DD12323435374,中国军事法学论丛,3,83.74,251.22
41147,1,3558,DD12337899054,中国军事战略问题研究,2,79.0,158.0
41147,2,3559,DD11457420633,中国军事战略问题研究,3,81.37,244.11
41147,3,3560,DD11959107424,中国军事第一人:毛泽东,1,83.74,83.74
41148,1,3561,DD12361349869,中国军事第一人:毛泽东,3,79.0,237.0
41148,2,3562,DD11996048254,中国军事订货与采购,1,81.37,81.37
41148,3,3563,DD29390661,中国军事科普绘本英雄系列(全3册，《中国机长》+《中国舰长》+《突击英雄》),2,83.74,167.48
41149,1,3564,DD12358086739,中国军事审计史研究:20,1,79.0,79.0
41149,2,3565,DD11611795666,世界悬谜大观:中国军事未解之谜,2,81.37,162.74
41149,3,3566,DD11980904386,中国军事奇书:孙子兵法(定价:45),3,83.74,251.22
41150,1,3567,DD12374464095,中国军事审计史研究:20,2,79.0,158.0
41150,2,3568,DD11740144210,中国军事电影史,3,81.37,244.11
41150,3,3569,DD12373779905,中国军事电影史,1,83.74,83.74
41151,1,3570,DD12441929861,中国军事电影史,3,79.0,237.0
41151,2,3571,DD12336965194,中国军事电影史,1,81.37,81.37
41151,3,3572,DD12349860508,中国军事审计史研究:20,2,83.74,167.48
41152,1,3573,DD12358239433,中国军事审计史研究:20,1,79.0,79.0
41152,2,3574,DD12301985420,中国军事法学论丛,2,81.37,162.74
41152,3,3575,DD12320350152,中国军事审计史研究:20,3,83.74,251.22
41153,1,3576,DD12339037694,中国军事之最大观刘培一、云青主编,2,79.0,158.0
41153,2,3577,DD12353656120,中国军事订货与采购,3,81.37,244.11
41153,3,3578,DD12501705197,中国军事订货与采购,1,83.74,83.74
41154,1,3579,DD12359987009,中国军事之最大观,3,79.0,237.0
41154,2,3580,DD12300560220,中国军事战略问题研究,1,81.37,81.37
41154,3,3581,DD11942850566,中国军事战略问题研究,2,83.74,167.48
41155,1,3582,DD12311118480,中国军事战略问题研究,1,79.0,79.0
41155,2,3583,DD12349191526,中国军事战略问题研究,2,81.37,162.74
41155,3,3584,DD11998963760,中国军事战略问题研究,3,83.74,251.22
41156,1,3585,DD12407990556,中国军事战略问题研究,2,79.0,158.0
41156,2,3586,DD12392317651,中国军事电影史,3,81.37,244.11
41156,3,3587,DD12462719041,中国军事,1,83.74,83.74
41157,1,3588,DD11845671844,中国军事通览,3,79.0,237.0
41157,2,3589,DD12302326350,中国军事法学论丛,1,81.37,81.37
41157,3,3590,DD12462182781,中国军事伦理文化史,2,83.74,167.48
41158,1,3591,DD11887597513,中国军事战略问题研究,1,79.0,79.0
41158,2,3592,DD12400754535,中国军事伦理文化史,2,81.37,162.74
41158,3,3593,DD11622002293,中国军事通览,3,83.74,251.22
41159,1,3594,DD11936833673,中国军事法学论丛(第6卷):海空安全、信息化建设和军民融合式发展薛刚凌编,2,79.0,158.0
41159,2,3595,DD12410779308,中国军事之,3,81.37,244.11
41159,3,3596,DD11937608963,中国军事,1,83.74,83.74
41160,1,3597,DD12316004884,中国军事法学研究的回顾与思考,3,79.0,237.0
41160,2,3598,DD12414102616,军事理论与技能训练教程,1,81.37,81.37
41160,3,3599,DD12466976797,军事理论教程:广东省普通高等学校,2,83.74,167.48
41161,1,3600,DD12403691061,军事理论教程:广东省普通高等学校,1,79.0,79.0
41161,2,3601,DD12409047836,T军事理论教程(本科教材),2,81.37,162.74
41161,3,3602,DD12409037736,T大学生军事理论教程,3,83.74,251.22
41162,1,3603,DD11735448944,大学生军事理论课教程,2,79.0,158.0
41162,2,3604,DD11611038737,大学生军事理论课教程政治理论,3,81.37,244.11
41162,3,3605,DD12344083427,军事理论与技能训练教程,1,83.74,83.74
41163,1,3606,DD12405071847,军事理论与技能训练,3,79.0,237.0
41163,2,3607,DD24021206,军事理论教程,1,81.37,81.37
41163,3,3608,DD11769094369,军事理论教程,2,83.74,167.48
41164,1,3609,DD11186305750,军事理论教程,1,79.0,79.0
41164,2,3610,DD11766439589,军事理论教程(普通高等学校国防教育系列教材),2,81.37,162.74
41164,3,3611,DD605254456,军事理论教程(普通高等学校国防教育系列教材),3,83.74,251.22
41165,1,3612,DD12304382200,军事理论与军事技能教程,2,79.0,158.0
41165,2,3613,DD11184334230,军事理论教程(普通高等学校国防教育系列教材),3,81.37,244.11
41165,3,3614,DD605644535,军事理论教程(普通高等学校国防教育系列教材),1,83.74,83.74
41166,1,3615,DD605644615,军事理论教程(普通高等学校国防教育系列教材),3,79.0,237.0
41166,2,3616,DD11891335646,军事理论教程(普通高等学校国防教育系列教材),1,81.37,81.37
41166,3,3617,DD11946986277,军事理论教程(普通高等学校国防教育系列教材),2,83.74,167.48
41167,1,3618,DD12341887046,军事理论教程,1,79.0,79.0
41167,2,3619,DD12351518984,军事理论教程,2,81.37,162.74
41167,3,3620,DD12312072303,军事理论教程,3,83.74,251.22
41168,1,3621,DD1596383954,当天发货,2,79.0,158.0
41168,2,3622,DD1601908881,军事理论教程第二版第2版,3,81.37,244.11
41168,3,3623,DD11962253399,信息时代军事理论精品系列兵棋:从实验室走向战场,1,83.74,83.74
41169,1,3624,DD11939102376,信息时代军事理论精品系列兵棋:从实验室走向战场,3,79.0,237.0
41169,2,3625,DD11930829380,信息时代军事理论精品系列兵棋:从实验室走向战场,1,81.37,81.37
41169,3,3626,DD12316239809,信息时代军事理论精品系列兵棋:从实验室走向战场,2,83.74,167.48
41170,1,3627,DD11871758773,信息时代军事理论精品系列兵棋:从实验室走向战场,1,79.0,79.0
41170,2,3628,DD11894748140,信息时代军事理论精品系列兵棋:从实验室走向战场,2,81.37,162.74
41170,3,3629,DD25163984,普通高校军事理论与技能教程,3,83.74,251.22
41171,1,3630,DD12392086276,图书T军事理论教程,2,79.0,158.0
41171,2,3631,DD12409013126,T新编大学生军事理论(含微课)(本科教材),3,81.37,244.11
41171,3,3632,DD11744832518,书籍军事理论教程第七版,1,83.74,83.74
41172,1,3633,DD11765617834,军事箴言(上下),3,79.0,237.0
41172,2,3634,DD11831258084,军事箴言(上下),1,81.37,81.37
41172,3,3635,DD12423232489,高职军事理论实用教程,2,83.74,167.48
41173,1,3636,DD11964062210,高职军事理论实用教程,1,79.0,79.0
41173,2,3637,DD1057184109,高校军事理论教程(第9版)新华,2,81.37,162.74
41173,3,3638,DD1183447205,高校军事理论教程(第9版),3,83.74,251.22
41174,1,3639,DD12389430426,大学军事理论教程/普通高等教育“十二五”国防教育课程规划教材,2,79.0,158.0
41174,2,3640,DD12302369605,高职军事理论实用教程,3,81.37,244.11
41174,3,3641,DD12347510180,高校军事理论教程,1,83.74,83.74
41175,1,3642,DD12406654756,高校军事理论教程,3,79.0,237.0
41175,2,3643,DD12303428890,大学军事理论教程,1,81.37,81.37
41175,3,3644,DD1202519813,大学军事理论与技能训练,2,83.74,167.48
41176,1,3645,DD29789410,国际关系实用手册(第二版),1,79.0,79.0
41176,2,3646,DD29650681,国际关系通识社会科学通识系列,2,81.37,162.74
41176,3,3647,DD29885150,国际关系史案例研习教程,3,83.74,251.22
41177,1,3648,DD12417715077,国际关系理论名著导读,2,79.0,158.0
41177,2,3649,DD12402521331,国际关系理论导论日,3,81.37,244.11
41177,3,3650,DD12359757639,国际关系学前沿教材丛书:全球环境与气候治理,1,83.74,83.74
41178,1,3651,DD12374397975,国际关系学前沿教材丛书:全球环境与气候治理,3,79.0,237.0
41178,2,3652,DD12462291021,国际关系学前沿教材丛书:全球环境与气候治理,1,81.37,81.37
41178,3,3653,DD12488219971,国际关系学前沿教材丛书:全球环境与气候治理庄贵阳、朱仙丽、赵行姝著,2,83.74,167.48
41179,1,3654,DD12401364165,国际关系:世纪之交的冲突与合作美,1,79.0,79.0
41179,2,3655,DD12440842471,国际关系研究实用方法,2,81.37,162.74
41179,3,3656,DD11467180348,国际关系中的民族文化,3,83.74,251.22
41180,1,3657,DD12461449971,国际关系学概论,2,79.0,158.0
41180,2,3658,DD12339210084,国际关系学前沿教材丛书:全球环境与气候治理,3,81.37,244.11
41180,3,3659,DD12322701280,国际关系格局:理论与实践方柏华著,1,83.74,83.74
41181,1,3660,DD11739907190,国际关系研究实用方法,3,79.0,237.0
41181,2,3661,DD12316966164,国际关系中的民族文化,1,81.37,81.37
41181,3,3662,DD12356031483,国际关系中的民族文化,2,83.74,167.48
41182,1,3663,DD11973198856,国际关系社会学俄,1,79.0,79.0
41182,2,3664,DD12339529716,国际关系研究实用方法,2,81.37,162.74
41182,3,3665,DD12412411341,国际关系社会学俄,3,83.74,251.22
41183,1,3666,DD12312633134,国际关系社会学俄,2,79.0,158.0
41183,2,3667,DD12304095454,国际关系研究实用方法,3,81.37,244.11
41183,3,3668,DD12332616963,国际关系研究实用方法,1,83.74,83.74
41184,1,3669,DD12374537275,国际关系与全球传播陈卫星编,3,79.0,237.0
41184,2,3670,DD12487908911,国际关系与全球传播陈卫星编,1,81.37,81.37
41184,3,3671,DD12360875019,国际关系与全球传播,2,83.74,167.48
41185,1,3672,DD11845205457,国际关系评论:第7卷,1,79.0,79.0
41185,2,3673,DD12355507289,国际关系研究丛书:美国“民主联盟”战略研究,2,81.37,162.74
41185,3,3674,DD29729132,国际关系理论中的隐喻(国际政治语言学译丛),3,83.74,251.22
41186,1,3675,DD12466730147,国际关系研究丛书:美国“民主联盟”战略研究,2,79.0,158.0
41186,2,3676,DD12313302514,国际关系理论与东亚安全,3,81.37,244.11
41186,3,3677,DD12389249736,国际关系学研究方法,1,83.74,83.74
41187,1,3678,DD12358699869,国际关系理论与东亚安全,3,79.0,237.0
41187,2,3679,DD12441919461,国际关系学研究方法,1,81.37,81.37
41187,3,3680,DD12413497207,国际关系社会学俄,2,83.74,167.48
41188,1,3681,DD12392272961,国际关系学研究方法,1,79.0,79.0
41188,2,3682,DD696541642,国际关系学:理论与实践,2,81.37,162.74
41188,3,3683,DD12350114098,国际关系学理论与实践,3,83.74,251.22
41189,1,3684,DD12358622323,国际关系学理论与实践,2,79.0,158.0
41189,2,3685,DD12374604205,国际关系理论与东亚安全朱锋著,3,81.37,244.11
41189,3,3686,DD11995269223,国际关系与全球传播,1,83.74,83.74
41190,1,3687,DD11271135317,国际关系评论:第7卷国际关系,3,79.0,237.0
41190,2,3688,DD12305528926,国际关系与大国战略,1,81.37,81.37
41190,3,3689,DD11740449910,国际关系论(日),2,83.74,167.48
41191,1,3690,DD12313317504,国际关系中的制度选择:一种交易成本的视角,1,79.0,79.0
41191,2,3691,DD12413125421,国际关系中的制度选择:一种交易成本的视角,2,81.37,162.74
41191,3,3692,DD11192546665,思想政治理论(高等医药院校药学专业教材),3,83.74,251.22
41192,1,3693,DD11034040564,思想政治理论(高等医药院校药学专业教材),2,79.0,158.0
41192,2,3694,DD1298916116,思想政治理论(高等医药院校药学专业教材),3,81.37,244.11
41192,3,3695,DD1389167489,思想政治理论(高等医药院校药学专业教材),1,83.74,83.74
41193,1,3696,DD1395777115,思想政治理论(高等医药院校药学专业教材),3,79.0,237.0
41193,2,3697,DD1375731810,思想政治理论(高等医药院校药学专业教材),1,81.37,81.37
41193,3,3698,DD1543136110,思想政治理论分析题专项突破2020徐之明编,2,83.74,167.48
41194,1,3699,DD12303363960,思想政治理论历年真题解析及高频考点透视,1,79.0,79.0
41194,2,3700,DD12331741552,思想政治理论金榜书900题(2023版),2,81.37,162.74
41194,3,3701,DD11924584793,思想政治理论金榜书900题(2023版),3,83.74,251.22
41195,1,3702,DD1537698752,思想政治理论分析题专项突破2020,2,79.0,158.0
41195,2,3703,DD1537698732,思想政治理论分析题专项突破2020,3,81.37,244.11
41195,3,3704,DD12492040057,思想政治理论新大纲解析,1,83.74,83.74
41196,1,3705,DD12405887076,思想政治理论,3,79.0,237.0
41196,2,3706,DD11196199735,思想政治理论分析题专项突破(2020)/徐之明考研政治金榜题名书系,1,81.37,81.37
41196,3,3707,DD11032489744,思想政治理论分析题专项突破(2020)/徐之明考研政治金榜题名书系,2,83.74,167.48
41197,1,3708,DD11983665385,思想政治理论,1,79.0,79.0
41197,2,3709,DD11954399453,思想政治理论红宝书900题,2,81.37,162.74
41197,3,3710,DD12332754802,思想政治理论金榜书逻辑图解,3,83.74,251.22
41198,1,3711,DD12303245640,思想政治理论金榜题名四套卷,2,79.0,158.0
41198,2,3712,DD11995790894,考研政治理论大纲配套辅导全书,3,81.37,244.11
41198,3,3713,DD12425932477,思想政治理论金榜书考研政治,1,83.74,83.74
41199,1,3714,DD1848397527,思想政治理论金榜书逻辑图解第20版2022,3,79.0,237.0
41199,2,3715,DD11891524866,思想政治理论强化1500题,1,81.37,81.37
41199,3,3716,DD12311905403,考研政治理论核心冲刺精编500题,2,83.74,167.48
41200,1,3717,DD1886313165,思想政治理论金榜书逻辑图解第20版2022,1,79.0,79.0
41200,2,3718,DD1886313215,思想政治理论金榜书逻辑图解第20版2022,2,81.37,162.74
41200,3,3719,DD1848397447,思想政治理论金榜书第20版2022,3,83.74,251.22
41201,1,3720,DD1848397267,思想政治理论金榜书900题第20版2022,2,79.0,158.0
41201,2,3721,DD12471512447,思想政治理论金榜书逻辑图解,3,81.37,244.11
41201,3,3722,DD1886313295,思想政治理论金榜书900题第20版2022,1,83.74,83.74
41202,1,3723,DD1886313255,思想政治理论金榜书第20版2022,3,79.0,237.0
41202,2,3724,DD11514368087,思想政治理论金榜书900题第20版2022,1,81.37,81.37
41202,3,3725,DD11991319237,思想政治理论金榜书第20版2022,2,83.74,167.48
41203,1,3726,DD12403345538,思想政治理论金榜书900题第20版2022,1,79.0,79.0
41203,2,3727,DD11991762087,思想政治理论金榜书900题第20版2022,2,81.37,162.74
41203,3,3728,DD1886313245,思想政治理论金榜书第20版2022,3,83.74,251.22
41204,1,3729,DD1886313305,思想政治理论金榜书900题第20版2022,2,79.0,158.0
41204,2,3730,DD11017467914,思想政治理论考试指南(2020全国硕士研究生招生考试),3,81.37,244.11
41204,3,3731,DD1502352459,思想政治理论考试指南(2020全国硕士研究生招生考试)新华,1,83.74,83.74
41205,1,3732,DD1501570178,思想政治理论考试指南(2020全国硕士研究生招生考试),3,79.0,237.0
41205,2,3733,DD11154011135,思想政治理论考试指南(2020全国硕士研究生招生考试),1,81.37,81.37
41205,3,3734,DD1501988275,思想政治理论考试指南(2020全国硕士研究生招生考试),2,83.74,167.48
41206,1,3735,DD1486722739,思想政治理论金榜书,1,79.0,79.0
41206,2,3736,DD12471512487,思想政治理论金榜书900题,2,81.37,162.74
41206,3,3737,DD11173210915,思想政治理论金榜书(2020第18版红宝书升级版)/徐之明考研政治金榜题名书系,3,83.74,251.22
41207,1,3738,DD11023625844,思想政治理论金榜书(2020第18版红宝书升级版)/徐之明考研政治金榜题名书系,2,79.0,158.0
41207,2,3739,DD11725058019,循证社会科学总论,3,81.37,244.11
41207,3,3740,DD11724157207,循证社会科学总论,1,83.74,83.74
41208,1,3741,DD11752046199,循证社会科学总论,3,79.0,237.0
41208,2,3742,DD11724157267,循证社会科学总论,1,81.37,81.37
41208,3,3743,DD11732791160,循证社会科学总论,2,83.74,167.48
41209,1,3744,DD11731804600,循证社会,1,79.0,79.0
41209,2,3745,DD11727665634,循证社会,2,81.37,162.74
41209,3,3746,DD11788542207,循证社会,3,83.74,251.22
41210,1,3747,DD11722756532,循证社会,2,79.0,158.0
41210,2,3748,DD11744358321,循证社会,3,81.37,244.11
41210,3,3749,DD12382990556,循证社会科学总论,1,83.74,83.74
41211,1,3750,DD12394516298,循证社会科学总论,3,79.0,237.0
41211,2,3751,DD29703793,循证社会科学总论,1,81.37,81.37
41211,3,3752,DD11955323143,循证社会科学总论,2,83.74,167.48
41212,1,3753,DD12413928706,循证社会科学总论,1,79.0,79.0
41212,2,3754,DD12334325526,循证社会科学总论,2,81.37,162.74
41212,3,3755,DD12443949197,九三年社会科学总论,3,83.74,251.22
41213,1,3756,DD12331194147,房奴社会科学总论,2,79.0,158.0
41213,2,3757,DD11247146037,乡土情社会科学总论,3,81.37,244.11
41213,3,3758,DD12445819777,统计学社会科学总论,1,83.74,83.74
41214,1,3759,DD12354004597,星之彩社会科学总论,3,79.0,237.0
41214,2,3760,DD11994789477,统计学社会科学总论,1,81.37,81.37
41214,3,3761,DD12439479247,统计学社会科学总论,2,83.74,167.48
41215,1,3762,DD12424478357,红楼梦社会科学总论,1,79.0,79.0
41215,2,3763,DD12407891267,统计学社会科学总论,2,81.37,162.74
41215,3,3764,DD11962516537,统计学社会科学总论,3,83.74,251.22
41216,1,3765,DD12364923087,原道社会科学总论湖南大学出版社,2,79.0,158.0
41216,2,3766,DD12388134637,2025新版乡土中国费孝通原著无删减当当自营新华,3,81.37,244.11
41216,3,3767,DD12449959177,统计学社会科学总论,1,83.74,83.74
41217,1,3768,DD11735385069,张新刚著社会科学总论社科,3,79.0,237.0
41217,2,3769,DD12396063577,我爱青海社会科学总论,1,81.37,81.37
41217,3,3770,DD12396063467,我爱四川社会科学总论,2,83.74,167.48
41218,1,3771,DD12396063177,我爱山东社会科学总论,1,79.0,79.0
41218,2,3772,DD12396063217,我爱河南社会科学总论,2,81.37,162.74
41218,3,3773,DD12406709357,唐诗与音乐社会科学总论,3,83.74,251.22
41219,1,3774,DD12401077607,调查研究社会科学总论,2,79.0,158.0
41219,2,3775,DD11732857337,容忍与自由社会科学总论,3,81.37,244.11
41219,3,3776,DD12446053277,文史探赜社会科学总论,1,83.74,83.74
41220,1,3777,DD11270966737,人类的故事社会科学总论,3,79.0,237.0
41220,2,3778,DD12435898067,文教往事社会科学总论,1,81.37,81.37
41220,3,3779,DD12335060427,回忆与研究社会科学总论,2,83.74,167.48
41221,1,3780,DD12335110297,加图来信社会科学总论,1,79.0,79.0
41221,2,3781,DD12382206377,吕思勉文选社会科学总论,2,81.37,162.74
41221,3,3782,DD12436575747,潘光旦文选社会科学总论,3,83.74,251.22
41222,1,3783,DD11282987617,晋人豫让社会科学总论,2,79.0,158.0
41222,2,3784,DD12331308477,天涯若比邻社会科学总论,3,81.37,244.11
41222,3,3785,DD12419712217,社会的法则社会科学总论,1,83.74,83.74
41223,1,3786,DD29197809,社会学的想象力(新版),3,79.0,237.0
41223,2,3787,DD29863551,社会学看中国:中国社会学通识课十位重磅社会学家破解现实真问题2025中国好书,1,81.37,81.37
41223,3,3788,DD24239704,社会学的想象力,2,83.74,167.48
41224,1,3789,DD29462854,社会学的邀请大学的邀请系列精装一本大家写的社会学入门之书,1,79.0,79.0
41224,2,3790,DD29637609,社会学基本概念(第三版)社会学大家,2,81.37,162.74
41224,3,3791,DD29741365,社会学导论(第六版),3,83.74,251.22
41225,1,3792,DD12100013359,社会学家与历史学家+图像证史+什么是文化史+历史学十二讲增订本+人类精神进步史表纲要,2,79.0,158.0
41225,2,3793,DD12100022795,天畅社会学,3,81.37,244.11
41225,3,3794,DD28985676,社会学是什么人文社会科学是什么系列社会学经典入门,1,83.74,83.74
41226,1,3795,DD27946361,社会学基础,3,79.0,237.0
41226,2,3796,DD29630412,社会学入门:了解自我影响他人的82个社会学知识7大主题x35位社会学巨擘x82个问题x131个知识点,1,81.37,81.37
41226,3,3797,DD11975229040,社会学基本概念(第三版),2,83.74,167.48
41227,1,3798,DD29932293,社会学家与历史学家:布尔迪厄与夏蒂埃对话录用布尔迪厄的视角观察社会，沿着夏蒂埃的思路探索历史,1,79.0,79.0
41227,2,3799,DD29181495,社会学的基本概念经济行动与社会团体深入了解韦伯学术的基础和核心概念，一本不可或缺的社会学入门书,2,81.37,162.74
41227,3,3800,DD29202887,社会学概论(第二版)—马克思主义理论研究和建设工程重点教材,3,83.74,251.22
41228,1,3801,DD29334133,社会学论文写作讲义规范的社会学论文是怎样“炼”成的,2,79.0,158.0
41228,2,3802,DD29825244,见树又见林:社会学作为生活、实践与承诺,3,81.37,244.11
41228,3,3803,DD29733146,社会学:17版(上下册),1,83.74,83.74
41229,1,3804,DD29324323,社会学方法的准则(汉译名著本)集中体现迪尔凯姆学术观点的社会学经典著作,3,79.0,237.0
41229,2,3805,DD29406632,社会学概论新修(第五版),1,81.37,81.37
41229,3,3806,DD29328514,社会学方法的新准则,2,83.74,167.48
41230,1,3807,DD1560269392,社会学概论新修精编本第3版,1,79.0,79.0
41230,2,3808,DD12100012873,社会学教程(社会学教程,2,81.37,162.74
41230,3,3809,DD29895472,社会学科学导论,3,83.74,251.22
41231,1,3810,DD29471236,数字社会学一,2,79.0,158.0
41231,2,3811,DD11735804350,社会学原来这么有趣有用你不可不有的社会学思维成功励志心理学,3,81.37,244.11
41231,3,3812,DD29138645,穿透像社会学家一样思考清华大学社会学家严飞写给每个人的社会学通识书当当自营清华大学社会学家,1,83.74,83.74
41232,1,3813,DD12357513825,社会学的想象力当当自营同款,3,79.0,237.0
41232,2,3814,DD11538880022,高教现货P23本社会学教材王思斌社会工作概论第三版+风笑天社会研究方法第六版+社会学概论新修第五版中国人民大,1,81.37,81.37
41232,3,3815,DD23323949,法社会学,2,83.74,167.48
41233,1,3816,DD11918485082,法律社会学非正当性的支配,1,79.0,79.0
41233,2,3817,DD28512513,媒介社会学,2,81.37,162.74
41233,3,3818,DD12401008091,现代社会学理论乔治·瑞泽尔著社会学,3,83.74,251.22
41234,1,3819,DD29943506,社会学写作指南牛津学科论文写作进阶系列,2,79.0,158.0
41234,2,3820,DD29181493,支配社会学韦伯作品当当自营对“权力与支配”的社会学研究，韦伯社会学“功力*纯熟与*精致的部分,3,81.37,244.11
41234,3,3821,DD11881757073,历史社会学的技艺,1,83.74,83.74
41235,1,3822,DD11517972747,社会学的想象力(新版)(美)C.赖特·米尔斯|责编,3,79.0,237.0
41235,2,3823,DD11575687144,社会学研究系列任选精英的傲慢公正桑德尔哈佛大学教授《公正》,1,81.37,81.37
41235,3,3824,DD28530937,风险社会学,2,83.74,167.48
41236,1,3825,DD12411424891,社会学入门:一种现实分析方法詹姆斯·汉斯林(HenslinJames),1,79.0,79.0
41236,2,3826,DD28968685,社会学的基本概念,2,81.37,162.74
41236,3,3827,DD24245811,社会学视野中的思想政治工作(第二版),3,83.74,251.22
41237,1,3828,DD27904696,社会学讲义,2,79.0,158.0
41237,2,3829,DD12310430010,社会学通论,3,81.37,244.11
41237,3,3830,DD12426035079,社会学原理日,1,83.74,83.74
41238,1,3831,DD28484556,社会学概论新修精编本(第三版)(新编21世纪社会学系列教材),3,79.0,237.0
41238,2,3832,DD12399880075,社会学通论/通识教育核心课程系列教材大学素质教育精品课教材,1,81.37,81.37
41238,3,3833,DD29387401,语言文字规范标准百问百答,2,83.74,167.48
41239,1,3834,DD28495043,语言文字规范手册《语言文字规范手册》自1990年出版以来，受到广大读者的普遍欢迎，不断再版重印,1,79.0,79.0
41239,2,3835,DD11994101797,语言文字规范标准,2,81.37,162.74
41239,3,3836,DD29687516,语言文字积累与梳理(小学语文学习任务群课例设计丛书)与“新课标”配套使用,3,83.74,251.22
41240,1,3837,DD12467550717,语言文字规范使用指南,2,79.0,158.0
41240,2,3838,DD12402688551,语言文字规范手册,3,81.37,244.11
41240,3,3839,DD11936284353,语言文字原理彭泽润、李葆嘉主编,1,83.74,83.74
41241,1,3840,DD12403730501,语言文字学辨伪集,3,79.0,237.0
41241,2,3841,DD12487792181,语言文字规范手册,1,81.37,81.37
41241,3,3842,DD12467487647,语言文字原理,2,83.74,167.48
41242,1,3843,DD12359456469,语言文字规范使用指南,1,79.0,79.0
41242,2,3844,DD12404228031,语言文字规范使用指南,2,81.37,162.74
41242,3,3845,DD11940160253,语言文字工作百题,3,83.74,251.22
41243,1,3846,DD12360592389,语言文字规范手册,2,79.0,158.0
41243,2,3847,DD12461366641,语言文字规范手册,3,81.37,244.11
41243,3,3848,DD12338011456,语言文字规范手册,1,83.74,83.74
41244,1,3849,DD11959981904,语言文字规范手册,3,79.0,237.0
41244,2,3850,DD11853466602,语言文字论集,1,81.37,81.37
41244,3,3851,DD12392827451,语言文字规范手册,2,83.74,167.48
41245,1,3852,DD12402170055,语言文字规范手册,1,79.0,79.0
41245,2,3853,DD12486166931,语言文字规范手册,2,81.37,162.74
41245,3,3854,DD12462002931,语言文字规范手册,3,83.74,251.22
41246,1,3855,DD11716875721,08语言文字规范手册,2,79.0,158.0
41246,2,3856,DD12467856797,语言文字规范手册,3,81.37,244.11
41246,3,3857,DD12398658135,语言文字应用规范手册,1,83.74,83.74
41247,1,3858,DD11717004451,语言文字应用探索,3,79.0,237.0
41247,2,3859,DD12352929359,语言文字规范手册,1,81.37,81.37
41247,3,3860,DD12354050349,语言文字规范使用指南,2,83.74,167.48
41248,1,3861,DD11785930643,语言文字答问,1,79.0,79.0
41248,2,3862,DD12324648304,语言文字规范手册,2,81.37,162.74
41248,3,3863,DD12329348024,语言文字规范手册,3,83.74,251.22
41249,1,3864,DD12461680351,语言文字规范使用指南,2,79.0,158.0
41249,2,3865,DD12481348147,语言文字答问,3,81.37,244.11
41249,3,3866,DD12365512894,语言文字答问,1,83.74,83.74
41250,1,3867,DD12401028665,语言文字规范手册,3,79.0,237.0
41250,2,3868,DD12481410527,语言文字答问,1,81.37,81.37
41250,3,3869,DD12457705997,语言文字信息处理,2,83.74,167.48
41251,1,3870,DD12346152160,语言文字规范手册,1,79.0,79.0
41251,2,3871,DD12454846157,语言文字规范手册,2,81.37,162.74
41251,3,3872,DD12410090706,语言文字规范手册,3,83.74,251.22
41252,1,3873,DD11777658381,语言文字答问杜永道社会科学语言文字语言文字学,2,79.0,158.0
41252,2,3874,DD11774593462,小学生益智故事系列:语言文字知识故事(双色),3,81.37,244.11
41252,3,3875,DD12377356817,语言文字规范手册(最新版),1,83.74,83.74
41253,1,3876,DD11611676406,08语言文字规范手册,3,79.0,237.0
41253,2,3877,DD12358458403,语言文字词典,1,81.37,81.37
41253,3,3878,DD12346170870,语言文字规范手册,2,83.74,167.48
41254,1,3879,DD12337062274,语言文字词典,1,79.0,79.0
41254,2,3880,DD29706317,文化理论与大众文化导论(第九版)未名社科媒介与社会丛书,2,81.37,162.74
41254,3,3881,DD11728546007,文化理论与大众文化导论(第9版),3,83.74,251.22
41255,1,3882,DD11737604870,文化理论与通俗文化导论当代学术棱镜(英),2,79.0,158.0
41255,2,3883,DD12394029441,文化理论与通俗文化导论英,3,81.37,244.11
41255,3,3884,DD12339309776,文化理论与通俗文化导论英,1,83.74,83.74
41256,1,3885,DD12412949451,文化理论与通俗文化导论英,3,79.0,237.0
41256,2,3886,DD12399754255,文化理论与通俗文化导论英,1,81.37,81.37
41256,3,3887,DD11716598031,文化理论与通俗文化导论当代学术棱镜,2,83.74,167.48
41257,1,3888,DD12313135624,文化理论与通俗文化导论英,1,79.0,79.0
41257,2,3889,DD11963681065,文化理论与通俗文化导论达额立减,2,81.37,162.74
41257,3,3890,DD12342689104,文化理论与电影分析,3,83.74,251.22
41258,1,3891,DD12439637197,文化理论与电影分析影视艺术理论,2,79.0,158.0
41258,2,3892,DD11988679480,文化理论与通俗文化导论当代学术棱镜,3,81.37,244.11
41258,3,3893,DD11943222876,文化理论与通俗文化导论,1,83.74,83.74
41259,1,3894,DD12409369646,文化理论与通俗文化导论(英),3,79.0,237.0
41259,2,3895,DD11616615243,文化理论与通俗文化导论当代学术棱镜(英),1,81.37,81.37
41259,3,3896,DD12312576914,文化理论关键词英,2,83.74,167.48
41260,1,3897,DD12339745806,文化理论关键词英,1,79.0,79.0
41260,2,3898,DD12412318821,文化理论关键词英,2,81.37,162.74
41260,3,3899,DD12398898395,文化理论与俄罗斯文化史俄,3,83.74,251.22
41261,1,3900,DD12349747408,文化理论与俄罗斯文化史俄,2,79.0,158.0
41261,2,3901,DD12356593723,文化理论与俄罗斯文化史俄,3,81.37,244.11
41261,3,3902,DD12432664026,文化理论与通俗文化导论,1,83.74,83.74
41262,1,3903,DD12336995945,文化理论与通俗文化导论当代学术棱镜(英),3,79.0,237.0
41262,2,3904,DD12305001240,文化理论与通俗文化导论当代学术棱镜(英),1,81.37,81.37
41262,3,3905,DD12332752442,文化理论与现代性问题(文化创意产业译丛)英阿兰,2,83.74,167.48
41263,1,3906,DD12348643956,文化理论与通俗文化导论当代学术棱镜(英),1,79.0,79.0
41263,2,3907,DD1050504962,文化理论与现代性问题文化理论中国,2,81.37,162.74
41263,3,3908,DD11717471870,文化理论与通俗文化导论当代学术棱镜(英),3,83.74,251.22
41264,1,3909,DD12338023334,文化理论与通俗文化导论英,2,79.0,158.0
41264,2,3910,DD12499091037,文化理论与电影分析,3,81.37,244.11
41264,3,3911,DD11620515923,文化理论关键词—现代思想译丛(英),1,83.74,83.74
41265,1,3912,DD12310733050,"文化理论关键词—现代思想译丛(英)卡瓦拉罗著,张卫东等译",3,79.0,237.0
41265,2,3913,DD11994886200,文化理论关键词—现代思想译丛(英),1,81.37,81.37
41265,3,3914,DD11844740637,文化理论与电影分析,2,83.74,167.48
41266,1,3915,DD12501340907,文化理论与大众文化导论英,1,79.0,79.0
41266,2,3916,DD12402339215,文化理论与大众文化导论英约翰·斯道雷(JohnStorey)著；常江译,2,81.37,162.74
41266,3,3917,DD11737390220,文化理论与大众文化导论(英),3,83.74,251.22
41267,1,3918,DD23192657,文化理论与现代性问题(文化创意产业译丛),2,79.0,158.0
41267,2,3919,DD11708179635,文化理论与大众文化导论,3,81.37,244.11
41267,3,3920,DD11750385051,文化理论与大众文化导论(英),1,83.74,83.74
41268,1,3921,DD12441355421,文化理论:导论英,3,79.0,237.0
41268,2,3922,DD11176223830,文化理论与现代性问题,1,81.37,81.37
41268,3,3923,DD12423223667,文化理论:导论英,2,83.74,167.48
41269,1,3924,DD12373808765,文化理论:导论英,1,79.0,79.0
41269,2,3925,DD11763030219,文化理论与现代性问题英,2,81.37,162.74
41269,3,3926,DD11946761566,文化理论与大众文化导论,3,83.74,251.22
41270,1,3927,DD12412468528,南阳少数民族民俗文化,2,79.0,158.0
41270,2,3928,DD12342630742,甘肃少数民族民俗文化概览,3,81.37,244.11
41270,3,3929,DD11999913343,贵州少数民族民俗文化研究,1,83.74,83.74
41271,1,3930,DD11987530878,南阳少数民族民俗文化,3,79.0,237.0
41271,2,3931,DD12461901871,贵州少数民族民俗文化研究,1,81.37,81.37
41271,3,3932,DD12372243645,贵州少数民族民俗文化研究,2,83.74,167.48
41272,1,3933,DD12501057377,贵州少数民族民俗文化研究,1,79.0,79.0
41272,2,3934,DD12356958349,甘肃少数民族民俗文化概览,2,81.37,162.74
41272,3,3935,DD11786901742,甘肃少数民族民俗文化概览,3,83.74,251.22
41273,1,3936,DD11993178420,贵州少数民族民俗文化研究,2,79.0,158.0
41273,2,3937,DD12334633235,贵州少数民族民俗文化研究,3,81.37,244.11
41273,3,3938,DD11345749357,贵州少数民族民俗文化研究中国,1,83.74,83.74
41274,1,3939,DD11848228220,贵州少数民族民俗文化研究,3,79.0,237.0
41274,2,3940,DD12467061127,贵州少数民族民俗文化研究,1,81.37,81.37
41274,3,3941,DD12416856347,贵州少数民族民俗文化研究,2,83.74,167.48
41275,1,3942,DD11987464690,贵州少数民族民俗文化研究,1,79.0,79.0
41275,2,3943,DD11943451010,贵州少数民族民俗文化研究,2,81.37,162.74
41275,3,3944,DD11928434062,贵州少数民族民俗文化研究,3,83.74,251.22
41276,1,3945,DD12475194767,贵州少数民族民俗文化研究,2,79.0,158.0
41276,2,3946,DD12357356803,贵州少数民族民俗文化研究,3,81.37,244.11
41276,3,3947,DD12329835964,贵州少数民族民俗文化研究,1,83.74,83.74
41277,1,3948,DD12348609130,洮岷花儿与西北民族民俗文化研究,3,79.0,237.0
41277,2,3949,DD12305460690,洮岷花儿与西北民族民俗文化研究,1,81.37,81.37
41277,3,3950,DD12348822856,洮岷花儿与西北民族民俗文化研究,2,83.74,167.48
41278,1,3951,DD11882812170,洮岷花儿与西北民族民俗文化研究,1,79.0,79.0
41278,2,3952,DD12306265640,洮岷花儿与西北民族民俗文化研究,2,81.37,162.74
41278,3,3953,DD12417767575,饮食民俗/湖南少数民族民俗文化研究丛书,3,83.74,251.22
41279,1,3954,DD11997189204,服饰民俗湖南少数民族民俗文化研究丛书,2,79.0,158.0
41279,2,3955,DD11993854158,礼仪民俗/湖南少数民族民俗文化研,3,81.37,244.11
41279,3,3956,DD12387236567,服饰民俗湖南少数民族民俗文化研究丛书,1,83.74,83.74
41280,1,3957,DD11981897213,服饰民俗湖南少数民族民俗文化研究丛书,3,79.0,237.0
41280,2,3958,DD11969890849,服饰民俗/湖南少数民族民俗文化研究丛书,1,81.37,81.37
41280,3,3959,DD11845579524,洮岷花儿与西北民族民俗文化研究,2,83.74,167.48
41281,1,3960,DD11969867009,礼仪民俗/湖南少数民族民俗文化研究丛书,1,79.0,79.0
41281,2,3961,DD12416433865,礼仪民俗/湖南少数民族民俗文化研究丛书,2,81.37,162.74
41281,3,3962,DD12418020135,服饰民俗/湖南少数民族民俗文化研究丛书,3,83.74,251.22
41282,1,3963,DD12462856857,礼仪民俗湖南少数民族民俗文化研究丛书,2,79.0,158.0
41282,2,3964,DD12311698173,工艺民俗/湖南少数民族民俗文化研究丛书,3,81.37,244.11
41282,3,3965,DD12443003791,西北少数民族民俗文化变迁的社会性别研究,1,83.74,83.74
41283,1,3966,DD11512132147,预售外图台版贵州少数民族民俗文化研究,3,79.0,237.0
41283,2,3967,DD12402318037,宁波民俗文化民族文化上海三联书店,1,81.37,81.37
41283,3,3968,DD12312493263,敦煌西域文明与中国传统文化丛书:洮岷花儿与西北民族民俗文化研究,2,83.74,167.48
41284,1,3969,DD12323728070,敦煌西域文明与中国传统文化丛书:洮岷花儿与西北民族民俗文化研究,1,79.0,79.0
41284,2,3970,DD11829918843,丰富民俗文化民族的盛典王丽,2,81.37,162.74
41284,3,3971,DD11768564984,中国服装服饰美学史中国古代历朝代民族民俗文化服装研究服装文化知识饰物美学传统刺绣文化服饰审美文化,3,83.74,251.22
41285,1,3972,DD11460219744,中国服装服饰美学史中国古代历朝代民族民俗文化服装研究服装文化知识饰物美学传统刺绣文化服饰审美文化,2,79.0,158.0
41285,2,3973,DD11992696200,宁波民俗文化,3,81.37,244.11
41285,3,3974,DD11860697574,地域文化传承与儿童美术教学(伴随艺术成长),1,83.74,83.74
41286,1,3975,DD12308112472,地域文化与中学语文教学,3,79.0,237.0
41286,2,3976,DD12520708461,地域文化与中学语文教学,1,81.37,81.37
41286,3,3977,DD12435161727,地域文化与中学语文教学,2,83.74,167.48
41287,1,3978,DD12364303469,地域文化与中学语文教学,1,79.0,79.0
41287,2,3979,DD12373898545,地域文化与文学研究论集,2,81.37,162.74
41287,3,3980,DD12355322519,地域文化与文学研究论集,3,83.74,251.22
41288,1,3981,DD12508931257,地域文化视角下的《诗经》思想研究,2,79.0,158.0
41288,2,3982,DD12342047196,地域文化与文学研究论集,3,81.37,244.11
41288,3,3983,DD11765796909,地域文化与中学语文教学,1,83.74,83.74
41289,1,3984,DD1435445803,地域文化与中学语文教学,3,79.0,237.0
41289,2,3985,DD11186025860,地域文化与中学语文教学,1,81.37,81.37
41289,3,3986,DD12364587877,地域文化传承与儿童美术教学(伴随艺术成长),2,83.74,167.48
41290,1,3987,DD11718822803,地域文化与明代散曲,1,79.0,79.0
41290,2,3988,DD11771988592,地域文化与明代散曲,2,81.37,162.74
41290,3,3989,DD12406930329,地域文化传承与儿童美术教学(伴随艺术成长),3,83.74,251.22
41291,1,3990,DD23771044,地域文化视角下的地名规划:以新郑市地名规划为例,2,79.0,158.0
41291,2,3991,DD1082737364,地域文化与中学语文教学,3,81.37,244.11
41291,3,3992,DD12392321238,地域文化与中学语文教学,1,83.74,83.74
41292,1,3993,DD1020357652,地域文化与中学语文教学,3,79.0,237.0
41292,2,3994,DD23748438,地域文化与中学语文教学,1,81.37,81.37
41292,3,3995,DD11794169037,地域文化传承与儿童美术教学俊,2,83.74,167.48
41293,1,3996,DD11897889456,地域文化与中学语文教学,1,79.0,79.0
41293,2,3997,DD11991731787,地域文化与中学语文教学,2,81.37,162.74
41293,3,3998,DD12303767581,地域文化与中学语文教学,3,83.74,251.22
41294,1,3999,DD12404959926,地域文化与中学语文教学,2,79.0,158.0
41294,2,4000,DD11956761763,地域文化视角下凤凰古镇的保护与传承张蕾著,3,81.37,244.11
41294,3,4001,DD11771756712,地域文化视角下凤凰古镇的保护与传承,1,83.74,83.74
41295,1,4002,DD11947210583,地域文化视角下漫川关古镇的保护与传承,3,79.0,237.0
41295,2,4003,DD11176880020,地域文化下的,1,81.37,81.37
41295,3,4004,DD11786702579,地域文化下的,2,83.74,167.48
41296,1,4005,DD12302012800,地域文化与文学研究论集,1,79.0,79.0
41296,2,4006,DD1823240221,地域文化下的,2,81.37,162.74
41296,3,4007,DD11823258444,地域文化与岭南传统音乐传承研究,3,83.74,251.22
41297,1,4008,DD11851130637,地域文化与岭南传统音乐传承研究,2,79.0,158.0
41297,2,4009,DD11771756802,地域文化视角下漫川关古镇的保护与传承,3,81.37,244.11
41297,3,4010,DD11753244407,地域文化特色中新农村生态旅游设计的保护与开发,1,83.74,83.74
41298,1,4011,DD1801119125,地域文化下的,3,79.0,237.0
41298,2,4012,DD12410856637,地域文化视角下中国油画本土化研究,1,81.37,81.37
41298,3,4013,DD12442484387,地域文化背景下的秦文学研究,2,83.74,167.48
41299,1,4014,DD12406921129,地域文化特色中新农村生态旅游设计的保护与开发,1,79.0,79.0
41299,2,4015,DD12312583504,地域文化与乡村振兴设计,2,81.37,162.74
41299,3,4016,DD11949084663,地域文化传承与儿童美术教学(伴随艺术成长),3,83.74,251.22
41300,1,4017,DD12388923146,地域文化传承与儿童美术教学(伴随艺术成长),2,79.0,158.0
41300,2,4018,DD11849610587,地域文化视角下的南宋浙江词人群体研究,3,81.37,244.11
41300,3,4019,DD11822734184,地域文化视角下的南宋浙江词人群体研究,1,83.74,83.74
41301,1,4020,DD677449372,地域文化与乡村振兴设计达额立减,3,79.0,237.0
41301,2,4021,DD12100012409,博雅英华系列:糖史东晋门阀政治、中国古代官阶制度引论、唐代科举制度研究、士大夫政治演生史稿、魏晋玄学史、明清之际士大夫,1,81.37,81.37
41301,3,4022,DD12415362805,河洛文化的对外传播与交流(河洛文化研究丛书),2,83.74,167.48
41302,1,4023,DD604198215,预售外图台版翻译研究与跨文化交流店铺预售，付款后75-90天内发货,1,79.0,79.0
41302,2,4024,DD12321119254,文学与跨文化研究1:概念、应用与交流/跨文化研究德迈克尔·斯代帕、美顾力行编,2,81.37,162.74
41302,3,4025,DD11180119410,文学与跨文化研究(1):概念、应用与交流,3,83.74,251.22
41303,1,4026,DD11771458379,"文学与跨文化研究(1):概念、应用与交流(德)迈克尔·斯代帕,(美)顾力行编",2,79.0,158.0
41303,2,4027,DD1858303231,"文学与跨文化研究(1):概念、应用与交流(德)迈克尔·斯代帕,(美)顾力行编",3,81.37,244.11
41303,3,4028,DD1847597925,文学与跨文化研究(1):概念、应用与交流,1,83.74,83.74
41304,1,4029,DD1847597965,文学与跨文化研究(1):概念、应用与交流,3,79.0,237.0
41304,2,4030,DD12395008781,文学与跨文化研究一概念、应用与交流:英语,1,81.37,81.37
41304,3,4031,DD12338138394,中华福文化,2,83.74,167.48
41305,1,4032,DD29429242,雨果与中国-近现代中法文学与文化交流研究丛书,1,79.0,79.0
41305,2,4033,DD12517164971,文学与跨文化研究(1):概念、应用与交流,2,81.37,162.74
41305,3,4034,DD11898284006,文学与跨文化研究(1):概念、应用与交流,3,83.74,251.22
41306,1,4035,DD12369165259,文学与跨文化研究(1):概念、应用与交流德迈克尔·斯代帕、美,2,79.0,158.0
41306,2,4036,DD11946886162,文学与跨文化研究(1):概念、应用与交流德迈克尔·斯代帕、美,3,81.37,244.11
41306,3,4037,DD12331602737,文学与跨文化研究(1):概念、应用与交流德迈克尔·斯代帕、美,1,83.74,83.74
41307,1,4038,DD11848155921,文学与跨文化研究(一):概念、应用与交流,3,79.0,237.0
41307,2,4039,DD12391263908,文学与跨文化研究(1):概念、应用与交流,1,81.37,81.37
41307,3,4040,DD11957673448,文学与跨文化研究.一.概念、应用与交流:英语,2,83.74,167.48
41308,1,4041,DD11917015407,文学与跨文化研究(一):概念、应用与交流,1,79.0,79.0
41308,2,4042,DD12495802297,文学与跨文化研究(1):概念、应用与交流(德),2,81.37,162.74
41308,3,4043,DD12493675007,文学与跨文化研究(1):概念、应用与交流(德),3,83.74,251.22
41309,1,4044,DD11749749344,中华福文化中国国学研究与交流中心中华传统文化研究,2,79.0,158.0
41309,2,4045,DD12519288921,文学与跨文化研究(1):概念、应用与交流(德),3,81.37,244.11
41309,3,4046,DD12309946632,文学与跨文化研究(1):概念、应用与交流(德),1,83.74,83.74
41310,1,4047,DD12492230587,文学与跨文化研究.一.概念、应用与交流:英语,3,79.0,237.0
41310,2,4048,DD11865582914,文学与跨文化研究(一):概念、应用与交流,1,81.37,81.37
41310,3,4049,DD12489326631,文学与跨文化研究(一):概念、应用与交流,2,83.74,167.48
41311,1,4050,DD11971845574,文学与跨文化研究(一):概念、应用与交流,1,79.0,79.0
41311,2,4051,DD11872379082,文学与跨文化研究(一):概念、应用与交流,2,81.37,162.74
41311,3,4052,DD11876446963,文学与跨文化研究(一):概念、应用与交流,3,83.74,251.22
41312,1,4053,DD12338688302,文学与跨文化研究(一):概念、应用与交流,2,79.0,158.0
41312,2,4054,DD12515239881,文学与跨文化研究(一):概念、应用与交流,3,81.37,244.11
41312,3,4055,DD12378608738,河洛文化研究丛书:河洛文化的对外传播与交流,1,83.74,83.74
41313,1,4056,DD12334867215,跨文化交流与研究:韩国的文化和传播,3,79.0,237.0
41313,2,4057,DD11612062386,跨文化交流与研究:韩国的文化和传播,1,81.37,81.37
41313,3,4058,DD11998872583,跨文化交流与研究:韩国的文化和传播,2,83.74,167.48
41314,1,4059,DD12354631740,跨文化交流与研究:韩国的文化和传播,1,79.0,79.0
41314,2,4060,DD12501947377,跨文化交流与研究:韩国的文化和传播,2,81.37,162.74
41314,3,4061,DD12447069751,跨文化交流与研究:韩国的文化和传播,3,83.74,251.22
41315,1,4062,DD12350013030,跨文化交流与研究:韩国的文化和传播,2,79.0,158.0
41315,2,4063,DD11929217892,跨文化交流与研究:韩国的文化和传播,3,81.37,244.11
41315,3,4064,DD11995434584,跨文化交流与研究:韩国的文化和传播,1,83.74,83.74
41316,1,4065,DD12345142523,跨文化交流与研究:韩国的文化和传播,3,79.0,237.0
41316,2,4066,DD11994910993,跨文化交流与研究:韩国的文化和传播,1,81.37,81.37
41316,3,4067,DD12415999458,中韩学术交流与韩国传统文化研究9,2,83.74,167.48
41317,1,4068,DD12100014055,歪歪兔-中国儿童文学系列-,1,79.0,79.0
41317,2,4069,DD29193733,中国儿童文学百年百篇:童话卷2挤挤城和宽宽街,2,81.37,162.74
41317,3,4070,DD28472284,故乡中国儿童文学丛书,3,83.74,251.22
41318,1,4071,DD29627890,童年河中国儿童文学经典书小孩和大人都值得看的儿童成长小说小学生,2,79.0,158.0
41318,2,4072,DD11576987497,百年百部中国儿童文学经典书系任选妹妹的红雨鞋注音版彩图美绘林焕彰著1-2-3年纪小学生,3,81.37,244.11
41318,3,4073,DD29915922,我的妈妈是精灵,1,83.74,83.74
41319,1,4074,DD24001420,中国儿童文学名家典藏系列:木偶的森林,3,79.0,237.0
41319,2,4075,DD29412981,孙悟空在我们村里美绘典藏版中国儿童文学大赏小学生三四五六年级,1,81.37,81.37
41319,3,4076,DD20798664,中国儿童文学大系儿童剧一,2,83.74,167.48
41320,1,4077,DD20798665,中国儿童文学大系儿童剧二,1,79.0,79.0
41320,2,4078,DD29620718,中国当代获奖儿童文学作家书系A版,2,81.37,162.74
41320,3,4079,DD29895055,小翅膀中国好书全国优秀儿童文学奖鲁迅文学奖人民文学奖,3,83.74,251.22
41321,1,4080,DD29551508,中国当代获奖儿童文学作家第一辑(全10册盒装),2,79.0,158.0
41321,2,4081,DD29382358,中国当代获奖儿童文学作家(10册)第一辑塑封,3,81.37,244.11
41321,3,4082,DD29167107,月光下的肚肚狼百年百部精选注音书著名儿童文学作家冰波的长篇童话代表作,1,83.74,83.74
41322,1,4083,DD12100018258,神探迈克狐中国优质原创科学侦探故事多多罗新儿童文学侦探故事,3,79.0,237.0
41322,2,4084,DD29393151,好孩子书屋中国古代神话故事,1,81.37,81.37
41322,3,4085,DD29706207,中国经典儿童文学大系-班长下台“好书大家读”推荐书目，林良、金波、曹文轩等作家推荐,2,83.74,167.48
41323,1,4086,DD11680630538,中国民间故事五年级上册,1,79.0,79.0
41323,2,4087,DD20798676,中国儿童文学大系小说四,2,81.37,162.74
41323,3,4088,DD20798675,中国儿童文学大系小说三,3,83.74,251.22
41324,1,4089,DD20798667,中国儿童文学大系儿童剧四,2,79.0,158.0
41324,2,4090,DD23954189,“下次开船”港百年百部经典书系,3,81.37,244.11
41324,3,4091,DD29551507,中国当代获奖儿童文学第二辑(10册盒装),1,83.74,83.74
41325,1,4092,DD26516161,鼹鼠的月亮河:小学生书目、各童书榜单必荐书目，获中国作协第六届全国优秀儿童文学奖/王一梅漂流屋系列,3,79.0,237.0
41325,2,4093,DD29400530,中国神话故事儿童文学注音版(美绘大开本)一二三年级小学生,1,81.37,81.37
41325,3,4094,DD29620732,中国当代获奖儿童文学作家书系B版,2,83.74,167.48
41326,1,4095,DD29208603,红色经典—大鼻子的故事中国红色儿童文学经典系列小学生四五六年级课外书少年励志红色经典,1,79.0,79.0
41326,2,4096,DD23954186,一百个中国孩子的梦百年百部经典书系全国优秀儿童文学奖“五个一”工程图书奖董宏猷的梦幻体儿童小说,2,81.37,162.74
41326,3,4097,DD29780764,中国当代获奖儿童文学作家书系第三辑(全10册)塑封版,3,83.74,251.22
41327,1,4098,DD29598734,中国当代儿童文学获奖作家精选集10册装:精美插图注音版,2,79.0,158.0
41327,2,4099,DD27931665,中国儿童文学新世界我的朋友是怪兽用好玩的故事引爆孩子的想象力,3,81.37,244.11
41327,3,4100,DD29584717,中国儿童文学获奖作家作品选藏在心里的星星,1,83.74,83.74
41328,1,4101,DD11790719224,任选百年百部中国儿童文学经典书系小兵张嘎帽子的秘密小灵通漫游未来小布头奇遇记推开窗子看见你我们的母亲叫中国等三四五六,3,79.0,237.0
41328,2,4102,DD11605136577,任选百年百部中国儿童文学经典书系小学一二三四五六年级必读课外书阅读上下册宝葫芦的秘密一百个中国孩子的梦推开窗子看,1,81.37,81.37
41328,3,4103,DD28558225,2019年中国儿童文学精选·我在老街等你,2,83.74,167.48
41329,1,4104,DD28558224,2019年中国儿童文学精选·花婆婆的金盏菊,1,79.0,79.0
41329,2,4105,DD28558220,2019年中国儿童文学精选·会走路的歌,2,81.37,162.74
41329,3,4106,DD29393152,好孩子书屋中国古代寓言故事,3,83.74,251.22
41330,1,4107,DD28501838,装在口袋里的爸爸百年百部经典书系中国首位迪士尼签约作家杨鹏的代表作之一,2,79.0,158.0
41330,2,4108,DD11883668108,漫画中华文化1000问当当自营抖音同款,3,81.37,244.11
41330,3,4109,DD29550517,中国当代获奖儿童文学第二辑(10册塑封),1,83.74,83.74
41331,1,4110,DD628309401,中国儿童文学名家作品,3,79.0,237.0
41331,2,4111,DD12342430070,中国儿童文学经典书系:我记忆的摇篮,1,81.37,81.37
41331,3,4112,DD11936895093,中国儿童文学走向世界精品书系:生命的追问,2,83.74,167.48
41332,1,4113,DD11893372043,中国儿童文学名家读本,1,79.0,79.0
41332,2,4114,DD12358795059,中国儿童文学双年赏:故事卷一,2,81.37,162.74
41332,3,4115,DD12321201074,中国儿童文学名家读本·?花都开好了,3,83.74,251.22
41333,1,4116,DD12304528094,中国儿童文学,2,79.0,158.0
41333,2,4117,DD11336549002,中国儿童文学经典赏读-,3,81.37,244.11
41333,3,4118,DD1183991180,中国儿童文学传世经典:会摇尾巴的狼,1,83.74,83.74
41334,1,4119,DD12359451119,中国儿童文学经典书系:给孩子们,3,79.0,237.0
41334,2,4120,DD12389431106,中国儿童文学大师典藏品读书系,1,81.37,81.37
41334,3,4121,DD1615409356,中国儿童文学大师典藏品读书系(高年级春季卷),2,83.74,167.48
41335,1,4122,DD1201432280,中国儿童文学大师典藏品读书系(中年级夏季卷)英典图书专营店,1,79.0,79.0
41335,2,4123,DD1626243256,中国儿童文学大师典藏品读书系(高年级秋季卷),2,81.37,162.74
41335,3,4124,DD11948089023,中国儿童文学走向世界:甜草莓的秘密,3,83.74,251.22
41336,1,4125,DD12389436036,中国儿童文学大师典藏品读书系,2,79.0,158.0
41336,2,4126,DD1201432480,中国儿童文学大师典藏品读书系(中年级秋季卷)英典图书专营店,3,81.37,244.11
41336,3,4127,DD12466795057,中国儿童文学,1,83.74,83.74
41337,1,4128,DD1201432180,中国儿童文学大师典藏品读书系(中年级春季卷)英典图书专营店,3,79.0,237.0
41337,2,4129,DD1201432080,中国儿童文学大师典藏品读书系(中年级冬季卷)英典图书专营店,1,81.37,81.37
41337,3,4130,DD1630150416,中国儿童文学大师典藏品读书系(高年级冬季卷),2,83.74,167.48
41338,1,4131,DD12486820127,中国儿童文学大师典藏品读书系:低年级:冬季卷,1,79.0,79.0
41338,2,4132,DD12438801027,中国儿童文学传世经典:小桔灯,2,81.37,162.74
41338,3,4133,DD1169174446,中国儿童文学新经典(小说卷.中)小说卷.中,3,83.74,251.22
41339,1,4134,DD11957983102,中国儿童文学60周年典藏·成长的味道:小说卷2,2,79.0,158.0
41339,2,4135,DD1207796782,中国儿童文学新经典(小说卷.中)小说卷.中,3,81.37,244.11
41339,3,4136,DD11898276123,中国儿童文学大师杰作系列:城南旧事,1,83.74,83.74
41340,1,4137,DD11184941007,中国儿童文学精粹.幽默小说-,3,79.0,237.0
41340,2,4138,DD11214405057,中国儿童文学精粹.动物小说-,1,81.37,81.37
41340,3,4139,DD11613059036,中国儿童文学,2,83.74,167.48
41341,1,4140,DD24164380,中国儿童文学名家读本·听四季歌唱,1,79.0,79.0
41341,2,4141,DD12347560050,中国儿童文学经典书系:小游击队员,2,81.37,162.74
41341,3,4142,DD12398676075,中国儿童文学年度佳作,3,83.74,251.22
41342,1,4143,DD12355811053,中国儿童文学传世经典:七根火柴,2,79.0,158.0
41342,2,4144,DD12312182093,中国儿童文学经典书系:小溪流的歌,3,81.37,244.11
41342,3,4145,DD11619581973,中国儿童文学名家名作像青蛙一样慢慢长大,1,83.74,83.74
41343,1,4146,DD11609568826,中国儿童文学名家名作谁在不远处唱歌,3,79.0,237.0
41343,2,4147,DD23908932,中国儿童文学新经典-小说卷(上)小学生课外书8-12岁优秀儿童,1,81.37,81.37
41343,3,4148,DD1004425179,中国儿童文学新经典(散文卷),2,83.74,167.48
41344,1,4149,DD1327067367,中国儿童文学新经典(散文卷),1,79.0,79.0
41344,2,4150,DD1254566345,中国儿童文学新经典(散文卷),2,81.37,162.74
41344,3,4151,DD23908930,中国儿童文学新经典-童话卷(上)小学生课外书8-12岁优秀儿童,3,83.74,251.22
41345,1,4152,DD29193740,中国儿童文学百年百篇:小说卷7白公山的刺莓,2,79.0,158.0
41345,2,4153,DD11020585044,中国儿童文学新经典(寓言卷),3,81.37,244.11
41345,3,4154,DD1254566645,中国儿童文学新经典(寓言卷)新华,1,83.74,83.74
41346,1,4155,DD1004426479,中国儿童文学新经典(寓言卷),3,79.0,237.0
41346,2,4156,DD1327067467,中国儿童文学新经典(寓言卷),1,81.37,81.37
41346,3,4157,DD23908935,中国儿童文学新经典-寓言卷小学生课外书8-12岁优秀儿童,2,83.74,167.48
41347,1,4158,DD1327067667,中国儿童文学新经典(小说卷中),1,79.0,79.0
41347,2,4159,DD1254564745,中国儿童文学新经典(小说卷中)新华,2,81.37,162.74
41347,3,4160,DD1004432879,中国儿童文学新经典(小说卷中),3,83.74,251.22
41348,1,4161,DD1327067867,中国儿童文学新经典(童话卷下),2,79.0,158.0
41348,2,4162,DD1004436979,中国儿童文学新经典(童话卷下),3,81.37,244.11
41348,3,4163,DD1254565045,中国儿童文学新经典(童话卷下)新华,1,83.74,83.74
41349,1,4164,DD1254565645,中国儿童文学新经典(小说卷下),3,79.0,237.0
41349,2,4165,DD1327067567,中国儿童文学新经典(小说卷下),1,81.37,81.37
41349,3,4166,DD1004430379,中国儿童文学新经典(小说卷下),2,83.74,167.48
41350,1,4167,DD1327067267,中国儿童文学新经典(诗歌卷),1,79.0,79.0
41350,2,4168,DD1004424379,中国儿童文学新经典(诗歌卷),2,81.37,162.74
41350,3,4169,DD11772863100,中国儿童文学获奖作家作品选—梦里依稀小星湖新华,3,83.74,251.22
41351,1,4170,DD29192142,理想国·中国儿童文学原创馆,2,79.0,158.0
41351,2,4171,DD12303196040,中国儿童文学大师典藏品读书系,3,81.37,244.11
41351,3,4172,DD1099868971,中国儿童文学新经典(散文卷),1,83.74,83.74
41352,1,4173,DD1099870271,中国儿童文学新经典(寓言卷),3,79.0,237.0
41352,2,4174,DD1089484171,中国儿童文学新经典(小说卷中),1,81.37,81.37
41352,3,4175,DD1089486271,中国儿童文学新经典(童话卷下),2,83.74,167.48
41353,1,4176,DD29193730,中国儿童文学百年百篇:小说卷3小巷木屐声,1,79.0,79.0
41353,2,4177,DD11764976122,中国儿童文学获奖作家作品选—会唱歌的鸟巢,2,81.37,162.74
41353,3,4178,DD25060500,中国儿童文学:天赋身份的背离,3,83.74,251.22
41354,1,4179,DD1089491371,中国儿童文学新经典(小说卷下),2,79.0,158.0
41354,2,4180,DD29193731,中国儿童文学百年百篇:小说卷4老人和鹿,3,81.37,244.11
41354,3,4181,DD11490619033,中国儿童文学获奖作家作品选—海洋铁道之夜,1,83.74,83.74
41355,1,4182,DD12447520071,中国儿童文学走向世界精品书系:我会长大起来,3,79.0,237.0
41355,2,4183,DD12350970111,中国儿童文学名家名作我们的眼泪如花绽放,1,81.37,81.37
41355,3,4184,DD11991828040,中国儿童文学名家读本·远方的呼唤,2,83.74,167.48
41356,1,4185,DD12328706044,中国儿童文学名家名作我们的眼泪如花绽放孟芊芊主编,1,79.0,79.0
41356,2,4186,DD25286565,中国儿童文学名家读本,2,81.37,162.74
41356,3,4187,DD29193741,中国儿童文学百年百篇:小说卷8朝天堂方向奔走,3,83.74,251.22
41357,1,4188,DD25275544,中国儿童文学名家读本,2,79.0,158.0
41357,2,4189,DD29193729,中国儿童文学百年百篇:小说卷2我可不怕十三岁,3,81.37,244.11
41357,3,4190,DD12373944025,中国儿童文学走向世界精品书系:我的多彩童年,1,83.74,83.74
41358,1,4191,DD12462532031,中国儿童文学走向世界精品书系:我的多彩童年,3,79.0,237.0
41358,2,4192,DD25295315,中国儿童文学名家读本,1,81.37,81.37
41358,3,4193,DD29193738,中国儿童文学百年百篇:小说卷6走出麦地,2,83.74,167.48
41359,1,4194,DD11996068230,中国儿童文学,1,79.0,79.0
41359,2,4195,DD11992312190,中国儿童文学经典书系:斩龙少年,2,81.37,162.74
41359,3,4196,DD12301163770,中国儿童文学名家读本·从云里来的孩子,3,83.74,251.22
41360,1,4197,DD11612869386,中国儿童文学30年30部,2,79.0,158.0
41360,2,4198,DD12300259043,中国儿童文学传世经典:小巴掌童话,3,81.37,244.11
41360,3,4199,DD11514466100,中国儿童文学名家自选书系·老祖母的小房子,1,83.74,83.74
41361,1,4200,DD11501185044,中国儿童文学名家自选书系·西西的温暖之路,3,79.0,237.0
41361,2,4201,DD11501185084,中国儿童文学名家自选书系·老祖母的小房子,1,81.37,81.37
41361,3,4202,DD11514466030,中国儿童文学名家自选书系·西西的温暖之路,2,83.74,167.48
41362,1,4203,DD11514460010,中国儿童文学名家自选书系·我亲爱的童年,1,79.0,79.0
41362,2,4204,DD12358533059,中国儿童文学经典书系:失踪的哥哥,2,81.37,162.74
41362,3,4205,DD12346778030,中国儿童文学传世经典:济南的冬天,3,83.74,251.22
41363,1,4206,DD12399262065,中国儿童文学经典100部:雪国梦,2,79.0,158.0
41363,2,4207,DD12321037089,中国儿童文学名家桥梁书大嘴巴河马注音彩绘版,3,81.37,244.11
41363,3,4208,DD23908928,中国儿童文学新经典-散文卷小学生课外书8-12岁优秀儿童,1,83.74,83.74
41364,1,4209,DD12398651015,中国儿童文学走向世界精品书系:今天要写的作业,3,79.0,237.0
41364,2,4210,DD23908934,中国儿童文学新经典-小说卷(中)小学生课外书8-12岁优秀儿童,1,81.37,81.37
41364,3,4211,DD23908931,中国儿童文学新经典-童话卷(下)小学生课外书8-12岁优秀儿童,2,83.74,167.48
41365,1,4212,DD12307399102,中国儿童文学新世界:谎言修复师,1,79.0,79.0
41365,2,4213,DD23908933,中国儿童文学新经典-小说卷(下)小学生课外书8-12岁优秀儿童,2,81.37,162.74
41365,3,4214,DD23908929,中国儿童文学新经典-诗歌卷小学生课外书8-12岁优秀儿童,3,83.74,251.22
41366,1,4215,DD12341330795,中国儿童文学大师典藏品读书系,2,79.0,158.0
41366,2,4216,DD1501375670,中国儿童文学,3,81.37,244.11
41366,3,4217,DD11926154113,中国儿童文学名家自选书系,1,83.74,83.74
41367,1,4218,DD12338150068,中国儿童文学流金·少年方志敏语文优选课流金百年中国儿童文学小学生,3,79.0,237.0
41367,2,4219,DD29524111,中国传统节日故事,1,81.37,81.37
41367,3,4220,DD11782249052,中国儿童文学名家自选书系,2,83.74,167.48
41368,1,4221,DD12455687127,中国儿童文学走向世界:空中小屋,1,79.0,79.0
41368,2,4222,DD1054490957,中国儿童文学:天赋身份的背离,2,81.37,162.74
41368,3,4223,DD11876003013,中国儿童文学新世界怪兽村,3,83.74,251.22
41369,1,4224,DD11146439121,中国儿童文学精粹·成长小说·经典卷,2,79.0,158.0
41369,2,4225,DD1043542657,中国儿童文学:天赋身份的背离,3,81.37,244.11
41369,3,4226,DD12304530000,中国儿童文学经典书系:听妈妈讲那过去的事,1,83.74,83.74
41370,1,4227,DD12339437004,中国儿童文学获奖作家经典丛书,3,79.0,237.0
41370,2,4228,DD12501854097,中国儿童文学,1,81.37,81.37
41370,3,4229,DD11967819041,中国儿童文学新经典-小说卷(上)课外书8-12岁儿童,2,83.74,167.48
41371,1,4230,DD1014059479,中国儿童文学大师典藏品读书系(中年级春季卷),1,79.0,79.0
41371,2,4231,DD1329809167,中国儿童文学大师典藏品读书系(中年级春季卷),2,81.37,162.74
41371,3,4232,DD1024622690,中国儿童文学大师典藏品读书系(中年级春季卷),3,83.74,251.22
41372,1,4233,DD12346514120,中国儿童文学经典书系:失踪的哥哥,2,79.0,158.0
41372,2,4234,DD12439062067,中国儿童文学经典:班长下台,3,81.37,244.11
41372,3,4235,DD12477885087,中国儿童文学传世经典:济南的冬天,1,83.74,83.74
41373,1,4236,DD24224755,中国儿童文学年度佳作2016,3,79.0,237.0
41373,2,4237,DD12528336121,中国儿童文学大视野丛书,1,81.37,81.37
41373,3,4238,DD11960531133,中国儿童文学经典书系:我记忆的摇篮,2,83.74,167.48
41374,1,4239,DD1475831547,中国儿童文学名家名作(8册),1,79.0,79.0
41374,2,4240,DD11989963760,中国儿童文学,2,81.37,162.74
41374,3,4241,DD11583847459,草房子人民文学出版社同款,3,83.74,251.22
41375,1,4242,DD12528502031,中国儿童文学大视野丛书:奔跑的女孩中小学语文课内外**作品以青春拼搏为主题积极向上引人奋进精美全彩插图提升体验,2,79.0,158.0
41375,2,4243,DD12415485095,中国儿童文学大视野丛书:奔跑的女孩中小学语文课内外**作品以青春拼搏为主题积极向上引人奋进精美全彩插图提升体验,3,81.37,244.11
41375,3,4244,DD1432041947,中国儿童文学名家名作(8册),1,83.74,83.74
41376,1,4245,DD1839734028,中国儿童文学传世经典:朝花夕拾,3,79.0,237.0
41376,2,4246,DD11945746110,中国儿童文学经典书系飞向人马座古典小说儿童文学书科幻小说6-12岁阅读三四五年级课外书故事书阅读儿童,1,81.37,81.37
41376,3,4247,DD12300683002,中国儿童文学精粹(幽默小说)(经典卷),2,83.74,167.48
41377,1,4248,DD11990837730,中国儿童文学传世经典:一粒种子,1,79.0,79.0
41377,2,4249,DD1505547706,中国儿童文学新经典:童话卷(下),2,81.37,162.74
41377,3,4250,DD11985173089,中国儿童文学精选情报鸽子稻草人呼兰河传海燕满山打鬼子两个小八路闪闪的红星流金百年红色经典少年英雄岁月革命传,3,83.74,251.22
41378,1,4251,DD12349538070,中国儿童文学名家典藏?骑自行车的月亮/小巴掌童话,2,79.0,158.0
41378,2,4252,DD1066053587,中国儿童文学新经典:童话卷(上),3,81.37,244.11
41378,3,4253,DD11955936031,中国儿童文学精粹·幻想小说·经典卷,1,83.74,83.74
41379,1,4254,DD1614203466,中国儿童文学名家读本为你唱首歌,3,79.0,237.0
41379,2,4255,DD11887711040,中国儿童文学名家名作《宝葫芦的秘密》,1,81.37,81.37
41379,3,4256,DD11949716110,中国儿童文学名名作美绘注音版全5册提升孩子文学素养寻找泉水的小鹿6-10岁小学生,2,83.74,167.48
41380,1,4257,DD11869439032,中国儿童文学名家名作《宝葫芦的秘密》,1,79.0,79.0
41380,2,4258,DD11869407032,中国儿童文学名家名作《闪闪的红星》,2,81.37,162.74
41380,3,4259,DD11869440062,中国儿童文学名家名作《小英雄雨来》,3,83.74,251.22
41381,1,4260,DD12100007370,哈利·波特全集(套装1-7册)(平装)《语文》教材推荐阅读书目，外国儿童文学经典，新英国版封面平装版,2,79.0,158.0
41381,2,4261,DD12100024948,彩乌鸦系列世界文库精选童话故事书外国儿童文学小学生,3,81.37,244.11
41381,3,4262,DD12359295939,外国儿童文学经典书系:大森林里的小房子,1,83.74,83.74
41382,1,4263,DD12403515871,外国儿童文学经典100部:飞天小魔女大盗霍震波德,3,79.0,237.0
41382,2,4264,DD11937666453,外国儿童文学经典书系:罗曼·卡布里历险记法,1,81.37,81.37
41382,3,4265,DD12322935690,外国儿童文学经典书系:爱丽丝镜中历险记英,2,83.74,167.48
41383,1,4266,DD11937171803,外国儿童文学经典书系:雪虎美,1,79.0,79.0
41383,2,4267,DD12468086037,外国儿童文学经典书系:大森林里的小房子,2,81.37,162.74
41383,3,4268,DD12402683851,外国儿童文学经典100部:愤怒的葡萄,3,83.74,251.22
41384,1,4269,DD12343012500,外国儿童文学经典书系:爱丽丝奇境历险记,2,79.0,158.0
41384,2,4270,DD25099944,梅格时空大冒险·7~14岁儿童文学科幻经典(全5册),3,81.37,244.11
41384,3,4271,DD1460861177,天蓝色的彼岸新版当当自营,1,83.74,83.74
41385,1,4272,DD12466874587,外国儿童文学经典100部:愤怒的葡萄,3,79.0,237.0
41385,2,4273,DD12467780007,外国儿童文学经典书系:罗曼·卡布里历险记法埃克托·马洛著；唐祖伦译,1,81.37,81.37
41385,3,4274,DD12467314257,外国儿童文学经典书系:雪虎美,2,83.74,167.48
41386,1,4275,DD12403880271,外国儿童文学作品选,1,79.0,79.0
41386,2,4276,DD12350193958,外国儿童文学经典书系:大森林里的小房子,2,81.37,162.74
41386,3,4277,DD12354174509,外国儿童文学经典书系:大森林里的小房子,3,83.74,251.22
41387,1,4278,DD12359451079,外国儿童文学经典100部:愤怒的葡萄,2,79.0,158.0
41387,2,4279,DD12304324734,外国儿童文学经典书系:大草原上的小房子,3,81.37,244.11
41387,3,4280,DD12355350569,外国儿童文学经典书系:大草原上的小房子,1,83.74,83.74
41388,1,4281,DD12344352371,外国儿童文学经典书系:大草原上的小房子,3,79.0,237.0
41388,2,4282,DD12304367474,外国儿童文学经典100部:愤怒的葡萄,1,81.37,81.37
41388,3,4283,DD11929035492,外国儿童文学经典书系:大草原上的小房子,2,83.74,167.48
41389,1,4284,DD11993000756,外国儿童文学经典书系:大草原上的小房子,1,79.0,79.0
41389,2,4285,DD12338445956,外国儿童文学经典100部:愤怒的葡萄,2,81.37,162.74
41389,3,4286,DD12356127513,外国儿童文学经典书系:大森林里的小房子美国槐尔特著；吉裕生译,3,83.74,251.22
41390,1,4287,DD12467632677,外国儿童文学经典书系:大草原上的小房子美国槐尔特著；吉裕生译,2,79.0,158.0
41390,2,4288,DD11927180402,外国儿童文学经典书系:大森林里的小房子,3,81.37,244.11
41390,3,4289,DD12344494881,外国儿童文学经典100部:愤怒的葡萄,1,83.74,83.74
41391,1,4290,DD11648398502,外国儿童文学系列,3,79.0,237.0
41391,2,4291,DD11626211998,外国儿童文学系列,1,81.37,81.37
41391,3,4292,DD11959376512,外国儿童文学经典书系:大草原上的小房子,2,83.74,167.48
41392,1,4293,DD11660933191,外国儿童文学系列,1,79.0,79.0
41392,2,4294,DD11959376612,外国儿童文学经典100部:愤怒的葡萄,2,81.37,162.74
41392,3,4295,DD11685622865,外国儿童文学系列,3,83.74,251.22
41393,1,4296,DD12462210971,外国儿童文学经典书系:普希金童话诗俄,2,79.0,158.0
41393,2,4297,DD12389445686,外国儿童文学经典书系:爱丽丝镜中历险记英,3,81.37,244.11
41393,3,4298,DD12366646631,外国儿童文学经典书系:爱丽丝镜中历险记,1,83.74,83.74
41394,1,4299,DD12373709185,外国儿童文学经典书系:普希金童话诗俄,3,79.0,237.0
41394,2,4300,DD12372876505,外国儿童文学经典书系:汤姆·索耶历险记,1,81.37,81.37
41394,3,4301,DD12312911724,外国儿童文学经典100部:日安课本德,2,83.74,167.48
41395,1,4302,DD12338218964,外国儿童文学经典书系:青色童话集英,1,79.0,79.0
41395,2,4303,DD12373846395,外国儿童文学经典书系:爱丽丝镜中历险记英,2,81.37,162.74
41395,3,4304,DD12355790403,外国儿童文学经典书系:爱丽丝镜中历险记英,3,83.74,251.22
41396,1,4305,DD11664483600,外国儿童文学系列,2,79.0,158.0
41396,2,4306,DD12342444776,外国儿童文学经典书系:普希金童话诗俄,3,81.37,244.11
41396,3,4307,DD12462079841,外国儿童文学经典书系:爱丽丝镜中历险记英,1,83.74,83.74
41397,1,4308,DD12350124938,外国儿童文学经典书系:爱丽丝镜中历险记英,3,79.0,237.0
41397,2,4309,DD12487910951,外国儿童文学经典书系:普希金童话诗俄普希金著；冯春译,1,81.37,81.37
41397,3,4310,DD12447817681,外国儿童文学经典书系:普希金童话诗俄,2,83.74,167.48
41398,1,4311,DD12338929034,外国儿童文学经典书系:普希金童话诗俄普希金著；冯春译,1,79.0,79.0
41398,2,4312,DD11973878466,外国儿童文学经典100部:日安课本德,2,81.37,162.74
41398,3,4313,DD12399844795,外国儿童文学经典书系:雪虎美,3,83.74,251.22
41399,1,4314,DD12462295271,外国儿童文学经典书系:雪虎美,2,79.0,158.0
41399,2,4315,DD12338393046,外国儿童文学经典100部:荒野的呼唤美,3,81.37,244.11
41399,3,4316,DD12408666376,外国儿童文学经典书系:豆蔻镇的居民和强盗(挪威),1,83.74,83.74
41400,1,4317,DD12350979301,外国儿童文学经典书系:罗曼·卡布里历险记法,3,79.0,237.0
41400,2,4318,DD12457689067,外国儿童文学经典书系:小海蒂,1,81.37,81.37
41400,3,4319,DD12373882125,外国儿童文学经典书系:罗曼·卡布里历险记法,2,83.74,167.48
41401,1,4320,DD12462382631,外国儿童文学经典书系:罗曼·卡布里历险记法,1,79.0,79.0
41401,2,4321,DD11740088430,外国儿童文学作品选,2,81.37,162.74
41401,3,4322,DD12441531871,外国儿童文学作品选,3,83.74,251.22
41402,1,4323,DD11996870833,外国儿童文学经典100部:飞天小魔女大盗霍震波德,2,79.0,158.0
41402,2,4324,DD11961913260,外国儿童文学经典100部:大森林里的小房子,3,81.37,244.11
41402,3,4325,DD12347445771,外国儿童文学作品选,1,83.74,83.74
41403,1,4326,DD12457639237,外国儿童文学经典100部:小米勒旅行记,3,79.0,237.0
41403,2,4327,DD12348444050,外国儿童文学经典100部:小米勒旅行记美,1,81.37,81.37
41403,3,4328,DD11958584292,外国儿童文学经典书系:驴子的回忆法,2,83.74,167.48
41404,1,4329,DD12359451089,外国儿童文学经典100部:勇敢的船长英,1,79.0,79.0
41404,2,4330,DD12358947599,外国儿童文学经典书系:米凯尔盗马记爱沙尼亚,2,81.37,162.74
41404,3,4331,DD12374175415,外国儿童文学经典书系:米凯尔盗马记爱沙尼亚,3,83.74,251.22
41405,1,4332,DD12347530601,外国儿童文学经典书系:米凯尔盗马记爱沙尼亚,2,79.0,158.0
41405,2,4333,DD11993609940,外国儿童文学经典100部:大森林里的小房子美,3,81.37,244.11
41405,3,4334,DD12339389925,外国儿童文学经典100部:小米勒旅行记美,1,83.74,83.74
41406,1,4335,DD12350076938,外国儿童文学经典书系:米凯尔盗马记爱沙尼亚,3,79.0,237.0
41406,2,4336,DD12355837363,外国儿童文学经典书系:米凯尔盗马记爱沙尼亚杨·兰纳普著；吴焱煌译,1,81.37,81.37
41406,3,4337,DD12345664226,外国儿童文学经典书系:爱丽丝镜中历险记(英国),2,83.74,167.48
41407,1,4338,DD12419354557,外国儿童文学作品选,1,79.0,79.0
41407,2,4339,DD12477361577,外国儿童文学经典100部:愤怒的葡萄,2,81.37,162.74
41407,3,4340,DD12410865756,外国儿童文学作品选,3,83.74,251.22
41408,1,4341,DD12329356094,外国儿童文学经典书系:青色童话集英,2,79.0,158.0
41408,2,4342,DD11990078800,外国儿童文学经典书系:大草原上的小房子(美国),3,81.37,244.11
41408,3,4343,DD11612560026,外国儿童文学作品选,1,83.74,83.74
41409,1,4344,DD11883309900,外国儿童文学经典书系:大草原上的小房子(美国),3,79.0,237.0
41409,2,4345,DD12388194896,外国儿童文学经典书系:丛林之书(英国),1,81.37,81.37
41409,3,4346,DD12347649620,外国儿童文学经典100部:圣诞颂歌,2,83.74,167.48
41410,1,4347,DD12458799027,外国儿童文学经典书系:丛林之书,1,79.0,79.0
41410,2,4348,DD12322675750,外国儿童文学经典书系:驴子的回忆法得·塞居尔夫人著；徐平译,2,81.37,162.74
41410,3,4349,DD12334900075,外国儿童文学经典书系:勇敢的船长(英),3,83.74,251.22
41411,1,4350,DD12386814126,外国儿童文学经典书系:大草原上的小房子(美国),2,79.0,158.0
41411,2,4351,DD12398719425,外国儿童文学经典书系:两个小淘气,3,81.37,244.11
41411,3,4352,DD12300639360,外国儿童文学经典100部:秘密花园美,1,83.74,83.74
41412,1,4353,DD12410429566,外国儿童文学教程,3,79.0,237.0
41412,2,4354,DD12323607700,外国儿童文学经典书系:米凯尔盗马记爱沙尼亚,1,81.37,81.37
41412,3,4355,DD11994301780,外国儿童文学精译丛书:绿山墙的,2,83.74,167.48
41413,1,4356,DD12323493870,外国儿童文学经典书系:两个小淘气,1,79.0,79.0
41413,2,4357,DD12457947237,外国儿童文学经典书系:两个小淘气,2,81.37,162.74
41413,3,4358,DD11829502530,外国儿童文学启蒙,3,83.74,251.22
41414,1,4359,DD12387449426,外国儿童文学教程,2,79.0,158.0
41414,2,4360,DD12302997250,外国儿童文学精译丛书:福尔摩斯探案精选柯南·道尔(ConanDoyle.A.),3,81.37,244.11
41414,3,4361,DD11960291184,外国儿童文学经典100部:日安课本德,1,83.74,83.74
41415,1,4362,DD12300140990,外国儿童文学作品选,3,79.0,237.0
41415,2,4363,DD12401386815,外国儿童文学经典100部:荒野的呼唤美,1,81.37,81.37
41415,3,4364,DD12313558614,外国儿童文学经典100部:荒野的呼唤美,2,83.74,167.48
41416,1,4365,DD12316690294,外国儿童文学经典书系:米凯尔盗马记爱沙尼亚,1,79.0,79.0
41416,2,4366,DD11933763489,外国儿童文学经典100部:荒野的呼唤,2,81.37,162.74
41416,3,4367,DD12402496351,外国儿童文学经典100部:荒野的呼唤美,3,83.74,251.22
41417,1,4368,DD12399341945,外国儿童文学经典书系:米凯尔盗马记爱沙尼亚,2,79.0,158.0
41417,2,4369,DD11940278263,外国儿童文学经典100部:学校前苏联,3,81.37,244.11
41417,3,4370,DD11887575813,外国儿童文学经典书系:蓝色树皮鞋(前苏联),1,83.74,83.74
41418,1,4371,DD12342379960,外国儿童文学经典100部:什么叫做好，什么叫做不好？俄,3,79.0,237.0
41418,2,4372,DD11996948673,外国儿童文学经典100部:荒野的呼唤美,1,81.37,81.37
41418,3,4373,DD12343446830,外国儿童文学经典100部:勇敢的船长英,2,83.74,167.48
41419,1,4374,DD11991168650,外国儿童文学经典100部:小米勒旅行记美,1,79.0,79.0
41419,2,4375,DD1366971362,战马迈克尔莫波格张祖庆推荐8-10-12岁斯皮尔伯格电影沈石溪推荐外国名著小说儿童文学奖故事书四五六年级2020寒假,2,81.37,162.74
41419,3,4376,DD12387593616,外国儿童文学经典书系:一个孩子的诗园(英国),3,83.74,251.22
41420,1,4377,DD12419672267,外国儿童文学经典书系:一个孩子的诗园,2,79.0,158.0
41420,2,4378,DD12490621747,外国儿童文学作品选,3,81.37,244.11
41420,3,4379,DD12491532747,外国儿童文学经典100部:圣诞颂歌(英),1,83.74,83.74
41421,1,4380,DD12490485337,外国儿童文学经典书系:雪虎,3,79.0,237.0
41421,2,4381,DD12417309237,外国儿童文学经典100部:什么叫做好，什么叫做不好,1,81.37,81.37
41421,3,4382,DD11945888886,外国儿童文学精译丛书:绿山墙的,2,83.74,167.48
41422,1,4383,DD11962738040,外国儿童文学经典100部:什么叫做好，什么叫做不好,1,79.0,79.0
41422,2,4384,DD12502882157,外国儿童文学经典100部:小米勒旅行记美,2,81.37,162.74
41422,3,4385,DD12408666386,外国儿童文学经典100部:什么叫做好，什么叫做不好(俄罗斯),3,83.74,251.22
41423,1,4386,DD12316935574,外国儿童文学经典书系:爱丽丝奇境历险记,2,79.0,158.0
41423,2,4387,DD11934079779,外国儿童文学经典书系:勇敢的船长,3,81.37,244.11
41423,3,4388,DD12401250255,外国儿童文学经典100部:托利亚历险记俄,1,83.74,83.74
41424,1,4389,DD11936932313,外国儿童文学经典100部:托利亚历险记俄,3,79.0,237.0
41424,2,4390,DD12412755281,外国儿童文学经典100部:日安课本德,1,81.37,81.37
41424,3,4391,DD11989284120,外国儿童文学经典书系:蓝色树皮鞋(前苏联),2,83.74,167.48
41425,1,4392,DD11996944603,外国儿童文学经典书系:青色童话集英,1,79.0,79.0
41425,2,4393,DD12318006709,外国儿童文学经典书系:大草原上的小房子美国槐尔特著；吉裕生译,2,81.37,162.74
41425,3,4394,DD12311783574,外国儿童文学经典100部:十二个月苏,3,83.74,251.22
41426,1,4395,DD11945766490,外国儿童文学经典书系:蓝色树皮鞋,2,79.0,158.0
41426,2,4396,DD12461464421,外国儿童文学经典100部:十二个月苏,3,81.37,244.11
41426,3,4397,DD12356294889,外国儿童文学经典100部:十二个月苏,1,83.74,83.74
41427,1,4398,DD11945145956,外国儿童文学经典书系:蓝色树皮鞋,3,79.0,237.0
41427,2,4399,DD11987820190,外国儿童文学经典书系:蓝色树皮鞋,1,81.37,81.37
41427,3,4400,DD12373353135,外国儿童文学经典100部:十二个月苏,2,83.74,167.48
41428,1,4401,DD11930464320,外国儿童文学经典书系:大草原上的小房子,1,79.0,79.0
41428,2,4402,DD11963756626,外国儿童文学经典书系:大草原上的小房子,2,81.37,162.74
41428,3,4403,DD11959887823,外国儿童文学作品选,3,83.74,251.22
41429,1,4404,DD12403238151,外国儿童文学经典100部:十二个月苏,2,79.0,158.0
41429,2,4405,DD12353437629,外国儿童文学经典100部:十二个月苏,3,81.37,244.11
41429,3,4406,DD12357630913,外国儿童文学经典100部:十二个月苏,1,83.74,83.74
41430,1,4407,DD12340349686,外国儿童文学经典100部:十二个月苏,3,79.0,237.0
41430,2,4408,DD12349019618,外国儿童文学经典100部:十二个月苏,1,81.37,81.37
41430,3,4409,DD12411376131,外国儿童文学经典100部:十二个月苏,2,83.74,167.48
41431,1,4410,DD12305725910,外国儿童文学经典100部:什么叫做好，什么叫做不好(俄罗斯),1,79.0,79.0
41431,2,4411,DD11992497410,外国儿童文学经典100部:什么叫做好，什么叫做不好(俄罗斯),2,81.37,162.74
41431,3,4412,DD12344720513,外国儿童文学经典100部:十二个月苏,3,83.74,251.22
41432,1,4413,DD11957460742,外国儿童文学经典100部:十二个月苏,2,79.0,158.0
41432,2,4414,DD11945451066,外国儿童文学经典100部:小人国大人国,3,81.37,244.11
41432,3,4415,DD12418799741,永远讲不完的故事米切尔恩德作品典藏彩插6-12-14岁外国儿童文学幻想小说/一二三四五年级小学生,1,83.74,83.74
41433,1,4416,DD11864380843,外国儿童文学经典100部-十二个月,3,79.0,237.0
41433,2,4417,DD12468000941,外国儿童文学经典100部:什么叫做好，什么叫做不好,1,81.37,81.37
41433,3,4418,DD11994936593,外国儿童文学经典100部:什么叫做好，什么叫做不好？俄,2,83.74,167.48
41434,1,4419,DD11959845063,外国儿童文学经典100部:什么叫做好，什么叫做不好,1,79.0,79.0
41434,2,4420,DD12387926746,外国儿童文学经典100部:托利亚历险记,2,81.37,162.74
41434,3,4421,DD12488202101,外国儿童文学经典100部:托利亚历险记俄罗斯诺索夫著；韦苇译,3,83.74,251.22
41435,1,4422,DD12466633987,外国儿童文学经典100部:托利亚历险记俄,2,79.0,158.0
41435,2,4423,DD11894259070,"外国儿童文学经典书系:一个孩子的诗园(英国)斯蒂文森著,张洁校译",3,81.37,244.11
41435,3,4424,DD12477602511,外国儿童文学经典100部:十二个月,1,83.74,83.74
41436,1,4425,DD11871256323,"外国儿童文学经典书系:一个孩子的诗园(英国)斯蒂文森著,张洁校译",3,79.0,237.0
41436,2,4426,DD11945594716,外国儿童文学经典100部-什么叫做好什么叫做不好？,1,81.37,81.37
41436,3,4427,DD12395481256,外国儿童文学,2,83.74,167.48
41437,1,4428,DD12472556847,外国儿童文学,1,79.0,79.0
41437,2,4429,DD12486564967,外国儿童文学,2,81.37,162.74
41437,3,4430,DD12360988864,外国儿童文学,3,83.74,251.22
41438,1,4431,DD12417269726,外国儿童文学,2,79.0,158.0
41438,2,4432,DD12369113197,外国儿童文学经典100部(四本合售):水孩子青色童话集驴子的回忆飞天小魔女.大盗霍震波,3,81.37,244.11
41438,3,4433,DD11943411006,外国儿童文学经典100部-十二个月,1,83.74,83.74
41439,1,4434,DD410463054,外国儿童文学,3,79.0,237.0
41439,2,4435,DD12342630210,绘本外国儿童文学名著:巴尔街风云,1,81.37,81.37
41439,3,4436,DD29942527,当代外国儿童文学理论译丛??搅乱宇宙:青少年文学中的权力与压抑,2,83.74,167.48
41440,1,4437,DD12466982437,绘本外国儿童文学名著:孤雏泪英,1,79.0,79.0
41440,2,4438,DD12342449130,当代外国儿童文学,2,81.37,162.74
41440,3,4439,DD12343312670,当代外国儿童文学,3,83.74,251.22
41441,1,4440,DD12323740110,当代外国儿童文学,2,79.0,158.0
41441,2,4441,DD12343365070,当代外国儿童文学,3,81.37,244.11
41441,3,4442,DD11937562033,当代外国儿童文学,1,83.74,83.74
41442,1,4443,DD11938532483,绘本外国儿童文学名著:孤雏泪英,3,79.0,237.0
41442,2,4444,DD1039507719,当代外国儿童文学,1,81.37,81.37
41442,3,4445,DD12409916418,外国儿童文学,2,83.74,167.48
41443,1,4446,DD12353901449,绘本外国儿童文学名著:孤雏泪英,1,79.0,79.0
41443,2,4447,DD12339239314,绘本外国儿童文学名著:四姊妹美,2,81.37,162.74
41443,3,4448,DD12485893851,当代外国儿童文学,3,83.74,251.22
41444,1,4449,DD12393755911,绘本外国儿童文学名著:孤雏泪英,2,79.0,158.0
41444,2,4450,DD12316762559,外国儿童文学经典100部-十二个月,3,81.37,244.11
41444,3,4451,DD11931964819,外国儿童文学经典100部-十二个月,1,83.74,83.74
41445,1,4452,DD12449248221,童话寓言,3,79.0,237.0
41445,2,4453,DD11990023180,童话寓言小书坊.好孩子爱读的品格故事,1,81.37,81.37
41445,3,4454,DD11990023360,童话寓言小书坊.好孩子爱读的智慧故事,2,83.74,167.48
41446,1,4455,DD11990018680,童话寓言小书坊.好孩子爱读的温馨故事,1,79.0,79.0
41446,2,4456,DD12342257035,童话寓言小书坊.好孩子爱读的智慧故事,2,81.37,162.74
41446,3,4457,DD11990604350,童话寓言小书坊.好孩子爱读的勇气故事,3,83.74,251.22
41447,1,4458,DD12342250905,童话寓言小书坊.好孩子爱读的勇气故事,2,79.0,158.0
41447,2,4459,DD12358471249,童话寓言小书坊.好孩子爱读的趣味故事,3,81.37,244.11
41447,3,4460,DD12322476854,童话寓言小书坊.好孩子爱读的趣味故事,1,83.74,83.74
41448,1,4461,DD12364364878,童话寓言精品阅读正文+注释+旁析思考与感悟中外童话寓言故事精品选读小学生寓言故事拓展思维课外书,3,79.0,237.0
41448,2,4462,DD12350380870,童话寓言想象文应该这样写,1,81.37,81.37
41448,3,4463,DD12418018419,童话寓言精品阅读正文+注释+旁析思考与感悟中外童话寓言故事精品选读小寓言故事拓展思维课外书中小语文素养库,2,83.74,167.48
41449,1,4464,DD12347223983,童话寓言精品阅读正文+注释+旁析思考与感悟中外童话寓言故事精品选读小学生寓言故事拓展思维课外书,1,79.0,79.0
41449,2,4465,DD12337314902,童话寓言精品阅读正文+注释+旁析思考与感悟中外童话寓言故事精品选读小学生寓言故事拓展思维课外书,2,81.37,162.74
41449,3,4466,DD12465215521,童话寓言精品阅读正文+注释+旁析思考与感悟中外童话寓言故事精品选读小学生寓言故事拓展思维课外书,3,83.74,251.22
41450,1,4467,DD12351625274,童话寓言精品阅读正文+注释+旁析思考与感悟中外童话寓言故事精品选读小学生寓言故事拓展思维课外书,2,79.0,158.0
41450,2,4468,DD12301106829,童话寓言精品阅读正文+注释+旁析思考与感悟中外童话寓言故事精品选读小学生寓言故事拓展思维课外书,3,81.37,244.11
41450,3,4469,DD11724134902,童话寓言精品阅读正文+注释+旁析思考与感悟中外童话寓言故事精品选读小学生寓言故事拓展思维课外书,1,83.74,83.74
41451,1,4470,DD12361396526,童话寓言精品阅读正文+注释+旁析思考与感悟中外童话寓言故事精品选读小学生寓言故事拓展思维课外书,3,79.0,237.0
41451,2,4471,DD11745569494,童话寓言精品阅读正文+注释+旁析思考与感悟中外童话寓言故事精品选读小学生寓言故事拓展思维课外书中小学,1,81.37,81.37
41451,3,4472,DD12473507901,童话寓言精品阅读正文+注释+旁析思考与感悟中外童话寓言故事精品选读小学生寓言故事拓展思维课外书,2,83.74,167.48
41452,1,4473,DD12527938781,童话寓言精品阅读正文+注释+旁析思考与感悟中外童话寓言故事精品选读小学生寓言故事拓展思维课外书,1,79.0,79.0
41452,2,4474,DD11862134658,童话寓言精粹(泉水叮咚)卡通拼音,2,81.37,162.74
41452,3,4475,DD12378279258,童话寓言,3,83.74,251.22
41453,1,4476,DD11747404328,天一广西高职单招考试复习资料2026告知单招职业适应性测试全真模拟试卷考前冲刺卷专项题库网课视频课程广西壮族自治区,2,79.0,158.0
41453,2,4477,DD12309641960,童话寓言,3,81.37,244.11
41453,3,4478,DD29695782,斗半匠幼小衔接童话寓言100篇精选故事书3-6岁启蒙早教课外书和大人一起读儿童三字经弟子规,1,83.74,83.74
41454,1,4479,DD12497869597,儿幻童话寓言故事精品集爱美的小蜻蜓,3,79.0,237.0
41454,2,4480,DD11776695482,精品童话寓言故事选:最好的财富赵航,1,81.37,81.37
41454,3,4481,DD11877036633,精品童话寓言故事选:最好的财富赵航,2,83.74,167.48
41455,1,4482,DD11983680674,中外童话寓言故事精品阅读/语文素养文库泉根编F,1,79.0,79.0
41455,2,4483,DD11986179409,中外童话寓言故事精品阅读/语文素养文库王泉根编,2,81.37,162.74
41455,3,4484,DD11897220987,童话寓言卷皮影中国系列全套3册神话传说+童话寓言+历史故事图画故事书5-6-7-8-9-10-12周岁儿童艺术古童话寓言卷,3,83.74,251.22
41456,1,4485,DD12438868867,中外童话寓言故事精品阅读本册主编,2,79.0,158.0
41456,2,4486,DD12339319732,论童话寓言,3,81.37,244.11
41456,3,4487,DD12521644301,童话寓言篇66篇英语故事小学通用66篇英语故事记2100词读趣味经典童话故事背单词小学生英语词汇记背神器自,1,83.74,83.74
41457,1,4488,DD12340523652,中外童话寓言故事1001夜(上中下),3,79.0,237.0
41457,2,4489,DD12483917711,童话寓言篇小学通用孟建平小学语文高要求阅读中段阅读全套小学生三四年级上下册作文书语文现代文,1,81.37,81.37
41457,3,4490,DD12342014330,童话寓言篇小学通用孟建平小学语文高要求阅读中段阅读全套小学生三四年级上下册作文书语文现代文,2,83.74,167.48
41458,1,4491,DD12483764151,童话寓言篇小学通用孟建平小学语文高要求阅读低段阅读写人篇写景篇全套8册一二年级上册下册小学生语文阅读理解专项,1,79.0,79.0
41458,2,4492,DD11982414673,童话寓言篇小学通用孟建平小学语文高要求阅读低段阅读写人篇写景篇全套8册一二年级上册下册小学生语文阅读理解专项,2,81.37,162.74
41458,3,4493,DD11932301407,少儿奇幻童话寓言故事精品集狐狸克隆了自己以后/新,3,83.74,251.22
41459,1,4494,DD11895692493,少儿奇幻童话寓言故事精品集:爱美的小蜻蜓,2,79.0,158.0
41459,2,4495,DD11843313433,少儿奇幻童话寓言故事精品集:黄瓜架下的童话城堡,3,81.37,244.11
41459,3,4496,DD11932301567,少儿奇幻童话寓言故事精品集爱美的小蜻蜓,1,83.74,83.74
41460,1,4497,DD11843295423,少儿奇幻童话寓言故事精品集:狐狸克隆了自己以后,3,79.0,237.0
41460,2,4498,DD11843306843,少儿奇幻童话寓言故事精品集:爬上金字塔的蜗牛,1,81.37,81.37
41460,3,4499,DD11914455537,少儿奇幻童话寓言故事精品集爬上金字塔的蜗牛/新,2,83.74,167.48
41461,1,4500,DD11843310693,少儿奇幻童话寓言故事精品集:狐狸攀大象,1,79.0,79.0
41461,2,4501,DD12414176737,少儿奇幻童话寓言故事精品集黄瓜架下的童话城堡/新,2,81.37,162.74
41461,3,4502,DD12333463412,少儿奇幻童话寓言故事精品集:爱美的小蜻蜓,3,83.74,251.22
41462,1,4503,DD12393316999,少儿奇幻童话寓言故事精品集不敢骄傲的小麻雀/新,2,79.0,158.0
41462,2,4504,DD12333463452,少儿奇幻童话寓言故事精品集:黄瓜架下的童话城堡,3,81.37,244.11
41462,3,4505,DD11948234587,少儿奇幻童话寓言故事精品集不敢骄傲的小麻雀/新,1,83.74,83.74
41463,1,4506,DD12407108199,少儿奇幻童话寓言故事精品集爱美的小蜻蜓,3,79.0,237.0
41463,2,4507,DD11212801843,少儿奇幻童话寓言故事精品集:癞蛤蟆吃天鹅肉,1,81.37,81.37
41463,3,4508,DD11783047307,少儿奇幻童话寓言故事精品集爱美的小蜻蜓中学生课外,2,83.74,167.48
41464,1,4509,DD11783561904,少儿奇幻童话寓言故事精品集爱美的小蜻蜓,1,79.0,79.0
41464,2,4510,DD12350568358,世界经典童话寓言神话民间故事,2,81.37,162.74
41464,3,4511,DD12355906183,世界经典童话寓言神话民间故事刘晓菲著,3,83.74,251.22
41465,1,4512,DD11686711281,邬朝祝童话寓言故事选,2,79.0,158.0
41465,2,4513,DD29527917,高尔基童话寓言集全译本,3,81.37,244.11
41465,3,4514,DD11992132725,高尔基童话寓言集寓言故事小说,1,83.74,83.74
41466,1,4515,DD11178541590,高尔基童话寓言集全译本,3,79.0,237.0
41466,2,4516,DD1857731577,高尔基童话寓言集全译本(苏),1,81.37,81.37
41466,3,4517,DD11764528239,高尔基童话寓言集全译本(苏),2,83.74,167.48
41467,1,4518,DD11939862163,世界经典童话寓言神话民间故事,1,79.0,79.0
41467,2,4519,DD11682319316,世界经典童话寓言神话民间故事大全集,2,81.37,162.74
41467,3,4520,DD11990778950,世界经典童话寓言神话民间故事,3,83.74,251.22
41468,1,4521,DD12329593174,世界经典童话寓言神话民间故事,2,79.0,158.0
41468,2,4522,DD11703576996,世界经典童话寓言神话民间故事,3,81.37,244.11
41468,3,4523,DD1887258495,高尔基童话寓言集全译本,1,83.74,83.74
41469,1,4524,DD12463595497,高尔基童话寓言集全译本(苏),3,79.0,237.0
41469,2,4525,DD600434589,高尔基童话寓言集(全译本)(精)/世界文学名著/中译经典文库,1,81.37,81.37
41469,3,4526,DD11159204375,高尔基童话寓言集(全译本)(精)/世界文学名著/中译经典文库,2,83.74,167.48
41470,1,4527,DD605186980,高尔基童话寓言集(全译本)(精)/世界文学名著/中译经典文库,1,79.0,79.0
41470,2,4528,DD603152897,高尔基童话寓言集(全译本)(精)/世界文学名著/中译经典文库,2,81.37,162.74
41470,3,4529,DD11027831904,高尔基童话寓言集(全译本)(精)/世界文学名著/中译经典文库,3,83.74,251.22
41471,1,4530,DD12523859521,高尔基童话寓言集全译本(苏),2,79.0,158.0
41471,2,4531,DD617120652,高尔基童话寓言集(全译本)(精)/世界文学名著/中译经典文库,3,81.37,244.11
41471,3,4532,DD1887258685,高尔基童话寓言集全译本,1,83.74,83.74
41472,1,4533,DD12344706812,世界经典童话寓言神话民间故事(超值全彩珍藏版)(精),3,79.0,237.0
41472,2,4534,DD12512708921,"高尔基童话寓言集全译本,(苏)",1,81.37,81.37
41472,3,4535,DD12419908806,"高尔基童话寓言集全译本,(苏)",2,83.74,167.48
41473,1,4536,DD12371358014,世界经典童话寓言神话民间故事(超值全彩珍藏版)(精),1,79.0,79.0
41473,2,4537,DD12486987367,"高尔基童话寓言集全译本,(苏)",2,81.37,162.74
41473,3,4538,DD12403785119,世界经典童话寓言神话民间故事(超值全彩珍藏版)(精),3,83.74,251.22
41474,1,4539,DD12421328698,高尔基童话寓言集(全译本)(精),2,79.0,158.0
41474,2,4540,DD11167402365,世界经典童话寓言神话民间故事(超值全彩珍藏版)(精),3,81.37,244.11
41474,3,4541,DD1229434355,世界经典童话寓言神话民间故事(超值全彩珍藏版)(精),1,83.74,83.74
41475,1,4542,DD11782273132,世界经典童话寓言神话民间故事大全集,3,79.0,237.0
41475,2,4543,DD1135148040,彩色悦读馆精装,1,81.37,81.37
41475,3,4544,DD1460630071,世界经典童话寓言神话民间故事(超值全彩珍藏版)(精),2,83.74,167.48
41476,1,4545,DD11826772028,少儿奇幻童话寓言故事精品集,1,79.0,79.0
41476,2,4546,DD11017529134,世界经典童话寓言神话民间故事(超值全彩珍藏版)(精),2,81.37,162.74
41476,3,4547,DD11898934733,世界经典童话寓言神话民间故事大全集,3,83.74,251.22
41477,1,4548,DD12507019297,世界经典童话寓言神话民间故事(超值全彩珍藏版)(精),2,79.0,158.0
41477,2,4549,DD11610957836,世界经典童话寓言神话民间故事,3,81.37,244.11
41477,3,4550,DD11816275434,世界经典童话寓言神话民间故事大全集成人儿童故事书小故事大道理中国儿童文学,1,83.74,83.74
41478,1,4551,DD12427118596,少儿奇幻童话寓言故事精品集不敢骄傲的小麻雀/新,3,79.0,237.0
41478,2,4552,DD12360904019,高尔基童话寓言集寓言故事小说,1,81.37,81.37
41478,3,4553,DD11205940942,世界经典童话寓言神话民间故事成语故事彩图注音拼音儿童文学小学生一二三年级影响孩子一生的3-9岁儿童图画故事书小故事1,2,83.74,167.48
41479,1,4554,DD12399985296,高尔基童话寓言集全译本(苏),1,79.0,79.0
41479,2,4555,DD12439338827,高尔基童话寓言集,2,81.37,162.74
41479,3,4556,DD11765471543,幼小衔接童话寓言100篇精选故事书和大人一起读3-6岁启蒙早教课外书,3,83.74,251.22
41480,1,4557,DD11721740743,世界经典童话寓言神话民间故事大全集成人儿童故事书小故事大道理中国儿童文学图书刘晓菲文学,2,79.0,158.0
41480,2,4558,DD11723441292,世界经典童话寓言神话民间故事大全集成人儿童故事书小故事大道理中国儿童文学图书刘晓菲文学,3,81.37,244.11
41480,3,4559,DD11276544567,世界经典童话寓言神话民间童话故事北京联合出版公司,1,83.74,83.74
41481,1,4560,DD12347520346,高尔基童话寓言集全译本(苏),3,79.0,237.0
41481,2,4561,DD12367370738,童话寓言精品阅读正文+注释+旁析思考与感悟中外童话寓言故事精品选读小学生寓言故事拓展思维课外书,1,81.37,81.37
41481,3,4562,DD11743017975,现精装世界经典童话寓言神话民间故事彩色悦读馆儿童,2,83.74,167.48
41482,1,4563,DD23660019,世界经典童话寓言神话民间故事(超值全彩珍藏版)青少年儿童床头书,1,79.0,79.0
41482,2,4564,DD11856863224,世界精选童话寓言故事套装,2,81.37,162.74
41482,3,4565,DD11790704565,世界经典童话寓言神话民间故事彩色悦读馆精装童话故事书儿童,3,83.74,251.22
41483,1,4566,DD1667777841,世界经典童话寓言神话民间故事,2,79.0,158.0
41483,2,4567,DD11025944783,中外童话寓言故事精品阅读中外魅力童话寓言王国童话经典精品阅读寓言鉴赏经典小学生寓言故事,3,81.37,244.11
41483,3,4568,DD12466512457,严文井童话寓言集,1,83.74,83.74
41484,1,4569,DD11707273923,世界精选童话寓言故事套装全4册安徒生童话/希腊神话/伊索寓言/克雷洛夫寓言,3,79.0,237.0
41484,2,4570,DD1091502103,世界经典童话寓言神话民间故事,1,81.37,81.37
41484,3,4571,DD1707532690,世界经典童话寓言神话民间故事,2,83.74,167.48
41485,1,4572,DD12492097087,新编中外童话寓言故事笑话365(上下册),1,79.0,79.0
41485,2,4573,DD12476097587,中国彩色童话寓言全集,2,81.37,162.74
41485,3,4574,DD12393478791,严文井童话寓言集,3,83.74,251.22
41486,1,4575,DD11746273174,现精装世界经典童话寓言神话民间故事彩色悦读馆儿童,2,79.0,158.0
41486,2,4576,DD12509264587,汉声中国童话寓言故事,3,81.37,244.11
41486,3,4577,DD11889830751,世界经典童话寓言神话民间故事,1,83.74,83.74
41487,1,4578,DD11707250273,大图大字童话寓言小故事全套12册儿童绘本3-6-8岁故事书,3,79.0,237.0
41487,2,4579,DD12361436206,世界童话寓言小树苗儿童成长经典阅读全4册全彩注音(硬壳精装),1,81.37,81.37
41487,3,4580,DD11378316704,世界经典童话寓言神话民间故事少年儿童床头书,2,83.74,167.48
41488,1,4581,DD11841896733,世界经典童话寓言神话民间故事成语故事彩图注音拼音儿童文学小学生一二三年级影响孩子一生的3-9岁儿童图画故事书小故事,1,79.0,79.0
41488,2,4582,DD11836822875,世界经典童话寓言神话民间故事成语故事彩图注音拼音儿童文学小学生一二三年级影响孩子一生的3-9岁儿童图画故事书小故事,2,81.37,162.74
41488,3,4583,DD410276849,新世纪童话寓言故事绘本辑(精装),3,83.74,251.22
41489,1,4584,DD12340491574,世界经典童话寓言神话民间故事原著精装全彩白金版级彩图馆世界名著中国预言故事民间故事学生青少年成人版课外书9787,2,79.0,158.0
41489,2,4585,DD11790213643,幼小衔接童话寓言100篇国学精选故事书3-6岁启蒙早教课外书中国古代寓言小学生一二三年级,3,81.37,244.11
41489,3,4586,DD12398902558,世界经典童话寓言神话民间故事原著,1,83.74,83.74
41490,1,4587,DD12527616761,世界经典童话寓言神话民间故事原著,3,79.0,237.0
41490,2,4588,DD12363322020,世界经典童话寓言神话民间故事原著,1,81.37,81.37
41490,3,4589,DD12347755170,世界经典童话寓言神话民间故事原著,2,83.74,167.48
41491,1,4590,DD12505472311,世界经典童话寓言神话民间故事原著,1,79.0,79.0
41491,2,4591,DD12458250047,世界童话寓言系列(16册),2,81.37,162.74
41491,3,4592,DD12482829541,世界童话寓言全4册全彩注音(硬壳精装)精装硬壳小树苗儿童成长经典阅读宝库珍藏版四大名著系列全4册,3,83.74,251.22
41492,1,4593,DD12369700706,世界童话寓言全4册全彩注音(硬壳精装)精装硬壳小树苗儿童成长经典阅读宝库珍藏版四大名著系列全4册,2,79.0,158.0
41492,2,4594,DD12488521101,世界童话寓言全4册全彩注音(硬壳精装)精装硬壳小树苗儿童成长经典阅读宝库珍藏版四大名著系列全4册,3,81.37,244.11
41492,3,4595,DD12320705893,世界童话寓言全4册全彩注音(硬壳精装)精装硬壳小树苗儿童成长经典阅读宝库珍藏版四大名著系列全4册,1,83.74,83.74
41493,1,4596,DD12359488399,世界四大经典童话寓言:格林童话,3,79.0,237.0
41493,2,4597,DD12366675461,世界四大经典童话寓言:格林童话,1,81.37,81.37
41493,3,4598,DD12359036049,虫虫童书·童话寓言小书坊:好孩子爱读的温馨故事,2,83.74,167.48
41494,1,4599,DD12401367345,虫虫童书·童话寓言小书坊:好孩子爱读的勇气故事,1,79.0,79.0
41494,2,4600,DD11968213113,中国少年儿童童话寓言,2,81.37,162.74
41494,3,4601,DD12371695910,单本童话寓言篇小学通用小学66篇英语故事记2100词名著精选篇传统文化篇童话寓言篇自然拼读记单字神器同步教发货以标题中括号内,3,83.74,251.22
41495,1,4602,DD11816373073,4本猴子捞月+十二生肖+拔萝卜+卖火柴的小女孩,2,79.0,158.0
41495,2,4603,DD12302835030,裸鸟,3,81.37,244.11
41495,3,4604,DD11816374243,4本小蝌蚪找妈妈+小马过河+小猫钓鱼+三只小猪,1,83.74,83.74
41496,1,4605,DD12492533837,世界四大经典童话寓言:安徒生童话,3,79.0,237.0
41496,2,4606,DD12425692648,单本童话寓言篇小学通用小学66篇英语故事记2100词名著精选篇传统文化篇童话寓言篇自然拼读记单字神器同步教发货以标题中括号内,1,81.37,81.37
41496,3,4607,DD12337318516,花花旅行记(童话寓言),2,83.74,167.48
41497,1,4608,DD11027515914,皮影中国(童话寓言卷),1,79.0,79.0
41497,2,4609,DD12302558720,花花旅行记:童话寓言,2,81.37,162.74
41497,3,4610,DD12388501656,花花旅行记:童话寓言,3,83.74,251.22
41498,1,4611,DD12424376449,花花旅行记:童话寓言,2,79.0,158.0
41498,2,4612,DD11890739041,花花旅行记:童话寓言,3,81.37,244.11
41498,3,4613,DD11940012673,花花旅行记:童话寓言,1,83.74,83.74
41499,1,4614,DD11890515531,裸鸟,3,79.0,237.0
41499,2,4615,DD12438988027,虫虫童书·童话寓言小书坊:好孩子爱读的温馨故事,1,81.37,81.37
41499,3,4616,DD11996532263,虫虫童书·童话寓言小书坊:好孩子爱读的快乐故事,2,83.74,167.48
41500,1,4617,DD12368863564,现精装世界童话寓言神话民间故事彩色悦读馆儿童,1,79.0,79.0
41500,2,4618,DD1680452575,彩色图解世界童话寓言神话民间故事一二三年级小学生课外,2,81.37,162.74
41500,3,4619,DD12322986454,熊猫作文:童话寓言想象文应该这样写,3,83.74,251.22
41501,1,4620,DD12365241360,公主的月亮童话寓言想象力逻辑思维亲子关系,2,79.0,158.0
41501,2,4621,DD12371018350,全4册童话寓言套装,3,81.37,244.11
41501,3,4622,DD12419658949,全4册童话寓言套装,1,83.74,83.74
41502,1,4623,DD12370935910,全4册童话寓言套装,3,79.0,237.0
41502,2,4624,DD12427498646,公主的月亮童话寓言想象力逻辑思维亲子关系,1,81.37,81.37
41502,3,4625,DD12414052485,全4册童话寓言套装,2,83.74,167.48
41503,1,4626,DD12372315744,全4册童话寓言套装,1,79.0,79.0
41503,2,4627,DD12396521748,公主的月亮童话寓言想象力逻辑思维亲子关系,2,81.37,162.74
41503,3,4628,DD12372121794,全4册童话寓言套装,3,83.74,251.22
41504,1,4629,DD12373089010,全4册童话寓言套装,2,79.0,158.0
41504,2,4630,DD12413842255,全4册童话寓言套装,3,81.37,244.11
41504,3,4631,DD11983894388,彩色世界经典童话寓言宝库珍藏本集(木偶奇遇记),1,83.74,83.74
41505,1,4632,DD12327193969,公主的月亮童话寓言想象力逻辑思维亲子关系,3,79.0,237.0
41505,2,4633,DD12308621988,热心的猴子-童话寓言集,1,81.37,81.37
41505,3,4634,DD11958765870,公主的月亮童话寓言想象力逻辑思维亲子关系,2,83.74,167.48
41506,1,4635,DD11860492822,公主的月亮童话寓言想象力逻辑思维亲子关系,1,79.0,79.0
41506,2,4636,DD12473176697,公主的月亮童话寓言想象力逻辑思维亲子关系,2,81.37,162.74
41506,3,4637,DD12501368571,公主的月亮童话寓言想象力逻辑思维亲子关系,3,83.74,251.22
41507,1,4638,DD11903425082,公主的月亮童话寓言想象力逻辑思维亲子关系,2,79.0,158.0
41507,2,4639,DD11865387964,公主的月亮童话寓言想象力逻辑思维亲子关系,3,81.37,244.11
41507,3,4640,DD11892501485,公主的月亮童话寓言想象力逻辑思维亲子关系全新,1,83.74,83.74
41508,1,4641,DD11969955164,公主的月亮童话寓言想象力逻辑思维亲子关系,3,79.0,237.0
41508,2,4642,DD11954232083,公主的月亮童话寓言想象力逻辑思维亲子关系,1,81.37,81.37
41508,3,4643,DD12507609277,公主的月亮童话寓言想象力逻辑思维亲子关系,2,83.74,167.48
41509,1,4644,DD29242020,蔡皋经典中国绘本·花木兰,1,79.0,79.0
41509,2,4645,DD29857688,不能没有,2,81.37,162.74
41509,3,4646,DD29242021,蔡皋经典中国绘本·桃花源的故事,3,83.74,251.22
41510,1,4647,DD29701729,蔡皋经典中国绘本·三个和尚,2,79.0,158.0
41510,2,4648,DD29574281,蔡皋经典中国绘本·隐形叶子(百班千人共读),3,81.37,244.11
41510,3,4649,DD29242019,蔡皋经典中国绘本·宝儿,1,83.74,83.74
41511,1,4650,DD29522640,蔡皋经典中国绘本·百鸟羽衣,3,79.0,237.0
41511,2,4651,DD29511006,蔡皋经典中国绘本第二辑(套装2册),1,81.37,81.37
41511,3,4652,DD29511005,蔡皋经典中国绘本·珍藏礼盒,2,83.74,167.48
41512,1,4653,DD29238939,蔡皋经典中国绘本(套装3册),1,79.0,79.0
41512,2,4654,DD29632414,蔡皋的绘本世界·月亮走我也走,2,81.37,162.74
41512,3,4655,DD29522641,蔡皋经典中国绘本·隐形叶子,3,83.74,251.22
41513,1,4656,DD24010593,蔡皋国际安徒生奖大师·海的女儿精品珍藏，绘本大家蔡皋生动演绎经典童话故事,2,79.0,158.0
41513,2,4657,DD29564541,炒豆粉香喷喷,3,81.37,244.11
41513,3,4658,DD24010592,蔡皋国际安徒生奖大师·青凤精品珍藏，绘本大家蔡皋生动演绎中国经典传奇故事,1,83.74,83.74
41514,1,4659,DD11707564157,九神鹿绘本馆盘中餐儿童绘本故事书3-6岁儿童故事书绘本一条大河十面埋伏妈妈有怪兽布谷鸟的四季歌高山流水小老鼠又上,3,79.0,237.0
41514,2,4660,DD25119486,小树的四季儿童绘本图画故事书,1,81.37,81.37
41514,3,4661,DD1480507476,儿童绘本36岁经典绘本排行榜10册幼儿童情绪管理绘本故事书710岁,2,83.74,167.48
41515,1,4662,DD25203489,给爸爸的吻儿童绘本图画书,1,79.0,79.0
41515,2,4663,DD1130140406,独一无二的你儿童精装硬皮硬壳绘本0-3-6岁周,2,81.37,162.74
41515,3,4664,DD29687937,兔子派精装硬壳绘本妈妈的爱3-,3,83.74,251.22
41516,1,4665,DD29633931,儿童绘本0-3-6岁注音版安徒生童话格林童话一千零一夜365夜故事书全4册幼儿启蒙图画书早教书经典童话,2,79.0,158.0
41516,2,4666,DD12399351867,小泥人浙江,3,81.37,244.11
41516,3,4667,DD12397568917,162只螳螂,1,83.74,83.74
41517,1,4668,DD29485088,儿童绘本0-3-6岁注音版安徒生童话格林童话一千零一夜365夜故事书全4册幼儿启蒙图画书早教书经典童话,3,79.0,237.0
41517,2,4669,DD11654464183,儿童绘本36岁经典绘本,1,81.37,81.37
41517,3,4670,DD29664397,名家获奖儿童绘本全10册3–4-6岁,2,83.74,167.48
41518,1,4671,DD11577737227,落叶跳舞蒲蒲兰绘本,1,79.0,79.0
41518,2,4672,DD1870340948,儿童绘本36岁经典绘本排行榜全10册,2,81.37,162.74
41518,3,4673,DD1502102940,儿童绘本36岁经典绘本排行榜全套10册图画书,3,83.74,251.22
41519,1,4674,DD1467126776,儿童绘本36岁经典绘本8册幼儿童情绪管理与性格培养绘本系列,2,79.0,158.0
41519,2,4675,DD25224654,小魔怪要上学点读版儿童绘本3-6岁幼儿图书故事绘,3,81.37,244.11
41519,3,4676,DD29857281,儿童绘本0-1-2-3-6岁注音版行为习惯,1,83.74,83.74
41520,1,4677,DD1584656882,太阳想吃冰激凌孙俪微博推荐绘本儿童图画书早教情商启蒙认知,3,79.0,237.0
41520,2,4678,DD666556076,2岁宝宝绘本,1,81.37,81.37
41520,3,4679,DD29565091,爱的教育暖心绘本全8册儿童绘本阅读,2,83.74,167.48
41521,1,4680,DD29326161,西游记儿童绘本(套装4册)大闹天宫+三打白骨精+大战红孩儿+真假美猴王,1,79.0,79.0
41521,2,4681,DD29864024,低幼儿童绘本(全2册):蹦+哇儿童科普绘本大师,2,81.37,162.74
41521,3,4682,DD29857283,儿童绘本0-1-2-3-6岁注音版自理习惯,3,83.74,251.22
41522,1,4683,DD1477343323,儿童绘本36岁经典绘本排行榜全20册儿童情商与性格培养绘本,2,79.0,158.0
41522,2,4684,DD1502096930,儿童绘本36岁经典绘本幼儿拼音绘本20册小马过河绘本三只小猪,3,81.37,244.11
41522,3,4685,DD11147125893,儿童绘本36岁经典绘本排行榜全5册奇妙的昆虫等,1,83.74,83.74
41523,1,4686,DD29591056,我爸爸我妈妈全2册,3,79.0,237.0
41523,2,4687,DD11695682109,儿童绘本36岁经典绘本全套100册注音版反霸凌启蒙+好习惯养成+逆商培养+安全健康常识+儿童财商启蒙绘本故事书,1,81.37,81.37
41523,3,4688,DD1584333746,儿童绘本36岁经典绘本当当自营同款全10册儿童情绪管理与性格培养绘本故事书,2,83.74,167.48
41524,1,4689,DD1211318776,儿童绘本36岁经典绘本排行榜全8册,1,79.0,79.0
41524,2,4690,DD1397552524,领券立减100儿童绘本3-6岁经典绘本暖暖心获奖绘本系列(8册),2,81.37,162.74
41524,3,4691,DD29857285,儿童绘本0-1-2-3-6岁注音版卫生习惯,3,83.74,251.22
41525,1,4692,DD29857278,儿童绘本0-1-2-3-6岁注音版睡眠习惯,2,79.0,158.0
41525,2,4693,DD29704579,西游记儿童绘本(套装4册)大闹天宫+三打白骨精+大战红孩儿+真假美猴王,3,81.37,244.11
41525,3,4694,DD29682235,儿童绘本世界经典童话故事20册中英文双语,1,83.74,83.74
41526,1,4695,DD29857286,儿童绘本0-1-2-3-6岁注音版运动习惯,3,79.0,237.0
41526,2,4696,DD11615127897,迪士尼儿童绘本图书故事书英文电影,1,81.37,81.37
41526,3,4697,DD11695681469,儿童绘本36岁经典绘本全套100册注音版反霸凌启蒙+好习惯养成+逆商培养+安全健康常识+儿童财商启蒙绘本故事书,2,83.74,167.48
41527,1,4698,DD11706401379,三字经儿童绘本+弟子规+百家姓+绕口令成语故事谜语大全小猫钓鱼,1,79.0,79.0
41527,2,4699,DD29146983,儿童绘本爱的教育情商培养绘本全10册早教睡前故事书周岁0-3-6岁幼儿,2,81.37,162.74
41527,3,4700,DD11935590125,儿童绘本0-1-2-3-6岁注音版卫生习惯,3,83.74,251.22
41528,1,4701,DD11935590265,儿童绘本0-1-2-3-6岁注音版自理习惯,2,79.0,158.0
41528,2,4702,DD11939586048,儿童绘本0-1-2-3-6岁注音版卫生习惯,3,81.37,244.11
41528,3,4703,DD11939586288,儿童绘本0-1-2-3-6岁注音版自理习惯,1,83.74,83.74
41529,1,4704,DD11939588288,儿童绘本0-1-2-3-6岁注音版运动习惯,3,79.0,237.0
41529,2,4705,DD12498371057,儿童绘本0,1,81.37,81.37
41529,3,4706,DD12352512167,儿童绘本0-1-2-3-6岁注音版睡眠习惯,2,83.74,167.48
41530,1,4707,DD12352538047,儿童绘本0-1-2-3-6岁注音版运动习惯,1,79.0,79.0
41530,2,4708,DD1176804467,幼儿童绘本3-6岁经典绘本绘本0-3岁,2,81.37,162.74
41530,3,4709,DD12357864126,儿童绘本0-1-2-3-6岁注音版睡眠习惯,3,83.74,251.22
41531,1,4710,DD12357864026,儿童绘本0-1-2-3-6岁注音版运动习惯,2,79.0,158.0
41531,2,4711,DD12373887189,儿童绘本36岁经典绘本全10册儿童启蒙科普绘本,3,81.37,244.11
41531,3,4712,DD12368249259,儿童绘本3-6岁经典绘本排行榜儿童情绪管理与性格培养绘本全套10册,1,83.74,83.74
41532,1,4713,DD12368250309,儿童绘本3-6岁经典绘本排行榜全套10册,3,79.0,237.0
41532,2,4714,DD12368250089,儿童绘本3-6岁经典绘本排行榜儿童情绪管理与性格培养绘本全套10册,1,81.37,81.37
41532,3,4715,DD12373884089,儿童绘本3-6岁经典绘本排行榜当你要发脾气儿童情绪管理与性格培养绘本绘本36岁经典绘本硬壳,2,83.74,167.48
41533,1,4716,DD1252459267,儿童绘本36岁经典绘本全10册行为习惯绘本启蒙认知绘本,1,79.0,79.0
41533,2,4717,DD1255704989,儿童绘本36岁经典绘本全套10册彩图注音情商培养行为管理0-1-2-4-5-8-9周岁绘本故事书710岁,2,81.37,162.74
41533,3,4718,DD12300851002,儿童绘本0-3-6岁注音版安徒生童话格林童话一千零一夜365夜故事书全4册幼儿启蒙图画书早教书经典童话正规,3,83.74,251.22
41534,1,4719,DD12418952057,儿童绘本0-3-6岁注音版安徒生童话格林童话一千零一夜365夜故事书全4册幼儿启蒙图画书早教书经典童话,2,79.0,158.0
41534,2,4720,DD12436913071,儿童绘本0-3-6岁注音版安徒生童话格林童话一千零一夜365夜故事书全4册幼儿启蒙图画书早教书经典童话,3,81.37,244.11
41534,3,4721,DD1457621597,儿童绘本启蒙(小熊老师零基础绘画课),1,83.74,83.74
41535,1,4722,DD12386395278,儿童绘本36岁经典绘本全10册儿童启蒙科普绘本,3,79.0,237.0
41535,2,4723,DD12306050128,儿童绘本36岁经典绘本全10册新情商培养与性格培养绘本,1,81.37,81.37
41535,3,4724,DD12301001095,儿童绘本0-3岁儿童,2,83.74,167.48
41536,1,4725,DD11721153019,儿童绘本36岁经典绘本排行榜全10册,1,79.0,79.0
41536,2,4726,DD11946390252,儿童绘本36岁经典绘本8册幼儿童情绪管理与性格培养绘本系列,2,81.37,162.74
41536,3,4727,DD12386391268,儿童绘本36岁经典绘本全套10册图画书,3,83.74,251.22
41537,1,4728,DD11003574270,儿童绘本36岁经典绘本排行榜全套12册儿童自我保护系列绘本故事书,2,79.0,158.0
41537,2,4729,DD1535252566,儿童绘本36岁经典绘本,3,81.37,244.11
41537,3,4730,DD1094243979,儿童绘本启蒙(小熊老师零基础绘画课),1,83.74,83.74
41538,1,4731,DD1155586169,儿童绘本启蒙(小熊老师零基础绘画课),3,79.0,237.0
41538,2,4732,DD11191443205,儿童绘本启蒙(小熊老师零基础绘画课),1,81.37,81.37
41538,3,4733,DD11453617058,儿童绘本36岁经典绘本全10册行为习惯绘本启蒙认知绘本,2,83.74,167.48
41539,1,4734,DD11307506284,儿童绘本36岁经典绘本全6册注音版,1,79.0,79.0
41539,2,4735,DD11784949319,涂色书启儿童绘本2-3岁两岁半至三岁,2,81.37,162.74
41539,3,4736,DD12472452011,儿童绘本0-3岁儿童,3,83.74,251.22
41540,1,4737,DD11324262103,儿童绘本36岁经典绘本爱的教育8册儿童情绪管理与性格培养绘本系列3–6岁,2,79.0,158.0
41540,2,4738,DD11946399252,儿童绘本36岁经典绘本幼儿拼音绘本20册小马过河绘本三只小猪,3,81.37,244.11
41540,3,4739,DD11580468067,儿童绘本0-3-6岁注音版安徒生童话格林童话一千零一夜365夜故事全4册幼儿启蒙图画早教经典童话,1,83.74,83.74
41541,1,4740,DD11587060036,儿童绘本0-3-6岁注音版安徒生童话格林童话一千零一夜365夜故事全4册幼儿启蒙图画早教经典童话,3,79.0,237.0
41541,2,4741,DD1637203744,儿童绘本3-6岁经典绘本全8册暖暖心绘本故事书7-10岁睡前故事其实我是一条鱼获奖绘本,1,81.37,81.37
41541,3,4742,DD12386391308,儿童绘本3-6岁经典绘本硬壳精装绘本全套4册,2,83.74,167.48
41542,1,4743,DD1062448519,儿童绘本36岁经典绘本排行榜全套20册儿童情绪管理与性格培养绘本系列,1,79.0,79.0
41542,2,4744,DD1531703296,儿童绘本36岁经典绘本排行榜20册小红帽三只小猪绘本睡前故事3-6岁2岁,2,81.37,162.74
41542,3,4745,DD11979414023,儿童绘本36岁经典绘本8册幼儿童情绪管理与性格培养绘本系列,3,83.74,251.22
41543,1,4746,DD11449233208,儿童绘本故事书3-6-7-12岁带拼音字大全套60册,2,79.0,158.0
41543,2,4747,DD12386391128,儿童绘本3-6岁经典绘本儿童情绪管理与性格培养绘本全套10册输了没关系,3,81.37,244.11
41543,3,4748,DD12497772201,儿童绘本36岁经典绘本排行榜10册幼儿童情绪管理绘本故事书710岁,1,83.74,83.74
41544,1,4749,DD12369215128,儿童绘本0-3-6岁注音版安徒生童话格林童话一千零一夜365夜故事书全4册幼儿启蒙图画书早教书经典童话,3,79.0,237.0
41544,2,4750,DD1576879729,儿童绘本故事书710岁一年级,1,81.37,81.37
41544,3,4751,DD11382298234,儿童绘本3-6岁绘本10册情绪管理绘本故事7-10岁,2,83.74,167.48
41545,1,4752,DD1238828810,儿童绘本3-6岁经典绘本,1,79.0,79.0
41545,2,4753,DD1620326190,儿童绘本36岁经典绘本儿童情绪管理与性格培养绘本全套60册注音版,2,81.37,162.74
41545,3,4754,DD1131896768,儿童绘本全套6册,3,83.74,251.22
41546,1,4755,DD1153196610,儿童绘本故事书0-2-3-6周岁《做最棒的自己》小猪佩奇我爸爸我妈妈绘本,2,79.0,158.0
41546,2,4756,DD1088823119,儿童绘本36岁经典绘本10册3-,3,81.37,244.11
41546,3,4757,DD1019735589,儿童绘本故事书3-6-7-12岁带拼音字大全套60册,1,83.74,83.74
41547,1,4758,DD1018334769,儿童绘本故事书乖宝贝好习惯绘本故事系列全6册我的优点是什么3-6岁幼儿启蒙认知,3,79.0,237.0
41547,2,4759,DD1019899569,儿童绘本3-6岁幼儿图画书小脚鸭行为管理绘本我不挑食10册,1,81.37,81.37
41547,3,4760,DD29551306,儿童绘本文明礼仪教育培养绘本全10册早教睡前故事书周岁0-3-6岁幼儿习惯养成,2,83.74,167.48
41548,1,4761,DD1030230469,儿童绘本童话故事书成长勿烦恼情商培养儿童行为习惯性格养成3-6岁,1,79.0,79.0
41548,2,4762,DD12338261283,儿童绘本36岁经典绘本10册幼儿童情绪管理绘本故事书710岁,2,81.37,162.74
41548,3,4763,DD1791023331,儿童绘本3-6岁幼儿图画书小脚鸭行为管理绘本我不挑食10册,3,83.74,251.22
41549,1,4764,DD1548216290,儿童绘本36岁经典绘本排行榜8册入园准备早教书绘本小班,2,79.0,158.0
41549,2,4765,DD678675269,儿童绘本3-6岁经典绘本排行榜,3,81.37,244.11
41549,3,4766,DD1707724621,儿童绘本36岁经典绘本排行榜全套8册彩图注音情商培养行为管理0-1-2-4-5-8-9周岁绘本故事书710岁,1,83.74,83.74
41550,1,4767,DD1031047869,儿童绘本,3,79.0,237.0
41550,2,4768,DD12386410278,儿童绘本36岁经典绘本幼儿拼音绘本20册小马过河绘本三只小猪,1,81.37,81.37
41550,3,4769,DD12497773291,儿童绘本36岁经典绘本排行榜全套10册图画书,2,83.74,167.48
41551,1,4770,DD11026192373,全10册科普绘本儿童绘本36岁经典绘本排行榜本店,1,79.0,79.0
41551,2,4771,DD12381507219,儿童绘本36岁绘本8册幼儿情绪管理儿童情绪管理与性格培养绘本系列,2,81.37,162.74
41551,3,4772,DD11498608004,儿童绘本故事书3-6-7-12岁带拼音字大全套60册,3,83.74,251.22
41552,1,4773,DD1260489269,儿童绘本,2,79.0,158.0
41552,2,4774,DD1062942569,儿童绘本0-3-6岁幼儿童性格教育绘本故事书,3,81.37,244.11
41552,3,4775,DD1643999960,儿童绘本36岁经典绘本排行榜全套8册0-1-2-4-5岁绘本故事书710岁,1,83.74,83.74
41553,1,4776,DD1787023771,儿童绘本培养和提升儿童心理健康成长故事全10册3-6岁幼儿启蒙认知图画书,3,79.0,237.0
41553,2,4777,DD1787014121,儿童绘本熊猫兔性格教育系列绘本全10册0-3-6岁儿童启蒙认知故事书,1,81.37,81.37
41553,3,4778,DD1019717469,儿童绘本3-6岁幼儿早教书小兔托尼成长故事绘本10册4-5岁情商管理培养好习惯好性格养成书学前教育,2,83.74,167.48
41554,1,4779,DD1162162359,儿童绘本全30册0-3岁早教启蒙婴儿睡前故事书1-2-4周岁幼儿,1,79.0,79.0
41554,2,4780,DD1786752261,儿童绘本故事培养孩子强大内心0-3-6岁,2,81.37,162.74
41554,3,4781,DD11978047209,儿童绘本36岁经典绘本全套18册国际大师儿童情商教养绘本阅读3-6岁,3,83.74,251.22
41555,1,4782,DD596120068,儿童绘本36岁经典绘本排行榜全套20册A4超大开本,2,79.0,158.0
41555,2,4783,DD1089580070,儿童绘本中国经典故事全套20册婴儿,3,81.37,244.11
41555,3,4784,DD1104886389,儿童绘本中国经典神话故事全10册大禹治水/十二生肖/嫦娥奔月/女娲补天/夸父逐日中国古代传说神话寓言故事书6-9-12岁小学生,1,83.74,83.74
41556,1,4785,DD11462228235,儿童绘本3一6岁,3,79.0,237.0
41556,2,4786,DD11459096088,儿童绘本3-6岁经典绘本全8册暖暖心绘本故事书7-10岁睡前故事其实我是一条鱼绘本,1,81.37,81.37
41556,3,4787,DD11457622048,儿童绘本36岁经典绘本排20册A4超大开本,2,83.74,167.48
41557,1,4788,DD11453557218,儿童绘本3-6岁经典绘本儿童情商与性格培养绘本全8册幼儿3-4到5岁,1,79.0,79.0
41557,2,4789,DD12345833085,儿童绘本36岁绘本全套18册国际大师儿童情商教养绘本阅读3-6岁,2,81.37,162.74
41557,3,4790,DD11498659004,儿童绘本36岁经典绘本排8册入园准备早教书绘本小班绘本中班幼儿绘本大班儿童绘本,3,83.74,251.22
41558,1,4791,DD11378556184,儿童绘本爱与互助的动物们儿童情绪管理与性格培养绘本注音版全8册,2,79.0,158.0
41558,2,4792,DD11304427164,儿童绘本36岁经典绘本排行榜30册图画书儿童情绪管理与性格培养绘本,3,81.37,244.11
41558,3,4793,DD11704875139,儿童绘本3–6岁我爱你比永远多一天+胜过万千星河+因为我爱你幼儿绘本经典必读绘本阅读,1,83.74,83.74
41559,1,4794,DD1316594468,苏东坡新传李一冰上下全2册全新增订版苏轼国学名人传记经典历史,3,79.0,237.0
41559,2,4795,DD11309895284,儿童绘本36岁经典绘本儿童情绪管理与性格培养绘本全6册培养孩子强大内心挫折教育经典绘本排行榜幼儿,1,81.37,81.37
41559,3,4796,DD12406178085,儿童绘本故事书,2,83.74,167.48
41560,1,4797,DD11496297064,儿童绘本3-6岁经典绘本,1,79.0,79.0
41560,2,4798,DD12412508066,儿童绘本点读发声书会说话的逆商培养绘本,2,81.37,162.74
41560,3,4799,DD11472371268,儿童绘本3-6岁经典绘本儿童情绪管理与性格培养绘本全套10册输了没关系,3,83.74,251.22
41561,1,4800,DD12522676251,儿童绘本0到3岁幼儿启蒙早教书全套1-2岁益智书本一岁,2,79.0,158.0
41561,2,4801,DD1343676267,神奇校车桥梁书图画书版拼音版全套12册拼音版科学博览会小学生儿童百科全书绘本科普百科漫画书,3,81.37,244.11
41561,3,4802,DD12522052261,儿童绘本故事书,1,83.74,83.74
41562,1,4803,DD1873011031,儿童绘本36岁经典绘本排行榜20册A4超大开本,3,79.0,237.0
41562,2,4804,DD11262197203,儿童绘本36岁经典绘本全48册儿童情绪管理与性格培养绘本系列绘本阅读,1,81.37,81.37
41562,3,4805,DD11308206294,儿童绘本36岁经典绘本排行榜8册幼儿童情绪管理与性格培养绘本系列,2,83.74,167.48
41563,1,4806,DD1162191459,全2套中国传统节日故事全8册中国童谣全8册平装绘本图画书,1,79.0,79.0
41563,2,4807,DD11986244110,儿童绘本3-6岁,2,81.37,162.74
41563,3,4808,DD1448572209,儿童绘本成语故事书全20册故事里的中国有声伴读成语接龙守株待兔亡羊补牢刻舟求剑3-6-7-10岁,3,83.74,251.22
41564,1,4809,DD11962956223,儿童绘本36岁经典绘本排行榜10册幼儿童情绪管理绘本故事书710岁,2,79.0,158.0
41564,2,4810,DD1778350921,儿童绘本成语故事书20册故事里的中国有声伴读版刻舟求剑3-6-8岁幼儿童启蒙认知中国古代经典故事绘本,3,81.37,244.11
41564,3,4811,DD11401596134,领券立减100儿童绘本3-6岁绘本幼儿绘本全8册儿童心理自助绘本之克莱尔成长故事注音版绘本系列敢于尝试发生争议了该,1,83.74,83.74
41565,1,4812,DD11962964223,儿童绘本36岁经典绘本排行榜全套10册图画书,3,79.0,237.0
41565,2,4813,DD11774790049,儿童绘本36岁经典绘本,1,81.37,81.37
41565,3,4814,DD11310974044,儿童绘本3-6岁经典绘本排行榜10册3岁4岁,2,83.74,167.48
41566,1,4815,DD11497690294,儿童绘本3-6岁经典绘本10册3岁4岁,1,79.0,79.0
41566,2,4816,DD11316806144,儿童绘本36岁经典绘本排行榜20册小红帽三只小猪绘本睡前故事3-6岁2岁,2,81.37,162.74
41566,3,4817,DD1612716180,儿童绘本36岁经典绘本18册国际大师情商教养绘本馆0-3周岁,3,83.74,251.22
41567,1,4818,DD11948241010,儿童绘本0到3岁和我一起数瓢虫幼儿启蒙早教书玩具1-2岁半,2,79.0,158.0
41567,2,4819,DD12393981229,儿童绘本36岁绘本18册国际大师情商教养绘本馆0-3周岁,3,81.37,244.11
41567,3,4820,DD1165364868,领券减100儿童绘本3-6岁经典绘本排行榜儿童逆商情绪管理绘本全32册,1,83.74,83.74
41568,1,4821,DD12351189260,儿童绘本我会认数字3d立体翻翻书,3,79.0,237.0
41568,2,4822,DD11314608314,幼儿童绘本3-6岁经典绘本排行榜中国获奖,1,81.37,81.37
41568,3,4823,DD11456096048,儿童绘本全25册,2,83.74,167.48
41569,1,4824,DD11432471123,儿童绘本36岁经典绘本,1,79.0,79.0
41569,2,4825,DD11316920284,儿童绘本套装11册不可思议的旅程,2,81.37,162.74
41569,3,4826,DD24159173,爱是一捧浓浓的蜂蜜儿童绘本一年级二年级小学生,3,83.74,251.22
41570,1,4827,DD1875763238,儿童绘本36岁经典绘本排行榜全套10册儿童情绪管理与性格培养绘本系列幼儿早教启蒙睡前小故事三岁,2,79.0,158.0
41570,2,4828,DD11469262298,儿童绘本故事书0-3-4-6-8周岁,3,81.37,244.11
41570,3,4829,DD11963062243,儿童绘本36岁经典绘本科普启蒙绘本40册学前班,1,83.74,83.74
41571,1,4830,DD11245654283,儿童绘本36岁经典绘本58册,3,79.0,237.0
41571,2,4831,DD11310986144,儿童绘本36岁经典绘本排行榜18册国际大师情商教养绘本馆0-3周岁,1,81.37,81.37
41571,3,4832,DD12415538256,儿童绘本0到3岁和我一起数瓢虫幼儿启蒙早教书玩具1-2岁半,2,83.74,167.48
41572,1,4833,DD12476555177,儿童绘本3—6岁两婴儿幼儿动物思维品质训练大脑训练纸板书三字经三岁,1,79.0,79.0
41572,2,4834,DD12417850096,儿童绘本幼儿绘本0-2-3岁早教启蒙益智有声书大英儿童认知百科全书,2,81.37,162.74
41572,3,4835,DD1839867778,素质教育绘本全套20册幼儿童绘本36岁经典绘本排行榜情绪情商性格逆商培养,3,83.74,251.22
41573,1,4836,DD29827373,奶龙益智游戏贴纸书:专注力培养益智游戏+趣味贴纸，轻松培养专注力,2,79.0,158.0
41573,2,4837,DD29633549,波西和皮普5册益智游戏书近100种益智游戏+近400张精美贴纸(小小聪明豆系列绘本),3,81.37,244.11
41573,3,4838,DD29633547,波西和皮普益智游戏书:户外大探险(小小聪明豆系列绘本),1,83.74,83.74
41574,1,4839,DD12100023247,益智游戏类,3,79.0,237.0
41574,2,4840,DD29872910,奶龙益智游戏果冻贴纸书全2册3-4-5到6岁以上儿童趣味动手动脑果冻贴贴画可反复粘贴男孩女孩安静书可水洗玩具,1,81.37,81.37
41574,3,4841,DD29567477,益智游戏系列4-5岁全脑开发游戏书迷宫、配对、找不同、涂色、连点绘画等,2,83.74,167.48
41575,1,4842,DD12100018595,益智游戏系列,1,79.0,79.0
41575,2,4843,DD23346919,益智游戏大集合！迷宫大冒险大家来找茬图画捉迷藏趣味找找看,2,81.37,162.74
41575,3,4844,DD29748123,兔子小白益智游戏绘本,3,83.74,251.22
41576,1,4845,DD29633546,波西和皮普益智游戏书:最好的朋友(小小聪明豆系列绘本),2,79.0,158.0
41576,2,4846,DD29827372,奶龙益智游戏贴纸书:思维训练益智游戏+趣味贴纸，轻松培养专注力,3,81.37,244.11
41576,3,4847,DD29580325,迷宫游戏益智游戏书观察力记忆力训练故事书,1,83.74,83.74
41577,1,4848,DD29586503,多元益智游戏书哈里与肯特益智大迷宫:抓住银行强盗,3,79.0,237.0
41577,2,4849,DD29636064,波西和皮普绘本11册+益智游戏书5册共16册套装(小小聪明豆系列绘本)0-4岁,1,81.37,81.37
41577,3,4850,DD29567478,益智游戏系列5-6岁全脑开发游戏书迷宫、配对、找不同、涂色、连点绘画等,2,83.74,167.48
41578,1,4851,DD28469399,迪士尼益智游戏故事书社会交往(套装共4册),1,79.0,79.0
41578,2,4852,DD11099626787,益智游戏,2,81.37,162.74
41578,3,4853,DD11099626647,益智游戏,3,83.74,251.22
41579,1,4854,DD29567476,益智游戏系列3-4岁全脑开发游戏书迷宫、配对、找不同、涂色、连点绘画等,2,79.0,158.0
41579,2,4855,DD11875601533,益智游戏大闯关海底大冒险/益智游戏大闯关,3,81.37,244.11
41579,3,4856,DD11875602413,益智游戏大闯关逃亡大作战/益智游戏大闯关,1,83.74,83.74
41580,1,4857,DD12402930581,益智游戏馆:脑筋急转弯精选1288葛忠雨编,3,79.0,237.0
41580,2,4858,DD1693398696,我的首套运动游戏绘本:益智游戏我喜欢(四色绘本),1,81.37,81.37
41580,3,4859,DD11771667239,铠甲勇士雅塔莱斯?益智游戏书(1),2,83.74,167.48
41581,1,4860,DD11772109879,铠甲勇士雅塔莱斯?益智游戏书(4),1,79.0,79.0
41581,2,4861,DD11179321940,铠甲勇士雅塔莱斯?益智游戏书(4)(4),2,81.37,162.74
41581,3,4862,DD11180022500,铠甲勇士雅塔莱斯?益智游戏书(1)(1),3,83.74,251.22
41582,1,4863,DD1417795703,铠甲勇士雅塔莱斯?益智游戏书(4),2,79.0,158.0
41582,2,4864,DD12366690081,益智游戏百宝囊·剪纸贴贴乐:悠悠猴的丛林历险,3,81.37,244.11
41582,3,4865,DD1415902103,益智游戏书,1,83.74,83.74
41583,1,4866,DD11770033599,益智游戏总动员(海盗百科篇)(英),3,79.0,237.0
41583,2,4867,DD11180432780,益智游戏总动员(海盗百科篇)海盗百科篇,1,81.37,81.37
41583,3,4868,DD11181565780,益智游戏总动员?鬼怪百科篇,2,83.74,167.48
41584,1,4869,DD12389001716,益智游戏馆·每个孩子都是福尔摩斯:培养超级神童的600个侦探推理游戏,1,79.0,79.0
41584,2,4870,DD1525245300,益智游戏总动员(英),2,81.37,162.74
41584,3,4871,DD12360948889,益智游戏馆·每个孩子都是福尔摩斯:培养超级神童的600个侦探推理游戏,3,83.74,251.22
41585,1,4872,DD12462141761,益智游戏馆:成语益智游戏精选1288,2,79.0,158.0
41585,2,4873,DD1193136537,铠甲勇士雅塔莱斯?益智游戏书(4)(4),3,81.37,244.11
41585,3,4874,DD12487083201,益智游戏馆:成语益智游戏精选1288,1,83.74,83.74
41586,1,4875,DD12383019069,益智游戏馆:脑筋急转弯精选1288,3,79.0,237.0
41586,2,4876,DD1193126737,益智游戏书(1),1,81.37,81.37
41586,3,4877,DD12336967404,益智游戏馆·每个孩子都是福尔摩斯:培养超级神童的600个侦探推理游戏,2,83.74,167.48
41587,1,4878,DD12329033424,益智游戏馆:成语益智游戏精选1288,1,79.0,79.0
41587,2,4879,DD12351301671,益智游戏馆:脑筋急转弯精选1288,2,81.37,162.74
41587,3,4880,DD12338325244,益智游戏馆:成语益智游戏精选1288葛忠雨编,3,83.74,251.22
41588,1,4881,DD12392332281,益智游戏馆·每个孩子都是福尔摩斯:培养超级神童的600个侦探推理游戏,2,79.0,158.0
41588,2,4882,DD1148283737,铠甲勇士雅塔莱斯?益智游戏书(4)(4),3,81.37,244.11
41588,3,4883,DD1148281537,益智游戏书(1),1,83.74,83.74
41589,1,4884,DD23873655,益智游戏总动员益智游戏总动员奥林匹克百科篇,3,79.0,237.0
41589,2,4885,DD12393551418,益智游戏书,1,81.37,81.37
41589,3,4886,DD12393131658,益智游戏书,2,83.74,167.48
41590,1,4887,DD12406411476,益智游戏馆,1,79.0,79.0
41590,2,4888,DD11999816890,益智游戏馆,2,81.37,162.74
41590,3,4889,DD11786588263,精装绘本我的首套运动游戏绘本,3,83.74,251.22
41591,1,4890,DD12409766448,益智游戏大集合！迷宫大冒险大家来找茬图画捉迷藏趣味找找看新华书店,2,79.0,158.0
41591,2,4891,DD12348298160,益智游戏馆,3,81.37,244.11
41591,3,4892,DD12495937187,益智游戏大集合！迷宫大冒险大家来找茬图画捉迷藏趣味找找看,1,83.74,83.74
41592,1,4893,DD693811682,益智游戏,3,79.0,237.0
41592,2,4894,DD12342163746,益智游戏馆·每个孩子都是爱因斯坦:培养超级神童的1001个逻辑思维游戏,1,81.37,81.37
41592,3,4895,DD12373707015,益智游戏馆·每个孩子都是爱因斯坦:培养超级神童的1001个逻辑思维游戏,2,83.74,167.48
41593,1,4896,DD12462272411,益智游戏馆·每个孩子都是爱因斯坦:培养超级神童的1001个逻辑思维游戏,1,79.0,79.0
41593,2,4897,DD11990597520,益智游戏馆,2,81.37,162.74
41593,3,4898,DD12310808740,益智游戏馆,3,83.74,251.22
41594,1,4899,DD12349172556,益智游戏馆,2,79.0,158.0
41594,2,4900,DD12454862267,益智游戏馆,3,81.37,244.11
41594,3,4901,DD12399247825,益智游戏认知书系列:创意城市/创意工程车美,1,83.74,83.74
41595,1,4902,DD12386879086,益智游戏馆,3,79.0,237.0
41595,2,4903,DD1598480694,当天发货,1,81.37,81.37
41595,3,4904,DD12487262691,益智游戏馆·每个孩子都是福尔摩斯:培养超级神童的600个侦探推理游戏,2,83.74,167.48
41596,1,4905,DD12336234655,益智游戏馆,1,79.0,79.0
41596,2,4906,DD12339129465,益智游戏馆,2,81.37,162.74
41596,3,4907,DD12304539623,益智游戏总动员泰坦尼克号百科篇,3,83.74,251.22
41597,1,4908,DD12310813650,益智游戏馆,2,79.0,158.0
41597,2,4909,DD12310788090,益智游戏馆,3,81.37,244.11
41597,3,4910,DD12400408235,益智游戏系列5-6岁全脑开发游戏书迷宫、配对、找不同、涂色、连点绘画等，着重提高孩子的观察力、判断力,1,83.74,83.74
41598,1,4911,DD12100018315,益智游戏书,3,79.0,237.0
41598,2,4912,DD1079432024,益智游戏大集合迷宫大冒险大家来找茬图画捉迷藏趣味找找看童书益智游戏趣味游戏书,1,81.37,81.37
41598,3,4913,DD12339134485,益智游戏馆,2,83.74,167.48
41599,1,4914,DD12307283370,益智游戏馆,1,79.0,79.0
41599,2,4915,DD11994613320,益智游戏馆,2,81.37,162.74
41599,3,4916,DD12428135336,益智游戏馆·每个孩子都是福尔摩斯:培养超级神童的600个侦探推理游戏,3,83.74,251.22
41600,1,4917,DD12354921063,益智游戏总动员泰坦尼克号百科篇,2,79.0,158.0
41600,2,4918,DD12399199115,益智游戏认知书:创意数字/创意字母/创意恐龙美克里斯托弗·法兰西斯切利/文(英),3,81.37,244.11
41600,3,4919,DD11883102930,益智游戏越玩越聪明的500个脑筋急转弯彩图版,1,83.74,83.74
41601,1,4920,DD12367380281,益智游戏高手11-12岁,3,79.0,237.0
41601,2,4921,DD11652151846,益智游戏认知书创意恐龙,1,81.37,81.37
41601,3,4922,DD12354434540,益智游戏大闯关:小海龟找朋友,2,83.74,167.48
41602,1,4923,DD29567475,益智游戏系列2-3岁全脑开发游戏书迷宫、配对、找不同、涂色、连点绘画等,1,79.0,79.0
41602,2,4924,DD12373163338,益智游戏大闯关:小海龟找朋友,2,81.37,162.74
41602,3,4925,DD12358143163,益智游戏大闯关:小海龟找朋友,3,83.74,251.22
41603,1,4926,DD12398517888,益智游戏系列3-4岁全脑开发游戏书迷宫、配对、找不同、涂色、连点绘画等,2,79.0,158.0
41603,2,4927,DD11959330743,益智游戏馆,3,81.37,244.11
41603,3,4928,DD11930259120,益智游戏馆·每个孩子都是福尔摩斯:培养超级神童的600个侦探推理游戏,1,83.74,83.74
41604,1,4929,DD11963505496,益智游戏馆·每个孩子都是福尔摩斯:培养超级神童的600个侦探推理游戏,3,79.0,237.0
41604,2,4930,DD12387616385,益智游戏系列:变变变，神奇的几何图形,1,81.37,81.37
41604,3,4931,DD12438227957,益智游戏大闯关:小海龟找朋友刘舜华著；三人行插画工作室编,2,83.74,167.48
41605,1,4932,DD12304563243,益智游戏系列3-4岁全脑开发游戏书迷宫、配对、找不同、涂色、连点绘画等,1,79.0,79.0
41605,2,4933,DD12492457797,益智游戏馆,2,81.37,162.74
41605,3,4934,DD12502670047,益智游戏认知书创意恐龙,3,83.74,251.22
41606,1,4935,DD11178415530,益智游戏认知书创意恐龙,2,79.0,158.0
41606,2,4936,DD11179840180,益智游戏认知书创意数字,3,81.37,244.11
41606,3,4937,DD11767624539,益智游戏认知书创意恐龙,1,83.74,83.74
41607,1,4938,DD11178415830,益智游戏认知书创意字母,3,79.0,237.0
41607,2,4939,DD12346471891,益智游戏图画捉迷藏*海星篇,1,81.37,81.37
41607,3,4940,DD12412536807,益智游戏图画捉迷藏*海星篇,2,83.74,167.48
41608,1,4941,DD11772888469,益智游戏认知书创意数字,1,79.0,79.0
41608,2,4942,DD11766058009,益智游戏认知书创意字母,2,81.37,162.74
41608,3,4943,DD12369586926,益智游戏系列3-4岁全脑开发游戏书迷宫、配对、找不同、涂色、连点绘画等,3,83.74,251.22
41609,1,4944,DD12398236205,益智游戏馆·每个孩子都是爱因斯坦:培养超级神童的1001个逻辑思维游戏,2,79.0,158.0
41609,2,4945,DD12348089640,益智游戏认知书创意恐龙,3,81.37,244.11
41609,3,4946,DD12413916946,益智游戏认知书创意恐龙,1,83.74,83.74
41610,1,4947,DD11389449675,益智游戏书16册,3,79.0,237.0
41610,2,4948,DD12321657254,益智游戏大闯关:小海龟找朋友,1,81.37,81.37
41610,3,4949,DD12338714056,益智游戏百宝囊·剪纸贴贴乐:悠悠猴的丛林历险,2,83.74,167.48
41611,1,4950,DD11934221999,益智游戏馆·每个孩子都是福尔摩斯:培养超级神童的600个侦探推理游戏,1,79.0,79.0
41611,2,4951,DD12447796861,益智游戏馆·每个孩子都是爱因斯坦:培养超级神童的1001个逻辑思维游戏,2,81.37,162.74
41611,3,4952,DD12304308334,益智游戏百宝囊·剪纸贴贴乐:悠悠猴的丛林历险,3,83.74,251.22
41612,1,4953,DD12388302926,益智游戏馆,2,79.0,158.0
41612,2,4954,DD12339291364,益智游戏馆·每个孩子都是爱因斯坦:培养超级神童的1001个逻辑思维游戏,3,81.37,244.11
41612,3,4955,DD1022721458,益智游戏书,1,83.74,83.74
41613,1,4956,DD1016676658,益智游戏书,3,79.0,237.0
41613,2,4957,DD12358863259,益智游戏馆·每个孩子都是爱因斯坦:培养超级神童的1001个逻辑思维游戏,1,81.37,81.37
41613,3,4958,DD12355311379,益智游戏大手册法,2,83.74,167.48
41614,1,4959,DD1012317785,益智游戏大集合(共3册),1,79.0,79.0
41614,2,4960,DD1142915179,益智游戏大集合(共3册),2,81.37,162.74
41614,3,4961,DD1062109569,益智游戏大集合(共3册),3,83.74,251.22
41615,1,4962,DD11020848094,益智游戏大集合(共3册),2,79.0,158.0
41615,2,4963,DD1160014797,益智游戏大集合(共3册),3,81.37,244.11
41615,3,4964,DD12371327444,益智游戏大集合(共3册),1,83.74,83.74
41616,1,4965,DD22844439,益智游戏大闯关.套装共3册(48个游戏、挑战极限、激发潜能)随书赠磁贴,3,79.0,237.0
41616,2,4966,DD11725810353,益智游戏逻辑思维全脑逻辑思维游戏哈佛大学全世界优等生都在做的思维智力训练题2000个思维游戏越玩越聪明的数学思维游戏训,1,81.37,81.37
41616,3,4967,DD11729358092,益智游戏逻辑思维全脑逻辑思维游戏哈佛大学全世界优等生都在做的思维智力训练题2000个思维游戏越玩越聪明的数学思维游戏训,2,83.74,167.48
41617,1,4968,DD11473132008,益智游戏贴纸书16册,1,79.0,79.0
41617,2,4969,DD12394459848,益智游戏认知书创意恐龙,2,81.37,162.74
41617,3,4970,DD12395092468,益智游戏认知书创意字母,3,83.74,251.22
41618,1,4971,DD12319082813,益智游戏认知书创意恐龙,2,79.0,158.0
41618,2,4972,DD12321994283,益智游戏认知书创意字母,3,81.37,244.11
41618,3,4973,DD11756648154,时光学益智游戏便携指印画JST幼儿童涂色创意手指画印泥盘册艺术启蒙可水洗涂鸦拓展认知发挥想象力,1,83.74,83.74
41619,1,4974,DD12346852751,益智游戏图画捉迷藏*海鸥篇,3,79.0,237.0
41619,2,4975,DD29567479,益智游戏系列(全4册),1,81.37,81.37
41619,3,4976,DD12438141027,益智游戏图画捉迷藏*海鸥篇,2,83.74,167.48
41620,1,4977,DD12100023914,奶龙益智游戏果冻贴纸书,1,79.0,79.0
41620,2,4978,DD11835713600,益智游戏认知书3册新华,2,81.37,162.74
41620,3,4979,DD27922368,学画画系列(套装全8册)益智游戏书,3,83.74,251.22
41621,1,4980,DD11832457504,益智游戏认知书3册,2,79.0,158.0
41621,2,4981,DD11821964842,益智游戏认知书3册,3,81.37,244.11
41621,3,4982,DD11868533841,益智游戏认知书3册,1,83.74,83.74
41622,1,4983,DD12341505114,益智游戏认知书系列(全2册):创意城市/创意工程车,3,79.0,237.0
41622,2,4984,DD12367325165,益智游戏认知书系列(全2册):创意城市/创意工程车,1,81.37,81.37
41622,3,4985,DD12473200281,益智游戏认知书系列(全2册):创意城市/创意工程车,2,83.74,167.48
41623,1,4986,DD1636539490,益智游戏认知书:创意数字/创意字母/创意恐龙(全3册),1,79.0,79.0
41623,2,4987,DD11840800259,益智游戏认知书:创意数字/创意字母/创意恐龙(全3册),2,81.37,162.74
41623,3,4988,DD1613375072,益智游戏认知书:创意数字/创意字母/创意恐龙(全3册),3,83.74,251.22
41624,1,4989,DD1613374872,益智游戏认知书:创意数字/创意字母/创意恐龙(全3册),2,79.0,158.0
41624,2,4990,DD11178415000,益智游戏认知书:创意数字/创意字母/创意恐龙(全3册),3,81.37,244.11
41624,3,4991,DD29825838,幼儿学前全脑益智游戏100图·第一阶段2-3-6岁,1,83.74,83.74
41625,1,4992,DD29825839,幼儿学前全脑益智游戏100图·第二阶段2-3-6岁,3,79.0,237.0
41625,2,4993,DD23669733,IQ益智游戏大百科(共5册),1,81.37,81.37
41625,3,4994,DD29633545,波西和皮普益智游戏书:节日倒计时(小小聪明豆系列绘本),2,83.74,167.48
41626,1,4995,DD11786617553,天天益智游戏大卡:快乐动手英,1,79.0,79.0
41626,2,4996,DD11907360422,天天益智游戏大卡:活力运动英吉尔平著，忆非译,2,81.37,162.74
41626,3,4997,DD11907358482,天天益智游戏大:卡美丽风景英沃特著，忆非译,3,83.74,251.22
41627,1,4998,DD11786617723,天天益智游戏大卡:亲近自然英,2,79.0,158.0
41627,2,4999,DD11907360782,天天益智游戏大卡:快乐动手英克拉克著，忆非译,3,81.37,244.11
41627,3,5000,DD11907358982,天天益智游戏大卡:亲近自然英沃特著，忆非译,1,83.74,83.74
41628,1,5001,DD11786618443,天天益智游戏大卡:开心度假英,3,79.0,237.0
41628,2,5002,DD11907359502,天天益智游戏大卡:奇妙世界英克拉克著，忆非译,1,81.37,81.37
41628,3,5003,DD11907359802,天天益智游戏大卡:梦想乐园英沃特著，忆非译,2,83.74,167.48
41629,1,5004,DD11786617643,天天益智游戏大卡:奇妙世界英,1,79.0,79.0
41629,2,5005,DD11786618513,天天益智游戏大卡:梦想乐园英,2,81.37,162.74
41629,3,5006,DD11907358142,天天益智游戏大卡:时空旅行英沃特著，忆非译,3,83.74,251.22
41630,1,5007,DD11786616893,天天益智游戏大卡:时空旅行英,2,79.0,158.0
41630,2,5008,DD11786604023,天天益智游戏大卡:沿途探秘英,3,81.37,244.11
41630,3,5009,DD11907360092,天天益智游戏大卡:沿途探秘英沃特著，忆非译,1,83.74,83.74
41631,1,5010,DD11786611233,天天益智游戏大:卡美丽风景英,3,79.0,237.0
41631,2,5011,DD11786623213,天天益智游戏大卡:活力运动英,1,81.37,81.37
41631,3,5012,DD11786611133,天天益智游戏大卡:超级比拼英,2,83.74,167.48
41632,1,5013,DD11907361412,天天益智游戏大卡:超级比拼英吉尔平著，忆非译,1,79.0,79.0
41632,2,5014,DD11764886729,快乐益智游戏.连连线,2,81.37,162.74
41632,3,5015,DD11178664470,快乐益智游戏(捉迷藏)捉迷藏,3,83.74,251.22
41633,1,5016,DD11179001840,快乐益智游戏.连连线连连线,2,79.0,158.0
41633,2,5017,DD1427025403,快乐益智游戏(捉迷藏),3,81.37,244.11
41633,3,5018,DD1428066003,快乐益智游戏.连连线,1,83.74,83.74
41634,1,5019,DD11763844499,快乐益智游戏(捉迷藏),3,79.0,237.0
41634,2,5020,DD11941431141,超凡益智游戏书神秘的海盗,1,81.37,81.37
41634,3,5021,DD11890722306,快乐益智游戏.连连线,2,83.74,167.48
41635,1,5022,DD12404801228,快乐益智游戏,1,79.0,79.0
41635,2,5023,DD12403715028,快乐益智游戏.连连线,2,81.37,162.74
41635,3,5024,DD11912635577,快乐益智游戏新华书店总店自营店,3,83.74,251.22
41636,1,5025,DD1046768677,快乐益智游戏(捉迷藏)捉迷藏,2,79.0,158.0
41636,2,5026,DD12359917659,IQ益智游戏大百科:迷宫冒险益智游戏日秋山久义、日,3,81.37,244.11
41636,3,5027,DD23641379,爸爸去哪儿,1,83.74,83.74
41637,1,5028,DD12412151138,书法绘画展,3,79.0,237.0
41637,2,5029,DD12354204330,历代书法绘画,1,81.37,81.37
41637,3,5030,DD12323268194,历代书法绘画,2,83.74,167.48
41638,1,5031,DD11703627266,历代书法绘画,1,79.0,79.0
41638,2,5032,DD12445024961,书法绘画摄影作品集,2,81.37,162.74
41638,3,5033,DD11779942817,审计系统书法绘画摄影展作品集朱尧平、罗美富主编,3,83.74,251.22
41639,1,5034,DD12328913910,石开半尺书法绘画诗文手稿印稿题跋艺术图书资料美术图,2,79.0,158.0
41639,2,5035,DD12507475381,石开半尺书法绘画诗文手稿印稿题跋艺术图书资料美术图,3,81.37,244.11
41639,3,5036,DD12372002170,刘忠元书法绘画作品集(全两册),1,83.74,83.74
41640,1,5037,DD11461266784,孙其峰书法绘画理论丛书5册课徒稿画理山水书法篆刻速写默写小构图中国花鸟画讲稿创作研究讲义绘画技法心得经验技法解析设色,3,79.0,237.0
41640,2,5038,DD11716009090,孙晓云书法绘画,1,81.37,81.37
41640,3,5039,DD12349515478,国粹精华的书法绘画/中华文化大博览丛书,2,83.74,167.48
41641,1,5040,DD12358318283,国粹精华的书法绘画/中华文化大博览丛书,1,79.0,79.0
41641,2,5041,DD11887692983,国粹精华的书法绘画,2,81.37,162.74
41641,3,5042,DD11993829530,国粹精华的书法绘画,3,83.74,251.22
41642,1,5043,DD11771786655,全套2册新编书法绘画入门与提高零基础从入门到精通初学者铅笔画绘画几何体中国书法一点通楷书行书草书篆书隶书毛笔字书法大全,2,79.0,158.0
41642,2,5044,DD12415281688,全军届老部书法绘画篆刻展览作品精选,3,81.37,244.11
41642,3,5045,DD12482456877,国粹精华的书法绘画,1,83.74,83.74
41643,1,5046,DD11847829467,国粹精华的书法绘画,3,79.0,237.0
41643,2,5047,DD11978795798,书籍书法绘画(四色),1,81.37,81.37
41643,3,5048,DD12320180688,全国残疾人书法绘画大赛获作品暨当代书画,2,83.74,167.48
41644,1,5049,DD12366447175,国粹精华的书法绘画/中华文化大博览丛书,1,79.0,79.0
41644,2,5050,DD11859233934,全套2册新编书法绘画入门与提高零基础从入门到精通初学者铅笔画绘画几何体中国书法一点通楷书行书草书篆书隶书毛笔字书法大全,2,81.37,162.74
41644,3,5051,DD11888614775,全套2册新编书法绘画入门与提高零基础从入门到精通初学者铅笔画绘画几何体中国书法一点通楷书行书草书篆书隶书毛笔字书法大全,3,83.74,251.22
41645,1,5052,DD12416203208,全军届老部书法绘画篆刻展览作品精选,2,79.0,158.0
41645,2,5053,DD11273819697,国粹精华的书法绘画平面设计,3,81.37,244.11
41645,3,5054,DD12381327048,全套2册新编书法绘画入门与提高零基础从入门到精通初学者铅笔画绘画几何体中国书法一点通楷书行书草书篆书隶书毛笔字书法大全,1,83.74,83.74
41646,1,5055,DD11759205724,全套2册新书法绘画入门与提高零基础从入门到精通初学者铅笔画绘画几何体中国书法一点通楷书行书草书篆书隶书毛笔,3,79.0,237.0
41646,2,5056,DD11854208482,国粹精华的书法绘画,1,81.37,81.37
41646,3,5057,DD1409855719,国粹精华的书法绘画/中华文化大博览丛书,2,83.74,167.48
41647,1,5058,DD12334801257,全国审计系统书法绘画摄影展作品集,1,79.0,79.0
41647,2,5059,DD12437698237,“清廉理工”书法绘画设计摄影优秀作品集,2,81.37,162.74
41647,3,5060,DD11966858218,程士名邵维宾书法绘画作品集,3,83.74,251.22
41648,1,5061,DD11809102212,清廉理工书法绘画设计摄影优秀作品集,2,79.0,158.0
41648,2,5062,DD12417442566,中国百年历程书法绘画精品集现当代艺术,3,81.37,244.11
41648,3,5063,DD12365108461,中国历代,1,83.74,83.74
41649,1,5064,DD12360060258,中国历代名家书法绘画全集50册经折装原作原大高清字帖赵孟?洛神赋王羲之兰亭序米芾蜀素帖颜真卿祭侄文稿行书草书碑帖临摹国画,3,79.0,237.0
41649,2,5065,DD11717464199,吴昌硕纪年书法绘画篆刻录,1,81.37,81.37
41649,3,5066,DD11753492076,你应该具备的中国书法绘画知识,2,83.74,167.48
41650,1,5067,DD12482172447,图说中华传统文化:书法绘画,1,79.0,79.0
41650,2,5068,DD12333497122,你应该具备的:中国书法绘画知识,2,81.37,162.74
41650,3,5069,DD11783048483,你应该具备的:中国书法绘画知识,3,83.74,251.22
41651,1,5070,DD12330217792,你应该具备的:中国书法绘画知识,2,79.0,158.0
41651,2,5071,DD12422219436,你应该具备的:中国书法绘画知识,3,81.37,244.11
41651,3,5072,DD12496423297,你应该具备的:中国书法绘画知识,1,83.74,83.74
41652,1,5073,DD12385711199,你应该具备的:中国书法绘画知识,3,79.0,237.0
41652,2,5074,DD11892650734,中国书法与绘画全书书法绘画历史概论书法技法国画技法基础入门教程中国古代书法起源绘画基础入门理论,1,81.37,81.37
41652,3,5075,DD11938005767,中国书法与绘画全书书法绘画历史概论书法技法国画技法基础入门教程中国古代书法起源绘画基础入门理论,2,83.74,167.48
41653,1,5076,DD12348454134,中国书法与绘画全书书法绘画历史概论书法技法国画技法基础入门教程中国古代书法起源绘画基础入门理论,1,79.0,79.0
41653,2,5077,DD11711898663,精装全彩珍藏版中国书法与绘画全书书法绘画历史概论书法技法国画技法基础入门教程中国古代书法起源绘画基础入门理论,2,81.37,162.74
41653,3,5078,DD12359201743,中国书法与绘画全书书法绘画历史概论书法技法国画技法基础入门教程中国古代书法起源绘画基础入门理论,3,83.74,251.22
41654,1,5079,DD12341232822,西安碑林古刻集粹.书法绘画卷(上),2,79.0,158.0
41654,2,5080,DD11865184154,中国书法与绘画全书书法绘画历史概论书法技法国画技法基础入门教程中国古代书法起源绘画基础入门理论,3,81.37,244.11
41654,3,5081,DD12528881851,中国书法与绘画全书书法绘画历史概论书法技法国画技法基础入门教程中国古代书法起源绘画基础入门理论,1,83.74,83.74
41655,1,5082,DD12352524493,你应该具备的:中国书法绘画知识,3,79.0,237.0
41655,2,5083,DD12434830091,图说中华传统文化(书法绘画),1,81.37,81.37
41655,3,5084,DD12326915490,中国书法与绘画全书书法绘画历史概论书法技法国画技法基础入门教程,2,83.74,167.48
41656,1,5085,DD12328495692,中国书法与绘画全书书法绘画历史概论书法技法国画技法基础入门教程,1,79.0,79.0
41656,2,5086,DD12388662835,万事都从缺陷好含书法绘画注解展现传统文化魅力,2,81.37,162.74
41656,3,5087,DD11993489012,中国书法与绘画全书书法绘画历史概论书法技法国画技法基础入门教程,3,83.74,251.22
41657,1,5088,DD11943899678,西安碑林古刻集粹书法绘画卷,2,79.0,158.0
41657,2,5089,DD12366144979,中国书法与绘画全书书法绘画历史概论书法技法国画技法基础入门教程,3,81.37,244.11
41657,3,5090,DD12351414178,中国书法与绘画全书书法绘画历史概论书法技法国画技法基础入门教程,1,83.74,83.74
41658,1,5091,DD12495966971,中国书法与绘画全书书法绘画历史概论书法技法国画技法基础入门教程无,3,79.0,237.0
41658,2,5092,DD11957699673,一得阁墨汁500g书法绘画通用墨汁精制墨汁学生考试考级书画装裱墨汁文房四宝墨汁液体,1,81.37,81.37
41658,3,5093,DD11706778583,一得阁墨汁500g书法绘画通用墨汁精制墨汁成人学生考试考级书画装裱墨汁文房四宝墨汁液体,2,83.74,167.48
41659,1,5094,DD12342521712,诗意长城(线装本)书法绘画集,1,79.0,79.0
41659,2,5095,DD11926833804,启功书画启功书法绘画赏析书法临摹,2,81.37,162.74
41659,3,5096,DD11910992410,启功书画启功书法绘画赏析书法临摹人民美术耿建臣著,3,83.74,251.22
41660,1,5097,DD12346605315,启功书画启功书法绘画赏析书法临摹,2,79.0,158.0
41660,2,5098,DD12398674988,启功书画启功书法绘画赏析书法临摹,3,81.37,244.11
41660,3,5099,DD12481930807,启功书画启功书法绘画赏析书法临摹,1,83.74,83.74
41661,1,5100,DD12374204710,启功书画启功书法绘画赏析书法临摹,3,79.0,237.0
41661,2,5101,DD12426925428,启功书画启功书法绘画赏析书法临摹,1,81.37,81.37
41661,3,5102,DD12340911724,雪晴集张春红诗词书法绘画作品集四色印刷,2,83.74,167.48
41662,1,5103,DD12327732500,雪晴集张春红诗词书法绘画作品集四色印刷新华,1,79.0,79.0
41662,2,5104,DD12310834582,雪晴集张春红诗词书法绘画作品集四色印刷,2,81.37,162.74
41662,3,5105,DD12469966501,雪晴集张春红诗词书法绘画作品集四色印刷,3,83.74,251.22
41663,1,5106,DD12343607502,首届全国少年儿童书法绘画比赛获作品选,2,79.0,158.0
41663,2,5107,DD12301767628,中国保险业第三届书法绘画摄影展览作品集,3,81.37,244.11
41663,3,5108,DD11253507604,环州藏墨:环县收藏书法绘画作品选:四,1,83.74,83.74
41664,1,5109,DD12463113127,环州藏墨:环县收藏书法绘画作品选:四中共环县委老干部工作局甘肃人民社,3,79.0,237.0
41664,2,5110,DD12507474601,石开书画印石开书法绘画篆刻的合集艺术资料图书,1,81.37,81.37
41664,3,5111,DD12380534577,王羲之书法集4册书法绘画王羲之全集王羲之书法王羲之兰亭序王羲之行书字帖王羲之楷书王羲之小楷仿古线装书图,2,83.74,167.48
41665,1,5112,DD11987792024,王羲之书法集4册书法绘画王羲之全集王羲之书法王羲之兰亭序王羲之行书字帖王羲之楷书王羲之小楷仿古线装书图,1,79.0,79.0
41665,2,5113,DD12339242660,大美彭墩全国,2,81.37,162.74
41665,3,5114,DD12319566745,王羲之书法集4册书法绘画王羲之全集王羲之书法王羲之兰亭序王羲之行书字帖王羲之楷书王羲之小楷仿古线装书,3,83.74,251.22
41666,1,5115,DD12520954811,王羲之书法集4册书法绘画王羲之全集王羲之书法王羲之兰亭序王羲之行书字帖王羲之楷书王羲之小楷彷古线装书,2,79.0,158.0
41666,2,5116,DD11846853187,环州藏墨:环县收藏书法绘画作品选:四,3,81.37,244.11
41666,3,5117,DD12497828131,王羲之书法集4册书法绘画王羲之全集王羲之书法王羲之兰亭序王羲之行书字帖王羲之楷书王羲之小楷彷古线装书,1,83.74,83.74
41667,1,5118,DD12482944567,环州藏墨:环县收藏书法绘画作品选:四,3,79.0,237.0
41667,2,5119,DD12392611588,环州藏墨:环县收藏书法绘画作品选:四中共环县委老干部工作局甘肃人民社,1,81.37,81.37
