supplier_id,product_id,product_barcode,product_name,supply_price,min_order_qty,is_primary
1,120,9788178082318,An introduction to database systems,43.45,10,1
102,120,9788178082318,An introduction to database systems,46.93,20,0
2,121,9781305627482,"Database Systems: Design, Implementation, & Management",45.43,15,1
101,122,9780201144390,An introduction to database systems,47.4,20,1
102,123,9780072353877,Database systems,49.38,25,1
103,124,9781405874373,Business database systems,51.35,30,1
203,124,9781405874373,Business database systems,55.46,40,0
201,125,9781943153190,Database Systems,43.45,35,1
202,126,9781285196145,Database Systems Design Implementation And Management,45.43,40,1
203,127,9780071244763,Database System Concepts,47.4,45,1
204,128,9789332582705,"Fundamentals Of Database System, 7Th Edn",49.38,10,1
207,128,9789332582705,"Fundamentals Of Database System, 7Th Edn",53.33,20,0
205,129,9780262332507,Readings in database systems,51.35,15,1
206,130,9780201877366,Intelligent database systems,43.45,20,1
207,131,9780023996658,Database systems,45.43,25,1
208,132,9780805317480,Fundamentals of database systems,47.4,30,1
1,132,9780805317480,Fundamentals of database systems,51.19,40,0
209,133,9781260515046,Loose Leaf for Database System Concepts,49.38,35,1
210,134,9781558605237,Readings in database systems,51.35,40,1
1,135,9780878355792,Database systems,43.45,45,1
2,136,9781423902010,Database systems,45.43,10,1
103,136,9781423902010,Database systems,49.06,20,0
101,137,9780132144988,Database Systems,47.4,15,1
102,138,9780131911802,Database systems using Oracle,49.38,20,1
103,139,9781292097619,"Fundamentals of Database Systems, Global Edition",51.35,25,1
201,140,9789353438913,Database Systems,43.45,30,1
204,140,9789353438913,Database Systems,46.93,40,0
202,141,9781260084504,Database System Concepts,45.43,35,1
203,142,9788131716250,Fundamentals of database systems,47.4,40,1
204,143,9780760010907,"Database Systems Design, Implementation, and Management",49.38,45,1
205,144,9781558604438,Advanced database systems,51.35,10,1
208,144,9781558604438,Advanced database systems,55.46,20,0
206,145,9780132575676,Database Systems Introduction to Databases and Data Warehouses,43.45,15,1
207,146,9780735606340,Designing relational database systems,45.43,20,1
208,147,9780314667717,An introduction to database systems,47.4,25,1
209,148,9780321197849,An Introduction to Database Systems,49.38,30,1
2,148,9780321197849,An Introduction to Database Systems,53.33,40,0
210,149,9780321181053,Database Systems,51.35,35,1
1,150,9781558604667,Principles of multimedia database systems,43.45,40,1
2,151,9780072465631,Database management systems,45.43,45,1
101,152,9788129702289,Fundamentals of database systems,47.4,10,1
201,152,9788129702289,Fundamentals of database systems,51.19,20,0
102,153,9780387985299,Active rules in database systems,49.38,15,1
103,154,9781292061184,"Database Systems - A Practical Approach to Design, Implementation, and Management",51.35,20,1
201,155,9780070614819,Filing and database systems,43.45,25,1
202,156,9780471467922,Mobile Database Systems,45.43,30,1
205,156,9780471467922,Mobile Database Systems,49.06,40,0
203,157,9780136006374,A first course in database systems,47.4,35,1
204,158,9780071136686,Advanced concepts in operating systems,49.38,40,1
205,159,9780080490724,Component database systems,51.35,45,1
206,160,9780130428981,An advanced course in database systems,43.45,10,1
209,160,9780130428981,An advanced course in database systems,46.93,20,0
207,161,9780130402646,Database system implementation,45.43,15,1
208,162,9780321189561,Introduction to Database Systems,47.4,20,1
209,163,9780137386185,Principles of relational database systems,49.38,25,1
210,164,9780877091158,Database systems management and design,51.35,30,1
101,164,9780877091158,Database systems management and design,55.46,40,0
1,165,9781315213958,Nontraditional Database Systems,43.45,35,1
2,166,9781439812471,Bioinformatics Database Systems,45.43,40,1
101,167,9783211826140,Advances in database systems,47.4,45,1
102,168,9788131792476,Fundamentals of Database Systems,49.38,10,1
202,168,9788131792476,Fundamentals of Database Systems,53.33,20,0
103,169,9780387399409,Encyclopedia of database systems,51.35,15,1
201,170,9780130909336,Database Systems Using Oracle,43.45,20,1
202,171,9780126443752,Relational database systems,45.43,25,1
203,172,9780130619600,Management information systems,47.4,30,1
206,172,9780130619600,Management information systems,51.19,40,0
204,173,9781601980786,Architecture of a database system,49.38,35,1
205,174,9788177585674,Database systems,51.35,40,1
206,175,9780070108295,Distributed databases,43.45,45,1
207,176,9780138155049,Database Systems,45.43,10,1
210,176,9780138155049,Database Systems,49.06,20,0
208,177,9781292025827,First Course in Database Systems,47.4,15,1
209,178,9783030731939,Database Systems for Advanced Applications,49.38,20,1
210,179,9780071325226,Database System Concept 6/E (EPZ),51.35,25,1
1,180,9780072554816,Database Systems Concepts with Oracle CD,43.45,30,1
102,180,9780072554816,Database Systems Concepts with Oracle CD,46.93,40,0
2,181,9781337688826,"Database Systems Design, Implementation, and Management, Loose-Leaf Version",45.43,35,1
101,182,9780077103651,Database System Concepts,47.4,40,1
102,183,9780321204486,Fundamentals of Database Systems,49.38,45,1
103,184,9780131354289,Database Systems : The Complete Book,51.35,10,1
203,184,9780131354289,Database Systems : The Complete Book,55.46,20,0
201,185,9780306469886,Real-Time Database Systems,43.45,15,1
202,186,9781000562125,Database Systems,45.43,20,1
203,187,9788120712638,Database System,47.4,25,1
204,188,9780201590982,Modern Database Systems,49.38,30,1
207,188,9780201590982,Modern Database Systems,53.33,40,0
205,189,9780357475140,Bundle,51.35,35,1
206,190,9780128004708,RDF database systems,43.45,40,1
207,191,9780077095000,Database Systems,45.43,45,1
208,192,9780155000292,Database systems,47.4,10,1
1,192,9780155000292,Database systems,51.19,20,0
209,193,9780071246507,Introduction to database systems,49.38,15,1
210,194,9780881751888,Principles of database and knowledge-base systems,51.35,20,1
1,195,9781943153671,Database Systems,43.45,25,1
2,196,9780137156818,Principles of distributed database systems,45.43,30,1
103,196,9780137156818,Principles of distributed database systems,49.06,40,0
101,197,9789290922094,The EXOSAT database system,47.4,35,1
102,198,9781461304630,Multimedia Database Systems,49.38,40,1
103,199,9783528054113,Recovery in parallel database systems,51.35,45,1
201,200,9789332901384,Database System Concepts,43.45,10,1
204,200,9789332901384,Database System Concepts,46.93,20,0
202,201,9780805368307,Fund Database System,45.43,15,1
203,202,9783642120909,Advances In Intelligent Information And Database Systems,47.4,20,1
204,203,9780387556932,Advanced database systems,49.38,25,1
205,204,9780415302067,Nontraditional database systems,51.35,30,1
208,204,9780415302067,Nontraditional database systems,55.46,40,0
206,205,9783540120322,Relational database systems,43.45,35,1
207,206,9780862382377,Databases and Database Systems,45.43,40,1
208,207,9780131970885,Database Systems,47.4,45,1
209,208,9781285099675,Database System,49.38,10,1
2,208,9781285099675,Database System,53.33,20,0
210,209,9783031217425,Intelligent Information and Database Systems,51.35,15,1
1,210,9783642008870,Database Systems for Advanced Applications,43.45,20,1
2,211,9780038757855,Advances in object-oriented database systems,45.43,25,1
101,212,9781435626393,Readings in database systems,47.4,30,1
201,212,9781435626393,Readings in database systems,51.19,40,0
102,213,9780201542639,Fundamentals of database systems,49.38,35,1
103,214,9780321122261,Fundamentals of Database Systems,51.35,40,1
201,215,9788120312579,Object Oriented Database Systems,43.45,45,1
202,216,9780136063261,Introduction to Database Systems,45.43,10,1
205,216,9780136063261,Introduction to Database Systems,49.06,20,0
203,217,9781292436364,Pearson EText for Database Systems,47.4,15,1
204,218,9780321185563,Principles of Database Systems with Internet and Java Applications,49.38,20,1
205,219,9781032202020,Database Systems,51.35,25,1
206,220,9780201146479,Prolog programming,43.45,30,1
209,220,9780201146479,Prolog programming,46.93,40,0
207,221,9780387197326,Specifications of Database Systems,45.43,35,1
208,222,9781461561620,Real-time database systems,47.4,40,1
209,223,9780071204132,Database,49.38,45,1
210,224,9780080515595,Query processing for advanced database systems,51.35,10,1
101,224,9780080515595,Query processing for advanced database systems,55.46,20,0
1,225,9781322050324,Developing Quality Complex Database Systems,43.45,15,1
2,226,9781484211922,Database Systems: A Pragmatic Approach,45.43,20,1
101,227,9781280519192,Mobile Database Systems,47.4,25,1
102,228,9781774697610,Advanced Database Systems,49.38,30,1
202,228,9781774697610,Advanced Database Systems,53.33,40,0
103,229,9781461540953,Climate and Environmental Database Systems,51.35,35,1
201,230,9781322670508,Database management systems,43.45,40,1
202,231,9780792398721,Video database systems,45.43,45,1
203,232,9780632031160,Relational Database Systems,47.4,10,1
206,232,9780632031160,Relational Database Systems,51.19,20,0
204,233,9780071151108,Database management systems,49.38,15,1
205,234,9780201624397,Object-oriented database systems,51.35,20,1
206,235,9781292024479,Database Systems : Pearson New International Edition,43.45,25,1
207,236,9781475769371,Visual Database Systems 3,45.43,30,1
210,236,9781475769371,Visual Database Systems 3,49.06,40,0
208,237,9781447116165,The Architectural Logic of Database Systems,47.4,35,1
209,238,9789819755684,Database Systems for Advanced Applications,49.38,40,1
210,239,9783319754192,Intelligent Information and Database Systems,51.35,45,1
1,240,9781627050296,Similarity Joins in Relational Database Systems,43.45,10,1
102,240,9781627050296,Similarity Joins in Relational Database Systems,46.93,20,0
2,241,9781558600003,Readings in object-oriented database systems,45.43,15,1
101,242,9781844804528,Database management systems,47.4,20,1
102,243,9781558602168,Management of heterogeneous and autonomous database systems,49.38,25,1
103,244,9780934613651,Readings in database systems,51.35,30,1
203,244,9780934613651,Readings in database systems,55.46,40,0
201,245,9781461482642,Encyclopedia of Database Systems,43.45,35,1
202,246,9789812798015,Intelligent Image Database Systems,45.43,40,1
203,247,9781779561701,Fundamentals of Database Systems,47.4,45,1
204,248,9783540009481,Aspect-oriented database systems,49.38,10,1
207,248,9783540009481,Aspect-oriented database systems,53.33,20,0
205,249,9788478290758,SISTEMAS DE BASES DE DATOS,51.35,15,1
206,250,9780201844528,XML data management,43.45,20,1
207,251,9781402053924,Spatial database systems,45.43,25,1
208,252,9783540587101,Multimedia database systems,47.4,30,1
1,252,9783540587101,Multimedia database systems,51.19,40,0
209,253,9780818688386,Tutorial,49.38,35,1
210,254,9780387522098,MAXDATA,51.35,40,1
1,255,9780130412126,Principles of Distributed Database Systems,43.45,45,1
2,256,9781639871513,Database Systems,45.43,10,1
103,256,9781639871513,Database Systems,49.06,20,0
101,257,9780130319951,Database systems,47.4,15,1
102,258,9780429282843,Database Management System,49.38,20,1
103,259,9783662493892,Intelligent Information and Database Systems,51.35,25,1
201,260,9780201107159,Concurrency control and recovery in database systems,43.45,30,1
204,260,9780201107159,Concurrency control and recovery in database systems,46.93,40,0
202,261,9780716781585,Principles of Database & Knowledge-Base Systems Vol. 1,45.43,35,1
203,262,9780357478967,Bundle : Database Systems,47.4,40,1
204,263,9780553091564,Distributed and multi-database systems,49.38,45,1
205,264,9783642121463,Intelligent Information and Database Systems,51.35,10,1
208,264,9783642121463,Intelligent Information and Database Systems,55.46,20,0
206,265,9783642843747,On Object-Oriented Database Systems,43.45,15,1
207,266,9784431683094,Object-Oriented Database System,45.43,20,1
208,267,9780387699363,Sequence data mining,47.4,25,1
209,268,9780471478478,Database Systems,49.38,30,1
2,268,9780471478478,Database Systems,53.33,40,0
210,269,9781418848576,Database System,51.35,35,1
1,270,9780072359527,Database Systems,43.45,40,1
2,271,9781425774608,Database Systems,45.43,45,1
101,272,9781979614566,Database Systems,47.4,10,1
201,272,9781979614566,Database Systems,51.19,20,0
102,273,9781979430807,Database Systems,49.38,15,1
103,274,9781981839902,Database Systems,51.35,20,1
201,275,9780321292711,Database Systems,43.45,25,1
202,276,9781418836504,Database Systems,45.43,30,1
205,276,9781418836504,Database Systems,49.06,40,0
203,277,9789630566360,A practical approach to database systems,47.4,35,1
204,278,9781505334814,Database Systems,49.38,40,1
205,279,9789211196696,ESCAP minerals database system,51.35,45,1
206,280,9781977723413,Federated Database System,43.45,10,1
209,280,9781977723413,Federated Database System,46.93,20,0
207,281,9781505334876,Database Systems,45.43,15,1
208,282,9781719121279,Heterogeneous Database System,47.4,20,1
209,283,9780619062699,Database systems,49.38,25,1
210,284,9780789572684,Database System,51.35,30,1
101,284,9780789572684,Database System,55.46,40,0
1,285,9781492040347,Database Internals,43.45,35,1
2,286,9783642374517,Database Systems for Advanced Applications,45.43,40,1
101,287,9783319162119,New Trends in Intelligent Information and Database Systems,47.4,45,1
102,288,9783319382371,Advanced Approaches to Intelligent Information and Database Systems,49.38,10,1
202,288,9783319382371,Advanced Approaches to Intelligent Information and Database Systems,53.33,20,0
103,289,9781019251669,A self-organizing database system - a different approach to query optimization,51.35,15,1
201,290,9780444877185,Relational database systems,43.45,20,1
202,291,9781292025889,Database Systems : Pearson New International Edition,45.43,25,1
203,292,9780387120324,Relational Database Systems,47.4,30,1
206,292,9780387120324,Relational Database Systems,51.19,40,0
204,293,9780863113468,Semantic Database Systems,49.38,35,1
205,294,9783642688492,Relational Database Systems,51.35,40,1
206,295,9780077072407,Expert database systems,43.45,45,1
207,296,9780029461945,Database Systems Principle,45.43,10,1
210,296,9780029461945,Database Systems Principle,49.06,20,0
208,297,9781447138198,Interfaces to Database Systems,47.4,15,1
209,298,9789144253718,Databases and Database Systems,49.38,20,1
210,299,9780862380915,Databases and database systems,51.35,25,1
1,300,9780412844003,Visual database systems 4 (VDB4),43.45,30,1
102,300,9780412844003,Visual database systems 4 (VDB4),46.93,40,0
2,301,9780072471410,Database Management Systems,45.43,35,1
101,302,9783540245711,Database Systems for Advanced Applications,47.4,40,1
102,303,9781774694428,Creation and Management of Database Systems,49.38,45,1
103,304,9783642579394,Advances in Object-Oriented Database Systems,51.35,10,1
203,304,9783642579394,Advances in Object-Oriented Database Systems,55.46,20,0
201,305,9781558603042,Active database systems,43.45,15,1
202,306,9781461346418,Advanced database indexing,45.43,20,1
203,307,9780201536478,"Fundamentals Database Systems, Oracle Programming 8.0, Oracl",47.4,25,1
204,308,9783642365478,Intelligent Information and Database Systems,49.38,30,1
207,308,9783642365478,Intelligent Information and Database Systems,53.33,40,0
205,309,9780198596660,Database systems engineering,51.35,35,1
206,310,9780619213725,Database Systems Ise,43.45,40,1
207,311,9783642688485,Relational Database Systems,45.43,45,1
208,312,9781850321156,Database Systems Engineering,47.4,10,1
1,312,9781850321156,Database Systems Engineering,51.19,20,0
209,313,9780201544008,Distributed database systems,49.38,15,1
210,314,9788131743089,Distributed database systems,51.35,20,1
1,315,9781456611743,Relational Database Systems,43.45,25,1
2,316,9780070216266,Database systems handbook,45.43,30,1
103,316,9780070216266,Database systems handbook,49.06,40,0
101,317,9780077096007,Web Database Systems,47.4,35,1
102,318,9780470245705,Mobile Database Systems,49.38,40,1
103,319,9780123822550,Expert database systems,51.35,45,1
201,320,9780201612554,Fundamentals Database Systems,43.45,10,1
204,320,9780201612554,Fundamentals Database Systems,46.93,20,0
202,321,9783642609510,Multimedia Database Systems,45.43,15,1
203,322,9781305866799,Database Systems,47.4,20,1
204,323,9781496086266,Database Systems and Applications,49.38,25,1
205,324,9780136142157,Recovery Mechanisms in Database Systems,51.35,30,1
208,324,9780136142157,Recovery Mechanisms in Database Systems,55.46,40,0
206,325,9783642609503,Multimedia Database Systems,43.45,35,1
207,326,9780792397120,Multimedia Database Systems,45.43,40,1
208,327,9781782223801,Oracle Database System Design,47.4,45,1
209,328,9783540210474,Database systems for advanced applications,49.38,10,1
2,328,9783540210474,Database systems for advanced applications,53.33,20,0
210,329,9781447132257,Rules in Database Systems,51.35,15,1
1,330,9780412721700,Visual database systems 3,43.45,20,1
2,331,9781601987549,Design and Implementation of Modern Column-Oriented Database Systems,45.43,25,1
101,332,9789819759330,Recent Challenges in Intelligent Information and Database Systems,47.4,30,1
201,332,9789819759330,Recent Challenges in Intelligent Information and Database Systems,51.19,40,0
102,333,9783031306365,Database Systems for Advanced Applications,49.38,35,1
103,334,9780132282116,Database Systems,51.35,40,1
201,335,9781461378242,Real-Time Database Systems,43.45,45,1
202,336,9780792372189,Real-time database systems,45.43,10,1
205,336,9780792372189,Real-time database systems,49.06,20,0
203,337,9780070614857,Filing and Database Systems,47.4,15,1
204,338,9780201709285,Foundation for future database systems,49.38,20,1
205,339,9781475744576,Advances in visual information management,51.35,25,1
206,340,9789388176620,Fundamentals of Database Management System,43.45,30,1
209,340,9789388176620,Fundamentals of Database Management System,46.93,40,0
207,341,9780160452413,Mapping the World of Education,45.43,35,1
208,342,9780080498560,Active Database Systems,47.4,40,1
209,343,9780387503455,Advances in Object-Oriented Database Systems,49.38,45,1
210,344,9789810213152,Database systems for next-generation applications,51.35,10,1
101,344,9789810213152,Database systems for next-generation applications,55.46,20,0
1,345,9783642201530,Database Systems for Advanced Applications,43.45,15,1
2,346,9780877786719,Introduction to Database Systems,45.43,20,1
101,347,9781903337233,Management Of Database Systems,47.4,25,1
102,348,9781680838480,Database Systems on GPUs,49.38,30,1
202,348,9781680838480,Database Systems on GPUs,53.33,40,0
103,349,9798655957787,Introduction to Database Systems,51.35,35,1
201,350,9788177584769,Fundamentals of Database Systems,43.45,40,1
202,351,9781680833249,Main Memory Database Systems,45.43,45,1
203,352,9781730835223,Aero/Fluids Database System,47.4,10,1
206,352,9781730835223,Aero/Fluids Database System,51.19,20,0
204,353,9788131731925,Introduction to database systems,49.38,15,1
205,354,9783642056697,Aspect-Oriented Database Systems,51.35,20,1
206,355,9789810223908,Intelligent image database systems,43.45,25,1
207,356,9780321180957,Fundamentals of Database Systems,45.43,30,1
210,356,9780321180957,Fundamentals of Database Systems,49.06,40,0
208,357,9780471264767,Explorations of Database Systems,47.4,35,1
209,358,9780863800146,A PROLOG database system,49.38,40,1
210,359,9780471730255,Fundamentals of Database Systems,51.35,45,1
1,360,9780130575913,Fundamentals of Database Systems,43.45,10,1
102,360,9780130575913,Fundamentals of Database Systems,46.93,20,0
2,361,9780070447578,Ri Im Database Systems,45.43,15,1
101,362,9781584886204,Handbook of Database Systems,47.4,20,1
102,363,9780582850118,Database Systems and Principles of Database Systems with Internet and Java Applications,49.38,25,1
103,364,9783031442292,Real-Time Database Systems,51.35,30,1
203,364,9783031442292,Real-Time Database Systems,55.46,40,0
201,365,9780805332704,Expert database systems,43.45,35,1
202,366,9780875241456,"Reflex, the analytic database system",45.43,40,1
203,367,9783030141318,Intelligent Information and Database Systems,47.4,45,1
204,368,9780805332711,Expert Database Systems,49.38,10,1
207,368,9780805332711,Expert Database Systems,53.33,20,0
205,369,9780262021517,Data models,51.35,15,1
206,370,9783642121449,Intelligent information and database systems,43.45,20,1
207,371,9781306496773,Database Systems for Advanced Applications '93 - Proceedings of the 3rd International Symposium on Database Systems for Advanced Applications,45.43,25,1
208,372,9781299663244,Database Systems for Advanced Applications '97 - Proceedings of the 5th International Conference on Database Systems for Advanced Applications,47.4,30,1
1,372,9781299663244,Database Systems for Advanced Applications '97 - Proceedings of the 5th International Conference on Database Systems for Advanced Applications,51.19,40,0
209,373,9780792372158,Data quality,49.38,35,1
210,374,9783319320250,Database Systems for Advanced Applications,51.35,40,1
1,375,9780890062135,Distributed Database Systems (Distributed Systems),43.45,45,1
2,376,9780256082296,Database systems for management,45.43,10,1
103,376,9780256082296,Database systems for management,49.06,20,0
101,377,9783642199547,New Challenges for Intelligent Information and Database Systems,47.4,15,1
102,378,9783319566597,Advanced Topics in Intelligent Information and Database Systems,49.38,20,1
103,379,9783319810041,Recent Developments in Intelligent Information and Database Systems,51.35,25,1
201,380,9781402053931,Spatial Database Systems,43.45,30,1
204,380,9781402053931,Spatial Database Systems,46.93,40,0
202,381,9781558605497,Image Database Systems and Techniques,45.43,35,1
203,382,9780805303117,Proceedings from the Second International Conference on Expert Database Systems,47.4,40,1
204,383,9780130892089,Accounting information systems,49.38,45,1
205,384,9780387138312,Query Processing in Database Systems (Topics in Information Systems),51.35,10,1
208,384,9780387138312,Query Processing in Database Systems (Topics in Information Systems),55.46,20,0
206,385,9780444896094,"Visual database systems, II",43.45,15,1
207,386,9789385676345,Database Management Systems (DBMS),45.43,20,1
208,387,9783319157023,Intelligent Information and Database Systems,47.4,25,1
209,388,9780769511306,Cooperative Database Systems for Advanced Applications (Codas 2001),49.38,30,1
2,388,9780769511306,Cooperative Database Systems for Advanced Applications (Codas 2001),53.33,40,0
210,389,9780890062142,Distributed Processing and Database Systems,51.35,35,1
1,390,9780256112672,Casebook:Database Systems Mangmt 2,43.45,40,1
2,391,9780619062705,DATABASE SYSTEMS DES IMP IRK,45.43,45,1
101,392,9780138876470,First Course in Database Systems,47.4,10,1
201,392,9780138876470,First Course in Database Systems,51.19,20,0
102,393,9789332535206,First Course in Database Systems,49.38,15,1
103,394,9783642823763,Query Processing in Database Systems,51.35,20,1
201,395,9789332518674,Database Systems The Complete Book,43.45,25,1
202,396,9780357673072,"Database Systems, Loose-Leaf Version",45.43,30,1
205,396,9780357673072,"Database Systems, Loose-Leaf Version",49.06,40,0
203,397,9788120351455,Database Systems with Case Studies,47.4,35,1
204,398,9781484208786,Database Systems: A Pragmatic Approach,49.38,40,1
205,399,9781461368335,Climate and Environmental Database Systems,51.35,45,1
206,400,9783322938602,Recovery in Parallel Database Systems,43.45,10,1
209,400,9783322938602,Recovery in Parallel Database Systems,46.93,20,0
207,401,9783642120275,Database Systems for Advanced Applications,45.43,15,1
208,402,9783642202452,Database Systems for Advanced Applications,47.4,20,1
209,403,9783642120992,Database Systems for Advanced Applications,49.38,25,1
210,404,9783642823756,Query Processing in Database Systems,51.35,30,1
101,404,9783642823756,Query Processing in Database Systems,55.46,40,0
1,405,9780471927624,A fuzzy PROLOG database system,43.45,35,1
2,406,9780116304698,Database systems for statistical applications,45.43,40,1
101,407,9781441988331,Principles of distributed database systems,47.4,45,1
102,408,9780256093568,Instructor's Manual for Database System,49.38,10,1
202,408,9780256093568,Instructor's Manual for Database System,53.33,20,0
103,409,9781558603783,Fundamentals of Active Database Systems,51.35,15,1
201,410,9783928134910,kleio,43.45,20,1
202,411,9788178670416,Principles of Multimedia Database Systems,45.43,25,1
203,412,9788120712645,Database System Design and Development,47.4,30,1
206,412,9788120712645,Database System Design and Development,51.19,40,0
204,413,9780130863874,Database System Implementation International Edition,49.38,35,1
205,414,9781878289889,Developing Quality Complex Database Systems,51.35,40,1
206,415,9781538835814,Studyguide for Database Systems,43.45,45,1
207,416,9780585380001,Developing Quality Complex Database Systems,45.43,10,1
210,416,9780585380001,Developing Quality Complex Database Systems,49.06,20,0
208,417,9780738409061,Database Systems Management,47.4,15,1
209,418,9780201547320,"Introduction to Database Systems, An",49.38,20,1
210,419,9789814021555,Database Systems '99,51.35,25,1
1,420,9783540199830,Active and real-time database systems (ARTDB-95),43.45,30,1
102,420,9783540199830,Active and real-time database systems (ARTDB-95),46.93,40,0
2,421,9781447134244,Interfaces to Database Systems,45.43,35,1
101,422,9789061962519,Query processing and data allocation in distributed database systems,47.4,40,1
102,423,9780818654527,Query processing in parallel relational database systems,49.38,45,1
103,424,9789813083912,Database systems 98,51.35,10,1
203,424,9789813083912,Database systems 98,55.46,20,0
201,425,9781402076008,Object management in distributed database systems for stationary and mobile computing environments,43.45,15,1
202,426,9780471262978,Fundamentals of Database Management Systems,45.43,20,1
203,427,9781306396011,Database Systems for Next-Generation Applications,47.4,25,1
204,428,9781337627931,MindTap for Coronel/Morris' Database Systems,49.38,30,1
207,428,9781337627931,MindTap for Coronel/Morris' Database Systems,53.33,40,0
205,429,9789814503686,Database Systems for Next-Generation Applications,51.35,35,1
206,430,9781475769395,Visual Database Systems 4 (VDB4),43.45,40,1
207,431,9789993029007,Framework for Distributed Database Systems,45.43,45,1
208,432,9780201071856,The Ingres papers,47.4,10,1
1,432,9780201071856,The Ingres papers,51.19,20,0
209,433,9780792378884,Semantic models for multimedia database searching and browsing,49.38,15,1
210,434,9780072322064,Database management systems,51.35,20,1
1,435,9781483298474,Interoperable Database Systems,43.45,25,1
2,436,9780201530926,Object data management,45.43,30,1
103,436,9780201530926,Object data management,49.06,40,0
101,437,9780893913441,New directions for database systems,47.4,35,1
102,438,9783540195139,The architectural logic of database systems,49.38,40,1
103,439,9781423569305,The Dolphin Didactic Database System (DODDS),51.35,45,1
201,440,9780897919104,Symposium on Principles of Database Systems,43.45,10,1
204,440,9780897919104,Symposium on Principles of Database Systems,46.93,20,0
202,441,9780359518043,Relational Database Systems - Why and How,45.43,15,1
203,442,9781483294643,Concurrency Control in Distributed Database Systems,47.4,20,1
204,443,9781461562283,Indexing Techniques for Advanced Database Systems,49.38,25,1
205,444,9789090053950,Integrity Control in Parallel Database Systems,51.35,30,1
208,444,9789090053950,Integrity Control in Parallel Database Systems,55.46,40,0
206,445,9783826515132,Federation and migration among database systems,43.45,35,1
207,446,9780131737181,"GOAL Student Access Card, Database Systems",45.43,40,1
208,447,9780080500430,Building an Object-Oriented Database System,47.4,45,1
209,448,9783925630552,Temporal modeling in relational database systems,49.38,10,1
2,448,9783925630552,Temporal modeling in relational database systems,53.33,20,0
210,449,9781461562276,Indexing Techniques for Advanced Database Systems,51.35,15,1
1,450,9780070614826,"Filing and Database Systems, Practice Set",43.45,20,1
2,451,9780444704092,Concurrency control in distributed database systems,45.43,25,1
101,452,9780867202052,Concurrency in programming and database systems,47.4,30,1
201,452,9780867202052,Concurrency in programming and database systems,51.19,40,0
102,453,9780750300483,Database systems in science and engineering,49.38,35,1
103,454,9780333371008,Principles and practice of database systems,51.35,40,1
201,455,9780792399858,Indexing techniques for advanced database systems,43.45,45,1
202,456,9780940706088,Controls for Advanced Online Database Systems,45.43,10,1
205,456,9780940706088,Controls for Advanced Online Database Systems,49.06,20,0
203,457,9780387578255,Advances in object-oriented database systems,47.4,15,1
204,458,9780619137298,Database System,49.38,20,1
205,459,9781558605121,Zaniolo Adv Database Systems Solutions Manual,51.35,25,1
206,460,9781599041728,Implementing Relational Database Systems,43.45,30,1
209,460,9781599041728,Implementing Relational Database Systems,46.93,40,0
207,461,9780201422771,Database systems,45.43,35,1
208,462,9780136108139,Solutions Manual for Database Systems,47.4,40,1
209,463,9780130654427,Performance of concurrency control mechanisms in centralized database systems,49.38,45,1
210,464,9780585431666,Implementing relational database systems,51.35,10,1
101,464,9780585431666,Implementing relational database systems,55.46,20,0
1,465,9780387541327,Parallel database systems,43.45,15,1
2,466,9780948036231,Introduction to Database Systems (Management Information Systems),45.43,20,1
101,467,9780769518954,"Eighth International Conference on Database Systems for Advanced Applications (Dasfaa 2003): Kyoto, Japan 26-28 2003",47.4,25,1
102,468,9780387243931,Stream data management,49.38,30,1
202,468,9780387243931,Stream data management,53.33,40,0
103,469,9783642284939,Intelligent Information and Database Systems,51.35,35,1
201,470,9783319223230,Database Systems for Advanced Applications,43.45,40,1
202,471,9781522520139,Advancing Cloud Database Systems and Capacity Planning with Dynamic Applications,45.43,45,1
203,472,9781581133615,Proceedings of the Twentieth ACM SIGMOD-SIGACT-SIGART Symposium on Principles of Database Systems,47.4,10,1
206,472,9781581133615,Proceedings of the Twentieth ACM SIGMOD-SIGACT-SIGART Symposium on Principles of Database Systems,51.19,20,0
204,473,9781792070532,Database Interfaces on Nasa's Heterogeneous Distributed Database System,49.38,15,1
205,474,9781725632226,Database Interfaces on NASA's Heterogeneous Distributed Database System,51.35,20,1
206,475,9780792375999,Information and Database Quality (Advances in Database Systems),43.45,25,1
207,476,9781423538479,Distributed Relational Database System of Occasionally Connected Databases,45.43,30,1
210,476,9781423538479,Distributed Relational Database System of Occasionally Connected Databases,49.06,40,0
208,477,9789810213800,Database Systems for Advanced Applications '93,47.4,35,1
209,478,9780387198460,Rules in database systems,49.38,40,1
210,479,9780444873347,Visual database systems,51.35,45,1
1,480,9780387701288,Object-Oriented Database System,43.45,10,1
102,480,9780387701288,Object-Oriented Database System,46.93,20,0
2,481,9780201741537,"Fundamentals of Database Systems, with E-book",45.43,15,1
101,482,9781581138580,Proceedings of the Twenty-third ACM SIGMOD-SIGACT-SIGART Symposium on Principles of Database Systems,47.4,20,1
102,483,9783540717027,Advances in databases,49.38,25,1
103,484,9780387198026,Interfaces to database systems (IDS92),51.35,30,1
203,484,9780387198026,Interfaces to database systems (IDS92),55.46,40,0
201,485,9781447134237,Interfaces to Database Systems (IDS92),43.45,35,1
202,486,9781111969608,"Database Systems: Design, Implementation, and Management (with Premium WebSite Printed Access Card and Essential Textbook Resources Printed Access Card)",45.43,40,1
203,487,9789810234362,Advanced database systems for integration of media and user environments '98,47.4,45,1
204,488,9783540541325,Parallel Database Systems,49.38,10,1
207,488,9783540541325,Parallel Database Systems,53.33,20,0
205,489,9783540635161,Rules in database systems,51.35,15,1
206,490,9783540634546,Spatial data types for database systems,43.45,20,1
207,491,9783642290398,Database Systems for Advanced Applications,45.43,25,1
208,492,9780201199406,Analysis and comparison of relational database systems,47.4,30,1
1,492,9780201199406,Analysis and comparison of relational database systems,51.19,40,0
209,493,9780471256076,British Audit and Control of Database Systems,49.38,35,1
210,494,9783639041880,Cardinality Estimation Techniques in Relational Database Systems,51.35,40,1
1,495,9780201192155,"An Introduction to Database Systems, Volume 1",43.45,45,1
2,496,9780321320865,Introduction Database Systems& Oracle 10g Pk,45.43,10,1
103,496,9780321320865,Introduction Database Systems& Oracle 10g Pk,49.06,20,0
101,497,9780321328717,Database Systems Applicatn & Oracle 10g Pkg,47.4,15,1
102,498,9783642754463,Maxdata,49.38,20,1
103,499,9783031132940,Main Memory Management on Relational Database Systems,51.35,25,1
201,500,9781291688894,Learn Database Systems with Implementation and Examples,43.45,30,1
204,500,9781291688894,Learn Database Systems with Implementation and Examples,46.93,40,0
202,501,9780387537542,Meta-level control for deductive database systems,45.43,35,1
203,502,9780818648380,Tutorial,47.4,40,1
204,503,9780818602610,Tutorial,49.38,45,1
205,504,9783540701286,Object-oriented Database System (Computer Science Workbench),51.35,10,1
208,504,9783540701286,Object-oriented Database System (Computer Science Workbench),55.46,20,0
206,505,9780387108452,The concurrency control problem for database systems,43.45,15,1
207,506,9780769509969,Database Systems for Advanced Applications (Dasfaa 2001),45.43,20,1
208,507,9789090038490,Semantic query optimization in distributed database systems,47.4,25,1
209,508,9780321294012,DataBase Systems,49.38,30,1
2,508,9780321294012,DataBase Systems,53.33,40,0
210,509,9789810222208,Database systems for advanced applications '95,51.35,35,1
1,510,9780387199108,Interfaces to database systems (IDS94),43.45,40,1
2,511,9789810231071,Database systems for advanced applications '97,45.43,45,1
101,512,9783540198468,Rules in Database Systems,47.4,10,1
201,512,9783540198468,Rules in Database Systems,51.19,20,0
102,513,9781588981967,"Role Playing Database, A Computerized Role Playing Database System",49.38,15,1
103,514,9780929306438,The database application book using the MySQL database system,51.35,20,1
201,515,9781491925942,Database Reliability Engineering: Designing and Operating Resilient Database Systems,43.45,25,1
202,516,9780444898791,Interoperable database systems (DS-5),45.43,30,1
205,516,9780444898791,Interoperable database systems (DS-5),49.06,40,0
203,517,9781595930620,Proceedings of the Twenty-Fourth ACM SIGMOD-SIGACT-SIGART Symposium on Principles of Database Systems,47.4,35,1
204,518,9789810210557,Database systems for advanced applications '91,49.38,40,1
205,519,9798408149155,"Zero to Mastery in Database Management System- No. 1 DBMS Book to Become Zero to Hero in DBMS, This Amazing Database Book Covers a-Z Database System Concepts, 2022 Latest Edition",51.35,45,1
206,520,9780136075448,GOAL Student Access Code Card for Database Systems,43.45,10,1
209,520,9780136075448,GOAL Student Access Code Card for Database Systems,46.93,20,0
207,521,9780321206749,Fundamentals of Database Systems/Oracle 9i Programming,45.43,15,1
208,522,9781447130819,Active and Real-Time Database Systems,47.4,20,1
209,523,9783540199106,Interfaces to database systems (IDS94),49.38,25,1
210,524,9783540138310,Query Processing in Database Systems (Topics in Information Systems),51.35,30,1
101,524,9783540138310,Query Processing in Database Systems (Topics in Information Systems),55.46,40,0
1,525,9781872698014,Database matters,43.45,35,1
2,526,9783031001260,Database Systems for Advanced Applications,45.43,40,1
101,527,9783319557526,Database Systems for Advanced Applications,47.4,45,1
102,528,9780387269337,Querying XML with XQuery (Advances in Database Systems),49.38,10,1
202,528,9780387269337,Querying XML with XQuery (Advances in Database Systems),53.33,20,0
103,529,9783831601394,A compression engine for multidimensional array database systems,51.35,15,1
201,530,9783896014214,Extending the stratification approach for deductive database systems,43.45,20,1
202,531,9780077441302,Database System Concepts Strayer University Custom Edition 2010,45.43,25,1
203,532,9781450338653,PODS'15,47.4,30,1
206,532,9781450338653,PODS'15,51.19,40,0
204,533,9780321446589,Gradiance Access Card for Fundamentals of Database Systems,49.38,35,1
205,534,9780471621300,The professional's guide to database systems project management,51.35,40,1
206,535,9783030093983,Modern Approaches for Intelligent Information and Database Systems,43.45,45,1
207,536,9783319760803,Modern Approaches for Intelligent Information and Database Systems,45.43,10,1
210,536,9783319760803,Modern Approaches for Intelligent Information and Database Systems,49.06,20,0
208,537,9783642199530,New Challenges for Intelligent Information and Database Systems,47.4,15,1
209,538,9780201741544,"Introduction to Database Systems, with E-book, An",49.38,20,1
210,539,9781423583806,The Design of a Financial Management Database System,51.35,25,1
1,540,9783860642108,"Events in an active, object-oriented database system",43.45,30,1
102,540,9783860642108,"Events in an active, object-oriented database system",46.93,40,0
2,541,9780877091165,Instructor's Manual to Accompany Database Systems Management & Design,45.43,35,1
101,542,9781337627948,MindTap for Coronel/Morris' Database Systems,47.4,40,1
102,543,9780818679520,Proceedings,49.38,45,1
103,544,9783540534969,On object-oriented database systems,51.35,10,1
203,544,9783540534969,On object-oriented database systems,55.46,20,0
201,545,9780387287591,Data Streams,43.45,15,1
202,546,9783540603658,Rules in database systems,45.43,20,1
203,547,9781783322138,Database Management Systems,47.4,25,1
204,548,9780805360394,Modern database management,49.38,30,1
207,548,9780805360394,Modern database management,53.33,40,0
205,549,9780818672644,Proceedings,51.35,35,1
206,550,9781581136708,Proceedings of the Twenty-second ACM SIGMOD-SIGACT-SIGART Symposium on Principles of Database Systems,43.45,40,1
207,551,9780387242491,Fuzzy Database Modeling with XML (Advances in Database Systems Book 29),45.43,45,1
208,552,9780582850323,Database Management : With Website Development Applications with Database Systems,47.4,10,1
1,552,9780582850323,Database Management : With Website Development Applications with Database Systems,51.19,20,0
209,553,9789814503624,Future Databases '92,49.38,15,1
210,554,9781853550089,EDP environments,51.35,20,1
1,555,9780877783442,Introduction to Database Systems with Oracle Programming 8.0,43.45,25,1
2,556,9781305313576,Acp Database Systems and the Language of SQL - Csu,45.43,30,1
103,556,9781305313576,Acp Database Systems and the Language of SQL - Csu,49.06,40,0
101,557,9780138063405,Research foundations in object-oriented and semantic database systems,47.4,35,1
102,558,9780818647345,"Proceedings, 1986 International Workshop on Object-Oriented Database Systems",49.38,40,1
103,559,9783896014191,Diagnosis and repair of constraint violations in database systems,51.35,45,1
201,560,9780134564760,Research Foundations in Object-Oriented and Semantic Database Systems,43.45,10,1
204,560,9780134564760,Research Foundations in Object-Oriented and Semantic Database Systems,46.93,20,0
202,561,9780201612592,Fundamentals of Database Systems 3/e with Oracle Programming,45.43,15,1
203,562,9789706862860,Sistemas de bases de datos/ Database Systems,47.4,20,1
204,563,9783540333388,Database Systems for Advanced Applications,49.38,25,1
205,564,9780387533971,Database systems of the 90s,51.35,30,1
208,564,9780387533971,Database systems of the 90s,55.46,40,0
206,565,9781447130802,Active and Real-Time Database Systems (ARTDB-95),43.45,35,1
207,566,9780769509983,Proceedings,45.43,40,1
208,567,9783319914510,Database Systems for Advanced Applications,47.4,45,1
209,568,9781586033156,"Version Management in Federated Database Systems (Dissertations in Database and Information Systems, 81)",49.38,10,1
2,568,9781586033156,"Version Management in Federated Database Systems (Dissertations in Database and Information Systems, 81)",53.33,20,0
210,569,9780632030286,Information systems development,51.35,15,1
1,570,9780595136759,Database-SQL-Rdbms Howto,43.45,20,1
2,571,9783540320050,Database Systems for Advanced Applications,45.43,25,1
101,572,9780897915939,Proceedings of the Twelfth ACM SIGACT-SIGMOD-SIGART Symposium on Principles of Database Systems,47.4,30,1
201,572,9780897915939,Proceedings of the Twelfth ACM SIGACT-SIGMOD-SIGART Symposium on Principles of Database Systems,51.19,40,0
102,573,9780897911795,Proceedings of the Fifth ACM SIGACT-SIGMOD Symposium on Principles of Database Systems,49.38,35,1
103,574,9781423538738,The Role of Expert Systems in Federated Distributed Multi-Database Systems,51.35,40,1
201,575,9780612353862,Physical database design decision algorithms and concurrent reorganization for parallel database systems,43.45,45,1
202,576,9780897910705,Proceedings of the Acm Symposium on Principles of Database Systems,45.43,10,1
205,576,9780897910705,Proceedings of the Acm Symposium on Principles of Database Systems,49.06,20,0
203,577,9780321290939,Designing Effective Database Systems (The Addison-Wesley Microsoft Technology Series),47.4,15,1
204,578,9787040192452,Shu ju ku xi tong gai nian,49.38,20,1
205,579,9788177585568,"Introduction to Database Systems, 8th Edition, Date, Kannan, Swamynathan",51.35,25,1
206,580,9781450301909,Proceedings of the Third International Workshop on Testing Database Systems,43.45,30,1
209,580,9781450301909,Proceedings of the Third International Workshop on Testing Database Systems,46.93,40,0
207,581,9781450314299,Proceedings of the Fifth International Workshop on Testing Database Systems,45.43,35,1
208,582,9781605587066,Proceedings of the Second International Workshop on Testing Database Systems,47.4,40,1
209,583,9781450321518,Proceedings of the Sixth International Workshop on Testing Database Systems,49.38,45,1
210,584,9781450306553,Proceedings of the Fourth International Workshop on Testing Database Systems,51.35,10,1
101,584,9781450306553,Proceedings of the Fourth International Workshop on Testing Database Systems,55.46,20,0
1,585,9780131737150,"GOAL Student Access Card, A First Course in Database Systems",43.45,15,1
2,586,9783896014054,Heuristic and randomised optimisation techniques in object-oriented database systems,45.43,20,1
101,587,9780830633227,Programming with IBM PC Basic and the Pick database system,47.4,25,1
102,588,9783642284861,Intelligent Information and Database Systems Lecture Notes in Artificial Intelligence,49.38,30,1
202,588,9783642284861,Intelligent Information and Database Systems Lecture Notes in Artificial Intelligence,53.33,40,0
103,589,9783642290343,Database Systems for Advanced Applications Lecture Notes in Computer Science,51.35,35,1
201,590,9780792373230,Mutation Testing for the New Century (Advances in Database Systems),43.45,40,1
202,591,9781423544531,Analysis of N-Tier Architecture Applied to Distributed-Database Systems,45.43,45,1
203,592,9781931332002,BCM SmartBIA,47.4,10,1
206,592,9781931332002,BCM SmartBIA,51.19,20,0
204,593,9783540785675,Database systems for advanced applications,49.38,15,1
205,594,9783540785682,Database Systems for Advanced Applications,51.35,20,1
206,595,9783642200397,Intelligent Information and Database Systems,43.45,25,1
207,596,9780818605642,Proceedings,45.43,30,1
210,596,9780818605642,Proceedings,49.06,40,0
208,597,9780132908672,Database directions,47.4,35,1
209,598,9783540365600,"Web, Web-Services, and Database Systems",49.38,40,1
210,599,9783319320557,Database Systems for Advanced Applications : Dasfaa 2016 International Workshops,51.35,45,1
1,600,9780582851276,"Database Systems : A Practical Approach to Design, Implementation and Management with Learning SQL",43.45,10,1
102,600,9780582851276,"Database Systems : A Practical Approach to Design, Implementation and Management with Learning SQL",46.93,20,0
2,601,9781581132144,Proceedings of the Nineteenth ACM SIGMOD-SIGACT-SIGART Symposium on Principles of Database Systems,45.43,15,1
101,602,9783540253341,Database systems for advanced applications,47.4,20,1
102,603,9789811533792,Intelligent Information and Database Systems,49.38,25,1
103,604,9783642120985,Database Systems for Advanced Applications,51.35,30,1
203,604,9783642120985,Database Systems for Advanced Applications,55.46,40,0
201,605,9783642120251,Database Systems for Advanced Applications,43.45,35,1
202,606,9789819541577,Database Systems for Advanced Applications,45.43,40,1
203,607,9780818607370,6th Symposium on Reliability in Distributed Software and Database Systems,47.4,45,1
204,608,9780818687372,6th Symposium on Reliability in Distributed Software and Database Systems,49.38,10,1
207,608,9780818687372,6th Symposium on Reliability in Distributed Software and Database Systems,53.33,20,0
205,609,9780134161310,Premium Website -- Bind-In Component Card -- for Fundamentals of Database Systems,51.35,15,1
206,610,9781378887158,Accounting Model-Based Approach to Semantic Reconciliation in Heterogeneous Database Systems,43.45,20,1
207,611,9780201536454,Fundamentals Database Systems and Oracle 8i Pkg (3rd Edition),45.43,25,1
208,612,9780632016242,Information management,47.4,30,1
1,612,9780632016242,Information management,51.19,40,0
209,613,9781423507833,A Requirement Analysis for the Naval Postgraduate School's Alumni Database System,49.38,35,1
210,614,9783540656494,"Active, real-time, and temporal database systems",51.35,40,1
1,615,9783540491514,"Active, Real-Time, and Temporal Database Systems",43.45,45,1
2,616,9783642365430,Intelligent Information and Database Systems,45.43,10,1
103,616,9783642365430,Intelligent Information and Database Systems,49.06,20,0
101,617,9783642290381,Database Systems for Advanced Applications,47.4,15,1
102,618,9783642201486,Database Systems for Advanced Applications,49.38,20,1
103,619,9781581130621,Proceedings of the Eighteenth ACM SIGMOD-SIGACT-SIGART Symposium on Principles of Database Systems,51.35,25,1
201,620,9780853658061,UK library database system and union catalogues,43.45,30,1
204,620,9780853658061,UK library database system and union catalogues,46.93,40,0
202,621,9783642402708,"Database Systems for Advanced Applications : 18th International Conference, DASFAA 2013, International Workshops",45.43,35,1
203,622,9781581135077,Proceedings of the Twenty-First ACM SIGMOD-SIGACT-SIGART Symposium on Principles of Database Systems,47.4,40,1
204,623,9781441991768,Object Management in Distributed Database Systems for Stationary and Mobile Computing Environments,49.38,45,1
205,624,9780769500843,"Proceedings, 6th International Conference on Database Systems for Advanced Applications : April 19-21, 1999, Hsinchu,Taiwan",51.35,10,1
208,624,9780769500843,"Proceedings, 6th International Conference on Database Systems for Advanced Applications : April 19-21, 1999, Hsinchu,Taiwan",55.46,20,0
206,625,9781558602946,Database modeling & design,43.45,15,1
207,626,9780321205612,Seeing data,45.43,20,1
208,627,9781405817714,Value Pack,47.4,25,1
209,628,9783898384827,Storage and retrieval of XML documents with a cluster of database systems,49.38,30,1
2,628,9783898384827,Storage and retrieval of XML documents with a cluster of database systems,53.33,40,0
210,629,9780387291512,Similarity Search: The Metric Space Approach (Advances in Database Systems Book 32),51.35,35,1
1,630,9781461348238,Object Management in Distributed Database Systems for Stationary and Mobile Computing Environments,43.45,40,1
2,631,9783540108450,The Concurrency Control Problem for Database Systems (Lecture Notes in Computer Science),45.43,45,1
101,632,9783642121005,Intelligent Information And Database Systems Second International Conference March 2426 2010 Proceedings,47.4,10,1
201,632,9783642121005,Intelligent Information And Database Systems Second International Conference March 2426 2010 Proceedings,51.19,20,0
102,633,9780309155243,Framework for a national database system for maintenance actions on highway bridges,49.38,15,1
103,634,9780966883510,Introduction to database systems and Oracle SQL*Plus programming / Michelle A. Poolet,51.35,20,1
201,635,9781423535720,Development of a Prototype Relational Database System for Managing FleetBattle Experiment Data,43.45,25,1
202,636,9783836402910,Efficient XML Updates- Index-Aware Updates for a Native XML Database System,45.43,30,1
205,636,9783836402910,Efficient XML Updates- Index-Aware Updates for a Native XML Database System,49.06,40,0
203,637,9780897917810,"Proceedings of the fifteenth ACM SIGACT-SIGMOD-SIGART symposium on principles of database systems, PODS 1996, Montreal, Canada, June 3-5, 1996",47.4,35,1
204,638,9780769502625,User Interfaces to Data Intensive Systems,49.38,40,1
205,639,9783540007456,"Web, Web-services, and database systems",51.35,45,1
206,640,9783642121456,Intelligent Information and Database Systems Pt. I,43.45,10,1
209,640,9783642121456,Intelligent Information and Database Systems Pt. I,46.93,20,0
207,641,9783642121012,Intelligent Information and Database Systems Pt. II,45.43,15,1
208,642,9783319557045,Database Systems for Advanced Applications : DASFAA 2017 International Workshops,47.4,20,1
209,643,9781450320665,Pods 13 Proceedings of the 32nd Symposium on Principles of Database Systems,49.38,25,1
210,644,9781423519904,Swarm Based Implementation of a Virtal Distributed Database System in a Sensor Network,51.35,30,1
101,644,9781423519904,Swarm Based Implementation of a Virtal Distributed Database System in a Sensor Network,55.46,40,0
1,645,9780792398325,Climate and Environmental Database Systems (The International Series in Engineering and Computer Science),43.45,35,1
2,646,9781586033712,Storage and Retrieval of Xml Documents With a Cluster of Databases Systems (Dissertations in Database & Information Systems: Infix),45.43,40,1
101,647,9780897919968,Proceedings of the Seventeenth Acm Sigact-Sigmod-Sigart Symposium on Principles of Database Systems,47.4,45,1
102,648,9783642042058,Database Systems for Advanced Applications : DASFAA 2009 International Workshops,49.38,10,1
202,648,9783642042058,Database Systems for Advanced Applications : DASFAA 2009 International Workshops,53.33,20,0
103,649,9783319914541,Database Systems for Advanced Applications : DASFAA 2018 International Workshops,51.35,15,1
201,650,9783030185893,Database Systems for Advanced Applications : DASFAA 2019 International Workshops,43.45,20,1
202,651,9789819609130,Database Systems for Advanced Applications. DASFAA 2024 International Workshops,45.43,25,1
203,652,9783540333371,Database Systems for Advanced Applications (vol. # 3882),47.4,30,1
206,652,9783540333371,Database Systems for Advanced Applications (vol. # 3882),51.19,40,0
204,653,9789996358166,Fifth Symposium on Reliability in Distributed Software and Database Systems,49.38,35,1
205,654,9789810210403,Future Databases '92 - Proceedings of the 2nd Far-East Workshop on Future Database Systems,51.35,40,1
206,655,9780387291468,Similarity search,43.45,45,1
207,656,9798535991887,Textbook of Distributed Database Systems,45.43,10,1
210,656,9798535991887,Textbook of Distributed Database Systems,49.06,20,0
208,657,9783030732158,Database Systems for Advanced Applications. DASFAA 2021 International Workshops,47.4,15,1
209,658,9783031112164,Database Systems for Advanced Applications. DASFAA 2022 International Workshops,49.38,20,1
210,659,9789814021647,Cooperative databases and applications '99,51.35,25,1
1,660,9783540191216,MFDBS 87,43.45,30,1
102,660,9783540191216,MFDBS 87,46.93,40,0
2,661,9780818606908,Proceedings,45.43,35,1
101,662,9780792397014,Client data caching,47.4,40,1
102,663,9780387309385,XML Indexing and Pattern Matching,49.38,45,1
103,664,9781461285885,Client Data Caching,51.35,10,1
203,664,9781461285885,Client Data Caching,55.46,20,0
201,665,9780897915199,Proceedings of the Eleventh Acm Sigact-Sigmod-Sigart Symposium on Principles of Database Systems,43.45,15,1
202,666,9789993772217,Proceedings Second Symposium on Reliability in Distributed Software and Database Systems (82ch17921),45.43,20,1
203,667,9781423560692,Analysis of Java Distributed Architectures in Designing and Implementing a Client/Server Database System,47.4,25,1
204,668,9783030594121,Database Systems for Advanced Applications. DASFAA 2020 International Workshops :,49.38,30,1
207,668,9783030594121,Database Systems for Advanced Applications. DASFAA 2020 International Workshops :,53.33,40,0
205,669,9783642290237,Database Systems for Advanced Applications,51.35,35,1
206,670,9787118085761,"Kong jian shu ju ku xi tong she ji, shi shi he xiang mu guan li",43.45,40,1
207,671,9780137718740,Relational database management,45.43,45,1
208,672,9780133820607,AS/400,47.4,10,1
1,672,9780133820607,AS/400,51.19,20,0
209,673,9781405825016,"Value Pack : Database Systems : an Application Oriented Apprach, Complete Version with Learning SQL",49.38,15,1
210,674,9780582831391,"Database Systems : A Practical Approach to Design, Implementation and Management with Learning Sql",51.35,20,1
1,675,9783031354144,Database Systems for Advanced Applications. DASFAA 2023 International Workshops,43.45,25,1
2,676,9783642145889,Database systems for advanced applications,45.43,30,1
103,676,9783642145889,Database systems for advanced applications,49.06,40,0
101,677,9780897913089,Proceedings of the Eighth ACM SIGACT-SIGMOD-SIGART Symposium on Principles of Database Systems,47.4,35,1
102,678,9789355510303,Hands-On Azure Data Platform,49.38,40,1
103,679,9781450341981,Proceedings of the 36th ACM SIGMOD-SIGACT-SIGAI Symposium on Principles of Database Systems,51.35,45,1
201,680,9781450341912,Proceedings of the 35th ACM SIGMOD-SIGACT-SIGAI Symposium on Principles of Database Systems,43.45,10,1
204,680,9781450341912,Proceedings of the 35th ACM SIGMOD-SIGACT-SIGAI Symposium on Principles of Database Systems,46.93,20,0
202,681,9781450306607,PODS'11,45.43,15,1
203,682,9781450300339,Proceedings of the Twenty-Ninth ACM SIGMOD-SIGACT-SIGART Symposium on Principles of Database Systems,47.4,20,1
204,683,9781450327572,Proceedings of the 34th ACM SIGMOD-SIGACT-SIGAI Symposium on Principles of Database Systems,49.38,25,1
205,684,9781605585536,Proceedings of the Twenty-Eighth ACM SIGMOD-SIGACT-SIGART Symposium on Principles of Database Systems,51.35,30,1
208,684,9781605585536,Proceedings of the Twenty-Eighth ACM SIGMOD-SIGACT-SIGART Symposium on Principles of Database Systems,55.46,40,0
206,685,9781450322461,Pods '13,43.45,35,1
207,686,9781450312486,PODS'12,45.43,40,1
208,687,9780818604195,Proceedings,47.4,45,1
209,688,9780818645013,"Proceedings, third Symposium on Reliability in Distributed Software and Database Systems",49.38,10,1
2,688,9780818645013,"Proceedings, third Symposium on Reliability in Distributed Software and Database Systems",53.33,20,0
210,689,9783540679776,Current issues in databases and information systems,51.35,15,1
1,690,9781475784053,Bioinformatics,43.45,20,1
2,691,9780818674815,15th Symposium on Reliable Distributed Systems (Srds-15,45.43,25,1
101,692,9780877788546,"Database Systems : A Practical Approach to Design, Implementation and Management with Uml Distilled",47.4,30,1
201,692,9780877788546,"Database Systems : A Practical Approach to Design, Implementation and Management with Uml Distilled",51.19,40,0
102,693,9780897910972,Proceedings of the Second ACM SIGACT-SIGMOD Symposium on Principles of Database Systems,49.38,35,1
103,694,9780306473746,Advances in digital government,51.35,40,1
201,695,9780818653612,Fourth International Workshop on Research Issues in Data Engineering,43.45,45,1
202,696,9781405854177,"Valuepack : Database Systems : A Practical Approach to Design, Implementation and Management with Software Engineering with C How to Program with HTML, XHTML, and CSS, Sixth Edition",45.43,10,1
205,696,9781405854177,"Valuepack : Database Systems : A Practical Approach to Design, Implementation and Management with Software Engineering with C How to Program with HTML, XHTML, and CSS, Sixth Edition",49.06,20,0
203,697,9780471428510,Data Management,47.4,15,1
204,698,9781423547228,Design and Implementation of an Enterprise Information System Utilizing a Component Based Three-Tier Client/Server Database System,49.38,20,1
205,699,9788120326453,Database Management Systems,51.35,25,1
206,700,9783642200410,Intelligent Information And Database Systems Third International Conference Aciids 2011 Daegu Korea April 2022 2011 Proceedings,43.45,30,1
209,700,9783642200410,Intelligent Information And Database Systems Third International Conference Aciids 2011 Daegu Korea April 2022 2011 Proceedings,46.93,40,0
207,701,9789578845138,Proceedings of Workshop on Software Engineering and Database Systems,45.43,35,1
208,702,9783642042041,Database systems for advanced applications,47.4,40,1
209,703,9780769511283,The Proceedings of the Third International Symposium on Cooperative Database Systems for Advanced Applications: Codas 2001,49.38,45,1
210,704,9780921836131,Advances in database and expert systems,51.35,10,1
101,704,9780921836131,Advances in database and expert systems,55.46,20,0
1,705,9781402070600,Visual and multimedia information management,43.45,15,1
2,706,9780818605017,"Proceedings, 1983 83Ch1932-3 Symp Held Oct. 17-19, 1983",45.43,20,1
101,707,9780201509458,System software,47.4,25,1
102,708,9780818672897,Sixth International Workshop on Research Issues in Data Engineering: Proceedings : Interoperability of Nontraditional Database Systems,49.38,30,1
202,708,9780818672897,Sixth International Workshop on Research Issues in Data Engineering: Proceedings : Interoperability of Nontraditional Database Systems,53.33,40,0
103,709,9780792378662,Data dissemination in wireless computing environments,51.35,35,1
201,710,9780201403695,Designing database applications with objects and rules,43.45,40,1
202,711,9781450354752,Pods 17 Proceedings of the 36th ACM Sigmod-Sigact-Sigai Symposium on Principles of Database Systems,45.43,45,1
203,712,9781482750782,"Essential ClassNotes Intro to SQL Server Database System Study Notes, Review Questions and Classroom Discussion Topics 2013",47.4,10,1
206,712,9781482750782,"Essential ClassNotes Intro to SQL Server Database System Study Notes, Review Questions and Classroom Discussion Topics 2013",51.19,20,0
204,713,9783838658889,Analysis of the Current Development Stage of the Extensible Markup Language and Its Usage for Database Systems,49.38,15,1
205,714,9781722040321,Visual Database System for Image Analysis on Parallel Computers and Its Application to the EOS Amazon Project,51.35,20,1
206,715,9783642008863,Database Systems For Advanced Applications 14th International Conference Dasfaa 2009 Brisbane Australia April 2123 2009 Proceedings,43.45,25,1
207,716,9781423577676,Design and Implementation of a Prototype Database System for the Operational Activity Schedule of the Hellenic Navy,45.43,30,1
210,716,9781423577676,Design and Implementation of a Prototype Database System for the Operational Activity Schedule of the Hellenic Navy,49.06,40,0
208,717,9780444424723,Engineering Databases,47.4,35,1
209,718,9780471887379,Database,49.38,40,1
210,719,9789810231613,Cooperative databases and applications,51.35,45,1
1,720,9783642237409,Transactions on Large-Scale Data- and Knowledge-Centered Systems IV,43.45,10,1
102,720,9783642237409,Transactions on Large-Scale Data- and Knowledge-Centered Systems IV,46.93,20,0
2,721,9781450331098,PODS' 14,45.43,15,1
101,722,9783642290374,Database Systems For Advanced Applications 17th International Conference Dasfaa 2012 Busan South Korea April 1518 2012 Proceedings,47.4,20,1
102,723,9783642202438,Database Systems for Advanced Applications 16th International Conference DASFAA 2011 International Workshops Lecture Notes in Computer Science,49.38,25,1
103,724,9783642145896,"Database Systems for Advanced Applications : 15th International Conference, DASFAA 2010, International Workshops",51.35,30,1
203,724,9783642145896,"Database Systems for Advanced Applications : 15th International Conference, DASFAA 2010, International Workshops",55.46,40,0
201,725,9783662439845,"Database Systems for Advanced Applications : 19th International Conference, DASFAA 2014, International Workshops",43.45,35,1
202,726,9783642202445,"Database Systems for Advanced Applications : 16th International Conference, DASFAA 2011 International Workshops",45.43,40,1
203,727,9783642290244,"Database Systems for Advanced Applications : 17th International Conference, DASFAA 2012, International Workshops",47.4,45,1
204,728,9788426734679,Designing Data-Intensive Applications,49.38,10,1
207,728,9788426734679,Designing Data-Intensive Applications,53.33,20,0
205,729,9788131788417,Introduction to database management systems,51.35,15,1
206,730,9780897910590,"Joint proceedings of SIGSMALL Symposium on Small Systems and SIGMOD Workshop on Small Database Systems, October 13-15, 1981, Orlando, Florida",43.45,20,1
207,731,9780471305347,Data management,45.43,25,1
208,732,9780818685774,Tenth International Conference on Scientific and Statistical Database Management,47.4,30,1
1,732,9780818685774,Tenth International Conference on Scientific and Statistical Database Management,51.19,40,0
209,733,9781450370660,Pods '19,49.38,35,1
210,734,9781450347068,Pods'18,51.35,40,1
1,735,9781450346078,PODS'16,43.45,45,1
2,736,9780897911535,"Proceedings of the Fourth ACM SIGACT-SIGMOD Symposium on Principles of Database Systems, March 25-27, 1985, Portland, Oregon",45.43,10,1
103,736,9780897911535,"Proceedings of the Fourth ACM SIGACT-SIGMOD Symposium on Principles of Database Systems, March 25-27, 1985, Portland, Oregon",49.06,20,0
101,737,9783642284892,Intelligent Information And Database Systems 4th Asian Conference Aciids 2012 Kaohsiung Taiwan March 1921 2012 Proceedings Part Ii,47.4,15,1
102,738,9783642284922,Intelligent Information And Database Systems 4th Asian Conference Aciids 2012 Kaohsiung Taiwan March 1921 2012 Proceedings Part Iii,49.38,20,1
103,739,9781378920794,Context interchange,51.35,25,1
201,740,9781783555154,Neo4j High Performance,43.45,30,1
204,740,9781783555154,Neo4j High Performance,46.93,40,0
202,741,9789351640752,RELATIONAL DATABASE MANAGEMENT SYSTEM,45.43,35,1
203,742,9788125911654,Database management systems,47.4,40,1
204,743,9780321117885,Concurrent systems,49.38,45,1
205,744,9780387527062,Bridging the Information Gap: For Small and Medium Enterprises,51.35,10,1
208,744,9780387527062,Bridging the Information Gap: For Small and Medium Enterprises,55.46,20,0
206,745,9780387512518,MFDBS 89,43.45,15,1
207,746,9783540717034,"Advances in Databases : Concepts, Systems and Applications",45.43,20,1
208,747,9780792378839,Information brokering across heterogeneous digital data,47.4,25,1
209,748,9781558603738,Using the new DB2,49.38,30,1
2,748,9781558603738,Using the new DB2,53.33,40,0
210,749,9780306470349,The Fractal Structure of Data Reference:,51.35,35,1
1,750,9783642257308,Databases In Networked Information Systems,43.45,40,1
2,751,9780367389161,Biodiversity databases,45.43,45,1
101,752,9781259585500,OCA Oracle Database SQL exam guide,47.4,10,1
201,752,9781259585500,OCA Oracle Database SQL exam guide,51.19,20,0
102,753,9781721137008,EOSCUBE,49.38,15,1
103,754,9780897914307,"Proceedings of the Tenth Acm Sigact-Sigmod S-Sigart Symposium on Principles of Database Systems, May 29-31, 1991, Denver, Colorado",51.35,20,1
201,755,9780897913522,"Proceedings of the Ninth Acm Sigact-Sigmod-Sigart Symposium on Principles of Database Systems, April 2-4, 1990, Nashville, Tennessee (475900)",43.45,25,1
202,756,9781337952804,"Bundle : MindTap MIS, 1 Term Printed Access Card for Coronel/Morris' Database Systems",45.43,30,1
205,756,9781337952804,"Bundle : MindTap MIS, 1 Term Printed Access Card for Coronel/Morris' Database Systems",49.06,40,0
203,757,9780534100742,Understanding database management systems,47.4,35,1
204,758,9783540625018,Constraint databases and applications,49.38,40,1
205,759,9780387710037,"Stream Data Processing: A Quality of Service Perspective: Modeling, Scheduling, Load Shedding, and Complex Event Processing (Advances in Database Systems Book 36)",51.35,45,1
206,760,9780897912235,"Proceedings of the 6th Acm Sigact/Sigmod/Sigart Symp on Principles of Database Systems San Dieg, Ca. March 23-25, 1987",43.45,10,1
209,760,9780897912235,"Proceedings of the 6th Acm Sigact/Sigmod/Sigart Symp on Principles of Database Systems San Dieg, Ca. March 23-25, 1987",46.93,20,0
207,761,9781787566965,Database Management Systems,45.43,15,1
208,762,9780071155083,Database Management Systems,47.4,20,1
209,763,9780769500485,Proceedings,49.38,25,1
210,764,9781475769357,Visual and Multimedia Information Management,51.35,30,1
101,764,9781475769357,Visual and Multimedia Information Management,55.46,40,0
1,765,9780897911283,SIGMOD '84,43.45,35,1
2,766,9780769511290,"The proceedings of the Third International Symposium on Cooperative Database Systems for Advanced Applications : CODAS 2001 : Beijing, China, April 23-24, 2001 : proceedings",45.43,40,1
101,767,9780921836094,Advances in computer cybernetics and information engineering,47.4,45,1
102,768,9780470624708,Fundamentals of database management systems,49.38,10,1
202,768,9780470624708,Fundamentals of database management systems,53.33,20,0
103,769,9781118024089,Distributed Database Management Systems,51.35,15,1
201,770,9788120348424,Database Management System Oracle SQL and PL/SQL,43.45,20,1
202,771,9783540527060,Bridging the information gap for small and medium enterprises,45.43,25,1
203,772,9783642401725,Database and Expert Systems Applications,47.4,30,1
206,772,9783642401725,Database and Expert Systems Applications,51.19,40,0
204,773,9780582851283,"Database Systems : A Practical Approach to Design, Implementation and Management with Learning SQL : A Step-by-Step Guide Using Access with Learning Sql",49.38,35,1
205,774,9789743843396,Kānčhat rabō̜p thānkhō̜mūn yāt phūdūlǣ phūpūai rư̄arang thī bān nai khēt Phāk Tawanʻō̜k =,51.35,40,1
206,775,9783540444725,Current Issues in Databases and Information Systems,43.45,45,1
207,776,9780137441860,Decision Support Systems in the 21st Century,45.43,10,1
210,776,9780137441860,Decision Support Systems in the 21st Century,49.06,20,0
208,777,9783540512516,MFDBS 89,47.4,15,1
209,778,9783642290220,Database Systems For Advanced Applications 17th International Conference Dasfaa 2012 International Workshops Flashdb Items Snsm Sim Dqdi Busan South Korea April 1518 2012 Proceedings,49.38,20,1
210,779,9781461293835,On knowledge base management systems,51.35,25,1
1,780,9780070197817,Database management,43.45,30,1
102,780,9780070197817,Database management,46.93,40,0
2,781,9780471253525,Accounting information systems,45.43,35,1
101,782,9780792385738,Bioinformatics,47.4,40,1
102,783,9781475544480,Systemic Banking Crises Database,49.38,45,1
103,784,9783790808582,Fuzziness in database management systems,51.35,10,1
203,784,9783790808582,Fuzziness in database management systems,55.46,20,0
201,785,9781680502534,Seven Databases in Seven Weeks: A Guide to Modern Databases and the NoSQL Movement,43.45,15,1
202,786,9783642365454,"Intelligent Information and Database Systems: 5th Asian Conference, ACIIDS 2013, Kuala Lumpur, Malaysia, March 18-20, 2013, Proceedings, Part I (Lecture Notes in Computer Science)",45.43,20,1
203,787,9780787603618,Federal Database Finder,47.4,25,1
204,788,9781430262985,Expert Oracle Database Architecture,49.38,30,1
207,788,9781430262985,Expert Oracle Database Architecture,53.33,40,0
205,789,9781558605886,Spatial databases,51.35,35,1
206,790,9780387710020,Stream Data Processing: A Quality of Service Perspective,43.45,40,1
207,791,9780897917308,"Proceedings of the Fourteenth ACM SIGACT-SIGMOD-SIGART Symposium on Principles of Database Systems, PODS 1995, San Jose, California, May 22-25, 1995",45.43,45,1
208,792,9781394301621,Vector Databases for the Next-Generation Generative AI Systems,47.4,10,1
1,792,9781394301621,Vector Databases for the Next-Generation Generative AI Systems,51.19,20,0
209,793,9781706068402,DBMS - Database Management System,49.38,15,1
210,794,9780160629310,Common-cause failure database and analysis system,51.35,20,1
1,795,9781118779019,Data-Based Nonlinear Modeling of Biomedical Systems,43.45,25,1
2,796,9781681734859,Non-Volatile Memory Database Management Systems,45.43,30,1
103,796,9781681734859,Non-Volatile Memory Database Management Systems,49.06,40,0
101,797,9780792397847,Multimedia database management systems,47.4,35,1
102,798,9788131726266,Modern database management systems,49.38,40,1
103,799,9780835913195,Databases,51.35,45,1
201,800,9780596100575,DNS and BIND,43.45,10,1
204,800,9780596100575,DNS and BIND,46.93,20,0
202,801,9780070701335,File organizationfor database design,45.43,15,1
203,802,9783642200458,Grid and cloud database management,47.4,20,1
204,803,9780130174802,Spatial databases,49.38,25,1
205,804,9780023095146,Information systems literacy,51.35,30,1
208,804,9780023095146,Information systems literacy,55.46,40,0
206,805,9781073328550,Database Management System MCQs,43.45,35,1
207,806,9780538726948,Database management systems,45.43,40,1
208,807,9780072968422,Database Management Systems,47.4,45,1
209,808,9780890063422,Multimedia Database Management Systems (Computing Library),49.38,10,1
2,808,9780890063422,Multimedia Database Management Systems (Computing Library),53.33,20,0
210,809,9780072933635,Application Cases in Management Information Systems,51.35,15,1
1,810,9780124438965,Database and Data Communication Network Systems,43.45,20,1
2,811,9780897912631,"Proceedings of the Seventh Acm Sigact-Sigmod-Sigart Symposium on Principles of Database Systems, March 21-23, 1988, Austin, Texas (Proceedings of the ACM Sigact-Sigmod-Sigart Symposium on Pri)",45.43,25,1
101,812,9780080558516,Demystifying Embedded Systems Middleware,47.4,30,1
201,812,9780080558516,Demystifying Embedded Systems Middleware,51.19,40,0
102,813,9780946663033,Patents databases,49.38,35,1
103,814,9780521258036,Filing Systems Databases,51.35,40,1
201,815,9780071254342,Database Management Systems,43.45,45,1
202,816,9780471791218,Database Management Systems,45.43,10,1
205,816,9780471791218,Database Management Systems,49.06,20,0
203,817,9780113306053,Database Management Systems (Appraisal & Evaluation Library),47.4,15,1
204,818,9783031398469,Database and Expert Systems Applications,49.38,20,1
205,819,9783319988115,Database and Expert Systems Applications,51.35,25,1
206,820,9780838907504,Build your own database,43.45,30,1
209,820,9780838907504,Build your own database,46.93,40,0
207,821,9780070225640,Database management systems,45.43,35,1
208,822,9781466620452,"Innovations in database design, web applications, and information systems management",47.4,40,1
209,823,9780470931578,Modeling and designing accounting systems,49.38,45,1
210,824,9781451915358,Systemic Banking Crises,51.35,10,1
101,824,9781451915358,Systemic Banking Crises,55.46,20,0
1,825,9789066370012,Database management systems,43.45,15,1
2,826,9781601987501,Massively Parallel Databases and MapReduce Systems,45.43,20,1
101,827,9780131980525,Database management,47.4,25,1
102,828,9780139455933,UNIX database management systems,49.38,30,1
202,828,9780139455933,UNIX database management systems,53.33,40,0
103,829,9781299688711,Knowledge-base assisted database retrieval systems,51.35,35,1
201,830,9783540483991,Fundamentals Of Relational Database Management Systems,43.45,40,1
202,831,9783642153655,Database and expert systems applications,45.43,45,1
203,832,9780471503453,Intelligent databases,47.4,10,1
206,832,9780471503453,Intelligent databases,51.19,20,0
204,833,9781402010385,Databases and information systems II,49.38,15,1
205,834,9781537385358,C# : Design Patterns : the Easy Way Standard Solutions for Everyday Programming Problems; Great for,51.35,20,1
206,835,9781599041223,Intelligent Databases,43.45,25,1
207,836,9780071595797,Oracle Database 11g DBA Handbook,45.43,30,1
210,836,9780071595797,Oracle Database 11g DBA Handbook,49.06,40,0
208,837,9781558604384,"Database--principles, programming, and performance",47.4,35,1
209,838,9783540844747,Databases in Networked Information Systems,49.38,40,1
210,839,9780933414013,Guide to DIALOG - databases,51.35,45,1
1,840,9780716781622,Principles of Database and Knowledge-Base Systems Volume II,43.45,10,1
102,840,9780716781622,Principles of Database and Knowledge-Base Systems Volume II,46.93,20,0
2,841,9789810206208,Introduction to database and knowledge-base systems,45.43,15,1
101,842,9780201876963,Advanced Pick open database and operating system,47.4,20,1
102,843,9783540482529,Advances in Databases and Information Systems,49.38,25,1
103,844,9780071643566,Oracle Database 11g PL/SQL Programming,51.35,30,1
203,844,9780071643566,Oracle Database 11g PL/SQL Programming,55.46,40,0
201,845,9780470311035,Image databases,43.45,35,1
202,846,9780769532998,DEXA 2008,45.43,40,1
203,847,9780452254923,The database primer,47.4,45,1
204,848,9780929306193,Towards SQL database extensions for geographic information systems,49.38,10,1
207,848,9780929306193,Towards SQL database extensions for geographic information systems,53.33,20,0
205,849,9783642325991,Database and Expert Systems Applications,51.35,15,1
206,850,9780070499997,Understanding database management systems,43.45,20,1
207,851,9783319975702,Databases and Information Systems,45.43,25,1
208,852,9780246124241,Filing Systems and Databases for the Commodore 64,47.4,30,1
1,852,9780246124241,Filing Systems and Databases for the Commodore 64,51.19,40,0
209,853,9788535215083,Oracle Database 10g,49.38,35,1
210,854,9783319228525,Database and Expert Systems Applications,51.35,40,1
1,855,9780471894414,Database Management Systems,43.45,45,1
2,856,9781505334869,Database Management Systems,45.43,10,1
103,856,9781505334869,Database Management Systems,49.06,20,0
101,857,9781505334906,Database Management Systems,47.4,15,1
102,858,9781505334890,Database Management Systems,49.38,20,1
103,859,9780850123234,Database management systems,51.35,25,1
201,860,9780880666459,Database management systems,43.45,30,1
204,860,9780880666459,Database management systems,46.93,40,0
202,861,9784861620744,Roppō o eigo de yomu,45.43,35,1
203,862,9780471218777,Database Design and Development,47.4,40,1
204,863,9780461921908,"Data abstraction, databases, and conceptual modelling",49.38,45,1
205,864,9780429749537,Practical Guide to Large Database Migration,51.35,10,1
208,864,9780429749537,Practical Guide to Large Database Migration,55.46,20,0
206,865,9781565925168,Oracle database administration,43.45,15,1
207,866,9780818683534,"Ninth International Workshop on Database and Expert Systems Applications, August 26-28, 1998, Vienna, Austria",45.43,20,1
208,867,9781489977809,Recommender Systems Handbook,47.4,25,1
209,868,9781461556435,Logics for Databases and Information Systems,49.38,30,1
2,868,9781461556435,Logics for Databases and Information Systems,53.33,40,0
210,869,9780070072503,Systems design in a database environment,51.35,35,1
1,870,9780870948947,The Dow Jones-Irwin technical reference guide to microcomputer database management systems,43.45,40,1
2,871,9780070409736,Understanding database management systems,45.43,45,1
101,872,9780070701304,Database design,47.4,10,1
201,872,9780070701304,Database design,51.19,20,0
102,873,9780596005856,Oracle essentials,49.38,15,1
103,874,9780080886626,Readings in artificial intelligence and databases,51.35,20,1
201,875,9781894613361,Advances in database and expert systems,43.45,25,1
202,876,9780749220273,Using Database Management Systems / SQL Database Management,45.43,30,1
205,876,9780749220273,Using Database Management Systems / SQL Database Management,49.06,40,0
203,877,9780070508255,Database Management Systems,47.4,35,1
204,878,9780071212045,Database Management Systems,49.38,40,1
205,879,9780071124058,Database Management Systems,51.35,45,1
206,880,9788183291064,Database Management System,43.45,10,1
209,880,9788183291064,Database Management System,46.93,20,0
207,881,9789339213114,Database Management Systems,45.43,15,1
208,882,9788131765340,Database management systems,47.4,20,1
209,883,9781680944426,Database Management Systems,49.38,25,1
210,884,9788120346741,Database Management System,51.35,30,1
101,884,9788120346741,Database Management System,55.46,40,0
1,885,9789381141212,Database Management Systems,43.45,35,1
2,886,9781505334074,Database Management Systems,45.43,40,1
101,887,9781621420194,Database Management Systems,47.4,45,1
102,888,9788184121193,Database management systems,49.38,10,1
202,888,9788184121193,Database management systems,53.33,20,0
103,889,9781842659205,Database Management System,51.35,15,1
201,890,9781408007686,Database Management Systems,43.45,20,1
202,891,9787302075554,Database management systems,45.43,25,1
203,892,9780887360503,Database management systems,47.4,30,1
206,892,9780887360503,Database management systems,51.19,40,0
204,893,9780444008886,Database-Datacommunication Systems,49.38,35,1
205,894,9781940540184,Teradata database administration,51.35,40,1
206,895,9781461021209,DataBase Management Systems,43.45,45,1
207,896,9780904933277,EUSIDIC database guide,45.43,10,1
210,896,9780904933277,EUSIDIC database guide,49.06,20,0
208,897,9780201524246,Knowledge systems and Prolog,47.4,15,1
209,898,9780738414720,Ims/Esa Database Tools,49.38,20,1
210,899,9781119903888,Graph Database and Graph Computing for Power System Analysis,51.35,25,1
1,900,9780387556178,Geographic database management systems,43.45,30,1
102,900,9780387556178,Geographic database management systems,46.93,40,0
2,901,9789514558825,15th Library Systems Seminar,45.43,35,1
101,902,9781423509868,Web-Based Database Applications,47.4,40,1
102,903,9781599042916,Contemporary issues in database design and information systems development,49.38,45,1
103,904,9780201433593,Oracle Tools for Application and Database Modeling and Design,51.35,10,1
203,904,9780201433593,Oracle Tools for Application and Database Modeling and Design,55.46,20,0
201,905,9780030988219,Mastering today's software,43.45,15,1
202,906,9780071111805,Database Management Systems,45.43,20,1
203,907,9781795097901,Pharmacy Database Management System,47.4,25,1
204,908,9781978035485,Graph Database Management Systems,49.38,30,1
207,908,9781978035485,Graph Database Management Systems,53.33,40,0
205,909,9780470407455,Distributed database management systems,51.35,35,1
206,910,9780442005672,Databases & knowledge systems in merchandising,43.45,40,1
207,911,9780246119742,Database management systems,45.43,45,1
208,912,9780749220259,Using Database Management Systems / Database Design and Use,47.4,10,1
1,912,9780749220259,Using Database Management Systems / Database Design and Use,51.19,20,0
209,913,9781430210153,Expert Oracle database 11g administration,49.38,15,1
210,914,9780387822341,Database and expert systems applications,51.35,20,1
1,915,9783642325182,New Trends in Databases and Information Systems,43.45,25,1
2,916,9780315564978,Query processing in a database mediation system,45.43,30,1
103,916,9780315564978,Query processing in a database mediation system,49.06,40,0
101,917,9780072973129,Database Management Systems-Designing & Building Business Applications,47.4,35,1
102,918,9781461377801,Real-Time Database and Information Systems: Research Advances,49.38,40,1
103,919,9780818648939,"Proceedings, International Symposium on Databases in Parallel and Distributed Systems",51.35,45,1
201,920,9780130922069,Decision Support Systems,43.45,10,1
204,920,9780130922069,Decision Support Systems,46.93,20,0
202,921,9781351140836,Input/output databases,45.43,15,1
203,922,9780769512327,12th International Workshop on Database and Expert Systems Applications,47.4,20,1
204,923,9781884842436,Object Database Implementations,49.38,25,1
205,924,9781850321248,Databases,51.35,30,1
208,924,9781850321248,Databases,55.46,40,0
206,925,9780201416046,"Data Models, Database Languages, and Database Management Systems",43.45,35,1
207,926,9781856289948,Visual Databases in Architecture,45.43,40,1
208,927,9780792368236,Databases and information systems,47.4,45,1
209,928,9780792380115,Real-time database and information systems,49.38,10,1
2,928,9780792380115,Real-time database and information systems,53.33,20,0
210,929,9780113305339,Database Management Systems Volume,51.35,15,1
1,930,9788122432589,Relational Database Management System,43.45,20,1
2,931,9788182092228,Database Management Systems - Leon,45.43,25,1
101,932,9781505377255,Database Management Systems Masterclass,47.4,30,1
201,932,9781505377255,Database Management Systems Masterclass,51.19,40,0
102,933,9781505334050,Multimedia Database Management Systems,49.38,35,1
103,934,9781505334128,Database Management System Concepts,51.35,40,1
201,935,9781505377293,Database Management Systems Manual,43.45,45,1
202,936,9781505334081,Database Management Systems Handbook,45.43,10,1
205,936,9781505334081,Database Management Systems Handbook,49.06,20,0
203,937,9781505334067,Database Management Systems Guide,47.4,15,1
204,938,9781505377309,Database Management Systems Guidebook,49.38,20,1
205,939,9781505377279,Database Management Systems Intro,51.35,25,1
206,940,9781505334135,Understanding Database Management Systems,43.45,30,1
209,940,9781505334135,Understanding Database Management Systems,46.93,40,0
207,941,9781461378600,Multimedia Database Management Systems,45.43,35,1
208,942,9780669033960,Distributed database management systems,47.4,40,1
209,943,9780814406878,Database Management Systems Handbook,49.38,45,1
210,944,9780669045444,Database management system anatomy,51.35,10,1
101,944,9780669045444,Database management system anatomy,55.46,20,0
1,945,9781717355867,DBMS Database Management System,43.45,15,1
2,946,9781283059657,Advanced Database Query Systems,45.43,20,1
101,947,9781976555053,Relational Database Management System,47.4,25,1
102,948,9781987406054,Key-Value Database Management Systems,49.38,30,1
202,948,9781987406054,Key-Value Database Management Systems,53.33,40,0
103,949,9781609604752,Advanced database query systems,51.35,35,1
201,950,9783540762270,Advances in databases and information systems,43.45,40,1
202,951,9781558608207,"Relational Database Design Clearly Explained, Second Edition (The Morgan Kaufmann Series in Data Management Systems)",45.43,45,1
203,952,9781558515109,Databases on the Web,47.4,10,1
206,952,9781558515109,Databases on the Web,51.19,20,0
204,953,9783540378723,Database and expert systems applications,49.38,15,1
205,954,9783319037431,Spatial Database for GPS Wildlife Tracking Data,51.35,20,1
206,955,9783642341786,Transactions on Large-Scale Data- and Knowledge-Centered Systems VI,43.45,25,1
207,956,9789211003499,"Directory of United Nations Databases and Information Services, 1991 (Directory of United Nations Databases and Information Services)",45.43,30,1
210,956,9789211003499,"Directory of United Nations Databases and Information Services, 1991 (Directory of United Nations Databases and Information Services)",49.06,40,0
208,957,9783540317296,Database and Expert Systems Applications,47.4,35,1
209,958,9780134785554,Systems Analysis and Design,49.38,40,1
210,959,9783642237362,Advances in Databases and Information Systems,51.35,45,1
1,960,9780950662909,Database techniques for software selection and system development,43.45,10,1
102,960,9780950662909,Database techniques for software selection and system development,46.93,20,0
2,961,9780070157453,UNIX,45.43,15,1
101,962,9780927695831,Directions in database management systems,47.4,20,1
102,963,9798422268665,Relational Database Management System- Teradata,49.38,25,1
103,964,9781977881298,RDBMS Relational Database Management System,51.35,30,1
203,964,9781977881298,RDBMS Relational Database Management System,55.46,40,0
201,965,9781461378181,Multimedia Database Management Systems,43.45,35,1
202,966,9780074015735,Database Management Systemsgement System,45.43,40,1
203,967,9783030795832,"Information Systems Reengineering, Integration and Normalization",47.4,45,1
204,968,9780387355610,Database Semantics,49.38,10,1
207,968,9780387355610,Database Semantics,53.33,20,0
205,969,9780070289789,DB2 System and Database Administration (Database Experts' Series),51.35,15,1
206,970,9781848820234,Foundations of Systems Biology,43.45,20,1
207,971,9780769508368,User Interfaces to Data Intensive Systems,45.43,25,1
208,972,9781558283572,C [plus plus] database development,47.4,30,1
1,972,9781558283572,C [plus plus] database development,51.19,40,0
209,973,9780130351227,Database design and development,49.38,35,1
210,974,9780750601351,Database Management Systems,51.35,40,1
1,975,9780138414207,Oracle,43.45,45,1
2,976,9780201501131,A guide to DB2,45.43,10,1
103,976,9780201501131,A guide to DB2,49.06,20,0
101,977,9780818607486,"Database Engineering (Database Engineering, 1986)",47.4,15,1
102,978,9781638351108,Big Data,49.38,20,1
103,979,9783031429132,Advances in Databases and Information Systems,51.35,25,1
201,980,9781435688506,The 2009-2014 world outlook for relational database management systems (RDBMS),43.45,30,1
204,980,9781435688506,The 2009-2014 world outlook for relational database management systems (RDBMS),46.93,40,0
202,981,9781586039394,Databases and information systems V,45.43,35,1
203,982,9780818681486,Proceedings,47.4,40,1
204,983,9783540394297,Database and XML technologies,49.38,45,1
205,984,9780124438958,"Database and Data Communication Network Systems, Three-Volume Set",51.35,10,1
208,984,9780124438958,"Database and Data Communication Network Systems, Three-Volume Set",55.46,20,0
206,985,9780521254304,"Databases, role and structure",43.45,15,1
207,986,9780387218083,Database performance tuning and optimization,45.43,20,1
208,987,9780080509631,Joe Celko's Data and Databases,47.4,25,1
209,988,9788131807248,Introduction to Database Management Systems,49.38,30,1
2,988,9788131807248,Introduction to Database Management Systems,53.33,40,0
210,989,9780074622391,Introduction To Database Management Systems,51.35,35,1
1,990,9780880560825,CP/M database management systems,43.45,40,1
2,991,9789381159316,Introduction to database management system,45.43,45,1
101,992,9780244074487,Relational Databases and Distributed Systems,47.4,10,1
201,992,9780244074487,Relational Databases and Distributed Systems,51.19,20,0
102,993,9781505334937,CP/m Database Management Systems,49.38,15,1
103,994,9781505334104,Introduction to Database Management Systems,51.35,20,1
201,995,9781505334166,Introduction to Database Management Systems,43.45,25,1
202,996,9789332537422,Concepts of database management system,45.43,30,1
205,996,9789332537422,Concepts of database management system,49.06,40,0
203,997,9781505334838,Database Management Systems in Engineering,47.4,35,1
204,998,9783642120398,Databases in Networked Information Systems,49.38,40,1
205,999,9781428805804,Fundamentals of Database Management Systems,51.35,45,1
206,1000,9780471606895,Database Management Systems 80'S,43.45,10,1
209,1000,9780471606895,Database Management Systems 80'S,46.93,20,0
207,1001,9780536604057,Database Concepts and Management Systems,45.43,15,1
208,1002,9781568063638,Database Management Systems In Engineering,47.4,20,1
209,1003,9788126119271,Encyclopaedia of Database Management Systems,49.38,25,1
210,1004,9780818671685,"Multi-Media Database Management Systems, 1995",51.35,30,1
101,1004,9780818671685,"Multi-Media Database Management Systems, 1995",55.46,40,0
1,1005,9783642776076,Geographic Database Management Systems,43.45,35,1
2,1006,9798643654360,Learn Relational Database Management Systems,45.43,40,1
101,1007,9781650272610,Database Management System with MySQL,47.4,45,1
102,1008,9781987419900,Multidimensional Database Management System,49.38,10,1
202,1008,9781987419900,Multidimensional Database Management System,53.33,20,0
103,1009,9780749220266,Using Database Management Systems / Using SQL,51.35,15,1
201,1010,9781586034856,Databases and information systems,43.45,20,1
202,1011,9780071799331,Oracle Database 12c,45.43,25,1
203,1012,9780443237911,Information Modeling and Relational Databases,47.4,30,1
206,1012,9780443237911,Information Modeling and Relational Databases,51.19,40,0
204,1013,9781930708297,Distributed Multimedia Databases,49.38,35,1
205,1014,9783540760924,Inside relational databases,51.35,40,1
206,1015,9780852964361,INSPEC database users' guide,43.45,45,1
207,1016,9789380931913,Data mining,45.43,10,1
210,1016,9789380931913,Data mining,49.06,20,0
208,1017,9780851421384,Online bibliographic databases,47.4,15,1
209,1018,9780844232324,Strategic database marketing,49.38,20,1
210,1019,9781674643021,Data and Databases,51.35,25,1
1,1020,9780130876782,IT Systems Management,43.45,30,1
102,1020,9780130876782,IT Systems Management,46.93,40,0
2,1021,9780071126779,Management information systems,45.43,35,1
101,1022,9780134452463,Oracle database problem solving and troubleshooting handbook,47.4,40,1
102,1023,9780849328008,Grid database design,49.38,45,1
103,1024,9781608459032,Business processes,51.35,10,1
203,1024,9781608459032,Business processes,55.46,20,0
201,1025,9783319991320,Database and Expert Systems Applications,43.45,15,1
202,1026,9780818674693,International Workshop on Multi-Media Database Management Systems,45.43,20,1
203,1027,9781591403869,Advances in Fuzzy Object-Oriented Databases,47.4,25,1
204,1028,9781877888151,Nineteen Ninety-One Infe Software-Hardware Resource Database,49.38,30,1
207,1028,9781877888151,Nineteen Ninety-One Infe Software-Hardware Resource Database,53.33,40,0
205,1029,9781496050748,Fundamentals of Database Management System,51.35,35,1
206,1030,9781586036867,Design and implementation of a database programming language for XML-based applications,43.45,40,1
207,1031,9780792384052,Database semantics,45.43,45,1
208,1032,9781565923355,Oracle PL/SQL Programming,47.4,10,1
1,1032,9781565923355,Oracle PL/SQL Programming,51.19,20,0
209,1033,9780792398868,Multimedia database management systems,49.38,15,1
210,1034,9789985501320,Databases and information systems,51.35,20,1
1,1035,9783319109336,Advances in Databases and Information Systems,43.45,25,1
2,1036,9780818620522,Proceedings,45.43,30,1
103,1036,9780818620522,Proceedings,49.06,40,0
101,1037,9780444012722,Online databases in the medical and life sciences,47.4,35,1
102,1038,9780412550904,Relational Database,49.38,40,1
103,1039,9781601984166,Access Control for Databases,51.35,45,1
201,1040,9783319401799,Databases and Information Systems,43.45,10,1
204,1040,9783319401799,Databases and Information Systems,46.93,20,0
202,1041,9780818686788,International Workshop on Multi-media Database Management Systems,45.43,15,1
203,1042,9780534931308,Database applications using dBASE IV,47.4,20,1
204,1043,9780080552316,Physical database design,49.38,25,1
205,1044,9783642155765,Advances in Databases and Information Systems,51.35,30,1
208,1044,9783642155765,Advances in Databases and Information Systems,55.46,40,0
206,1045,9780071498500,Oracle Database 11g SQL,43.45,35,1
207,1046,9780536475916,Accounting Information Systems and Database Management,45.43,40,1
208,1047,9789812831767,Knowledge-Base Assisted Database Retrieval Systems,47.4,45,1
209,1048,9781305764057,Acp Mgis 320 - Database Mgmt Systems,49.38,10,1
2,1048,9781305764057,Acp Mgis 320 - Database Mgmt Systems,53.33,20,0
210,1049,9780792399247,Database issues in geographic information systems,51.35,15,1
1,1050,9783884761199,Database support for knowledge based systems,43.45,20,1
2,1051,9781379103820,Microcomputer-Based Image Database Management System,45.43,25,1
101,1052,9780442005481,Databases and Knowledge Systems in Merchandising,47.4,30,1
201,1052,9780442005481,Databases and Knowledge Systems in Merchandising,51.19,40,0
102,1053,9780894351181,Database Management Systems for the Eighties,49.38,35,1
103,1054,9781505334142,Recommendations for Database Management System Standards,51.35,40,1
201,1055,9781461561095,Database Issues in Geographic Information Systems,43.45,45,1
202,1056,9783540814924,Advances in Databases and Information Systems,45.43,10,1
205,1056,9783540814924,Advances in Databases and Information Systems,49.06,20,0
203,1057,9783642327414,Advances in Databases and Information Systems,47.4,15,1
204,1058,9780632033188,Relational Database Design (Information Systems Series),49.38,20,1
205,1059,9780132446662,Oracle database administration on UNIX systems,51.35,25,1
206,1060,9783642327407,Advances In Databases And Information Systems,43.45,30,1
209,1060,9783642327407,Advances In Databases And Information Systems,46.93,40,0
207,1061,9780792381297,Logics for databases and information systems,45.43,35,1
208,1062,9780849386893,Manufacturing databases and computer integrated systems,47.4,40,1
209,1063,9780130899514,Database Management Systems Handbook 2001sup,49.38,45,1
210,1064,9780070599857,Database Management Systems Revised Beta Edition,51.35,10,1
101,1064,9780070599857,Database Management Systems Revised Beta Edition,55.46,20,0
1,1065,9789993822387,Database Parallel Distributes System/Ch 28951,43.45,15,1
2,1066,9780160629341,Common-Cause Failure Database and Analysis System,45.43,20,1
101,1067,9783540483977,Fundamentals of relational database management systems,47.4,25,1
102,1068,9780662241355,Northdat,49.38,30,1
202,1068,9780662241355,Northdat,53.33,40,0
103,1069,9780071824286,Oracle Database 12c Security,51.35,35,1
201,1070,9783319440651,New Trends in Databases and Information Systems,43.45,40,1
202,1071,9780201581775,Spreadsheet and database cases for information systems,45.43,45,1
203,1072,9780077093754,Information systems development,47.4,10,1
206,1072,9780077093754,Information systems development,51.19,20,0
204,1073,9781604209495,Database Audit Program,49.38,15,1
205,1074,9781558282162,C++ database development,51.35,20,1
206,1075,9780471554622,"Conceptual modeling, databases, and CASE",43.45,25,1
207,1076,9781430265566,Beginning Oracle SQL: For Oracle Database 12c,45.43,30,1
210,1076,9781430265566,Beginning Oracle SQL: For Oracle Database 12c,49.06,40,0
208,1077,9783030567712,Computer Vision for X-Ray Testing,47.4,35,1
209,1078,9781586036072,Data Access in Workflow Management Systems (Dissertations in Database and Information Systems-Infix) (Dissertations in Database and Information Systems-Infix),49.38,40,1
210,1079,9780557739646,Accounting Database Design and T-SQL Reporting,51.35,45,1
1,1080,9780872587793,Aha Integrated Delivery Network Database,43.45,10,1
102,1080,9780872587793,Aha Integrated Delivery Network Database,46.93,20,0
2,1081,9780119840339,Harmonized System Commodity Database,45.43,15,1
101,1082,9781519343048,Developer's Guide to Database Management Systems,47.4,20,1
102,1083,9781608459230,Query Optimization in Relational Database Management Systems,49.38,25,1
103,1084,9783486279610,DAGS--database management system generic support,51.35,30,1
203,1084,9783486279610,DAGS--database management system generic support,55.46,40,0
201,1085,9781614991618,Databases and information systems VII,43.45,35,1
202,1086,9789211003420,Providing access to United Nations databases,45.43,40,1
203,1087,9781461556992,Database Recovery,47.4,45,1
204,1088,9780201788990,Multimedia databases,49.38,10,1
207,1088,9780201788990,Multimedia databases,53.33,20,0
205,1089,9781558604636,The Object database standard,51.35,15,1
206,1090,9780792381921,Database recovery,43.45,20,1
207,1091,9780921836582,Advances in database and expert systems,45.43,25,1
208,1092,9780792378488,Research advances in database and information systems security,47.4,30,1
1,1092,9780792378488,Research advances in database and information systems security,51.19,40,0
209,1093,9780918212955,Communicating with legal databases,49.38,35,1
210,1094,9780818676628,Seventh International Workshop on Database and Expert Systems Applications,51.35,40,1
1,1095,9783709175583,Database and Expert Systems Applications,43.45,45,1
2,1096,9783540520597,Engineering Databases,45.43,10,1
103,1096,9783540520597,Engineering Databases,49.06,20,0
101,1097,9781280108730,The Accuracy of spatial databases,47.4,15,1
102,1098,9783319117812,Multimedia database retrieval,49.38,20,1
103,1099,9783662118092,Fuzzy database modeling,51.35,25,1
201,1100,9782921173087,Natural language interfaces,43.45,30,1
204,1100,9782921173087,Natural language interfaces,46.93,40,0
202,1101,9781136404849,Evaluating information systems,45.43,35,1
203,1102,9781559389112,Advances in Databases and Artificial Intelligence,47.4,40,1
204,1103,9781282089600,Extending the frontiers,49.38,45,1
205,1104,9780071604598,Oracle database 11g,51.35,10,1
208,1104,9780071604598,Oracle database 11g,55.46,20,0
206,1105,9780938862871,R: Base System V,43.45,15,1
207,1106,9783319296579,Recommender Systems,45.43,20,1
208,1107,9780792380870,Parallel and distributed information sytems,47.4,25,1
209,1108,9783540483090,Database and Expert Systems Applications,49.38,30,1
2,1108,9783540483090,Database and Expert Systems Applications,53.33,40,0
210,1109,9780134667720,Integrating knowledge-based and database management systems,51.35,35,1
1,1110,9780113308712,Database Modelling (Business Systems Development with SSADM),43.45,40,1
2,1111,9780471504542,Microcomputers and Databases in Accounting Information Systems,45.43,45,1
101,1112,9781685549794,Essentials of Database Management System Volume-II,47.4,10,1
201,1112,9781685549794,Essentials of Database Management System Volume-II,51.19,20,0
102,1113,9783638799621,Enhanced Active Databases for Federated Information Systems,49.38,15,1
103,1114,9783319018638,New Trends in Databases and Information Systems,51.35,20,1
201,1115,9781985210059,New Trends in Databases and Information Systems,43.45,25,1
202,1116,9781505334173,Introduction to Database Management Systems on MTS,45.43,30,1
205,1116,9781505334173,Introduction to Database Management Systems on MTS,49.06,40,0
203,1117,9781723489181,Windshear Database for Forward-Looking Systems Certification,47.4,35,1
204,1118,9781723589775,New Trends in Databases and Information Systems,49.38,40,1
205,1119,9781479399369,Integrated Three Heterogeneous Multi-Database Information Systems,51.35,45,1
206,1120,9783642325175,New Trends In Databases And Information Systems,43.45,10,1
209,1120,9783642325175,New Trends In Databases And Information Systems,46.93,20,0
207,1121,9780072324150,Database Management Systems with Student CD-ROM,45.43,15,1
208,1122,9780558640903,Accounting Information Systems & Modern Database Management,47.4,20,1
209,1123,9780894353352,Database machines and decision support systems,49.38,25,1
210,1124,9780471890669,"Strategic planning, systems analysis, and database design",51.35,30,1
101,1124,9780471890669,"Strategic planning, systems analysis, and database design",55.46,40,0
1,1125,9780471508038,OS/2 Database Manager,43.45,35,1
2,1126,9780582844384,Database Management,45.43,40,1
101,1127,9781118135532,Oracle database performance and scalability,47.4,45,1
102,1128,9783642330735,Advances on Databases and Information Systems,49.38,10,1
202,1128,9783642330735,Advances on Databases and Information Systems,53.33,20,0
103,1129,9783642039737,Advances in Databases and Information Systems,51.35,15,1
201,1130,9783030184742,Analysis and Data-Based Reconstruction of Complex Nonlinear Dynamical Systems,43.45,20,1
202,1131,9781447156000,Concise Guide to Databases Undergraduate Topics in Computer Science,45.43,25,1
203,1132,9780028007502,101 Database Exercises,47.4,30,1
206,1132,9780028007502,101 Database Exercises,51.19,40,0
204,1133,9780071812436,Oracle Database 12c PLSQL Programming,49.38,35,1
205,1134,9780582843103,"Database Systems : A Practical Approach to Design, Implementation and Management with Learning Sql : A Step-by-Step Guide Using Oracle with Learning Sql : A Step-by-Step Guide Using Access : A Practic",51.35,40,1
206,1135,9780921836797,"Database, web and cooperative systems",43.45,45,1
207,1136,9781322636863,Fundamentals of Database Indexing and Searching,45.43,10,1
210,1136,9781322636863,Fundamentals of Database Indexing and Searching,49.06,20,0
208,1137,9780471529583,Intelligent systems design,47.4,15,1
209,1138,9783642090585,Knowledge Management Systems,49.38,20,1
210,1139,9780387572345,Database and expert systems applications,51.35,25,1
1,1140,9781461370345,Continuous Media Databases,43.45,30,1
102,1140,9781461370345,Continuous Media Databases,46.93,40,0
2,1141,9780833023445,The defense system cost performance database,45.43,35,1
101,1142,9780072898958,Test Bank to accompany Database Management Systems,47.4,40,1
102,1143,9781894613033,Advances in database and knowledge-based systems,49.38,45,1
103,1144,9780769519937,14th International Workshop on Database and Expert Systems Applications,51.35,10,1
203,1144,9780769519937,14th International Workshop on Database and Expert Systems Applications,55.46,20,0
201,1145,9783540593003,NEUTRABAS,43.45,15,1
202,1146,9781978501812,Data and Databases,45.43,20,1
203,1147,9780070614666,101 database exercises,47.4,25,1
204,1148,9780818665523,Emerging trends in database and knowledge-base machines,49.38,30,1
207,1148,9780818665523,Emerging trends in database and knowledge-base machines,53.33,40,0
205,1149,9781599042893,Contemporary Issues in Database Design and Information Systems Development (Advances in Database Research Series) (Advances in Database Research Series),51.35,35,1
206,1150,9780879422516,Integration of information systems,43.45,40,1
207,1151,9789991522265,Information Systems,45.43,45,1
208,1152,9780160328381,Trusted database management system interpretation of the trusted computer system evaluation criteria,47.4,10,1
1,1152,9780160328381,Trusted database management system interpretation of the trusted computer system evaluation criteria,51.19,20,0
209,1153,9783540761358,Advances in databases and information systems,49.38,15,1
210,1154,9780788147654,Towards SQL Database Language Extensions,51.35,20,1
1,1155,9781586031350,"Semantic Integrity Constraints in Federated Database Schemata (Dissertations in Database and Information Systems, 63)",43.45,25,1
2,1156,9780470391358,High performance parallel database processing and grid databases,45.43,30,1
103,1156,9780470391358,High performance parallel database processing and grid databases,49.06,40,0
101,1157,9780792382898,Medical image databases,47.4,35,1
102,1158,9781558604360,Developing time-oriented database applications in SQL,49.38,40,1
103,1159,9780262132152,Advanced database techniques,51.35,45,1
201,1160,9780130913678,DB2 universal database v7.1 application development,43.45,10,1
204,1160,9780130913678,DB2 universal database v7.1 application development,46.93,20,0
202,1161,9780849315480,Database design using entity-relationship diagrams,45.43,15,1
203,1162,9783319231341,Advances in Databases and Information Systems,47.4,20,1
204,1163,9783540002642,Databases in Networked Information Systems,49.38,25,1
205,1164,9783031706257,Advances in Databases and Information Systems,51.35,30,1
208,1164,9783031706257,Advances in Databases and Information Systems,55.46,40,0
206,1165,9783709175552,Database and expert systems applications,43.45,35,1
207,1166,9783540398455,Databases in Networked Information Systems,45.43,40,1
208,1167,9783319669168,Advances in Databases and Information Systems,47.4,45,1
209,1168,9780921836391,Advances in database and expert systems,49.38,10,1
2,1168,9780921836391,Advances in database and expert systems,53.33,20,0
210,1169,9780429118227,Managing and Mining Multimedia Databases,51.35,15,1
1,1170,9780792380153,Intelligent image databases,43.45,20,1
2,1171,9780899707730,Fellowship And Residency Interactive Database Access System (freida),45.43,25,1
101,1172,9780113305834,Database Language SQL Explained (Information Systems Engineering Library),47.4,30,1
201,1172,9780113305834,Database Language SQL Explained (Information Systems Engineering Library),51.19,40,0
102,1173,0753020341,Competing technologies in the database management systems market,49.38,35,1
103,1174,9789810221706,Object-oriented technology for database and software systems,51.35,40,1
201,1175,9780201593792,The set model for database and information systems,43.45,45,1
202,1176,9789812831163,Object-Oriented Technology for Database and Software Systems,45.43,10,1
205,1176,9789812831163,Object-Oriented Technology for Database and Software Systems,49.06,20,0
203,1177,9781976308291,Distributed Database Management System Complete Self-Assessment Guide,47.4,15,1
204,1178,9781722149628,Survey of Commercial Object-Oriented Database Management Systems,49.38,20,1
205,1179,9798331602024,Database Management Systems for Business Analytics (vs)(Harvard),51.35,25,1
206,1180,9781558601932,Benchmark Software for Database and Transaction Processing Systems,43.45,30,1
209,1180,9781558601932,Benchmark Software for Database and Transaction Processing Systems,46.93,40,0
207,1181,9783540808695,"Databases, Information Systems, and Peer-To-Peer Computing",45.43,35,1
208,1182,9781867409779,Database Information System a Complete Guide - 2020 Edition,47.4,40,1
209,1183,9780003830118,Filing systems and databases for the Commodore 64,49.38,45,1
210,1184,9780246124234,Filing Systems and Databases for the Bbc Micro,51.35,10,1
101,1184,9780246124234,Filing Systems and Databases for the Bbc Micro,55.46,20,0
1,1185,9780717613014,Extension of the Subsea Isolation Systems Reliability Database,43.45,15,1
2,1186,9780003831672,Filing systems and Databases for the BBC Micro,45.43,20,1
101,1187,9780315368187,An expert view creation system for database design,47.4,25,1
102,1188,9780201510508,Spreadsheet and database applications for accounting information systems,49.38,30,1
202,1188,9780201510508,Spreadsheet and database applications for accounting information systems,53.33,40,0
103,1189,9780921836339,Advances in database and expert systems,51.35,35,1
201,1190,9780306462993,"Systems development methods for databases, enterprise modeling, and workflow management",43.45,40,1
202,1191,9780387824000,Database and Expert Systems Applications,45.43,45,1
203,1192,9783540760146,Advances in databases and information systems,47.4,10,1
206,1192,9783540760146,Advances in databases and information systems,51.19,20,0
204,1193,9789985894392,Fifth International Baltic Workshop on Databases and Information Systems,49.38,15,1
205,1194,9780748406524,Database issues in GIS,51.35,20,1
206,1195,9780673180889,Database and file management systems for the microcomputer,43.45,25,1
207,1196,9781280522369,Oracle Database Foundations,45.43,30,1
210,1196,9781280522369,Oracle Database Foundations,49.06,40,0
208,1197,9780792397496,Databases and mobile computing,47.4,35,1
209,1198,9780079096975,Database design & management,49.38,40,1
210,1199,9780071847438,Oracle database 12c Oracle RMAN backup and recovery,51.35,45,1
1,1200,9780952369202,The Celex database,43.45,10,1
102,1200,9780952369202,The Celex database,46.93,20,0
2,1201,9789401135672,The Global paleomagnetic database,45.43,15,1
101,1202,9780123264282,Object-Oriented Database Design Clearly Explained,47.4,20,1
102,1203,9783642120817,Advances in databases and information systems,49.38,25,1
103,1204,9780077097820,A Management Approach to Database Applications,51.35,30,1
203,1204,9780077097820,A Management Approach to Database Applications,55.46,40,0
201,1205,9780387235677,Semistructured database design,43.45,35,1
202,1206,9781586033149,"Online Analytical Processing With a Cluster of Databases (Dissertations in Database and Information Systems, 80)",45.43,40,1
203,1207,9781423575566,User Interface and Database Design for Software Database of the Computer Aided Prototyping System(CAPS),47.4,45,1
204,1208,9780367432539,End-user training for sci-tech databases,49.38,10,1
207,1208,9780367432539,End-user training for sci-tech databases,53.33,20,0
205,1209,9780429216893,Next Generation Geospatial Information,51.35,15,1
206,1210,9780072230789,Oracle Database 10g,43.45,20,1
207,1211,9780851422473,Online Medical Database,45.43,25,1
208,1212,9780851422299,Online Patents and Trademarks Databases,47.4,30,1
1,1212,9780851422299,Online Patents and Trademarks Databases,51.19,40,0
209,1213,9780387107097,Databases for healthcare,49.38,35,1
210,1214,9780910129268,Accounting research directory,51.35,40,1
1,1215,9783540413950,Databases in networked information systems,43.45,45,1
2,1216,9781607503828,Databases and Information Systems V,45.43,10,1
103,1216,9781607503828,Databases and Information Systems V,49.06,20,0
101,1217,9781614994589,Databases and Information Systems VIII,47.4,15,1
102,1218,9783709175538,Database and Expert Systems Applications,49.38,20,1
103,1219,9781614999416,Databases and Information Systems X,51.35,25,1
201,1220,9781607506881,Databases and information systems VI,43.45,30,1
204,1220,9781607506881,Databases and information systems VI,46.93,40,0
202,1221,9781904151067,Content Management Systems (Tools of the Trade),45.43,35,1
203,1222,9783540448037,Advances in Databases and Information Systems,47.4,40,1
204,1223,9783319105178,New Trends in Database and Information Systems II,49.38,45,1
205,1224,9783319983974,Advances in Databases and Information Systems,51.35,10,1
208,1224,9783319983974,Advances in Databases and Information Systems,55.46,20,0
206,1225,9783540679783,Database and Expert Systems Applications,43.45,15,1
207,1226,9783540425274,Database and Expert Systems Applications,45.43,20,1
208,1227,9783540540090,"Mathematical Fundamentals of Database and Knowledge Base Systems, International Symposium Proceedings",47.4,25,1
209,1228,9781872631035,Manufacturing database management and knowledge based expert systems,49.38,30,1
2,1228,9781872631035,Manufacturing database management and knowledge based expert systems,53.33,40,0
210,1229,9783540649502,Database and expert systems applications,51.35,35,1
1,1230,9781556156588,Programmer's reference,43.45,40,1
2,1231,9789635923038,Database '83,45.43,45,1
101,1232,9781599049274,"Research Issues in Systems Analysis and Design, Databases and Software Development (Advances in Database Research Series) (Advances in Database Research Series)",47.4,10,1
201,1232,9781599049274,"Research Issues in Systems Analysis and Design, Databases and Software Development (Advances in Database Research Series) (Advances in Database Research Series)",51.19,20,0
102,1233,9781402076176,Content-based video retrieval,49.38,15,1
103,1234,9780471530589,The new marketing research systems,51.35,20,1
201,1235,9780080503738,Database Design for Smarties,43.45,25,1
202,1236,9781558606975,Managing Reference Data in Enterprise Databases,45.43,30,1
205,1236,9781558606975,Managing Reference Data in Enterprise Databases,49.06,40,0
203,1237,9789810206031,"Databases in the 1990s, 2",47.4,35,1
204,1238,9780750684552,Embedded Systems Middleware,49.38,40,1
205,1239,9781349283330,Criminal Records,51.35,45,1
206,1240,9780230007673,Criminal Records,43.45,10,1
209,1240,9780230007673,Criminal Records,46.93,20,0
207,1241,9783540637547,From databases to hypermedia,45.43,15,1
208,1242,9780132000970,Design of database structures,47.4,20,1
209,1243,9781591403876,Spatial Databases,49.38,25,1
210,1244,9781558603967,"The Object database standard, ODMG-93",51.35,30,1
101,1244,9781558603967,"The Object database standard, ODMG-93",55.46,40,0
1,1245,9780262660709,Knowledge discovery in databases,43.45,35,1
2,1246,9780471570653,Intelligent database tools & applications,45.43,40,1
101,1247,9780201515039,Information Systems and Spreadsheet and Database Cases for Information,47.4,45,1
102,1248,9780849399046,Ivnthermo,49.38,10,1
202,1248,9780849399046,Ivnthermo,53.33,20,0
103,1249,9781520379555,Interview Questions and Concept of DBMS Database Management System,51.35,15,1
201,1250,9780471659259,"Wie Fundamentals of Database Management Systems, I Nternational Edition",43.45,20,1
202,1251,9780070614741,Records and database management,45.43,25,1
203,1252,9781976290299,Document Store Database Management Systems Complete Self-Assessment Guide,47.4,30,1
206,1252,9781976290299,Document Store Database Management Systems Complete Self-Assessment Guide,51.19,40,0
204,1253,9789185297023,Maintaining data consistency in embedded databases for vehicular systems,49.38,35,1
205,1254,9780738489162,Using the IBM system storage N series with databases,51.35,40,1
206,1255,9781423544555,Methodology for Integrating the Scenario Databases of Simulation Systems,43.45,45,1
207,1256,9780899705491,Ama Fellowship and Residency Electronic Interactive Database Access System,45.43,10,1
210,1256,9780899705491,Ama Fellowship and Residency Electronic Interactive Database Access System,49.06,20,0
208,1257,9780899705507,Ama Fellowship and Residency Electronic Interactive Database Access System,47.4,15,1
209,1258,9789051700848,Towards an effective use of relational database management systems,49.38,20,1
210,1259,9780071578011,Electronic Image Management Systems (Shaku Atre Database Communications Series),51.35,25,1
1,1260,9780029499306,Customer Information Control System (Macmillan Database / Data Communications Series),43.45,30,1
102,1260,9780029499306,Customer Information Control System (Macmillan Database / Data Communications Series),46.93,40,0
2,1261,9781508175520,Becoming a Database Administrator,45.43,35,1
101,1262,9783540201113,Databases in networked information systems,47.4,40,1
102,1263,9780387823010,Database and expert systems applications,49.38,45,1
103,1264,9783540300755,Database and Expert Systems Applications,51.35,10,1
203,1264,9783540300755,Database and Expert Systems Applications,55.46,20,0
201,1265,9783540408062,Database and expert systems applications,43.45,15,1
202,1266,9783540603030,Database and expert systems applications,45.43,20,1
203,1267,9781586031763,"Transactional Process Management over Component Systems (Dissertations in Database and Information Systems, 73)",47.4,25,1
204,1268,9780412399701,Hypermedia/Hypertext and Object-Oriented Databases,49.38,30,1
207,1268,9780412399701,Hypermedia/Hypertext and Object-Oriented Databases,53.33,40,0
205,1269,9783030302771,New Trends in Databases and Information Systems,51.35,35,1
206,1270,9780538656467,QwizEd Series: The Software Learning System,43.45,40,1
207,1271,9780769537634,DEXA 2009,45.43,45,1
208,1272,9780072258622,OCP Oracle Database 10g,47.4,10,1
1,1272,9780072258622,OCP Oracle Database 10g,51.19,20,0
209,1273,9780080506159,Exploratory image databases,49.38,15,1
210,1274,9780139334412,Unix System Administration Handbook,51.35,20,1
1,1275,9783540230564,Database and expert systems applications,43.45,25,1
2,1276,9783030576714,Databases and Information Systems,45.43,30,1
103,1276,9783030576714,Databases and Information Systems,49.06,40,0
101,1277,9783540664857,Advances in databases and information systems,47.4,35,1
102,1278,9783540616566,Database and expert systems applications,49.38,40,1
103,1279,9780076069453,Powerplants database,51.35,45,1
201,1280,9789290482956,"Directory of United Nations Databases and Information Systems, 1985 (Directory of United Nations Databases and Information Services)",43.45,10,1
204,1280,9789290482956,"Directory of United Nations Databases and Information Systems, 1985 (Directory of United Nations Databases and Information Services)",46.93,20,0
202,1281,9781558607538,Database tuning,45.43,15,1
203,1282,9781586031312,"Definition of Behavior in Object-Oriented Databases by View Integration (Dissertations in Database and Information Systems, 53)",47.4,20,1
204,1283,9788120351516,Oracle Database 12c Hands-On SQL and PL/SQL,49.38,25,1
205,1284,9780003831023,Filing systems and databases for the Amstrad CPC464,51.35,30,1
208,1284,9780003831023,Filing systems and databases for the Amstrad CPC464,55.46,40,0
206,1285,9780137717910,Relational Database Design,43.45,35,1
207,1286,9783642058998,"Databases, Information Systems, and Peer-to-Peer Computing",45.43,40,1
208,1287,9783319228518,Database and expert systems applications,47.4,45,1
209,1288,9783540200475,Advances in databases and information systems,49.38,10,1
2,1288,9783540200475,Advances in databases and information systems,53.33,20,0
210,1289,9783540253617,Databases in Networked Information Systems,51.35,15,1
1,1290,9780387275444,Nearest neighbor search,43.45,20,1
2,1291,9781586031343,"Metadata-Based Middleware for Integrating Information Systems (Dissertations in Database and Information Systems, 62)",45.43,25,1
101,1292,9781461557234,Foundations of Knowledge Systems,47.4,30,1
201,1292,9781461557234,Foundations of Knowledge Systems,51.19,40,0
102,1293,9780894332081,Decision support systems,49.38,35,1
103,1294,9780792382126,Foundations of knowledge systems,51.35,40,1
201,1295,9780538113373,Wall Street Office Systems,43.45,45,1
202,1296,9780894332258,Decision support systems,45.43,10,1
205,1296,9780894332258,Decision support systems,49.06,20,0
203,1297,9780201708721,Databases and transaction processing,47.4,15,1
204,1298,9781475783391,Information storage and retrieval systems,49.38,20,1
205,1299,9780945098003,View creation,51.35,25,1
206,1300,9780113308767,Database and Physical Process Design (Business Systems Development with SSADM),43.45,30,1
209,1300,9780113308767,Database and Physical Process Design (Business Systems Development with SSADM),46.93,40,0
207,1301,9780768001525,Its,45.43,35,1
208,1302,9781379273714,Framework and Comparative Study of Distributed Hetereogeneous Database Management Systems,47.4,40,1
209,1303,9781792656804,Interface Between Astrophysical Datasets and Distributed Database Management Systems (David),49.38,45,1
210,1304,9781283979672,"Innovations in Database Design, Web Applications, and Information Systems Management",51.35,10,1
101,1304,9781283979672,"Innovations in Database Design, Web Applications, and Information Systems Management",55.46,20,0
1,1305,9780769506807,11th International Workshop on Database and Expert Systems Applications,43.45,15,1
2,1306,9781461542612,"Systems Development Methods for Databases, Enterprise Modeling, and Workflow Management",45.43,20,1
101,1307,9780796917676,Database information and referral system for health and welfare resources,47.4,25,1
102,1308,9781586031497,"Distributed Interactive Media (Dissertations in Database and Information Systems, 71)",49.38,30,1
202,1308,9781586031497,"Distributed Interactive Media (Dissertations in Database and Information Systems, 71)",53.33,40,0
103,1309,9780899705514,Ama Fellowship and Residency Electronic Interactive Database Access System MacIntosh,51.35,35,1
201,1310,9783642152504,Database and expert systems applications,43.45,40,1
202,1311,9783642120374,Databases in networked information systems,45.43,45,1
203,1312,9780471571629,Using Litigation Databases,47.4,10,1
206,1312,9780471571629,Using Litigation Databases,51.19,20,0
204,1313,9780071596435,Oracle Database 10g Performance Tuning Tips & Techniques,49.38,15,1
205,1314,9780137000494,Oracle performance survival guide,51.35,20,1
206,1315,9780471355496,Database Application Programming With Linux,43.45,25,1
207,1316,9780134541747,Implementing Practical Database Manager Applications,45.43,30,1
210,1316,9780134541747,Implementing Practical Database Manager Applications,49.06,40,0
208,1317,9788126506934,Expert one-on-one Visual BASIC 2005 database programming,47.4,35,1
209,1318,9781430262114,Protecting Oracle Database 12c,49.38,40,1
210,1319,9783540425557,Advances in databases and information systems,51.35,45,1
1,1320,9780429531576,Big Data Systems,43.45,10,1
102,1320,9780429531576,Big Data Systems,46.93,20,0
2,1321,9780071799355,Oracle Database 12c SQL,45.43,15,1
101,1322,9780137089178,Principles of data-base management,47.4,20,1
102,1323,9780133570236,Virtualizing Oracle databases on vSphere,49.38,25,1
103,1324,9780792308867,Databases for cardiology,51.35,30,1
203,1324,9780792308867,Databases for cardiology,55.46,40,0
201,1325,9780963530424,ETE database manual,43.45,35,1
202,1326,9780835912181,Data Base and Data Communications Systems,45.43,40,1
203,1327,9780851422480,"Online business and company databases, 1989",47.4,45,1
204,1328,9783540332893,Flexible databases supporting imprecision and uncertainty,49.38,10,1
207,1328,9783540332893,Flexible databases supporting imprecision and uncertainty,53.33,20,0
205,1329,9780080530284,"Database and Data Communication Network Systems, Three-Volume Set Vol. 1",51.35,15,1
206,1330,9783540649243,Advances in databases and information systems,43.45,20,1
207,1331,9783642326004,Database and Expert Systems Applications,45.43,25,1
208,1332,9783540744672,Database and expert systems applications,47.4,30,1
1,1332,9783540744672,Database and expert systems applications,51.19,40,0
209,1333,9781461314172,Time-Constrained Transaction Management,49.38,35,1
210,1334,9780130463616,"DB2 Universal Database v8.1 for Linux, UNIX, and Windows database administration certification guide",51.35,40,1
1,1335,9781977075383,Identification and Classification Numbering System,43.45,45,1
2,1336,9783642409936,Machine Learning and Knowledge Discovery in Databases,45.43,10,1
103,1336,9783642409936,Machine Learning and Knowledge Discovery in Databases,49.06,20,0
101,1337,9780538656429,QwizEd Series: The Software Learning System,47.4,15,1
102,1338,9780538656412,QwizEd Series: The Software Learning System,49.38,20,1
103,1339,9781424601325,Oracle Database 10g,51.35,25,1
201,1340,9780273602897,Database decisions,43.45,30,1
204,1340,9780273602897,Database decisions,46.93,40,0
202,1341,9780387171647,Database Machines,45.43,35,1
203,1342,9781883884123,DB2/400: The New AS/400 Database,47.4,40,1
204,1343,9789118972010,Databaser,49.38,45,1
205,1344,9780071829236,OCA Oracle Database 12c,51.35,10,1
208,1344,9780071829236,OCA Oracle Database 12c,55.46,20,0
206,1345,9789516494206,An expert system for microcomputers to aid selection of online databases,43.45,15,1
207,1346,9780471447627,System Analysis Design 2E with Oracle 9i Database Set,45.43,20,1
208,1347,9781423511045,Role-Based Access Control for Loosely Coupled Distributed Database Management Systems,47.4,25,1
209,1348,9781484220122,Pro Visual Studio Team System with Team Edition for Database Professionals,49.38,30,1
2,1348,9781484220122,Pro Visual Studio Team System with Team Edition for Database Professionals,53.33,40,0
210,1349,9781378279908,Simulating Distributed Database Operating Systems and Evaluating Concurrency Control Protocol Performance,51.35,35,1
1,1350,9781721298013,High-Resolution Spectroscopic Database for the NASA Earth Observing System Program,43.45,40,1
2,1351,9781721640324,High-Resolution Spectroscopic Database for the NASA Earth Observing System Program,45.43,45,1
101,1352,9781720571025,High Resolution Spectroscopic Database for the NASA Earth Observing System Program,47.4,10,1
201,1352,9781720571025,High Resolution Spectroscopic Database for the NASA Earth Observing System Program,51.19,20,0
102,1353,9781495241031,Cooperative Intersection Collision Avoidance System for Violations (CICAS-V) - Database Structure,49.38,15,1
103,1354,9780835944380,Managing Information With Microcomputers: Featuring R:Base Series Database Management Systems,51.35,20,1
201,1355,9781605661728,"Advanced principles for improving database design, systems modeling and software development",43.45,25,1
202,1356,9783540141778,CD-Select,45.43,30,1
205,1356,9783540141778,CD-Select,49.06,40,0
203,1357,9780769516691,"Database and Expert Systems Applications (Dexa 2002), 13th International Workshop",47.4,35,1
204,1358,9783540302049,Advances in Databases and Information Systems,49.38,40,1
205,1359,9783540755111,Databases in networked information systems,51.35,45,1
206,1360,9783319231358,Advances in Databases and Information Systems,43.45,10,1
209,1360,9783319231358,Advances in Databases and Information Systems,46.93,20,0
207,1361,9783031683015,Database and Expert Systems Applications - DEXA 2024 Workshops,45.43,15,1
208,1362,9783642330742,Advances in Databases and Information Systems,47.4,20,1
209,1363,9783642230882,Database and Expert Systems Applications,49.38,25,1
210,1364,9783642230912,Database and Expert Systems Applications,51.35,30,1
101,1364,9783642230912,Database and Expert Systems Applications,55.46,40,0
1,1365,9783642035722,Database and expert systems applications,43.45,35,1
2,1366,9783540572343,Database and expert systems applications,45.43,40,1
101,1367,9780713136883,Data analysis for data base design,47.4,45,1
102,1368,9781475764116,Research Advances in Database and Information Systems Security,49.38,10,1
202,1368,9781475764116,Research Advances in Database and Information Systems Security,53.33,20,0
103,1369,9783319432304,Economics of Database-Assisted Spectrum Sharing,51.35,15,1
201,1370,9781558602649,Strategic database technology,43.45,20,1
202,1371,9780085142307,CD-ROM and online management and marketing databases,45.43,25,1
203,1372,9781586035891,KeyX: Selective Key-Oriented Indexing in Native XML-Databases,47.4,30,1
206,1372,9781586035891,KeyX: Selective Key-Oriented Indexing in Native XML-Databases,51.19,40,0
204,1373,9781590599532,Pro visual studio team system,49.38,35,1
205,1374,9781461249801,On Knowledge Base Management Systems,51.35,40,1
206,1375,9780444703972,Statistical data bank systems,43.45,45,1
207,1376,9783319232010,New Trends in Databases and Information Systems,45.43,10,1
210,1376,9783319232010,New Trends in Databases and Information Systems,49.06,20,0
208,1377,9780387584355,"Database and Expert Systems Applications: 5th International Conference, Dexa '94, Athens, Greece, September 7-9, 1994",47.4,15,1
209,1378,9781613501269,Intelligent multimedia databases and information retrieval,49.38,20,1
210,1379,9781449343033,Oracle Essentials: Oracle Database 12c,51.35,25,1
1,1380,9780071798785,Oracle Database 12c Dba Handbook,43.45,30,1
102,1380,9780071798785,Oracle Database 12c Dba Handbook,46.93,40,0
2,1381,9780697107015,Data base management systems,45.43,35,1
101,1382,9780853126393,Communicating with databases in natural language,47.4,40,1
102,1383,9783540541417,Next generation information system technology,49.38,45,1
103,1384,9780126853520,Database modeling & design,51.35,10,1
203,1384,9780126853520,Database modeling & design,55.46,20,0
201,1385,9780769524245,"Sixteenth International Workshop on Database and Expert Systems Applications, 22-26 August 2005, Copenhagen, Denmark",43.45,15,1
202,1386,9789251057407,African water resource database,45.43,20,1
203,1387,9781424403455,2006 Seventh International Baltic Conference on Databases and Information Systems,47.4,25,1
204,1388,9798848906295,Database Management System Quick Study Guide and Workbook,49.38,30,1
207,1388,9798848906295,Database Management System Quick Study Guide and Workbook,53.33,40,0
205,1389,9798711809241,Database Management System,51.35,35,1
206,1390,9783642155758,Advances in databases and information systems,43.45,40,1
207,1391,9780769502830,Tenth International Workshop on Database and Expert Systems Applications,45.43,45,1
208,1392,9780906889039,Which database?,47.4,10,1
1,1392,9780906889039,Which database?,51.19,20,0
209,1393,9780792378181,Continuous media databases,49.38,15,1
210,1394,9789201032973,INIS--database manual,51.35,20,1
1,1395,9789813083530,"Data mining, data warehousing & client/server databases",43.45,25,1
2,1396,9780946663040,Law databases,45.43,30,1
103,1396,9780946663040,Law databases,49.06,40,0
101,1397,9780853129417,Computer-supported spectroscopic databases,47.4,35,1
102,1398,9781484211120,Oracle RMAN Database Duplication,49.38,40,1
103,1399,9781558603127,Multimedia and Imaging Databases,51.35,45,1
201,1400,9789051837292,Text databases,43.45,10,1
204,1400,9789051837292,Text databases,46.93,20,0
202,1401,9781590599105,Oracle database 11g,45.43,15,1
203,1402,9781430229711,Pro Oracle database 11g administration,47.4,20,1
204,1403,9780897911054,Databases for business and office applications,49.38,25,1
205,1404,9781489998071,Semantic web services for web databases,51.35,30,1
208,1404,9781489998071,Semantic web services for web databases,55.46,40,0
206,1405,9781725603882,Pan Air Geometry Management System,43.45,35,1
207,1406,9780851422879,Online engineering databases 1992,45.43,40,1
208,1407,9780444010131,Systems software,47.4,45,1
209,1408,9783642412219,Transactions on Large-Scale Data- and Knowledge-Centered Systems X,49.38,10,1
2,1408,9783642412219,Transactions on Large-Scale Data- and Knowledge-Centered Systems X,53.33,20,0
210,1409,9783662492130,Transactions on Large-Scale Data- and Knowledge-Centered Systems XXIV,51.35,15,1
1,1410,9783662464854,Transactions on Large-Scale Data- and Knowledge-Centered Systems XVIII,43.45,20,1
2,1411,9783631570302,School information systems and data-based decision-making,45.43,25,1
101,1412,9780615909769,The Best Boring Book Ever of Select Healthcare Classification Systems and Databases,47.4,30,1
201,1412,9780615909769,The Best Boring Book Ever of Select Healthcare Classification Systems and Databases,51.19,40,0
102,1413,9798450680385,Microsoft Access,49.38,35,1
103,1414,9781724141583,Computer-Aided Systems Engineering for Flight Research Projects Using a Workgroup Database,51.35,40,1
201,1415,9781558601598,The Benchmark handbook,43.45,45,1
202,1416,9780917253416,"The trader's and investor's guide to commodity trading systems, software, and databases",45.43,10,1
205,1416,9780917253416,"The trader's and investor's guide to commodity trading systems, software, and databases",49.06,20,0
203,1417,9780471567905,Third Wave Processing,47.4,15,1
204,1418,9781423571230,"Cross Model Access in the Multi-Lingual, Multi-Model Database Management System",49.38,20,1
205,1419,9781423546344,Extensible Multi-Agent System for Heterogeneous Database Association Rule Mining and Unification,51.35,25,1
206,1420,9780818681479,8th International Wokshop on Database and Expert Systems Applications (Dexa'97,43.45,30,1
209,1420,9780818681479,8th International Wokshop on Database and Expert Systems Applications (Dexa'97,46.93,40,0
207,1421,9781850322559,"The Relational Database (Tutorial Guides in Computing and Information Systems, No 5)",45.43,35,1
208,1422,9783662651698,Data Warehouse Systems,47.4,40,1
209,1423,9783540232438,Advances in databases and information systems,49.38,45,1
210,1424,9781586037154,Databases and information systems IV,51.35,10,1
101,1424,9781586037154,Databases and information systems IV,55.46,20,0
1,1425,9783540285663,Database and Expert Systems Applications,43.45,15,1
2,1426,9783032020024,Database and Expert Systems Applications - DEXA 2025 Workshops,45.43,20,1
101,1427,9780387543321,Molecular databases for protein sequences and structure studies,47.4,25,1
102,1428,9780138892135,Implementing SAP R/3,49.38,30,1
202,1428,9780138892135,Implementing SAP R/3,53.33,40,0
103,1429,9781608451968,Keyword search in databases,51.35,35,1
201,1430,9781118763254,Oca Oracle Database 12c Administrator Certified Associate Study Guide,43.45,40,1
202,1431,9789401596374,Databases and Information Systems,45.43,45,1
203,1432,9783540574835,Von CA bis CAS Online,47.4,10,1
206,1432,9783540574835,Von CA bis CAS Online,51.19,20,0
204,1433,9781461373551,Database Support for Workflow Management,49.38,15,1
205,1434,9780712330978,Designing & marketing databases,51.35,20,1
206,1435,9780942308228,Guide to database distribution,43.45,25,1
207,1436,9780130869869,DB2 universal database in the Solaris operating environment,45.43,30,1
210,1436,9780130869869,DB2 universal database in the Solaris operating environment,49.06,40,0
208,1437,9780914236979,Computer-readable databases,47.4,35,1
209,1438,9781461474760,Database of Piano Chords,49.38,40,1
210,1439,9783540751847,Advances in databases and information systems,51.35,45,1
1,1440,9780769516684,13th International Workshop on Database and Expert Systems Applications,43.45,10,1
102,1440,9780769516684,13th International Workshop on Database and Expert Systems Applications,46.93,20,0
2,1441,9783031396885,Database and Expert Systems Applications - DEXA 2023 Workshops,45.43,15,1
101,1442,9783031143427,Database and Expert Systems Applications - DEXA 2022 Workshops,47.4,20,1
102,1443,9783540669319,Integrated spatial databases,49.38,25,1
103,1444,9781851666775,Spatial database transfer standards,51.35,30,1
203,1444,9781851666775,Spatial database transfer standards,55.46,40,0
201,1445,9783540716600,"Databases, information systems, and peer-to-peer computing",43.45,35,1
202,1446,9781430206286,Beginning Oracle Database 11g administration,45.43,40,1
203,1447,9780071502283,Oracle Database 10g PL/SQL Programming,47.4,45,1
204,1448,9780444429247,"Gas Phase Chemical Physics Database, Part II",49.38,10,1
207,1448,9780444429247,"Gas Phase Chemical Physics Database, Part II",53.33,20,0
205,1449,9780939920037,Business & management,51.35,15,1
206,1450,9780471296904,Choosing a database for your Web site,43.45,20,1
207,1451,9781558604940,The Jasmine object database,45.43,25,1
208,1452,9780976157328,Super SQL server systems,47.4,30,1
1,1452,9780976157328,Super SQL server systems,51.19,40,0
209,1453,9783540146322,Bris: The Bird Remains Identification System,49.38,35,1
210,1454,9781586031329,"Control Mechanisms in Distributed Object Bases (Dissertations in Database and Information Systems, 54)",51.35,40,1
1,1455,9780738439389,Experiences with Oracle Database 12c Release 1 on Linux on System z,43.45,45,1
2,1456,9781722331245,Knowledge Management,45.43,10,1
103,1456,9781722331245,Knowledge Management,49.06,20,0
101,1457,9780387235684,Semistructured Database Design (Web Information Systems Engineering and Internet Technologies Book Series 1),47.4,15,1
102,1458,9781931332019,BCM SmartPLAN,49.38,20,1
103,1459,9789994336838,Computerized Data-Based Systems and Productivity Among Professional Workers,51.35,25,1
201,1460,9780317426175,"The Db Vista , A Database Management System for C Language Applications Software Development",43.45,30,1
204,1460,9780317426175,"The Db Vista , A Database Management System for C Language Applications Software Development",46.93,40,0
202,1461,9782212112818,Bases de données,45.43,35,1
203,1462,9780429876608,Digital Manufacturing and Assembly Systems in Industry 4. 0,47.4,40,1
204,1463,9780201416473,Relational database management with Oracle,49.38,45,1
205,1464,9781461314455,Searching Multimedia Databases by Content,51.35,10,1
208,1464,9781461314455,Searching Multimedia Databases by Content,55.46,20,0
206,1465,9780824044053,Predicate-oriented database search algorithms,43.45,15,1
207,1466,9780764546419,Linux database bible,45.43,20,1
208,1467,9780070559110,Automated Mainframe Management,47.4,25,1
209,1468,9781430244295,Expert Consolidation In Oracle Database 12c,49.38,30,1
2,1468,9781430244295,Expert Consolidation In Oracle Database 12c,53.33,40,0
210,1469,9780672310782,Teach yourself Oracle 8 database development in 21 days,51.35,35,1
1,1470,9780851423005,CD-Rom and Online Business Statistical Databases,43.45,40,1
2,1471,9781846283949,Inside relational databases with examples in Access,45.43,45,1
101,1472,9781591403883,Spatial Databases,47.4,10,1
201,1472,9781591403883,Spatial Databases,51.19,20,0
102,1473,9781402030376,Knowledge Discovery from Legal Databases,49.38,15,1
103,1474,9780538109208,Database development,51.35,20,1
201,1475,9780851422985,CD-ROM and online law databases,43.45,25,1
202,1476,9780789725691,Absolute Beginner's Guide to Databases,45.43,30,1
205,1476,9780789725691,Absolute Beginner's Guide to Databases,49.06,40,0
203,1477,9780818608186,Database Engineering,47.4,35,1
204,1478,9780824072872,Inc. magazine's databasics,49.38,40,1
205,1479,9780818619328,Database Engineering,51.35,45,1
206,1480,9780946663026,"Medical databases, July 1983",43.45,10,1
209,1480,9780946663026,"Medical databases, July 1983",46.93,20,0
207,1481,9780893912475,Numeric databases,45.43,15,1
208,1482,9780072263176,Oracle Database 10g RMAN backup & recovery,47.4,20,1
209,1483,9783030394684,Databases Theory and Applications,49.38,25,1
210,1484,9789287121660,Interdisciplinary research in legal databases : environmental law databases,51.35,30,1
101,1484,9789287121660,Interdisciplinary research in legal databases : environmental law databases,55.46,40,0
1,1485,9781857759723,Healthcare Databases,43.45,35,1
2,1486,9789810228934,Fuzzy and uncertain object-oriented databases,45.43,40,1
101,1487,9780769502816,"Tenth International Workshop on Database and Expert Systems Applications: September 1-3, 1999 Florence, Italy",47.4,45,1
102,1488,9783030871000,Database and Expert Systems Applications - DEXA 2021 Workshops,49.38,10,1
202,1488,9783030871000,Database and Expert Systems Applications - DEXA 2021 Workshops,53.33,20,0
103,1489,9783540441380,Advances in databases and information systems,51.35,15,1
201,1490,9783540252337,"Databases, information systems, and peer-to-peer computing",43.45,20,1
202,1491,9783540209683,"Databases, information systems, and peer-to-peer computing",45.43,25,1
203,1492,9798535886855,Textbook of Database Management System,47.4,30,1
206,1492,9798535886855,Textbook of Database Management System,51.19,40,0
204,1493,9783540378990,Advances in databases and information systems,49.38,35,1
205,1494,9781558602922,The Benchmark Handbook,51.35,40,1
206,1495,9781418836290,Oracle 10g,43.45,45,1
207,1496,9781430271963,Beginning Oracle SQL,45.43,10,1
210,1496,9781430271963,Beginning Oracle SQL,49.06,20,0
208,1497,9780792372196,Perceptual metrics for image database navigation,47.4,15,1
209,1498,9783642375101,Advances in Probabilistic Databases for Uncertain Information Management,49.38,20,1
210,1499,9781430228219,Pro ODP .NET for Oracle Database 11g,51.35,25,1
1,1500,9780872874046,Legal databases online,43.45,30,1
102,1500,9780872874046,Legal databases online,46.93,40,0
2,1501,9780521311236,Database design,45.43,35,1
101,1502,9780078811821,Oracle DBA handbook,47.4,40,1
102,1503,9781558609198,Database modeling with Microsoft Visio for Enterprise Architects,49.38,45,1
103,1504,9780444429209,"Gas Phase Chemical Physics Database, Part III",51.35,10,1
203,1504,9780444429209,"Gas Phase Chemical Physics Database, Part III",55.46,20,0
201,1505,9781882364343,"The National Directory of Integrated Healthcare Delivery Systems, Second Edition (Database on CD-ROM)",43.45,15,1
202,1506,9780803118768,Computerized chemical data standards,45.43,20,1
203,1507,9781521358993,2017 the 50 Fastest-Growing Jobs in the United States-Database and Systems Administrators,47.4,25,1
204,1508,9780123820211,Database Modeling and Design: Logical Design (The Morgan Kaufmann Series in Data Management Systems),49.38,30,1
207,1508,9780123820211,Database Modeling and Design: Logical Design (The Morgan Kaufmann Series in Data Management Systems),53.33,40,0
205,1509,9781896104706,"National Physician Database: National grouping system categories report, Canada, 1996/97 to 1998/99",51.35,35,1
206,1510,9783540145998,Chemreact41,43.45,40,1
207,1511,9780024066930,R. Base Systems V (Students Software for Casebook for Database Processing/Code 13-4886),45.43,45,1
208,1512,9781586031770,"Similarity Search in High-Dimensional Vector Spaces (Dissertations in Database and Information Systems, 74)",47.4,10,1
1,1512,9781586031770,"Similarity Search in High-Dimensional Vector Spaces (Dissertations in Database and Information Systems, 74)",51.19,20,0
209,1513,9783540318385,"Databases, Information Systems, and Peer-To-Peer Computing",49.38,15,1
210,1514,9789251040782,The soil and terrain database for northeastern Africa,51.35,20,1
1,1515,9780913196625,Plant Names In Botanical Databases (Plant taxonomic database standards),43.45,25,1
2,1516,9780914993070,R&D database handbook,45.43,30,1
103,1516,9780914993070,R&D database handbook,49.06,40,0
101,1517,9783662448441,Machine Learning and Knowledge Discovery in Databases,47.4,35,1
102,1518,9781430203957,Beginning VB 2005 Databases,49.38,40,1
103,1519,9780130311887,Intelligent multimedia databases,51.35,45,1
201,1520,9780471577744,Introduction to client/server systems,43.45,10,1
204,1520,9780471577744,Introduction to client/server systems,46.93,20,0
202,1521,9781466617919,Methods and innovations for multimedia database content management,45.43,15,1
203,1522,9780072230536,Oracle Database 10g Linux Administration,47.4,20,1
204,1523,9783540677437,Advances in databases,49.38,25,1
205,1524,9781423529101,Using a Distributed Object-Oriented Database Management System in Support of a High-Speed Network Intrusion Detection System Data Repository,51.35,30,1
208,1524,9781423529101,Using a Distributed Object-Oriented Database Management System in Support of a High-Speed Network Intrusion Detection System Data Repository,55.46,40,0
206,1525,9781878487445,Online Systems for Physicians and Medical Professionals,43.45,35,1
207,1526,9781622753741,How Do I Use a Database?,45.43,40,1
208,1527,9783319122915,Transaction Processing,47.4,45,1
209,1528,9789810233273,Image databases and multi-media search,49.38,10,1
2,1528,9789810233273,Image databases and multi-media search,53.33,20,0
210,1529,9783540439059,Advances in databases,51.35,15,1
1,1530,9798731581516,"Infusionsoft Guide : Bring the Whole Database, Marketing and Website Together in One Cohesive System",43.45,20,1
2,1531,9783540754749,Ontologies-Based Databases and Information Systems,45.43,25,1
101,1532,9780203009338,Distributed multimedia database technologies,47.4,30,1
201,1532,9780203009338,Distributed multimedia database technologies,51.19,40,0
102,1533,9781378999943,"INFOPLEX, research in a high-performance database computer",49.38,35,1
103,1534,9783031429347,Flexible query answering systems,51.35,40,1
201,1535,9781000078022,Multiagent Systems,43.45,45,1
202,1536,9780818665509,Emerging Trends in Database and Knowledge-Base Machines,45.43,10,1
205,1536,9780818665509,Emerging Trends in Database and Knowledge-Base Machines,49.06,20,0
203,1537,9788185542447,Database for planning and monitoring of basic minimum services,47.4,15,1
204,1538,9780471919698,Maintaining information systems inorganizations,49.38,20,1
205,1539,9781138033795,Knowledge and systems science,51.35,25,1
206,1540,9780810305304,Online Bibliographic Databases,43.45,30,1
209,1540,9780810305304,Online Bibliographic Databases,46.93,40,0
207,1541,9780444886453,Artificial intelligence in databases and information systems (DS-3),45.43,35,1
208,1542,9780669117981,World weapon database,47.4,40,1
209,1543,9780850122268,Distributed database technology,49.38,45,1
210,1544,9780262631075,Advanced Database Techniques,51.35,10,1
101,1544,9780262631075,Advanced Database Techniques,55.46,20,0
1,1545,9780071827447,Oracle Database Appliance,43.45,15,1
2,1546,9783642552717,A Course in In-Memory Data Management,45.43,20,1
101,1547,9780810320802,Online Bibliographic Databases,47.4,25,1
102,1548,9781461555537,Medical Image Databases,49.38,30,1
202,1548,9781461555537,Medical Image Databases,53.33,40,0
103,1549,9780120530403,Databases in Systematics (SYSTEMATICS ASSOCIATION SPECIAL VOLUME),51.35,35,1
201,1550,9780134792279,Modern Database Management,43.45,40,1
202,1551,9781558284913,The Linux database,45.43,45,1
203,1552,9781571690708,Web database primer plus,47.4,10,1
206,1552,9781571690708,Web database primer plus,51.19,20,0
204,1553,9789077232057,Database en textbase,49.38,15,1
205,1554,9780851422732,Law Databases 1991,51.35,20,1
206,1555,9781461554790,Intelligent Image Databases,43.45,25,1
207,1556,9780130321237,Oracle Database Administration,45.43,30,1
210,1556,9780130321237,Oracle Database Administration,49.06,40,0
208,1557,9780851422282,"Law databases, 1988",47.4,35,1
209,1558,9789985597897,Databases and information systems,49.38,40,1
210,1559,9780717142644,Essential computer applications,51.35,45,1
1,1560,9780071496612,Oracle database 11g,43.45,10,1
102,1560,9780071496612,Oracle database 11g,46.93,20,0
2,1561,9780782143720,Oracle database foundations,45.43,15,1
101,1562,9780865874091,EPA database book,47.4,20,1
102,1563,9783642060700,Spatio-Temporal Databases,49.38,25,1
103,1564,9780764532542,Visual Basic 6 database programming,51.35,30,1
203,1564,9780764532542,Visual Basic 6 database programming,55.46,40,0
201,1565,9780072195439,OCP Oracle9i database,43.45,35,1
202,1566,9780792397526,Time-constrained transaction management,45.43,40,1
203,1567,9781976078651,Advanced Microsoft Access,47.4,45,1
204,1568,9780916937003,Managing information with microcomputers,49.38,10,1
207,1568,9780916937003,Managing information with microcomputers,53.33,20,0
205,1569,9781423581819,Design and Implementation of a NATOPS Qualification Database Management System for Naval Aviation Safety Officers,51.35,15,1
206,1570,9781586031336,"Processing Relational Queries Using a Multidimentional Acces Technique (Dissertations in Database and Information Systems, 59)",43.45,20,1
207,1571,9783540285854,Advances in Databases and Information Systems (vol. # 3631),45.43,25,1
208,1572,9781729013380,Basic Tools Every Oracle DBA Must Know : Foundation for Database Administrators,47.4,30,1
1,1572,9781729013380,Basic Tools Every Oracle DBA Must Know : Foundation for Database Administrators,51.19,40,0
209,1573,9781612332888,Business database technology,49.38,35,1
210,1574,9781729091289,Expert System Shell for Inferring Vegetation Characteristics,51.35,40,1
1,1575,9781722069377,Expert System Shell for Inferring Vegetation Characteristics,43.45,45,1
2,1576,9780471859772,"Wilmer, Cutler & Pickering manual on litigation support databases",45.43,10,1
103,1576,9780471859772,"Wilmer, Cutler & Pickering manual on litigation support databases",49.06,20,0
101,1577,9780131442566,"Database Application Development with Java, Oracle, My SQL, Access",47.4,15,1
102,1578,9781118183496,Enterprise Android Programming Android Database Applications For The Enterprise,49.38,20,1
103,1579,9789282688564,The European Health and Safety Database (HASTE),51.35,25,1
201,1580,9781590595244,Pro Oracle database 10g RAC on Linux,43.45,30,1
204,1580,9781590595244,Pro Oracle database 10g RAC on Linux,46.93,40,0
202,1581,9781599044002,Cases on database technologies and applications,45.43,35,1
203,1582,9780071835145,Oracle Database 12c PL/SQL Advanced Programming Techniques,47.4,40,1
204,1583,9783642768118,Molecular Databases for Protein Sequences and Structure Studies,49.38,45,1
205,1584,9781894613149,Advances in database and expert systems,51.35,10,1
208,1584,9781894613149,Advances in database and expert systems,55.46,20,0
206,1585,9783540269731,Database,43.45,15,1
207,1586,9781402073519,Semantic Issues in e-Commerce Systems,45.43,20,1
208,1587,9780080555669,Practical Oracle security,47.4,25,1
209,1588,9780071597098,OCP Oracle database 11g,49.38,30,1
2,1588,9780071597098,OCP Oracle database 11g,53.33,40,0
210,1589,9781402072659,Semantic issues in e-commerce systems,51.35,35,1
1,1590,9789138504086,Rättslig informationssökning i databaser,43.45,40,1
2,1591,9781259836091,Oracle Database 12c Release 2 Multitenant,45.43,45,1
101,1592,9780838904152,Computer-Readable Database,47.4,10,1
201,1592,9780838904152,Computer-Readable Database,51.19,20,0
102,1593,9780078824067,Oracle8 DBA handbook,49.38,15,1
103,1594,9780673183613,Microcomputers in Business,51.35,20,1
201,1595,9781782171218,Oracle Database 12c Backup and Recovery Survival Guide,43.45,25,1
202,1596,9780387485324,Handbook of database security,45.43,30,1
205,1596,9780387485324,Handbook of database security,49.06,40,0
203,1597,9781583476697,Database Design and SQL for DB2,47.4,35,1
204,1598,9781430261872,Oracle Database 12c Performance Tuning Recipes,49.38,40,1
205,1599,9780792384885,Database security XII,51.35,45,1
206,1600,9780072255409,Oracle Database 10g PL/SQL 101,43.45,10,1
209,1600,9780072255409,Oracle Database 10g PL/SQL 101,46.93,20,0
207,1601,9780792312031,NATO--PCO DATABASE,45.43,15,1
208,1602,9780819424334,Storage and retrieval for image and video databases V,47.4,20,1
209,1603,9781430237358,Expert indexing in Oracle database 11g,49.38,25,1
210,1604,9780071485623,PostgreSQL 8 for Windows (Database Professional's Library),51.35,30,1
101,1604,9780071485623,PostgreSQL 8 for Windows (Database Professional's Library),55.46,40,0
1,1605,9780738417455,Ccf Connectors and Database Connections Using Websphere Advanced Edition Connecting Enterprise Information Systems to the Web,43.45,35,1
2,1606,9798634894799,Practice C# and SQL SERVER with Accounting System : (Beginner to Expert - Full Source Code and Database),45.43,40,1
101,1607,9780201416978,CASE Method,47.4,45,1
102,1608,9781423582366,Calibration and Validation of the Checkpoint Model to the Air Force Electronic Systems Center Software Database,49.38,10,1
202,1608,9781423582366,Calibration and Validation of the Checkpoint Model to the Air Force Electronic Systems Center Software Database,53.33,20,0
103,1609,9780897912938,"Proceedings, International Symposium on Databases in Parallel and Distributed Systems, December 5-7, 1988, Austin, Texas",51.35,15,1
201,1610,9781423583837,Calibration of the Checkpoint Model to the Space and Missile Systems Center (SMC) Software Database (SWDB),43.45,20,1
202,1611,9781546913429,Designing Professional Database Management Systems Using MS Access 2016 and MySQL,45.43,25,1
203,1612,9783662042281,"Time granularities in databases, data mining, and temporal reasoning",47.4,30,1
206,1612,9783662042281,"Time granularities in databases, data mining, and temporal reasoning",51.19,40,0
204,1613,9780444868657,Database management in science and technology,49.38,35,1
205,1614,9780134436319,"Building intelligent databases with Oracle PL/SQL, triggers, and stored procedure",51.35,40,1
206,1615,9780910478502,CINAHL database search guide,43.45,45,1
207,1616,9781565924321,Oracle distributed systems,45.43,10,1
210,1616,9781565924321,Oracle distributed systems,49.06,20,0
208,1617,9780130136701,Managing Oracle Database Environment,47.4,15,1
209,1618,9789814696654,Intelligent Big Multimedia Databases,49.38,20,1
210,1619,9780075577867,Database Design and Management,51.35,25,1
1,1620,9789057820137,Fruit Fly Expert Identification System and Systematic Information Database (MYIA - the International Journal of the American Dipterists' Society),43.45,30,1
102,1620,9789057820137,Fruit Fly Expert Identification System and Systematic Information Database (MYIA - the International Journal of the American Dipterists' Society),46.93,40,0
2,1621,9781461518037,Database Reengineering and Interoperability,45.43,35,1
101,1622,9783540761099,Multimedia databases in perspective,47.4,40,1
102,1623,9780345323781,Bt-D-Base III Usrs Hdbk,49.38,45,1
103,1624,9781583473979,DB2 11 for z/OS Database Administration,51.35,10,1
203,1624,9781583473979,DB2 11 for z/OS Database Administration,55.46,20,0
201,1625,9783598243165,World Databases in Management,43.45,15,1
202,1626,9780130149220,Enterprise Databases on Linux,45.43,20,1
203,1627,9781567502053,Knowledge acquisition from databases,47.4,25,1
204,1628,9780862916138,World databases in medicine,49.38,30,1
207,1628,9780862916138,World databases in medicine,53.33,40,0
205,1629,9781430262664,Practical Oracle Database Appliance,51.35,35,1
206,1630,9780904933697,Learned Information Database Guide,43.45,40,1
207,1631,9780912466095,Nucleic acid sequence database,45.43,45,1
208,1632,9780574186409,Casebook for Database Processing,47.4,10,1
1,1632,9780574186409,Casebook for Database Processing,51.19,20,0
209,1633,9781484222652,Securing SQL Server,49.38,15,1
210,1634,9789814696647,Intelligent big multimedia databases,51.35,20,1
1,1635,9780306452888,Database reengineering and interoperability,43.45,25,1
2,1636,9780471086376,Designing litigation support databases,45.43,30,1
103,1636,9780471086376,Designing litigation support databases,49.06,40,0
101,1637,9780672327919,Oracle database 10g insider solutions,47.4,35,1
102,1638,9781461355243,Information Organization and Databases,49.38,40,1
103,1639,9781430262657,Practical Oracle Database Appliance,51.35,45,1
201,1640,9780792384144,Database support for workflow management,43.45,10,1
204,1640,9780792384144,Database support for workflow management,46.93,20,0
202,1641,9780071780261,Oracle database 11g release 2 performance tuning tips & techniques,45.43,15,1
203,1642,9780071597869,Oca oracle database 11g,47.4,20,1
204,1643,9780805367850,Casebook Database Management (Casebook),49.38,25,1
205,1644,9781558604827,A complete guide to DB2 universal database,51.35,30,1
208,1644,9781558604827,A complete guide to DB2 universal database,55.46,40,0
206,1645,9789291150854,Kathmandu Valley GIS database,43.45,35,1
207,1646,9780841218628,The Beilstein online database,45.43,40,1
208,1647,9781898507185,The midwifery research database,47.4,45,1
209,1648,9780660537344,Canadian machine-readable databases,49.38,10,1
2,1648,9780660537344,Canadian machine-readable databases,53.33,20,0
210,1649,9780203505168,Logical Database Design Principles,51.35,15,1
1,1650,9780123919700,Small scale bibliographic databases,43.45,20,1
2,1651,9780910478564,CINAHL database search guide,45.43,25,1
101,1652,9780072229240,Introduction to Relational Databases,47.4,30,1
201,1652,9780072229240,Introduction to Relational Databases,51.19,40,0
102,1653,9780071465090,Oracle Database 10g Real Application Clusters Handbook,49.38,35,1
103,1654,9780387540092,MFDBS 91,51.35,40,1
201,1655,9781583475188,DB2 9 for Z/OS Database Administration,43.45,45,1
202,1656,9781583474884,"DB2 9 for Linux, UNIX, and Windows Database Administration Upgrade",45.43,10,1
205,1656,9781583474884,"DB2 9 for Linux, UNIX, and Windows Database Administration Upgrade",49.06,20,0
203,1657,9783642547980,Bridging Between Information Retrieval and Databases,47.4,15,1
204,1658,9783662534540,Transactions on Large-Scale Data- and Knowledge-Centered Systems XXVIII,49.38,20,1
205,1659,9783662583838,Transactions on Large-Scale Data- and Knowledge-Centered Systems XXXVIII,51.35,25,1
206,1660,9783662584149,Transactions on Large-Scale Data- and Knowledge-Centered Systems XXXIX,43.45,30,1
209,1660,9783662584149,Transactions on Large-Scale Data- and Knowledge-Centered Systems XXXIX,46.93,40,0
207,1661,9780387578187,Advances in database technology--EDBT '94,45.43,35,1
208,1662,9781931879422,GAMP Good Practice Guide,47.4,40,1
209,1663,9780566090219,Information management and planning,49.38,45,1
210,1664,9781118931912,OCP Oracle Database 12c Administrator Certified Professional Study Guide,51.35,10,1
101,1664,9781118931912,OCP Oracle Database 12c Administrator Certified Professional Study Guide,55.46,20,0
1,1665,9780819414809,Storage and Retrieval for Image and Video Data Bases Ii/V 2185,43.45,15,1
2,1666,9783540405351,Advances in spatial and temporal databases,45.43,20,1
101,1667,9781893947047,Building Database Applications,47.4,25,1
102,1668,9781430211877,Pro Oracle Spatial for Oracle Database 11g,49.38,30,1
202,1668,9781430211877,Pro Oracle Spatial for Oracle Database 11g,53.33,40,0
103,1669,9781423582113,Calibration and Validation of the Sage Software Cost/Schedule Estimating System to United States Air Force Databases,51.35,35,1
201,1670,9781557111531,Implementing new technologies,43.45,40,1
202,1671,9783540856535,Database And Expert Systems Applications 19th International Conference Dexa 2008 Turin Italy September 15 2008 Proceedings,45.43,45,1
203,1672,9781423566427,"Analysis, Design and Implementation of a Database Management System for a Generating Technical/Medical Reports by Chiropractors",47.4,10,1
206,1672,9781423566427,"Analysis, Design and Implementation of a Database Management System for a Generating Technical/Medical Reports by Chiropractors",51.19,20,0
204,1673,9783642156830,Database and XML technologies,49.38,15,1
205,1674,9780387242484,Fuzzy database modeling with XML,51.35,20,1
206,1675,9783642394683,Big Data,43.45,25,1
207,1676,9780585038766,"Foundations of neural networks, fuzzy systems, and knowledge engineering",45.43,30,1
210,1676,9780585038766,"Foundations of neural networks, fuzzy systems, and knowledge engineering",49.06,40,0
208,1677,9781260120875,Oracle Database Exadata Cloud Service,47.4,35,1
209,1678,9780471827863,Database design for information retrieval,49.38,40,1
210,1679,9781491914724,Time Series Databases,51.35,45,1
1,1680,9780819417671,Storage and Retrieval for Image and Video Databases Iii/Volume 2420,43.45,10,1
102,1680,9780819417671,Storage and Retrieval for Image and Video Databases Iii/Volume 2420,46.93,20,0
2,1681,9780444700483,Legal databases in Europe,45.43,15,1
101,1682,9783642786631,From CA to CAS online,47.4,20,1
102,1683,9780315034822,The Canadian short story database,49.38,25,1
103,1684,9781281118639,Spatial database transfer standards 2,51.35,30,1
203,1684,9781281118639,Spatial database transfer standards 2,55.46,40,0
201,1685,9781588830371,Intelligent Multimedia Computing Science,43.45,35,1
202,1686,9780071751292,Oracle database 11g,45.43,40,1
203,1687,9781794693081,"FR - Changes to Standard Numbering System, Vessel Identification System, and Boating Accident Report Database (Federal Register Publication) (US Coast Guard Regulation) (USCG) (2018 Edition)",47.4,45,1
204,1688,9781492152620,Five Breakthroughs of Business Process Management,49.38,10,1
207,1688,9781492152620,Five Breakthroughs of Business Process Management,53.33,20,0
205,1689,9783642334603,Machine Learning and Knowledge Discovery in Databases,51.35,15,1
206,1690,9780131749139,Distributed object-oriented data-systems design,43.45,20,1
207,1691,9780071790154,Database Cloud Storage The Essential Guide To Oracle Automatic Storage Management,45.43,25,1
208,1692,9780201715842,Practical Oracle8i,47.4,30,1
1,1692,9780201715842,Practical Oracle8i,51.19,40,0
209,1693,9780953715527,Sybase ASE System 12.5,49.38,35,1
210,1694,9789090046822,"A database for assessing indoor airflow, air quality, and draught risk",51.35,40,1
1,1695,9780130668875,"Audit Trail Administration, Unix Svr 4.2",43.45,45,1
2,1696,9781441950734,Ontologies and Databases,45.43,10,1
103,1696,9781441950734,Ontologies and Databases,49.06,20,0
101,1697,9783540329602,Advances in database technology,47.4,15,1
102,1698,9783642035548,Database and XML Technologies,49.38,20,1
103,1699,9780938734901,ProCite in libraries,51.35,25,1
201,1700,9789289314596,The Nordic product registers and the future REACH substance database,43.45,30,1
204,1700,9789289314596,The Nordic product registers and the future REACH substance database,46.93,40,0
202,1701,9781430221647,RMAN recipes for Oracle database 11g,45.43,35,1
203,1702,9780850668476,The Accuracy of spatial databases,47.4,40,1
204,1703,9780429505904,Geographic Information Systems to Spatial Data Infrastructures,49.38,45,1
205,1704,9780792397779,Searching multimedia databases by content,51.35,10,1
208,1704,9780792397779,Searching multimedia databases by content,55.46,20,0
206,1705,9781259584619,OCA Oracle Database SQL Exam Guide (Exam 1Z0-071),43.45,15,1
207,1706,9789058086488,Categorical database generalization in GIS,45.43,20,1
208,1707,9783540610571,Advances in database technology,47.4,25,1
209,1708,9789812797971,Advances in distributed multimedia systems,49.38,30,1
2,1708,9789812797971,Advances in distributed multimedia systems,53.33,40,0
210,1709,9781441937087,Fuzzy Database Modeling with XML,51.35,35,1
1,1710,9789401055802,The Global Paleomagnetic Database,43.45,40,1
2,1711,9780906085622,Guide to the FLUIDEX database,45.43,45,1
101,1712,9780557024926,SQL Weaknesses on Database Processing,47.4,10,1
201,1712,9780557024926,SQL Weaknesses on Database Processing,51.19,20,0
102,1713,9780748407972,Deductive databases and their applications,49.38,15,1
103,1714,9780851422060,"Building, construction, architecture databases, 1986",51.35,20,1
201,1715,9783642190469,Communitybuilt Databases Research And Development,43.45,25,1
202,1716,9789814329484,The Handbook On Reasoningbased Intelligent Systems,45.43,30,1
205,1716,9789814329484,The Handbook On Reasoningbased Intelligent Systems,49.06,40,0
203,1717,9780132347969,Smart (enough) systems,47.4,35,1
204,1718,9789048167715,Knowledge Discovery from Legal Databases,49.38,40,1
205,1719,9781492160618,Developing Rare and Exotic Plant Geographic Information System Databases for Indiana Dunes and Sleeping Bear Dunes National Lakeshores,51.35,45,1
206,1720,9780387908427,On conceptual modelling,43.45,10,1
209,1720,9780387908427,On conceptual modelling,46.93,20,0
207,1721,9780803947528,Analytic mapping and geographic databases,45.43,15,1
208,1722,9788750374176,Retsinformationsrådets betænkning om databaser med konkrete afgørelser,47.4,20,1
209,1723,9783642402340,Spatial and Temporal Databases,49.38,25,1
210,1724,9780130286529,Understanding relational database query languages,51.35,30,1
101,1724,9780130286529,Understanding relational database query languages,55.46,40,0
1,1725,9781849681575,Ejb 3 0 Database Persistence with Oracle Fusion Middleware 11g,43.45,35,1
2,1726,9780077099749,Software Systems Development,45.43,40,1
101,1727,9780080460048,Joe Celko's SQL for Smarties,47.4,45,1
102,1728,9783540754732,Ontologies-based databases and information systems,49.38,10,1
202,1728,9783540754732,Ontologies-based databases and information systems,53.33,20,0
103,1729,9781521257012,Designing Professional Database Management Systems Using Microsoft Access 2013 and 2016 and MySQL,51.35,15,1
201,1730,9780471578024,Enterprise database connectivity,43.45,20,1
202,1731,9781580534697,Advanced database technology and design,45.43,25,1
203,1732,9780850664850,Building databases for global science,47.4,30,1
206,1732,9780850664850,Building databases for global science,51.19,40,0
204,1733,9780201824599,"Relational database writings, 1991-1994",49.38,35,1
205,1734,9780892363612,Introduction to imaging,51.35,40,1
206,1735,9780387339146,Clinical Decision Support Systems,43.45,45,1
207,1736,9780429352331,Electronic information systems in sci-tech libraries,45.43,10,1
210,1736,9780429352331,Electronic information systems in sci-tech libraries,49.06,20,0
208,1737,9781430219521,Secrets Of The Oracle Database,47.4,15,1
209,1738,9780072229813,Oracle Database 10g SQL,49.38,20,1
210,1739,9781621741350,Development and Analysis of Databases for the Intellectual System for Predicting the Structure-Property Dependence of Drug Compounds on the Basis of Artificial Immune Systems,51.35,25,1
1,1740,9780872877092,Issues in online database searching,43.45,30,1
102,1740,9780872877092,Issues in online database searching,46.93,40,0
2,1741,9780792373872,System design,45.43,35,1
101,1742,9780134350936,Resource Pro with Literature Database,47.4,40,1
102,1743,9780134350950,Resource Pro with Literature Database,49.38,45,1
103,1744,9780429020575,Smart Healthcare Systems,51.35,10,1
203,1744,9780429020575,Smart Healthcare Systems,55.46,20,0
201,1745,9781849686938,Managing Multimedia and Unstructured Data in the Oracle Database,43.45,15,1
202,1746,9780932633293,Data Model Patterns,45.43,20,1
203,1747,9780754611165,Scientific Information Systems,47.4,25,1
204,1748,9783642067952,Fuzzy Database Modeling of Imprecise and Uncertain Engineering Information,49.38,30,1
207,1748,9783642067952,Fuzzy Database Modeling of Imprecise and Uncertain Engineering Information,53.33,40,0
205,1749,9780819435903,Storage and retrieval for media databases 2000,51.35,35,1
206,1750,9783642245770,Advances in Databases,43.45,40,1
207,1751,9780429453311,Enterprise Process Management Systems,45.43,45,1
208,1752,9781581135763,ISSS,47.4,10,1
1,1752,9781581135763,ISSS,51.19,20,0
209,1753,9780078227813,Filing and Computer Database Projects Workbook with CD-ROM,49.38,15,1
210,1754,9783540422655,Advances in databases,51.35,20,1
1,1755,9782760505377,Le développement de systèmes d'information,43.45,25,1
2,1756,9780131377219,Comprehensive assurance & systems tool,45.43,30,1
103,1756,9780131377219,Comprehensive assurance & systems tool,49.06,40,0
101,1757,9781591403845,Advances in fuzzy object-oriented databases,47.4,35,1
102,1758,9783642193576,Data Management and Query Processing in Semantic Web Databases,49.38,40,1
103,1759,9781604201185,"Security, audit and control features",51.35,45,1
201,1760,9780933332973,Thesaurus for SoyaScan database,43.45,10,1
204,1760,9780933332973,Thesaurus for SoyaScan database,46.93,20,0
202,1761,9780128009567,Oracle Databases on Amazon Web Services,45.43,15,1
203,1762,9783642237805,Machine Learning And Knowledge Discovery In Databases,47.4,20,1
204,1763,9780819444165,Storage and retrieval for media databases 2002,49.38,25,1
205,1764,9780819439932,Storage and retrieval for media databases 2001,51.35,30,1
208,1764,9780819439932,Storage and retrieval for media databases 2001,55.46,40,0
206,1765,9781591403753,Information Modeling Methods and Methodologies (Advanced Topics of Database Research) (Advanced Topics in Database Research),43.45,35,1
207,1766,9780201558210,A guide toDB2,45.43,40,1
208,1767,9780738495514,Using Discontiguous Shared Segments And Xip2 Filesystems With Oracle Database 10g on Linux for IBM System Z,47.4,45,1
209,1768,9781423520528,Design and Implementation of a Database for an Integrated System for Daily Management in an Industrial and Commercial Organization,49.38,10,1
2,1768,9781423520528,Design and Implementation of a Database for an Integrated System for Daily Management in an Industrial and Commercial Organization,53.33,20,0
210,1769,9781696005470,SQL for Beginners,51.35,15,1
1,1770,9781721027057,Thermodynamic Database for the NdO(1. 5)-YO(1. 5)-YbO(1. 5)-ScO(1. 5)-ZrO2 System,43.45,20,1
2,1771,9780078822896,"Oracle DBA handbook, 7.3 edition",45.43,25,1
101,1772,9780080508665,Information Modeling and Relational Databases: From Conceptual Analysis to Logical Design (The Morgan Kaufmann Series in Data Management Systems),47.4,30,1
201,1772,9780080508665,Information Modeling and Relational Databases: From Conceptual Analysis to Logical Design (The Morgan Kaufmann Series in Data Management Systems),51.19,40,0
102,1773,9783642039720,Advances In Databases And Information Systems 13th East European Conference Adbis 2009 Riga Latvia September 710 2009 Proceedings,49.38,35,1
103,1774,9783540857129,Advances In Databases And Information Systems 12th East European Conference Adbis 2008 Pori Finland September 59 2008 Proceedings,51.35,40,1
201,1775,9780387141770,Chemreact10 with Infochem CD-ROM,43.45,45,1
202,1776,9781423583349,Calibration of the Softcost-R Software Cost Model To the Space and Missile Systems Center (SMC) Software Database (SWDB),45.43,10,1
205,1776,9781423583349,Calibration of the Softcost-R Software Cost Model To the Space and Missile Systems Center (SMC) Software Database (SWDB),49.06,20,0
203,1777,9783540145165,ChemReact32 with InfoChem CD-ROM,47.4,15,1
204,1778,9783030850814,"New Trends in Database and Information Systems : ADBIS 2021 Short Papers, Doctoral Consortium and Workshops",49.38,20,1
205,1779,9783031429408,"New Trends in Database and Information Systems : ADBIS 2023 Short Papers, Doctoral Consortium and Workshops",51.35,25,1
206,1780,9781742446264,"How to Land a Top-Paying Computer Network Systems, and Database Administrators Job",43.45,30,1
209,1780,9781742446264,"How to Land a Top-Paying Computer Network Systems, and Database Administrators Job",46.93,40,0
207,1781,9783031157424,"New Trends in Database and Information Systems : ADBIS 2022 Short Papers, Doctoral Consortium and Workshops",45.43,35,1
208,1782,9789048161829,Databases and Information Systems II,47.4,40,1
209,1783,9780818686764,"International Workshop on Multi-Media Data Base Management Systems: August 5-7, 1998 Dayton, Ohio",49.38,45,1
210,1784,9781583476727,"DB2 10. 1/10. 5 for Linux, UNIX, and Windows Database Administration",51.35,10,1
101,1784,9781583476727,"DB2 10. 1/10. 5 for Linux, UNIX, and Windows Database Administration",55.46,20,0
1,1785,9783540393900,Conceptual Modeling of Information Systems,43.45,15,1
2,1786,9781575211398,Teach Yourself Active Web Database Programming in 21 Days,45.43,20,1
101,1787,9780072263275,Hands-On Oracle Database 10g Express Edition for Linux,47.4,25,1
102,1788,9780072263312,Hands-On Oracle Database 10g Express Edition for Windows,49.38,30,1
202,1788,9780072263312,Hands-On Oracle Database 10g Express Edition for Windows,53.33,40,0
103,1789,9780071506748,Oracle Database 10g Linux Administration,51.35,35,1
201,1790,9781441938152,Multimedia Database Retrieval A Humancentered Approach,43.45,40,1
202,1791,9780273602620,Data modelling for information systems,45.43,45,1
203,1792,9780718705626,LUCIS guide to EURONET-DIANE databases,47.4,10,1
206,1792,9780718705626,LUCIS guide to EURONET-DIANE databases,51.19,20,0
204,1793,9781848168695,Fuzzy Preference Queries To Relational Databases,49.38,15,1
205,1794,9783110963236,World Databases in Geography and Geology,51.35,20,1
206,1795,9781299620193,Image Databases and Multi-Media Search,43.45,25,1
207,1796,9780023717604,The database book,45.43,30,1
210,1796,9780023717604,The database book,49.06,40,0
208,1797,9781430210160,Expert Oracle Database 11g Administration,47.4,35,1
209,1798,9789812797988,Image Databases and Multi-Media Search,49.38,40,1
210,1799,9780942774092,Proven techniques for increasing database use,51.35,45,1
1,1800,9783790812558,Knowledge management in fuzzy databases,43.45,10,1
102,1800,9783790812558,Knowledge management in fuzzy databases,46.93,20,0
2,1801,9781622753772,How Do I Use a Database?,45.43,15,1
101,1802,9781622753789,How Do I Use a Database?,47.4,20,1
102,1803,9781576760826,Implementing Databases in Oracle 9i,49.38,25,1
103,1804,9781605661896,Semantic mining technologies for multimedia databases,51.35,30,1
203,1804,9781605661896,Semantic mining technologies for multimedia databases,55.46,40,0
201,1805,9781484201947,Beginning Oracle Database 12c Administration,43.45,35,1
202,1806,9780851422497,"Online management and marketing databases, 1989",45.43,40,1
203,1807,9781590596036,The Concordance Database Manual (Expert's Voice),47.4,45,1
204,1808,9781782172123,Oracle Database 12c Security Cookbook,49.38,10,1
207,1808,9781782172123,Oracle Database 12c Security Cookbook,53.33,20,0
205,1809,9781137509857,Formulating Research Methods for Information Systems,51.35,15,1
206,1810,9781590590225,Expert Oracle9i database administration,43.45,20,1
207,1811,9780596003548,Oracle Performance Tuning for Database Administrat,45.43,25,1
208,1812,9780898382570,Database machines and knowledge base machines,47.4,30,1
1,1812,9780898382570,Database machines and knowledge base machines,51.19,40,0
209,1813,9780071799317,Oracle Database 12c New Features,49.38,35,1
210,1814,9780072229479,Oracle Database 10g new features,51.35,40,1
1,1815,9780471532279,How to build business-wide databases,43.45,45,1
2,1816,9781622753765,How Do I Use a Database?,45.43,10,1
103,1816,9781622753765,How Do I Use a Database?,49.06,20,0
101,1817,9780878148288,Effective Database Design for Geoscience Professionals,47.4,15,1
102,1818,9780124383807,Fundamentals of spatial information systems,49.38,20,1
103,1819,9780123820204,Database Modeling And Design Logical Design,51.35,25,1
201,1820,9781931777476,Effective Databases for Text & Document Management,43.45,30,1
204,1820,9781931777476,Effective Databases for Text & Document Management,46.93,40,0
202,1821,9783540205470,Knowledge Management Systems,45.43,35,1
203,1822,9789514430435,Catalog of INION bibliographical databases on social sciences,47.4,40,1
204,1823,9780871113122,Private file creation/database construction,49.38,45,1
205,1824,9780071614214,OCA Oracle database,51.35,10,1
208,1824,9780071614214,OCA Oracle database,55.46,20,0
206,1825,9780867292145,Data base directory,43.45,15,1
207,1826,9783540365969,Semantics in databases,45.43,20,1
208,1827,9783642720345,Knowledge Engineering,47.4,25,1
209,1828,9783319112565,Privacy in Statistical Databases,49.38,30,1
2,1828,9783319112565,Privacy in Statistical Databases,53.33,40,0
210,1829,9781599945798,What's New in SYSTEM 2000(R) V2,51.35,35,1
1,1830,9781586036553,"Economic and Transparent Utilization of Virtual Resources (Dissertations in Database and Information Systems, Vol. 95) (Dissertationen Zu Datenbanken Und Informationssytemen)",43.45,40,1
2,1831,9780471628224,Computer graphics and chemical structures,45.43,45,1
101,1832,9780607922462,"Engineering-Geologic Database of the Proposed Alaska Natural Gas Transportation System (Angts) Corridor from Prudhoe Bay to Delta Junction, Alaska",47.4,10,1
201,1832,9780607922462,"Engineering-Geologic Database of the Proposed Alaska Natural Gas Transportation System (Angts) Corridor from Prudhoe Bay to Delta Junction, Alaska",51.19,20,0
102,1833,9781439891995,Understanding information retrieval systems,49.38,15,1
103,1834,9789984451992,Databases and information systems,51.35,20,1
201,1835,9780201557107,A guide to SYBASE and SQL Server,43.45,25,1
202,1836,9783540285830,Database and XML technologies,45.43,30,1
205,1836,9783540285830,Database and XML technologies,49.06,40,0
203,1837,0919027072,The Espial Canadian database directory,47.4,35,1
204,1838,9783540229698,Database and XML technologies,49.38,40,1
205,1839,0919027142,The Espial Canadian database directory,51.35,45,1
206,1840,9780387785868,Information Systems Development,43.45,10,1
209,1840,9780387785868,Information Systems Development,46.93,20,0
207,1841,9780929280738,Knowledge Discovery in Databases,45.43,15,1
208,1842,9783642356025,"Computer Applications for Database, Education and Ubiquitous Computing",47.4,20,1
209,1843,9783540672272,Advances in database technology--EDBT 2000,49.38,25,1
210,1844,9798674140467,Practice C#. NET and SQL SERVER with Accounting System Project,51.35,30,1
101,1844,9798674140467,Practice C#. NET and SQL SERVER with Accounting System Project,55.46,40,0
1,1845,9783540568698,Advances in spatial databases,43.45,35,1
2,1846,9780553346817,Ranade's OS/2 Extended Edition Database Manager,45.43,40,1
101,1847,9780851421131,"Final report on ""Databases suitable for users of environmental information""",47.4,45,1
102,1848,9783540483441,Spatio-temporal database management,49.38,10,1
202,1848,9783540483441,Spatio-temporal database management,53.33,20,0
103,1849,9783540212003,Advances in database technology-EDBT 2004,51.35,15,1
201,1850,9780071502771,Oracle database Ajax & PHP web application development,43.45,20,1
202,1851,9780470395134,Ocp Oracle Database 11g Administrator Certified Professional Study Guide,45.43,25,1
203,1852,9780796917348,A spatial land ownership database for South Africa,47.4,30,1
206,1852,9780796917348,A spatial land ownership database for South Africa,51.19,40,0
204,1853,9780954153502,The scholar & the database,49.38,35,1
205,1854,9783540760665,Interfaces to databases (IDS-3),51.35,40,1
206,1855,9780387505756,Statistical and scientific database management,43.45,45,1
207,1856,9780471400301,OLAP solutions,45.43,10,1
210,1856,9780471400301,OLAP solutions,49.06,20,0
208,1857,9783540454328,Databases in Telecommunications II,47.4,15,1
209,1858,9781447107682,Essential Access 2000 fast,49.38,20,1
210,1859,9780131854628,Essentials of System Analysis and Design,51.35,25,1
1,1860,9781441996459,Information Systems Development,43.45,30,1
102,1860,9781441996459,Information Systems Development,46.93,40,0
2,1861,9789813083004,"Multimedia, knowledge-based, and object-oriented databases",45.43,35,1
101,1862,9780137718337,Relational Database Management in the Unix Environment,47.4,40,1
102,1863,9781484223277,Oracle Database Upgrade and Migration Methods,49.38,45,1
103,1864,9789998873193,Database Language SQL/ANSI X3 135,51.35,10,1
203,1864,9789998873193,Database Language SQL/ANSI X3 135,55.46,20,0
201,1865,9789036521529,Towards database support for moving object data,43.45,15,1
202,1866,9781118493892,Virtualizing Oracle Database with Vmware Vsphere X,45.43,20,1
203,1867,9781461378495,Index Data Structures in Object-Oriented Databases,47.4,25,1
204,1868,9780071846059,"Oracle Database Upgrade, Migration & Transformation Tips & Techniques",49.38,30,1
207,1868,9780071846059,"Oracle Database Upgrade, Migration & Transformation Tips & Techniques",53.33,40,0
205,1869,9781583473696,DB2 10 for zOS Database Administration,51.35,35,1
206,1870,9780387189871,Foundations of Knowledge Base Management,43.45,40,1
207,1871,9781886271050,Waterfields Guide to Computer Software,45.43,45,1
208,1872,9781423582076,Calibration and Validation of the COCOMO II.1997.0 Cost/Schedule Estimating Model to the Space and Missile Systems Center Database,47.4,10,1
1,1872,9781423582076,Calibration and Validation of the COCOMO II.1997.0 Cost/Schedule Estimating Model to the Space and Missile Systems Center Database,51.19,20,0
209,1873,9780792380481,Mining very large databases with parallel processing,49.38,15,1
210,1874,9780387568690,Advances in spatial databases,51.35,20,1
1,1875,9783642158827,Machine Learning And Knowledge Discovery In Databases,43.45,25,1
2,1876,9783031704208,"New Trends in Database and Information Systems : ADBIS 2024 Doctoral Consortium, Tutorial and Short Papers and Workshops",45.43,30,1
103,1876,9783031704208,"New Trends in Database and Information Systems : ADBIS 2024 Doctoral Consortium, Tutorial and Short Papers and Workshops",49.06,40,0
101,1877,9780894354847,A practical guide to Oracle database administration,47.4,35,1
102,1878,9781566700092,Iris Chemical Info Database93 3rdq,49.38,40,1
103,1879,9780315518513,U.N.B. learning center research database,51.35,45,1
201,1880,9780644036276,Australian environment and conservation database feasibility study,43.45,10,1
204,1880,9780644036276,Australian environment and conservation database feasibility study,46.93,20,0
202,1881,9781430229582,Pro Oracle Database 11gRAC on Linux,45.43,15,1
203,1882,9780536173003,"Database Development (Taken From ""A Visual Approach"")",47.4,20,1
204,1883,9781856041911,Directory of Health and Social Services Databases,49.38,25,1
205,1884,9781430236627,Oracle Database 11g performance tuning recipes,51.35,30,1
208,1884,9781430236627,Oracle Database 11g performance tuning recipes,55.46,40,0
206,1885,9780471844891,Complex litigation research manual,43.45,35,1
207,1886,9783540874805,Machine Learning And Knowledge Discovery In Databases,45.43,40,1
208,1887,9781592294497,Sap Database Administration With Ibm Db2,47.4,45,1
209,1888,9781583473573,Database design and SQL for DB2,49.38,10,1
2,1888,9781583473573,Database design and SQL for DB2,53.33,20,0
210,1889,9780071598750,Oracle Database 11g The Complete Reference,51.35,15,1
1,1890,9788880980230,From database networking to the digital library,43.45,20,1
2,1891,9780071801751,Oracle Database 12c The Complete Reference,45.43,25,1
101,1892,9781586035846,Building Integrative Enterprise Knowledge Portals with Semantic Web Technologies,47.4,30,1
201,1892,9781586035846,Building Integrative Enterprise Knowledge Portals with Semantic Web Technologies,51.19,40,0
102,1893,9780072195408,OCP Oracle9i database,49.38,35,1
103,1894,9780126168709,An introduction to data base design,51.35,40,1
201,1895,9781461464884,Phonetic Search Methods For Large Speech Databases,43.45,45,1
202,1896,9780071752626,Oracle database 11g,45.43,10,1
205,1896,9780071752626,Oracle database 11g,49.06,20,0
203,1897,9780201153026,Creating Applications with the IBM OS/2 Extended Edition Database Manager,47.4,15,1
204,1898,9781555583224,Oracle database 10g data warehousing,49.38,20,1
205,1899,9780131479425,The DB2(R) Universal Database for Windows,51.35,25,1
206,1900,9780819423429,National and international law enforcement databases,43.45,30,1
209,1900,9780819423429,National and international law enforcement databases,46.93,40,0
207,1901,9783922051084,International guide to MARC databases and services,45.43,35,1
208,1902,9781581139754,MMDB 2004,47.4,40,1
209,1903,9781581137262,MMDB 2003,49.38,45,1
210,1904,9783642237799,Machine Learning And Knowledge Discovery In Databases,51.35,10,1
101,1904,9783642237799,Machine Learning And Knowledge Discovery In Databases,55.46,20,0
1,1905,9780880560726,MICROBOOK,43.45,15,1
2,1906,9780071361880,Schaum's Outline of Fundamentals of Relational Databases,45.43,20,1
101,1907,9781583473757,Db2 101 105 For Linux Unix And Windows Database Administration Certification Study Guide,47.4,25,1
102,1908,9780079137883,UNIX System Security Tools,49.38,30,1
202,1908,9780079137883,UNIX System Security Tools,53.33,40,0
103,1909,9780470724194,Cooperative Control of Distributed Multi-Agent Systems,51.35,35,1
201,1910,9783540433248,Advances in database technology--EDBT 2002,43.45,40,1
202,1911,9789810243104,Advances in multimedia and databases for the new century,45.43,45,1
203,1912,9783540632382,Advances in spatial databases,47.4,10,1
206,1912,9783540632382,Advances in spatial databases,51.19,20,0
204,1913,9781928914129,Thesaurus for SoyaScan database of soybeans and soyfoods,49.38,15,1
205,1914,9780367693534,Blockchain for Healthcare Systems,51.35,20,1
206,1915,9783030476786,Computer Information Systems and Industrial Management,43.45,25,1
207,1916,9780894350184,Planning for data base systems,45.43,30,1
210,1916,9780894350184,Planning for data base systems,49.06,40,0
208,1917,9783540313519,Constraint-Based Mining and Inductive Databases,47.4,35,1
209,1918,9783540231080,Knowledge discovery in databases,49.38,40,1
210,1919,9780387356587,Semantic Issues in E-Commerce Systems,51.35,45,1
1,1920,9783540423010,Advances in spatial and temporal databases,43.45,10,1
102,1920,9783540423010,Advances in spatial and temporal databases,46.93,20,0
2,1921,9780596522193,Oracle PL/SQL Programming,45.43,15,1
101,1922,9781003338123,Engineering Agile Big-Data Systems,47.4,20,1
102,1923,9783540190745,Advances in database theory - EDBT'88,49.38,25,1
103,1924,9783642160912,Objects and databases,51.35,30,1
203,1924,9783642160912,Objects and databases,55.46,40,0
201,1925,9783540208969,Database programming languages,43.45,35,1
202,1926,9781449307226,DNS and BIND cookbook,45.43,40,1
203,1927,9783598110016,"Libraries, Information Centers and Databases in Biomedical Sciences",47.4,45,1
204,1928,9798717215176,Big Data : a Complete Guide to the Basic Concepts,49.38,10,1
207,1928,9798717215176,Big Data : a Complete Guide to the Basic Concepts,53.33,20,0
205,1929,9783662192375,MFDBS 91,51.35,15,1
206,1930,9781489981387,Information Systems Development,43.45,20,1
207,1931,9780868044095,The Generation and management of small scale databases,45.43,25,1
208,1932,9780818644214,Multidatabase systems,47.4,30,1
1,1932,9780818644214,Multidatabase systems,51.19,40,0
209,1933,9780534116705,Four software tools,49.38,35,1
210,1934,9780080470641,Implementing database security and auditing,51.35,40,1
1,1935,9780596102463,Backup & Recovery,43.45,45,1
2,1936,9781461562467,Uncertainty management in information systems,45.43,10,1
103,1936,9781461562467,Uncertainty management in information systems,49.06,20,0
101,1937,9783598107573,"Libraries, information centers and databases in science and technology",47.4,15,1
102,1938,9783642069123,Distributed event-based systems,49.38,20,1
103,1939,9780071833547,Oracle Database Cloud Cookbook with Oracle Enterprise Manager 13c Cloud Control,51.35,25,1
201,1940,9781893947054,Building Database Applications (Referentia for JBuilder 3 Series),43.45,30,1
204,1940,9781893947054,Building Database Applications (Referentia for JBuilder 3 Series),46.93,40,0
202,1941,9783540601593,Advances in spatial databases,45.43,35,1
203,1942,9783540309512,Database Programming Languages,47.4,40,1
204,1943,9781484244296,Beginning Oracle SQL for Oracle Database 18c,49.38,45,1
205,1944,9789999886703,1988 National Database and 4-5 Generation Language,51.35,10,1
208,1944,9789999886703,1988 National Database and 4-5 Generation Language,55.46,20,0
206,1945,9780712333153,HIBROWSE for bibliographic databases,43.45,15,1
207,1946,9780851422312,Business and Company Databases 1988 (ASLIB Online Guides),45.43,20,1
208,1947,9780823251834,Beyond Broadband Access Developing Databased Information Policy Strategies,47.4,25,1
209,1948,9783540544142,Advances in Spatial Databases,49.38,30,1
2,1948,9783540544142,Advances in Spatial Databases,53.33,40,0
210,1949,9780660157306,Classification in the CHIN humanities databases,51.35,35,1
1,1950,9781590598993,Pro Oracle Spatial for Oracle database 11g,43.45,40,1
2,1951,9780077093266,Uncertainty in Information Systems,45.43,45,1
101,1952,9780387544144,Advances in spatial databases,47.4,10,1
201,1952,9780387544144,Advances in spatial databases,51.19,20,0
102,1953,9780738418872,Ims Version 7 High Availability Large Database Guide,49.38,15,1
103,1954,9780442235833,IMS (DL/I) data-base organization and performance,51.35,20,1
201,1955,9780833012036,A Common-format database for modeling strategic communications,43.45,25,1
202,1956,9781590594513,Expert Oracle Database 10g Administration (Expert's Voice),45.43,30,1
205,1956,9781590594513,Expert Oracle Database 10g Administration (Expert's Voice),49.06,40,0
203,1957,9780738427393,Using IMS data management tools for fast path databases,47.4,35,1
204,1958,9783642037924,Database programming languages,49.38,40,1
205,1959,9783540448198,Multimedia Databases and Image Communication,51.35,45,1
206,1960,9781259837197,Oracle Database 12c Release 2 new features,43.45,10,1
209,1960,9781259837197,Oracle Database 12c Release 2 new features,46.93,20,0
207,1961,9783319034096,Data Analysis And Pattern Recognition In Multiple Databases,45.43,15,1
208,1962,9789529844227,The European Forest Institute's databases and information services,47.4,20,1
209,1963,9780072231304,Effective Oracle Database 10g security by design,49.38,25,1
210,1964,9788185460314,Soil-climatic database for crop planning in India,51.35,30,1
101,1964,9788185460314,Soil-climatic database for crop planning in India,55.46,40,0
1,1965,9780946075669,AIRGUIDE,43.45,35,1
2,1966,9780130834171,Configuring and tuning databases on the Solaris platform,45.43,40,1
101,1967,9783528047764,Programmierung des OS/2 Extended Edition Database Manager,47.4,45,1
102,1968,9780818600425,Engineering design applications,49.38,10,1
202,1968,9780818600425,Engineering design applications,53.33,20,0
103,1969,9780387198125,Formal methods in databases and software engineering,51.35,15,1
201,1970,9781555583293,Oracle database programming using Java and Web Services,43.45,20,1
202,1971,9780910965057,Environment online,45.43,25,1
203,1972,9783540440802,Database programming languages,47.4,30,1
206,1972,9783540440802,Database programming languages,51.19,40,0
204,1973,9780071591027,OCA Oracle Database 11g,49.38,35,1
205,1974,9780071493697,Oracle database 11g PL/SQL programming workbook,51.35,40,1
206,1975,9780198552116,Crystallographic computing 3,43.45,45,1
207,1976,9780367074623,Introduction to Private Cloud Databases Using Oracle Exadata,45.43,10,1
210,1976,9780367074623,Introduction to Private Cloud Databases Using Oracle Exadata,49.06,20,0
208,1977,9783319346304,Information System Development,47.4,15,1
209,1978,9780844292946,Languages of the World,49.38,20,1
210,1979,9783540408888,Advances in Information Systems,51.35,25,1
1,1980,9780818684982,1983 IEEE Computer Society Workshop on Computer Architecture for Pattern Analysis and Image Database Management,43.45,30,1
102,1980,9780818684982,1983 IEEE Computer Society Workshop on Computer Architecture for Pattern Analysis and Image Database Management,46.93,40,0
2,1981,9781306811125,Mapreduce Design Patterns,45.43,35,1
101,1982,9780071498135,Microsoft SQL Server 2008 high availability with clustering & database mirroring,47.4,40,1
102,1983,9780470395127,OCA,49.38,45,1
103,1984,9780905984704,Non-bibliographic online databases,51.35,10,1
203,1984,9780905984704,Non-bibliographic online databases,55.46,20,0
201,1985,9783540733898,Data management,43.45,15,1
202,1986,9781583474372,IBM DB2 for Z/OS,45.43,20,1
203,1987,9780819431271,Storage and retrieval for image and video databases VII,47.4,25,1
204,1988,9783540637929,Deductive and object-oriented databases,49.38,30,1
207,1988,9783540637929,Deductive and object-oriented databases,53.33,40,0
205,1989,9783642260636,Intelligent systems for knowledge management,51.35,35,1
206,1990,9798424180651,"Leadership, Management and Data Science",43.45,40,1
207,1991,9789813083158,Information systems reengineering,45.43,45,1
208,1992,9780126192612,"Exploratory Image Databases (AP Communications, Networking, and Multimedia Series) (Communications, Networking and Multimedia)",47.4,10,1
1,1992,9780126192612,"Exploratory Image Databases (AP Communications, Networking, and Multimedia Series) (Communications, Networking and Multimedia)",51.19,20,0
209,1993,9783319405964,Information Processing and Management of Uncertainty in Knowledge-Based Systems,49.38,15,1
210,1994,9783540749752,Knowledge discovery in databases: PKDD 2007,51.35,20,1
1,1995,9780131863903,Creating Highly Available Database Solutions,43.45,25,1
2,1996,9783540310068,Mobile Information Systems,45.43,30,1
103,1996,9783540310068,Mobile Information Systems,49.06,40,0
101,1997,9780980471625,Configuration Management 100 Success Secrets All You Need To Know About Configuration Management Software Change Management Jobs Plans Tools Control Database Process And System,47.4,35,1
102,1998,9783540147916,European Limnofauna,49.38,40,1
103,1999,9783540147084,European Limnofauna,51.35,45,1
201,2000,9780912176239,Personal filing systems,43.45,10,1
204,2000,9780912176239,Personal filing systems,46.93,20,0
202,2001,9780131007710,DB2 Universal Database for OS/390 v7.1 Application Certification Guide,45.43,15,1
203,2002,9780471352846,Visual Introduction to Qsl + Database Management 2e Set,47.4,20,1
204,2003,9780071850094,Oracle SQL Developer Data Modeler for Database Design Mastery,49.38,25,1
205,2004,9780136942672,The practitioner's blueprint for logical and physical database design,51.35,30,1
208,2004,9780136942672,The practitioner's blueprint for logical and physical database design,55.46,40,0
206,2005,9780131999022,Design analysis and performance evaluation methodologies for database computers,43.45,35,1
207,2006,9781484243206,Oracle DBA Mentor: Succeeding as an Oracle Database Administrator,45.43,40,1
208,2007,9781556530258,A guide to special collections in the OCLC database,47.4,45,1
209,2008,9780946075393,A subject analysis of the AIVC's bibliographic database - AIRBASE,49.38,10,1
2,2008,9780946075393,A subject analysis of the AIVC's bibliographic database - AIRBASE,53.33,20,0
210,2009,9780933641457,Profitable retailing using relationship and database marketing,51.35,15,1
1,2010,9783540692690,Database theory,43.45,20,1
2,2011,9781032104409,Smart and Intelligent Systems,45.43,25,1
101,2012,9781439841785,Machine Learning And Knowledge Discovery For Engineering Systems Health Management,47.4,30,1
201,2012,9781439841785,Machine Learning And Knowledge Discovery For Engineering Systems Health Management,51.19,40,0
102,2013,9781880785027,A parent's guide to the ERIC database,49.38,35,1
103,2014,9789679310535,NLG-SEA directory,51.35,40,1
201,2015,9780071768856,Oracle database 11g & MySQL 5.6 developer handbook,43.45,45,1
202,2016,9780070346789,Datacasting,45.43,10,1
205,2016,9780070346789,Datacasting,49.06,20,0
203,2017,9780071819978,OCP Upgrade to Oracle Database 12c Exam Guide,47.4,15,1
204,2018,9780071752084,Oracle database 11g release 2 high availability,49.38,20,1
205,2019,9780071828680,OCP Oracle Database 12c Advanced Administration Exam Guide,51.35,25,1
206,2020,9780273017738,Structured systems development techniques,43.45,30,1
209,2020,9780273017738,Structured systems development techniques,46.93,40,0
207,2021,9780910965149,The Online 100,45.43,35,1
208,2022,9781591400417,Web-enabled systems integration,47.4,40,1
209,2023,9780792377023,Multilevel secure transaction processing,49.38,45,1
210,2024,9780894350207,The entity-relationship approach to logical data base design,51.35,10,1
101,2024,9780894350207,The entity-relationship approach to logical data base design,55.46,20,0
1,2025,9780080499543,Atomic transactions,43.45,15,1
2,2026,9780452256514,The computer phone book,45.43,20,1
101,2027,9781544676517,Easy Guide,47.4,25,1
102,2028,9783540759867,Database programming languages,49.38,30,1
202,2028,9783540759867,Database programming languages,53.33,40,0
103,2029,9788272185892,Norsk vitenskapsindeks,51.35,35,1
201,2030,9781719384698,Component-Level Electronic-Assembly Repair (CLEAR) Analysis of the Problem Reporting and Corrective Action (PRACA) Database of the International Space Station on-Orbit Electrical Systems,43.45,40,1
202,2031,9781423506911,"Analysis and Prototyping of the United States Marine Corps Total Force Administration System (TFAS), Echelon II - A Web Enabled Database for the Small Unit Leader",45.43,45,1
203,2032,9781590472071,SAS/ACCESS 9.1 Interface to Relational Databases,47.4,10,1
206,2032,9781590472071,SAS/ACCESS 9.1 Interface to Relational Databases,51.19,20,0
204,2033,9781498764797,"Human Capital Systems, Analytics, and Data Mining",49.38,15,1
205,2034,9780077090760,Distributed information systems,51.35,20,1
206,2035,9783540709602,"Semantic Web, Ontologies and Databases",43.45,25,1
207,2036,9780387119625,Discovery and representation of causal relationships from a large time-oriented clinical database,45.43,30,1
210,2036,9780387119625,Discovery and representation of causal relationships from a large time-oriented clinical database,49.06,40,0
208,2037,9783540418269,The World Wide Web and databases,47.4,35,1
209,2038,9780769529127,24th British National Conference on Databases,49.38,40,1
210,2039,9781681734972,Data Management in Machine Learning Systems,51.35,45,1
1,2040,9780113305711,Text-based Information Management Systems (Appraisal & Evaluation Library),43.45,10,1
102,2040,9780113305711,Text-based Information Management Systems (Appraisal & Evaluation Library),46.93,20,0
2,2041,9783642084805,Entity-Relationship Modeling,45.43,15,1
101,2042,9783540612926,Advanced information systems engineering,47.4,20,1
102,2043,9780071491440,Hands-On Oracle Database 10g Express Edition for Windows,49.38,25,1
103,2044,9783642833977,Foundations of Knowledge Base Management,51.35,30,1
203,2044,9783642833977,Foundations of Knowledge Base Management,55.46,40,0
201,2045,9783642393235,Serialization and Persistent Objects: Turning Data Structures into Efficient Databases,43.45,35,1
202,2046,9780792384502,Fundamentals of information systems,45.43,40,1
203,2047,9783540637653,Knowledge engineering,47.4,45,1
204,2048,9781599045696,Information systems engineering,49.38,10,1
207,2048,9781599045696,Information systems engineering,53.33,20,0
205,2049,9781484233719,Oracle SQL Revealed: Executing Business Logic in the Database Engine,51.35,15,1
206,2050,9789282646694,The Development of databases on education and training in Europe,43.45,20,1
207,2051,9783540425878,Multimedia databases and image communication,45.43,25,1
208,2052,9783642138171,Scientific and statistical database management,47.4,30,1
1,2052,9783642138171,Scientific and statistical database management,51.19,40,0
209,2053,9780071496827,OCP Oracle database 11g,49.38,35,1
210,2054,9783642223518,Scientific and Statistical Database Management,51.35,40,1
1,2055,9780735611337,MCSE Training Kit,43.45,45,1
2,2056,9780894350436,Data Base Techniques,45.43,10,1
103,2056,9780894350436,Data Base Techniques,49.06,20,0
101,2057,9780071816533,Oracle Nosql Database Realtime Big Data Management For The Enterprise,47.4,15,1
102,2058,9783540319047,Advances in spatial and temporal databases,49.38,20,1
103,2059,9783642312359,Scientific and Statistical Database Management,51.35,25,1
201,2060,9780130198488,DB2 Universal Database for OS/390,43.45,30,1
204,2060,9780130198488,DB2 Universal Database for OS/390,46.93,40,0
202,2061,9783642271564,Database Theory And Application Bioscience And Biotechnology International Conferences Proceedings,45.43,35,1
203,2062,9781430248361,Rman Recipes For Oracle Database 12c A Problemsolution Approach,47.4,40,1
204,2063,9780914768449,Micromanual for Casual Users of National Library of Medicine Databases,49.38,45,1
205,2064,9780712331067,Cartographic and remote-sensing digital databases in the United Kingdom,51.35,10,1
208,2064,9780712331067,Cartographic and remote-sensing digital databases in the United Kingdom,55.46,20,0
206,2065,9798561614989,Latest Exam Workbook on SAP Certified Technology Ass0ciate System Admin Oracle Database with Netweaver 7. 0 (sap C_ Tadm51702 Exam) Questions and Answers,43.45,15,1
207,2066,9780889870628,CMEC database for educational software =,45.43,20,1
208,2067,9780835223201,"Religious & inspirational books & serials in print, 1987",47.4,25,1
209,2068,9783662468395,Enabling Real-Time Business Intelligence,49.38,30,1
2,2068,9783662468395,Enabling Real-Time Business Intelligence,53.33,40,0
210,2069,9780387250267,Information systems development,51.35,35,1
1,2070,9783642158377,Privacy in statistical databases,43.45,40,1
2,2071,9781402053238,Enterprise information systems VII,45.43,45,1
101,2072,9780975914649,Developing web-enabled decision support systems,47.4,10,1
201,2072,9780975914649,Developing web-enabled decision support systems,51.19,20,0
102,2073,9781484245910,Dynamic Oracle Performance Analytics,49.38,15,1
103,2074,9783642534409,Handbook on Data Management in Information Systems,51.35,20,1
201,2075,9789187246418,Information databases in the field of transportation and traffic,43.45,25,1
202,2076,9783642029820,Advances in Spatial and Temporal Databases,45.43,30,1
205,2076,9783642029820,Advances in Spatial and Temporal Databases,49.06,40,0
203,2077,9781560240372,Women Online,47.4,35,1
204,2078,9780662253549,Enhancing the forest soils mapping database for northern Ontario,49.38,40,1
205,2079,9781560240532,Women online,51.35,45,1
206,2080,9780538910286,"Data Base Systems, Management and Design",43.45,10,1
209,2080,9780538910286,"Data Base Systems, Management and Design",46.93,20,0
207,2081,9781599946603,Output delivery system,45.43,15,1
208,2082,9780309071918,Enhancing data systems to improve the quality of cancer care,47.4,20,1
209,2083,9780585320908,Information Retrieval Systems,49.38,25,1
210,2084,9781489996701,Secure data management in decentralized systems,51.35,30,1
101,2084,9781489996701,Secure data management in decentralized systems,55.46,40,0
1,2085,9780306470295,Semantic models for multimedia database searching and browsing,43.45,35,1
2,2086,9783790824674,Knowledge Management in Fuzzy Databases Studies in Fuzziness and Soft Computing,45.43,40,1
101,2087,9780312210182,Transaction management,47.4,45,1
102,2088,9780387346298,Multimedia Database Retrieval:: A Human-Centered Approach (Signals and Communication Technology),49.38,10,1
202,2088,9780387346298,Multimedia Database Retrieval:: A Human-Centered Approach (Signals and Communication Technology),53.33,20,0
103,2089,9781856046275,Understanding Data and Information Systems for Recordkeeping,51.35,15,1
201,2090,9781430215752,Linux recipes for Oracle DBAs,43.45,20,1
202,2091,9781587200366,CIM IP Routing Link-State Protocols (Network Simulator CD-ROM),45.43,25,1
203,2092,9783642229220,Advances in Spatial and Temporal Databases,47.4,30,1
206,2092,9783642229220,Advances in Spatial and Temporal Databases,51.19,40,0
204,2093,9781583470787,"DB2 9 for Linux, UNIX, and Windows Database Administration Upgrade",49.38,35,1
205,2094,9780803927858,New electronic pathways,51.35,40,1
206,2095,9780738433080,DB2 optimization techniques for SAP database migration and Unicode conversion,43.45,45,1
207,2096,9781581134537,"CHI 2002, conference proceedings",45.43,10,1
210,2096,9781581134537,"CHI 2002, conference proceedings",49.06,20,0
208,2097,9780071744317,Oracle database administration for Microsoft SQL server DBAs,47.4,15,1
209,2098,9780072254280,"Oracle database 10g high availability with RAC, Flashback & Data Guard",49.38,20,1
210,2099,9780442013257,Comprehensive database performance for OS/2 2.0's extended services,51.35,25,1
1,2100,9780939274000,Creating and planning the corporate data base system project,43.45,30,1
102,2100,9780939274000,Creating and planning the corporate data base system project,46.93,40,0
2,2101,9781883001469,Information collection,45.43,35,1
101,2102,9781583470800,"DB2 9 for Linux, UNIX, and Windows advanced database administration",47.4,40,1
102,2103,9781886733947,Astronomical data analysis software and systems VIII,49.38,45,1
103,2104,9780080491035,Database Modeling with Microsoft Visio for Enterprise Architects,51.35,10,1
203,2104,9780080491035,Database Modeling with Microsoft Visio for Enterprise Architects,55.46,20,0
201,2105,9781498752701,Big Data Systems,43.45,15,1
202,2106,9783662456866,Physiological Computing Systems,45.43,20,1
203,2107,9781466570672,Computational System Design in R,47.4,25,1
204,2108,9780946818013,ArchitectureDatabase on DIALOG,49.38,30,1
207,2108,9780946818013,ArchitectureDatabase on DIALOG,53.33,40,0
205,2109,9781461561637,Multimedia Information Retrieval,51.35,35,1
206,2110,9780138901950,Designing enterprise client/server systems,43.45,40,1
207,2111,9780333197394,Fundamentals of Data Base Systems,45.43,45,1
208,2112,9788981820299,Konggan chŏngbo deitʻŏbeisŭ kuchʻuk ŭl wihan sirhŏm yŏnʼgu =,47.4,10,1
1,2112,9788981820299,Konggan chŏngbo deitʻŏbeisŭ kuchʻuk ŭl wihan sirhŏm yŏnʼgu =,51.19,20,0
209,2113,9781136034176,Expanding a Digital Content Management System,49.38,15,1
210,2114,9780071705349,Oracle Database 10g XML and SQL,51.35,20,1
1,2115,9781000221930,Data Security in Internet of Things Based RFID and WSN Systems Applications,43.45,25,1
2,2116,9780961866624,"Programming in your words, expert or novice",45.43,30,1
103,2116,9780961866624,"Programming in your words, expert or novice",49.06,40,0
101,2117,9789264047600,The OECD STAN Database for Industrial Analysis 1975-1994,47.4,35,1
102,2118,9783540662471,Advances in spatial databases,49.38,40,1
103,2119,9781784414122,Integrated Information Systems,51.35,45,1
201,2120,9783540241737,Implementing distributed systems with Java and CORBA,43.45,10,1
204,2120,9783540241737,Implementing distributed systems with Java and CORBA,46.93,20,0
202,2121,9780135164280,Knowledge systems design,45.43,15,1
203,2122,9781591401568,Multimedia Systems and Content-Based Image Retrieval,47.4,20,1
204,2123,9783642554162,ICT Systems Security and Privacy Protection,49.38,25,1
205,2124,9780662174622,International Register of Potentially Toxic Chemicals (IRPTC),51.35,30,1
208,2124,9780662174622,International Register of Potentially Toxic Chemicals (IRPTC),55.46,40,0
206,2125,9780471635031,OS/2,43.45,35,1
207,2126,9780521268417,Proceedings of the Third British National Conference on Databases (BNCOD 3),45.43,40,1
208,2127,9781839531156,Blockchain and Machine Learning for e-Healthcare Systems,47.4,45,1
209,2128,9781299861466,Beyond Broadband Access,49.38,10,1
2,2128,9781299861466,Beyond Broadband Access,53.33,20,0
210,2129,9781463755317,2011 ORACLE Database 11g Administrator Certified Associate EXAMETRIX Pocket Review Quiz Questions,51.35,15,1
1,2130,9781484244234,Pro Oracle Database 18c Administration: Manage and Safeguard Your Organization’s Data,43.45,20,1
2,2131,9780471555582,Siemer,45.43,25,1
101,2132,9783642158803,Machine Learning and Knowledge Discovery in Databases,47.4,30,1
201,2132,9783642158803,Machine Learning and Knowledge Discovery in Databases,51.19,40,0
102,2133,9780964826700,Proceedings of the Conference on Law and Information Policy for Spatial Databases,49.38,35,1
103,2134,9780936477015,Pick,51.35,40,1
201,2135,9781583470770,"DB2 9 for Linux, UNIX, and Windows database administration [electronic resource] : certification study guide",43.45,45,1
202,2136,9783642159398,Machine Learning and Knowledge Discovery in Databases,45.43,10,1
205,2136,9783642159398,Machine Learning and Knowledge Discovery in Databases,49.06,20,0
203,2137,9783540735397,Advances in spatial and temporal databases,47.4,15,1
204,2138,9780904933901,The Online manual,49.38,20,1
205,2139,9780961866617,"Programming in Your Own Words With Any Database Program, Expert or Novice",51.35,25,1
206,2140,9780071613705,Applied Oracle security,43.45,30,1
209,2140,9780071613705,Applied Oracle security,46.93,40,0
207,2141,9781558604704,Proceedings of the Twenty-Third International Conference on Very Large Databases,45.43,35,1
208,2142,9781586036720,Patterns for Person-Centered e-Learning,47.4,40,1
209,2143,9781499199222,Biotechnology directory of venture capital and private equity firms,49.38,45,1
210,2144,9780452257207,Inside information,51.35,10,1
101,2144,9780452257207,Inside information,55.46,20,0
1,2145,9781586035570,Graph matching,43.45,15,1
2,2146,9780130650764,DB2 universal database for OS/390 version 7.1 certification guide,45.43,20,1
101,2147,9780585375335,Sams teach yourself database programming with Visual InterDev 6 in 21 days,47.4,25,1
102,2148,9780131840492,DB2 universal database V8.1 certification exam 703 study guide,49.38,30,1
202,2148,9780131840492,DB2 universal database V8.1 certification exam 703 study guide,53.33,40,0
103,2149,9780412639500,Information system concepts,51.35,35,1
201,2150,9780130471161,Implementing CIFS,43.45,40,1
202,2151,9781580256049,System 2000 messages and codes,45.43,45,1
203,2152,9780429174490,Developing Windows-Based and Web-Enabled Information Systems,47.4,10,1
206,2152,9780429174490,Developing Windows-Based and Web-Enabled Information Systems,51.19,20,0
204,2153,9780471543640,Object-oriented information systems,49.38,15,1
205,2154,9781573313520,Neuroprotective agents,51.35,20,1
206,2155,9781111530990,Building Accounting Systems Using Access 2010,43.45,25,1
207,2156,9780131265820,Chemical Information Systems,45.43,30,1
210,2156,9780131265820,Chemical Information Systems,49.06,40,0
208,2157,9780078811807,Data base management systems,47.4,35,1
209,2158,9780893917524,Database ownership and copyright issues among automated library networks,49.38,40,1
210,2159,9780003750218,Collins COBUILD (Collins Birmingham University International Language Database) English language dictionary,51.35,45,1
1,2160,9781622750795,What is a database and how do I use it?,43.45,10,1
102,2160,9781622750795,What is a database and how do I use it?,46.93,20,0
2,2161,9780521320207,Proceedings of the Fourth British National Conference on Databases (BNCOD4),45.43,15,1
101,2162,9780134963730,Systems Management,47.4,20,1
102,2163,9780855392505,Data base systems,49.38,25,1
103,2164,9783540658900,The World Wide Web and databases,51.35,30,1
203,2164,9783540658900,The World Wide Web and databases,55.46,40,0
201,2165,9780201060065,A guide to Ingres,43.45,35,1
202,2166,9780938734376,Databases in the humanities and social sciences--4,45.43,40,1
203,2167,9783540408345,Handbook on ontologies,47.4,45,1
204,2168,9781886733657,Astronomical data analysis software and systems VII,49.38,10,1
207,2168,9781886733657,Astronomical data analysis software and systems VII,53.33,20,0
205,2169,9780201029505,Systems programming,51.35,15,1
206,2170,9783642249617,Semantic Technologies in Content Management Systems,43.45,20,1
207,2171,9781463740283,2011 Oracle Database 11g Performance Tuning Certified Expert EXAMETRIX Exam Pocket Notes,45.43,25,1
208,2172,9780873717847,"PC Environmental Fate Databases, Software and Manual, Volume I (Environmental Fate Data Bases)",47.4,30,1
1,2172,9780873717847,"PC Environmental Fate Databases, Software and Manual, Volume I (Environmental Fate Data Bases)",51.19,40,0
209,2173,9781854771698,A voice from the factories,49.38,35,1
210,2174,9781461560760,Flexible Query Answering Systems,51.35,40,1
1,2175,9789201032003,INIS,43.45,45,1
2,2176,9780387708010,Advances in information systems development,45.43,10,1
103,2176,9780387708010,Advances in information systems development,49.06,20,0
101,2177,9783642257049,Data Security and Security Data,47.4,15,1
102,2178,9781583810477,Astronomical data analysis software and systems IX,49.38,20,1
103,2179,9780948394539,Do IT or die,51.35,25,1
201,2180,9780712307758,Online searching in science and technology,43.45,30,1
204,2180,9780712307758,Online searching in science and technology,46.93,40,0
202,2181,9781430226680,Expert Oracle Practices,45.43,35,1
203,2182,9780916580032,The technology of data base management systems,47.4,40,1
204,2183,9781592293834,SAP NetWeaver AS ABAP system administration,49.38,45,1
205,2184,9798432146380,Decision Making Handbook,51.35,10,1
208,2184,9798432146380,Decision Making Handbook,55.46,20,0
206,2185,9780830628964,Programming with R:BASE System V,43.45,15,1
207,2186,9780029484906,Introduction to knowledge base systems,45.43,20,1
208,2187,9780201483260,Btrieve Complete,47.4,25,1
209,2188,9780894353024,Oracle,49.38,30,1
2,2188,9780894353024,Oracle,53.33,40,0
210,2189,9781118501030,Dynamic Modeling and Predictive Control in Solid Oxide Fuel Cells,51.35,35,1
1,2190,9780720119954,End-users of online information systems,43.45,40,1
2,2191,9783540451921,Artificial immune systems,45.43,45,1
101,2192,9783540728948,Multimedia Retrieval,47.4,10,1
201,2192,9783540728948,Multimedia Retrieval,51.19,20,0
102,2193,9780792372431,Knowledge discovery for business information systems,49.38,15,1
103,2194,9781583476956,Db2 9 System Administration for Z/Os : Certification Study Guide,51.35,20,1
201,2195,9781322060613,OCP,43.45,25,1
202,2196,9781260025965,Oracle Database 12c Release 2 Testing Tools and Techniques for Performance and Scalability,45.43,30,1
205,2196,9781260025965,Oracle Database 12c Release 2 Testing Tools and Techniques for Performance and Scalability,49.06,40,0
203,2197,9780738435831,IBM system storage solutions for smarter systems,47.4,35,1
204,2198,9782708105966,Conception d'un système d'information,49.38,40,1
205,2199,9781484226346,The Cloud DBA-Oracle,51.35,45,1
206,2200,9783790813470,Flexible query answering systems,43.45,10,1
209,2200,9783790813470,Flexible query answering systems,46.93,20,0
207,2201,9780309304146,Review of EPA's Integrated Risk Information System (IRIS) Process,45.43,15,1
208,2202,9780133145762,File systems,47.4,20,1
209,2203,9780876502518,Bibliographic instruction and computer database searching,49.38,25,1
210,2204,9783319252520,Foundations of intelligent systems,51.35,30,1
101,2204,9783319252520,Foundations of intelligent systems,55.46,40,0
1,2205,9780444876379,Distributed data sharing systems,43.45,35,1
2,2206,9780444009524,Health professions,45.43,40,1
101,2207,9781003339748,MANTIS Book,47.4,45,1
102,2208,9780134565422,Use case maps for object-oriented systems,49.38,10,1
202,2208,9780134565422,Use case maps for object-oriented systems,53.33,20,0
103,2209,9780738426365,Application Recovery Tool for Ims and DB2 Databases a Data Recovery Guide,51.35,15,1
201,2210,9780471900108,(WCS)Managing and Using Information Systems 2e with Course Pack Set,43.45,20,1
202,2211,9780131840485,DB2 Universal Database V8.1 certification exams 701 and 706 study guide,45.43,25,1
203,2212,9780309068253,A Question of Balance,47.4,30,1
206,2212,9780309068253,A Question of Balance,51.19,40,0
204,2213,9783540438939,Handbook on data management in information systems,49.38,35,1
205,2214,9781555441524,System 2000,51.35,40,1
206,2215,9781931777193,Intelligent support systems,43.45,45,1
207,2216,9780890062128,Distributed systems,45.43,10,1
210,2216,9780890062128,Distributed systems,49.06,20,0
208,2217,9783540332459,Transactions on computational systems biology IV,47.4,15,1
209,2218,9781583810750,Astronomical data analysis software and systems X,49.38,20,1
210,2219,9783540331728,Data quality,51.35,25,1
1,2220,9780922914142,MicroCase Analysis System,43.45,30,1
102,2220,9780922914142,MicroCase Analysis System,46.93,40,0
2,2221,9783319926384,Hybrid Artificial Intelligent Systems,45.43,35,1
101,2222,9780738435947,IBM zEnterprise System,47.4,40,1
102,2223,9781845530532,Systemic functional perspectives of Japanese,49.38,45,1
103,2224,9781581135268,TAU 2002,51.35,10,1
203,2224,9781581135268,TAU 2002,55.46,20,0
201,2225,9781567500295,Blackboard systems,43.45,15,1
202,2226,9783319204239,Data Science,45.43,20,1
203,2227,9783319135038,Information Systems Management in the Big Data Era,47.4,25,1
204,2228,9781280343292,OLAP Solutions,49.38,30,1
207,2228,9781280343292,OLAP Solutions,53.33,40,0
205,2229,9781402071744,Information systems,51.35,35,1
206,2230,9783540430469,Transactional Agents,43.45,40,1
207,2231,9781931777001,Intelligent support systems,45.43,45,1
208,2232,9780412640001,Information systems development for decentralized organizations,47.4,10,1
1,2232,9780412640001,Information systems development for decentralized organizations,51.19,20,0
209,2233,9780444875150,Transborder Data Flows,49.38,15,1
210,2234,9780470191187,Oracle Forensics Using Quisix,51.35,20,1
1,2235,9781259585166,Oracle R Enterprise,43.45,25,1
2,2236,9781587200359,"CIM CCIE Expert Labs, Multiprotocol Challenge (Network Simulator CD-ROM)",45.43,30,1
103,2236,9781587200359,"CIM CCIE Expert Labs, Multiprotocol Challenge (Network Simulator CD-ROM)",49.06,40,0
101,2237,9780792373759,Ontology-based query processing for global information systems,47.4,35,1
102,2238,9781591403760,Information modeling methods and methodologies,49.38,40,1
103,2239,9780387728124,Achievements in European research on Grid systems,51.35,45,1
201,2240,9780203088517,Next Generation Geospatial Information,43.45,10,1
204,2240,9780203088517,Next Generation Geospatial Information,46.93,20,0
202,2241,9781402036743,Enterprise information systems VI,45.43,15,1
203,2242,9780672224157,Discovering Knowledgeman,47.4,20,1
204,2243,9780738498799,Reorganizing Databases Using Ims Tools a Detailed Look at the IBM Ims High Performance Tools,49.38,25,1
205,2244,9780884053361,Information management systems,51.35,30,1
208,2244,9780884053361,Information management systems,55.46,40,0
206,2245,9781461492542,High Level Models and Methodologies for Information Systems,43.45,35,1
207,2246,9780738485096,IBM System Z10 Enterprise Class technical guide,45.43,40,1
208,2247,9780764547171,CCNA Study System,47.4,45,1
209,2248,9788121204736,History of science in India,49.38,10,1
2,2248,9788121204736,History of science in India,53.33,20,0
210,2249,9782744003509,Le Programmeur Oracle8,51.35,15,1
1,2250,9783540306757,Fuzzy Database Modeling of Imprecise and Uncertain Engineering Information (Studies in Fuzziness and Soft Computing),43.45,20,1
2,2251,9780850124200,Data dictionary systems,45.43,25,1
101,2252,9780071790420,Oracle Solaris 11 System Administration The Complete Reference,47.4,30,1
201,2252,9780071790420,Oracle Solaris 11 System Administration The Complete Reference,51.19,40,0
102,2253,9780894353079,Using DB2 to Build Decision Support Systems,49.38,35,1
103,2254,9780849394935,Data management systems,51.35,40,1
201,2255,9782866990275,Le système Prologue,43.45,45,1
202,2256,9780130471178,Intelligent systems for video analysis and access over the Internet,45.43,10,1
205,2256,9780130471178,Intelligent systems for video analysis and access over the Internet,49.06,20,0
203,2257,9788390043463,"AZP F̲ox, release 1.8",47.4,15,1
204,2258,9780818683824,3rd IFCIS International Conference on Cooperative Information Systems,49.38,20,1
205,2259,9783319706870,Cognitive Computing for Big Data Systems Over IoT,51.35,25,1
206,2260,9783540584513,Object-oriented methodologies and systems,43.45,30,1
209,2260,9783540584513,Object-oriented methodologies and systems,46.93,40,0
207,2261,9781886733459,Astronomical data analysis software and systems VI,45.43,35,1
208,2262,9780134948652,Sybase system XI,47.4,40,1
209,2263,9780792399261,Information retrieval systems,49.38,45,1
210,2264,9780819448217,Storage and retrieval for media databases 2003,51.35,10,1
101,2264,9780819448217,Storage and retrieval for media databases 2003,55.46,20,0
1,2265,9780072229523,Oracle Database 10g,43.45,15,1
2,2266,9783540526254,Advanced information systems engineering,45.43,20,1
101,2267,9781583816592,Astronomical Data and Analysis Software and Systems XVII,47.4,25,1
102,2268,9780471751571,Developing Chemical Information Systems,49.38,30,1
202,2268,9780471751571,Developing Chemical Information Systems,53.33,40,0
103,2269,9780738437774,IBM XIV storage system,51.35,35,1
201,2270,9788374934145,Information systems architecture and technology,43.45,40,1
202,2271,9780933332249,Thesaurus for SOYA,45.43,45,1
203,2272,9783319122946,"Information Systems Reengineering, Integration and Normalization",47.4,10,1
206,2272,9783319122946,"Information Systems Reengineering, Integration and Normalization",51.19,20,0
204,2273,9780814454626,Data base systems,49.38,15,1
205,2274,9783540419433,Natural language processing and information systems,51.35,20,1
206,2275,9780833023384,An approach to replicated data bases for robust command and control,43.45,25,1
207,2276,9780071629188,OCA/OCP Oracle database 11g all-in-one exam guide,45.43,30,1
210,2276,9780071629188,OCA/OCP Oracle database 11g all-in-one exam guide,49.06,40,0
208,2277,9789264058323,The Oecd Stan Database for Industrial Analysis 1970/1977,47.4,35,1
209,2278,9780471447269,Oracle 9i Database 3CD's Windows 2000/NT/XP-includes personal enterprise and standard editions,49.38,40,1
210,2279,9780792398998,Multimedia information retrieval,51.35,45,1
1,2280,9782863750032,Méthode de définition d'un système d'informations,43.45,10,1
102,2280,9782863750032,Méthode de définition d'un système d'informations,46.93,20,0
2,2281,9780818663529,Parallel architectures for data/knowledge-based systems,45.43,15,1
101,2282,9781461314134,Resource Management for Distributed Multimedia Systems,47.4,20,1
102,2283,9780769516608,21st IEEE Symposium on Reliable Distributed Systems,49.38,25,1
103,2284,9780134553535,Sybase systems management,51.35,30,1
203,2284,9780134553535,Sybase systems management,55.46,40,0
201,2285,9780850121919,Data dictionary systems,43.45,35,1
202,2286,9780894350016,Data dictionary systems,45.43,40,1
203,2287,9789251341537,Policy Responses to COVID-19 Crisis in near East and North Africa - Keeping Food and Agricultural Systems Alive,47.4,45,1
204,2288,9780835966429,Relational information systems,49.38,10,1
207,2288,9780835966429,Relational information systems,53.33,20,0
205,2289,9783642408458,Hybrid Artificial Intelligent Systems,51.35,15,1
206,2290,9780738433776,IBM System z10 Enterprise Class technical guide,43.45,20,1
207,2291,9781849198950,Clean Mobility and Intelligent Transport Systems,45.43,25,1
208,2292,9781849510301,PostgreSQL 9.0 High Performance,47.4,30,1
1,2292,9781849510301,PostgreSQL 9.0 High Performance,51.19,40,0
209,2293,9780841235236,The Beilstein system,49.38,35,1
210,2294,9781583811696,Astronomical data analysis software and systems XIII,51.35,40,1
1,2295,9781555700232,Managing your information,43.45,45,1
2,2296,9780818622601,Proceedings,45.43,10,1
103,2296,9780818622601,Proceedings,49.06,20,0
101,2297,9780208016607,Online information retrieval systems,47.4,15,1
102,2298,9780863802287,Information systems interoperability,49.38,20,1
103,2299,9780201634570,Information Systems Outsourcing,51.35,25,1
201,2300,9780789700872,Using Sybase System XI,43.45,30,1
204,2300,9780789700872,Using Sybase System XI,46.93,40,0
202,2301,9780201631760,Distributed systems management,45.43,35,1
203,2302,9781590592465,Content Management Systems,47.4,40,1
204,2303,9780340850459,Higher Information Systems,49.38,45,1
205,2304,9780792398745,Models in system design,51.35,10,1
208,2304,9780792398745,Models in system design,55.46,20,0
206,2305,9783642013508,Advanced Internet Based Systems and Applications,43.45,15,1
207,2306,9780128201183,Cooperative Control of Multi-Agent Systems,45.43,20,1
208,2307,9780720407587,Architecture and models in data base management systems,47.4,25,1
209,2308,9781484219096,Pro Hadoop Data Analytics: Designing and Building Big Data Systems using the Hadoop Ecosystem,49.38,30,1
2,2308,9781484219096,Pro Hadoop Data Analytics: Designing and Building Big Data Systems using the Hadoop Ecosystem,53.33,40,0
210,2309,9781493212569,SAP system security,51.35,35,1
1,2310,9783540294016,Transactions on Computational Systems Biology II,43.45,40,1
2,2311,9783540437383,Advanced information systems engineering,45.43,45,1
101,2312,9780976354703,Information retrieval design,47.4,10,1
201,2312,9780976354703,Information retrieval design,51.19,20,0
102,2313,9780789501103,The Object-Oriented Approach,49.38,15,1
103,2314,9783540314462,Transactions on Computational Systems Biology III,51.35,20,1
201,2315,9783704501134,"The IIASA database for mean monthly values of temperature, precipitation, and cloudiness on a global terrestrial grid",43.45,25,1
202,2316,9783540198772,Security for object-oriented systems,45.43,30,1
205,2316,9783540198772,Security for object-oriented systems,49.06,40,0
203,2317,9783540638186,Algorithmic foundations of geographic information systems,47.4,35,1
204,2318,9781484219836,Expert Oracle Indexing and Access Paths,49.38,40,1
205,2319,9781643684680,Formal Ontology in Information Systems,51.35,45,1
206,2320,9789512913671,Extended relational database models and dynamic GIS,43.45,10,1
209,2320,9789512913671,Extended relational database models and dynamic GIS,46.93,20,0
207,2321,9788085165456,Systém mikro CDS,45.43,15,1
208,2322,9781463720964,2011 Oracle Database SQL Expert Exametrix 100 Pocket Review Questions,47.4,20,1
209,2323,9780916543105,"The Ratings Book, 1984-85",49.38,25,1
210,2324,9781558605084,Transactional information systems,51.35,30,1
101,2324,9781558605084,Transactional information systems,55.46,40,0
1,2325,9780444703736,Temporal aspects in information systems,43.45,35,1
2,2326,9781583811429,Astronomical data analysis software and systems XII,45.43,40,1
101,2327,9781555445386,The SAS system,47.4,45,1
102,2328,9789282593660,"Report on the first invitation conference on databases for education and training, Berlin, 1-3 June 1988",49.38,10,1
202,2328,9789282593660,"Report on the first invitation conference on databases for education and training, Berlin, 1-3 June 1988",53.33,20,0
103,2329,9789283214496,CI5VII : Electronic Database of Cancer Incidence in Five Continents Vol. 7 : Volume VII,51.35,15,1
201,2330,9789264042728,The Oecd Stan Database for Industrial Analysis 1974-1993/LA Base,43.45,20,1
202,2331,9783319112978,Adaptive and Intelligent Systems,45.43,25,1
203,2332,9780071820288,OCA Oracle Database 12c SQL Fundamentals I Exam Guide (Exam 1Z0-061) (Oracle Press),47.4,30,1
206,2332,9780071820288,OCA Oracle Database 12c SQL Fundamentals I Exam Guide (Exam 1Z0-061) (Oracle Press),51.19,40,0
204,2333,9780818662058,IMS '91,49.38,35,1
205,2334,9781555441845,"System 2000 PLEX manual, version 12",51.35,40,1
206,2335,9780387848099,Information systems development,43.45,45,1
207,2336,9783030296650,Real-time Linked Dataspaces,45.43,10,1
210,2336,9783030296650,Real-time Linked Dataspaces,49.06,20,0
208,2337,9783319396958,Advanced information systems engineering,47.4,15,1
209,2338,9783540304807,Web information systems - WISE 2004,49.38,20,1
210,2339,9780850120585,Generalised data management systems,51.35,25,1
1,2340,9780444863744,Distributed data sharing systems,43.45,30,1
102,2340,9780444863744,Distributed data sharing systems,46.93,40,0
2,2341,9780894350443,Codasyl Data Base Management Systems,45.43,35,1
101,2342,9781402071706,Mining spatio-temporal information systems,47.4,40,1
102,2343,9780070563254,Data base management systems,49.38,45,1
103,2344,9781889760001,Step: Towards Open Systems,51.35,10,1
203,2344,9781889760001,Step: Towards Open Systems,55.46,20,0
201,2345,9783319117485,Web Information Systems Engineering -- WISE 2014,43.45,15,1
202,2346,9783540481058,Web information systems--WISE 2006,45.43,20,1
203,2347,9783642259357,Incomplete Information System and Rough Set Theory,47.4,25,1
204,2348,9780471051640,Data dictionary/directory systems,49.38,30,1
207,2348,9780471051640,Data dictionary/directory systems,53.33,40,0
205,2349,9780080513713,Advances in Persistent Object Systems,51.35,35,1
206,2350,9780851422435,Database development and Chinese information needs =,43.45,40,1
207,2351,9780127017402,Data base management systems,45.43,45,1
208,2352,9783642049569,Flexible query answering systems,47.4,10,1
1,2352,9783642049569,Flexible query answering systems,51.19,20,0
209,2353,9780792382164,Interconnecting heterogeneous information systems,49.38,15,1
210,2354,9780387194028,Uncertainty and intelligent systems,51.35,20,1
1,2355,9781555445379,The SAS System,43.45,25,1
2,2356,9781566042864,The visual guide to Microsoft Access for Windows 95,45.43,30,1
103,2356,9781566042864,The visual guide to Microsoft Access for Windows 95,49.06,40,0
101,2357,9780738440163,IBM XIV storage system architecture and implementation,47.4,35,1
102,2358,9781403901699,Systems Building with Oracle,49.38,40,1
103,2359,9780833087379,U.S. security-related agreements in force since 1955,51.35,45,1
201,2360,9780566080708,Designing public access systems,43.45,10,1
204,2360,9780566080708,Designing public access systems,46.93,20,0
202,2361,9780262122658,DNA and the Criminal Justice System,45.43,15,1
203,2362,9781461359333,The design and implementation of a log-structured file system,47.4,20,1
204,2363,9780442225568,Logical construction of systems,49.38,25,1
205,2364,9789041111814,Interfacing Between Lawyers and Computers:An Architecture for Knowledge-Based Interfaces to Legal Databases (Law and Electronic Commerce),51.35,30,1
208,2364,9789041111814,Interfacing Between Lawyers and Computers:An Architecture for Knowledge-Based Interfaces to Legal Databases (Law and Electronic Commerce),55.46,40,0
206,2365,9781599040547,Reference modeling for business systems analysis,43.45,35,1
207,2366,9780471828068,Basic User's Guide to Full-Text Chemical Databases,45.43,40,1
208,2367,9783031011818,IRODS Primer 2,47.4,45,1
209,2368,9780131078055,Business systems for microcomputers,49.38,10,1
2,2368,9780131078055,Business systems for microcomputers,53.33,20,0
210,2369,9780315308312,Property rights and information markets,51.35,15,1
1,2370,9780132659529,Introduction to IMS,43.45,20,1
2,2371,9780876501955,Downloading/uploading online databases & catalogs,45.43,25,1
101,2372,9781583812150,Astronomical data analysis software and systems XIV,47.4,30,1
201,2372,9781583812150,Astronomical data analysis software and systems XIV,51.19,40,0
102,2373,9781461373384,Fundamentals of Information Systems,49.38,35,1
103,2374,9783540204985,On the move to meaningful Internet systems 2003,51.35,40,1
201,2375,9783642247637,Flexible Query Answering Systems,43.45,45,1
202,2376,9789996528705,Inis,45.43,10,1
205,2376,9789996528705,Inis,49.06,20,0
203,2377,9783319041551,Big Data Integration Theory,47.4,15,1
204,2378,9780850121285,Data base management systems,49.38,20,1
205,2379,9780444892096,Object oriented approach in information systems,51.35,25,1
206,2380,9780387089171,Few body systems and nuclear forces,43.45,30,1
209,2380,9780387089171,Few body systems and nuclear forces,46.93,40,0
207,2381,9783540433491,Quality-Driven Query Answering for Integrated Information Systems,45.43,35,1
208,2382,9780471611820,Personalized data base systems,47.4,40,1
209,2383,9780471570080,DB2,49.38,45,1
210,2384,9781402005633,Enterprise Information Systems III,51.35,10,1
101,2384,9781402005633,Enterprise Information Systems III,55.46,20,0
1,2385,9780131038134,Object-oriented multidatabase systems,43.45,15,1
2,2386,9783642031854,Warehouse Management,45.43,20,1
101,2387,9783642237829,Machine Learning And Knowledge Discovery In Databases European Conference Ecml Pkdd 2010 Athens Greece September 59 2011 Proceedings,47.4,25,1
102,2388,9783642215575,Multiple Classifier Systems,49.38,30,1
202,2388,9783642215575,Multiple Classifier Systems,53.33,40,0
103,2389,9781522572718,New Perspectives on Information Systems Modeling and Design,51.35,35,1
201,2390,9781522572732,New Perspectives on Information Systems Modeling and Design,43.45,40,1
202,2391,9780444817914,Decentralized and distributed systems,45.43,45,1
203,2392,9781852333171,Information systems engineering,47.4,10,1
206,2392,9781852333171,Information systems engineering,51.19,20,0
204,2393,9780937707968,Astronomical data analysis software and systems IV,49.38,15,1
205,2394,9780919884595,WATFILE/Plus data manipulation system tutorial and reference,51.35,20,1
206,2395,9781522582953,Applying Integration Techniques and Methods in Distributed Systems,43.45,25,1
207,2396,9780071406116,Maximizing your ERP system,45.43,30,1
210,2396,9780071406116,Maximizing your ERP system,49.06,40,0
208,2397,9781461561606,Planning and architectural design of modern command control communications and information systems,47.4,35,1
209,2398,9781456355692,Unix Handbook for Oracle DBA,49.38,40,1
210,2399,9783540209089,Agent-based hybrid intelligent systems,51.35,45,1
1,2400,9781460919163,Starlight Visual Information System,43.45,10,1
102,2400,9781460919163,Starlight Visual Information System,46.93,20,0
2,2401,9781466239371,Starlight VIS/VIS Le,45.43,15,1
101,2402,9781558101067,Nursing Data Systems,47.4,20,1
102,2403,9780471546948,Software tools for business,49.38,25,1
103,2404,9780132011792,Data driven systems modeling,51.35,30,1
203,2404,9780132011792,Data driven systems modeling,55.46,40,0
201,2405,9783642239823,Web Information Systems and Mining,43.45,35,1
202,2406,9783642022784,Scientific And Statistical Database Management 21st International Conference Ssdbm 2009 New Orleans La Usa June 24 2009 Proceedings,45.43,40,1
203,2407,9780198577607,Designs for a global plant species information system,47.4,45,1
204,2408,9780471590200,Introduction to Cross Systems Product,49.38,10,1
207,2408,9780471590200,Introduction to Cross Systems Product,53.33,20,0
205,2409,9780134979182,Introduction to Interoperable Multidatabase Systems,51.35,15,1
206,2410,9780801844928,Advances in computer methods for systematic biology,43.45,20,1
207,2411,9783540441229,Conceptual modeling for new information systems technologies,45.43,25,1
208,2412,9784274902239,Formal ontology in information systems,47.4,30,1
1,2412,9784274902239,Formal ontology in information systems,51.19,40,0
209,2413,9781583473740,Db2 10.5 - Implementation and Exploitation,49.38,35,1
210,2414,9781583812198,Astronomical data analysis software and systems XV,51.35,40,1
1,2415,9780471580294,Advanced VSE Systems Programming Techniques,43.45,45,1
2,2416,9782225756696,"Systèmes, organisations, bases de données",45.43,10,1
103,2416,9782225756696,"Systèmes, organisations, bases de données",49.06,20,0
101,2417,9780946377008,Succeeding with data base systems,47.4,15,1
102,2418,9780313277504,Journalism for the 21st century,49.38,20,1
103,2419,9780003751154,Collins COBUILD English dictionary for advanced learners,51.35,25,1
201,2420,9780442239947,Evaluating data base management systems,43.45,30,1
204,2420,9780442239947,Evaluating data base management systems,46.93,40,0
202,2421,9780471810513,Systems Design for Data Protection,45.43,35,1
203,2422,9783540393894,Conceptual modeling of information systems,47.4,40,1
204,2423,9780574210807,Computer systems organization and programming,49.38,45,1
205,2424,9780803123427,1996 Annual Book of Astm Standards: Section 14 : General Methods and Instrumentation,51.35,10,1
208,2424,9780803123427,1996 Annual Book of Astm Standards: Section 14 : General Methods and Instrumentation,55.46,20,0
206,2425,9780534149703,4 Software Tools,43.45,15,1
207,2426,9780128043578,Data mining,45.43,20,1
208,2427,9780672484360,The Best Book of OS/2 Data Base Management,47.4,25,1
209,2428,9781590474068,SAS 9.1 output delivery system,49.38,30,1
2,2428,9781590474068,SAS 9.1 output delivery system,53.33,40,0
210,2429,9780894351082,Planning techniques for systems management,51.35,35,1
1,2430,9781556150234,R:base system V,43.45,40,1
2,2431,9782866017316,Networking and Information Systems Journal,45.43,45,1
101,2432,9780894350689,Information resource/data dictionary systems,47.4,10,1
201,2432,9780894350689,Information resource/data dictionary systems,51.19,20,0
102,2433,9780132042895,Developing a data dictionary system,49.38,15,1
103,2434,9780769515762,Proceedings of the Seventh IEEE International Workshop on Object-Oriented Real-Time Dependable Systems (WORDS 2002),51.35,20,1
201,2435,9780745806983,Information storage and retrieval systems,43.45,25,1
202,2436,9781590472187,SAS 9.1 output delivery system,45.43,30,1
205,2436,9781590472187,SAS 9.1 output delivery system,49.06,40,0
203,2437,9783528053864,Modeling of dynamic object systems,47.4,35,1
204,2438,9780595285303,System Administration Guide Basic Administration,49.38,40,1
205,2439,9780818620812,"Reliable Distributed Systems, 9th",51.35,45,1
206,2440,9780835712231,Update synchronization in multiaccess systems,43.45,10,1
209,2440,9780835712231,Update synchronization in multiaccess systems,46.93,20,0
207,2441,9780760049273,dBASE Systems Management and Design,45.43,15,1
208,2442,9782708102293,L' organisation des données d'un système,47.4,20,1
209,2443,9780673460776,Building systems with dBASE IV,49.38,25,1
210,2444,9780273034544,Project Management for Information Systems,51.35,30,1
101,2444,9780273034544,Project Management for Information Systems,55.46,40,0
1,2445,9780738434773,IBM zEnterprise system technical guide,43.45,35,1
2,2446,9781605662787,Innovations in information systems modeling,45.43,40,1
101,2447,9780738434308,IBM System Storage Data Encryption,47.4,45,1
102,2448,9780772948168,Ontario structure inspection management system (OSIMS),49.38,10,1
202,2448,9780772948168,Ontario structure inspection management system (OSIMS),53.33,20,0
103,2449,9789275123850,The regulation of privacy and data protection in the use of electronic health information,51.35,15,1
201,2450,9781555441487,"System 2000 DBMS, [Sperry 1100 series computers]",43.45,20,1
202,2451,9788171546848,The Bihar geographic information system,45.43,25,1
203,2452,9781280264757,Data Engineering,47.4,30,1
206,2452,9781280264757,Data Engineering,51.19,40,0
204,2453,9783642194610,Web Data Mining,49.38,35,1
205,2454,9783642688539,Concepts for Distributed Systems Design,51.35,40,1
206,2455,9781580258593,Output Delivery System: The Basics,43.45,45,1
207,2456,9780660596655,Capitalization of data in the PARIS system,45.43,10,1
210,2456,9780660596655,Capitalization of data in the PARIS system,49.06,20,0
208,2457,9780070052031,Sybase and client/server computing,47.4,15,1
209,2458,9781461527961,A Practitioner's handbook for real-time analysis,49.38,20,1
210,2459,9780874551327,Compute!'s quick & easy guide to R:BASE system V,51.35,25,1
1,2460,9781461511496,Mining Spatio-Temporal Information Systems,43.45,30,1
102,2460,9781461511496,Mining Spatio-Temporal Information Systems,46.93,40,0
2,2461,9789061322825,Automated aggregation of geographic objects,45.43,35,1
101,2462,9783540199120,Persistent object systems,47.4,40,1
102,2463,9783816734475,ICONDA communication format,49.38,45,1
103,2464,9783319087290,Rough Sets and Intelligent Systems Paradigms,51.35,10,1
203,2464,9783319087290,Rough Sets and Intelligent Systems Paradigms,55.46,20,0
201,2465,9783816703419,ICONDA communication format,43.45,15,1
202,2466,9783642346002,Network and System Security,45.43,20,1
203,2467,9783810722256,Data base management systems,47.4,25,1
204,2468,9780471416562,Data Engineering,49.38,30,1
207,2468,9780471416562,Data Engineering,53.33,40,0
205,2469,9783319083261,Foundations of Intelligent Systems,51.35,35,1
206,2470,9783540359715,Flexible and efficient information handling,43.45,40,1
207,2471,9783540205449,Learning classifier systems,45.43,45,1
208,2472,9781846283826,Information Systems Reengineering and Integration,47.4,10,1
1,2472,9781846283826,Information Systems Reengineering and Integration,51.19,20,0
209,2473,9780748407583,Philosophical Issues In Information Systems,49.38,15,1
210,2474,9780387785776,Information Systems Development,51.35,20,1
1,2475,9780887361944,SCIL 1987,43.45,25,1
2,2476,9783540236092,Semantics of a networked world,45.43,30,1
103,2476,9783540236092,Semantics of a networked world,49.06,40,0
101,2477,9789264052659,The OECD STAN database for industrial analysis =,47.4,35,1
102,2478,9789289490276,The DAFNE food classification system,49.38,40,1
103,2479,9780792378068,Information systems concepts,51.35,45,1
201,2480,9780738435275,IBM system storage DS Storage Manager,43.45,10,1
204,2480,9780738435275,IBM system storage DS Storage Manager,46.93,20,0
202,2481,9780851573632,Online information retrieval systems,45.43,15,1
203,2482,9783540198000,Persistent object systems,47.4,20,1
204,2483,9781614998273,Fuzzy systems and data mining III,49.38,25,1
205,2484,9780442010751,Engineering information management systems,51.35,30,1
208,2484,9780442010751,Engineering information management systems,55.46,40,0
206,2485,9783540321279,Advanced Information Systems Engineering,43.45,35,1
207,2486,9780837177175,Information systems and networks,45.43,40,1
208,2487,9781430238324,Expert Oracle and Java security,47.4,45,1
209,2488,9780720404593,Modelling in data base management systems,49.38,10,1
2,2488,9780720404593,Modelling in data base management systems,53.33,20,0
210,2489,9781785284809,Advanced Oracle PL/SQL Developer's Guide - Second Edition,51.35,15,1
1,2490,9783540433583,Recent advances in visual information systems,43.45,20,1
2,2491,9781883187033,The regional performance benchmarks system,45.43,25,1
101,2492,9780835712118,Performance evaluation of data base systems,47.4,30,1
201,2492,9780835712118,Performance evaluation of data base systems,51.19,40,0
102,2493,9780471878957,Audit and Control of Systems Software,49.38,35,1
103,2494,9783642069703,Data Quality DataCentric Systems and Applications,51.35,40,1
201,2495,9780769513683,20th IEEE Symposium on Reliable Distributed Systems,43.45,45,1
202,2496,9780124438750,Knowledge-Based Systems Techniques and Applications (4-Volume Set),45.43,10,1
205,2496,9780124438750,Knowledge-Based Systems Techniques and Applications (4-Volume Set),49.06,20,0
203,2497,9780724804313,Fourth Generation Data,47.4,15,1
204,2498,9780780330399,Proceedings,49.38,20,1
205,2499,9783540001300,XML-based data management and multimedia engineering--EDBT 2002,51.35,25,1
206,2500,9781586034689,Formal ontology in information systems,43.45,30,1
209,2500,9781586034689,Formal ontology in information systems,46.93,40,0
207,2501,9780471276128,A relational data base management system,45.43,35,1
208,2502,9780769519555,22nd International Symposium on Reliable Distributed Systems,47.4,40,1
209,2503,9781847193629,ASP.NET 3.5 content management system development,49.38,45,1
210,2504,9780880222822,R:BASE System V user's guide,51.35,10,1
101,2504,9780880222822,R:BASE System V user's guide,55.46,20,0
1,2505,9780912677125,System design guide featuring dBASE II,43.45,15,1
2,2506,9783540769927,Web information systems engineering-- WISE 2007,45.43,20,1
101,2507,9782760705227,Systèmes d'information de l'entreprise,47.4,25,1
102,2508,9780792397489,Resource management for distributed multimedia systems,49.38,30,1
202,2508,9780792397489,Resource management for distributed multimedia systems,53.33,40,0
103,2509,9780889870758,1989 software catalogue,51.35,35,1
201,2510,9783031011436,iRODS primer,43.45,40,1
202,2511,9783540556169,The Next generation of information systems,45.43,45,1
203,2512,9780858891135,Design of computer-based information systems,47.4,10,1
206,2512,9780858891135,Design of computer-based information systems,51.19,20,0
204,2513,9781599040561,Reference Modeling for Business Systems Analysis,49.38,15,1
205,2514,9781599040554,Reference Modeling for Business Systems Analysis,51.35,20,1
206,2515,9783540300175,Web information systems engineering,43.45,25,1
207,2516,9780818675058,First IFCIS International Conference on Cooperative Information Systems,45.43,30,1
210,2516,9780818675058,First IFCIS International Conference on Cooperative Information Systems,49.06,40,0
208,2517,9780697153494,Management information systems casebook with applications,47.4,35,1
209,2518,9780818680496,Data management systems,49.38,40,1
210,2519,9780769501017,Object-oriented Real-time Dependable Systems,51.35,45,1
1,2520,9780830629787,R:base system V and 5000,43.45,10,1
102,2520,9780830629787,R:base system V and 5000,46.93,20,0
2,2521,9781555441777,System 2000 introductory guide for SAS software users,45.43,15,1
101,2522,9783540442226,Engineering and deployment of cooperative information systems,47.4,20,1
102,2523,9783899369632,Management of data quality in enterprise resource planning systems,49.38,25,1
103,2524,9783662495339,Transactions on Large-Scale Data- and Knowledge-Centered Systems XXV,51.35,30,1
203,2524,9783662495339,Transactions on Large-Scale Data- and Knowledge-Centered Systems XXV,55.46,40,0
201,2525,9789280311532,An efficiency-based management information system,43.45,35,1
202,2526,9780131959910,Data base management systems in business,45.43,40,1
203,2527,9783642429941,Benchmarking Transaction and Analytical Processing Systems,47.4,45,1
204,2528,9789170322686,Performance issues in distributed computing systems,49.38,10,1
207,2528,9789170322686,Performance issues in distributed computing systems,53.33,20,0
205,2529,9780884053392,Interactive decision oriented data base systems,51.35,15,1
206,2530,9783642390876,Foundations of Health Information Engineering and Systems,43.45,20,1
207,2531,9780738497235,IBM System Storage N Series Snapmirror,45.43,25,1
208,2532,9783319111124,Web Reasoning and Rule Systems,47.4,30,1
1,2532,9783319111124,Web Reasoning and Rule Systems,51.19,40,0
209,2533,9780324665277,Building Accounting Systems Using Access 2007,49.38,35,1
210,2534,9783642353314,Transactions on Large-Scale Data- and Knowledge-Centered Systems VII,51.35,40,1
1,2535,9781138063488,Intelligent Systems for Smart Grid,43.45,45,1
2,2536,9783662457146,Transactions on Large-Scale Data- and Knowledge-Centered Systems XIV,45.43,10,1
103,2536,9783662457146,Transactions on Large-Scale Data- and Knowledge-Centered Systems XIV,49.06,20,0
101,2537,9783540544500,Catalogue of distributed file/operating systems,47.4,15,1
102,2538,9782040116286,Bases de données et systèmes relationnels,49.38,20,1
103,2539,9783540121169,Distributed Systems - Architecture and Implementation,51.35,25,1
201,2540,9780731518630,Agricultural systems of Papua New Guinea working paper,43.45,30,1
204,2540,9780731518630,Agricultural systems of Papua New Guinea working paper,46.93,40,0
202,2541,9780471138846,Design of library automation systems,45.43,35,1
203,2542,9781576103968,MCSE SQL 7 System Administration Prep and Cram Pack,47.4,40,1
204,2543,9783642280337,Eternal Systems,49.38,45,1
205,2544,9783540465645,Foundations of information and knowledge systems,51.35,10,1
208,2544,9783540465645,Foundations of information and knowledge systems,55.46,20,0
206,2545,9781565920804,4.4BSD System Manager's Manual (Smm),43.45,15,1
207,2546,9788301035228,Software for data bases in teleprocessing systems,45.43,20,1
208,2547,9780477067775,Our national landscapes,47.4,25,1
209,2548,9780738489667,Experiences With Oracle® 10gr2 Solutions on Linux for IBM System Z,49.38,30,1
2,2548,9780738489667,Experiences With Oracle® 10gr2 Solutions on Linux for IBM System Z,53.33,40,0
210,2549,9780738432724,IBM System Storage N Series A-SIS deduplication,51.35,35,1
1,2550,9780769526775,25th IEEE Symposium on Reliable Distributed Systems,43.45,40,1
2,2551,9780769505442,Proceedings: the 19th IEEE Symposium on Reliable Distributed Systems,45.43,45,1
101,2552,9780070410312,The object-oriented enterprise,47.4,10,1
201,2552,9780070410312,The object-oriented enterprise,51.19,20,0
102,2553,9780720407198,The ANSI/SPARC DBMS model,49.38,15,1
103,2554,9783642400698,Transactions on Large-Scale Data- and Knowledge-Centered Systems IX,51.35,20,1
201,2555,9783662491751,Transactions on Large-Scale Data- and Knowledge-Centered Systems XXIII,43.45,25,1
202,2556,9783662478042,Transactions on Large-Scale Data- and Knowledge-Centered Systems XXI,45.43,30,1
205,2556,9783662478042,Transactions on Large-Scale Data- and Knowledge-Centered Systems XXI,49.06,40,0
203,2557,9780819408167,Image storage and retrieval systems,47.4,35,1
204,2558,9783642346255,Foundations of Intelligent Systems,49.38,40,1
205,2559,9783540461050,Advances in object-oriented information systems,51.35,45,1
206,2560,9781590479346,SAS/ACCESS 9.2 interface to system 2000,43.45,10,1
209,2560,9781590479346,SAS/ACCESS 9.2 interface to system 2000,46.93,20,0
207,2561,9783031610561,Advanced Information Systems Engineering,45.43,15,1
208,2562,9780134897257,Object-Oriented Software Engineering,47.4,20,1
209,2563,9783642219160,Foundations of Intelligent Systems,49.38,25,1
210,2564,9780894350535,Data base management systems for the eighties,51.35,30,1
101,2564,9780894350535,Data base management systems for the eighties,55.46,40,0
1,2565,9783540360483,Transactions on computational systems biology V,43.45,35,1
2,2566,9780738431604,IBM Enterprise content management and system storage solutions,45.43,40,1
101,2567,9783540410218,Cooperative information systems,47.4,45,1
102,2568,9780080503936,Designing data-intensive Web applications,49.38,10,1
202,2568,9780080503936,Designing data-intensive Web applications,53.33,20,0
103,2569,9780792346715,Integrated approach to environmental data management systems,51.35,15,1
201,2570,9780818622052,International Workshop on Interoperability in Multidatabase Systems,43.45,20,1
202,2571,9781608455089,Search-based applications,45.43,25,1
203,2572,9781567500271,Human Factors in Information Systems,47.4,30,1
206,2572,9781567500271,Human Factors in Information Systems,51.19,40,0
204,2573,9780471567400,ORACLE,49.38,35,1
205,2574,9781558607453,System architecture with XML,51.35,40,1
206,2575,9783861112167,Task-based security for knowledge base systems,43.45,45,1
207,2576,9780273087946,Automatic refinement of expert system knowledge bases,45.43,10,1
210,2576,9780273087946,Automatic refinement of expert system knowledge bases,49.06,20,0
208,2577,9780818680342,Ninth Euromicro Workshop on Real Time Systems,47.4,15,1
209,2578,9783662459461,Transactions on Large-Scale Data- and Knowledge-Centered Systems XVI,49.38,20,1
210,2579,9788672690286,Muzejski informacioni sistem Srbije =,51.35,25,1
1,2580,9781590471630,Quick results with the output delivery system,43.45,30,1
102,2580,9781590471630,Quick results with the output delivery system,46.93,40,0
2,2581,9780889367289,The MIBIS manual,45.43,35,1
101,2582,9788374933452,Information systems architecture and technology,47.4,40,1
102,2583,9781591402657,Multimedia systems and content-based image retrieval,49.38,45,1
103,2584,9781138408456,Expanding a Digital Content Management System,51.35,10,1
203,2584,9781138408456,Expanding a Digital Content Management System,55.46,20,0
201,2585,9783662534151,Transactions on Large-Scale Data- and Knowledge-Centered Systems XXVII,43.45,15,1
202,2586,9781608453764,Access control in data management systems,45.43,20,1
203,2587,9783642387869,Advances in Brain Inspired Cognitive Systems,47.4,25,1
204,2588,9780738490762,Systems programmer's guide to resource recovery services (RRS),49.38,30,1
207,2588,9780738490762,Systems programmer's guide to resource recovery services (RRS),53.33,40,0
205,2589,9780738435329,IBM System Storage b-type Multiprotocol Routing,51.35,35,1
206,2590,9783319049380,Foundations of Information and Knowledge Systems,43.45,40,1
207,2591,9781589480957,ArcGIS 9.,45.43,45,1
208,2592,9780738434742,IBM system storage N series hardware guide,47.4,10,1
1,2592,9780738434742,IBM system storage N series hardware guide,51.19,20,0
209,2593,9783540230977,Artificial immune systems,49.38,15,1
210,2594,9780738440170,IBM XIV storage system business continuity functions,51.35,20,1
1,2595,9783642291661,"Information Systems, Technology and Management",43.45,25,1
2,2596,9783662457610,Transactions on Large-Scale Data- and Knowledge-Centered Systems XV,45.43,30,1
103,2596,9783662457610,Transactions on Large-Scale Data- and Knowledge-Centered Systems XV,49.06,40,0
101,2597,9781558601680,Implementing persistent object bases,47.4,35,1
102,2598,9780470060315,Cooperative control of distributed multi-agent systems,49.38,40,1
103,2599,9788272881077,Computers and conflict,51.35,45,1
201,2600,9780201416541,An Introduction to Information Engineering,43.45,10,1
204,2600,9780201416541,An Introduction to Information Engineering,46.93,20,0
202,2601,9780315404717,A field study of natural language interaction,45.43,15,1
203,2602,9781586039233,Formal ontology in information systems,47.4,20,1
204,2603,9781607505341,Formal ontology in information systems,49.38,25,1
205,2604,9781557985569,An occupational information system for the 21st century,51.35,30,1
208,2604,9781557985569,An occupational information system for the 21st century,55.46,40,0
206,2605,9781441976307,Tilebased Geospatial Information Systems Principles And Practices,43.45,35,1
207,2606,9787307082168,Guan li xin xi xi tong,45.43,40,1
208,2607,9780738431574,IBM System Storage and Virtual File Manager,47.4,45,1
209,2608,9783540452423,Object-oriented information systems,49.38,10,1
2,2608,9783540452423,Object-oriented information systems,53.33,20,0
210,2609,9780777871836,Swan Lake Forest Research Reserve geographic information system,51.35,15,1
1,2610,9780819419705,Digital Image Storage and Archiving Systems,43.45,20,1
2,2611,9783540425243,Cooperative information systems,45.43,25,1
101,2612,9780720119718,Building information systems in the Islamic World,47.4,30,1
201,2612,9780720119718,Building information systems in the Islamic World,51.19,40,0
102,2613,9783540194026,Uncertainty and intelligent systems,49.38,35,1
103,2614,9780870949166,Manager's guide to expert systems using Guru,51.35,40,1
201,2615,9780309087117,Improving the design of the Scientists and Engineers Statistical Data System (SESTAT),43.45,45,1
202,2616,9783540447511,Cooperative Information Systems,45.43,10,1
205,2616,9783540447511,Cooperative Information Systems,49.06,20,0
203,2617,9781441946157,Making Grids Work,47.4,15,1
204,2618,9780818684876,Technology of object-oriented languages and systems : TOOLS 25,49.38,20,1
205,2619,9781583470961,DB2 9 system administration for z/OS,51.35,25,1
206,2620,9783540000747,Flexible query answering systems,43.45,30,1
209,2620,9783540000747,Flexible query answering systems,46.93,40,0
207,2621,9783261041975,Ein System zur computergestützten Forschung in den Geisteswissenschaften,45.43,35,1
208,2622,9783540346531,Advanced Information Systems Engineering,47.4,40,1
209,2623,9781583811245,Astronomical Data Analysis Software and Systems XI,49.38,45,1
210,2624,9781590478394,SAS 9.1.3 Output Delivery System,51.35,10,1
101,2624,9781590478394,SAS 9.1.3 Output Delivery System,55.46,20,0
1,2625,9783598217937,"Documentation of Nordic art--design, bibliographies, databases",43.45,15,1
2,2626,9783540681229,Foundations of Intelligent Systems,45.43,20,1
101,2627,9783319261539,Flexible Query Answering Systems 2015,47.4,25,1
102,2628,9783540258780,Foundations of intelligent systems,49.38,30,1
202,2628,9783540258780,Foundations of intelligent systems,53.33,40,0
103,2629,9780818679476,"Proceedings of the second IFCIS International Conference on Cooperative Information Systems, CoopIS'97",51.35,35,1
201,2630,9783540898528,"Wireless networks, information processing and systems",43.45,40,1
202,2631,9789635530380,Adatmodellezés a rendszerfejlesztésben,45.43,45,1
203,2632,9780738485980,Using Oracle Solutions on Linux for System z,47.4,10,1
206,2632,9780738485980,Using Oracle Solutions on Linux for System z,51.19,20,0
204,2633,9783055012723,Engineering information in data bases and knowledge based systems,49.38,15,1
205,2634,9780851862194,An introduction to the management of laboratory data,51.35,20,1
206,2635,9780769510682,Sixth International Workshop on Object-Oriented Real-Time Dependable Systems,43.45,25,1
207,2636,9780769519296,Object-oriented real-time dependable systems,45.43,30,1
210,2636,9780769519296,Object-oriented real-time dependable systems,49.06,40,0
208,2637,9789022007044,CAB-CAIN Evaluation Project,47.4,35,1
209,2638,9783540476634,Web Information Systems - WISE 2006 Workshops,49.38,40,1
210,2639,9783662497845,Transactions on Large-Scale Data- and Knowledge-Centered Systems XXVI,51.35,45,1
1,2640,9783870971816,Wörterbuch der Daten- und Kommunikationstechnik,43.45,10,1
102,2640,9783870971816,Wörterbuch der Daten- und Kommunikationstechnik,46.93,20,0
2,2641,9783540304814,Web information systems - WISE 2004 workshops,45.43,15,1
101,2642,9783642028434,Dataspace: The Final Frontier,47.4,20,1
102,2643,9789513406233,On the handling of exceptions in information systems,49.38,25,1
103,2644,9783662467022,Transactions on Large-Scale Data- and Knowledge-Centered Systems XX,51.35,30,1
203,2644,9783662467022,Transactions on Large-Scale Data- and Knowledge-Centered Systems XX,55.46,40,0
201,2645,9782891054096,Bases de données dans le développement de systèmes,43.45,35,1
202,2646,9783540198970,Incompleteness and uncertainty in information systems,45.43,40,1
203,2647,9783642121272,Multiple Classifier Systems,47.4,45,1
204,2648,9783662465615,Transactions on Large-Scale Data- and Knowledge-Centered Systems XIX,49.38,10,1
207,2648,9783662465615,Transactions on Large-Scale Data- and Knowledge-Centered Systems XIX,53.33,20,0
205,2649,9783642453144,Transactions on LargeScale Data and KnowledgeCentered Systems XII,51.35,15,1
206,2650,9783540260318,Natural Language Processing and Information Systems,43.45,20,1
207,2651,9780810823785,User education for online systems in libraries,45.43,25,1
208,2652,9780833028709,Multifunctional information distribution system (MIDS) program case study,47.4,30,1
1,2652,9780833028709,Multifunctional information distribution system (MIDS) program case study,51.19,40,0
209,2653,9781098138790,Building Real-Time Analytics Systems,49.38,35,1
210,2654,9783642243554,ENTERprise Information Systems,51.35,40,1
1,2655,9783540698579,Natural Language and Information Systems,43.45,45,1
2,2656,9780780394452,"Proceedings of the third workshop, 2005 IEEE Intelligent Data Acquisition and Advanced Computing Systems, Technology and Applications",45.43,10,1
103,2656,9780780394452,"Proceedings of the third workshop, 2005 IEEE Intelligent Data Acquisition and Advanced Computing Systems, Technology and Applications",49.06,20,0
101,2657,9780819475053,Multimedia content access,47.4,15,1
102,2658,9783540851998,Web Information Systems Engineering Wise 2008 Workshops Proceedings,49.38,20,1
103,2659,9783642243516,ENTERprise Information Systems,51.35,25,1
201,2660,9780833001214,An introduction to the ISIS interactive information system,43.45,30,1
204,2660,9780833001214,An introduction to the ISIS interactive information system,46.93,40,0
202,2661,9783790818833,Rough sets in knowledge discovery 2,45.43,35,1
203,2662,9783642281471,Transactions On Largescale Data And Knowledgecentered Systems V,47.4,40,1
204,2663,9781461514411,Ontology-Based Query Processing for Global Information Systems,49.38,45,1
205,2664,9780444895073,Information system concepts,51.35,10,1
208,2664,9780444895073,Information system concepts,55.46,20,0
206,2665,9780873899178,"How to establish a document control system for compliance with ISO 9001:2015, ISO 13485:2016, and FDA requirements",43.45,15,1
207,2666,9780738438283,Implementing IBM InfoSphere BigInsights on IBM System x,45.43,20,1
208,2667,9781586039806,Contextdriven Generation Of Specifications For Interactive Information Systems,47.4,25,1
209,2668,9780769502915,Proceedings of the 18th IEEE Symposium on Reliable Distributed Systems,49.38,30,1
2,2668,9780769502915,Proceedings of the 18th IEEE Symposium on Reliable Distributed Systems,53.33,40,0
210,2669,9781607641001,SAS 9.2 output delivery system user's guide,51.35,35,1
1,2670,9781402081422,Security and protection in information processing systems,43.45,40,1
2,2671,9783540631071,Advanced information systems engineering,45.43,45,1
101,2672,9780738488899,IBM system storage DR550 setup and implementation,47.4,10,1
201,2672,9780738488899,IBM system storage DR550 setup and implementation,51.19,20,0
102,2673,9781590591437,System Architecture with Bea Weblogic for the Cxo,49.38,15,1
103,2674,9783540760108,"OOIS '95, 1995 International Conference on Object Oriented Information Systems, 18-20 December 1995, Dublin",51.35,20,1
201,2675,9780738434551,TS7680 Deduplication ProtecTIER Gateway for System z.,43.45,25,1
202,2676,9780444877062,Information systems,45.43,30,1
205,2676,9780444877062,Information systems,49.06,40,0
203,2677,9782110001733,L' information automatisée,47.4,35,1
204,2678,9783540650829,Flexible query answering systems,49.38,40,1
205,2679,9780792381174,"Parallel, object-oriented, and active knowledge base systems",51.35,45,1
206,2680,9783540876557,Hybrid artificial intelligence systems,43.45,10,1
209,2680,9783540876557,Hybrid artificial intelligence systems,46.93,20,0
207,2681,9781475761344,"Parallel, Object-Oriented, and Active Knowledge Base Systems",45.43,15,1
208,2682,9780387535579,Information systems and artificial intelligence,47.4,20,1
209,2683,9780887389344,Information Retrieval Application Service Definition and Protocol Specification for Open Systems Interconnection: Abstract,49.38,25,1
210,2684,9783642553349,Web and Wireless Geographical Information Systems,51.35,30,1
101,2684,9783642553349,Web and Wireless Geographical Information Systems,55.46,40,0
1,2685,9781599945804,"SYSTEM 2000(R) V2 Basic, Multi-User(TM), QueX(TM), and Interface to CICS",43.45,35,1
2,2686,9783896014351,Transaction services for knowledge base management systems,45.43,40,1
101,2687,9783662556078,Transactions on Large-Scale Data- and Knowledge-Centered Systems XXXII,47.4,45,1
102,2688,9780889861862,Intelligent information management systems,49.38,10,1
202,2688,9780889861862,Intelligent information management systems,53.33,20,0
103,2689,9780818674778,Proceedings of the Fourth International Conference on Parallel and Distributed Information Systems,51.35,15,1
201,2690,9783642243585,ENTERprise Information Systems,43.45,20,1
202,2691,9783642164712,Transport Systems Telematics 10th Conference Selected Papers,45.43,25,1
203,2692,9783319915623,Advanced Information Systems Engineering,47.4,30,1
206,2692,9783319915623,Advanced Information Systems Engineering,51.19,40,0
204,2693,9780769538747,2009 Sixth Web Information Systems and Applications Conference,49.38,35,1
205,2694,9783540225645,Natural language processing and information systems,51.35,40,1
206,2695,9783540221609,Flexible query answering systems,43.45,45,1
207,2696,9781555441685,"System 2000 QUEST language, release 11.6 under IBM OS and CMS",45.43,10,1
210,2696,9781555441685,"System 2000 QUEST language, release 11.6 under IBM OS and CMS",49.06,20,0
208,2697,9780744900323,Journalism in the 21st century,47.4,15,1
209,2698,9780387076126,Data base systems,49.38,20,1
210,2699,9780387151960,"Datenbank-Systeme für Büro, Technik und Wissenschaft",51.35,25,1
1,2700,9781555441876,"Quick Reference Guide, Version 12",43.45,30,1
102,2700,9781555441876,"Quick Reference Guide, Version 12",46.93,40,0
2,2701,9780947568627,Information retrieval,45.43,35,1
101,2702,9783540209652,Foundations of information and knowledge systems,47.4,40,1
102,2703,9783540888727,On The Move To Meaningful Internet Systems Otm 2008,49.38,45,1
103,2704,9781435713512,Look Smarter Than You Are with Essbase System 9,51.35,10,1
203,2704,9781435713512,Look Smarter Than You Are with Essbase System 9,55.46,20,0
201,2705,9789513835026,An analysis of online searching knowledge for intermediary systems,43.45,15,1
202,2706,9783540422150,Advanced information systems engineering,45.43,20,1
203,2707,9780738439129,Subsystem and transaction monitoring and tuning with DB2 11 for z/OS,47.4,25,1
204,2708,9783540705048,"Sharing Data, Information and Knowledge",49.38,30,1
207,2708,9783540705048,"Sharing Data, Information and Knowledge",53.33,40,0
205,2709,9783642223266,Natural Language Processing and Information Systems,51.35,35,1
206,2710,9783642023194,Hybrid Artificial Intelligence Systems,43.45,40,1
207,2711,9788323336952,Deductive Systems and the Decidability Problem for Hybrid Logics,45.43,45,1
208,2712,9780941049078,Business rule concepts,47.4,10,1
1,2712,9780941049078,Business rule concepts,51.19,20,0
209,2713,9783642452697,Transactions on Large-Scale Data- and Knowledge-Centered Systems XI,49.38,15,1
210,2714,9780819417107,Image and information systems,51.35,20,1
1,2715,9782726101124,Séminaire Langage d'analyse et de conception des systèmes d'information automatisés,43.45,25,1
2,2716,9780769538266,2009 28th IEEE International Symposium on Reliable Distributed Systems,45.43,30,1
103,2716,9780769538266,2009 28th IEEE International Symposium on Reliable Distributed Systems,49.06,40,0
101,2717,9780835713412,"Query processing techniques for distributed, relational data base systems",47.4,35,1
102,2718,9780738437422,"DB2 10 for Linux on System Z using z/VM V6.2, single system image clusters and live guest relocation",49.38,40,1
103,2719,9783642310959,Advanced Information Systems Engineering,51.35,45,1
201,2720,9781850322566,Introducing C [plus plus],43.45,10,1
204,2720,9781850322566,Introducing C [plus plus],46.93,20,0
202,2721,9781580251242,SAS/ACCESS(R) Interface to System R/3,45.43,15,1
203,2722,9783662463352,Transactions on large-scale data- and knowledge-centered systems XVII,47.4,20,1
204,2723,9783642130939,Advanced information systems engineering,49.38,25,1
205,2724,9785201110994,Компьютерные базы данных в ботанических исследованиях,51.35,30,1
208,2724,9785201110994,Компьютерные базы данных в ботанических исследованиях,55.46,40,0
206,2725,9780471853831,Technical report on the IDMS/R systems desk reference,43.45,35,1
207,2726,9783642165153,Web Information Systems and Mining,45.43,40,1
208,2727,9780885860005,Informatique et information : la conception des systèmes d'information,47.4,45,1
209,2728,9780897910835,Proceedings,49.38,10,1
2,2728,9780897910835,Proceedings,53.33,20,0
210,2729,9783642226021,Digital Enterprise and Information Systems,51.35,15,1
1,2730,9781565500938,Be Your Own Therapist,43.45,20,1
2,2731,9783642130328,Trends in applied intelligent systems,45.43,25,1
101,2732,9789810222406,"Information systems, correctness and reusability",47.4,30,1
201,2732,9789810222406,"Information systems, correctness and reusability",51.19,40,0
102,2733,9780818692185,Seventeenth IEEE Symposium on Reliable Distributed Systems,49.38,35,1
103,2734,9780835712217,Automatic transaction decomposition in a distributed CODASYL prototype system,51.35,40,1
201,2735,9781880843178,Parallel and distributed computing systems,43.45,45,1
202,2736,9780470973912,Dynamic modelling and predictive control in solid oxide fuel cells,45.43,10,1
205,2736,9780470973912,Dynamic modelling and predictive control in solid oxide fuel cells,49.06,20,0
203,2737,9780898743739,"RISS, a relational data base management system for minicomputers",47.4,15,1
204,2738,9780833015150,The RAND Metadata Management System (RMMS),49.38,20,1
205,2739,9780201622133,FileMaker Pro 2.0 for Windows,51.35,25,1
206,2740,9783642375743,Transactions on Large-Scale Data- and Knowledge-Centered Systems VIII,43.45,30,1
209,2740,9783642375743,Transactions on Large-Scale Data- and Knowledge-Centered Systems VIII,46.93,40,0
207,2741,9780130200914,Software Engineering With Oracle,45.43,35,1
208,2742,9783540605843,Information systems and data management,47.4,40,1
209,2743,9783658157272,Analyzing Time Interval Data,49.38,45,1
210,2744,9780818665752,"IEEE 13th Symposium on Reliable Distributed Systems, 1994",51.35,10,1
101,2744,9780818665752,"IEEE 13th Symposium on Reliable Distributed Systems, 1994",55.46,20,0
1,2745,9780818671531,"Reliable Distributed Systems, 14th Symposium on (SRDS-14)",43.45,15,1
2,2746,9780769506166,Fifth International Workshop on Object-Oriented Real-Time Dependable Systems,45.43,20,1
101,2747,9783642230738,Transactions on Large-Scale Data- and Knowledge-Centered Systems III,47.4,25,1
102,2748,9783642021435,Advanced Information Systems Engineering 21st International Conference Proceedings,49.38,30,1
202,2748,9783642021435,Advanced Information Systems Engineering 21st International Conference Proceedings,53.33,40,0
103,2749,9783642138027,Hybrid artificial intelligence systems,51.35,35,1
201,2750,9783540454311,Next generation information technologies and systems,43.45,40,1
202,2751,9783642140549,Information Processing And Management Of Uncertainty In Knowledgebased Systems,45.43,45,1
203,2752,9783642169489,On The Move To Meaningful Internet Systems Otm 2010,47.4,10,1
206,2752,9783642169489,On The Move To Meaningful Internet Systems Otm 2010,51.19,20,0
204,2753,9783540317821,Foundations of Information and Knowledge Systems,49.38,15,1
205,2754,9783540659655,Foundations of intelligent systems,51.35,20,1
206,2755,9783540346388,Flexible query answering systems,43.45,25,1
207,2756,9783642041242,Foundations of Intelligent Systems,45.43,30,1
210,2756,9783642041242,Foundations of Intelligent Systems,49.06,40,0
208,2757,9780889862074,Intelligent information management systems,47.4,35,1
209,2758,9783642163593,"Advances in Production Management Systems. New Challenges, New Approaches",49.38,40,1
210,2759,9780071345019,Solaris System Administrator All in One Certification Exam Guide,51.35,45,1
1,2760,9783319116976,Network and System Security,43.45,10,1
102,2760,9783319116976,Network and System Security,46.93,20,0
2,2761,9780738486765,Getting started with DB2 Web Query for system i,45.43,15,1
101,2762,9780769503844,"1999 IFCIS International Conference on Cooperative Information Systems, CoopIS'99",47.4,20,1
102,2763,9780720404630,Systems for large data bases,49.38,25,1
103,2764,9783662485675,Transactions on Large-Scale Data- and Knowledge-Centered Systems XXII,51.35,30,1
203,2764,9783662485675,Transactions on Large-Scale Data- and Knowledge-Centered Systems XXII,55.46,40,0
201,2765,9780720428049,Data Base Management Systems: Proceedings of the SHARE Working Conference,43.45,35,1
202,2766,9783662485668,Transactions on Large-Scale Data- and Knowledge-Centered Systems XXII,45.43,40,1
203,2767,9780921836988,Advances in computer cybernetics,47.4,45,1
204,2768,9783642044083,Web Information Systems Engineering - WISE 2009,49.38,10,1
207,2768,9783642044083,Web Information Systems Engineering - WISE 2009,53.33,20,0
205,2769,9781590471692,SAS/ACCESS 9.1 Interface To System 2000,51.35,15,1
206,2770,9780321397966,Inside SQL Server 2005 Tools (Microsoft Windows Server System Series),43.45,20,1
207,2771,9780727918703,Managing your patients' data in the neonatal and pediatric ICU,45.43,25,1
208,2772,9783528035884,Display generation and management systems (DGMS) for interactive business applications,47.4,30,1
1,2772,9783528035884,Display generation and management systems (DGMS) for interactive business applications,51.19,40,0
209,2773,9783319738048,On the Move to Meaningful Internet Systems. OTM 2017 Workshops,49.38,35,1
210,2774,9780792385271,Distributed applications and interoperable systems II,51.35,40,1
1,2775,9783540221517,Advanced information systems engineering,43.45,45,1
2,2776,9780810369092,Encyclopedia of health information sources,45.43,10,1
103,2776,9780810369092,Encyclopedia of health information sources,49.06,20,0
101,2777,9780738432656,Experiences with Oracle Solutions on Linux for IBM System z,47.4,15,1
102,2778,9780904933451,Introduction to online information systems,49.38,20,1
103,2779,9780070655027,Fundamentals Of Computing II,51.35,25,1
201,2780,9780442252977,RISS,43.45,30,1
204,2780,9780442252977,RISS,46.93,40,0
202,2781,9783540260974,Engineering human computer interaction and interactive systems,45.43,35,1
203,2782,9783662540367,Transactions on Large-Scale Data- and Knowledge-Centered Systems XXIX,47.4,40,1
204,2783,9783662556955,Transactions on Large-Scale Data- and Knowledge-Centered Systems XXXIII,49.38,45,1
205,2784,9783642336140,On the Move to Meaningful Internet Systems : OTM 2012 : Confederated International Conferences,51.35,10,1
208,2784,9783642336140,On the Move to Meaningful Internet Systems : OTM 2012 : Confederated International Conferences,55.46,20,0
206,2785,9783540747703,Life system modeling and simulation,43.45,15,1
207,2786,9783642212222,Hybrid Artificial Intelligent Systems,45.43,20,1
208,2787,9783642239700,Web information systems and mining,47.4,25,1
209,2788,9789251046241,Land resources information systems in the Caribbean,49.38,30,1
2,2788,9789251046241,Land resources information systems in the Caribbean,53.33,40,0
210,2789,9780738434001,z/VSE using DB2 on Linux for System z,51.35,35,1
1,2790,9783642212192,Hybrid Artificial Intelligent Systems,43.45,40,1
2,2791,9787040247152,Web xin xi xi tong dao lun =,45.43,45,1
101,2792,9783540405368,New horizons in information management,47.4,10,1
201,2792,9783540405368,New horizons in information management,51.19,20,0
102,2793,9783662579312,Transactions on Large-Scale Data- and Knowledge-Centered Systems XXXVII,49.38,15,1
103,2794,9780738486574,Using the IBM system storage N series with mail servers,51.35,20,1
201,2795,9781880843253,Parallel and distributed computing systems,43.45,25,1
202,2796,9781489985873,"Applied Ontology Engineering in Cloud Services, Networks and Management Systems",45.43,30,1
205,2796,9781489985873,"Applied Ontology Engineering in Cloud Services, Networks and Management Systems",49.06,40,0
203,2797,9781931150064,Effective executives guide to Access 2002,47.4,35,1
204,2798,9783540854807,Web Information Systems Engineering - WISE 2008,49.38,40,1
205,2799,9789650609146,Maʻrakhot medaʻ ḥeshbonaʼiyot memuḥshavot,51.35,45,1
206,2800,9781118075043,The data warehouse lifecycle toolkit,43.45,10,1
209,2800,9781118075043,The data warehouse lifecycle toolkit,46.93,20,0
207,2801,9788540854802,Web information systems engineering,45.43,15,1
208,2802,9783642215490,Semantic Technologies In Content Management Systems Trends Applications And Evaluations,47.4,20,1
209,2803,9783540662259,Next generation information technology and systems,49.38,25,1
210,2804,9783642400520,Data Management In Cloud Grid And P2p Systems,51.35,30,1
101,2804,9783642400520,Data Management In Cloud Grid And P2p Systems,55.46,40,0
1,2805,9783540304883,Visual information and information systems,43.45,35,1
2,2806,9780201542370,The Internet connection,45.43,40,1
101,2807,9781461422358,Applied Ontology Engineering In Cloud Services Networks And Management Systems,47.4,45,1
102,2808,9783662561201,Transactions on Large-Scale Data- and Knowledge-Centered Systems XXXV,49.38,10,1
202,2808,9783662561201,Transactions on Large-Scale Data- and Knowledge-Centered Systems XXXV,53.33,20,0
103,2809,9780889365599,Manual for preparing records in microcomputer-based bibliographic information systems,51.35,15,1
201,2810,9780738486444,IBM system sorage N series best practice guidelines for Oracle,43.45,20,1
202,2811,9783642161759,Transactions on Large-Scale Data- and Knowledge-Centered Systems II,45.43,25,1
203,2812,9780818680472,Third International Workshop on Object-oriented Real-time Dependable Systems,47.4,30,1
206,2812,9780818680472,Third International Workshop on Object-oriented Real-time Dependable Systems,51.19,40,0
204,2813,9780915703289,A vertebrate faunal analysis coding system,49.38,35,1
205,2814,9783319694580,On the Move to Meaningful Internet Systems. OTM 2017 Conferences : Confederated International Conferences,51.35,40,1
206,2815,9783642281488,Transactions on Large-Scale Data- and Knowledge-Centered Systems V,43.45,45,1
207,2816,9783642037221,Transactions on Large-Scale Data- and Knowledge-Centered Systems I,45.43,10,1
210,2816,9783642037221,Transactions on Large-Scale Data- and Knowledge-Centered Systems I,49.06,20,0
208,2817,9781852330460,OOIS '98,47.4,15,1
209,2818,9781461422365,"Applied Ontology Engineering in Cloud Services, Networks and Management Systems",49.38,20,1
210,2819,9783642353321,Transactions on Large-Scale Data- and Knowledge-Centered Systems VII,51.35,25,1
1,2820,9783642410307,On the Move to Meaningful Internet Systems : OTM 2013 Conferences : Confederated International Conferences,43.45,30,1
102,2820,9783642410307,On the Move to Meaningful Internet Systems : OTM 2013 Conferences : Confederated International Conferences,46.93,40,0
2,2821,9783642289316,Hybrid Artificial Intelligent Systems,45.43,35,1
101,2822,9780738438719,Experiences with Oracle 11 gR2 on Linux on System Z,47.4,40,1
102,2823,9780818665554,1994 International Conference on Parallel and Distributed Systems,49.38,45,1
103,2824,9783540236627,On the move to meaningful internet systems 2004,51.35,10,1
203,2824,9783540236627,On the move to meaningful internet systems 2004,55.46,20,0
201,2825,9783642176159,"Web information systems engineering, WISE 2010",43.45,15,1
202,2826,9789221069621,Micro-ISIS training course,45.43,20,1
203,2827,9789264169432,Tariffs and trade,47.4,25,1
204,2828,9781880843215,Parallel and distributed computing systems,49.38,30,1
207,2828,9781880843215,Parallel and distributed computing systems,53.33,40,0
205,2829,9781880843390,Parallel and distributed computing systems,51.35,35,1
206,2830,9783642383328,Web Information Systems Engineering,43.45,40,1
207,2831,9783540857754,"Artificial Intelligence: Methodology, Systems, and Applications",45.43,45,1
208,2832,9789201780829,INIS,47.4,10,1
1,2832,9789201780829,INIS,51.19,20,0
209,2833,9783540776833,Foundations of information and knowledge systems,49.38,15,1
210,2834,9783642405174,Energy Efficiency in Large Scale Distributed Systems,51.35,20,1
1,2835,9783642154317,"Artificial Intelligence: Methodology, Systems, and Applications",43.45,25,1
2,2836,9780113306213,Reuse in Ssadm Using Object Orientation (Information Systems Engineering Library),45.43,30,1
103,2836,9780113306213,Reuse in Ssadm Using Object Orientation (Information Systems Engineering Library),49.06,40,0
101,2837,9783030026097,On the Move to Meaningful Internet Systems. OTM 2018 Conferences : Confederated International Conferences,47.4,35,1
102,2838,9783540734505,Rough sets and intelligent systems paradigms,49.38,40,1
103,2839,9783540764137,Advances in Visual Information Systems,51.35,45,1
201,2840,9781461509875,Content-based image and video retrieval,43.45,10,1
204,2840,9781461509875,Content-based image and video retrieval,46.93,20,0
202,2841,9780738496825,Using IBM DB2 UDB with IBM System Storage N series,45.43,15,1
203,2842,9783642121135,Human Benefit through the Diffusion of Information Systems Design Science Research,47.4,20,1
204,2843,9781522598428,"International Journal of Fuzzy System Applications (IJFSA) Volume 9, Issue 2",49.38,25,1
205,2844,9781522598411,"International Journal of Fuzzy System Applications (IJFSA) Volume 9, Issue 1",51.35,30,1
208,2844,9781522598411,"International Journal of Fuzzy System Applications (IJFSA) Volume 9, Issue 1",55.46,40,0
206,2845,9781522598435,"International Journal of Fuzzy System Applications (IJFSA) Volume 9, Issue 3",43.45,35,1
207,2846,9780738496856,Integrating IBM DB2 with the IBM system storage N series,45.43,40,1
208,2847,9780321397973,Administrator's Guide to SQL Server 2005 (Microsoft Windows Server System Series),47.4,45,1
209,2848,9781880446867,The Third Conference on Object-Oriented Technologies and Systems (COOTS) Proceedings,49.38,10,1
2,2848,9781880446867,The Third Conference on Object-Oriented Technologies and Systems (COOTS) Proceedings,53.33,20,0
210,2849,9783642315619,Advances in Brain Inspired Cognitive Systems,51.35,15,1
1,2850,9780903796095,Data Base Design and Implementation,43.45,20,1
2,2851,9783540001065,On the move to meaningful Internet systems 2002,45.43,25,1
101,2852,9780321614858,Practical business intelligence with SQL Server 2005,47.4,30,1
201,2852,9780321614858,Practical business intelligence with SQL Server 2005,51.19,40,0
102,2853,9781880843529,Parallel and Distributed Computing Systems,49.38,35,1
103,2854,9781880843345,Parallel and distributed computing systems,51.35,40,1
201,2855,9783540616955,Parallel Computation,43.45,45,1
202,2856,9789517087766,Proceedings of a workshop on environmental data systems for large lakes,45.43,10,1
205,2856,9789517087766,Proceedings of a workshop on environmental data systems for large lakes,49.06,20,0
203,2857,9780738431499,IBM system storage DR550 V4.5 setup and implementation,47.4,15,1
204,2858,9783540661573,Advanced information systems engineering,49.38,20,1
205,2859,9783319261485,On the Move to Meaningful Internet Systems : OTM 2015 Conferences : Confederated International Conferences,51.35,25,1
206,2860,9783642241499,Governance and Sustainability in Information Systems. Managing the Transfer and Diffusion of IT,43.45,30,1
209,2860,9783642241499,Governance and Sustainability in Information Systems. Managing the Transfer and Diffusion of IT,46.93,40,0
207,2861,9783642172267,From active data management to event-based systems and more,45.43,35,1
208,2862,9780738434490,IBM System Storage N Series and Vmware Vsphere Storage best practices,47.4,40,1
209,2863,9783642291654,Information Systems Technology and Management Communications in Computer and Information Science,49.38,45,1
210,2864,9780810457898,I/O design,51.35,10,1
101,2864,9780810457898,I/O design,55.46,20,0
1,2865,9783642336171,On the Move to Meaningful Internet Systems : OTM 2012 Workshops : Confederated International Workshops,43.45,15,1
2,2866,9781489976406,Machine Learning Models and Algorithms for Big Data Classification: Thinking with Examples for Effective Learning (Integrated Series in Information Systems),45.43,20,1
101,2867,9780023305887,Business programming using dBase IV,47.4,25,1
102,2868,9780878150564,A basic guide to online information systems for health care professionals,49.38,30,1
202,2868,9780878150564,A basic guide to online information systems for health care professionals,53.33,40,0
103,2869,9780738434193,Best practices for DB2 on AIX 6.1 for Power systems,51.35,35,1
201,2870,9780120884070,Data mining,43.45,40,1
202,2871,9781455723591,The electronic health record for the physician's office with Medtrak systems,45.43,45,1
203,2872,9783642125492,Natural Language Processing and Information Systems Lecture Notes in Computer Science,47.4,10,1
206,2872,9783642125492,Natural Language Processing and Information Systems Lecture Notes in Computer Science,51.19,20,0
204,2873,9780080520025,Understanding SQL and Java together,49.38,15,1
205,2874,9783540432203,Foundations of information and knowledge systems,51.35,20,1
206,2875,9780769523477,Proceedings,43.45,25,1
207,2876,9783540076124,Data Base Systems,45.43,30,1
210,2876,9783540076124,Data Base Systems,49.06,40,0
208,2877,9781466469129,The integrated Rule-Oriented Data System (iRODS 3.0) Micro-service Workbook,47.4,35,1
209,2878,9781880843062,Parallel and distributed computing and systems,49.38,40,1
210,2879,9781441944467,The Web Resource Space Model Web Information Systems Engineering and Internet Technologie,51.35,45,1
1,2880,9783662562659,Transactions on Large-Scale Data- and Knowledge-Centered Systems XXXVI,43.45,10,1
102,2880,9783662562659,Transactions on Large-Scale Data- and Knowledge-Centered Systems XXXVI,46.93,20,0
2,2881,9780471288251,Online marketing handbook,45.43,15,1
101,2882,9780738438627,In-memory computing with SAP HANA on IBM ex5 systems,47.4,20,1
102,2883,9781581133776,Formal ontology in information systems,49.38,25,1
103,2884,9780566029035,Telemanage your customers,51.35,30,1
203,2884,9780566029035,Telemanage your customers,55.46,40,0
201,2885,9780471224341,Data engineering,43.45,35,1
202,2886,9781466678835,"International Journal of Distributed Systems and Technologies (IJDST), Volume 6, Issue 1",45.43,40,1
203,2887,9781522566854,"International Journal of Distributed Systems and Technologies (IJDST) Volume 10, Issue 2",47.4,45,1
204,2888,9781522566847,"International Journal of Distributed Systems and Technologies (IJDST) Volume 10, Issue 1",49.38,10,1
207,2888,9781522566847,"International Journal of Distributed Systems and Technologies (IJDST) Volume 10, Issue 1",53.33,20,0
205,2889,9781740243575,The National Coroners Information System as an information tool for injury surveillance,51.35,15,1
206,2890,9780134416502,Hypertext,43.45,20,1
207,2891,9783540406792,Access Control for the Web-Based Infrastructure (Data-Centric Systems and Applications),45.43,25,1
208,2892,9780818670831,"Proceedings of Words'94, the First Workshop on Object-Oriented Real-Time Dependable Systems, October 24-25, 1994, Dana Point, California",47.4,30,1
1,2892,9780818670831,"Proceedings of Words'94, the First Workshop on Object-Oriented Real-Time Dependable Systems, October 24-25, 1994, Dana Point, California",51.19,40,0
209,2893,9783642398711,Enabling Realtime Business Intelligence 6th International Workshop Birte 2012 Held At The 38th International Conference On Very Large Databases Vldb 2012 Istanbul Turkey August 27 2012 Revised Selecte,49.38,35,1
210,2894,9780792396291,Error detecting codes,51.35,40,1
1,2895,9783642292477,Web and Wireless Geographical Information Systems,43.45,45,1
2,2896,9781282121843,OCP,45.43,10,1
103,2896,9781282121843,OCP,49.06,20,0
101,2897,9781880446416,"Usenix Distributed and Multiprocessor Systems (Sedms III Symposium Proceedings, Newport Beach, Ca)",47.4,15,1
102,2898,9783319100661,"Data Management in Cloud, Grid and P2P Systems",49.38,20,1
103,2899,9783642049415,Next Generation Information Technologies and Systems,51.35,25,1
201,2900,9780538109307,Distributed intelligence,43.45,30,1
204,2900,9780538109307,Distributed intelligence,46.93,40,0
202,2901,9783642242724,Emerging research in Web information systems and mining,45.43,35,1
203,2902,9780134416434,Hypertext,47.4,40,1
204,2903,9789812561374,Proceedings of the workshop on mdic 2004,49.38,45,1
205,2904,9780818674969,"Proceedings of the eighth Euromicro Workshop on Real-Time Systems, June 12-14, 1996, L'Aquila, Italy",51.35,10,1
208,2904,9780818674969,"Proceedings of the eighth Euromicro Workshop on Real-Time Systems, June 12-14, 1996, L'Aquila, Italy",55.46,20,0
206,2905,9780071775748,Oca Oracle Solaris 11 System Administration Exam Guide Exam 1z0821,43.45,15,1
207,2906,9780818670817,Fifth Workshop on Hot Topics in Operating Systems (HotOS-V),45.43,20,1
208,2907,9783540660798,Visual information and information systems,47.4,25,1
209,2908,9781583813133,Astronomical data analysis software and systems XVI,49.38,30,1
2,2908,9781583813133,Astronomical data analysis software and systems XVI,53.33,40,0
210,2909,9783662455630,On the Move to Meaningful Internet Systems : OTM 2014 Conferences : Confederated International Conferences,51.35,35,1
1,2910,9780819456557,Storage and retrieval methods and applications for multimedia 2005,43.45,40,1
2,2911,9783319484723,On the Move to Meaningful Internet Systems : OTM 2016 Conferences : Confederated International Conferences,45.43,45,1
101,2912,9780801614514,Power Pack for the IBM PC With IBM Diskette,47.4,10,1
201,2912,9780801614514,Power Pack for the IBM PC With IBM Diskette,51.19,20,0
102,2913,9783319087955,Information Processing and Management of Uncertainty,49.38,15,1
103,2914,9783642243950,Web Information Systems Engineering WISE 2010 Workshops Lecture Notes in Computer Science,51.35,20,1
201,2915,9780738498737,Peoplesoft V8 on Zseries Using Sysplex Data Sharing And Enterprise Storage Systems,43.45,25,1
202,2916,9783540281757,Artificial Immune Systems (vol. # 3627),45.43,30,1
205,2916,9783540281757,Artificial Immune Systems (vol. # 3627),49.06,40,0
203,2917,9783642370878,Web and Wireless Geographical Information Systems,47.4,35,1
204,2918,9781852331085,Business object design and implementation II,49.38,40,1
205,2919,9780712310208,USBC (Universal Standard Book Code),51.35,45,1
206,2920,9780818681783,"Proceedings, the Sixteenth Symposium on Reliable Distributed Systems, Regal University Hotel, Durham, North Carolina, October 22-24, 1997; sponsors, IEEE Computer Society Technical Committees on Distr",43.45,10,1
209,2920,9780818681783,"Proceedings, the Sixteenth Symposium on Reliable Distributed Systems, Regal University Hotel, Durham, North Carolina, October 22-24, 1997; sponsors, IEEE Computer Society Technical Committees on Distr",46.93,20,0
207,2921,9783885851882,Fuzzy relational data bases,45.43,15,1
208,2922,9780738436418,Running SAP solutions with IBM DB2 10 for z/OS on the IBM zEnterprise System,47.4,20,1
209,2923,9789171534002,Models and methods for the management of dynamic information in Geo Informatic Systems,49.38,25,1
210,2924,9780833008084,Assessing the use of DOE's fossil energy information system (The Rand publication series),51.35,30,1
101,2924,9780833008084,Assessing the use of DOE's fossil energy information system (The Rand publication series),55.46,40,0
1,2925,9789251044278,Land resources information systems for food security in SADC countries,43.45,35,1
2,2926,9780818664007,Proceedings of the Third International Conference on Parallel and Distributed Information Systems,45.43,40,1
101,2927,9780818675706,Proceedings of WORDS'96,47.4,45,1
102,2928,9781586032111,Decoherence and its implications in quantum computation and information transfer,49.38,10,1
202,2928,9781586032111,Decoherence and its implications in quantum computation and information transfer,53.33,20,0
103,2929,9789633112281,A data base management system developed for the Cuban minicomputer CID 300/10,51.35,15,1
201,2930,9781784394233,Getting Started with Citrix XenApp® 7. 6,43.45,20,1
202,2931,9783540461401,Conceptual Modeling for New Information Systems Technologies,45.43,25,1
203,2932,9780708108260,Data base management systems,47.4,30,1
206,2932,9780708108260,Data base management systems,51.19,40,0
204,2933,9783540761327,"OOIS '96, 1996 International Conference on Object Oriented Information Systems, 16-18 December 1996, London",49.38,35,1
205,2934,9783642153921,Knowledge-based and intelligent information and engineering systems,51.35,40,1
206,2935,9783540888703,On the move to meaningful internet systems 2008,43.45,45,1
207,2936,9783540199274,"OOIS '94, 1994 International Conference on Object Oriented Information Systems, 19-21 December 1994, London",45.43,10,1
210,2936,9783540199274,"OOIS '94, 1994 International Conference on Object Oriented Information Systems, 19-21 December 1994, London",49.06,20,0
208,2937,9782879770321,"Proceedings of the workshop, Dynamical systems and artificial intelligence applied to data banks in geophysics",47.4,15,1
209,2938,9783642375736,Transactions on Large-Scale Data- and Knowledge-Centered Systems VIII,49.38,20,1
210,2939,9780769501031,4th International Workshop on Object-Oriented Real-Time Dependable Systems (Words '99),51.35,25,1
1,2940,9789810214456,GIS,43.45,30,1
102,2940,9789810214456,GIS,46.93,40,0
2,2941,9781475749106,Data Mining and Reverse Engineering,45.43,35,1
101,2942,9781558606531,Business Modeling and Data Mining (The Morgan Kaufmann Series in Data Management Systems),47.4,40,1
102,2943,9783860642115,Specification and prototypical execution of integrity concepts for domain-specific data base management systems,49.38,45,1
103,2944,9789062330850,"Evaluation of methods and techniques for the analysis, design, and implementation of information systems",51.35,10,1
203,2944,9789062330850,"Evaluation of methods and techniques for the analysis, design, and implementation of information systems",55.46,20,0
201,2945,9780201325744,Scaling Oracle8i,43.45,15,1
202,2946,9781439860595,Developing Information Systems For Windows And Web Applications In Engineering Business And Science,45.43,20,1
203,2947,9783642177453,The Semantic Web Iswc 2010 Lecture Notes in Computer Science Information Systems and,47.4,25,1
204,2948,9780387243566,Web content delivery,49.38,30,1
207,2948,9780387243566,Web content delivery,53.33,40,0
205,2949,9781599942865,SAS(R) 9.1.3 Intelligence Platform,51.35,35,1
206,2950,9783540761709,"OOIS '97, 1997 International Conference on Object-Oriented Information Systems, 10-12 November 1997, Brisbane",43.45,40,1
207,2951,9781605669755,Innovations in supply chain management for information systems,45.43,45,1
208,2952,9783642292194,Global Trends in Computing and Communication Systems,47.4,10,1
1,2952,9783642292194,Global Trends in Computing and Communication Systems,51.19,20,0
209,2953,9783642037153,Data Management in Grid and Peer-to-Peer Systems,49.38,15,1
210,2954,9783662559468,Transactions on Large-Scale Data- and Knowledge-Centered Systems XXXIV,51.35,20,1
1,2955,9783642151071,Data management in grid and peer-to-peer systems,43.45,25,1
2,2956,9789201047045,power reactor information system (PRIS) and extension to non-electrical Applications,45.43,30,1
103,2956,9789201047045,power reactor information system (PRIS) and extension to non-electrical Applications,49.06,40,0
101,2957,9780387243528,Agent intelligence through data mining,47.4,35,1
102,2958,9783642247873,Knowledge Information And Creativity Support Systems 5th International Conference Revised Selected Papers,49.38,40,1
103,2959,9780872875012,International information,51.35,45,1
201,2960,9780749474423,Data-driven organization design,43.45,10,1
204,2960,9780749474423,Data-driven organization design,46.93,20,0
202,2961,9780818674754,Proceedings of the Fourth International Conference on Parallel and Distributed Information Systems,45.43,15,1
203,2962,9789282643129,Catalogue of systems for the monitoring of working conditions relating to health and safety,47.4,20,1
204,2963,9780833049100,Harnessing full value from the DoD Serum Repository and the Defense Medical Surveillance System,49.38,25,1
205,2964,9780738423203,Sap on DB2 for Z/OS and Os/390 DB2 System Cloning,51.35,30,1
208,2964,9780738423203,Sap on DB2 for Z/OS and Os/390 DB2 System Cloning,55.46,40,0
206,2965,9783540410942,Foundations of intelligent systems,43.45,35,1
207,2966,9780818622953,Proceedings of the First International Conference on Parallel and Distributed Information Systems,45.43,40,1
208,2967,9780769512242,Third International Workshop on Advanced Issues of E-Commerce and Web-Based Information Systems,47.4,45,1
209,2968,9781558608290,Bioinformatics,49.38,10,1
2,2968,9781558608290,Bioinformatics,53.33,20,0
210,2969,9780818637117,"RIDE-IMS '93, Third International Workshop on Research Issues in Data Engineering",51.35,15,1
1,2970,9780738432380,Powering SOA solutions with IMS,43.45,20,1
2,2971,9798423637279,Decision Making Handbook,45.43,25,1
101,2972,9780534135249,"Four software tools, with Lotus 1-2-3 (release 2.2)",47.4,30,1
201,2972,9780534135249,"Four software tools, with Lotus 1-2-3 (release 2.2)",51.19,40,0
102,2973,9783642238543,Knowledge-Based and Intelligent Information and Engineering Systems,49.38,35,1
103,2974,9783642238505,Knowledge-Based and Intelligent Information and Engineering Systems,51.35,40,1
201,2975,9780738439907,In-memory computing with SAP HANA on IBM eX5 and X6 systems,43.45,45,1
202,2976,9783642238666,Knowledge-Based and Intelligent Information and Engineering Systems,45.43,10,1
205,2976,9783642238666,Knowledge-Based and Intelligent Information and Engineering Systems,49.06,20,0
203,2977,9783642238628,Knowlege-Based and Intelligent Information and Engineering Systems,47.4,15,1
204,2978,9783642229473,Data Management in Grid and Peer-to-Peer Systems,49.38,20,1
205,2979,9780387727714,The Web Resource Space Model (Web Information Systems Engineering and Internet Technologies Book Series),51.35,25,1
206,2980,9783540300182,Web Information Systems Engineering - WISE 2005 Workshops,43.45,30,1
209,2980,9783540300182,Web Information Systems Engineering - WISE 2005 Workshops,46.93,40,0
207,2981,9783540236641,On the move to meaningful Internet systems 2004,45.43,35,1
208,2982,9781880446546,Proceedings of the Usenix Symposium on Experiences With Distributed and Multiprocessor Systems (Sedms IV),47.4,40,1
209,2983,9783642251054,On the Move to Meaningful Internet Systems OTM 2011 Lecture Notes in Computer Science,49.38,45,1
210,2984,9781583817032,Astronomical data analysis software and systems XVIII,51.35,10,1
101,2984,9781583817032,Astronomical data analysis software and systems XVIII,55.46,20,0
1,2985,9780769506104,Second International Workshop on Advanced Issues of E-Commerce and Web-Based Information Systems/Wecwis 2000,43.45,15,1
2,2986,9789251044544,"The European soil information system : proceedings of a Technical Consultation, Rome, Italy, 2-3 September 1999",45.43,20,1
101,2987,9783642292163,Global Trends in Information Systems and Software Applications,47.4,25,1
102,2988,9780387727721,The Web Resource Space Model (Web Information Systems Engineering and Internet Technologies Book Series 4),49.38,30,1
202,2988,9780387727721,The Web Resource Space Model (Web Information Systems Engineering and Internet Technologies Book Series 4),53.33,40,0
103,2989,9781555441616,"Changes and enhancements to System 2000 software, release 5.0 for Unisys 1100 and 2200 series computers",51.35,35,1
201,2990,9781576104170,Access 2000 client/server solutions,43.45,40,1
202,2991,9780805820270,The CHILDES project,45.43,45,1
203,2992,9783642229695,Enabling Real-Time Business Intelligence,47.4,10,1
206,2992,9783642229695,Enabling Real-Time Business Intelligence,51.19,20,0
204,2993,9781786464712,Oracle Business Intelligence Enterprise Edition 12c - Second Edition: Build your organization's Business Intelligence system,49.38,15,1
205,2994,9783642264016,Soft Computing in XML Data Management,51.35,20,1
206,2995,9780080521435,XML for Data Architects,43.45,25,1
207,2996,9783319261386,On the Move to Meaningful Internet Systems : OTM 2015 Workshops : Confederated International Workshops,45.43,30,1
210,2996,9783319261386,On the Move to Meaningful Internet Systems : OTM 2015 Workshops : Confederated International Workshops,49.06,40,0
208,2997,9780769520544,9th Ieee International Workshop On Object-oriented Real-time Dependable Systems Words 2003 Fall,47.4,35,1
209,2998,9789251045169,Land Resources Information Systems in Asia (World Soil Resources Reports),49.38,40,1
210,2999,9783540698609,"Security, Privacy, and Trust in Modern Data Management",51.35,45,1
1,3000,9783642164019,Enterprise Information Systems International Conference Centeris 2010 Viana Do Castelo Portugal October 2022 2010 Proceedings,43.45,10,1
102,3000,9783642164019,Enterprise Information Systems International Conference Centeris 2010 Viana Do Castelo Portugal October 2022 2010 Proceedings,46.93,20,0
2,3001,9783642218538,Foundations of Augmented Cognition. Directing the Future of Adaptive Systems,45.43,15,1
101,3002,9780769541938,Proceedings,47.4,20,1
102,3003,9781558604568,SQL:1999,49.38,25,1
103,3004,9783642380693,Benchmarking Transaction And Analytical Processing Systems The Creation Of A Mixed Workload Benchmark And Its Application,51.35,30,1
203,3004,9783642380693,Benchmarking Transaction And Analytical Processing Systems The Creation Of A Mixed Workload Benchmark And Its Application,55.46,40,0
201,3005,9783642051517,On the Move to Meaningful Internet Systems: OTM 2009,43.45,35,1
202,3006,9780818680465,"Third International Workshop on Object-Oriented Real-Time Dependable Systems: February 5-7, 1997 Newport Beach, California, U.S.A",45.43,40,1
203,3007,9783642145582,Enabling real-time business intelligence,47.4,45,1
204,3008,9781461350330,Shape analysis and retrieval of multimedia objects,49.38,10,1
207,3008,9781461350330,Shape analysis and retrieval of multimedia objects,53.33,20,0
205,3009,9783642169342,On the Move to Meaningful Internet Systems: OTM 2010,51.35,15,1
206,3010,9783642140488,Computational intelligence for knowledge-based system design,43.45,20,1
207,3011,9780738439013,IMS integration and connectivity across the enterprise,45.43,25,1
208,3012,9781118466773,Implement Improve And Expand Your Statewide Longitudinal Data System Creating A Culture Of Data In Education,47.4,30,1
1,3012,9781118466773,Implement Improve And Expand Your Statewide Longitudinal Data System Creating A Culture Of Data In Education,51.19,40,0
209,3013,9783642336157,On the Move to Meaningful Internet Systems: OTM 2012,49.38,35,1
210,3014,9783540695332,Advanced Information Systems Engineering 20th International Conference Caise 2008 Montpellier France June 1620 2008 Proceedings,51.35,40,1
1,3015,9783540888741,"On the move to meaningful internet systems, OTM 2008 workshops",43.45,45,1
2,3016,9780080545103,"Advances in Computers, Volume 49 (Advances in Computers)",45.43,10,1
103,3016,9780080545103,"Advances in Computers, Volume 49 (Advances in Computers)",49.06,20,0
101,3017,9780735618169,.NET Framework 1.1,47.4,15,1
102,3018,9783540321200,"On the Move to Meaningful Internet Systems 2005 : CoopIS, DOA, and ODBASE",49.38,20,1
103,3019,9783540482895,"On the Move to Meaningful Internet Systems 2006 : CoopIS, DOA, GADA, and ODBASE",51.35,25,1
201,3020,9780780381384,Proceedings of the Second IEEE International Workshop on Intelligent Data Acquisition and Advanced Computing Systems-- Technology and Applications,43.45,30,1
204,3020,9780780381384,Proceedings of the Second IEEE International Workshop on Intelligent Data Acquisition and Advanced Computing Systems-- Technology and Applications,46.93,40,0
202,3021,9780818600104,"IEEE International Workshop on Computer Systems Organization, March 29-31, 1983, Sheraton New Orleans Hotel, New Orleans",45.43,35,1
203,3022,9789854850177,Massovoe obsluzhivanie,47.4,40,1
204,3023,9782817802855,Systèmes d’information pour l’amélioration de la qualité en santé,49.38,45,1
205,3024,9783540297390,On the Move to Meaningful Internet Systems 2005: OTM 2005 Workshops,51.35,10,1
208,3024,9783540297390,On the Move to Meaningful Internet Systems 2005: OTM 2005 Workshops,55.46,20,0
206,3025,9783540770091,Web Information Systems Engineering Wise 2007 Workshops Wise 2007 International Workshops Nancy France December 3 2007 Proceedings,43.45,15,1
207,3026,9780470134474,Business Information Quality Applied,45.43,20,1
208,3027,9780123964632,Agile data warehousing project management,47.4,25,1
209,3028,9781558606470,Object Data Standard,49.38,30,1
2,3028,9781558606470,Object Data Standard,53.33,40,0
210,3029,9789211003857,UN-Earth,51.35,35,1
1,3030,9783642140570,Information Processing and Management of Uncertainty in Knowledge-Based Systems. Applications,43.45,40,1
2,3031,9781581131482,6th ACM Conference on Computer and Communications Security,45.43,45,1
101,3032,9780780371644,Idaacs '2001: Proceedings of the International Workshop on Intelligent Data Acquisition and Advanced Computing Systems : Technology and Applications,47.4,10,1
201,3032,9780780371644,Idaacs '2001: Proceedings of the International Workshop on Intelligent Data Acquisition and Advanced Computing Systems : Technology and Applications,51.19,20,0
102,3033,9783540286073,Data Stream Management,49.38,15,1
103,3034,9781558604032,Predictive data mining,51.35,20,1
201,3035,9781581130072,5th ACM Conference on Computer and Communications Security,43.45,25,1
202,3036,9781558606845,Data Warehousing,45.43,30,1
205,3036,9781558606845,Data Warehousing,49.06,40,0
203,3037,9780819469922,Multimedia content access,47.4,35,1
204,3038,9780819466198,Multimedia content access,49.38,40,1
205,3039,9783540768890,On the Move to Meaningful Internet Systems 2007: OTM 2007 Workshops,51.35,45,1
206,3040,9780769514802,Twelfth International Workshop on Research Issues in Data Engineering,43.45,10,1
209,3040,9780769514802,Twelfth International Workshop on Research Issues in Data Engineering,46.93,20,0
207,3041,9783540768487,"On the Move to Meaningful Internet Systems 2007 : CoopIS, DOA, ODBASE, GADA, and IS",45.43,15,1
208,3042,9783540747680,Bio-inspired computational intelligence and applications,47.4,20,1
209,3043,9780738436166,IBM IMS version 12 technical view,49.38,25,1
210,3044,9780955212734,An introduction to OxMetrics 5,51.35,30,1
101,3044,9780955212734,An introduction to OxMetrics 5,55.46,40,0
1,3045,9787501968374,Ke ji cha xin gong zuo chuang xin ti xi,43.45,35,1
2,3046,9780954260392,An introduction to OxMetrics 4,45.43,40,1
101,3047,9780072125498,Oracle applications performance tuning handbook,47.4,45,1
102,3048,9780889360976,Optical character recognition,49.38,10,1
202,3048,9780889360976,Optical character recognition,53.33,20,0
103,3049,9783540482741,"On the move to meaningful internet systems 2006: CoopIS, DOA, GADA, and ODBASE",51.35,15,1
201,3050,9783540482871,"On the move to meaningful internet systems 2006: CoopIS, DOA, GADA, and ODBASE",43.45,20,1
202,3051,9783540851752,Data Management In Grid And Peertopeer Systems First International Conference Globe 2008 Turin Italy September 3 2008 Proceedings,45.43,25,1
203,3052,9780772621634,Using a geographical information system for the input and analysis of historical western spruce budworm in British Columbia,47.4,30,1
206,3052,9780772621634,Using a geographical information system for the input and analysis of historical western spruce budworm in British Columbia,51.19,40,0
204,3053,9780893032388,The data base guide,49.38,35,1
205,3054,9780789729187,Modern biotechnology in plant breeding,51.35,40,1
206,3055,9780818633300,"Proceedings of the Second International Conference on Parallel and Distributed Information Systems January 20-22, 1993 San Diego, California",43.45,45,1
207,3056,9788958031550,Kusul ak'aibŭ sisŭt'em ŭi kuch'uk kwa hwaryong,45.43,10,1
210,3056,9788958031550,Kusul ak'aibŭ sisŭt'em ŭi kuch'uk kwa hwaryong,49.06,20,0
208,3057,9780780376410,Proceedings IEEE/ACM SIGGRAPH Symposium on Volume Visualization and Graphics 2002,47.4,15,1
209,3058,9780851420943,"On-line information retrieval, 1965-1976",49.38,20,1
210,3059,9783540482697,On the move to meaningful internet systems 2006: OTM 2006 workshops,51.35,25,1
1,3060,9783540543466,Uncertainty in knowledge bases,43.45,30,1
102,3060,9783540543466,Uncertainty in knowledge bases,46.93,40,0
2,3061,9781784398323,Apache ZooKeeper Essentials,45.43,35,1
101,3062,9781852334208,OOIS 2000,47.4,40,1
102,3063,9781558604520,Object-relational DBMSs,49.38,45,1
103,3064,9783642410338,On the Move to Meaningful Internet Systems : OTM 2013 Workshops : Confederated International Workshops,51.35,10,1
203,3064,9783642410338,On the Move to Meaningful Internet Systems : OTM 2013 Workshops : Confederated International Workshops,55.46,20,0
201,3065,9780660178028,A report on a feasibility study for a pilot information system for Canadian shelters for homeless individuals and families,43.45,15,1
202,3066,9780160574641,"SBA, proposed new automated loan monitoring system",45.43,20,1
203,3067,9780444854995,Data bases in the humanities and social sciences,47.4,25,1
204,3068,9783662455500,On the Move to Meaningful Internet Systems : OTM 2014 Workshops : Confederated International Workshops,49.38,30,1
207,3068,9783662455500,On the Move to Meaningful Internet Systems : OTM 2014 Workshops : Confederated International Workshops,53.33,40,0
205,3069,9783540297369,"On the Move to Meaningful Internet Systems 2005: CoopIS, DOA, and ODBASE (vol. # 3760)",51.35,35,1
206,3070,9783540297383,"On the Move to Meaningful Internet Systems 2005: CoopIS, DOA, and ODBASE (vol. # 3761)",43.45,40,1
207,3071,9780131856714,An Introduction to IMS(TM),45.43,45,1
208,3072,9780321194442,Microsoft Content Management Server 2002,47.4,10,1
1,3072,9780321194442,Microsoft Content Management Server 2002,51.19,20,0
209,3073,9781847193582,PHP5 CMS framework development,49.38,15,1
210,3074,9789650607722,Nituaḥ ṿe-ʻitsuv maʻarekhet medaʻ,51.35,20,1
1,3075,9789633112441,"RG-25 KNVVT, Problemy i instrumentarii integrat͡sii informat͡sionnykh sistem",43.45,25,1
2,3076,9781573312073,The metabolic syndrome X,45.43,30,1
103,3076,9781573312073,The metabolic syndrome X,49.06,40,0
101,3077,9783642539558,Foundations Of Health Information Engineering And Systems Third International Symposium Fhies 2013 Macau China August 2123 2013 Revised Selected Papers,47.4,35,1
102,3078,9783540769231,Web And Wireless Geographical Information Systems 7th International Symposium W2gis 2007 Cardiff Uk November 2829 2007 Proceedings,49.38,40,1
103,3079,9783642191725,Web And Wireless Geographical Information Systems 10th International Symposium W2gis 2011 Kyoto Japan March 34 2011 Proceedings,51.35,45,1
201,3080,9783319559605,On the Move to Meaningful Internet Systems : OTM 2016 Workshops : Confederated International Workshops,43.45,10,1
204,3080,9783319559605,On the Move to Meaningful Internet Systems : OTM 2016 Workshops : Confederated International Workshops,46.93,20,0
202,3081,9783642246593,Modern Transport Telematics 11th International Conference On Transport Systems Telematics Tst 2011 Katowiceustro Poland October 1922 2011 Selected Papers,45.43,15,1
203,3082,9781558601857,Camelot and Avalon,47.4,20,1
204,3083,0919027241,"CINFOLINK directory of information services in China, 1993-1994",49.38,25,1
205,3084,9780321524034,Computer science,51.35,30,1
208,3084,9780321524034,Computer science,55.46,40,0
206,3085,9788390752938,"MuzArP, wersja 1.5",43.45,35,1
207,3086,9783540321323,On the Move to Meaningful Internet Systems 2005 : OTM 2005 Workshops,45.43,40,1
208,3087,9789004165038,Digital borders and real rights,47.4,45,1
209,3088,9624420516,"Conference proceedings, International Conference on Data and Knowledge Systems for Manufacturing and Engineering, May 2-4, 1994, Chinese University of Hong Kong, Hong Kong",49.38,10,1
2,3088,9624420516,"Conference proceedings, International Conference on Data and Knowledge Systems for Manufacturing and Engineering, May 2-4, 1994, Chinese University of Hong Kong, Hong Kong",53.33,20,0
210,3089,9780818684951,Proceedings 1983,51.35,15,1
1,3090,9780321243621,Hitchhiker's guide to Visual studio and SQL server,43.45,20,1
2,3091,9789814273480,Data quality and high-dimensional data analysis,45.43,25,1
101,3092,9783642251269,On the Move to Meaningful Internet Systems: OTM 2011 Workshops,47.4,30,1
201,3092,9783642251269,On the Move to Meaningful Internet Systems: OTM 2011 Workshops,51.19,40,0
102,3093,9783540482765,On the Move to Meaningful Internet Systems 2006 : OTM 2006 Workshops,49.38,35,1
103,3094,9780080504377,Digital compression for multimedia,51.35,40,1
201,3095,9783934997271,Die Bibliothekswebsite auf Knopfdruck,43.45,45,1
202,3096,9781581137064,Proceedings,45.43,10,1
205,3096,9781581137064,Proceedings,49.06,20,0
203,3097,9780899306261,Predicting success in higher-level positions,47.4,15,1
204,3098,9783642052897,On the Move to Meaningful Internet Systems: OTM 2009 Workshops,49.38,20,1
205,3099,9780123706096,Web dragons,51.35,25,1
206,3100,9788390752945,"MuzArP, release 1.5",43.45,30,1
209,3100,9788390752945,"MuzArP, release 1.5",46.93,40,0
207,3101,9783540768883,On the Move to Meaningful Internet Systems 2007 : OTM 2007 Workshops,45.43,35,1
208,3102,9783642051470,On The Move To Meaningful Internet Systems Otm 2009 Confederated International Conferences Coopis Doa Is And Odbase 2009 Vilamoura Portugal November 16 2009 Proceedings,47.4,40,1
209,3103,9781581135060,Proceedings,49.38,45,1
210,3104,9783540666530,Advances in conceptual modeling,51.35,10,1
101,3104,9783540666530,Advances in conceptual modeling,55.46,20,0
1,3105,9783642251085,On The Move To Meaningful Internet Systems Otm 2011 Confederated International Conferences Coopis Doasvi And Odbase 2011 Hersonissos Crete Greece October 2011 Proceedings,43.45,15,1
2,3106,9783642169618,On the Move to Meaningful Internet Systems: OTM 2010 Workshops,45.43,20,1
101,3107,9780738432519,SAP on DB2 9 for z/OS,47.4,25,1
102,3108,9783540768463,On the move to meaningful internet systems 2007,49.38,30,1
202,3108,9783540768463,On the move to meaningful internet systems 2007,53.33,40,0
103,3109,9788968274862,2017 년 보건 복지 통계 정보 통합 관리 및 운영,51.35,35,1
201,3110,9780387229508,Logical data modeling,43.45,40,1
202,3111,9783642140099,Soft computing in XML data management,45.43,45,1
203,3112,9780872628038,Computing in civil engineering and Symposium on Data Bases,47.4,10,1
206,3112,9780872628038,Computing in civil engineering and Symposium on Data Bases,51.19,20,0
204,3113,9783642218262,Modern Approaches in Applied Intelligence,49.38,15,1
205,3114,9781558606227,Data on the web,51.35,20,1
206,3115,9783642149436,Systems And Virtualization Management Standards And The Cloud Third International Dmtf Academic Alliance Workshop Revised Selected Papers Svm 2009 Wuhan China September 2223 2009 Latifa Boursas Ed,43.45,25,1
207,3116,9783642148606,Digital Ecosystems,45.43,30,1
210,3116,9783642148606,Digital Ecosystems,49.06,40,0
208,3117,9780791841761,Proceedings of the 5th biennial International Pipeline Conference,47.4,35,1
209,3118,9781581136128,Proceedings of the 9th ACM Conference on Computer and Communications Security,49.38,40,1
210,3119,9780760063941,Course Guide,51.35,45,1
1,3120,9789667034412,Repertuar ukraïnsʹkoï ta bilorusʹkoï sakralʹnoï monodiï za notoliniĭnymy Irmoloi͡amy XVI-XVIII stolitʹ,43.45,10,1
102,3120,9789667034412,Repertuar ukraïnsʹkoï ta bilorusʹkoï sakralʹnoï monodiï za notoliniĭnymy Irmoloi͡amy XVI-XVIII stolitʹ,46.93,20,0
2,3121,9781849681452,Microsoft SQL Server 2008 R2 Administration cookbook,45.43,15,1
101,3122,9780819471031,Medical imaging 2008,47.4,20,1
102,3123,9781430321200,"Never Talk When You Can Nod. Compliance, eDiscovery And Enterprise Content Management Systems: How technology can be used to help solve problems, increase business efficiency and mitigate risk - not j",49.38,25,1
103,3124,9783642175077,Learning Classifier Systems 11th International Workshop Iwlcs 2008 Atlanta Ga Usa July 13 2008 And 12th International Workshop Iwlcs 2009 Montreal Qc Canada July 9 2009 Revised Selected Papers,51.35,30,1
203,3124,9783642175077,Learning Classifier Systems 11th International Workshop Iwlcs 2008 Atlanta Ga Usa July 13 2008 And 12th International Workshop Iwlcs 2009 Montreal Qc Canada July 9 2009 Revised Selected Papers,55.46,40,0
201,3125,9781558609181,How to build a business rules engine,43.45,35,1
202,3126,9780880663618,Privacy/Confidentiality,45.43,40,1
203,3127,9781782166634,ElasticSearch cookbook,47.4,45,1
204,3128,9780961539139,Data management issues in forestry,49.38,10,1
207,3128,9780961539139,Data management issues in forestry,53.33,20,0
205,3129,9783319978840,Recent Developments in Data Science and Intelligent Analysis of Information,51.35,15,1
206,3130,9783642317095,Advances on Computational Intelligence,43.45,20,1
207,3131,9783642317156,Advances in Computational Intelligence,45.43,25,1
208,3132,9783540480549,Advances in Conceptual Modeling,47.4,30,1
1,3132,9783540480549,Advances in Conceptual Modeling,51.19,40,0
209,3133,9783642310874,Advanced Research in Applied Artificial Intelligence,49.38,35,1
210,3134,9783540768876,On The Move To Meaningful Internet Systems 2007 Otm 2007 Workshops Otm Confederated International Workshops And Posters Awesome Cams Otm Academy Doctoral Consortium Monet Ontocontent Orm Persys Ppn Rd,51.35,40,1
1,3135,9780738426358,Sap on DB2 Udb for Os/390 and Z/OS,43.45,45,1
2,3136,9783642317248,"Advances in Computational Intelligence, Part IV",45.43,10,1
103,3136,9783642317248,"Advances in Computational Intelligence, Part IV",49.06,20,0
101,3137,9783642317187,"Advances in Computational Intelligence, Part III",47.4,15,1
102,3138,9780160830716,"Hearing to review the U.S. Department of Agriculture's release of program beneficiaries' social security numbers and the department's information systems, generally",49.38,20,1
103,3139,9780947568702,Information retrieval,51.35,25,1
201,3140,9780160861468,Cybersecurity,43.45,30,1
204,3140,9780160861468,Cybersecurity,46.93,40,0
202,3141,9789854451954,Massovoe obsluzhivanie,45.43,35,1
203,3142,9780160417849,"The glass ceiling in federal agencies, a GAO survey on women and minorities in federal agencies",47.4,40,1
204,3143,9781305656314,Understanding Computers Today and Tomorrow,49.38,45,1
205,3144,9780897918732,Proceedings of the 1996 ACM CIKM International Conference on Information and Knowledge Management,51.35,10,1
208,3144,9780897918732,Proceedings of the 1996 ACM CIKM International Conference on Information and Knowledge Management,55.46,20,0
206,3145,9780160647871,Cyber attacks,43.45,15,1
207,3146,9780120121342,Advances in Computers,45.43,20,1
208,3147,9781119485544,Hacking for Dummies,47.4,25,1
209,3148,9780321637734,Advanced programming in the Unix environment,49.38,30,1
2,3148,9780321637734,Advanced programming in the Unix environment,53.33,40,0
210,3149,9780131403017,Oracle DBA Scripting Quick Reference,51.35,35,1
1,3150,9780134085043,Security in computing,43.45,40,1
2,3151,9781633538009,The basics of bitcoins and blockchains,45.43,45,1
101,3152,9783540671930,Performance evaluation,47.4,10,1
201,3152,9783540671930,Performance evaluation,51.19,20,0
102,3153,9780321826626,NoSQL distilled,49.38,15,1
103,3154,9781936007097,SCADA,51.35,20,1
201,3155,9780071112420,Using information technology,43.45,25,1
202,3156,9783031425042,Artificial Intelligence and Soft Computing,45.43,30,1
205,3156,9783031425042,Artificial Intelligence and Soft Computing,49.06,40,0
203,3157,9780471143383,Information storage and retrieval,47.4,35,1
204,3158,9780136300540,Object-oriented modeling and design,49.38,40,1
205,3159,9781118080825,Enterprise architecture planning,51.35,45,1
206,3160,9781423904618,Computer concepts basics,43.45,10,1
209,3160,9781423904618,Computer concepts basics,46.93,20,0
207,3161,9780596157111,Beautiful data,45.43,15,1
208,3162,9781418836337,Programming Logic and Design,47.4,20,1
209,3163,9781306809221,Search patterns,49.38,25,1
210,3164,9788563308337,Software Engineering,51.35,30,1
101,3164,9788563308337,Software Engineering,55.46,40,0
1,3165,9780470331736,Content management bible,43.45,35,1
2,3166,9788120345027,Java how to program,45.43,40,1
101,3167,9781850328773,Data modeling essentials,47.4,45,1
102,3168,9783319771120,Computational Linguistics and Intelligent Text Processing,49.38,10,1
202,3168,9783319771120,Computational Linguistics and Intelligent Text Processing,53.33,20,0
103,3169,9781306811897,Learning Android,51.35,15,1
201,3170,9780357510094,Today's Health Information Management,43.45,20,1
202,3171,9780764505706,Oracle8i for Dummies,45.43,25,1
203,3172,9781491919989,Oracle PL/SQL Language,47.4,30,1
206,3172,9781491919989,Oracle PL/SQL Language,51.19,40,0
204,3173,9781493217755,SAP S/4hana,49.38,35,1
205,3174,9781780175935,Principles of Data Management,51.35,40,1
206,3175,9780471153375,The data warehouse toolkit,43.45,45,1
207,3176,9780133461923,DB2 Essentials,45.43,10,1
210,3176,9780133461923,DB2 Essentials,49.06,20,0
208,3177,9781449390419,Cassandra,47.4,15,1
209,3178,9781449332501,High Performance MySQL,49.38,20,1
210,3179,9780137696390,Building a data warehouse for decision support,51.35,25,1
1,3180,9780596152802,Ambient Findability,43.45,30,1
102,3180,9780596152802,Ambient Findability,46.93,40,0
2,3181,9781930708037,Data mining and business intelligence,45.43,35,1
101,3182,9780262518284,"""Raw data"" is an oxymoron",47.4,40,1
102,3183,9780003700237,Collins Cobuild English Language Dictionary,49.38,45,1
103,3184,9780072830767,I-Series,51.35,10,1
203,3184,9780072830767,I-Series,55.46,20,0
201,3185,9780471153672,The data model resource book,43.45,15,1
202,3186,9780511781636,Data management for multimedia retrieval,45.43,20,1
203,3187,9781403913487,e-Business,47.4,25,1
204,3188,9780072340792,Interactive Computing Series,49.38,30,1
207,3188,9780072340792,Interactive Computing Series,53.33,40,0
205,3189,9781461300854,Data Mining for Association Rules and Sequential Patterns,51.35,35,1
206,3190,9781408894705,Everybody lies,43.45,40,1
207,3191,9781592593354,Introduction to bioinformatics,45.43,45,1
208,3192,9781904347019,The Art and Science of Oracle Performance Tuning,47.4,10,1
1,3192,9781904347019,The Art and Science of Oracle Performance Tuning,51.19,20,0
209,3193,9781306813471,Redis cookbook,49.38,15,1
210,3194,9780672322686,Oracle DBA Automation Scripts,51.35,20,1
1,3195,9781558604759,The grid,43.45,25,1
2,3196,9781118691786,"Big Data, Data Mining, and Machine Learning",45.43,30,1
103,3196,9781118691786,"Big Data, Data Mining, and Machine Learning",49.06,40,0
101,3197,9780123737267,Business metadata,47.4,35,1
102,3198,9781430211969,Building a Data Warehouse,49.38,40,1
103,3199,9780429195754,Write it down,51.35,45,1
201,3200,9781589480216,Designing Geodatabases,43.45,10,1
204,3200,9781589480216,Designing Geodatabases,46.93,20,0
202,3201,9780596158156,CouchDB,45.43,15,1
203,3202,9780471303169,Management of data in clinical trials,47.4,20,1
204,3203,9780137144228,Oracle PL/SQL by example,49.38,25,1
205,3204,9781449334833,Designing with Data: Improving the User Experience with A/B Testing,51.35,30,1
208,3204,9781449334833,Designing with Data: Improving the User Experience with A/B Testing,55.46,40,0
206,3205,9780324788594,Invitation to Computer Science,43.45,35,1
207,3206,9781280652066,Oracle PL/SQL for dummies,45.43,40,1
208,3207,9781423902089,Oracle 10g Developer,47.4,45,1
209,3208,9780137020812,Db2 Express,49.38,10,1
2,3208,9780137020812,Db2 Express,53.33,20,0
210,3209,9781583475782,DB2 10 for Z/OS,51.35,15,1
1,3210,9780596520595,Active Directory,43.45,20,1
2,3211,9780070577350,Multimedia data management,45.43,25,1
101,3212,9780134512129,IDMS/R,47.4,30,1
201,3212,9780134512129,IDMS/R,51.19,40,0
102,3213,9783319627007,Advances in Data Mining. Applications and Theoretical Aspects,49.38,35,1
103,3214,9780471150787,MDX Solutions,51.35,40,1
201,3215,9780849376153,Practical guide to clinical data management,43.45,45,1
202,3216,9781464148248,The Stat 2,45.43,10,1
205,3216,9781464148248,The Stat 2,49.06,20,0
203,3217,9788672445312,Pretraživanje multimedijalnih dokumenata,47.4,15,1
204,3218,9781784395292,PostGIS Essentials,49.38,20,1
205,3219,9780138150471,DB2 PureXML cookbook,51.35,25,1
206,3220,9781491901717,Hadoop,43.45,30,1
209,3220,9781491901717,Hadoop,46.93,40,0
207,3221,9781444341560,Multimedia semantics,45.43,35,1
208,3222,9780471274773,Oracle administration and management,47.4,40,1
209,3223,9780578004389,Geeks bearing gifts,49.38,45,1
210,3224,9780070346086,SAA,51.35,10,1
101,3224,9780070346086,SAA,55.46,20,0
1,3225,9783642371851,"Knowledge Discovery, Knowledge Engineering and Knowledge Management",43.45,15,1
2,3226,9780818660856,"Workshop on the Management of Replicated Data, November 8-9, 1990, Houston, Texas",45.43,20,1
101,3227,9781430217336,Beginning DB2,47.4,25,1
102,3228,9781583476765,IBM Data Governance Unified Process,49.38,30,1
202,3228,9781583476765,IBM Data Governance Unified Process,53.33,40,0
103,3229,9781040077412,CIO's Guide to Oracle Products and Solutions,51.35,35,1
201,3230,9780738495910,Patterns,43.45,40,1
202,3231,9780971325722,The cybersleuth's guide to the Internet,45.43,45,1
203,3232,9781138732728,Manual of online search strategies,47.4,10,1
206,3232,9781138732728,Manual of online search strategies,51.19,20,0
204,3233,9780132429399,Computers are your future,49.38,15,1
205,3234,9781785280320,Splunk developer's guide,51.35,20,1
206,3235,9780387156019,Formal techniques for data base design,43.45,25,1
207,3236,9780887369292,Internet World's on Internet 94,45.43,30,1
210,3236,9780887369292,Internet World's on Internet 94,49.06,40,0
208,3237,9780470325650,Computer applications in pharmaceutical research and development,47.4,35,1
209,3238,9780938862611,Excel,49.38,40,1
210,3239,9780672311598,Teach yourself Oracle 8 in 21 days,51.35,45,1
1,3240,9780897742559,Federal statistical data bases,43.45,10,1
102,3240,9780897742559,Federal statistical data bases,46.93,20,0
2,3241,9780130819000,The DB2 cluster certification guide,45.43,15,1
101,3242,9780952490500,Introduction to UNIFACE Six,47.4,20,1
102,3243,9780894352690,Advanced topics in information engineering,49.38,25,1
103,3244,9780132073257,The Handbook of multimedia information management,51.35,30,1
203,3244,9780132073257,The Handbook of multimedia information management,55.46,40,0
201,3245,9780789723550,SuSE Linux installation and configuration handbook,43.45,35,1
202,3246,9780442232054,Computer-Assisted Data Base Design,45.43,40,1
203,3247,9780387367958,Data Mining,47.4,45,1
204,3248,9780070314290,"Data stores, data warehousing, and the Zachman Framework",49.38,10,1
207,3248,9780070314290,"Data stores, data warehousing, and the Zachman Framework",53.33,20,0
205,3249,9781789343328,Pentaho Data Integration Quick Start Guide: Create ETL processes using Pentaho,51.35,15,1
206,3250,9781430232261,The Definitive Guide to SQLite,43.45,20,1
207,3251,9781788296441,PostGIS Cookbook,45.43,25,1
208,3252,9781118745304,Oracle 12c For Dummies,47.4,30,1
1,3252,9781118745304,Oracle 12c For Dummies,51.19,40,0
209,3253,9780470465066,Oracle 11g for dummies,49.38,35,1
210,3254,9783540878766,Conceptual modeling,51.35,40,1
1,3255,9783642328725,Secure data management,43.45,45,1
2,3256,9781136389603,Knowledge management tools and techniques,45.43,10,1
103,3256,9781136389603,Knowledge management tools and techniques,49.06,20,0
101,3257,9781322046877,Db2 10. 1 Fundamentals,47.4,15,1
102,3258,9781617290855,Redis in Action,49.38,20,1
103,3259,9783030157180,Advances in Information Retrieval,51.35,25,1
201,3260,9780619064464,Enterprise Architecture Using the Zachman Framework (MIS),43.45,30,1
204,3260,9780619064464,Enterprise Architecture Using the Zachman Framework (MIS),46.93,40,0
202,3261,9781118261873,Information Storage and Management,45.43,35,1
203,3262,9781881585060,Information security policies made easy,47.4,40,1
204,3263,9783319153490,Performance Characterization and Benchmarking. Traditional to Big Data,49.38,45,1
205,3264,9783540156017,Formal Techniques for Data Base Design,51.35,10,1
208,3264,9783540156017,Formal Techniques for Data Base Design,55.46,20,0
206,3265,9780387112152,Data base design techniques,43.45,15,1
207,3266,9781583478479,Data Governance Tools,45.43,20,1
208,3267,9781489989208,Mining Text Data,47.4,25,1
209,3268,9781280348587,Oracle Internals,49.38,30,1
2,3268,9781280348587,Oracle Internals,53.33,40,0
210,3269,9781282455450,Professional Oracle WebLogic Server,51.35,35,1
1,3270,9780470131183,Information Security Governance,43.45,40,1
2,3271,9781118875346,Unsupervised Learning,45.43,45,1
101,3272,9780135986240,Modern structured analysis,47.4,10,1
201,3272,9780135986240,Modern structured analysis,51.19,20,0
102,3273,9780967667409,Implementing Data Resource Management,49.38,15,1
103,3274,9781617291395,"PostGIS in Action, 2nd Edition",51.35,20,1
201,3275,9781935182269,PostGIS in action,43.45,25,1
202,3276,9780321992604,Oracle Exadata Handbook,45.43,30,1
205,3276,9780321992604,Oracle Exadata Handbook,49.06,40,0
203,3277,9780521191951,Data-intensive computing,47.4,35,1
204,3278,9781849688314,Oracle Solaris 11,49.38,40,1
205,3279,9780764500831,Oracle7 for dummies,51.35,45,1
206,3280,9780130321244,Oracle Forms Developer,43.45,10,1
209,3280,9780130321244,Oracle Forms Developer,46.93,20,0
207,3281,9781118745878,Methodological Developments in Data Linkage,45.43,15,1
208,3282,9780137134441,"DB2 9 for Linux, UNIX, and Windows",47.4,20,1
209,3283,9783319405926,Provenance and Annotation of Data and Processes,49.38,25,1
210,3284,9780471583707,IMS design & implementation techniques,51.35,30,1
101,3284,9780471583707,IMS design & implementation techniques,55.46,40,0
1,3285,9780596516291,Oracle PL/SQL Best Practices,43.45,35,1
2,3286,9781879102996,Building a geodatabase,45.43,40,1
101,3287,9780133007046,Understanding DB2,47.4,45,1
102,3288,9781789801309,Oracle Blockchain Quick Start Guide,49.38,10,1
202,3288,9781789801309,Oracle Blockchain Quick Start Guide,53.33,20,0
103,3289,9789992066867,Exploring Foxpro/Book and 3 1/2' Disk,51.35,15,1
201,3290,9789994224500,Excel for Windows 4.0 (Quick Reference Guide),43.45,20,1
202,3291,9781780173566,Modelling Business Information,45.43,25,1
203,3292,9780415552158,Information management,47.4,30,1
206,3292,9780415552158,Information management,51.19,40,0
204,3293,9781040163665,Design and implementation of data mining tools,49.38,35,1
205,3294,9780818684821,"Technology of Object-Oriented Languages Tools 26: August 3-7, 1998 Santa Barbara, California",51.35,40,1
206,3295,9781589480094,Understanding ArcSDE,43.45,45,1
207,3296,9780072264593,IBM DB2 9 new features,45.43,10,1
210,3296,9780072264593,IBM DB2 9 new features,49.06,20,0
208,3297,9781589480643,Geodatabase Workbook,47.4,15,1
209,3298,9780072262087,Everyday Oracle DBA,49.38,20,1
210,3299,9780072262148,Oracle discoverer 10g handbook,51.35,25,1
1,3300,9781565923614,Oracle8 design tips,43.45,30,1
102,3300,9781565923614,Oracle8 design tips,46.93,40,0
2,3301,9781139221054,Web data management,45.43,35,1
101,3302,9780521887397,Data management for multimedia retrieval,47.4,40,1
102,3303,9780471581802,Migrating to DB2,49.38,45,1
103,3304,9780071790888,Oracle Goldengate 11g Handbook,51.35,10,1
203,3304,9780071790888,Oracle Goldengate 11g Handbook,55.46,20,0
201,3305,9781322614373,Knowledge science,43.45,15,1
202,3306,9780072230659,Effective Oracle by design,45.43,20,1
203,3307,9780894351051,Data analysis,47.4,25,1
204,3308,9781573871037,Intelligent technologies in library and information service applications,49.38,30,1
207,3308,9781573871037,Intelligent technologies in library and information service applications,53.33,40,0
205,3309,9780321463043,Oracle 10g Programming,51.35,35,1
206,3310,9781789808278,Deep Learning with R Cookbook,43.45,40,1
207,3311,9783642163289,Intelligent Information Processing V,45.43,45,1
208,3312,9783319355818,Fuzzy Data Warehousing for Performance Measurement,47.4,10,1
1,3312,9783319355818,Fuzzy Data Warehousing for Performance Measurement,51.19,20,0
209,3313,9780070650879,Idms/R,49.38,15,1
210,3314,9780134540597,Implementing practical DB2 applications,51.35,20,1
1,3315,9780596515676,Oracle Performance Tuning,43.45,25,1
2,3316,9781282682979,Beginning Oracle Application express,45.43,30,1
103,3316,9781282682979,Beginning Oracle Application express,49.06,40,0
101,3317,9781461346548,Advanced Signature Indexing for Multimedia and Web Applications,47.4,35,1
102,3318,9781461492412,Large-Scale Data Analytics,49.38,40,1
103,3319,9780134645797,Information engineering for the practitioner,51.35,45,1
201,3320,9780830633814,IMS/VS data communications programming using message format service,43.45,10,1
204,3320,9780830633814,IMS/VS data communications programming using message format service,46.93,20,0
202,3321,9783319163550,Advances in Information Retrieval,45.43,15,1
203,3322,9783790815108,Rough Sets,47.4,20,1
204,3323,9780672318283,DB2 developer's guide,49.38,25,1
205,3324,9780130157423,Oracle DBA,51.35,30,1
208,3324,9780130157423,Oracle DBA,55.46,40,0
206,3325,9783642298073,Advances in K-means Clustering,43.45,35,1
207,3326,9780870947506,The Dow Jones-Irwin lawyer's guide to online data bases,45.43,40,1
208,3327,9780819452108,Storage and retrieval methods and applications for multimedia 2004,47.4,45,1
209,3328,9780072225211,Oracle9i,49.38,10,1
2,3328,9780072225211,Oracle9i,53.33,20,0
210,3329,9780764508189,Access 2002 for dummies,51.35,15,1
1,3330,9781893669079,Internet-based market research,43.45,20,1
2,3331,9780131990920,Data communications,45.43,25,1
101,3332,9780738485836,Deploying Oracle 10g RAC on AIX V5 with GPFS,47.4,30,1
201,3332,9780738485836,Deploying Oracle 10g RAC on AIX V5 with GPFS,51.19,40,0
102,3333,9781933284514,"Security, Audit & Control Features Oracle E-Business Suite",49.38,35,1
103,3334,9780782130096,OCP,51.35,40,1
201,3335,9781782164814,Instant Redis Optimization How-To,43.45,45,1
202,3336,9781409224785,Oracle Real Application Cluster Field DBA Admin Handbook,45.43,10,1
205,3336,9781409224785,Oracle Real Application Cluster Field DBA Admin Handbook,49.06,20,0
203,3337,9781614999324,Information Modelling and Knowledge Bases XXX,47.4,15,1
204,3338,9781784625528,"Many Basic Shades of DB2 10. 5. 4 for Linux, UNIX, and Windows",49.38,20,1
205,3339,9780471128229,Building the operational data store,51.35,25,1
206,3340,9783879403844,Pragmatische Aspekte beim Entwurf und Betrieb von Informationssystemen,43.45,30,1
209,3340,9783879403844,Pragmatische Aspekte beim Entwurf und Betrieb von Informationssystemen,46.93,40,0
207,3341,9780125050401,Object-oriented information engineering,45.43,35,1
208,3342,9783319317526,Advances in Knowledge Discovery and Data Mining,47.4,40,1
209,3343,9781587130175,High availability network fundamentals,49.38,45,1
210,3344,9780929280820,KDD-95,51.35,10,1
101,3344,9780929280820,KDD-95,55.46,20,0
1,3345,9781590593875,Oracle insights,43.45,15,1
2,3346,9789811350054,Wireless Networking and Mobile Data Management,45.43,20,1
101,3347,9780134165257,Toad for Oracle Unleashed,47.4,25,1
102,3348,9781118172759,"Data Model Resource Book, Volume 1 Vol. 2",49.38,30,1
202,3348,9781118172759,"Data Model Resource Book, Volume 1 Vol. 2",53.33,40,0
103,3349,9783319303147,Machine Intelligence and Big Data in Industry,51.35,35,1
201,3350,9780470480410,Computational Framework for Knowledge,43.45,40,1
202,3351,9780967344508,MEDLINE,45.43,45,1
203,3352,9781885587596,JumpStart Jr. Access,47.4,10,1
206,3352,9781885587596,JumpStart Jr. Access,51.19,20,0
204,3353,9781849686150,Oracle Goldengate 11g Complete Cookbook,49.38,15,1
205,3354,9780596000059,Palm OS network programming,51.35,20,1
206,3355,9781351590365,"Practical Guide for Oracle SQL, T-SQL and MySQL",43.45,25,1
207,3356,9781484249284,Oracle Visual Builder Cloud Service Revealed,45.43,30,1
210,3356,9781484249284,Oracle Visual Builder Cloud Service Revealed,49.06,40,0
208,3357,9780321832214,Vmware Vsphere 5 Integration Into The Datacenter,47.4,35,1
209,3358,9780071827263,Oracle Big Data Handbook,49.38,40,1
210,3359,9783540242604,Inconsistency Tolerance (Lecture Notes in Computer Science),51.35,45,1
1,3360,9780070384392,Interactive computing software skills,43.45,10,1
102,3360,9780070384392,Interactive computing software skills,46.93,20,0
2,3361,9780792396475,Enterprise Integration and Modeling,45.43,15,1
101,3362,9780672325670,Sams teach yourself SQL in 10 minutes,47.4,20,1
102,3363,9781931769037,Creating Your Web Site with ColdFusion,49.38,25,1
103,3364,9789650601089,ניתוח ועיצוב מערכות מידע,51.35,30,1
203,3364,9789650601089,ניתוח ועיצוב מערכות מידע,55.46,40,0
201,3365,9789637552816,"Adatmodellezés, adatbázis-tervezés",43.45,35,1
202,3366,9783319160504,Cloud Computing,45.43,40,1
203,3367,9780201403800,Data mining,47.4,45,1
204,3368,9780002000789,"Dark paths, cold trails",49.38,10,1
207,3368,9780002000789,"Dark paths, cold trails",53.33,20,0
205,3369,9781491923900,Big Data for Chimps: A Guide to Massive-Scale Data Processing in Practice,51.35,15,1
206,3370,9780471192343,Oracle8 Administration and Management,43.45,20,1
207,3371,9780470634691,Excel 2010 For Dummies,45.43,25,1
208,3372,9780273012412,Design of computer data files,47.4,30,1
1,3372,9780273012412,Design of computer data files,51.19,40,0
209,3373,9783642289965,Advances in Information Retrieval Lecture Notes in Computer Science,49.38,35,1
210,3374,9780072262766,Oracle E-Business Suite Security (Oracle),51.35,40,1
1,3375,9781782170679,Implementing Cisco UCS Solutions,43.45,45,1
2,3376,9781906124670,Enterprise content management,45.43,10,1
103,3376,9781906124670,Enterprise content management,49.06,20,0
101,3377,9781484292709,Beginning Ethereum Smart Contracts Programming,47.4,15,1
102,3378,9783540560234,Entity-relationship approach--ER '92,49.38,20,1
103,3379,9783540477143,Advances in web-age information management,51.35,25,1
201,3380,9781461468578,Web-Scale Data Management for the Cloud,43.45,30,1
204,3380,9781461468578,Web-Scale Data Management for the Cloud,46.93,40,0
202,3381,9781447175261,Visualization of Time-Oriented Data,45.43,35,1
203,3382,9781449303129,Writing and querying MapReduce views in CouchDB,47.4,40,1
204,3383,9783319122052,Conceptual Modeling,49.38,45,1
205,3384,9787030323132,Shi kong shu ju ku xin li lun,51.35,10,1
208,3384,9787030323132,Shi kong shu ju ku xin li lun,55.46,20,0
206,3385,9781450322447,ICMR'13,43.45,15,1
207,3386,9780442312015,Intelligent Data handling,45.43,20,1
208,3387,9780387446417,Intelligent Information Processing III,47.4,25,1
209,3388,9783319483894,Intelligent Information Processing VIII,49.38,30,1
2,3388,9783319483894,Intelligent Information Processing VIII,53.33,40,0
210,3389,9783211828069,Data acquisition and analysis for multimedia GIS,51.35,35,1
1,3390,9785770203738,"Seminar Banki dannykh, informat͡sionnye sistemy i instrumentalʹnye sredstva podderzhki prini͡atii͡a resheniĭ, pos. Kat͡siveli, 28-31 okti͡abri͡a 1991 g",43.45,40,1
2,3391,9780444702210,Computer handling and dissemination of data,45.43,45,1
101,3392,9781306810340,Oracle Data Dictionary,47.4,10,1
201,3392,9781306810340,Oracle Data Dictionary,51.19,20,0
102,3393,9781430225096,Oracle Sql Recipes A Problemsolution Approach,49.38,15,1
103,3394,9780818631726,"Second Workshop on the Management of Replicated Data, November 12-13, 1992, Monterey, California",51.35,20,1
201,3395,9783540301530,Conceptual modeling for traditional and spatio-temporal applications,43.45,25,1
202,3396,9781478277293,Hiding from the Internet,45.43,30,1
205,3396,9781478277293,Hiding from the Internet,49.06,40,0
203,3397,9780764584350,Professional SQL server 2005 integration services,47.4,35,1
204,3398,9781138113473,Data mining for design and marketing,49.38,40,1
205,3399,9781484212554,Linux and Solaris Recipes for Oracle DBAs,51.35,45,1
206,3400,9783319089799,Machine Learning and Data Mining in Pattern Recognition,43.45,10,1
209,3400,9783319089799,Machine Learning and Data Mining in Pattern Recognition,46.93,20,0
207,3401,9781441928863,Guide to Enterprise IT Architecture,45.43,15,1
208,3402,9781581134124,Proceedings,47.4,20,1
209,3403,9780471059660,Using the data warehouse,49.38,25,1
210,3404,9780120683703,Data acquisition techniques using personal computers,51.35,30,1
101,3404,9780120683703,Data acquisition techniques using personal computers,55.46,40,0
1,3405,9780072229806,Portable DBA,43.45,35,1
2,3406,9780072133257,Oracle security handbook,45.43,40,1
101,3407,9780201704365,Oracle8i Tuning and Administration,47.4,45,1
102,3408,9781493215898,Simple Logistics with SAP S/4HANA,49.38,10,1
202,3408,9781493215898,Simple Logistics with SAP S/4HANA,53.33,20,0
103,3409,9780764502392,Oracle8 for dummies,51.35,15,1
201,3410,9783540714941,Advances in information retrieval,43.45,20,1
202,3411,9780306470196,Advances in information retrieval,45.43,25,1
203,3412,9783540879909,Advances in conceptual modeling--challenges and opportunities,47.4,30,1
206,3412,9783540879909,Advances in conceptual modeling--challenges and opportunities,51.19,40,0
204,3413,9780471376781,Essential Oracle8i data warehousing,49.38,35,1
205,3414,9780596000493,Oracle DBA Queries,51.35,40,1
206,3415,9781450508780,Introduction to Oracle,43.45,45,1
207,3416,9781456328757,Oracle DBA Interview Questions You'll Most Likely Be Asked,45.43,10,1
210,3416,9781456328757,Oracle DBA Interview Questions You'll Most Likely Be Asked,49.06,20,0
208,3417,9781484211809,Pro Oracle GoldenGate for the DBA,47.4,15,1
209,3418,9781484223000,Mastering Oracle GoldenGate,49.38,20,1
210,3419,9780764534997,Networking Bible,51.35,25,1
1,3420,9780768682205,High Availability Guide for DB2,43.45,30,1
102,3420,9780768682205,High Availability Guide for DB2,46.93,40,0
2,3421,9780768682120,Official Introduction to DB2 for Z/OS,45.43,35,1
101,3422,9780131525368,Introduction to Oracle 10G,47.4,40,1
102,3423,9780071752404,Db2 Purescale Risk Free Agile Scaling,49.38,45,1
103,3424,9781935504108,Data Resource Simplexity How Organizations Choose Data Resource Success Or Failure,51.35,10,1
203,3424,9781935504108,Data Resource Simplexity How Organizations Choose Data Resource Success Or Failure,55.46,20,0
201,3425,9780521836579,The text mining handbook,43.45,15,1
202,3426,9781484211861,Pro Couchbase Server,45.43,20,1
203,3427,9780764574825,Professional Oracle programming,47.4,25,1
204,3428,9783642021909,Advances In Data Management,49.38,30,1
207,3428,9783642021909,Advances In Data Management,53.33,40,0
205,3429,9783642422027,Bioinformatics Technologies,51.35,35,1
206,3430,9783778519974,Transaktionsverarbeitung in Datenbanksystemen unter Ausnutzung semantischer Information,43.45,40,1
207,3431,9780792398806,Advanced transaction models and architectures,45.43,45,1
208,3432,9783030849238,Performance Evaluation and Benchmarking,47.4,10,1
1,3432,9783030849238,Performance Evaluation and Benchmarking,51.19,20,0
209,3433,9780596552619,Oracle SQL*Plus,49.38,15,1
210,3434,9784320026711,Maruchimedia jōhō shori,51.35,20,1
1,3435,9789077232019,Gegevens,43.45,25,1
2,3436,9780632013111,Pragmatic data analysis,45.43,30,1
103,3436,9780632013111,Pragmatic data analysis,49.06,40,0
101,3437,9783642089305,Spatial Data on the Web,47.4,35,1
102,3438,9781461286226,Multimedia Information Storage and Management,49.38,40,1
103,3439,9780442285289,Planning and designing the data base environment,51.35,45,1
201,3440,9789516426900,A functional approach to data base modelling and design,43.45,10,1
204,3440,9789516426900,A functional approach to data base modelling and design,46.93,20,0
202,3441,9780792397649,Multimedia information storage and management,45.43,15,1
203,3442,9780536626721,Information Technology,47.4,20,1
204,3443,9780471522270,The programmer's guide to DB2,49.38,25,1
205,3444,9780131997950,DB2 for application programmers,51.35,30,1
208,3444,9780131997950,DB2 for application programmers,55.46,40,0
206,3445,9780131728479,DB2 for z/OS high performance design and tuning,43.45,35,1
207,3446,9780131580183,Understanding DB2,45.43,40,1
208,3447,9780132836425,Db2 developer's guide,47.4,45,1
209,3448,9780471319818,Building the customer-centric enterprise,49.38,10,1
2,3448,9780471319818,Building the customer-centric enterprise,53.33,20,0
210,3449,9783319346786,Fundamentals of multimedia,51.35,15,1
1,3450,9780471353485,The Data Model Resource Book,43.45,20,1
2,3451,9783642244421,Model And Data Engineering,45.43,25,1
101,3452,9783319389011,"Information Search, Integration, and Personalization",47.4,30,1
201,3452,9783319389011,"Information Search, Integration, and Personalization",51.19,40,0
102,3453,9781857392609,Information seeking in the online age,49.38,35,1
103,3454,9781885445452,The economic geography of Fujian,51.35,40,1
201,3455,9781409255574,Unix for Oracle DBA Handbook,43.45,45,1
202,3456,9781461414148,Handbook of Data Intensive Computing,45.43,10,1
205,3456,9781461414148,Handbook of Data Intensive Computing,49.06,20,0
203,3457,9789812703170,The dissimilarity representation for pattern recognition,47.4,15,1
204,3458,9780672311482,Oracle unleashed,49.38,20,1
205,3459,9781555706722,Reference and information services in the 21st century,51.35,25,1
206,3460,9783110232158,Social science libraries,43.45,30,1
209,3460,9783110232158,Social science libraries,46.93,40,0
207,3461,9781564351012,"Blood, Sweat and Tears Learning Access 7.0 Beginning",45.43,35,1
208,3462,9781564350664,"Blood, Sweat and Tears Learning Access 2.0 Beginning",47.4,40,1
209,3463,9780071703024,Break free with DB2 9.7,49.38,45,1
210,3464,9780131018334,"TUXEDO, an open approach to OLTP",51.35,10,1
101,3464,9780131018334,"TUXEDO, an open approach to OLTP",55.46,20,0
1,3465,9783540208754,Distributed multimedia information retrieval,43.45,15,1
2,3466,9780262041324,Performance analysis of data sharing environments,45.43,20,1
101,3467,9783319084169,Smart Health,47.4,25,1
102,3468,9781591405719,Video Data Management and Information Retrieval,49.38,30,1
202,3468,9781591405719,Video Data Management and Information Retrieval,53.33,40,0
103,3469,9781450320009,SIGIR' 12,51.35,35,1
201,3470,9781522523772,Bio-Inspired Computing for Information Retrieval Applications,43.45,40,1
202,3471,9783642734892,"Data, Expert Knowledge and Decisions",45.43,45,1
203,3472,9781118647301,Building Performance Dashboards and Balanced Scorecards with SQL Server Reporting Services,47.4,10,1
206,3472,9781118647301,Building Performance Dashboards and Balanced Scorecards with SQL Server Reporting Services,51.19,20,0
204,3473,9780818636400,The Third International Conference on Image Management and Communication in Patient Care,49.38,15,1
205,3474,9781638352969,CMIS and Apache Chemistry in Action,51.35,20,1
206,3475,9783540396482,Conceptual modeling-ER 2003,43.45,25,1
207,3476,9780738492810,Siebel 7.8 With IBM DB2 Udb V8.2 Handbook,45.43,30,1
210,3476,9780738492810,Siebel 7.8 With IBM DB2 Udb V8.2 Handbook,49.06,40,0
208,3477,9780738428246,DB2 Udb Performance Expert for Multiplatforms,47.4,35,1
209,3478,9780941334006,Entity-relationship approach to information modeling and analysis,49.38,40,1
210,3479,9783110036688,Datenbanksysteme,51.35,45,1
1,3480,9780387089966,Rechnergestützte Informationssysteme,43.45,10,1
102,3480,9780387089966,Rechnergestützte Informationssysteme,46.93,20,0
2,3481,9780865862470,How to find answers to your special education questions,45.43,15,1
101,3482,9780596150969,Oracle Security,47.4,20,1
102,3483,9780801848704,Hypertext in Hypertext,49.38,25,1
103,3484,9781784391959,SAP BusinessObjects Dashboards 4. 1 Cookbook,51.35,30,1
203,3484,9781784391959,SAP BusinessObjects Dashboards 4. 1 Cookbook,55.46,40,0
201,3485,9783319687469,The Semantics and Pragmatics of Quotation,43.45,35,1
202,3486,9783540660446,"Knowledge acquisition, modeling and management",45.43,40,1
203,3487,9789138208656,Ett offentligt rättsinformationssytem,47.4,45,1
204,3488,9780792383024,Information retrieval,49.38,10,1
207,3488,9780792383024,Information retrieval,53.33,20,0
205,3489,9780782119411,Access 97 developer's handbook,51.35,15,1
206,3490,9780309155236,Guidance for developing a freight transportation data architecture,43.45,20,1
207,3491,9781783286720,Redis Applied Design Patterns,45.43,25,1
208,3492,9780764547027,TurboLinux Bible,47.4,30,1
1,3492,9780764547027,TurboLinux Bible,51.19,40,0
209,3493,9780976157380,Personal Oracle Real Application Clusters,49.38,35,1
210,3494,9780819436832,Data mining and knowledge discovery,51.35,40,1
1,3495,9780819453563,Data mining and knowledge discovery,43.45,45,1
2,3496,9780201039443,The Ansa Pal Tutorial,45.43,10,1
103,3496,9780201039443,The Ansa Pal Tutorial,49.06,20,0
101,3497,9780830635696,dBASE IV 1.1 programming,47.4,15,1
102,3498,9780927695435,DB2,49.38,20,1
103,3499,9783540275183,Dokumentations- und Ordnungslehre,51.35,25,1
201,3500,9780897916264,Cikm 93,43.45,30,1
204,3500,9780897916264,Cikm 93,46.93,40,0
202,3501,9780897916745,CIKM '94,45.43,35,1
203,3502,9783540362227,Visual interfaces to digital libraries,47.4,40,1
204,3503,9780136305002,Information Management,49.38,45,1
205,3504,9780849308932,Designing a total data solution,51.35,10,1
208,3504,9780849308932,Designing a total data solution,55.46,20,0
206,3505,9780072121032,Oracle8i tips & techniques,43.45,15,1
207,3506,9781280342646,Data Modeler's Workbench,45.43,20,1
208,3507,9780738498805,DB2 Udb Ese V8 Non-dpf Performance Guide for High Performance Oltp And Bi,47.4,25,1
209,3508,9783527283989,Modernes Online-Retrieval Der Weg Zu Den Wissensspeichern Der Welt Am Beispiel Der,49.38,30,1
2,3508,9783527283989,Modernes Online-Retrieval Der Weg Zu Den Wissensspeichern Der Welt Am Beispiel Der,53.33,40,0
210,3509,9781430235668,Expert Oracle GoldenGate,51.35,35,1
1,3510,9788370110260,Integracja w systemach informatycznych rachunkowości,43.45,40,1
2,3511,9780029495308,Effective Design of a Codasyl Data Base,45.43,45,1
101,3512,9780738497464,Developing Php Applications for IBM Data Servers,47.4,10,1
201,3512,9780738497464,Developing Php Applications for IBM Data Servers,51.19,20,0
102,3513,9783540247753,Advances in knowledge discovery and data mining,49.38,15,1
103,3514,9780131401587,DB2 version 8,51.35,20,1
201,3515,9781032321851,Semantic AI in Knowledge Graphs,43.45,25,1
202,3516,9781430257622,Big Data Analytics Using Splunk,45.43,30,1
205,3516,9781430257622,Big Data Analytics Using Splunk,49.06,40,0
203,3517,9780442245016,Logical data base design,47.4,35,1
204,3518,9780596009717,Toad Pocket,49.38,40,1
205,3519,9781783280995,Practical Data Analysis,51.35,45,1
206,3520,9783540650683,Principles of data mining and knowledge discovery,43.45,10,1
209,3520,9783540650683,Principles of data mining and knowledge discovery,46.93,20,0
207,3521,9780137149704,Enterprise master data management,45.43,15,1
208,3522,9780764547256,Novell's Guide To Integrating Linux And Netware,47.4,20,1
209,3523,9780312029425,Lexis,49.38,25,1
210,3524,9781322624198,Multimedia data mining,51.35,30,1
101,3524,9781322624198,Multimedia data mining,55.46,40,0
1,3525,9781493219186,Central Finance and SAP S/4HANA,43.45,35,1
2,3526,9781402071713,Intelligent information processing,45.43,40,1
101,3527,9783540459354,Index Structures for Data Warehouses,47.4,45,1
102,3528,9780596007980,Oracle Internals,49.38,10,1
202,3528,9780596007980,Oracle Internals,53.33,20,0
103,3529,9789061641346,Automated generalization in GIS,51.35,15,1
201,3530,9780333260852,Management Information from Data Bases,43.45,20,1
202,3531,9783929037289,Erklärungen für komplexe Wissensbasen,45.43,25,1
203,3532,9780596150891,"Oracle8i Internal Services for Waits, Latches, Locks and Memory",47.4,30,1
206,3532,9780596150891,"Oracle8i Internal Services for Waits, Latches, Locks and Memory",51.19,40,0
204,3533,9780080513294,Oracle High Performance Tuning for 9i And 10g,49.38,35,1
205,3534,9781449304799,Hadoop for Oracle Developers,51.35,40,1
206,3535,9781583475171,DB2 9 Fundamentals Certification Study Guide,43.45,45,1
207,3536,9781280536106,OCP - Oracle9i DBA Fundamentals II,45.43,10,1
210,3536,9781280536106,OCP - Oracle9i DBA Fundamentals II,49.06,20,0
208,3537,9780471452256,Wie Data Management,47.4,15,1
209,3538,9781453742730,Oracle R12 Applications DBA Field Guide,49.38,20,1
210,3539,9780333260845,Management Information from Data Bases,51.35,25,1
1,3540,9781784391645,"Mastering PostGIS: Modern ways to create, analyze, and implement spatial data",43.45,30,1
102,3540,9781784391645,"Mastering PostGIS: Modern ways to create, analyze, and implement spatial data",46.93,40,0
2,3541,9783319463964,Conceptual Modeling,45.43,35,1
101,3542,9780130962768,Complete Oracle DBA Training Course,47.4,40,1
102,3543,9780789747402,Oracle Certified Professional Portable Command Guide,49.38,45,1
103,3544,9781292065366,"MIS Essentials with MyMISLab, Global Edition",51.35,10,1
203,3544,9781292065366,"MIS Essentials with MyMISLab, Global Edition",55.46,20,0
201,3545,9780071547659,Oracle Real Application Clusters Testing and Tuning,43.45,15,1
202,3546,9785279002283,Konstruirovanie interaktivnykh sistem analiza dannykh,45.43,20,1
203,3547,9780130146205,The Complete Oracle DBA Training Course,47.4,25,1
204,3548,9781583473610,DB2 10 for zOS,49.38,30,1
207,3548,9781583473610,DB2 10 for zOS,53.33,40,0
205,3549,9785120017114,Bazy dannykh i znaniĭ v avtomatizirovannykh regionalʹnykh sistemakh,51.35,35,1
206,3550,9781583473603,The Ibm Data Governance Unified Process Driving Business Value With Ibm Software And Best Practices,43.45,40,1
207,3551,9781614996118,Information Modelling and Knowledge Bases XXVII,45.43,45,1
208,3552,9780946377039,An investment in managing data,47.4,10,1
1,3552,9780946377039,An investment in managing data,51.19,20,0
209,3553,9781441944405,Semantic Web Services Challenge,49.38,15,1
210,3554,9783540489122,Methodologies for knowledge discovery and data mining,51.35,20,1
1,3555,9783642400926,Information Technology in Bio- and Medical Informatics,43.45,25,1
2,3556,9780863382345,"Business Line Management, Marketing and Administration",45.43,30,1
103,3556,9780863382345,"Business Line Management, Marketing and Administration",49.06,40,0
101,3557,9783540205777,Datenmodellierung und Datenbankentwurf,47.4,35,1
102,3558,9780738494494,Publishing Ims And DB2 Data Using Websphere Information Integrator:,49.38,40,1
103,3559,9780133007053,Understanding DB2 9 Security (paperback),51.35,45,1
201,3560,9780130321251,Oracle PL/SQL,43.45,10,1
204,3560,9780130321251,Oracle PL/SQL,46.93,20,0
202,3561,9783540562733,U.S. Government environmental datafiles & software,45.43,15,1
203,3562,9781420089646,The top ten algorithms in data mining,47.4,20,1
204,3563,9780137142293,Principles of computer networks and communications,49.38,25,1
205,3564,9783540735991,Artificial Intelligence in Medicine,51.35,30,1
208,3564,9783540735991,Artificial Intelligence in Medicine,55.46,40,0
206,3565,9780135705575,Data warehousing with Oracle,43.45,35,1
207,3566,9781491942956,Oracle in a Nutshell,45.43,40,1
208,3567,9783540420897,Fundamentals of data warehouses,47.4,45,1
209,3568,9780470446867,Computational framework for knowledge,49.38,10,1
2,3568,9780470446867,Computational framework for knowledge,53.33,20,0
210,3569,9780130655660,PCTE,51.35,15,1
1,3570,9780071595032,Oracle Enterprise manager 10g grid control implementation guide,43.45,20,1
2,3571,9780792375074,Knowledge discovery and measures of interest,45.43,25,1
101,3572,9780910747004,International computer-aided manufacturing (CAM) directory,47.4,30,1
201,3572,9780910747004,International computer-aided manufacturing (CAM) directory,51.19,40,0
102,3573,9780470712450,Information retrieval,49.38,35,1
103,3574,9780782150070,MCSE Windows 2000 Network Administration E-Trainer,51.35,40,1
201,3575,9780938734819,Biotechnology information sources,43.45,45,1
202,3576,9781430239543,Oracle core,45.43,10,1
205,3576,9781430239543,Oracle core,49.06,20,0
203,3577,9781484209875,Big Data and The Internet of Things,47.4,15,1
204,3578,9780256265491,Microsoft Access for Windows 97 Advantage Windows Disk,49.38,20,1
205,3579,9781581133202,Proceedings of the Ninth International Conference on Information Knowledge Management,51.35,25,1
206,3580,9781447121008,Sigir '94,43.45,30,1
209,3580,9781447121008,Sigir '94,46.93,40,0
207,3581,9783540012740,Advances in Information Retrieval,45.43,35,1
208,3582,9781849681704,"Governance, Risk, and Compliance Handbook for Oracle Applications",47.4,40,1
209,3583,9783642295744,In-Memory Data Management,49.38,45,1
210,3584,9783658018238,Data Quality for Decision Makers,51.35,10,1
101,3584,9783658018238,Data Quality for Decision Makers,55.46,20,0
1,3585,9780072223606,Oracle9i High-Performance Tuning with STATSPACK,43.45,15,1
2,3586,9781292065298,MIS Essentials,45.43,20,1
101,3587,9780916368012,Impact of on-line retrieval services,47.4,25,1
102,3588,9781555446611,SAS/ACCESS Interface to CA-IDMS,49.38,30,1
202,3588,9781555446611,SAS/ACCESS Interface to CA-IDMS,53.33,40,0
103,3589,9781581130157,SIGIR '98,51.35,35,1
201,3590,9780309065405,Distributed Geolibraries,43.45,40,1
202,3591,9780897916059,SIGIR '93,45.43,45,1
203,3592,9780897918367,SIGIR '97,47.4,10,1
206,3592,9780897918367,SIGIR '97,51.19,20,0
204,3593,9783891919996,SIGIR '96,49.38,15,1
205,3594,9780471780168,Beginning Transact-SQL with SQL Server 2000 and 2005,51.35,20,1
206,3595,9783319210087,Knowledge Management in Organizations,43.45,25,1
207,3596,9781420085877,Next generation of data mining,45.43,30,1
210,3596,9781420085877,Next generation of data mining,49.06,40,0
208,3597,9780124080560,Information Management,47.4,35,1
209,3598,9781441990020,Information-statistical data mining,49.38,40,1
210,3599,9783879404179,Experimentelles und praktisches Information Retrieval,51.35,45,1
1,3600,9781586036294,Global Data Management - Emerging Communication (Studies in New Technologies and Practices in Communication) (Studies in New Technologies and Practices in Communication),43.45,10,1
102,3600,9781586036294,Global Data Management - Emerging Communication (Studies in New Technologies and Practices in Communication) (Studies in New Technologies and Practices in Communication),46.93,20,0
2,3601,9780130661111,DB2 UDB v8 Handbook for Windows and UNIX/Linux,45.43,15,1
101,3602,9780130322203,Linux TCP/IP network administration,47.4,20,1
102,3603,9781783987313,Web Development with MongoDB and Node.js,49.38,25,1
103,3604,9781931777094,Optimal information modeling techniques,51.35,30,1
203,3604,9781931777094,Optimal information modeling techniques,55.46,40,0
201,3605,9780764546815,MSDE bible,43.45,35,1
202,3606,9783540477037,Advances in conceptual modeling - theory and practice,45.43,40,1
203,3607,9780782151619,Oracle9i DBA JumpStart,47.4,45,1
204,3608,9781608452798,Fundamentals of physical design and query compilation,49.38,10,1
207,3608,9781608452798,Fundamentals of physical design and query compilation,53.33,20,0
205,3609,9780139428142,Using dBase IV,51.35,15,1
206,3610,9783540707356,Extraction and Exploitation of Intensional Knowledge from Heterogeneous Information Sources,43.45,20,1
207,3611,9781581137231,CIKM 2003,45.43,25,1
208,3612,9780897919708,Proceedings of the 1998 ACM CIKM International Conference on Information and Knowledge Management,47.4,30,1
1,3612,9780897919708,Proceedings of the 1998 ACM CIKM International Conference on Information and Knowledge Management,51.19,40,0
209,3613,9783319586939,Knowledge Engineering and Knowledge Management,49.38,35,1
210,3614,9780072262803,Enterprise grid computing with Oracle,51.35,40,1
1,3615,9783540560746,Objektbanken für Experten Kolloquium,43.45,45,1
2,3616,9780935584561,Quality and accessibility of food-related data,45.43,10,1
103,3616,9780935584561,Quality and accessibility of food-related data,49.06,20,0
101,3617,9780072195248,OCP Oracle9i DBA Certification Boxed Set,47.4,15,1
102,3618,9789077232026,Tekst,49.38,20,1
103,3619,9780309548748,"Vaccine Safety Research, Data Access, and Public Trust",51.35,25,1
201,3620,9780596528904,Oracle SQL*Plus,43.45,30,1
204,3620,9780596528904,Oracle SQL*Plus,46.93,40,0
202,3621,9780893913588,Managing computer impact,45.43,35,1
203,3622,9783642163265,Intelligent Information Processing,47.4,40,1
204,3623,9780910747066,International CAD/CAM software directory,49.38,45,1
205,3624,9780072224740,Oracle9i DBA 101,51.35,10,1
208,3624,9780072224740,Oracle9i DBA 101,55.46,20,0
206,3625,9781555583057,Oracle High Performance Tuning for 9i and 10g,43.45,15,1
207,3626,9780596007706,Oracle Initialization Parameters,45.43,20,1
208,3627,9781785288975,Learning SQLite for IOS,47.4,25,1
209,3628,9780764531989,Oracle8 bible,49.38,30,1
2,3628,9780764531989,Oracle8 bible,53.33,40,0
210,3629,9781430267096,Expert Oracle RAC Performance Diagnostics and Tuning,51.35,35,1
1,3630,9780201657623,MPLS,43.45,40,1
2,3631,9780789723697,Oracle8i from scratch,45.43,45,1
101,3632,9780134637204,Ingres user guide,47.4,10,1
201,3632,9780134637204,Ingres user guide,51.19,20,0
102,3633,9787030299000,Mo hu xin xi XML yu shu ju ku jian mo ji shu yan jiu,49.38,15,1
103,3634,9780131746008,Introduction To Oracle 10g,51.35,20,1
201,3635,9789580443438,Curso rápido de Microsoft Access 97,43.45,25,1
202,3636,9781556221583,Illustrated Paradox 3.0,45.43,30,1
205,3636,9781556221583,Illustrated Paradox 3.0,49.06,40,0
203,3637,9781581630367,Access 2.0 Introduction (Microsoft Office 4.3),47.4,35,1
204,3638,9780123742254,Master data management,49.38,40,1
205,3639,9783598713347,Medea,51.35,45,1
206,3640,9781859223215,Immunobiology bookshelf,43.45,10,1
209,3640,9781859223215,Immunobiology bookshelf,46.93,20,0
207,3641,9780470028728,Data lifecycles,45.43,15,1
208,3642,9780945991137,Solve it! for windows,47.4,20,1
209,3643,9789725651544,"SIPORbase, sistema de indexação em português",49.38,25,1
210,3644,9781441901880,Data Engineering,51.35,30,1
101,3644,9781441901880,Data Engineering,55.46,40,0
1,3645,9781426203343,Organize your digital life,43.45,35,1
2,3646,9781492024262,HBase,45.43,40,1
101,3647,9780887360527,Essential guide to the library IBM PC,47.4,45,1
102,3648,9780764508417,DB2 fundamentals certification for dummies,49.38,10,1
202,3648,9780764508417,DB2 fundamentals certification for dummies,53.33,20,0
103,3649,9781450320115,CIKM'12,51.35,15,1
201,3650,9780130187062,Oracle8i and Unix Performance Tuning,43.45,20,1
202,3651,9780072190588,Oracle high-performance SQL tuning,45.43,25,1
203,3652,9780471624646,The electronic business information sourcebook,47.4,30,1
206,3652,9780471624646,The electronic business information sourcebook,51.19,40,0
204,3653,9782841771141,Oracle PL/SQL Built-ins,49.38,35,1
205,3654,9780596800543,Oracle Utilities,51.35,40,1
206,3655,9783642299308,Data Provenance And Data Management In Escience,43.45,45,1
207,3656,9781565929685,Oracle SAP administration,45.43,10,1
210,3656,9781565929685,Oracle SAP administration,49.06,20,0
208,3657,9780897912785,The Third Conference on Hypercube Concurrent Computers and Applications,47.4,15,1
209,3658,9781555190002,RapidFile business applications,49.38,20,1
210,3659,9780471687191,Distributed Data Management in Grid Environments,51.35,25,1
1,3660,9780738418858,Ims Version 7 Release Guide,43.45,30,1
102,3660,9780738418858,Ims Version 7 Release Guide,46.93,40,0
2,3661,9780784208922,Instructional Use of Learning Objects,45.43,35,1
101,3662,9784306024465,Kūkan jōhō ni yoru saigai no kiroku,47.4,40,1
102,3663,9780133688795,Guide to commercial telecommunications services,49.38,45,1
103,3664,9780880223607,R:BASE user's guide,51.35,10,1
203,3664,9780880223607,R:BASE user's guide,55.46,20,0
201,3665,9780471389514,Object-Oriented Enterprise Frameworks,43.45,15,1
202,3666,9780133581560,VMware Network Virtualization,45.43,20,1
203,3667,9780131754829,"DB2 for Linux, the Official Guide for Developers and Administrators",47.4,25,1
204,3668,9785770203110,Problemy proektirovanii︠a︡ i ispolʹzovanii︠a︡ baz znaniĭ,49.38,30,1
207,3668,9785770203110,Problemy proektirovanii︠a︡ i ispolʹzovanii︠a︡ baz znaniĭ,53.33,40,0
205,3669,9780914243007,The Image/3000 handbook,51.35,35,1
206,3670,9780792378129,Advances in information retrieval,43.45,40,1
207,3671,9781608452828,User-centered data management,45.43,45,1
208,3672,9780262193009,Knowledge engineering and management,47.4,10,1
1,3672,9780262193009,Knowledge engineering and management,51.19,20,0
209,3673,9789799497093,Standard data tematik sumberdaya alam,49.38,15,1
210,3674,9780818621383,Proceedings,51.35,20,1
1,3675,9781898972730,Ovum Evaluates the Datamart (Ovum Report),43.45,25,1
2,3676,9780079127334,Rapidfile Business Application,45.43,30,1
103,3676,9780079127334,Rapidfile Business Application,49.06,40,0
101,3677,9780470178454,"The Data Model Resource Book, Vol. 3",47.4,35,1
102,3678,9781461460664,Business Process Reengineering Automation Decision Points In Process Reengineering,49.38,40,1
103,3679,9780824714048,"Improving productivity by classification, coding and data base standardization",51.35,45,1
201,3680,9781588294203,Receptor binding techniques,43.45,10,1
204,3680,9781588294203,Receptor binding techniques,46.93,20,0
202,3681,9781592000487,Crystal Reports 9 Essentials (Professional Projects),45.43,15,1
203,3682,9781299711112,Data governance,47.4,20,1
204,3683,9783540698777,Spatial data on the Web,49.38,25,1
205,3684,9789812385826,Web document analysis,51.35,30,1
208,3684,9789812385826,Web document analysis,55.46,40,0
206,3685,9783540427810,New Concepts for Parallel Object-Relational Query Processing,43.45,35,1
207,3686,9781118914540,Combining Pattern Classifiers,45.43,40,1
208,3687,9780792366478,Knowledge discovery and data mining,47.4,45,1
209,3688,9780738440033,IMS version 13 technical overview,49.38,10,1
2,3688,9780738440033,IMS version 13 technical overview,53.33,20,0
210,3689,9781430221173,Pro SMS 2003,51.35,15,1
1,3690,3805805561,Der numerierte Bürger,43.45,20,1
2,3691,9780471738213,Distributed data management for grid computing,45.43,25,1
101,3692,9781799800873,Emerging Technologies and Applications in Data Processing and Management,47.4,30,1
201,3692,9781799800873,Emerging Technologies and Applications in Data Processing and Management,51.19,40,0
102,3693,9783319115375,Web-Age Information Management : WAIM 2014 International Workshops,49.38,35,1
103,3694,9783319639451,Proceedings of Workshops and Posters at the 13th International Conference on Spatial Information Theory,51.35,40,1
201,3695,9789814299183,Machine interpretation of patterns,43.45,45,1
202,3696,9781402072475,Multimedia mining,45.43,10,1
205,3696,9781402072475,Multimedia mining,49.06,20,0
203,3697,9783540360186,Image and video retrieval,47.4,15,1
204,3698,9783319060279,Advances in Information Retrieval,49.38,20,1
205,3699,9780818684609,Workshop on Biomedical Image Analysis,51.35,25,1
206,3700,9781595934369,MobiDE 2006,43.45,30,1
209,3700,9781595934369,MobiDE 2006,46.93,40,0
207,3701,9781581131758,Proceedings,45.43,35,1
208,3702,9780738485515,IBM IMS version 10 implementation guide,47.4,40,1
209,3703,9781581137675,MobiDE 2003,49.38,45,1
210,3704,9781595930880,MobiDE 2005,51.35,10,1
101,3704,9781595930880,MobiDE 2005,55.46,20,0
1,3705,9781000175233,Blockchain Technology and Applications,43.45,15,1
2,3706,9781565928497,Oracle PL/SQL CD Bookshelf,45.43,20,1
101,3707,9780819471642,"Data Mining, Intrusion Detection, Information Assurance, and Data Networks Security 2008",47.4,25,1
102,3708,9780819462978,"Data mining, intrusion detection, information assurance, and data networks security 2006",49.38,30,1
202,3708,9780819462978,"Data mining, intrusion detection, information assurance, and data networks security 2006",53.33,40,0
103,3709,9781591405283,"Transformation of Knowledge, Information and Data",51.35,35,1
201,3710,9783540451600,Advances in Web-age information management,43.45,40,1
202,3711,9780820435121,Managing Business Networks,45.43,45,1
203,3712,9780387446394,Intelligent information processing III,47.4,10,1
206,3712,9780387446394,Intelligent information processing III,51.19,20,0
204,3713,9780070551701,Guide to DB2 and SQL/Ds,49.38,15,1
205,3714,9783540455813,Conceptual Modeling -- ER 2001,51.35,20,1
206,3715,9783030356521,Future Data and Security Engineering,43.45,25,1
207,3716,9781489990341,Enterprise Information Management,45.43,30,1
210,3716,9781489990341,Enterprise Information Management,49.06,40,0
208,3717,9780321899972,Technical Communication,47.4,35,1
209,3718,9780203998090,Introduction to information theory and data compression,49.38,40,1
210,3719,9781599941981,SAS(R) Data Integration Studio 3.4,51.35,45,1
1,3720,9780201713060,Data Resource Quality,43.45,10,1
102,3720,9780201713060,Data Resource Quality,46.93,20,0
2,3721,9780812061765,Accounting handbook,45.43,15,1
101,3722,9780738499451,Oracle to DB2 Udb Conversion Guide,47.4,20,1
102,3723,9783410134909,Die Bereitstellung von Teilebibliotheken im rechnerunterstützten Konstruktionsprozess,49.38,25,1
103,3724,9781783989218,Learning Apache Cassandra,51.35,30,1
203,3724,9781783989218,Learning Apache Cassandra,55.46,40,0
201,3725,9780738436067,z/OS identity propagation,43.45,35,1
202,3726,9780764504457,Access 2000 for Windows for Dummies Quick Reference,45.43,40,1
203,3727,9780976157359,Oracle RAC & grid tuning with solid state disk,47.4,45,1
204,3728,9781430250456,Expert Oracle RAC 12c,49.38,10,1
207,3728,9781430250456,Expert Oracle RAC 12c,53.33,20,0
205,3729,9780819431691,Data mining and knowledge discovery,51.35,15,1
206,3730,9780131957404,Introduction to Oracle,43.45,20,1
207,3731,9782287252051,Introduction pratique aux bases de données relationnelles (Collection IRIS),45.43,25,1
208,3732,9780819476104,"Data mining, intrusion detection, information security and assurance, and data networks security 2009",47.4,30,1
1,3732,9780819476104,"Data mining, intrusion detection, information security and assurance, and data networks security 2009",51.19,40,0
209,3733,9780738489278,"Oracle to DB2 conversion guide for Linux, UNIX, and Windows",49.38,35,1
210,3734,9780444865571,Methodology and tools for data base design,51.35,40,1
1,3735,9781783989201,Learning Apache Cassandra,43.45,45,1
2,3736,9780672309847,Microsoft SMS 1.2 administrator's survival guide,45.43,10,1
103,3736,9780672309847,Microsoft SMS 1.2 administrator's survival guide,49.06,20,0
101,3737,9781439839430,Data Mining And Machine Learning In Cybersecurity,47.4,15,1
102,3738,9780792385653,Computed synchronization for multimedia applications,49.38,20,1
103,3739,9780792322955,Intelligent information retrieval,51.35,25,1
201,3740,9780071798747,Oracle Business Intelligence 11g Developers Guide,43.45,30,1
204,3740,9780071798747,Oracle Business Intelligence 11g Developers Guide,46.93,40,0
202,3741,9780367517588,Swarm Intelligence for Cloud Computing,45.43,35,1
203,3742,9780927695725,Horazens satiren ...,47.4,40,1
204,3743,9781565290860,Using Q and a for Windows,49.38,45,1
205,3744,9780429141973,Genetic algorithms and genetic programming,51.35,10,1
208,3744,9780429141973,Genetic algorithms and genetic programming,55.46,20,0
206,3745,9780078822155,Oracle Web application server handbook,43.45,15,1
207,3746,9783642551482,Energy-Efficient Data Centers,45.43,20,1
208,3747,9781853653759,dBase IV,47.4,25,1
209,3748,9780791817483,Engineering Data Management and Emerging Technologies,49.38,30,1
2,3748,9780791817483,Engineering Data Management and Emerging Technologies,53.33,40,0
210,3749,9783540921905,Bio-inspired computing and communication,51.35,35,1
1,3750,9783540858355,Data Warehousing And Knowledge Discovery 10th International Conference Dawak 2008 Turin Italy September 25 2008 Proceedings,43.45,40,1
2,3751,9783319049359,Performance Characterization And Benchmarking 5th Tpc Technology Conference Tpctc 2013 Trento Italy August 26 2013 Revised Selected Papers,45.43,45,1
101,3752,9780964723320,Learning Oracle Programming,47.4,10,1
201,3752,9780964723320,Learning Oracle Programming,51.19,20,0
102,3753,9781420067408,Encyclopedia of information assurance,49.38,15,1
103,3754,9780130176332,Network Administration,51.35,20,1
201,3755,9780897915236,SIGIR '92,43.45,25,1
202,3756,9781880935422,Client/server applications in visual FoxPro,45.43,30,1
205,3756,9781880935422,Client/server applications in visual FoxPro,49.06,40,0
203,3757,9780672315756,Oracle Unleashed,47.4,35,1
204,3758,9788847007338,Qualità dei Dati,49.38,40,1
205,3759,9780782128246,Notes and Domino R5 developer's guide to building applications,51.35,45,1
206,3760,9781556531637,Bibliographic formats and standards,43.45,10,1
209,3760,9781556531637,Bibliographic formats and standards,46.93,20,0
207,3761,9781493217151,Extending SAP S/4HANA,45.43,15,1
208,3762,9782840500452,Gestion électronique de documents et nouvelles technologies en sciences humaines,47.4,20,1
209,3763,9781430237501,Beginning SQL Server 2012 for Developers,49.38,25,1
210,3764,9783642314872,Advances in Data Mining Applications and Theoretical Aspects Lecture Notes in Computer Science Lecture Notes in Artific,51.35,30,1
101,3764,9783642314872,Advances in Data Mining Applications and Theoretical Aspects Lecture Notes in Computer Science Lecture Notes in Artific,55.46,40,0
1,3765,9780672321467,Oracle performance tuning,43.45,35,1
2,3766,9780819441911,Astronomical data analysis,45.43,40,1
101,3767,9781430211716,Troubleshooting Oracle Performance,47.4,45,1
102,3768,9780309154420,Steps toward large-scale data integration in the sciences,49.38,10,1
202,3768,9780309154420,Steps toward large-scale data integration in the sciences,53.33,20,0
103,3769,9780735690431,Microsoft Office Access 2007 step by step,51.35,15,1
201,3770,9789686075076,Desarrollo del SIGET y su aplicación en un estudio de salud,43.45,20,1
202,3771,9780769509617,Workshop on Information Technology for Virtual Enterprises,45.43,25,1
203,3772,9780897913409,Hypertext '87 proceedings,47.4,30,1
206,3772,9780897913409,Hypertext '87 proceedings,51.19,40,0
204,3773,9783631462799,Erklärungen in wissensbasierten Lernsystemen am Beispiel eines Tutors zur Normalisierung von Datenbanken,49.38,35,1
205,3774,9780915381906,The Dataflex developer's handbook,51.35,40,1
206,3775,9781441977403,Universal navigation on smartphones,43.45,45,1
207,3776,9780672337130,NoSQL with MongoDB in 24 hours,45.43,10,1
210,3776,9780672337130,NoSQL with MongoDB in 24 hours,49.06,20,0
208,3777,9781591581451,Metadata and its impact on libraries,47.4,15,1
209,3778,9783540681243,Advances in knowledge discovery and data mining,49.38,20,1
210,3779,9783642013065,Advances In Knowledge Discovery And Data Mining 13th Pacificasia Conference Pakdd 2009 Bangkok Thailand April 2730 2009 Proceedings,51.35,25,1
1,3780,9781788471220,Learning Informatica PowerCenter 10. x - Second Edition,43.45,30,1
102,3780,9781788471220,Learning Informatica PowerCenter 10. x - Second Edition,46.93,40,0
2,3781,9781351049580,Optimizing Engineering Problems Through Heuristic Techniques,45.43,35,1
101,3782,9780134126241,Using MIS,47.4,40,1
102,3783,9783446130159,Systematisches Konstruieren von Datenbankanwendungen,49.38,45,1
103,3784,9783597100759,Anwendungsbezogene Datenorganisation formatierter Datenbanken,51.35,10,1
203,3784,9783597100759,Anwendungsbezogene Datenorganisation formatierter Datenbanken,55.46,20,0
201,3785,9781590472170,SAS/ACCESS 9.1 DATA Step Interface to CA-IDMS,43.45,15,1
202,3786,9788750348887,Retsinformationsrådets betænkning om en lovdatabase,45.43,20,1
203,3787,9780738453439,The Complete Ims Haldb Guide All You Need to Know to Manage Haldbs,47.4,25,1
204,3788,9780738426341,Ims Datapropagator Implementation Guide,49.38,30,1
207,3788,9780738426341,Ims Datapropagator Implementation Guide,53.33,40,0
205,3789,9780738423739,Ims Version 7 Performance Monitoring and Tuning Update,51.35,35,1
206,3790,9780738491578,Ims Version 9 Implementation Guide,43.45,40,1
207,3791,9780738494616,IMS performance and tuning guide,45.43,45,1
208,3792,9780738426723,IMS Version 8 implementation guide,47.4,10,1
1,3792,9780738426723,IMS Version 8 implementation guide,51.19,20,0
209,3793,9781586038311,Adaptive web sites,49.38,15,1
210,3794,9783540203056,Mining multimedia and complex data,51.35,20,1
1,3795,9783540411192,Knowledge engineering and knowledge management,43.45,25,1
2,3796,9780738432632,Master data management,45.43,30,1
103,3796,9780738432632,Master data management,49.06,40,0
101,3797,9780471388289,"The Data Model Resource CD, Vol. 1",47.4,35,1
102,3798,9780738434957,IBM Scale Out Network Attached Storage concepts,49.38,40,1
103,3799,9783428079339,Konzeptueller Entwurf verteilter betrieblicher Informationssysteme,51.35,45,1
201,3800,9783540714965,Advances in Information Retrieval,43.45,10,1
204,3800,9783540714965,Advances in Information Retrieval,46.93,20,0
202,3801,9783598100345,"Konzepte Von Datenbanken : Aus : Datenbasen, Datenbanken, Netzwerke",45.43,15,1
203,3802,9781306731621,Unervised Learning Via Self-Organization,47.4,20,1
204,3803,9780471569206,RDB - VMS,49.38,25,1
205,3804,9780471328889,Building the Operational Data Store,51.35,30,1
208,3804,9780471328889,Building the Operational Data Store,55.46,40,0
206,3805,9781783988181,Mastering Redis,43.45,35,1
207,3806,9789051990362,Current trends in knowledge acquisition,45.43,40,1
208,3807,9780738437569,IMS 12 selected performance topics,47.4,45,1
209,3808,9789075051032,Data historica,49.38,10,1
2,3808,9789075051032,Data historica,53.33,20,0
210,3809,9783598100338,"Datenbasen, Datenbanken, Netzwerke",51.35,15,1
1,3810,9780080492025,Oracle performance tuning for 10gR2,43.45,20,1
2,3811,9789185212576,A study on concurrent data base reorganization,45.43,25,1
101,3812,9782551151264,La géomatique,47.4,30,1
201,3812,9782551151264,La géomatique,51.19,40,0
102,3813,9781484243503,"Oracle High Availability, Disaster Recovery, and Cloud Services",49.38,35,1
103,3814,9781788291804,SQL Server on Linux: Configuring and administering your SQL Server solution on Linux,51.35,40,1
201,3815,9781849686907,"Oracle Primavera Contract Management, BI Version 14",43.45,45,1
202,3816,9780471621850,"IMS administration, programming, and data base design",45.43,10,1
205,3816,9780471621850,"IMS administration, programming, and data base design",49.06,20,0
203,3817,9783884571439,"Proceedings of the European Knowledge Acquisition Workshop (EKAW'88) June 19-23, 1988",47.4,15,1
204,3818,9785902598046,Opticheskie t︠s︡ifrovye assot︠s︡iativnye informat︠s︡ionnye tekhnologii,49.38,20,1
205,3819,9785902598060,Opticheskie t︠s︡ifrovye logicheskie sistemy,51.35,25,1
206,3820,9787030115959,Di li xin xi xi tong ji cheng yuan li yu fang fa,43.45,30,1
209,3820,9787030115959,Di li xin xi xi tong ji cheng yuan li yu fang fa,46.93,40,0
207,3821,9781590479315,SAS/ACCESS 9.2 data step interface to CA-IDMS,45.43,35,1
208,3822,9780387193984,PRODIA und PRODAT,47.4,40,1
209,3823,9780442805050,IMS programming techniques,49.38,45,1
210,3824,9788486094621,Los Servicios de información electrónica,51.35,10,1
101,3824,9788486094621,Los Servicios de información electrónica,55.46,20,0
1,3825,9780750607391,Data modelling and process modelling using the most popular methods,43.45,15,1
2,3826,9780819461131,"Multimedia content analysis, management, and retrieval 2006",45.43,20,1
101,3827,9780387733371,Understanding Multimedia Documents,47.4,25,1
102,3828,9780309087384,IT roadmap to a geospatial future,49.38,30,1
202,3828,9780309087384,IT roadmap to a geospatial future,53.33,40,0
103,3829,9780387231518,Intelligent information processing II,51.35,35,1
201,3830,9785945601154,Dokumentalʹnye bazy dannykh,43.45,40,1
202,3831,9788872414279,Archiviare la tradizione,45.43,45,1
203,3832,9780273088264,Data and knowledge base integration,47.4,10,1
206,3832,9780273088264,Data and knowledge base integration,51.19,20,0
204,3833,9783446153431,Information Engineering,49.38,15,1
205,3834,9783832229870,Musikalische Datenbanken,51.35,20,1
206,3835,9781306124294,Natural Language Processing,43.45,25,1
207,3836,9789955094869,Informacijos sistemos ir duomenų bazės,45.43,30,1
210,3836,9789955094869,Informacijos sistemos ir duomenų bazės,49.06,40,0
208,3837,9783815100387,Der Einsatz von dezentralen Rechnern für die Erschliessung von Volltextdatenbanken,47.4,35,1
209,3838,9781784392451,Redis Essentials,49.38,40,1
210,3839,9780557712847,DB2 9 Certification Questions for Exams 730 And 731,51.35,45,1
1,3840,9780738438856,Flexible decision automation for your zEnterprise with business rules and events,43.45,10,1
102,3840,9780738438856,Flexible decision automation for your zEnterprise with business rules and events,46.93,20,0
2,3841,9780071802956,IBM DB2 Version 10,45.43,15,1
101,3842,9780819466921,"Data mining, intrusion detection, information assurance, and data networks security 2007",47.4,20,1
102,3843,9781565924505,Oracle Security,49.38,25,1
103,3844,9783030531997,Knowledge Graphs and Big Data Processing,51.35,30,1
203,3844,9783030531997,Knowledge Graphs and Big Data Processing,55.46,40,0
201,3845,9780782152494,OCP : Oracle9i DBA Fundamentals II Study Guide,43.45,35,1
202,3846,9781566091305,The little online book,45.43,40,1
203,3847,9789985597330,Long-term changes of nutrient fluxes in the drainage basin of the gulf of Finland,47.4,45,1
204,3848,9781573870207,Key guide to electronic resources,49.38,10,1
207,3848,9781573870207,Key guide to electronic resources,53.33,20,0
205,3849,9789287109095,Access to legal data bases in Europe,51.35,15,1
206,3850,9783642752148,Informatik im Umweltschutz,43.45,20,1
207,3851,9783319444819,Service Oriented and Cloud Computing,45.43,25,1
208,3852,9780471399612,Corporate information factory,47.4,30,1
1,3852,9780471399612,Corporate information factory,51.19,40,0
209,3853,9781584888789,Computational methods of feature selection,49.38,35,1
210,3854,9780133075625,Advanced dBASE IV,51.35,40,1
1,3855,9780471075509,"Data bases, computers, and the social sciences",43.45,45,1
2,3856,9780367501082,Data Protection and Privacy in Healthcare,45.43,10,1
103,3856,9780367501082,Data Protection and Privacy in Healthcare,49.06,20,0
101,3857,9781420064636,Building and Maintaining a Data Warehouse,47.4,15,1
102,3858,9783319202297,Agents and Data Mining Interaction,49.38,20,1
103,3859,9783709148426,Information Reuse and Integration in Academia and Industry,51.35,25,1
201,3860,9783642151064,Data warehousing and knowledge discovery,43.45,30,1
204,3860,9783642151064,Data warehousing and knowledge discovery,46.93,40,0
202,3861,9780072126068,Oracle PL/SQL 101,45.43,35,1
203,3862,9780895881748,Selecting the right data base software for the IBM PC,47.4,40,1
204,3863,9780872874398,Guide to information sources in the botanical sciences,49.38,45,1
205,3864,9781040059463,Data Mining Mobile Devices,51.35,10,1
208,3864,9781040059463,Data Mining Mobile Devices,55.46,20,0
206,3865,9780596150952,Oracle scripts,43.45,15,1
207,3866,9780803100206,A manual on methods for retrieving and correlating technical data,45.43,20,1
208,3867,9783642037306,Data Warehousing and Knowledge Discovery,47.4,25,1
209,3868,9781498785648,Patterns of data modeling,49.38,30,1
2,3868,9781498785648,Patterns of data modeling,53.33,40,0
210,3869,9781526508386,Blockchain and Cryptocurrency,51.35,35,1
1,3870,9783540199502,Practical usage of ISPF dialog manager,43.45,40,1
2,3871,9780321504814,Agile analytics,45.43,45,1
101,3872,9780072191479,Oracle9i PL/SQL programming,47.4,10,1
201,3872,9780072191479,Oracle9i PL/SQL programming,51.19,20,0
102,3873,9783540237228,Conceptual modeling for advanced application domains,49.38,15,1
103,3874,9783540441236,Data warehousing and knowledge discovery,51.35,20,1
201,3875,9780309513142,Bioinformatics,43.45,25,1
202,3876,9781799827740,Handbook of Research on Engineering Innovations and Technology Management in Organizations,45.43,30,1
205,3876,9781799827740,Handbook of Research on Engineering Innovations and Technology Management in Organizations,49.06,40,0
203,3877,9781784391324,Windows Server 2012 R2 administrator cookbook,47.4,35,1
204,3878,9783642347511,The outreach of digital libraries,49.38,40,1
205,3879,9781783980772,Oracle GoldenGate 12c implementer's guide,51.35,45,1
206,3880,9781599042282,Web data management practices,43.45,10,1
209,3880,9781599042282,Web data management practices,46.93,20,0
207,3881,9780072263008,Oracle Collaboration Suite Handbook,45.43,15,1
208,3882,9781499437928,Strategic Searches Using Digital Tools,47.4,20,1
209,3883,9781782161523,Python Geospatial Development - Second Edition,49.38,25,1
210,3884,9781849687416,Oracle Enterprise Manager 12c Administration Cookbook,51.35,30,1
101,3884,9781849687416,Oracle Enterprise Manager 12c Administration Cookbook,55.46,40,0
1,3885,9783662090848,Ontologies,43.45,35,1
2,3886,9781565923751,Oracle Built in Packages,45.43,40,1
101,3887,9780130473202,Oracle PL/SQL,47.4,45,1
102,3888,9780939190386,Trademark searching,49.38,10,1
202,3888,9780939190386,Trademark searching,53.33,20,0
103,3889,9781903450062,Flash 5 dynamic content studio,51.35,15,1
201,3890,9783642039997,Applications of Supervised and Unsupervised Ensemble Methods,43.45,20,1
202,3891,9783540250562,Intelligent information processing and web mining,45.43,25,1
203,3892,9783540354406,Data engineering issues in e-commerce and services,47.4,30,1
206,3892,9783540354406,Data engineering issues in e-commerce and services,51.19,40,0
204,3893,9780851423142,Online search interface design,49.38,35,1
205,3894,9781534155954,Blockchain,51.35,40,1
206,3895,9789056623104,Information is alive,43.45,45,1
207,3896,9780904020403,Visual processing in information retrieval searching,45.43,10,1
210,3896,9780904020403,Visual processing in information retrieval searching,49.06,20,0
208,3897,9781783553532,Learning internet of things : explore and learn about Internet of things with the help of engaging and enlightening tutorials designed for Raspberry Pi,47.4,15,1
209,3898,9781879102620,Modeling our world,49.38,20,1
210,3899,9781032475783,Working with Oracle Goldengate 12c,51.35,25,1
1,3900,9783662203903,Computer Security - Esorics 94,43.45,30,1
102,3900,9783662203903,Computer Security - Esorics 94,46.93,40,0
2,3901,9783540447948,Principles of data mining and knowledge discovery,45.43,35,1
101,3902,9781493919048,Cloud Computing for Data-Intensive Applications,47.4,40,1
102,3903,9781441901026,Production Grids in Asia,49.38,45,1
103,3904,9781592290383,Inside Web Dynpro for Java,51.35,10,1
203,3904,9781592290383,Inside Web Dynpro for Java,55.46,20,0
201,3905,9781493215317,SAP Bw/4hana,43.45,15,1
202,3906,9781852210090,Biotechnology information '86,45.43,20,1
203,3907,9780596551995,Oracle RMAN,47.4,25,1
204,3908,9780782113068,Mastering Approach 3 for Windows,49.38,30,1
207,3908,9780782113068,Mastering Approach 3 for Windows,53.33,40,0
205,3909,9780764546235,Oracle8i DBA bible,51.35,35,1
206,3910,9780660149554,Humanities data dictionary of the Canadian Heritage Information Network,43.45,40,1
207,3911,9780201788938,Principles of the Business Rule Approach,45.43,45,1
208,3912,9780988330009,Microsoft Access SQL comprehensive,47.4,10,1
1,3912,9780988330009,Microsoft Access SQL comprehensive,51.19,20,0
209,3913,9781582780054,Quick Course in Microsoft Access 2000 (Education/Training Edition),49.38,15,1
210,3914,9780880666466,Databanks,51.35,20,1
1,3915,9781572317222,Quick course in Microsoft Access 97,43.45,25,1
2,3916,9780123743190,DW 2.0,45.43,30,1
103,3916,9780123743190,DW 2.0,49.06,40,0
101,3917,9781572312241,Microsoft SQL Server Solutions,47.4,35,1
102,3918,9781849680394,The Oracle universal content management handbook,49.38,40,1
103,3919,9780913248089,Directory of electronic information resources,51.35,45,1
201,3920,9783540260769,Advances in Knowledge Discovery and Data Mining (vol. # 3518),43.45,10,1
204,3920,9783540260769,Advances in Knowledge Discovery and Data Mining (vol. # 3518),46.93,20,0
202,3921,9783642382765,Moving Objects Management,45.43,15,1
203,3922,9781849682206,"Oracle information integration, migration, and consolidation",47.4,20,1
204,3923,9781441984630,Social Network Data Analytics,49.38,25,1
205,3924,9783642453632,Advances in service-oriented and cloud computing,51.35,30,1
208,3924,9783642453632,Advances in service-oriented and cloud computing,55.46,40,0
206,3925,9781032058283,Data Driven Decision Making Using Analytics,43.45,35,1
207,3926,9780387784168,Grid Computing,45.43,40,1
208,3927,9780471131274,Lotus Notes release 3 in the OS/2 environment,47.4,45,1
209,3928,9783319178769,New Frontiers in Mining Complex Patterns,49.38,10,1
2,3928,9783319178769,New Frontiers in Mining Complex Patterns,53.33,20,0
210,3929,9783319698991,Pattern recognition and machine intelligence,51.35,15,1
1,3930,9780738489568,Ilm Library,43.45,20,1
2,3931,9783540316787,Image and video retrieval,45.43,25,1
101,3932,9780321262516,Storage virtualization,47.4,30,1
201,3932,9780321262516,Storage virtualization,51.19,40,0
102,3933,9780792360162,Software prototyping in data and knowledge engineering,49.38,35,1
103,3934,9780964723306,Learning Oracle Forms 4.5,51.35,40,1
201,3935,9781783280216,Instant Redis Persistence,43.45,45,1
202,3936,9781450313537,CIKM'11,45.43,10,1
205,3936,9781450313537,CIKM'11,49.06,20,0
203,3937,9781784390600,Learning Alfresco Web Scripts,47.4,15,1
204,3938,9781430248101,Oracle SQL Tuning with Oracle SQLTXPLAIN,49.38,20,1
205,3939,9780128029152,Repurposing Legacy Data,51.35,25,1
206,3940,9781557384034,Nasdaq Handbook: The Stock Market for the Next 100 Years,43.45,30,1
209,3940,9781557384034,Nasdaq Handbook: The Stock Market for the Next 100 Years,46.93,40,0
207,3941,9780471796763,Business online,45.43,35,1
208,3942,9780834210721,Transforming home care,47.4,40,1
209,3943,9783540755623,Conceptual Modeling Er 2007 26th International Conference On Conceptual Modeling Auckland New Zealand November 59 2007 Proceedings,49.38,45,1
210,3944,9783540293897,Conceptual modeling,51.35,10,1
101,3944,9783540293897,Conceptual modeling,55.46,20,0
1,3945,9781581134360,Proceedings of the 2001 ACM CIKM,43.45,15,1
2,3946,9781581134926,Proceedings of the Eleventh International Conference on Information and Knowledge Management,45.43,20,1
101,3947,9783540651895,Conceptual modeling - ER '98,47.4,25,1
102,3948,9783540659266,Conceptual modeling,49.38,30,1
202,3948,9783540659266,Conceptual modeling,53.33,40,0
103,3949,9783319837727,Outlier Analysis,51.35,35,1
201,3950,9780072223040,Oracle9i UNIX administration handbook,43.45,40,1
202,3951,9783540819561,Data Management in Grids,45.43,45,1
203,3952,9783540874737,Geographic information science,47.4,10,1
206,3952,9783540874737,Geographic information science,51.19,20,0
204,3953,9781590472064,Doing More with SAS/ASSIST 9.1,49.38,15,1
205,3954,9781590472057,Getting Started with SAS/ASSIST 9.1,51.35,20,1
206,3955,9781590472088,SAS/ASSITS 9.1 Administrator's Guide,43.45,25,1
207,3956,9780769509570,11th International Workshop on Research Issues on Data Engineering (Ride-Dm 2001),45.43,30,1
210,3956,9780769509570,11th International Workshop on Research Issues on Data Engineering (Ride-Dm 2001),49.06,40,0
208,3957,9780596100490,Oracle DBA,47.4,35,1
209,3958,9781581130966,Research and Development in Information Retrieval,49.38,40,1
210,3959,9780738494227,Ims Connectivity in an on Demand Environment,51.35,45,1
1,3960,9780738491196,Microsoft SQL Server to IBM DB2 Udb Conversion Guide,43.45,10,1
102,3960,9780738491196,Microsoft SQL Server to IBM DB2 Udb Conversion Guide,46.93,20,0
2,3961,9780898715002,Computational Information Retrieval (Proceedings in Applied Mathematics),45.43,15,1
101,3962,9783540198895,SIGIR '94,47.4,20,1
102,3963,9780897917148,SIGIR '95,49.38,25,1
103,3964,9783938945001,Naturwissenschaftlich-technische Information,51.35,30,1
203,3964,9783938945001,Naturwissenschaftlich-technische Information,55.46,40,0
201,3965,9780672306815,Oracle DBA survival guide,43.45,35,1
202,3966,9780780378681,Thirteenth International Work Shop on Research Issues in Data Engineering,45.43,40,1
203,3967,9780738433745,Using integrated data management to meet service level objectives,47.4,45,1
204,3968,9780672308680,Teach yourself Oracle Power Objects in 21 days,49.38,10,1
207,3968,9780672308680,Teach yourself Oracle Power Objects in 21 days,53.33,20,0
205,3969,9780894353161,Oracle design review guidelines,51.35,15,1
206,3970,9780738436807,Smarter modeling of IBM InfoSphere Master Data Management solutions,43.45,20,1
207,3971,9780738435404,Managing IBM DB2 10 for z/OS using the IBM DB2 administration tool for z/OS version 10,45.43,25,1
208,3972,9780738437125,Streamline business with consolidation and conversion to DB2 for z/OS,47.4,30,1
1,3972,9780738437125,Streamline business with consolidation and conversion to DB2 for z/OS,51.19,40,0
209,3973,9780738438023,A practical guide to managing reference data with IBM InfoSphere Master Data Management reference data management hub,49.38,35,1
210,3974,9780764531972,Oracle8 developer's guide,51.35,40,1
1,3975,9780764508806,Oracle9i for Dummies,43.45,45,1
2,3976,9780201612585,Oracle8 programming,45.43,10,1
103,3976,9780201612585,Oracle8 programming,49.06,20,0
101,3977,9780321194985,Oracle 9i Programming,47.4,15,1
102,3978,9781789130966,Hands-On Linux Administration on Azure: Explore the essential Linux administration skills you need to deploy and manage Azure-based workloads,49.38,20,1
103,3979,9781484241271,Pro SQL Server on Linux: Including Container-Based Deployment with Docker and Kubernetes,51.35,25,1
201,3980,9781599045337,Enterprise resource planning for global economies,43.45,30,1
204,3980,9781599045337,Enterprise resource planning for global economies,46.93,40,0
202,3981,9783642583506,Data Warehousing Strategie,45.43,35,1
203,3982,9781580255202,Doing more with SAS/ASSIST software,47.4,40,1
204,3983,9783319944715,Services – SERVICES 2018,49.38,45,1
205,3984,9783642570483,Einführung in den Sprachkern von SQL-99,51.35,10,1
208,3984,9783642570483,Einführung in den Sprachkern von SQL-99,55.46,20,0
206,3985,9783540233015,Grid services engineering and management,43.45,15,1
207,3986,9785256002510,Priemoperedai͡u︡shchie ustroĭstva provodnykh liniĭ svi͡a︡zi informat͡s︡ionnykh sistem,45.43,20,1
208,3987,9780072193749,Oracle9i DBA handbook,47.4,25,1
209,3988,9780072224733,Oracle9i performance tuning tips & techniques,49.38,30,1
2,3988,9780072224733,Oracle9i performance tuning tips & techniques,53.33,40,0
210,3989,9781851432462,"Proceedings of the Eighth Informatics Workshop for Research Students, Thursday, 28th June 2007, Bradford, United Kingdom",51.35,35,1
1,3990,9780764547492,Oracle9iAS Portal bible,43.45,40,1
2,3991,9780672308727,Oracle unleashed.,45.43,45,1
101,3992,9780470593936,Professional Oracle WebLogic Server,47.4,10,1
201,3992,9780470593936,Professional Oracle WebLogic Server,51.19,20,0
102,3993,9787307072626,Wang luo di li xin xi xi tong de fang fa yu shi jian,49.38,15,1
103,3994,9785020066038,Optimizat︠s︡ii︠a︡ struktur dannykh v ASU,51.35,20,1
201,3995,9783540252955,Advances in information retrieval,43.45,25,1
202,3996,9780072192797,Oracle 9i,45.43,30,1
205,3996,9780072192797,Oracle 9i,49.06,40,0
203,3997,9780471354536,Oracle8i administration and management / Michael Ault,47.4,35,1
204,3998,5861320571,Folk-art-net--novye gorizonty tvorchestva,49.38,40,1
205,3999,9783540433439,Advances in information retrieval,51.35,45,1
206,4000,9780789730282,Special edition using FileMaker 7,43.45,10,1
209,4000,9780789730282,Special edition using FileMaker 7,46.93,20,0
207,4001,9783540333470,Advances in information retrieval,45.43,15,1
208,4002,9782130486794,Banques de données et hypertextes pour l'étude du roman,47.4,20,1
209,4003,9781565927537,Oracle Net8 configuration and troubleshooting,49.38,25,1
210,4004,9781555583453,Oracle performance tuning for 10gR2,51.35,30,1
101,4004,9781555583453,Oracle performance tuning for 10gR2,55.46,40,0
1,4005,9783790810042,Business rule-oriented conceptual modeling,43.45,35,1
2,4006,9780131987227,dBASE IV Advanced Programmer's Source Book,45.43,40,1
101,4007,9780538101806,Information resource management,47.4,45,1
102,4008,9785900737010,"Bazy dannykh Rossii: Katalog, vypusk 5 : v dvukh tomakh",49.38,10,1
202,4008,9785900737010,"Bazy dannykh Rossii: Katalog, vypusk 5 : v dvukh tomakh",53.33,20,0
103,4009,9782711107308,Banques de données et droit d'auteur,51.35,15,1
201,4010,9784621036853,Shakai kagaku bunken detabesu no kozo kaiseki,43.45,20,1
202,4011,9780769505336,Tenth International Workshop on Research Issues in Data Engineering,45.43,25,1
203,4012,9787800461743,情报工作组织管理学,47.4,30,1
206,4012,9787800461743,情报工作组织管理学,51.19,40,0
204,4013,9780830693764,Advanced dBASE IV Programming,49.38,35,1
205,4014,9780136349167,101 Questions About dBASE III,51.35,40,1
206,4015,9780888022738,Information in Canada,43.45,45,1
207,4016,9783540679264,Sicherheit in Netzen und Medienströmen,45.43,10,1
210,4016,9783540679264,Sicherheit in Netzen und Medienströmen,49.06,20,0
208,4017,9780387328058,Ontology Alignment,47.4,15,1
209,4018,9780672326042,Mac OS X Panther unleashed,49.38,20,1
210,4019,9783540921486,Journal On Data Semantics Xi,51.35,25,1
1,4020,9783540446736,Machine learning and its applications,43.45,30,1
102,4020,9783540446736,Machine learning and its applications,46.93,40,0
2,4021,9780470116784,Service Oriented Architecture For Dummies,45.43,35,1
101,4022,9783030878016,Speech and Computer,47.4,40,1
102,4023,9780133143768,Your Office,49.38,45,1
103,4024,9781118057186,Professional Alfresco,51.35,10,1
203,4024,9781118057186,Professional Alfresco,55.46,20,0
201,4025,9780136551843,PC Apprentice dBASE III Plus Workbook (PC Apprentice Personal Computer Learning Series),43.45,15,1
202,4026,9781583470725,DB2 9 fundamentals certification study guide,45.43,20,1
203,4027,9783540318712,Information retrieval technology,47.4,25,1
204,4028,9780071595629,Oracle automatic storage management,49.38,30,1
207,4028,9780071595629,Oracle automatic storage management,53.33,40,0
205,4029,9780534530983,Astronomy on the Web,51.35,35,1
206,4030,9780897918688,DL 97,43.45,40,1
207,4031,9781581131451,Digital libraries 99,45.43,45,1
208,4032,9781581132311,ACM 2000 digital libraries,47.4,10,1
1,4032,9781581132311,ACM 2000 digital libraries,51.19,20,0
209,4033,9780897919654,Digital libraries 98,49.38,15,1
210,4034,9781590596364,Cost-based Oracle fundamentals,51.35,20,1
1,4035,9780877091905,Microcomputing Today!,43.45,25,1
2,4036,9781856040112,Online information retrieval,45.43,30,1
103,4036,9781856040112,Online information retrieval,49.06,40,0
101,4037,9780387709925,Privacy-Preserving Data Mining,47.4,35,1
102,4038,9780877692447,Auerbach buyers' guide to data base/data communications (DB/DC) software,49.38,40,1
103,4039,9780738494739,Informix Dynamic server V10-- extended functionality for modern business,51.35,45,1
201,4040,9780738437309,IBM PowerVM best practices,43.45,10,1
204,4040,9780738437309,IBM PowerVM best practices,46.93,20,0
202,4041,9781847197122,Oracle VM Manager 2.1.2,45.43,15,1
203,4042,9780071496643,Oracle Streams,47.4,20,1
204,4043,9780071823494,DB2 10.5 with BLU Acceleration,49.38,25,1
205,4044,9780387784465,Grid middleware and services,51.35,30,1
208,4044,9780387784465,Grid middleware and services,55.46,40,0
206,4045,9781461420521,A Survey of Data Leakage Detection and Prevention Solutions,43.45,35,1
207,4046,9783642357947,Trustworthy Computing and Services,45.43,40,1
208,4047,9780974435541,Oracle 10g grid & real application clusters,47.4,45,1
209,4048,9781902505718,Practical Data Migration,49.38,10,1
2,4048,9781902505718,Practical Data Migration,53.33,20,0
210,4049,9781581131659,The Seventh International Conference on Artificial Intelligence and Law,51.35,15,1
1,4050,9781783280674,Pentaho Data Integration Cookbook Second Edition,43.45,20,1
2,4051,9780976426615,Larstan's the black book on corporate security,45.43,25,1
101,4052,9783642106156,Bio-science and bio-technology,47.4,30,1
201,4052,9783642106156,Bio-science and bio-technology,51.19,40,0
102,4053,9780735669086,Microsoft Access 2013 Step by Step,49.38,35,1
103,4054,9781461416289,Computing with spatial trajectories,51.35,40,1
201,4055,9783319135014,Symbiotic Interaction,43.45,45,1
202,4056,9780071639194,Oracle VM implementation and administration guide,45.43,10,1
205,4056,9780071639194,Oracle VM implementation and administration guide,49.06,20,0
203,4057,9781412016070,How to Survive in the Jungle of Enterprise Architecture Frameworks,47.4,15,1
204,4058,9783540407263,Research and advanced technology for digital libraries,49.38,20,1
205,4059,9783642136535,The Role Of Digital Libraries In A Time Of Global Change 12th International Conference On Asiapacific Digital Libraries Icadl 2010 Gold Coast Australia June 2125 2010 Proceedings,51.35,25,1
206,4060,9783540200406,Logical and Relational Learning,43.45,30,1
209,4060,9783540200406,Logical and Relational Learning,46.93,40,0
207,4061,9783540632238,Principles of data mining and knowledge discovery,45.43,35,1
208,4062,9789211003406,ACCIS guide to United Nations information sources on international trade and development finance,47.4,40,1
209,4063,9783642340017,Conceptual Modeling,49.38,45,1
210,4064,9780072122046,Oracle8i,51.35,10,1
101,4064,9780072122046,Oracle8i,55.46,20,0
1,4065,9783642104350,GeoSpatial semantics,43.45,15,1
2,4066,9781616928599,Machine learning techniques for adaptive multimedia retrieval,45.43,20,1
101,4067,9780071804301,Oracle Business Intelligence Discoverer 11g Handbook,47.4,25,1
102,4068,9783540224181,Advances in Web-age information management,49.38,30,1
202,4068,9783540224181,Advances in Web-age information management,53.33,40,0
103,4069,9783642332906,Theory and Practice of Digital Libraries,51.35,35,1
201,4070,9783540304623,AI 2005,43.45,40,1
202,4071,9780897913997,The Third International Conference on Artificial Intelligence & Law,45.43,45,1
203,4072,9780854067725,World Wide Web sites for chartered surveyors,47.4,10,1
206,4072,9780854067725,World Wide Web sites for chartered surveyors,51.19,20,0
204,4073,9783540198086,14th Information Retrieval Colloquium,49.38,15,1
205,4074,9783790824780,Medical Data Mining and Knowledge Discovery,51.35,20,1
206,4075,9783540452447,"Temporal, spatial, and spatio-temporal data mining",43.45,25,1
207,4076,9780122818608,Data base file organization,45.43,30,1
210,4076,9780122818608,Data base file organization,49.06,40,0
208,4077,9789282697375,SESAME user's guide,47.4,35,1
209,4078,9780387098234,Content-addressable memories,49.38,40,1
210,4079,9783642339981,Advances in Conceptual Modeling,51.35,45,1
1,4080,9780764546518,The official Pendragon Forms for Palm OS starter kit,43.45,10,1
102,4080,9780764546518,The official Pendragon Forms for Palm OS starter kit,46.93,20,0
2,4081,9781430203292,Beginning SQL Server 2005 Express for Developers,45.43,15,1
101,4082,9780071745369,Oracle Crm On Demand Embedded Analytics,47.4,20,1
102,4083,9780133451740,Getting the most out of IBM Current,49.38,25,1
103,4084,9783540440376,Principles of data mining and knowledge discovery,51.35,30,1
203,4084,9783540440376,Principles of data mining and knowledge discovery,55.46,40,0
201,4085,9781412979238,Failure is not an option,43.45,35,1
202,4086,9783540476931,Rough sets and current trends in computing,45.43,40,1
203,4087,9780072133790,Oracle E-business suite manufacturing & supply chain management,47.4,45,1
204,4088,9781555702687,Using Microsoft Access,49.38,10,1
207,4088,9781555702687,Using Microsoft Access,53.33,20,0
205,4089,9780130158086,Oracle Forms interactive workbook,51.35,15,1
206,4090,9780672324321,Sams teach yourself ColdFusion MX in 21 days,43.45,20,1
207,4091,9780819457974,"Data mining, intrusion detection, information assurance, and data networks security 2005",45.43,25,1
208,4092,9780851421063,On-line information retrieval sourcebook,47.4,30,1
1,4092,9780851421063,On-line information retrieval sourcebook,51.19,40,0
209,4093,9782920003187,Recherche télématique en droit canadien,49.38,35,1
210,4094,9780738489025,Migrating to WebSphere message broker version 6.0,51.35,40,1
1,4095,9781847199706,Oracle 11g Streams implementer's guide,43.45,45,1
2,4096,9781627050937,Perspectives on Business Intelligence,45.43,10,1
103,4096,9781627050937,Perspectives on Business Intelligence,49.06,20,0
101,4097,9780132797856,Creating Spreadsheets and Charts in Microsoft Office Excel 2007 for Windows,47.4,15,1
102,4098,9780789726704,Special Edition Using Oracle 11i,49.38,20,1
103,4099,9781598297843,Exploratory search,51.35,25,1
201,4100,9780672318467,Oracle Developer Forms Techniques (Other Sams),43.45,30,1
204,4100,9780672318467,Oracle Developer Forms Techniques (Other Sams),46.93,40,0
202,4101,9783642163845,Advances In Conceptual Modeling Applications And Challenges Er 2010 Workshops Acml Cmlsa Cms Deer Fpuml Secogis Wism Vancouver Bc Canada November 14 2010 Proceedings,45.43,35,1
203,4102,9781861004413,Professional SQL server 2000 DTS,47.4,40,1
204,4103,9780409494457,Australasian computerised legal information handbook,49.38,45,1
205,4104,9780851422213,Computer-based knowledge retrieval,51.35,10,1
208,4104,9780851422213,Computer-based knowledge retrieval,55.46,20,0
206,4105,9781879102675,Understanding Arcsde,43.45,15,1
207,4106,9780892583140,Advanced storage -- requirements and capabilities (AIIM international white paper),45.43,20,1
208,4107,9781450316583,Sigir 12 Proceedings of the International ACM Sigir Conference on Research and Development in Information Retrieval,47.4,25,1
209,4108,9781562053802,Windows 95 for network administrators,49.38,30,1
2,4108,9781562053802,Windows 95 for network administrators,53.33,40,0
210,4109,9780738416380,DB2 UDB for OS/390 version 6 management tools package,51.35,35,1
1,4110,9781467324281,2012 Seventh International Conference on Digital Information Management (ICDIM 2012),43.45,40,1
2,4111,9781856046466,Records Management,45.43,45,1
101,4112,9781879102736,ArcSDE Administrators Guide,47.4,10,1
201,4112,9781879102736,ArcSDE Administrators Guide,51.19,20,0
102,4113,9787542115713,Gao xiao tu shu guan wen xian xin xi jian suo yu li yong yan jiu,49.38,15,1
103,4114,9780738433455,IBM Tivoli Netcool/Impact V4.0 implementation,51.35,20,1
201,4115,9781450320016,SIGIR'12 Vol. 2 of 2,43.45,25,1
202,4116,9781430225102,Oracle SQL Recipes,45.43,30,1
205,4116,9781430225102,Oracle SQL Recipes,49.06,40,0
203,4117,9783598202605,"Iud und Normung, Neue Kommunikationstechnologie, Berufspolitik, Datenbanken, Betriebsstatistik, Informetrie, Parlamentsdokumentation, Arbeitskreis Senioren, Gesprã¤Chskreise : Berlin, Vom 29. 09. Bis",47.4,35,1
204,4118,9780738432472,IBM Tivoli Netcool Service Quality Manager Data Mediation Gateway Development,49.38,40,1
205,4119,9780072192292,Oracle Pl/Sql 101,51.35,45,1
206,4120,9781785281273,Oracle SQL Developer,43.45,10,1
209,4120,9781785281273,Oracle SQL Developer,46.93,20,0
207,4121,9789810230722,"KDD, techniques and applications",45.43,15,1
208,4122,9787030188007,Di li kong jian shu ju ku yuan li,47.4,20,1
209,4123,9787030237231,Di qiu xi tong ke xue shu ju gong xiang guan jian ji shu yan jiu,49.38,25,1
210,4124,9781471667107,Oracle e-Business Consultancy Handbook,51.35,30,1
101,4124,9781471667107,Oracle e-Business Consultancy Handbook,55.46,40,0
1,4125,9781299407190,Information Retrieval Methods for Multidisciplinary Applications,43.45,35,1
2,4126,9781456612115,Sql Pl/Sql Programming,45.43,40,1
101,4127,9782901046240,Les banques de données juridiques françaises,47.4,45,1
102,4128,9780738437644,Creating value-based archiving solutions with IBM Content Collector,49.38,10,1
202,4128,9780738437644,Creating value-based archiving solutions with IBM Content Collector,53.33,20,0
103,4129,9780914604273,Search ACT,51.35,15,1
201,4130,9781787280786,Teradata Cookbook: Over 85 recipes to implement efficient data warehousing solutions,43.45,20,1
202,4131,9780819449580,Data mining and knowledge discovery,45.43,25,1
203,4132,9781847197139,Oracle VM Manager 2.1.2,47.4,30,1
206,4132,9781847197139,Oracle VM Manager 2.1.2,51.19,40,0
204,4133,9783642975561,Datenbanksysteme,49.38,35,1
205,4134,9782735900480,FRANCIS manuel d'interrogation sur QUESTEL,51.35,40,1
206,4135,9783642842207,"Knowledge, Data and Computer-Assisted Decisions )",43.45,45,1
207,4136,9780134699943,Programmer's Guide to Java SE 8 Oracle Certified Professional (OCP),45.43,10,1
210,4136,9780134699943,Programmer's Guide to Java SE 8 Oracle Certified Professional (OCP),49.06,20,0
208,4137,9783900358136,Internationale volkskundliche Bibliographie,47.4,15,1
209,4138,9780819444806,Data Mining and Knowledge Discovery,49.38,20,1
210,4139,9780134857503,Enterprise Master Data Management,51.35,25,1
1,4140,9782873772284,"Le droit d'auteur, du logiciel au multimédia",43.45,30,1
102,4140,9782873772284,"Le droit d'auteur, du logiciel au multimédia",46.93,40,0
2,4141,9780830677146,Working with Oracle development tools,45.43,35,1
101,4142,9782110013033,Manuel d'analyse et guide de mise à jour des collections photographiques en France,47.4,40,1
102,4143,9780387156552,Von Datenbanken zu Expertensystemen,49.38,45,1
103,4144,9782222025214,Guide d'interrogation de la base bibliographique FRANCIS,51.35,10,1
203,4144,9782222025214,Guide d'interrogation de la base bibliographique FRANCIS,55.46,20,0
201,4145,9787030263278,Wen xian xin xi jian suo,43.45,15,1
202,4146,9783540260073,Data analysis and decision support,45.43,20,1
203,4147,9781571090058,Data warehousing and decision support,47.4,25,1
204,4148,9783642317170,Advances In Computational Intelligence,49.38,30,1
207,4148,9783642317170,Advances In Computational Intelligence,53.33,40,0
205,4149,9785020376144,Upravlenie kachestvom informat︠s︡ionnykh sistem,51.35,35,1
206,4150,9780819419811,Multimedia,43.45,40,1
207,4151,9783642317149,Advances in Computational Intelligence Part II Communications in Computer and Information Science,45.43,45,1
208,4152,9781609600679,Knowledge Discovery Practices And Emerging Applications Of Data Mining Trends And New Domains,47.4,10,1
1,4152,9781609600679,Knowledge Discovery Practices And Emerging Applications Of Data Mining Trends And New Domains,51.19,20,0
209,4153,9783834817303,Efficient Usage Of Adabas Replication A Practical Solution Finder,49.38,15,1
210,4154,9783642317088,Advances in Computational Intelligence Part I Communications in Computer and Information Science,51.35,20,1
1,4155,9781118647196,Balanced Scorecards and Operational Dashboards with SQL Server Reporting Services,43.45,25,1
2,4156,9783642317231,Advances in Computational Intelligence Part IV Communications in Computer and Information Science,45.43,30,1
103,4156,9783642317231,Advances in Computational Intelligence Part IV Communications in Computer and Information Science,49.06,40,0
101,4157,9780470278338,Unsupervised Learning Via Selforganization A Dynamic Approach,47.4,35,1
102,4158,9780470747001,Multimedia semantics,49.38,40,1
103,4159,9783540225393,Image and video retrieval,51.35,45,1
201,4160,9783540278580,Image and video retrieval,43.45,10,1
204,4160,9783540278580,Image and video retrieval,46.93,20,0
202,4161,9787811107807,Wen xian xin xi jian suo li lun yu shi jian,45.43,15,1
203,4162,9789172230880,Juridik på burk,47.4,20,1
204,4163,9782271052599,Droit international et informatique juridique,49.38,25,1
205,4164,9780818621956,The Second International Conference on Image Management and Communication (IMAC) in Patient Care,51.35,30,1
208,4164,9780818621956,The Second International Conference on Image Management and Communication (IMAC) in Patient Care,55.46,40,0
206,4165,9780844401287,Directory of federally supported information analysis centers,43.45,35,1
207,4166,9780444879516,Entity-relationaship approach,45.43,40,1
208,4167,9780470744024,Inside the Symbian SQL,47.4,45,1
209,4168,9780760071083,Applications development in Microsoft Access 2000,49.38,10,1
2,4168,9780760071083,Applications development in Microsoft Access 2000,53.33,20,0
210,4169,9781603271936,Bioinformatics methods in clinical research,51.35,15,1
1,4170,9783540852582,Secure Data Management,43.45,20,1
2,4171,9780819440792,Data mining and knowledge discovery,45.43,25,1
101,4172,9781461422532,Data dissemination and query in mobile social networks,47.4,30,1
201,4172,9781461422532,Data dissemination and query in mobile social networks,51.19,40,0
102,4173,9780738434872,IBM zEnterprise 196 configuration setup,49.38,35,1
103,4174,9780863531620,Practical data analysis,51.35,40,1
201,4175,9780471608578,Oracle 7.0 administration & management,43.45,45,1
202,4176,9781566901512,Minding your business with MapInfo®,45.43,10,1
205,4176,9781566901512,Minding your business with MapInfo®,49.06,20,0
203,4177,9783319019321,Speech and Computer,47.4,15,1
204,4178,9781420015737,In silico technologies in drug target identification and validation,49.38,20,1
205,4179,9783540229377,Data warehousing and knowledge discovery,51.35,25,1
206,4180,9783642076046,Relational Data Mining,43.45,30,1
209,4180,9783642076046,Relational Data Mining,46.93,40,0
207,4181,9780764534256,Master Active Directory VISUALLY,45.43,35,1
208,4182,9783642136719,Advances in Knowledge Discovery and Data Mining,47.4,40,1
209,4183,9783642136566,Advances In Knowledge Discovery And Data Mining 14th Pacificasia Conference Pakdd 2010 Hyderabad India June 2124 2010 Proceedings,49.38,45,1
210,4184,9780071790574,Oracle Enterprise Manager Cloud Control 12c Deep Dive,51.35,10,1
101,4184,9780071790574,Oracle Enterprise Manager Cloud Control 12c Deep Dive,55.46,20,0
1,4185,9783540745525,Data warehousing and knowledge discovery,43.45,15,1
2,4186,9780134641737,An Informix-4GL tutorial,45.43,20,1
101,4187,9780442239770,The IMS/VS expert's guide,47.4,25,1
102,4188,9780819446268,Astronomical data analysis II,49.38,30,1
202,4188,9780819446268,Astronomical data analysis II,53.33,40,0
103,4189,9780910747011,International computer-aided design (CAD) directory,51.35,35,1
201,4190,9783030352301,Advanced data mining and applications,43.45,40,1
202,4191,9780387698991,Ontology Management,45.43,45,1
203,4192,9781591400813,Architectural issues of Web-enabled electronic business,47.4,10,1
206,4192,9781591400813,Architectural issues of Web-enabled electronic business,51.19,20,0
204,4193,9783642045905,Metadata and Semantic Research,49.38,15,1
205,4194,9780071752596,Achieving extreme performance with Oracle Exadata,51.35,20,1
206,4195,9781597343787,Video data,43.45,25,1
207,4196,9780123749567,Next generation datacenters in financial services,45.43,30,1
210,4196,9780123749567,Next generation datacenters in financial services,49.06,40,0
208,4197,9780071700641,Microsoft SQL server 2008 administration for Oracle DBAs,47.4,35,1
209,4198,9780071843294,Tableau 9,49.38,40,1
210,4199,9783642311635,Data Matching Concepts And Techniques For Record Linkage Entity Resolution And Duplicate Detection,51.35,45,1
1,4200,9783540457701,High-Dimensional Indexing,43.45,10,1
102,4200,9783540457701,High-Dimensional Indexing,46.93,20,0
2,4201,9783319674278,String Processing and Information Retrieval,45.43,15,1
101,4202,9783540206088,Digital libraries,47.4,20,1
102,4203,9780738492339,Best Practices for Sap Business Information Warehouse on DB2 for Z/os V8,49.38,25,1
103,4204,9783642362576,Handbook of Data Quality,51.35,30,1
203,4204,9783642362576,Handbook of Data Quality,55.46,40,0
201,4205,9781849519137,Hadoop Real World Solutions Cookbook,43.45,35,1
202,4206,9781552211762,Legal research and writing,45.43,40,1
203,4207,9783540582175,"Entity-relationship approach, ER '93",47.4,45,1
204,4208,9783540317265,Computational Life Sciences (vol. # 3695),49.38,10,1
207,4208,9783540317265,Computational Life Sciences (vol. # 3695),53.33,20,0
205,4209,9789051992588,"Information Modelling and Knowledge Bases VII (Frontiers in Artificial Intelligence and Applications, Vol. 34) (Frontiers in Artificial Intelligence and Applications, Vol 34)",51.35,15,1
206,4210,9780887369988,Electronic style,43.45,20,1
207,4211,9783642345555,An Introduction to XML Query Processing and Keyword Search,45.43,25,1
208,4212,9781558603486,Distributed algorithms,47.4,30,1
1,4212,9781558603486,Distributed algorithms,51.19,40,0
209,4213,9783540464815,Neural information processing,49.38,35,1
210,4214,9781592298556,SAP BW,51.35,40,1
1,4215,9781849515245,Pentaho data integration 4 cookbook,43.45,45,1
2,4216,9783886726011,Environmental knowledge organization and information management,45.43,10,1
103,4216,9783886726011,Environmental knowledge organization and information management,49.06,20,0
101,4217,9780387244358,Data mining and knowledge discovery handbook,47.4,15,1
102,4218,9780758068545,Microsoft® Office Word 2003,49.38,20,1
103,4219,9780761528432,Business intelligence with ColdFusion,51.35,25,1
201,4220,9783642354564,Multi-disciplinary Trends in Artificial Intelligence,43.45,30,1
204,4220,9783642354564,Multi-disciplinary Trends in Artificial Intelligence,46.93,40,0
202,4221,9780313320385,Urban Sprawl,45.43,35,1
203,4222,9780897744850,Business information,47.4,40,1
204,4223,9783110317015,Linked Data and User Interaction,49.38,45,1
205,4224,9780429279973,Organisation of Tomorrow,51.35,10,1
208,4224,9780429279973,Organisation of Tomorrow,55.46,20,0
206,4225,9780789707567,Easy Lotus Notes release 4.0,43.45,15,1
207,4226,9789213222270,Clasificaciones estadísticas internacionales incorporadas en el Banco De datos del Comercio Exterior de América Latina y el Caribe de la CEPAL,45.43,20,1
208,4227,9781420082326,Knowledge discovery from sensor data,47.4,25,1
209,4228,9781861004826,Expert one-on-one Oracle,49.38,30,1
2,4228,9781861004826,Expert one-on-one Oracle,53.33,40,0
210,4229,9780071643573,PeopleSoft developer's guide for PeopleTools & PeopleCode,51.35,35,1
1,4230,9781306532914,Data Storage Networking,43.45,40,1
2,4231,9780713134810,Data analysis for data base design,45.43,45,1
101,4232,9781590593837,Pro Oracle Spatial,47.4,10,1
201,4232,9781590593837,Pro Oracle Spatial,51.19,20,0
102,4233,9783642126291,User Centric Media First International Conference Ucmedia 2009 Venice Italy December 911 2009 Revised Selected Papers,49.38,15,1
103,4234,9780878370047,Directory of data bases in the social and behavioral sciences,51.35,20,1
201,4235,9783540318118,Technologies for E-services,43.45,25,1
202,4236,9789813299177,Manual of Digital Earth,45.43,30,1
205,4236,9789813299177,Manual of Digital Earth,49.06,40,0
203,4237,9780321649188,TOAD handbook,47.4,35,1
204,4238,9780976635321,Applied Microsoft SQL Server 2008 Reporting Services,49.38,40,1
205,4239,9783662439357,Data and Applications Security and Privacy XXVIII,51.35,45,1
206,4240,9788189422318,Geomatics in Tsunami,43.45,10,1
209,4240,9788189422318,Geomatics in Tsunami,46.93,20,0
207,4241,9780471801382,MVS JCL forsequential data management,45.43,15,1
208,4242,9780314011039,Beyond legal information,47.4,20,1
209,4243,9781461523635,Enterprise Integration and Modeling: The Metadatabase Approach,49.38,25,1
210,4244,9780735709881,MCSE Windows 2000 Core Exams,51.35,30,1
101,4244,9780735709881,MCSE Windows 2000 Core Exams,55.46,40,0
1,4245,9781430249382,Expert Oracle Enterprise Manager 12c,43.45,35,1
2,4246,9783540307679,Advances in Computer Science - ASIAN 2005. Data Management on the Web,45.43,40,1
101,4247,9780962506345,GIS data conversion handbook,47.4,45,1
102,4248,9780137274130,DB2 certification guide for common servers,49.38,10,1
202,4248,9780137274130,DB2 certification guide for common servers,53.33,20,0
103,4249,9783540884231,Rough sets and current trends in computing,51.35,15,1
201,4250,9780895885340,Understanding Oracle,43.45,20,1
202,4251,9780810847606,Hunting and gathering on the information savanna,45.43,25,1
203,4252,9783790825190,Intelligent Exploration of the Web,47.4,30,1
206,4252,9783790825190,Intelligent Exploration of the Web,51.19,40,0
204,4253,9780071824385,Using R to Unlock the Value of Big Data,49.38,35,1
205,4254,9781590592984,Storage Networks,51.35,40,1
206,4255,9781299875852,Enterprise Architecture and Information Assurance,43.45,45,1
207,4256,9783642326271,"Topics in Performance Evaluation, Measurement and Characterization",45.43,10,1
210,4256,9783642326271,"Topics in Performance Evaluation, Measurement and Characterization",49.06,20,0
208,4257,9783642413650,Model and Data Engineering,47.4,15,1
209,4258,9783319017907,Spatial Information Theory,49.38,20,1
210,4259,9781859810897,Create great web pages,51.35,25,1
1,4260,9781583810576,"Conference on Virtual Observatories of the Future, 2000, Pasadena, Ca (Astronomical Society of the Pacific Conference Series)",43.45,30,1
102,4260,9781583810576,"Conference on Virtual Observatories of the Future, 2000, Pasadena, Ca (Astronomical Society of the Pacific Conference Series)",46.93,40,0
2,4261,9780672321474,e-Business for the Oracle DBA,45.43,35,1
101,4262,9780072255119,Oracle application server 10g Web development,47.4,40,1
102,4263,9780738494913,Moving forward with the on demand real-time enterprise,49.38,45,1
103,4264,9781581133318,Proceedings of the 24th Annual International ACM SIGIR Conference on Research and Development in Information Retrieval,51.35,10,1
203,4264,9781581133318,Proceedings of the 24th Annual International ACM SIGIR Conference on Research and Development in Information Retrieval,55.46,20,0
201,4265,9781581135619,SIGIR 2002,43.45,15,1
202,4266,9783898251303,What you click is what you get?,45.43,20,1
203,4267,9781581132267,SIGIR 2000,47.4,25,1
204,4268,9789735922825,Arheogis,49.38,30,1
207,4268,9789735922825,Arheogis,53.33,40,0
205,4269,9781562761608,Help! Lotus notes 3.0,51.35,35,1
206,4270,9780077076214,Engineering data management,43.45,40,1
207,4271,9780738436111,IBM zEnterprise 114 technical guide,45.43,45,1
208,4272,9780596529642,SQL Injection Defenses,47.4,10,1
1,4272,9780596529642,SQL Injection Defenses,51.19,20,0
209,4273,9781461422549,Data Dissemination and Query in Mobile Social Networks,49.38,15,1
210,4274,9781565929494,Oracle8i & Windows NT,51.35,20,1
1,4275,9781559584333,Lotus notes 3 revealed!,43.45,25,1
2,4276,9780890067604,Principles of data fusion automation,45.43,30,1
103,4276,9780890067604,Principles of data fusion automation,49.06,40,0
101,4277,9781565296381,Using Lotus notes,47.4,35,1
102,4278,9780471585374,Implementing a corporate repository,49.38,40,1
103,4279,9780679751595,dBASE compiler for DOS developer's guide,51.35,45,1
201,4280,9780738436050,IBM zEnterprise 196 technical guide,43.45,10,1
204,4280,9780738436050,IBM zEnterprise 196 technical guide,46.93,20,0
202,4281,9780738438863,IBM zEnterprise EC12 technical guide,45.43,15,1
203,4282,9780738437521,Using zEnterprise for smarter analytics,47.4,20,1
204,4283,9780738438252,Using zEnterprise for smart analytics,49.38,25,1
205,4284,9780738438061,IBM zEnterprise EC12 configuration setup,51.35,30,1
208,4284,9780738438061,IBM zEnterprise EC12 configuration setup,55.46,40,0
206,4285,9780738437866,Migration use cases with the Migration Manager version 7.5,43.45,35,1
207,4286,9781590596791,Pro Oracle Collaboration Suite 10g (Pro),45.43,40,1
208,4287,9781785881305,Mastering Redmine - Second Edition,47.4,45,1
209,4288,9781608452736,Data stream management,49.38,10,1
2,4288,9781608452736,Data stream management,53.33,20,0
210,4289,9781118957684,OCP Oracle Certified Professional on Oracle 12c Certification Kit,51.35,15,1
1,4290,9784004390039,Watakushi no chiteki seisan no gijutsu,43.45,20,1
2,4291,9787800938962,Huan jing xin xi guo ji yan tao hui lun wen ji,45.43,25,1
101,4292,9780769542614,Proceedings,47.4,30,1
201,4292,9780769542614,Proceedings,51.19,40,0
102,4293,9780933438132,Ins and outs of health and population data,49.38,35,1
103,4294,9780387527123,"Knowledge, data, and computer-assisted decisions",51.35,40,1
201,4295,9780387127330,Sprachen für Datenbanken,43.45,45,1
202,4296,9780029487006,Effective design of CODASYL data base,45.43,10,1
205,4296,9780029487006,Effective design of CODASYL data base,49.06,20,0
203,4297,9783540789987,Model-based software and data integration,47.4,15,1
204,4298,9780764533266,Oracle WebDB bible,49.38,20,1
205,4299,9788770235587,Informationssøgning og dokumentation inden for humaniora og samfundsvidenskab,51.35,25,1
206,4300,9780132557467,Planning and designing the data warehouse,43.45,30,1
209,4300,9780132557467,Planning and designing the data warehouse,46.93,40,0
207,4301,9787030196897,Ke ji xin xi jian suo,45.43,35,1
208,4302,9783211999417,Preferences and Similarities CISM International Centre for Mechanical Sciences,47.4,40,1
209,4303,9780078820458,Lotus Notes Answers,49.38,45,1
210,4304,9780071763226,Building And Managing A Cloud Using Oracle Enterprise Manager 12c,51.35,10,1
101,4304,9780071763226,Building And Managing A Cloud Using Oracle Enterprise Manager 12c,55.46,20,0
1,4305,9783790824599,Rough Sets in Knowledge Discovery 2 Studies in Fuzziness and Soft Computing,43.45,15,1
2,4306,9782271051035,La commercialisation des banques de données,45.43,20,1
101,4307,9780851422770,Going online 1991,47.4,25,1
102,4308,9781581136463,SIGIR 2003,49.38,30,1
202,4308,9781581136463,SIGIR 2003,53.33,40,0
103,4309,9780893039271,Using Paradox,51.35,35,1
201,4310,9780851422077,Going online 1987,43.45,40,1
202,4311,9783642360077,Semantics in Data and Knowledge Bases,45.43,45,1
203,4312,9781930513976,Electronic health records,47.4,10,1
206,4312,9781930513976,Electronic health records,51.19,20,0
204,4313,9783319371979,Collaborative Information Seeking,49.38,15,1
205,4314,9783540397335,Journal on Data Semantics I,51.35,20,1
206,4315,9783642367267,Selected Topics In Performance Evaluation And Benchmarking 4th Tpc Technology Conference Tpctc 2012 Istanbul Turkey August 27 2012 Revised Selected Papers,43.45,25,1
207,4316,9780309051934,Computer-aided materials selection during structural design,45.43,30,1
210,4316,9780309051934,Computer-aided materials selection during structural design,49.06,40,0
208,4317,9781441966544,Adaptive Cryptographic Access Control,47.4,35,1
209,4318,9780071837262,Data Visualization for Oracle Business Intelligence 11g,49.38,40,1
210,4319,9781423711179,Encyclopedia of data warehousing and mining,51.35,45,1
1,4320,9781430234951,Pro Oracle Application Express 4,43.45,10,1
102,4320,9781430234951,Pro Oracle Application Express 4,46.93,20,0
2,4321,9780122755507,New applications of data bases,45.43,15,1
101,4322,9780122661709,Automated information retrieval,47.4,20,1
102,4323,9783030248888,EndNote 1 - 2 - 3 Easy!,49.38,25,1
103,4324,9780138150402,Understanding IBM SOA foundation suite,51.35,30,1
203,4324,9780138150402,Understanding IBM SOA foundation suite,55.46,40,0
201,4325,9780071825351,Oracle Weblogic Server 12c Administration Handbook,43.45,35,1
202,4326,9783642363177,Business Intelligence,45.43,40,1
203,4327,9783540617709,"Computer security, ESORICS 96",47.4,45,1
204,4328,9783211005873,Recht online gratis. RIS/EUR-Lex,49.38,10,1
207,4328,9783211005873,Recht online gratis. RIS/EUR-Lex,53.33,20,0
205,4329,9780838915035,Migrating library data,51.35,15,1
206,4330,9783540850342,Computer Music Modeling And Retrieval Sense Of Sounds 4th International Symposium Cmmr 2007 Copenhagen Denmark August 2731 2007 Revised Papers,43.45,20,1
207,4331,9783540002161,Mental Representation and Processing of Geographic Knowledge,45.43,25,1
208,4332,9783540442530,Geographic information science,47.4,30,1
1,4332,9783540442530,Geographic information science,51.19,40,0
209,4333,9783540259947,Exploratory analysis of spatial and temporal data,49.38,35,1
210,4334,9780130834584,Core MCSE,51.35,40,1
1,4335,9781555704438,XML in libraries,43.45,45,1
2,4336,9780792380993,Workflow and process automation,45.43,10,1
103,4336,9780792380993,Workflow and process automation,49.06,20,0
101,4337,9781138339798,Applied Machine Learning for Smart Data Analysis,47.4,15,1
102,4338,9783642004391,Mobile response,49.38,20,1
103,4339,9780072227291,Oracle wait interface,51.35,25,1
201,4340,9781461915768,Scripting SQL Management Objects in Windows PowerShell,43.45,30,1
204,4340,9781461915768,Scripting SQL Management Objects in Windows PowerShell,46.93,40,0
202,4341,9781849681742,Oracle Data Integrator 11g Cookbook,45.43,35,1
203,4342,9780123725158,Modeling & simulation-based data engineering,47.4,40,1
204,4343,9781783984497,Building Scalable Apps with Redis and Node. js,49.38,45,1
205,4344,9780130850331,Programming Oracle Triggers and Stored Procedures (3rd Edition) (Prentice Hall PTR Oracle Series),51.35,10,1
208,4344,9780130850331,Programming Oracle Triggers and Stored Procedures (3rd Edition) (Prentice Hall PTR Oracle Series),55.46,20,0
206,4345,9781555444129,SAS/ACCESS interface to CA-DATACOM/DB,43.45,15,1
207,4346,9781568849546,dBASE 5 for DOS for dummies quick reference,45.43,20,1
208,4347,9780947568047,Text Retrieval in Context,47.4,25,1
209,4348,9780892583119,Document Management,49.38,30,1
2,4348,9780892583119,Document Management,53.33,40,0
210,4349,9783540213314,Intelligent information processing and web mining,51.35,35,1
1,4350,9780071841665,Oracle Data Integration,43.45,40,1
2,4351,9780072127034,MCDBA Administering SQL Server 2000 Study Guide (Exam 70-228),45.43,45,1
101,4352,9781430235064,Oracle Application Express 4 Recipes,47.4,10,1
201,4352,9781430235064,Oracle Application Express 4 Recipes,51.19,20,0
102,4353,9783540310679,Technologies for e-services,49.38,15,1
103,4354,9781590595251,"Expert Oracle, Signature Edition Programming Techniques and Solutions for Oracle 7.3 through 8.1.7 (Expert One-On-One)",51.35,20,1
201,4355,9780738435138,Tivoli integration scenarios,43.45,25,1
202,4356,9780738439211,Customizing and extending IBM Content Navigator,45.43,30,1
205,4356,9780738439211,Customizing and extending IBM Content Navigator,49.06,40,0
203,4357,9782551087655,APL*PLUS/PC,47.4,35,1
204,4358,9783642143991,Advances in data mining,49.38,40,1
205,4359,9780470334706,Professional SQL Server 2000 DTS (Data Transformation Services),51.35,45,1
206,4360,9783540410669,Principles of data mining and knowledge discovery,43.45,10,1
209,4360,9783540410669,Principles of data mining and knowledge discovery,46.93,20,0
207,4361,9780905984100,On-line information retrieval,45.43,15,1
208,4362,9783642385636,Web-Age Information Management,47.4,20,1
209,4363,9781938904646,Analytics in Healthcare,49.38,25,1
210,4364,9783319143125,Euro-Par 2014 : Parallel Processing Workshops,51.35,30,1
101,4364,9783319143125,Euro-Par 2014 : Parallel Processing Workshops,55.46,40,0
1,4365,9783319458137,Web Technologies and Applications,43.45,35,1
2,4366,9780897913218,SIGIR '89,45.43,40,1
101,4367,9781461555896,Data Mining Methods for Knowledge Discovery,47.4,45,1
102,4368,9783642105616,Journal On Data Semantics Xiv,49.38,10,1
202,4368,9783642105616,Journal On Data Semantics Xiv,53.33,20,0
103,4369,9781849511537,Alfresco 3 web services,51.35,15,1
201,4370,9783540230137,Research and advanced technology for digital libraries,43.45,20,1
202,4371,9780662534532,PHOCUS,45.43,25,1
203,4372,9783540492924,Discovery science,47.4,30,1
206,4372,9783540492924,Discovery science,51.19,40,0
204,4373,9780764508103,MCSE Migrating from Windows NT to Windows 2000 for Dummies,49.38,35,1
205,4374,9783540440451,Advances in Web-age information management,51.35,40,1
206,4375,9783642437670,A Real-Time In-Memory Discovery Service,43.45,45,1
207,4376,9780137035656,Viral data in SOA,45.43,10,1
210,4376,9780137035656,Viral data in SOA,49.06,20,0
208,4377,9780412731303,Introduction to VHDL,47.4,15,1
209,4378,9780585439525,Ado.net professional projects,49.38,20,1
210,4379,9781118388082,Records Management For Dummies,51.35,25,1
1,4380,9780672328664,Sams teach yourself Oracle PL/SQL in 10 minutes,43.45,30,1
102,4380,9780672328664,Sams teach yourself Oracle PL/SQL in 10 minutes,46.93,40,0
2,4381,9780607950311,Public review draft,45.43,35,1
101,4382,9783319122557,Advances in Conceptual Modeling,47.4,40,1
102,4383,9783642222474,Integrated Computing Technology,49.38,45,1
103,4384,9780976627906,Coding,51.35,10,1
203,4384,9780976627906,Coding,55.46,20,0
201,4385,9783540228813,Intelligent data engineering and automated learning,43.45,15,1
202,4386,9781430250449,Expert Oracle RAC 12c (The Expert's Voice),45.43,20,1
203,4387,9781118869451,Creating Business Agility,47.4,25,1
204,4388,9780849350801,Building Trustworthy Semantic Webs,49.38,30,1
207,4388,9780849350801,Building Trustworthy Semantic Webs,53.33,40,0
205,4389,9781461449188,Spatio-temporal Networks,51.35,35,1
206,4390,9783642178184,Provenance and Annotation of Data and Processes,43.45,40,1
207,4391,9783642025587,Human Interface And The Management Of Information,45.43,45,1
208,4392,9783642274527,Information Computing and Applications,47.4,10,1
1,4392,9783642274527,Information Computing and Applications,51.19,20,0
209,4393,9781135261535,Urban and Regional Data Management,49.38,15,1
210,4394,9780429065965,Intelligent technologies for web applications,51.35,20,1
1,4395,9780471919353,Communications and data management,43.45,25,1
2,4396,9780735624054,Microsoft SQL server 2005 integration services step by step,45.43,30,1
103,4396,9780735624054,Microsoft SQL server 2005 integration services step by step,49.06,40,0
101,4397,9789073077072,"Explore CDS/ISIS, a training vehicle",47.4,35,1
102,4398,9781260121131,Microsoft SQL Server 2017 on Linux,49.38,40,1
103,4399,9781634621175,Data Lake Architecture,51.35,45,1
201,4400,9780738434841,Implementing IBM Maximo for service providers,43.45,10,1
204,4400,9780738434841,Implementing IBM Maximo for service providers,46.93,20,0
202,4401,9780818640827,Proceedings : Second Workshop on Enabling Technologies,45.43,15,1
203,4402,9783540198857,"Rough sets, fuzzy sets, and knowledge discovery",47.4,20,1
204,4403,9781450313568,CIKM '11 Vol. 3,49.38,25,1
205,4404,9783540328100,Knowledge Discovery in Life Science Literature,51.35,30,1
208,4404,9783540328100,Knowledge Discovery in Life Science Literature,55.46,40,0
206,4405,9780131902657,Understanding the Oracle Server,43.45,35,1
207,4406,9787501324538,Ren wen she hui ke xue xin xi jian suo,45.43,40,1
208,4407,9780894354298,"Rdb/VMS, developing the data warehouse",47.4,45,1
209,4408,9784888901840,A guide to commands,49.38,10,1
2,4408,9784888901840,A guide to commands,53.33,20,0
210,4409,9788814035029,L'Informatica giuridico ambientale in Italia,51.35,15,1
1,4410,9783893180042,Rechtsinformation--online,43.45,20,1
2,4411,9780824715427,The Retrieval of information in the humanities and the social sciences,45.43,25,1
101,4412,9781573870085,Key guide to electronic resources,47.4,30,1
201,4412,9781573870085,Key guide to electronic resources,51.19,40,0
102,4413,9783642576812,Data Warehousing 2000,49.38,35,1
103,4414,096302778X,Books and periodicals online,51.35,40,1
201,4415,9780796907134,Vereistes vir 'n werkkragdatabasis op biblioteek- en inligtinggebied in die Republiek van Suid-Afrika,43.45,45,1
202,4416,9781573870009,Key guide to electronic resources,45.43,10,1
205,4416,9781573870009,Key guide to electronic resources,49.06,20,0
203,4417,9781466602779,Advancing technologies for Asian business and economics,47.4,15,1
204,4418,9784790712817,Kontentsu-gaku,49.38,20,1
205,4419,9783540307372,Progress in Artificial Intelligence,51.35,25,1
206,4420,9780735680807,Managing the Store DAG,43.45,30,1
209,4420,9780735680807,Managing the Store DAG,46.93,40,0
207,4421,9780764543685,Professional Sql Server 2000 Dts,45.43,35,1
208,4422,9782920003194,Le Guide d'accès du juriste au monde de la télématique,47.4,40,1
209,4423,9781565922396,Mastering Oracle Power Objects,49.38,45,1
210,4424,9789576415081,dBASE 5 for Windows tʻu li ju men,51.35,10,1
101,4424,9789576415081,dBASE 5 for Windows tʻu li ju men,55.46,20,0
1,4425,9781852337834,Environmental online communication,43.45,15,1
2,4426,9783642690358,Datenbanksystem für CAD-Arbeitsplätze,45.43,20,1
101,4427,9788814076626,Computer e documentazione giuridica,47.4,25,1
102,4428,9780132280167,"Mastering Tools, Taming Daemons",49.38,30,1
202,4428,9780132280167,"Mastering Tools, Taming Daemons",53.33,40,0
103,4429,9781849517300,Hadoop Beginner's Guide,51.35,35,1
201,4430,9780470010501,Information integration with ontologies,43.45,40,1
202,4431,9783642108440,Communication and Networking,45.43,45,1
203,4432,9780124058910,Data Warehousing In The Age Of Big Data,47.4,10,1
206,4432,9780124058910,Data Warehousing In The Age Of Big Data,51.19,20,0
204,4433,9783540573425,Object technologies for advanced software,49.38,15,1
205,4434,9780716754756,Data analysis for research designs,51.35,20,1
206,4435,9780792374565,Data management and Internet computing for image/pattern analysis,43.45,25,1
207,4436,9781493900718,Advanced Web Services,45.43,30,1
210,4436,9781493900718,Advanced Web Services,49.06,40,0
208,4437,9781306813044,Monitoring With Ganglia,47.4,35,1
209,4438,9780764547706,Novell's CNE Study Guide for NetWare 5.1 (with CD-ROM),49.38,40,1
210,4439,9780735685406,Exam Ref 70-413,51.35,45,1
1,4440,9783642412813,Approaches in Integrative Bioinformatics,43.45,10,1
102,4440,9783642412813,Approaches in Integrative Bioinformatics,46.93,20,0
2,4441,9780838908723,Library Web sites,45.43,15,1
101,4442,9780585331744,Materialized views,47.4,20,1
102,4443,9780131197749,Computer-aided legal research (CALR) on the Internet,49.38,25,1
103,4444,9781555583217,"Oracle 10g RAC Grid, Services & Clustering",51.35,30,1
203,4444,9781555583217,"Oracle 10g RAC Grid, Services & Clustering",55.46,40,0
201,4445,9789401596657,State-of-the-Art in Content-Based Image and Video Retrieval,43.45,35,1
202,4446,9783540451945,Intelligent search on XML data,45.43,40,1
203,4447,9783540383291,The Semantic Web-- ASWC 2006,47.4,45,1
204,4448,9783319253596,Cyber Security and Privacy,49.38,10,1
207,4448,9783319253596,Cyber Security and Privacy,53.33,20,0
205,4449,9781444356861,Searching Skills Toolkit,51.35,15,1
206,4450,9781562763787,PCWEEK guide to Lotus Notes release 4,43.45,20,1
207,4451,9781565925984,"Oracle8i internal services for waits, latches, locks and memory",45.43,25,1
208,4452,9780557466689,Aʻmāl al-Nadwah al-Dawlīyah li-ʻUlūm wa-Handasat al-Ḥāsūb,47.4,30,1
1,4452,9780557466689,Aʻmāl al-Nadwah al-Dawlīyah li-ʻUlūm wa-Handasat al-Ḥāsūb,51.19,40,0
209,4453,9780471934363,Chemical searching on an array processor,49.38,35,1
210,4454,9783642128424,"Artificial Intelligence: Theories, Models and Applications",51.35,40,1
1,4455,9783642148873,New frontiers in artificial intelligence,43.45,45,1
2,4456,9783642158490,Digital Libraries,45.43,10,1
103,4456,9783642158490,Digital Libraries,49.06,20,0
101,4457,9783642152450,PRICAI 2010,47.4,15,1
102,4458,9781423917175,Student Manual : Lotus Notes 7,49.38,20,1
103,4459,9780128006658,Entity Information Life Cycle for Big Data,51.35,25,1
201,4460,9783540314264,Journal on Data Semantics V,43.45,30,1
204,4460,9783540314264,Journal on Data Semantics V,46.93,40,0
202,4461,9780769506975,Workshop on Content-Based Access of Image and Video Libraries (Cbaivl 2000) Proceedings,45.43,35,1
203,4462,9780072257687,Oracle HTML DB handbook,47.4,40,1
204,4463,9781555580735,Rdb/VMS,49.38,45,1
205,4464,9780938734840,"15th National Online Meeting proceedings, 1994, New York, May 10-12, 1994",51.35,10,1
208,4464,9780938734840,"15th National Online Meeting proceedings, 1994, New York, May 10-12, 1994",55.46,20,0
206,4465,9783540393924,"Multimedia content representation, classification and security",43.45,15,1
207,4466,9780789712806,Special Edition Using Oracle Applications (Using,45.43,20,1
208,4467,9783540245223,Data mining with computational intelligence,47.4,25,1
209,4468,9781522547532,Techniques for Coding Imagery and Multimedia,49.38,30,1
2,4468,9781522547532,Techniques for Coding Imagery and Multimedia,53.33,40,0
210,4469,9781849686013,Oracle Business Intelligence 11g R1 Cookbook,51.35,35,1
1,4470,9781441903310,Foundations for Efficient Web Service Selection,43.45,40,1
2,4471,9780782113532,Mastering Oracle7 & client/server computing,45.43,45,1
101,4472,9783319112688,Science Gateways for Distributed Computing Infrastructures,47.4,10,1
201,4472,9783319112688,Science Gateways for Distributed Computing Infrastructures,51.19,20,0
102,4473,9783540003939,Mobile data management,49.38,15,1
103,4474,9780442246556,IMS programming techniques,51.35,20,1
201,4475,9783540756675,Mobile Response,43.45,25,1
202,4476,9780136060864,Objects first with Java,45.43,30,1
205,4476,9780136060864,Objects first with Java,49.06,40,0
203,4477,9781000796346,Human Factors in Intelligent Vehicles,47.4,35,1
204,4478,9781856048910,Managing research data,49.38,40,1
205,4479,9781590590294,UNIX storage management,51.35,45,1
206,4480,9783642043468,Research and Advanced Technology for Digital Libraries,43.45,10,1
209,4480,9783642043468,Research and Advanced Technology for Digital Libraries,46.93,20,0
207,4481,9783211897522,Recht online gratis. RIS/EUR-Lex,45.43,15,1
208,4482,9783642403200,Trends and Applications in Knowledge Discovery and Data Mining : PAKDD 2013 Workshops,47.4,20,1
209,4483,9783319131863,Trends and Applications in Knowledge Discovery and Data Mining : PAKDD 2014 International Workshops,49.38,25,1
210,4484,9783540232025,Web services,51.35,30,1
101,4484,9783540232025,Web services,55.46,40,0
1,4485,9780321927750,Virtualizing SQL Server with VMware,43.45,35,1
2,4486,9781849514378,Alfresco 3 records management,45.43,40,1
101,4487,9783642149597,Temporal information processing technology and its applications,47.4,45,1
102,4488,9781565920101,DNS and BIND in a nutshell,49.38,10,1
202,4488,9781565920101,DNS and BIND in a nutshell,53.33,20,0
103,4489,9781555581862,Rdb,51.35,15,1
201,4490,9783319480503,Information Retrieval Technology,43.45,20,1
202,4491,9783642382888,The Semantic Web: Semantics and Big Data,45.43,25,1
203,4492,9781439801567,Applied semantic web technologies,47.4,30,1
206,4492,9781439801567,Applied semantic web technologies,51.19,40,0
204,4493,9780691164540,Genetics in the madhouse,49.38,35,1
205,4494,9781565926745,Oracle PL/SQL developer's workbook,51.35,40,1
206,4495,9781280363269,High-Performance Oracle,43.45,45,1
207,4496,9783319117164,Knowledge Engineering and the Semantic Web,45.43,10,1
210,4496,9783319117164,Knowledge Engineering and the Semantic Web,49.06,20,0
208,4497,9780028971414,Business information desk reference,47.4,15,1
209,4498,9780585360034,Writing stored procedures with Microsoft SQL server,49.38,20,1
210,4499,9783319226590,Web Programming with PHP and MySQL,51.35,25,1
1,4500,9783540926733,Handbook on ontologies,43.45,30,1
102,4500,9783540926733,Handbook on ontologies,46.93,40,0
2,4501,9781447125655,Fundamentals of predictive text mining,45.43,35,1
101,4502,9783540336402,Long-term preservation of digital documents,47.4,40,1
102,4503,9781933097107,Windows Admin Scripting Little Black Book (Little Black Books (Paraglyph Press)),49.38,45,1
103,4504,9783540213826,Advances in information retrieval,51.35,10,1
203,4504,9783540213826,Advances in information retrieval,55.46,20,0
201,4505,9780818675607,Fourth International Conference on Image Management and Communication (IMAC 95),43.45,15,1
202,4506,9783642346798,Data and Knowledge Engineering,45.43,20,1
203,4507,9780750646246,PC interfacing and data acquisition,47.4,25,1
204,4508,9780672321580,Oracle DBA on Unix and Linux,49.38,30,1
207,4508,9780672321580,Oracle DBA on Unix and Linux,53.33,40,0
205,4509,9781880124697,Holdings statements for bibliographic items,51.35,35,1
206,4510,9783540441731,Cooperative information agents VI,43.45,40,1
207,4511,9783540202936,Discovery science,45.43,45,1
208,4512,9780124114616,Business Intelligence Guidebook,47.4,10,1
1,4512,9780124114616,Business Intelligence Guidebook,51.19,20,0
209,4513,9780070460270,The Direct marketing handbook,49.38,15,1
210,4514,9783540797210,Rough sets and knowledge technology,51.35,20,1
1,4515,9780596005276,Optimizing Oracle performance,43.45,25,1
2,4516,9780718704353,LUCIS guide to computer-based information services,45.43,30,1
103,4516,9780718704353,LUCIS guide to computer-based information services,49.06,40,0
101,4517,9780672321443,WMI Essentials for Automating Windows Management,47.4,35,1
102,4518,9784771901346,Bunken kensaku to seiri: Toshokan CD-ROM kara no kensaku to pasokon ni yoru seiriho,49.38,40,1
103,4519,9781555583231,Oracle SQL jumpstart with examples,51.35,45,1
201,4520,9780738496184,IBM DB2 Document Manager With IBM Records Manager Solution Guide,43.45,10,1
204,4520,9780738496184,IBM DB2 Document Manager With IBM Records Manager Solution Guide,46.93,20,0
202,4521,9780738430003,Ims in the Parallel Sysplex,45.43,15,1
203,4522,9780738453453,Ims in the Parallel Sysplex Imsplex Implementation and Operations,47.4,20,1
204,4523,9780897917926,Sigir 96: Proceedings of the 19th Annual International Acm Sigir Conference on Research and Development in Information Retrieval,49.38,25,1
205,4524,9781118789506,Exam 70-414 Implementing an Advanced Server Infrastructure,51.35,30,1
208,4524,9781118789506,Exam 70-414 Implementing an Advanced Server Infrastructure,55.46,40,0
206,4525,9780078811869,Oracle workgroup server handbook,43.45,35,1
207,4526,9782551149230,Droit d'auteur et banques d'information dans l'administration,45.43,40,1
208,4527,9780672308864,Oracle performance tuning and optimization,47.4,45,1
209,4528,9780596001155,Oracle Backup and Recovery Using RMAN,49.38,10,1
2,4528,9780596001155,Oracle Backup and Recovery Using RMAN,53.33,20,0
210,4529,9789811529894,Society 5.0,51.35,15,1
1,4530,9780897914482,SIGIR '91,43.45,20,1
2,4531,9781898150008,Emerging information technologies,45.43,25,1
101,4532,9781847199553,Pentaho 3.2 data integration,47.4,30,1
201,4532,9781847199553,Pentaho 3.2 data integration,51.19,40,0
102,4533,9780712308069,How to find information,49.38,35,1
103,4534,9780738435053,IBM Scale Out Network Attached Storage,51.35,40,1
201,4535,9781466639003,Information retrieval methods for multidisciplinary applications,43.45,45,1
202,4536,9780672227943,Oracle 7.3 developer's guide,45.43,10,1
205,4536,9780672227943,Oracle 7.3 developer's guide,49.06,20,0
203,4537,9780897913225,Proceedings of the conference,47.4,15,1
204,4538,9780321464187,Information visualization,49.38,20,1
205,4539,9780596002107,Perl for Oracle DBAs,51.35,25,1
206,4540,9781590597125,SMS 2003 Recipes,43.45,30,1
209,4540,9781590597125,SMS 2003 Recipes,46.93,40,0
207,4541,9780895885036,Understanding R:BASE,45.43,35,1
208,4542,9781612096896,Data collection and storage,47.4,40,1
209,4543,9781555583316,Oracle 10g Developing Media Rich Applications,49.38,45,1
210,4544,9781847196866,Oracle Essbase 9 Implementation Guide Develop Highperformance Multidimensional Analytic Olap Solutions With Oracle Essbase,51.35,10,1
101,4544,9781847196866,Oracle Essbase 9 Implementation Guide Develop Highperformance Multidimensional Analytic Olap Solutions With Oracle Essbase,55.46,20,0
1,4545,9780897912303,ACM Sigart International Conference on Artificial Intelligence and Law,43.45,15,1
2,4546,9788478982431,Panorama actual de la filología hispánica y clásica en la red,45.43,20,1
101,4547,9781199013231,Humanities data dictionary of the Canadian Heritage Information Network,47.4,25,1
102,4548,9780538693097,Data Entry Activities for Windows,49.38,30,1
202,4548,9780538693097,Data Entry Activities for Windows,53.33,40,0
103,4549,9780787609801,E-Mail White Pages,51.35,35,1
201,4550,9780868041766,Information online 87,43.45,40,1
202,4551,9780662172055,Linking artists and audiences,45.43,45,1
203,4552,9783540205890,Progress in artificial intelligence,47.4,10,1
206,4552,9783540205890,Progress in artificial intelligence,51.19,20,0
204,4553,9780596000660,Unix for Oracle DBAs,49.38,15,1
205,4554,9780080921211,Master Data Management,51.35,20,1
206,4555,9780863801457,Three-dimensional chemical similarity searching,43.45,25,1
207,4556,9783662119570,Handbook on Ontologies,45.43,30,1
210,4556,9783662119570,Handbook on Ontologies,49.06,40,0
208,4557,9780387887548,Access To Mobile Services,47.4,35,1
209,4558,9783642132070,Artificial Intelligence And Soft Computing 10th International Conference Icaisc 2010 Zakopane Poland June 1317 2010,49.38,40,1
210,4559,9783642158773,Future Internet - FIS 2010,51.35,45,1
1,4560,9780660157573,Natural sciences data dictionary of the Canadian Heritage Information Network,43.45,10,1
102,4560,9780660157573,Natural sciences data dictionary of the Canadian Heritage Information Network,46.93,20,0
2,4561,9780760053935,e-Course Microsoft Access 7,45.43,15,1
101,4562,9783540542681,An approach to knowledge base management,47.4,20,1
102,4563,9783642351440,User Centric Media,49.38,25,1
103,4564,9780818681189,"Proceedings, the Sixth IEEE International Symposium on High Performance Distributed Computing, Portland State University, Portland, Oregon, August 5-8, 1997",51.35,30,1
203,4564,9780818681189,"Proceedings, the Sixth IEEE International Symposium on High Performance Distributed Computing, Portland State University, Portland, Oregon, August 5-8, 1997",55.46,40,0
201,4565,9783642367274,Selected Topics in Performance Evaluation and Benchmarking,43.45,35,1
202,4566,9783642152993,Geographic information science,45.43,40,1
203,4567,9783540425373,Research and advanced technology for digital libraries,47.4,45,1
204,4568,9783642245732,Advances In Conceptual Modeling Recent Developments And New Directions Er 2011 Workshops Fpuml Morebi Ontocom Secogis Variabilityer Wism Brussels Belgium October 31 November 3 2011 Proceedings,49.38,10,1
207,4568,9783642245732,Advances In Conceptual Modeling Recent Developments And New Directions Er 2011 Workshops Fpuml Morebi Ontocom Secogis Variabilityer Wism Brussels Belgium October 31 November 3 2011 Proceedings,53.33,20,0
205,4569,9781441984654,Service Composition for the Semantic Web,51.35,15,1
206,4570,9781489999917,Change management for semantic web services,43.45,20,1
207,4571,9781565926424,Unix Backup & Recovery,45.43,25,1
208,4572,9780198242512,Research in humanities computing 1,47.4,30,1
1,4572,9780198242512,Research in humanities computing 1,51.19,40,0
209,4573,9780718704346,Searching ERIC on-line using Dialog,49.38,35,1
210,4574,9780198028963,Precious heritage,51.35,40,1
1,4575,9780738435169,"IBM Optim Performance Manager for DB2 for Linux, Unix, and Windows",43.45,45,1
2,4576,9783631544471,Die Stecknadel Im Heuhaufen,45.43,10,1
103,4576,9783631544471,Die Stecknadel Im Heuhaufen,49.06,20,0
101,4577,9780585369051,Data modeling with ERwin,47.4,15,1
102,4578,9780596150518,Oracle design,49.38,20,1
103,4579,9781482234077,Oracle Business Intelligence and Essbase Solutions Guide,51.35,25,1
201,4580,9783540573401,Advances in Cryptology,43.45,30,1
204,4580,9783540573401,Advances in Cryptology,46.93,40,0
202,4581,9783540770169,Emerging Technologies in Knowledge Discovery and Data Mining,45.43,35,1
203,4582,9780596520373,Oracle SQL*Loader,47.4,40,1
204,4583,9780782143690,OCP,49.38,45,1
205,4584,9780072262711,OCA Oracle Application Server 10g Administrator Exam Guide,51.35,10,1
208,4584,9780072262711,OCA Oracle Application Server 10g Administrator Exam Guide,55.46,20,0
206,4585,9780071629324,Oracle WebCenter 11g handbook,43.45,15,1
207,4586,9780078823237,Oracle backup & recovery handbook,45.43,20,1
208,4587,9783540219378,Methods and applications of artificial intelligence,47.4,25,1
209,4588,9781591585473,The Portable MLIS,49.38,30,1
2,4588,9781591585473,The Portable MLIS,53.33,40,0
210,4589,9780387306322,Ontology Learning and Population from Text,51.35,35,1
1,4590,9783319062440,Big Data,43.45,40,1
2,4591,9781563081576,Online retrieval,45.43,45,1
101,4592,9780071779722,Oracle Ebusiness Suite Financials Handbook,47.4,10,1
201,4592,9780071779722,Oracle Ebusiness Suite Financials Handbook,51.19,20,0
102,4593,9781138190726,Visual Analytics for Management,49.38,15,1
103,4594,9783642344473,Contemporary Research on E-business Technology and Strategy,51.35,20,1
201,4595,9781491947937,"Field Guide to Hadoop: An Introduction to Hadoop, Its Ecosystem, and Aligned Technologies",43.45,25,1
202,4596,9781449319335,Programming Hive,45.43,30,1
205,4596,9781449319335,Programming Hive,49.06,40,0
203,4597,9780133498585,Modern Analytics Methodologies,47.4,35,1
204,4598,9781591400684,Integrative document & content management,49.38,40,1
205,4599,9783642273926,Resource Discovery,51.35,45,1
206,4600,9783642406515,Service-Oriented and Cloud Computing,43.45,10,1
209,4600,9783642406515,Service-Oriented and Cloud Computing,46.93,20,0
207,4601,9783642135774,Advances in computer science and information technology,45.43,15,1
208,4602,9781599047799,User centered design for medical visualization,47.4,20,1
209,4603,9781461460671,Business Process Reengineering,49.38,25,1
210,4604,9780521268653,Research and development in information retrieval,51.35,30,1
101,4604,9780521268653,Research and development in information retrieval,55.46,40,0
1,4605,9783642154638,Research and Advanced Technology for Digital Libraries,43.45,35,1
2,4606,9783642155727,Empirical Methods In Natural Language Generation Dataoriented Methods And Empirical Evaluation,45.43,40,1
101,4607,9783540664901,Principles of data mining and knowledge discovery,47.4,45,1
102,4608,9783319034362,Metadata and Semantics Research,49.38,10,1
202,4608,9783319034362,Metadata and Semantics Research,53.33,20,0
103,4609,9780974358420,Web Analytics Demystified,51.35,15,1
201,4610,9780201741476,Microsoft Office XP for Windows,43.45,20,1
202,4611,9781789809411,Geospatial Data Science Quick Start Guide,45.43,25,1
203,4612,9780897745932,Using science and technology information sources,47.4,30,1
206,4612,9780897745932,Using science and technology information sources,51.19,40,0
204,4613,9783642037290,Data warehousing and knowledge discovery,49.38,35,1
205,4614,9780133038460,Db2 Sql Tuning Tips For Zos Developers,51.35,40,1
206,4615,9780782110173,Mastering Paradox 4 for DOS,43.45,45,1
207,4616,9783642132322,Artifical Intelligence and Soft Computing,45.43,10,1
210,4616,9783642132322,Artifical Intelligence and Soft Computing,49.06,20,0
208,4617,9783642039638,E-Commerce and Web Technologies,47.4,15,1
209,4618,9783540287988,Secure Data Management (vol. # 3674),49.38,20,1
210,4619,9783642152856,Artificial intelligence in theory and practice III,51.35,25,1
1,4620,9783540458913,Autonomic networking,43.45,30,1
102,4620,9783540458913,Autonomic networking,46.93,40,0
2,4621,9783540786450,Advances in information retrieval,45.43,35,1
101,4622,9780471608387,Business online,47.4,40,1
102,4623,9780071833127,Running Applications on Oracle Exadata: Tuning Tips & Techniques,49.38,45,1
103,4624,9781598297416,Data Integration - The Relational Logic Approach,51.35,10,1
203,4624,9781598297416,Data Integration - The Relational Logic Approach,55.46,20,0
201,4625,9781893347021,Wrestling Legacy Data to the Web & Beyond,43.45,15,1
202,4626,9780763741372,Building an intelligent Web,45.43,20,1
203,4627,9783540895329,Digital libraries,47.4,25,1
204,4628,9781489984579,Trust Management for Service-Oriented Environments,49.38,30,1
207,4628,9781489984579,Trust Management for Service-Oriented Environments,53.33,40,0
205,4629,9781447174929,Principles of Data Mining,51.35,35,1
206,4630,9780199658558,Building Bioinformatics Solutions,43.45,40,1
207,4631,9781565926912,Building Oracle XML applications,45.43,45,1
208,4632,9780470127186,Oracle Data Warehousing and Business Intelligence Solutions,47.4,10,1
1,4632,9780470127186,Oracle Data Warehousing and Business Intelligence Solutions,51.19,20,0
209,4633,9781557980557,Search PsycINFO,49.38,15,1
210,4634,9781405179751,Principles of gene manipulation and genomics,51.35,20,1
1,4635,9782130493570,Le droit à l'épreuve du numérique,43.45,25,1
2,4636,9781590472163,SAS/ACCESS 9.1 Interface To CA-Datacom/DB,45.43,30,1
103,4636,9781590472163,SAS/ACCESS 9.1 Interface To CA-Datacom/DB,49.06,40,0
101,4637,9780471588108,Embedded SQL for DB2,47.4,35,1
102,4638,9781856046039,Business Information Sources,49.38,40,1
103,4639,9781581134445,Proceedings of the Third International Workshop on Web Information and Data Management (WIDM),51.35,45,1
201,4640,9781550930238,The Lawyer's guide to the online galaxy,43.45,10,1
204,4640,9781550930238,The Lawyer's guide to the online galaxy,46.93,20,0
202,4641,9789280716368,Spatial data sets for environmental assessment,45.43,15,1
203,4642,9781424406821,2006 1st International Conference on Digital Information Management,47.4,20,1
204,4643,9788272182488,Norsk forskning på den internajonale arena,49.38,25,1
205,4644,9780738436340,Set up security and integration with the DataPower XI50z for zEnterprise,51.35,30,1
208,4644,9780738436340,Set up security and integration with the DataPower XI50z for zEnterprise,55.46,40,0
206,4645,9788971055250,Tijit'ŏl sidae ŭi minjok munhwa yusan kwa minjok t'onghap,43.45,35,1
207,4646,9780782117653,Microsoft Access 95 developer's handbook,45.43,40,1
208,4647,9780672310805,Teach yourself Lotus Notes 4.5 in 14 days,47.4,45,1
209,4648,9781782165040,"Pentaho Data Integration Beginner's Guide, Second Edition",49.38,10,1
2,4648,9781782165040,"Pentaho Data Integration Beginner's Guide, Second Edition",53.33,20,0
210,4649,9780078822056,Lotus Notes,51.35,15,1
1,4650,9789213213872,Clasificaciones estadísticas internacionales incorporadas en el Banco de Datos del Comercio Exterior de América Latina y el Caribe de la CEPAL,43.45,20,1
2,4651,9783540445555,Object-Oriented Technology,45.43,25,1
101,4652,9781562433512,Lotus Notes 4.5,47.4,30,1
201,4652,9781562433512,Lotus Notes 4.5,51.19,40,0
102,4653,9783642633836,The SGML Implementation Guide,49.38,35,1
103,4654,9789213214725,Clasificaciones estadísticas internacionales incorporadas en el Banco de Datos del Comercio Exterior de América Latina y el Caribe de la CEPAL,51.35,40,1
201,4655,9780789715364,10 minute guide to Lotus Notes 4.6,43.45,45,1
202,4656,9780871960634,Sourcebook of global statistics,45.43,10,1
205,4656,9780871960634,Sourcebook of global statistics,49.06,20,0
203,4657,9780782123425,Mastering Lotus Notes 4.6,47.4,15,1
204,4658,9781567615821,10 minute guide to Lotus Notes 4,49.38,20,1
205,4659,9780789709455,10 minute guide to Lotus Notes 4.5,51.35,25,1
206,4660,9780789709462,Easy Lotus Notes 4.5,43.45,30,1
209,4660,9780789709462,Easy Lotus Notes 4.5,46.93,40,0
207,4661,9781683922179,Data Cleaning,45.43,35,1
208,4662,9780789721068,Easy Lotus Notes R5,47.4,40,1
209,4663,9780782121858,Mastering Lotus Notes R5,49.38,45,1
210,4664,9780071602365,Transforming infoglut!,51.35,10,1
101,4664,9780071602365,Transforming infoglut!,55.46,20,0
1,4665,9780769531519,"International Symposium on Information Processing, ISIP 2008",43.45,15,1
2,4666,9780470484302,Professional Oracle Weblogic Server,45.43,20,1
101,4667,9781590479339,SAS/ACCESS 9.2 interface to CA-DATACOM/DB,47.4,25,1
102,4668,9783540438991,Image and video retrieval,49.38,30,1
202,4668,9783540438991,Image and video retrieval,53.33,40,0
103,4669,9781430235125,Expert Oracle application express,51.35,35,1
201,4670,9784906671748,Kinmirai no hō moderu to hōjōhō,43.45,40,1
202,4671,9783540311980,SOFSEM 2006: Theory and Practice of Computer Science,45.43,45,1
203,4672,9780071745383,Oracle Crm On Demand Combined Analyses,47.4,10,1
206,4672,9780071745383,Oracle Crm On Demand Combined Analyses,51.19,20,0
204,4673,9780262560979,Advances In Knowledge Discovery And Data Mining,49.38,15,1
205,4674,9781846287657,Principles of Data Mining (Undergraduate Topics in Computer Science),51.35,20,1
206,4675,9781849682169,Oracle Enterprise Manager Grid Control 11g R1,43.45,25,1
207,4676,9780863421662,Directory of digital data sources in the UK,45.43,30,1
210,4676,9780863421662,Directory of digital data sources in the UK,49.06,40,0
208,4677,9780824781651,The Retrieval of information in the humanities and the social sciences,47.4,35,1
209,4678,9780675208444,"Applications Exercises Using Vp-Planner, dBASE Iii-III Plus and Wordstar With Vp Planner, dBASE Iii-III Plus and Wordstar Student Software Disks",49.38,40,1
210,4679,9780877151050,Key papers on the use of computer-based bibliographic services,51.35,45,1
1,4680,9780897914086,"Proceedings of the 13th International Conference on Research and Development in Information Retrieval, Brussels, Belgium, 5-7 September 1990",43.45,10,1
102,4680,9780897914086,"Proceedings of the 13th International Conference on Research and Development in Information Retrieval, Brussels, Belgium, 5-7 September 1990",46.93,20,0
2,4681,9780596005870,Oracle PL/SQL for DBAs,45.43,15,1
101,4682,9781849697316,Instant Edmodo How-To,47.4,20,1
102,4683,9781782170457,Citrix XenApp Performance Essentials,49.38,25,1
103,4684,9789799398079,"Information integration and web-based applications & services, 2000",51.35,30,1
203,4684,9789799398079,"Information integration and web-based applications & services, 2000",55.46,40,0
201,4685,9780130157430,Oracle PL/SQL interactive workbook,43.45,35,1
202,4686,9781558280991,"The power of-- R,Base",45.43,40,1
203,4687,9781590599174,Troubleshooting Oracle Performance,47.4,45,1
204,4688,9780071741378,Designing an IAM framework with Oracle Identity and access management suite,49.38,10,1
207,4688,9780071741378,Designing an IAM framework with Oracle Identity and access management suite,53.33,20,0
205,4689,9780262720144,Handbook of Theoretical Computer Science,51.35,15,1
206,4690,9780130621542,JumpStart Technology,43.45,20,1
207,4691,9780877151029,Survey of commercially available computerreadable bibliographic data bases,45.43,25,1
208,4692,9783319129792,Multidisciplinary Information Retrieval,47.4,30,1
1,4692,9783319129792,Multidisciplinary Information Retrieval,51.19,40,0
209,4693,9783319128436,Information Retrieval Technology,49.38,35,1
210,4694,9783642399312,New Frontiers In Artificial Intelligence,51.35,40,1
1,4695,9783642322808,Webage Information Management 13th International Conference Waim 2012 Harbin China August 1820 2012 Proceedings,43.45,45,1
2,4696,9781461468554,Webscale Data Management For The Cloud,45.43,10,1
103,4696,9781461468554,Webscale Data Management For The Cloud,49.06,20,0
101,4697,9783642009570,Advances In Information Retrieval 31th Ie 31st European Conference On Ir Research Ecir 2009 Toulouse France April 69 2009 Proceedings,47.4,15,1
102,4698,9783642342226,Provenance and Annotation of Data and Processes,49.38,20,1
103,4699,9781489985231,Handbook of Multimedia for Digital Entertainment and Arts [e-book],51.35,25,1
201,4700,9783319111674,Internet of Vehicles -- Technologies and Services,43.45,30,1
204,4700,9783319111674,Internet of Vehicles -- Technologies and Services,46.93,40,0
202,4701,9783540458166,Conceptual Modeling ER 2002 00,45.43,35,1
203,4702,9783540007364,Efficiency and effectiveness of XML tools and techniques and data integration over the Web,47.4,40,1
204,4703,9781555701864,Teaching electronic information literacy,49.38,45,1
205,4704,9780201433159,Managing knowledge,51.35,10,1
208,4704,9780201433159,Managing knowledge,55.46,20,0
206,4705,9780387249919,EndNote 1 - 2 - 3 Easy!,43.45,15,1
207,4706,9780596006211,Oracle application server 10g essentials,45.43,20,1
208,4707,9780738497372,A deep blue view of DB2 performance,47.4,25,1
209,4708,9780130830333,Information modeling,49.38,30,1
2,4708,9780130830333,Information modeling,53.33,40,0
210,4709,9781441941732,Data mining and knowledge discovery approaches based on rule induction techniques,51.35,35,1
1,4710,9780134964157,X/Open CAE specification,43.45,40,1
2,4711,9781774634844,Big Data with Hadoop Mapreduce,45.43,45,1
101,4712,9783540333623,Intelligence and Security Informatics,47.4,10,1
201,4712,9783540333623,Intelligence and Security Informatics,51.19,20,0
102,4713,9780071634229,Oracle Enterprise manager 10g grid control handbook,49.38,15,1
103,4714,9780071833189,Master Competitive Analytics with Oracle Endeca Information Discovery,51.35,20,1
201,4715,9783642043284,Semantic Web Information Management,43.45,25,1
202,4716,9783540859017,Focused Access to XML Documents,45.43,30,1
205,4716,9783540859017,Focused Access to XML Documents,49.06,40,0
203,4717,9783642180088,Algorithms And Models For The Web Graph 7th International Workshop Waw 2010 Stanford Ca Usa December 16 2010 Proceedings,47.4,35,1
204,4718,9780160604928,Public access to the National Practitioner Data Bank,49.38,40,1
205,4719,9781461463108,Managing and Mining Sensor Data,51.35,45,1
206,4720,9783642180491,Knowledge Representation for Health-Care,43.45,10,1
209,4720,9783642180491,Knowledge Representation for Health-Care,46.93,20,0
207,4721,9780911625646,DB2 for the COBOL programmer,45.43,15,1
208,4722,9780195118315,Handbook of data mining and knowledge discovery,47.4,20,1
209,4723,9781568847030,Foundations of World Wide Web programming with HTML & CGI,49.38,25,1
210,4724,9783319108933,eScience on Distributed Computing Infrastructure,51.35,30,1
101,4724,9783319108933,eScience on Distributed Computing Infrastructure,55.46,40,0
1,4725,9783319098722,Euro-Par 2014 : Parallel Processing,43.45,35,1
2,4726,9783642178290,Advances in Multimedia Modeling,45.43,40,1
101,4727,9781590594902,Beginning MapServer,47.4,45,1
102,4728,9781846282935,R-trees,49.38,10,1
202,4728,9781846282935,R-trees,53.33,20,0
103,4729,9783642151040,Data warehousing and knowledge discovery,51.35,15,1
201,4730,9783540229834,Secure data management,43.45,20,1
202,4731,9781597493055,Virtualization for security,45.43,25,1
203,4732,9783319416038,Linked Open Data -- Creating Knowledge Out of Interlinked Data,47.4,30,1
206,4732,9783319416038,Linked Open Data -- Creating Knowledge Out of Interlinked Data,51.19,40,0
204,4733,9783642155154,E-Health,49.38,35,1
205,4734,9780387498638,Digital enterprise technology,51.35,40,1
206,4735,9783540625919,Cooperative information agents,43.45,45,1
207,4736,9780511836503,Data refinement,45.43,10,1
210,4736,9780511836503,Data refinement,49.06,20,0
208,4737,9781420018837,Document and image compression,47.4,15,1
209,4738,9783642155093,"Enterprise Architecture, Integration and Interoperability",49.38,20,1
210,4739,9783642130618,Advances in intelligent data analysis IX,51.35,25,1
1,4740,9783319085906,Data Integration in the Life Sciences,43.45,30,1
102,4740,9783319085906,Data Integration in the Life Sciences,46.93,40,0
2,4741,9781441942524,Knowledge and data management in GRIDs,45.43,35,1
101,4742,9780130258557,Resource Management (Sun Bluprints),47.4,40,1
102,4743,9780072119756,Oracle Certified Professional Application Developer Exam Guide (Oracle Press),49.38,45,1
103,4744,9783642326868,"Internet of Things, Smart Spaces, and Next Generation Networking",51.35,10,1
203,4744,9783642326868,"Internet of Things, Smart Spaces, and Next Generation Networking",55.46,20,0
201,4745,9780135130414,Go! with,43.45,15,1
202,4746,9783642369728,Advances in Information Retrieval,45.43,20,1
203,4747,9781430220862,Pro .NET Oracle Programming,47.4,25,1
204,4748,9780672321108,Programming with Oracle Developer,49.38,30,1
207,4748,9780672321108,Programming with Oracle Developer,53.33,40,0
205,4749,9780816119066,Teaching technologies in libraries,51.35,35,1
206,4750,9780672311420,Lotus Notes and Domino Server 4.6 Unleashed,43.45,40,1
207,4751,9780972751308,Oracle9i RAC,45.43,45,1
208,4752,9780838908426,MARC21 for everyone,47.4,10,1
1,4752,9780838908426,MARC21 for everyone,51.19,20,0
209,4753,9781461416135,Service Level Agreements for Cloud Computing,49.38,15,1
210,4754,9780080492049,Oracle Real Application Clusters,51.35,20,1
1,4755,9781461465973,Finding Source Code on the Web for Remix and Reuse,43.45,25,1
2,4756,9781489987211,Energy Efficient Thermal Management of Data Centers,45.43,30,1
103,4756,9781489987211,Energy Efficient Thermal Management of Data Centers,49.06,40,0
101,4757,9783642030994,Journal On Data Semantics Xiii,47.4,35,1
102,4758,9783642184505,Adaptive Multimedia Retrieval. Understanding Media and Adapting to the User,49.38,40,1
103,4759,9783319138190,Big Data Analytics,51.35,45,1
201,4760,9783642407246,Computer Performance Engineering,43.45,10,1
204,4760,9783642407246,Computer Performance Engineering,46.93,20,0
202,4761,9783540140405,"Rough sets, fuzzy sets, data mining, and granular computing",45.43,15,1
203,4762,9783642419232,Conceptual Modeling 32nd International Conference,47.4,20,1
204,4763,9780471246381,Web developer.com guide to search engines,49.38,25,1
205,4764,9781581138818,SIGIR 2004,51.35,30,1
208,4764,9781581138818,SIGIR 2004,55.46,40,0
206,4765,9783540328094,Knowledge discovery in life science literature,43.45,35,1
207,4766,9783540312123,Data management in grids,45.43,40,1
208,4767,9780442009083,dBASE IV for VMS and UNIX,47.4,45,1
209,4768,9781461417675,Linking Government Data,49.38,10,1
2,4768,9781461417675,Linking Government Data,53.33,20,0
210,4769,9780471125709,"How to plan, develop, and implement Lotus Notes in your organization",51.35,15,1
1,4770,9780761513933,Lotus Notes R5,43.45,20,1
2,4771,9781565291829,Que's guide to Lotus notes,45.43,25,1
101,4772,9788323007067,Systemy online w bibliotekach,47.4,30,1
201,4772,9788323007067,Systemy online w bibliotekach,51.19,40,0
102,4773,9781565297692,Easy Lotus Notes for Windows,49.38,35,1
103,4774,9781849688307,Oracle Solaris 11: First Look,51.35,40,1
201,4775,9781430260103,Oracle Exadata Survival Guide (Expert's Voice in Oracle),43.45,45,1
202,4776,9783662108741,Web Dynamics,45.43,10,1
205,4776,9783662108741,Web Dynamics,49.06,20,0
203,4777,9783662097441,Relationale Datenbanksysteme,47.4,15,1
204,4778,9783322938718,Relationales und objektrelationales SQL,49.38,20,1
205,4779,9781489993502,Linking Government Data,51.35,25,1
206,4780,9780071813020,Oracle Exalytics Revealed,43.45,30,1
209,4780,9780071813020,Oracle Exalytics Revealed,46.93,40,0
207,4781,9783540475552,Advances in Cryptology -- EUROCRYPT' 92,45.43,35,1
208,4782,9783540482857,Advances in Cryptology -- EUROCRYPT '93,47.4,40,1
209,4783,9780782118957,Lotus Notes 4 plain & simple,49.38,45,1
210,4784,9780782117530,Lotus Notes plain & simple,51.35,10,1
101,4784,9780782117530,Lotus Notes plain & simple,55.46,20,0
1,4785,9780782121841,Lotus Notes R5,43.45,15,1
2,4786,9780816118632,Marketing strategies for the online industry,45.43,20,1
101,4787,9780596000189,Oracle and Open Source,47.4,25,1
102,4788,9781599943138,Sas 9.2 Intelligence Platform,49.38,30,1
202,4788,9781599943138,Sas 9.2 Intelligence Platform,53.33,40,0
103,4789,9780071717632,Oracle CRM on demand deployment guide,51.35,35,1
201,4790,9783540426134,Spatial information theory,43.45,40,1
202,4791,9789282305331,Accessing European Parliament documentation,45.43,45,1
203,4792,9783642280610,Bioinformatics For Personalized Medicine 10th Spanish Symposium Jbi 2010 Torremolinos Spain October 2729 2010 Revised Selected Papers,47.4,10,1
206,4792,9783642280610,Bioinformatics For Personalized Medicine 10th Spanish Symposium Jbi 2010 Torremolinos Spain October 2729 2010 Revised Selected Papers,51.19,20,0
204,4793,9780123744456,Building The Agile Enterprise With Soa Bpm And Mbm,49.38,15,1
205,4794,9783642025556,Human Interface and the Management of Information. Designing Information Environments,51.35,20,1
206,4795,9780071496629,PeopleSoft developer's guide for PeopleTools & PeopleCode,43.45,25,1
207,4796,9780071787925,Peoplesoft Peopletools Data Management And Upgrade Handbook,45.43,30,1
210,4796,9780071787925,Peoplesoft Peopletools Data Management And Upgrade Handbook,49.06,40,0
208,4797,9780849327131,GIS-based studies in the humanities and social sciences,47.4,35,1
209,4798,9781590596449,Oracle Applications DBA Field Guide,49.38,40,1
210,4799,9781430237075,PeopleSoft for the Oracle DBA,51.35,45,1
1,4800,9783540707172,Advances In Data Mining Medical Applications Ecommerce Marketing And Theoretical Aspects 8th Industrial Conference Icdm 2008 Leipzig Germany July 1618 2008 Proceedings,43.45,10,1
102,4800,9783540707172,Advances In Data Mining Medical Applications Ecommerce Marketing And Theoretical Aspects 8th Industrial Conference Icdm 2008 Leipzig Germany July 1618 2008 Proceedings,46.93,20,0
2,4801,9781573871235,National Online 2001,45.43,15,1
101,4802,9783540686330,Information retrieval technology,47.4,20,1
102,4803,9781591406563,Processing and managing complex data for decision support,49.38,25,1
103,4804,9781849682671,Oracle 11g R1/R2 real application clusters essentials,51.35,30,1
203,4804,9781849682671,Oracle 11g R1/R2 real application clusters essentials,55.46,40,0
201,4805,9781430271970,Beginning Oracle SQL,43.45,35,1
202,4806,9788448126834,Oracle 8i Guia De Aprendizaje,45.43,40,1
203,4807,9783540352259,Advances in Web-age information management,47.4,45,1
204,4808,9780849316081,Network design,49.38,10,1
207,4808,9780849316081,Network design,53.33,20,0
205,4809,9780818645440,"Proceedings, ISMII '84",51.35,15,1
206,4810,9783319036885,Big Data Analytics,43.45,20,1
207,4811,9781598292022,Data Management in Mobile Computing (Synthesis Lectures on Mobile and Pervasive Computing),45.43,25,1
208,4812,9780819494481,Medical imaging 2013,47.4,30,1
1,4812,9780819494481,Medical imaging 2013,51.19,40,0
209,4813,9780973066289,Managing content in the cloud,49.38,35,1
210,4814,9783540458531,Computer Security ESORICS 2002 00,51.35,40,1
1,4815,9783701100019,Datennetze für die historischen Wissenschaften?,43.45,45,1
2,4816,9780973066265,ECM solutions,45.43,10,1
103,4816,9780973066265,ECM solutions,49.06,20,0
101,4817,9783642006845,Journal on Data Semantics XII,47.4,15,1
102,4818,9780321444479,Using local copy services,49.38,20,1
103,4819,9783642142451,Webage Information Management 11th International Conference Waim 2010 Jiuzhaigou China Proceedings,51.35,25,1
201,4820,9781461449171,Spatiotemporal Networks Modeling And Algorithms,43.45,30,1
204,4820,9781461449171,Spatiotemporal Networks Modeling And Algorithms,46.93,40,0
202,4821,9783540410232,Research and advanced technology for digital libraries,45.43,35,1
203,4822,9783540663256,"Cooperative information agents III : Third International Workshop, CIA'99, Uppsala, Sweden, July 31-August 2, 1999 : proceedings",47.4,40,1
204,4823,9780748408450,Life and Motion of Socio-Economic Units Vol. 8,49.38,45,1
205,4824,9783642181306,Intelligent Computing and Information Science,51.35,10,1
208,4824,9783642181306,Intelligent Computing and Information Science,55.46,20,0
206,4825,9783642259531,The Semantic Web: ESWC 2011 Workshops,43.45,15,1
207,4826,9780782143676,OCA,45.43,20,1
208,4827,9783540231707,Cooperative information agents VIII,47.4,25,1
209,4828,9783642170799,Artificial intelligence and cognitive science,49.38,30,1
2,4828,9783642170799,Artificial intelligence and cognitive science,53.33,40,0
210,4829,9783319120249,Semantic Web Evaluation Challenge,51.35,35,1
1,4830,9781604422078,The lawyers' guide to Concordance,43.45,40,1
2,4831,9781929629060,Programming workflow applications with Domino,45.43,45,1
101,4832,9783642259760,"Knowledge Science, Engineering and Management",47.4,10,1
201,4832,9783642259760,"Knowledge Science, Engineering and Management",51.19,20,0
102,4833,9780134190488,Project Management Analytics,49.38,15,1
103,4834,9789401037426,Advanced relational programming,51.35,20,1
201,4835,9780792383574,Document computing,43.45,25,1
202,4836,9780133105087,Sams Teach Yourself Core Data For Mac And Ios In 24 Hours,45.43,30,1
205,4836,9780133105087,Sams Teach Yourself Core Data For Mac And Ios In 24 Hours,49.06,40,0
203,4837,9783319624150,Machine Learning and Data Mining in Pattern Recognition,47.4,35,1
204,4838,9783540310181,Federation over the web,49.38,40,1
205,4839,9781482263497,Networking for big data,51.35,45,1
206,4840,9783642328732,Secure Data Management,43.45,10,1
209,4840,9783642328732,Secure Data Management,46.93,20,0
207,4841,9781461426448,Terminological Ontologies,45.43,15,1
208,4842,9783642267178,Schema Matching And Mapping,47.4,20,1
209,4843,9781861008169,ASP.NET website programming,49.38,25,1
210,4844,9780409950083,Health data and information management,51.35,30,1
101,4844,9780409950083,Health data and information management,55.46,40,0
1,4845,9780429277573,Document Processing Using Machine Learning,43.45,35,1
2,4846,9781931777025,Data Warehousing and Web Engineering,45.43,40,1
101,4847,9780070645622,"Lotus Notes and Domino 4.5 architecture, administration, and security",47.4,45,1
102,4848,9783642235375,"Text, Speech and Dialogue",49.38,10,1
202,4848,9783642235375,"Text, Speech and Dialogue",53.33,20,0
103,4849,9783642413353,The Semantic Web - ISWC 2013,51.35,15,1
201,4850,9783319120928,"Adaptive Multimedia Retrieval : Semantics, Context, and Adaptation",43.45,20,1
202,4851,9783642271694,"Adaptive Multimedia Retrieval. Context, Exploration, and Fusion",45.43,25,1
203,4852,9783642209468,Advanced Topics in Information Retrieval,47.4,30,1
206,4852,9783642209468,Advanced Topics in Information Retrieval,51.19,40,0
204,4853,9780973066258,Enterprise content management,49.38,35,1
205,4854,9783642336454,Energy Efficient Data Centers,51.35,40,1
206,4855,9781566043427,The Windows NT Web server book,43.45,45,1
207,4856,9781849686860,Oracle Fusion Applications Administration Essentials,45.43,10,1
210,4856,9781849686860,Oracle Fusion Applications Administration Essentials,49.06,20,0
208,4857,9780782140651,OCP,47.4,15,1
209,4858,9783642410567,Multidisciplinary Information Retrieval,49.38,20,1
210,4859,9781782169512,Puppet 3 Cookbook,51.35,25,1
1,4860,9781430234920,Pro Spatial with SQL Server 2012,43.45,30,1
102,4860,9781430234920,Pro Spatial with SQL Server 2012,46.93,40,0
2,4861,9783540448181,Digital Earth Moving,45.43,35,1
101,4862,9780769503684,COMPSAC '99,47.4,40,1
102,4863,9780911801453,Simulation in emergency management and technology,49.38,45,1
103,4864,9780764548178,Oracle8i DBA,51.35,10,1
203,4864,9780764548178,Oracle8i DBA,55.46,20,0
201,4865,9780789727961,How to use Lotus Notes 6,43.45,15,1
202,4866,9783540330240,Astronomical image and data analysis,45.43,20,1
203,4867,9780471197331,Corporate information factory,47.4,25,1
204,4868,9780471949398,The geography of business information,49.38,30,1
207,4868,9780471949398,The geography of business information,53.33,40,0
205,4869,9780071745345,Oracle CRM on demand dashboards,51.35,35,1
206,4870,9783642157509,Multilingual Information Access Evaluation,43.45,40,1
207,4871,9783642157530,Multilingual Information Access Evaluation,45.43,45,1
208,4872,9783642290862,Information And Business Intelligence International Conference Ibi 2011 Chongqing China December 2325 2011 Proceedings Part 2,47.4,10,1
1,4872,9783642290862,Information And Business Intelligence International Conference Ibi 2011 Chongqing China December 2325 2011 Proceedings Part 2,51.19,20,0
209,4873,9783642290831,Information and Business Intelligence Communications in Computer and Information Science,49.38,15,1
210,4874,9783642173158,Advanced Data Mining And Applications 6th International Conference Adma 2010 Chongqing China November 1921 2010 Proceedings,51.35,20,1
1,4875,9783540897835,Advances In Web Semantics I Ontologies Web Services And Applied Semantic Web,43.45,25,1
2,4876,9783642154706,Active Media Technology,45.43,30,1
103,4876,9783642154706,Active Media Technology,49.06,40,0
101,4877,9783540441489,Pattern detection and discovery,47.4,35,1
102,4878,9783642217944,Human Interface and the Management of Information. Interacting with Information,49.38,40,1
103,4879,9780819475152,Medical imaging 2009,51.35,45,1
201,4880,9783642142734,Case-based reasoning research and development,43.45,10,1
204,4880,9783642142734,Case-based reasoning research and development,46.93,20,0
202,4881,9780309072564,Bioinformatics,45.43,15,1
203,4882,9780072223859,Oracle9i new features,47.4,20,1
204,4883,9780769513553,"Content-Based Access of Image and Video Libraries (Cbaivl 2001), 2001 IEEE Workshop on",49.38,25,1
205,4884,9781931841375,Lotus Notes R6,51.35,30,1
208,4884,9781931841375,Lotus Notes R6,55.46,40,0
206,4885,9784779505850,Dejitaru ākaibu no shintenkai,43.45,35,1
207,4886,9781573870597,"National Online Meeting proceedings, 1998",45.43,40,1
208,4887,9781581132212,WIDM'99,47.4,45,1
209,4888,9783540414544,Mobile data management,49.38,10,1
2,4888,9783540414544,Mobile data management,53.33,20,0
210,4889,9781423917182,Instructor Edition : Lotus Notes 7,51.35,15,1
1,4890,9780738435749,Introduction to IBM real-time compression applicances,43.45,20,1
2,4891,9783540242086,Journal on Data Semantics II,45.43,25,1
101,4892,9780853501350,Inventory of bibliographic data bases produced in the U.K.,47.4,30,1
201,4892,9780853501350,Inventory of bibliographic data bases produced in the U.K.,51.19,40,0
102,4893,9783540706632,Journal on Data Semantics VIII,49.38,35,1
103,4894,9780964259904,Information Access Company online user's manual,51.35,40,1
201,4895,9780139490330,Oracle Developer/2000 Forms,43.45,45,1
202,4896,9781873477656,European company information,45.43,10,1
205,4896,9781873477656,European company information,49.06,20,0
203,4897,9783642576560,Datamining und Computational Finance,47.4,15,1
204,4898,9783662051535,Fundamentals of Data Warehouses,49.38,20,1
205,4899,9780766804852,Directory of Internet sources for health professionals,51.35,25,1
206,4900,9780672327841,ZENworks 7 Linux Management Administrator's Handbook,43.45,30,1
209,4900,9780672327841,ZENworks 7 Linux Management Administrator's Handbook,46.93,40,0
207,4901,9780819454256,Optimizing Scientific Return for Astronomy Through Information Technologies,45.43,35,1
208,4902,9780132531139,Electronic filing using dBase III Plus,47.4,40,1
209,4903,9784062579049,デジタル・アーカイブの最前線,49.38,45,1
210,4904,9781568849294,Access for Windows 95 for dummies,51.35,10,1
101,4904,9781568849294,Access for Windows 95 for dummies,55.46,20,0
1,4905,9781605666884,Computational advancements in end-user technologies,43.45,15,1
2,4906,9783540705666,Data and Applications Security XXII,45.43,20,1
101,4907,9783642310393,Data Integration In The Life Sciences 8th International Conference Dils 2012 College Park Md Usa June 2829 2012 Proceedings,47.4,25,1
102,4908,9783642167720,Proceedings 9th Mexican International Conference On Artificial Intelligence Micai 2010 Pachuca Mexico November 8 13 2010 Grigori Sidorov Ed,49.38,30,1
202,4908,9783642167720,Proceedings 9th Mexican International Conference On Artificial Intelligence Micai 2010 Pachuca Mexico November 8 13 2010 Grigori Sidorov Ed,53.33,40,0
103,4909,9781430233930,Expert Oracle exadata,51.35,35,1
201,4910,9783540289630,Computer Security - ESORICS 2005,43.45,40,1
202,4911,9783540897217,Recent Advances in Reinforcement Learning Lecture Notes in Artificial Intelligence,45.43,45,1
203,4912,9780387789088,The Burrowswheeler Transform Data Compression Suffix Arrays And Pattern Matching,47.4,10,1
206,4912,9780387789088,The Burrowswheeler Transform Data Compression Suffix Arrays And Pattern Matching,51.19,20,0
204,4913,9783540749820,Journal on Data Semantics IX Lecture Notes in Computer Science,49.38,15,1
205,4914,9783642273018,Digital Libraries And Archives 7th Italian Research Conference Revised Selected Papers,51.35,20,1
206,4915,9783642305665,Networked Digital Technologies Part Ii 4th International Conference Ndt 2012 Dubai Uae April 2426 2012 Proceedings Part Ii,43.45,25,1
207,4916,9780760070895,New perspectives on Microsoft Access 2000,45.43,30,1
210,4916,9780760070895,New perspectives on Microsoft Access 2000,49.06,40,0
208,4917,9781581137255,Proceedings of the Fifh International Workshop on Web Information and Data Management,47.4,35,1
209,4918,9780789708168,Special Edition Using the Win32 Api With Visual Basic 4 (Special Edition Using Series),49.38,40,1
210,4919,9780769506951,"Proceedings, IEEE Workshop on Content-Based Access of Image and Video Libraries, Hilton Head Island, South Carolina, June 12, 2000",51.35,45,1
1,4920,9780897912327,Proceedings of the Tenth Annual International Acmsigir Conference on Research and Development in Information Retrieval/606870,43.45,10,1
102,4920,9780897912327,Proceedings of the Tenth Annual International Acmsigir Conference on Research and Development in Information Retrieval/606870,46.93,20,0
2,4921,9788272260957,Anti-spam legislation between privacy and commercial interest,45.43,15,1
101,4922,9781573870849,"National Online Meeting proceedings, 1999",47.4,20,1
102,4923,9783540592822,Digital libraries,49.38,25,1
103,4924,9781573870047,"16th National Online Meeting proceedings, 1995, New York, May 2-4, 1995",51.35,30,1
203,4924,9781573870047,"16th National Online Meeting proceedings, 1995, New York, May 2-4, 1995",55.46,40,0
201,4925,9783642233180,Advances in Information Retrieval Theory,43.45,35,1
202,4926,9783642058233,Information sharing on the semantic Web,45.43,40,1
203,4927,9783642352362,Active Media Technology,47.4,45,1
204,4928,9783642358340,Digital Libraries and Archives,49.38,10,1
207,4928,9783642358340,Digital Libraries and Archives,53.33,20,0
205,4929,9783319150789,"Thinking Ahead - Essays on Big Data, Digital Revolution, and Participatory Market Society",51.35,15,1
206,4930,9780672325021,Lotus Notes and Domino 6 development,43.45,20,1
207,4931,9780387392264,Project e-society,45.43,25,1
208,4932,9780071372824,Oracle 24x7 Tips and Techniques,47.4,30,1
1,4932,9780071372824,Oracle 24x7 Tips and Techniques,51.19,40,0
209,4933,9780470682708,SilverStripe,49.38,35,1
210,4934,9781315392608,Experiment and Evaluation in Information Retrieval Models,51.35,40,1
1,4935,9780367234706,Organisation of Tomorrow,43.45,45,1
2,4936,9780131987555,dBASE IV SQL User's Guide,45.43,10,1
103,4936,9780131987555,dBASE IV SQL User's Guide,49.06,20,0
101,4937,9780387345550,Text mining,47.4,15,1
102,4938,9783540331810,Knowledge discovery from XML documents,49.38,20,1
103,4939,9781449326333,PostgreSQL,51.35,25,1
201,4940,9783642235344,Web-Age Information Management,43.45,30,1
204,4940,9783642235344,Web-Age Information Management,46.93,40,0
202,4941,9783319073415,Information visualization,45.43,35,1
203,4942,9781550091182,PDQ evidence-based principles and practices,47.4,40,1
204,4943,9781118834817,Automated Data Collection with R: A Practical Guide to Web Scraping and Text Mining,49.38,45,1
205,4944,9780071750332,Managing Oracle Fusion applications,51.35,10,1
208,4944,9780071750332,Managing Oracle Fusion applications,55.46,20,0
206,4945,9780596515645,Managing NFS and NIS,43.45,15,1
207,4946,9780720118780,Online information sources for business and current affairs,45.43,20,1
208,4947,9783540361947,Mental Representation and Processing of Geographic Knowledge,47.4,25,1
209,4948,9783642125652,Foundations of Computer Software. Future Trends and Techniques for Development,49.38,30,1
2,4948,9783642125652,Foundations of Computer Software. Future Trends and Techniques for Development,53.33,40,0
210,4949,9783642362569,Handbook Of Data Quality Research And Practice,51.35,35,1
1,4950,9783540463290,Journal on Data Semantics VII,43.45,40,1
2,4951,9783642374012,Web Technologies and Applications,45.43,45,1
101,4952,9780387476568,Integrated research in GRID computing,47.4,10,1
201,4952,9780387476568,Integrated research in GRID computing,51.19,20,0
102,4953,9783540240884,Practical aspects of knowledge management,49.38,15,1
103,4954,9780892583843,Enterprise applications,51.35,20,1
201,4955,9783642142918,Networked Digital Technologies,43.45,25,1
202,4956,9783642123191,Computational processing of the Portuguese language,45.43,30,1
205,4956,9783642123191,Computational processing of the Portuguese language,49.06,40,0
203,4957,9783642143052,Networked Digital Technologies Second International Conference Ndt 2010 Prague Czech Republics July 79 2010 Proceedings Prt 2,47.4,35,1
204,4958,9783642345548,An Introduction To Xml Query Processing And Keyword Search,49.38,40,1
205,4959,9783642173127,Advanced Data Mining and Applications,51.35,45,1
206,4960,9783540001881,Discovery science,43.45,10,1
209,4960,9783540001881,Discovery science,46.93,20,0
207,4961,9783540429562,Discovery science,45.43,15,1
208,4962,9781849685771,IBM Cognos 10 Framework Manager,47.4,20,1
209,4963,9783319105963,Advancing Big Data Benchmarks,49.38,25,1
210,4964,9780782117622,Microsoft Access for Windows 95 instant reference,51.35,30,1
101,4964,9780782117622,Microsoft Access for Windows 95 instant reference,55.46,40,0
1,4965,9780964981201,Optimizing transact-SQL,43.45,35,1
2,4966,9781482249941,The CIO's guide to Oracle products and solutions,45.43,40,1
101,4967,9780130123817,Oracle SQL high-performance tuning,47.4,45,1
102,4968,9781590592861,Beginning Oracle programming,49.38,10,1
202,4968,9781590592861,Beginning Oracle programming,53.33,20,0
103,4969,9783540425656,Technologies for e-services,51.35,15,1
201,4970,9780782124446,GroupWise 5.5,43.45,20,1
202,4971,9783642210648,The Semantic Web: Research and Applications,45.43,25,1
203,4972,9780387302393,"Semantic Web services, processes and applications",47.4,30,1
206,4972,9780387302393,"Semantic Web services, processes and applications",51.19,40,0
204,4973,9783642328848,Business Process Management,49.38,35,1
205,4974,9783540435174,Impacts in Precambrian shields,51.35,40,1
206,4975,9781590472323,SAS/ACCESS 9.1 Interface To SAP BW,43.45,45,1
207,4976,9780904933048,"On-line information retrieval bibliography, 1965-1976",45.43,10,1
210,4976,9780904933048,"On-line information retrieval bibliography, 1965-1976",49.06,20,0
208,4977,9780072229585,Oracle Application Server 10g administration handbook,47.4,15,1
209,4978,9781590595886,Beginning SQL Server 2005 for Developers,49.38,20,1
210,4979,9781598220636,Practical guide to using SQL in Oracle,51.35,25,1
1,4980,9780256019490,Introduction to data management,43.45,30,1
102,4980,9780256019490,Introduction to data management,46.93,40,0
2,4981,9780201750775,Guerrilla Oracle,45.43,35,1
101,4982,9780789732651,Oracle 9i Fundamentals I Exam Cram 2,47.4,40,1
102,4983,9780072255836,Oracle JDeveloper 10g handbook,49.38,45,1
103,4984,9780738490250,Building And Scaling Sap Business Information Warehouse on DB2 Udb Ese,51.35,10,1
203,4984,9780738490250,Building And Scaling Sap Business Information Warehouse on DB2 Udb Ese,55.46,20,0
201,4985,9783631343104,Okonomische Verfahren Im Naturschutz,43.45,15,1
202,4986,9787543970700,Yi shu xin xi zi yuan fa xian yu li yong,45.43,20,1
203,4987,9781855543553,Information quality management,47.4,25,1
204,4988,9780844405926,Intellectual property rights in an electronic age,49.38,30,1
207,4988,9780844405926,Intellectual property rights in an electronic age,53.33,40,0
205,4989,9786150114231,Élek mentén,51.35,35,1
206,4990,9780789709424,Using Lotus Notes 4.5,43.45,40,1
207,4991,9780070380554,Dr. Tom Linden's guide to online medicine,45.43,45,1
208,4992,9781874377009,International access to legislative information,47.4,10,1
1,4992,9781874377009,International access to legislative information,51.19,20,0
209,4993,9780906812068,Using the ICL data dictionary,49.38,15,1
210,4994,9781559370394,IEEE standard glossary of data management terminology,51.35,20,1
1,4995,9781608452484,Web page recommendation models,43.45,25,1
2,4996,9780644038881,Environmental survey of Australia,45.43,30,1
103,4996,9780644038881,Environmental survey of Australia,49.06,40,0
101,4997,9780792345343,Groupware and the World Wide Web,47.4,35,1
102,4998,9781488515941,BPM,49.38,40,1
103,4999,9780071593045,Oracle CRM on demand reporting,51.35,45,1
201,5000,9780071754170,Oracle Fusion middleware 11g architecture and management,43.45,10,1
204,5000,9780071754170,Oracle Fusion middleware 11g architecture and management,46.93,20,0
202,5001,9783642191213,Overview Of The Pmbok Guide Short Cuts For Pmp Certification,45.43,15,1
203,5002,9783540858331,Cooperative Information Agents Xii 12th International Workshop Cia 2008 Prague Czech Republic September 1012 2008 Proceedings,47.4,20,1
204,5003,9783642037399,Data analysis and classification,49.38,25,1
205,5004,9780905984148,Evaluation of a programme for teaching on-line information retrieval techniques,51.35,30,1
208,5004,9780905984148,Evaluation of a programme for teaching on-line information retrieval techniques,55.46,40,0
206,5005,9780132656757,IBM Cognos 10 Report Studio,43.45,35,1
207,5006,9783642305061,Networked Digital Technologies 4th International Conference Ndt 2012 Dubai Uae April 2426 2012 Proceedings Part I,45.43,40,1
208,5007,9783540873549,Modelling Autonomic Communications Environments Third Ieee International Workshop Mace 2008 Samos Island Greece September 2226 2008 Proceedings,47.4,45,1
209,5008,9783540852780,"Balancing Agility and Formalism in Software Engineering: Second IFIP TC 2 Central and East European Conference on Software Engineering Techniques, ... Papers (Lecture Notes in Computer Science)",49.38,10,1
2,5008,9783540852780,"Balancing Agility and Formalism in Software Engineering: Second IFIP TC 2 Central and East European Conference on Software Engineering Techniques, ... Papers (Lecture Notes in Computer Science)",53.33,20,0
210,5009,9788823804852,Regole giuridiche ed evoluzione tecnologica,51.35,15,1
1,5010,9780844406367,Intellectual property issues in the library network context,43.45,20,1
2,5011,9780934485302,Science editing and information management,45.43,25,1
101,5012,9783642160318,Technological Convergence and Social Networks in Information Management Communications in Computer and Information Science,47.4,30,1
201,5012,9783642160318,Technological Convergence and Social Networks in Information Management Communications in Computer and Information Science,51.19,40,0
102,5013,9783642047534,Visioning and engineering the knowledge society,49.38,35,1
103,5014,9781351823418,Distributed Networks,51.35,40,1
201,5015,9781441937070,Mining sequential patterns from large data sets,43.45,45,1
202,5016,9783642221866,Networked Digital Technologies,45.43,10,1
205,5016,9783642221866,Networked Digital Technologies,49.06,20,0
203,5017,9781852338671,Advanced techniques in knowledge discovery and data mining,47.4,15,1
204,5018,9780471547006,Intelligent offices,49.38,20,1
205,5019,9780735624238,MCITP Self-Paced Training Kit (Exam 70-623),51.35,25,1
206,5020,9783642208478,Advances in Knowledge Discovery and Data Mining,43.45,30,1
209,5020,9783642208478,Advances in Knowledge Discovery and Data Mining,46.93,40,0
207,5021,9783540769163,Advanced Data Mining Techniques,45.43,35,1
208,5022,9783319128238,The Emergence of Digital Libraries -- Research and Practices,47.4,40,1
209,5023,9780662641292,Your Internet business : earning consumer trust : a guide to consumer protection for on-line merchants =,49.38,45,1
210,5024,9780780352117,18th International Conference of the North American Fuzzy Information Processing Society--NAFIPS,51.35,10,1
101,5024,9780780352117,18th International Conference of the North American Fuzzy Information Processing Society--NAFIPS,55.46,20,0
1,5025,9783642334276,Service-Oriented and Cloud Computing,43.45,15,1
2,5026,9780662290643,Managing knowledge at the Canadian Forest Service,45.43,20,1
101,5027,9780672319440,Microsoft Access developer's guide to SQL server,47.4,25,1
102,5028,9780387196046,Text and context,49.38,30,1
202,5028,9780387196046,Text and context,53.33,40,0
103,5029,9783540799672,Service-oriented computing,51.35,35,1
201,5030,9783642044168,Advances in Information Retrieval Theory,43.45,40,1
202,5031,9783642030666,Advances in Data Mining. Applications and Theoretical Aspects,45.43,45,1
203,5032,9783642539732,Specifying Big Data Benchmarks First Workshop Wbdb 2012 San Jose Ca Usa May 89 2012 And Second Workshop Wbdb 2012 Pune India December 1718 2012 Revised Selected Papers,47.4,10,1
206,5032,9783642539732,Specifying Big Data Benchmarks First Workshop Wbdb 2012 San Jose Ca Usa May 89 2012 And Second Workshop Wbdb 2012 Pune India December 1718 2012 Revised Selected Papers,51.19,20,0
204,5033,9783642157592,"Text, speech and dialogue",49.38,15,1
205,5034,9780201715156,SAP Processes,51.35,20,1
206,5035,9780122384509,A mathematical introduction to logic,43.45,25,1
207,5036,9780072130720,Building storage networks,45.43,30,1
210,5036,9780072130720,Building storage networks,49.06,40,0
208,5037,9781580763028,Access 2000 advanced,47.4,35,1
209,5038,9780789718105,Advanced ColdFusion 4.0 application development,49.38,40,1
210,5039,9781449362935,Thinking with Data,51.35,45,1
1,5040,9780596000882,Java programming with Oracle JDBC,43.45,10,1
102,5040,9780596000882,Java programming with Oracle JDBC,46.93,20,0
2,5041,9781849680196,Oracle Soa Suite 11g R1 developer's guide,45.43,15,1
101,5042,9783642412417,Semantic Web Eswc 2013 Satellite Events,47.4,20,1
102,5043,9781565926875,Oracle web applications,49.38,25,1
103,5044,9780201357530,Oracle Programming,51.35,30,1
203,5044,9780201357530,Oracle Programming,55.46,40,0
201,5045,9781874728115,STEP,43.45,35,1
202,5046,9783319503073,Swarm Intelligence Based Optimization,45.43,40,1
203,5047,9780912704753,PsycINFO user manual,47.4,45,1
204,5048,9781439848296,Practical guide to clinical data management,49.38,10,1
207,5048,9781439848296,Practical guide to clinical data management,53.33,20,0
205,5049,9783642112935,Replication,51.35,15,1
206,5050,9780769504506,Workload Characterization: Methodology and Case Studies,43.45,20,1
207,5051,9780838932704,Financing Online Search Serv,45.43,25,1
208,5052,9780819489685,Medical imaging 2012,47.4,30,1
1,5052,9780819489685,Medical imaging 2012,51.19,40,0
209,5053,9783642330247,Geographic Information Science,49.38,35,1
210,5054,9781852339494,Accessible access 2003,51.35,40,1
1,5055,9780819485090,Medical imaging 2011,43.45,45,1
2,5056,9780819480293,Medical imaging 2010,45.43,10,1
103,5056,9780819480293,Medical imaging 2010,49.06,20,0
101,5057,9783642124389,Auditory display,47.4,15,1
102,5058,9780387485300,The semantic web,49.38,20,1
103,5059,9783642178313,Advances in Multimedia Modeling Lecture Notes in Computer Science,51.35,25,1
201,5060,9783642426131,Computational methods for counterterrorism,43.45,30,1
204,5060,9783642426131,Computational methods for counterterrorism,46.93,40,0
202,5061,9781461493716,Twitter Data Analytics,45.43,35,1
203,5062,9781591400622,Advanced topics in information resources management,47.4,40,1
204,5063,9780672313127,McSe SQL Server 6.5 Administration in 14 Days (Sams Teach Yourself),49.38,45,1
205,5064,9780872875364,Online reference and information retrieval,51.35,10,1
208,5064,9780872875364,Online reference and information retrieval,55.46,20,0
206,5065,9783642235559,Secure Data Management,43.45,15,1
207,5066,9781591402770,Intelligent Agents for Data Mining and Information Retrieval,45.43,20,1
208,5067,9783896455253,Topics in Chadic linguistics V,47.4,25,1
209,5068,9783642128363,Semantic Processing of Legal Texts,49.38,30,1
2,5068,9783642128363,Semantic Processing of Legal Texts,53.33,40,0
210,5069,9783540897453,Biosurveillance and biosecurity,51.35,35,1
1,5070,9780673381583,R:BASE for the programmer,43.45,40,1
2,5071,9783922961017,"Proceedings of the Symposium on Food Science and Technology Abstracts (FSTA), Berlin, October 21st-October 23rd, 1980",45.43,45,1
101,5072,9780738492902,"Content Manager Ondemand Backup, Recovery, And High Availability",47.4,10,1
201,5072,9780738492902,"Content Manager Ondemand Backup, Recovery, And High Availability",51.19,20,0
102,5073,9780864442550,Electronic sources of information for business in Australia,49.38,15,1
103,5074,9780864443694,Electronic sources of information for business in Australia and New Zealand,51.35,20,1
201,5075,9781562763770,PC Learning Labs teaches Lotus Notes Release 4,43.45,25,1
202,5076,9781575764368,Lotus Notes 4.5 essentials,45.43,30,1
205,5076,9781575764368,Lotus Notes 4.5 essentials,49.06,40,0
203,5077,9780672309069,Lotus Notes 4 unleashed,47.4,35,1
204,5078,9780471008613,Developing Lotus Notes applications,49.38,40,1
205,5079,9781567611762,10 minute guide to Lotus Notes for Windows,51.35,45,1
206,5080,9780672312564,Teach yourself Lotus Notes 4.6 in 24 hours,43.45,10,1
209,5080,9780672312564,Teach yourself Lotus Notes 4.6 in 24 hours,46.93,20,0
207,5081,9780789703682,Using Lotus Notes 4,45.43,15,1
208,5082,9781783551668,Practical Data Analysis Cookbook,47.4,20,1
209,5083,9780672314179,Sams teach yourself Lotus Notes R5 in 24 hours,49.38,25,1
210,5084,9783319687223,Knowledge Graphs and Language Technology : ISWC 2016 International Workshops,51.35,30,1
101,5084,9783319687223,Knowledge Graphs and Language Technology : ISWC 2016 International Workshops,55.46,40,0
1,5085,9781430249146,Oracle Exadata Recipes: A Problem-Solution Approach (Expert's Voice in Oracle),43.45,35,1
2,5086,9780764503191,Lotus Notes R5 for dummies quick reference,45.43,40,1
101,5087,9780782120851,The ABCs of Lotus Notes 4.5,47.4,45,1
102,5088,9783540691624,Neural Information Processing,49.38,10,1
202,5088,9783540691624,Neural Information Processing,53.33,20,0
103,5089,9783642158247,Artificial Neural Networks,51.35,15,1
201,5090,9780963321466,IBM Client/Server Computing,43.45,20,1
202,5091,9781615209057,Clinical data mining for physician decision making and investigating health outcomes,45.43,25,1
203,5092,9783540259985,Transactions on rough sets III,47.4,30,1
206,5092,9783540259985,Transactions on rough sets III,51.19,40,0
204,5093,9780070491069,Microsoft Access 7.0a for Windows 95 (O'Leary Series),49.38,35,1
205,5094,9780712308038,The Instant guide to company information online,51.35,40,1
206,5095,9781853794377,Science on-line,43.45,45,1
207,5096,9783540698272,Data Integration In The Life Sciences 5th International Workshop Dils 2008 Evry France June 2527 2008 Proceedings,45.43,10,1
210,5096,9783540698272,Data Integration In The Life Sciences 5th International Workshop Dils 2008 Evry France June 2527 2008 Proceedings,49.06,20,0
208,5097,9781583040393,OPNQRYF by example,47.4,15,1
209,5098,9780769506609,"IEEE advances in digital libraries 2000, May 22-24, 2000, Washington, D.C",49.38,20,1
210,5099,9780387276304,Semantic Management of Middleware (Semantic Web and Beyond),51.35,25,1
1,5100,9781461423263,Cloud Computing and Services Science,43.45,30,1
102,5100,9781461423263,Cloud Computing and Services Science,46.93,40,0
2,5101,9781493948789,Web Services Foundations,45.43,35,1
101,5102,9783642171864,Information Retrieval Technology,47.4,40,1
102,5103,9783642134852,The semantic web,49.38,45,1
103,5104,9783540410737,Conceptual modeling for E-business and the Web,51.35,10,1
203,5104,9783540410737,Conceptual modeling for E-business and the Web,55.46,20,0
201,5105,9783642231957,Spatial Information Theory,43.45,15,1
202,5106,9783642201608,Advances In Information Retrieval 33rd European Conference On Ir Resarch Ecir 2011 Dublin Ireland April 1821 2011 Proceedings,45.43,20,1
203,5107,9781466507814,Data center storage,47.4,25,1
204,5108,9783642135286,Rough sets and current trends in computing,49.38,30,1
207,5108,9783642135286,Rough sets and current trends in computing,53.33,40,0
205,5109,9783642122743,Advances in information retrieval,51.35,35,1
206,5110,9783642339837,Advances in Natural Language Processing,43.45,40,1
207,5111,9783642130830,Advances in multidisciplinary retrieval,45.43,45,1
208,5112,9783642049460,Advances in conceptual modeling-challenging perspectives,47.4,10,1
1,5112,9783642049460,Advances in conceptual modeling-challenging perspectives,51.19,20,0
209,5113,9781441967930,"Grids, P2P and services computing",49.38,15,1
210,5114,9783540201298,"Artificial intelligence in medicine : 9th Conference on Artificial Intelligence in Medicine in Europe, AIME 2003, Protaras, Cyprus, October 18-22, 2003 proceedings",51.35,20,1
1,5115,9780738485744,Certification guide series,43.45,25,1
2,5116,9780470330630,Mastering SQL server 2000,45.43,30,1
103,5116,9780470330630,Mastering SQL server 2000,49.06,40,0
101,5117,9780123751119,IT manager's handbook,47.4,35,1
102,5118,9783319147178,Advanced Data Mining and Applications,49.38,40,1
103,5119,9783540462378,Information retrieval technology,51.35,45,1
